area_code,area_name,area_type_name,recommendation_eligible,exclusion_reason,coffee_stores,bakery_stores,total_stores_2025q4,coffee_sales_observed,bakery_sales_observed,score_status,score_status_reason,full_score,supply_only_score,legacy_full_score,score_version,spatial_basis,ranking_universe,legacy_supply_only_score_before_rank_guard,cafe_supply_rank_eligible,cafe_complete_rank_eligible,ranking_exclusion_reason,coffee_size_adjusted_full_score,bakery_size_adjusted_full_score,coffee_size_adjusted_supply_score,bakery_size_adjusted_supply_score,C1_subtype_score,C2_subtype_score,C1_model_contribution,C2_model_contribution,cafe_top3_available_subtypes,cafe_best_available_subtype,subtype_status,cafe_evidence_sentence
3001491,이태원 관광특구,관광특구,False,broad_tourism_zone;prefer_named_subarea,92.0,27.0,1680,True,True,complete,both_cafe_industries_sales_observed,85.71318515327351,,80.57497180262594,6c591a7_residual_size_adjusted_draft_2025Q4,official_inside_counts_no_external_walk_component,complete_sales_observed_only,,False,False,broad_tourism_reference,84.4203023856384,88.7299116110888,87.53180661577609,98.09160305343512,84.4203023856384,88.7299116110888,59.09421166994687,26.618973483326638,C2_bakery|C1_coffee,C2_bakery,only_C1_C2_available_C_stay_unverified_no_third_subtype,"공식 2025Q4 커피·음료 92개, 제과 27개. 매출 상태 complete; 순위 제외: broad_tourism_reference. 현재 영업·체류·학습 허용 미검증."
3001492,명동 남대문 북창동 다동 무교동 관광특구,관광특구,False,broad_tourism_zone;prefer_named_subarea,230.0,61.0,8453,True,True,complete,both_cafe_industries_sales_observed,78.7226003845634,,71.57884994771136,6c591a7_residual_size_adjusted_draft_2025Q4,official_inside_counts_no_external_walk_component,complete_sales_observed_only,,False,False,broad_tourism_reference,72.84999848314202,92.42533815454668,68.70229007633588,97.07379134860052,72.84999848314202,92.42533815454668,50.99499893819941,27.727601446364,C2_bakery|C1_coffee,C2_bakery,only_C1_C2_available_C_stay_unverified_no_third_subtype,"공식 2025Q4 커피·음료 230개, 제과 61개. 매출 상태 complete; 순위 제외: broad_tourism_reference. 현재 영업·체류·학습 허용 미검증."
3001493,동대문패션타운 관광특구,관광특구,False,broad_tourism_zone;prefer_named_subarea,77.0,10.0,12590,True,True,complete,both_cafe_industries_sales_observed,23.015181025024763,,41.5378664950961,6c591a7_residual_size_adjusted_draft_2025Q4,official_inside_counts_no_external_walk_component,complete_sales_observed_only,,False,False,broad_tourism_reference,23.534357212470088,21.803769920985676,9.287531806615776,10.941475826972011,23.534357212470088,21.803769920985676,16.47405004872906,6.541130976295703,C1_coffee|C2_bakery,C1_coffee,only_C1_C2_available_C_stay_unverified_no_third_subtype,"공식 2025Q4 커피·음료 77개, 제과 10개. 매출 상태 complete; 순위 제외: broad_tourism_reference. 현재 영업·체류·학습 허용 미검증."
3001494,종로·청계 관광특구,관광특구,False,broad_tourism_zone;prefer_named_subarea,112.0,14.0,4244,True,True,complete,both_cafe_industries_sales_observed,54.04726928590117,,52.64917992620376,6c591a7_residual_size_adjusted_draft_2025Q4,official_inside_counts_no_external_walk_component,complete_sales_observed_only,,False,False,broad_tourism_reference,61.74759843460255,36.079834605597966,56.234096692111954,45.29262086513995,61.74759843460255,36.079834605597966,43.223318904221784,10.82395038167939,C1_coffee|C2_bakery,C1_coffee,only_C1_C2_available_C_stay_unverified_no_third_subtype,"공식 2025Q4 커피·음료 112개, 제과 14개. 매출 상태 complete; 순위 제외: broad_tourism_reference. 현재 영업·체류·학습 허용 미검증."
3001495,잠실 관광특구,관광특구,False,broad_tourism_zone;prefer_named_subarea,112.0,32.0,3030,True,True,complete,both_cafe_industries_sales_observed,52.58634220076533,,41.035910684982,6c591a7_residual_size_adjusted_draft_2025Q4,official_inside_counts_no_external_walk_component,complete_sales_observed_only,,False,False,broad_tourism_reference,39.45892253785508,83.21698808088925,25.95419847328244,82.69720101781171,39.45892253785508,83.21698808088925,27.621245776498554,24.965096424266775,C2_bakery|C1_coffee,C2_bakery,only_C1_C2_available_C_stay_unverified_no_third_subtype,"공식 2025Q4 커피·음료 112개, 제과 32개. 매출 상태 complete; 순위 제외: broad_tourism_reference. 현재 영업·체류·학습 허용 미검증."
3001496,강남 마이스 관광특구,관광특구,False,broad_tourism_zone;prefer_named_subarea,24.0,20.0,1017,True,True,complete,both_cafe_industries_sales_observed,64.01230716793233,,66.82662555997257,6c591a7_residual_size_adjusted_draft_2025Q4,official_inside_counts_no_external_walk_component,complete_sales_observed_only,,False,False,broad_tourism_reference,50.766950319109,94.9181398151868,36.00508905852418,98.47328244274809,50.766950319109,94.9181398151868,35.536865223376296,28.475441944556042,C2_bakery|C1_coffee,C2_bakery,only_C1_C2_available_C_stay_unverified_no_third_subtype,"공식 2025Q4 커피·음료 24개, 제과 20개. 매출 상태 complete; 순위 제외: broad_tourism_reference. 현재 영업·체류·학습 허용 미검증."
3110002,독립문역 1번,골목상권,True,,2.0,1.0,62,True,True,complete,both_cafe_industries_sales_observed,51.45379925522273,,42.59127311217488,6c591a7_residual_size_adjusted_draft_2025Q4,official_inside_counts_no_external_walk_component,complete_sales_observed_only,,False,True,,45.73825193494196,64.79007633587787,49.23664122137404,67.55725190839695,45.73825193494196,64.79007633587787,32.01677635445937,19.43702290076336,C2_bakery|C1_coffee,C2_bakery,only_C1_C2_available_C_stay_unverified_no_third_subtype,"공식 2025Q4 커피·음료 2개, 제과 1개. 매출 상태 complete; 공급·소비 완전관측군의 잔차 보정 초안. 현재 영업·체류·학습 허용 미검증."
3110004,대신고등학교,골목상권,True,,3.0,0.0,36,True,False,insufficient,partial_or_unusable_sales,,,,6c591a7_residual_size_adjusted_draft_2025Q4,official_inside_counts_no_external_walk_component,not_ranked,,False,False,insufficient_sales_evidence,74.35314899716727,,90.71246819338424,44.847328244274806,,,,,not_available,not_available,only_C1_C2_available_C_stay_unverified_no_third_subtype,"공식 2025Q4 커피·음료 3개, 제과 0개. 매출 상태 insufficient; 순위 제외: insufficient_sales_evidence. 현재 영업·체류·학습 허용 미검증."
3110007,사직공원(한국사회과학도서관),골목상권,True,,6.0,3.0,50,False,False,supply_only,no_cafe_sales_rows,,84.97455470737913,,6c591a7_residual_size_adjusted_draft_2025Q4,official_inside_counts_no_external_walk_component,supply_only_exploration_only,84.97455470737913,True,False,,,,81.42493638676844,93.25699745547074,81.42493638676844,93.25699745547074,56.997455470737904,27.97709923664122,C2_bakery|C1_coffee,C2_bakery,only_C1_C2_available_C_stay_unverified_no_third_subtype,"공식 2025Q4 커피·음료 6개, 제과 3개. 매출 상태 supply_only; 공급 전용 탐색군. 현재 영업·체류·학습 허용 미검증."
3110008,배화여자대학교(박노수미술관),골목상권,True,,46.0,9.0,315,True,True,complete,both_cafe_industries_sales_observed,91.6284426424105,,88.6087874895572,6c591a7_residual_size_adjusted_draft_2025Q4,official_inside_counts_no_external_walk_component,complete_sales_observed_only,,False,True,,96.29025210179633,80.75088723717693,98.34605597964376,95.29262086513997,96.29025210179633,80.75088723717693,67.40317647125742,24.225266171153077,C1_coffee|C2_bakery,C1_coffee,only_C1_C2_available_C_stay_unverified_no_third_subtype,"공식 2025Q4 커피·음료 46개, 제과 9개. 매출 상태 complete; 공급·소비 완전관측군의 잔차 보정 초안. 현재 영업·체류·학습 허용 미검증."
3110012,성곡미술관,골목상권,True,,12.0,3.0,128,True,False,insufficient,partial_or_unusable_sales,,,,6c591a7_residual_size_adjusted_draft_2025Q4,official_inside_counts_no_external_walk_component,not_ranked,,False,False,insufficient_sales_evidence,79.41247236474365,,78.7531806615776,73.02798982188295,,,,,not_available,not_available,only_C1_C2_available_C_stay_unverified_no_third_subtype,"공식 2025Q4 커피·음료 12개, 제과 3개. 매출 상태 insufficient; 순위 제외: insufficient_sales_evidence. 현재 영업·체류·학습 허용 미검증."
3110013,체부동홍종문가옥,골목상권,True,,3.0,1.0,37,True,False,insufficient,partial_or_unusable_sales,,,,6c591a7_residual_size_adjusted_draft_2025Q4,official_inside_counts_no_external_walk_component,not_ranked,,False,False,insufficient_sales_evidence,78.69629384193581,,90.33078880407125,85.49618320610686,,,,,not_available,not_available,only_C1_C2_available_C_stay_unverified_no_third_subtype,"공식 2025Q4 커피·음료 3개, 제과 1개. 매출 상태 insufficient; 순위 제외: insufficient_sales_evidence. 현재 영업·체류·학습 허용 미검증."
3110015,청와대사랑채,골목상권,True,,3.0,0.0,22,True,False,insufficient,partial_or_unusable_sales,,,,6c591a7_residual_size_adjusted_draft_2025Q4,official_inside_counts_no_external_walk_component,not_ranked,,False,False,insufficient_sales_evidence,76.6416225829816,,75.82697201017811,36.895674300254456,,,,,not_available,not_available,only_C1_C2_available_C_stay_unverified_no_third_subtype,"공식 2025Q4 커피·음료 3개, 제과 0개. 매출 상태 insufficient; 순위 제외: insufficient_sales_evidence. 현재 영업·체류·학습 허용 미검증."
3110017,정독도서관,골목상권,True,,5.0,0.0,57,True,False,insufficient,partial_or_unusable_sales,,,,6c591a7_residual_size_adjusted_draft_2025Q4,official_inside_counts_no_external_walk_component,not_ranked,,False,False,insufficient_sales_evidence,67.3010671095892,,67.93893129770993,16.28498727735369,,,,,not_available,not_available,only_C1_C2_available_C_stay_unverified_no_third_subtype,"공식 2025Q4 커피·음료 5개, 제과 0개. 매출 상태 insufficient; 순위 제외: insufficient_sales_evidence. 현재 영업·체류·학습 허용 미검증."
3110018,중앙고등학교,골목상권,True,,18.0,0.0,183,True,False,insufficient,partial_or_unusable_sales,,,,6c591a7_residual_size_adjusted_draft_2025Q4,official_inside_counts_no_external_walk_component,not_ranked,,False,False,insufficient_sales_evidence,80.46762380405227,,82.1882951653944,2.7989821882951653,,,,,not_available,not_available,only_C1_C2_available_C_stay_unverified_no_third_subtype,"공식 2025Q4 커피·음료 18개, 제과 0개. 매출 상태 insufficient; 순위 제외: insufficient_sales_evidence. 현재 영업·체류·학습 허용 미검증."
3110019,창덕궁,골목상권,True,,20.0,3.0,213,True,False,insufficient,partial_or_unusable_sales,,,,6c591a7_residual_size_adjusted_draft_2025Q4,official_inside_counts_no_external_walk_component,not_ranked,,False,False,insufficient_sales_evidence,95.11913914517469,,98.6005089058524,77.2264631043257,,,,,not_available,not_available,only_C1_C2_available_C_stay_unverified_no_third_subtype,"공식 2025Q4 커피·음료 20개, 제과 3개. 매출 상태 insufficient; 순위 제외: insufficient_sales_evidence. 현재 영업·체류·학습 허용 미검증."
3110020,서울국제고등학교,골목상권,True,,6.0,1.0,128,True,False,insufficient,partial_or_unusable_sales,,,,6c591a7_residual_size_adjusted_draft_2025Q4,official_inside_counts_no_external_walk_component,not_ranked,,False,False,insufficient_sales_evidence,39.09660678869788,,37.02290076335878,27.60814249363868,,,,,not_available,not_available,only_C1_C2_available_C_stay_unverified_no_third_subtype,"공식 2025Q4 커피·음료 6개, 제과 1개. 매출 상태 insufficient; 순위 제외: insufficient_sales_evidence. 현재 영업·체류·학습 허용 미검증."
3110021,성균관대학교,골목상권,True,,13.0,2.0,149,True,False,insufficient,partial_or_unusable_sales,,,,6c591a7_residual_size_adjusted_draft_2025Q4,official_inside_counts_no_external_walk_component,not_ranked,,False,False,insufficient_sales_evidence,84.72859751311134,,88.80407124681933,59.54198473282442,,,,,not_available,not_available,only_C1_C2_available_C_stay_unverified_no_third_subtype,"공식 2025Q4 커피·음료 13개, 제과 2개. 매출 상태 insufficient; 순위 제외: insufficient_sales_evidence. 현재 영업·체류·학습 허용 미검증."
3110022,경신고등학교,골목상권,True,,5.0,2.0,101,True,False,insufficient,partial_or_unusable_sales,,,,6c591a7_residual_size_adjusted_draft_2025Q4,official_inside_counts_no_external_walk_component,not_ranked,,False,False,insufficient_sales_evidence,56.44439160722478,,59.796437659033074,70.86513994910942,,,,,not_available,not_available,only_C1_C2_available_C_stay_unverified_no_third_subtype,"공식 2025Q4 커피·음료 5개, 제과 2개. 매출 상태 insufficient; 순위 제외: insufficient_sales_evidence. 현재 영업·체류·학습 허용 미검증."
3110023,서울대병원,골목상권,True,,3.0,0.0,34,True,False,insufficient,partial_or_unusable_sales,,,,6c591a7_residual_size_adjusted_draft_2025Q4,official_inside_counts_no_external_walk_component,not_ranked,,False,False,insufficient_sales_evidence,85.61838678361642,,91.6030534351145,46.56488549618321,,,,,not_available,not_available,only_C1_C2_available_C_stay_unverified_no_third_subtype,"공식 2025Q4 커피·음료 3개, 제과 0개. 매출 상태 insufficient; 순위 제외: insufficient_sales_evidence. 현재 영업·체류·학습 허용 미검증."
3110024,혜회동주민센터,골목상권,True,,13.0,0.0,92,True,False,insufficient,partial_or_unusable_sales,,,,6c591a7_residual_size_adjusted_draft_2025Q4,official_inside_counts_no_external_walk_component,not_ranked,,False,False,insufficient_sales_evidence,85.4701584737375,,97.32824427480917,13.740458015267176,,,,,not_available,not_available,only_C1_C2_available_C_stay_unverified_no_third_subtype,"공식 2025Q4 커피·음료 13개, 제과 0개. 매출 상태 insufficient; 순위 제외: insufficient_sales_evidence. 현재 영업·체류·학습 허용 미검증."
3110025,충신시장옆,골목상권,True,,4.0,0.0,70,False,False,supply_only,no_cafe_sales_rows,,56.93384223918575,,6c591a7_residual_size_adjusted_draft_2025Q4,official_inside_counts_no_external_walk_component,supply_only_exploration_only,56.93384223918575,True,False,,,,72.39185750636132,20.865139949109416,72.39185750636132,,50.67430025445292,6.259541984732825,C1_coffee,C1_coffee,only_C1_C2_available_C_stay_unverified_no_third_subtype,"공식 2025Q4 커피·음료 4개, 제과 0개. 매출 상태 supply_only; 공급 전용 탐색군. 현재 영업·체류·학습 허용 미검증."
3110026,종로5가역 4번,골목상권,True,,1.0,0.0,31,False,False,supply_only,no_cafe_sales_rows,,56.57760814249363,,6c591a7_residual_size_adjusted_draft_2025Q4,official_inside_counts_no_external_walk_component,supply_only_exploration_only,56.57760814249363,True,False,,,,60.05089058524173,48.473282442748086,60.05089058524173,,42.035623409669206,14.541984732824424,C1_coffee,C1_coffee,only_C1_C2_available_C_stay_unverified_no_third_subtype,"공식 2025Q4 커피·음료 1개, 제과 0개. 매출 상태 supply_only; 공급 전용 탐색군. 현재 영업·체류·학습 허용 미검증."
3110027,혜화역 1번,골목상권,True,,9.0,2.0,77,True,False,insufficient,partial_or_unusable_sales,,,,6c591a7_residual_size_adjusted_draft_2025Q4,official_inside_counts_no_external_walk_component,not_ranked,,False,False,insufficient_sales_evidence,76.4739102323447,,79.13486005089058,67.43002544529261,,,,,not_available,not_available,only_C1_C2_available_C_stay_unverified_no_third_subtype,"공식 2025Q4 커피·음료 9개, 제과 2개. 매출 상태 insufficient; 순위 제외: insufficient_sales_evidence. 현재 영업·체류·학습 허용 미검증."
3110028,이화달팽이길,골목상권,True,,16.0,5.0,171,True,True,complete,both_cafe_industries_sales_observed,69.25423482248868,,60.772387515153234,6c591a7_residual_size_adjusted_draft_2025Q4,official_inside_counts_no_external_walk_component,complete_sales_observed_only,,False,True,,69.65267346219042,68.32454466318467,78.88040712468194,85.6234096692112,69.65267346219042,68.32454466318467,48.75687142353329,20.4973633989554,C1_coffee|C2_bakery,C1_coffee,only_C1_C2_available_C_stay_unverified_no_third_subtype,"공식 2025Q4 커피·음료 16개, 제과 5개. 매출 상태 complete; 공급·소비 완전관측군의 잔차 보정 초안. 현재 영업·체류·학습 허용 미검증."
3110029,동대문역 1번,골목상권,True,,8.0,2.0,134,True,False,insufficient,partial_or_unusable_sales,,,,6c591a7_residual_size_adjusted_draft_2025Q4,official_inside_counts_no_external_walk_component,not_ranked,,False,False,insufficient_sales_evidence,39.84936917668741,,46.56488549618321,51.01781170483461,,,,,not_available,not_available,only_C1_C2_available_C_stay_unverified_no_third_subtype,"공식 2025Q4 커피·음료 8개, 제과 2개. 매출 상태 insufficient; 순위 제외: insufficient_sales_evidence. 현재 영업·체류·학습 허용 미검증."
3110030,동대문역 3번,골목상권,True,,0.0,0.0,39,False,False,supply_only,no_cafe_sales_rows,,,,6c591a7_residual_size_adjusted_draft_2025Q4,official_inside_counts_no_external_walk_component,supply_only_exploration_only,21.838422391857502,False,False,no_cafe_supply_in_source_snapshot,,,12.849872773536896,42.8117048346056,,,8.994910941475826,12.84351145038168,not_available,not_available,only_C1_C2_available_C_stay_unverified_no_third_subtype,"공식 2025Q4 커피·음료 0개, 제과 0개. 매출 상태 supply_only; 순위 제외: no_cafe_supply_in_source_snapshot. 현재 영업·체류·학습 허용 미검증."
3110031,창신역 1번,골목상권,True,,2.0,0.0,46,False,False,supply_only,no_cafe_sales_rows,,50.15267175572519,,6c591a7_residual_size_adjusted_draft_2025Q4,official_inside_counts_no_external_walk_component,supply_only_exploration_only,50.15267175572519,True,False,,,,58.396946564885496,30.916030534351147,58.396946564885496,,40.87786259541984,9.274809160305344,C1_coffee,C1_coffee,only_C1_C2_available_C_stay_unverified_no_third_subtype,"공식 2025Q4 커피·음료 2개, 제과 0개. 매출 상태 supply_only; 공급 전용 탐색군. 현재 영업·체류·학습 허용 미검증."
3110032,수족관거리,골목상권,True,,2.0,0.0,20,False,False,supply_only,no_cafe_sales_rows,,81.14503816793892,,6c591a7_residual_size_adjusted_draft_2025Q4,official_inside_counts_no_external_walk_component,supply_only_exploration_only,81.14503816793892,True,False,,,,90.45801526717555,59.4147582697201,90.45801526717555,,63.320610687022885,17.82442748091603,C1_coffee,C1_coffee,only_C1_C2_available_C_stay_unverified_no_third_subtype,"공식 2025Q4 커피·음료 2개, 제과 0개. 매출 상태 supply_only; 공급 전용 탐색군. 현재 영업·체류·학습 허용 미검증."
3110033,창신역 4번,골목상권,True,,1.0,0.0,83,False,False,supply_only,no_cafe_sales_rows,,7.430025445292621,,6c591a7_residual_size_adjusted_draft_2025Q4,official_inside_counts_no_external_walk_component,supply_only_exploration_only,7.430025445292621,True,False,,,,5.597964376590331,11.704834605597965,5.597964376590331,,3.9185750636132313,3.5114503816793894,C1_coffee,C1_coffee,only_C1_C2_available_C_stay_unverified_no_third_subtype,"공식 2025Q4 커피·음료 1개, 제과 0개. 매출 상태 supply_only; 공급 전용 탐색군. 현재 영업·체류·학습 허용 미검증."
3110034,창신1동주민센터,골목상권,True,,1.0,0.0,76,False,False,supply_only,no_cafe_sales_rows,,20.76335877862596,,6c591a7_residual_size_adjusted_draft_2025Q4,official_inside_counts_no_external_walk_component,supply_only_exploration_only,20.76335877862596,True,False,,,,20.229007633587788,22.010178117048344,20.229007633587788,,14.16030534351145,6.603053435114503,C1_coffee,C1_coffee,only_C1_C2_available_C_stay_unverified_no_third_subtype,"공식 2025Q4 커피·음료 1개, 제과 0개. 매출 상태 supply_only; 공급 전용 탐색군. 현재 영업·체류·학습 허용 미검증."
3110035,동묘앞역 2번,골목상권,True,,5.0,0.0,118,True,False,insufficient,partial_or_unusable_sales,,,,6c591a7_residual_size_adjusted_draft_2025Q4,official_inside_counts_no_external_walk_component,not_ranked,,False,False,insufficient_sales_evidence,39.010949060116864,,39.69465648854962,7.760814249363868,,,,,not_available,not_available,only_C1_C2_available_C_stay_unverified_no_third_subtype,"공식 2025Q4 커피·음료 5개, 제과 0개. 매출 상태 insufficient; 순위 제외: insufficient_sales_evidence. 현재 영업·체류·학습 허용 미검증."
3110036,동묘앞역 3번,골목상권,True,,2.0,0.0,47,False,False,supply_only,no_cafe_sales_rows,,62.27735368956742,,6c591a7_residual_size_adjusted_draft_2025Q4,official_inside_counts_no_external_walk_component,supply_only_exploration_only,62.27735368956742,True,False,,,,72.7735368956743,37.786259541984734,72.7735368956743,,50.941475826972,11.335877862595419,C1_coffee,C1_coffee,only_C1_C2_available_C_stay_unverified_no_third_subtype,"공식 2025Q4 커피·음료 2개, 제과 0개. 매출 상태 supply_only; 공급 전용 탐색군. 현재 영업·체류·학습 허용 미검증."
3110037,신설동역 12번,골목상권,True,,4.0,0.0,98,True,False,insufficient,partial_or_unusable_sales,,,,6c591a7_residual_size_adjusted_draft_2025Q4,official_inside_counts_no_external_walk_component,not_ranked,,False,False,insufficient_sales_evidence,44.00858124480951,,50.63613231552163,12.46819338422392,,,,,not_available,not_available,only_C1_C2_available_C_stay_unverified_no_third_subtype,"공식 2025Q4 커피·음료 4개, 제과 0개. 매출 상태 insufficient; 순위 제외: insufficient_sales_evidence. 현재 영업·체류·학습 허용 미검증."
3110038,경향신문사,골목상권,True,,5.0,1.0,60,True,False,insufficient,partial_or_unusable_sales,,,,6c591a7_residual_size_adjusted_draft_2025Q4,official_inside_counts_no_external_walk_component,not_ranked,,False,False,insufficient_sales_evidence,86.53337959750174,,87.91348600508906,66.03053435114504,,,,,not_available,not_available,only_C1_C2_available_C_stay_unverified_no_third_subtype,"공식 2025Q4 커피·음료 5개, 제과 1개. 매출 상태 insufficient; 순위 제외: insufficient_sales_evidence. 현재 영업·체류·학습 허용 미검증."
3110039,회현역 1번,골목상권,True,,1.0,1.0,20,False,False,supply_only,no_cafe_sales_rows,,79.02035623409668,,6c591a7_residual_size_adjusted_draft_2025Q4,official_inside_counts_no_external_walk_component,supply_only_exploration_only,79.02035623409668,True,False,,,,73.02798982188295,93.00254452926208,73.02798982188295,93.00254452926208,51.11959287531806,27.900763358778622,C2_bakery|C1_coffee,C2_bakery,only_C1_C2_available_C_stay_unverified_no_third_subtype,"공식 2025Q4 커피·음료 1개, 제과 1개. 매출 상태 supply_only; 공급 전용 탐색군. 현재 영업·체류·학습 허용 미검증."
3110040,중구회현체육센터(정화예술대남산캠퍼스),골목상권,True,,5.0,0.0,67,True,False,insufficient,partial_or_unusable_sales,,,,6c591a7_residual_size_adjusted_draft_2025Q4,official_inside_counts_no_external_walk_component,not_ranked,,False,False,insufficient_sales_evidence,68.18660064542307,,65.2671755725191,15.012722646310433,,,,,not_available,not_available,only_C1_C2_available_C_stay_unverified_no_third_subtype,"공식 2025Q4 커피·음료 5개, 제과 0개. 매출 상태 insufficient; 순위 제외: insufficient_sales_evidence. 현재 영업·체류·학습 허용 미검증."
3110041,남산케이블카,골목상권,True,,15.0,1.0,179,True,False,insufficient,partial_or_unusable_sales,,,,6c591a7_residual_size_adjusted_draft_2025Q4,official_inside_counts_no_external_walk_component,not_ranked,,False,False,insufficient_sales_evidence,75.30307012055229,,79.89821882951654,21.882951653944023,,,,,not_available,not_available,only_C1_C2_available_C_stay_unverified_no_third_subtype,"공식 2025Q4 커피·음료 15개, 제과 1개. 매출 상태 insufficient; 순위 제외: insufficient_sales_evidence. 현재 영업·체류·학습 허용 미검증."
3110042,남산골공원옆,골목상권,True,,4.0,2.0,61,False,False,supply_only,no_cafe_sales_rows,,64.80916030534351,,6c591a7_residual_size_adjusted_draft_2025Q4,official_inside_counts_no_external_walk_component,supply_only_exploration_only,64.80916030534351,True,False,,,,57.63358778625955,81.55216284987277,57.63358778625955,81.55216284987277,40.34351145038168,24.46564885496183,C2_bakery|C1_coffee,C2_bakery,only_C1_C2_available_C_stay_unverified_no_third_subtype,"공식 2025Q4 커피·음료 4개, 제과 2개. 매출 상태 supply_only; 공급 전용 탐색군. 현재 영업·체류·학습 허용 미검증."
3110043,충무초등학교,골목상권,True,,9.0,3.0,195,True,True,complete,both_cafe_industries_sales_observed,52.96466209942724,,49.39071503935787,6c591a7_residual_size_adjusted_draft_2025Q4,official_inside_counts_no_external_walk_component,complete_sales_observed_only,,False,True,,56.19575071197521,45.42545533681532,52.54452926208651,64.3765903307888,56.19575071197521,45.42545533681532,39.337025498382644,13.627636601044594,C1_coffee|C2_bakery,C1_coffee,only_C1_C2_available_C_stay_unverified_no_third_subtype,"공식 2025Q4 커피·음료 9개, 제과 3개. 매출 상태 complete; 공급·소비 완전관측군의 잔차 보정 초안. 현재 영업·체류·학습 허용 미검증."
3110044,관성묘,골목상권,True,,0.0,0.0,33,False,False,supply_only,no_cafe_sales_rows,,,,6c591a7_residual_size_adjusted_draft_2025Q4,official_inside_counts_no_external_walk_component,supply_only_exploration_only,18.62595419847328,False,False,no_cafe_supply_in_source_snapshot,,,9.541984732824428,39.82188295165394,,,6.679389312977099,11.946564885496182,not_available,not_available,only_C1_C2_available_C_stay_unverified_no_third_subtype,"공식 2025Q4 커피·음료 0개, 제과 0개. 매출 상태 supply_only; 순위 제외: no_cafe_supply_in_source_snapshot. 현재 영업·체류·학습 허용 미검증."
3110045,동대문역사문화공원역 5번,골목상권,True,,6.0,2.0,117,True,False,insufficient,partial_or_unusable_sales,,,,6c591a7_residual_size_adjusted_draft_2025Q4,official_inside_counts_no_external_walk_component,not_ranked,,False,False,insufficient_sales_evidence,52.59706336294999,,74.30025445292621,72.39185750636132,,,,,not_available,not_available,only_C1_C2_available_C_stay_unverified_no_third_subtype,"공식 2025Q4 커피·음료 6개, 제과 2개. 매출 상태 insufficient; 순위 제외: insufficient_sales_evidence. 현재 영업·체류·학습 허용 미검증."
3110046,버티고개,골목상권,True,,1.0,0.0,27,False,False,supply_only,no_cafe_sales_rows,,32.03562340966921,,6c591a7_residual_size_adjusted_draft_2025Q4,official_inside_counts_no_external_walk_component,supply_only_exploration_only,32.03562340966921,True,False,,,,30.66157760814249,35.24173027989822,30.66157760814249,,21.463104325699742,10.572519083969466,C1_coffee,C1_coffee,only_C1_C2_available_C_stay_unverified_no_third_subtype,"공식 2025Q4 커피·음료 1개, 제과 0개. 매출 상태 supply_only; 공급 전용 탐색군. 현재 영업·체류·학습 허용 미검증."
3110047,다산성곽길,골목상권,True,,9.0,0.0,51,False,False,supply_only,no_cafe_sales_rows,,70.19083969465649,,6c591a7_residual_size_adjusted_draft_2025Q4,official_inside_counts_no_external_walk_component,supply_only_exploration_only,70.19083969465649,True,False,,,,92.74809160305344,17.557251908396946,92.74809160305344,,64.92366412213741,5.267175572519084,C1_coffee,C1_coffee,only_C1_C2_available_C_stay_unverified_no_third_subtype,"공식 2025Q4 커피·음료 9개, 제과 0개. 매출 상태 supply_only; 공급 전용 탐색군. 현재 영업·체류·학습 허용 미검증."
3110048,장충동주민센터,골목상권,True,,4.0,1.0,123,True,False,insufficient,partial_or_unusable_sales,,,,6c591a7_residual_size_adjusted_draft_2025Q4,official_inside_counts_no_external_walk_component,not_ranked,,False,False,insufficient_sales_evidence,21.038747189072552,,17.938931297709924,29.00763358778626,,,,,not_available,not_available,only_C1_C2_available_C_stay_unverified_no_third_subtype,"공식 2025Q4 커피·음료 4개, 제과 1개. 매출 상태 insufficient; 순위 제외: insufficient_sales_evidence. 현재 영업·체류·학습 허용 미검증."
3110049,장충단 고개,골목상권,True,,11.0,3.0,152,True,False,insufficient,partial_or_unusable_sales,,,,6c591a7_residual_size_adjusted_draft_2025Q4,official_inside_counts_no_external_walk_component,not_ranked,,False,False,insufficient_sales_evidence,68.67144742380634,,84.22391857506362,77.09923664122137,,,,,not_available,not_available,only_C1_C2_available_C_stay_unverified_no_third_subtype,"공식 2025Q4 커피·음료 11개, 제과 3개. 매출 상태 insufficient; 순위 제외: insufficient_sales_evidence. 현재 영업·체류·학습 허용 미검증."
3110050,약수역 7번,골목상권,True,,2.0,1.0,44,False,False,supply_only,no_cafe_sales_rows,,63.12977099236642,,6c591a7_residual_size_adjusted_draft_2025Q4,official_inside_counts_no_external_walk_component,supply_only_exploration_only,63.12977099236642,True,False,,,,58.01526717557252,75.06361323155217,58.01526717557252,75.06361323155217,40.61068702290076,22.51908396946565,C2_bakery|C1_coffee,C2_bakery,only_C1_C2_available_C_stay_unverified_no_third_subtype,"공식 2025Q4 커피·음료 2개, 제과 1개. 매출 상태 supply_only; 공급 전용 탐색군. 현재 영업·체류·학습 허용 미검증."
3110051,한양공고앞 교차로,골목상권,True,,3.0,1.0,70,False,False,supply_only,no_cafe_sales_rows,,55.73791348600509,,6c591a7_residual_size_adjusted_draft_2025Q4,official_inside_counts_no_external_walk_component,supply_only_exploration_only,55.73791348600509,True,False,,,,53.56234096692112,60.81424936386769,53.56234096692112,60.81424936386769,37.49363867684478,18.244274809160306,C2_bakery|C1_coffee,C2_bakery,only_C1_C2_available_C_stay_unverified_no_third_subtype,"공식 2025Q4 커피·음료 3개, 제과 1개. 매출 상태 supply_only; 공급 전용 탐색군. 현재 영업·체류·학습 허용 미검증."
3110052,장충초등학교,골목상권,True,,3.0,1.0,165,False,False,supply_only,no_cafe_sales_rows,,20.979643765903305,,6c591a7_residual_size_adjusted_draft_2025Q4,official_inside_counts_no_external_walk_component,supply_only_exploration_only,20.979643765903305,True,False,,,,16.28498727735369,31.93384223918575,16.28498727735369,31.93384223918575,11.399491094147582,9.580152671755725,C2_bakery|C1_coffee,C2_bakery,only_C1_C2_available_C_stay_unverified_no_third_subtype,"공식 2025Q4 커피·음료 3개, 제과 1개. 매출 상태 supply_only; 공급 전용 탐색군. 현재 영업·체류·학습 허용 미검증."
3110053,청구역 1번,골목상권,True,,6.0,3.0,170,False,True,insufficient,partial_or_unusable_sales,,,,6c591a7_residual_size_adjusted_draft_2025Q4,official_inside_counts_no_external_walk_component,not_ranked,,False,False,insufficient_sales_evidence,,61.668340699075934,41.475826972010175,70.99236641221374,,,,,not_available,not_available,only_C1_C2_available_C_stay_unverified_no_third_subtype,"공식 2025Q4 커피·음료 6개, 제과 3개. 매출 상태 insufficient; 순위 제외: insufficient_sales_evidence. 현재 영업·체류·학습 허용 미검증."
3110054,청구역 3번,골목상권,True,,7.0,0.0,209,True,False,insufficient,partial_or_unusable_sales,,,,6c591a7_residual_size_adjusted_draft_2025Q4,official_inside_counts_no_external_walk_component,not_ranked,,False,False,insufficient_sales_evidence,53.69566595753556,,49.61832061068702,5.343511450381679,,,,,not_available,not_available,only_C1_C2_available_C_stay_unverified_no_third_subtype,"공식 2025Q4 커피·음료 7개, 제과 0개. 매출 상태 insufficient; 순위 제외: insufficient_sales_evidence. 현재 영업·체류·학습 허용 미검증."
3110055,황학동벼룩시장,골목상권,True,,1.0,0.0,93,False,False,supply_only,no_cafe_sales_rows,,17.92620865139949,,6c591a7_residual_size_adjusted_draft_2025Q4,official_inside_counts_no_external_walk_component,supply_only_exploration_only,17.92620865139949,True,False,,,,17.43002544529262,19.083969465648856,17.43002544529262,,12.201017811704833,5.7251908396946565,C1_coffee,C1_coffee,only_C1_C2_available_C_stay_unverified_no_third_subtype,"공식 2025Q4 커피·음료 1개, 제과 0개. 매출 상태 supply_only; 공급 전용 탐색군. 현재 영업·체류·학습 허용 미검증."
3110056,신당역 3번,골목상권,True,,12.0,1.0,268,True,False,insufficient,partial_or_unusable_sales,,,,6c591a7_residual_size_adjusted_draft_2025Q4,official_inside_counts_no_external_walk_component,not_ranked,,False,False,insufficient_sales_evidence,50.43458436195265,,54.4529262086514,15.776081424936386,,,,,not_available,not_available,only_C1_C2_available_C_stay_unverified_no_third_subtype,"공식 2025Q4 커피·음료 12개, 제과 1개. 매출 상태 insufficient; 순위 제외: insufficient_sales_evidence. 현재 영업·체류·학습 허용 미검증."
3110057,황학코아루아파트,골목상권,True,,3.0,0.0,101,True,False,insufficient,partial_or_unusable_sales,,,,6c591a7_residual_size_adjusted_draft_2025Q4,official_inside_counts_no_external_walk_component,not_ranked,,False,False,insufficient_sales_evidence,56.39942511082543,,54.834605597964384,17.048346055979643,,,,,not_available,not_available,only_C1_C2_available_C_stay_unverified_no_third_subtype,"공식 2025Q4 커피·음료 3개, 제과 0개. 매출 상태 insufficient; 순위 제외: insufficient_sales_evidence. 현재 영업·체류·학습 허용 미검증."
3110058,성심여자고등학교,골목상권,True,,6.0,3.0,247,True,False,insufficient,partial_or_unusable_sales,,,,6c591a7_residual_size_adjusted_draft_2025Q4,official_inside_counts_no_external_walk_component,not_ranked,,False,False,insufficient_sales_evidence,28.457289450631954,,17.557251908396946,56.10687022900763,,,,,not_available,not_available,only_C1_C2_available_C_stay_unverified_no_third_subtype,"공식 2025Q4 커피·음료 6개, 제과 3개. 매출 상태 insufficient; 순위 제외: insufficient_sales_evidence. 현재 영업·체류·학습 허용 미검증."
3110060,효창공원앞역 6번,골목상권,True,,11.0,2.0,163,True,False,insufficient,partial_or_unusable_sales,,,,6c591a7_residual_size_adjusted_draft_2025Q4,official_inside_counts_no_external_walk_component,not_ranked,,False,False,insufficient_sales_evidence,63.06199095194214,,74.80916030534351,53.30788804071247,,,,,not_available,not_available,only_C1_C2_available_C_stay_unverified_no_third_subtype,"공식 2025Q4 커피·음료 11개, 제과 2개. 매출 상태 insufficient; 순위 제외: insufficient_sales_evidence. 현재 영업·체류·학습 허용 미검증."
3110061,효창동주민센터,골목상권,True,,8.0,0.0,111,True,False,insufficient,partial_or_unusable_sales,,,,6c591a7_residual_size_adjusted_draft_2025Q4,official_inside_counts_no_external_walk_component,not_ranked,,False,False,insufficient_sales_evidence,66.50260766847552,,67.17557251908397,8.015267175572518,,,,,not_available,not_available,only_C1_C2_available_C_stay_unverified_no_third_subtype,"공식 2025Q4 커피·음료 8개, 제과 0개. 매출 상태 insufficient; 순위 제외: insufficient_sales_evidence. 현재 영업·체류·학습 허용 미검증."
3110062,한강로동땡땡거리(은행나무길),골목상권,True,,41.0,3.0,333,True,False,insufficient,partial_or_unusable_sales,,,,6c591a7_residual_size_adjusted_draft_2025Q4,official_inside_counts_no_external_walk_component,not_ranked,,False,False,insufficient_sales_evidence,90.62183479141304,,97.70992366412212,49.23664122137404,,,,,not_available,not_available,only_C1_C2_available_C_stay_unverified_no_third_subtype,"공식 2025Q4 커피·음료 41개, 제과 3개. 매출 상태 insufficient; 순위 제외: insufficient_sales_evidence. 현재 영업·체류·학습 허용 미검증."
3110063,효창공원앞역 5번,골목상권,True,,7.0,3.0,235,True,True,complete,both_cafe_industries_sales_observed,42.066256912431584,,39.87716732638083,6c591a7_residual_size_adjusted_draft_2025Q4,official_inside_counts_no_external_walk_component,complete_sales_observed_only,,False,True,,33.822914225473355,61.3007231820008,32.44274809160305,61.06870229007634,33.822914225473355,61.3007231820008,23.676039957831346,18.39021695460024,C2_bakery|C1_coffee,C2_bakery,only_C1_C2_available_C_stay_unverified_no_third_subtype,"공식 2025Q4 커피·음료 7개, 제과 3개. 매출 상태 complete; 공급·소비 완전관측군의 잔차 보정 초안. 현재 영업·체류·학습 허용 미검증."
3110064,효창공원앞역 2번,골목상권,True,,12.0,7.0,168,True,True,complete,both_cafe_industries_sales_observed,70.43822082887506,,65.26300119677839,6c591a7_residual_size_adjusted_draft_2025Q4,official_inside_counts_no_external_walk_component,complete_sales_observed_only,,False,True,,62.03777715839409,90.03925605999731,69.72010178117048,96.43765903307887,62.03777715839409,90.03925605999731,43.42644401087586,27.011776817999195,C2_bakery|C1_coffee,C2_bakery,only_C1_C2_available_C_stay_unverified_no_third_subtype,"공식 2025Q4 커피·음료 12개, 제과 7개. 매출 상태 complete; 공급·소비 완전관측군의 잔차 보정 초안. 현재 영업·체류·학습 허용 미검증."
3110065,남정초등학교,골목상권,True,,1.0,0.0,70,False,False,supply_only,no_cafe_sales_rows,,32.213740458015266,,6c591a7_residual_size_adjusted_draft_2025Q4,official_inside_counts_no_external_walk_component,supply_only_exploration_only,32.213740458015266,True,False,,,,33.778625954198475,28.56234096692112,33.778625954198475,,23.64503816793893,8.568702290076336,C1_coffee,C1_coffee,only_C1_C2_available_C_stay_unverified_no_third_subtype,"공식 2025Q4 커피·음료 1개, 제과 0개. 매출 상태 supply_only; 공급 전용 탐색군. 현재 영업·체류·학습 허용 미검증."
3110066,서울역 15번,골목상권,True,,12.0,4.0,219,True,False,insufficient,partial_or_unusable_sales,,,,6c591a7_residual_size_adjusted_draft_2025Q4,official_inside_counts_no_external_walk_component,not_ranked,,False,False,insufficient_sales_evidence,62.60217801845257,,60.43256997455471,72.51908396946564,,,,,not_available,not_available,only_C1_C2_available_C_stay_unverified_no_third_subtype,"공식 2025Q4 커피·음료 12개, 제과 4개. 매출 상태 insufficient; 순위 제외: insufficient_sales_evidence. 현재 영업·체류·학습 허용 미검증."
3110067,배문고등학교,골목상권,True,,8.0,1.0,180,True,False,insufficient,partial_or_unusable_sales,,,,6c591a7_residual_size_adjusted_draft_2025Q4,official_inside_counts_no_external_walk_component,not_ranked,,False,False,insufficient_sales_evidence,34.88383332764511,,29.00763358778626,17.17557251908397,,,,,not_available,not_available,only_C1_C2_available_C_stay_unverified_no_third_subtype,"공식 2025Q4 커피·음료 8개, 제과 1개. 매출 상태 insufficient; 순위 제외: insufficient_sales_evidence. 현재 영업·체류·학습 허용 미검증."
3110068,남영역 1번,골목상권,True,,17.0,3.0,256,True,False,insufficient,partial_or_unusable_sales,,,,6c591a7_residual_size_adjusted_draft_2025Q4,official_inside_counts_no_external_walk_component,not_ranked,,False,False,insufficient_sales_evidence,73.14613220175727,,73.91857506361323,53.81679389312977,,,,,not_available,not_available,only_C1_C2_available_C_stay_unverified_no_third_subtype,"공식 2025Q4 커피·음료 17개, 제과 3개. 매출 상태 insufficient; 순위 제외: insufficient_sales_evidence. 현재 영업·체류·학습 허용 미검증."
3110069,숙대입구,골목상권,True,,39.0,8.0,439,True,True,complete,both_cafe_industries_sales_observed,86.8965152847392,,82.3205977348217,6c591a7_residual_size_adjusted_draft_2025Q4,official_inside_counts_no_external_walk_component,complete_sales_observed_only,,False,True,,88.94965794852543,82.10584906923799,92.36641221374046,86.51399491094148,88.94965794852543,82.10584906923799,62.2647605639678,24.631754720771397,C1_coffee|C2_bakery,C1_coffee,only_C1_C2_available_C_stay_unverified_no_third_subtype,"공식 2025Q4 커피·음료 39개, 제과 8개. 매출 상태 complete; 공급·소비 완전관측군의 잔차 보정 초안. 현재 영업·체류·학습 허용 미검증."
3110071,한강미주맨션아파트,골목상권,True,,3.0,2.0,61,False,False,supply_only,no_cafe_sales_rows,,78.23155216284987,,6c591a7_residual_size_adjusted_draft_2025Q4,official_inside_counts_no_external_walk_component,supply_only_exploration_only,78.23155216284987,True,False,,,,73.15521628498728,90.0763358778626,73.15521628498728,90.0763358778626,51.20865139949109,27.02290076335878,C2_bakery|C1_coffee,C2_bakery,only_C1_C2_available_C_stay_unverified_no_third_subtype,"공식 2025Q4 커피·음료 3개, 제과 2개. 매출 상태 supply_only; 공급 전용 탐색군. 현재 영업·체류·학습 허용 미검증."
3110072,열정도,골목상권,True,,7.0,0.0,66,True,False,insufficient,partial_or_unusable_sales,,,,6c591a7_residual_size_adjusted_draft_2025Q4,official_inside_counts_no_external_walk_component,not_ranked,,False,False,insufficient_sales_evidence,78.5425747905788,,97.9643765903308,29.898218829516537,,,,,not_available,not_available,only_C1_C2_available_C_stay_unverified_no_third_subtype,"공식 2025Q4 커피·음료 7개, 제과 0개. 매출 상태 insufficient; 순위 제외: insufficient_sales_evidence. 현재 영업·체류·학습 허용 미검증."
3110073,삼각지역 3번,골목상권,True,,8.0,2.0,113,False,False,supply_only,no_cafe_sales_rows,,84.51653944020356,,6c591a7_residual_size_adjusted_draft_2025Q4,official_inside_counts_no_external_walk_component,supply_only_exploration_only,84.51653944020356,True,False,,,,88.67684478371501,74.80916030534351,88.67684478371501,74.80916030534351,62.0737913486005,22.442748091603054,C1_coffee|C2_bakery,C1_coffee,only_C1_C2_available_C_stay_unverified_no_third_subtype,"공식 2025Q4 커피·음료 8개, 제과 2개. 매출 상태 supply_only; 공급 전용 탐색군. 현재 영업·체류·학습 허용 미검증."
3110074,서울역 12번,골목상권,True,,8.0,4.0,265,True,False,insufficient,partial_or_unusable_sales,,,,6c591a7_residual_size_adjusted_draft_2025Q4,official_inside_counts_no_external_walk_component,not_ranked,,False,False,insufficient_sales_evidence,47.48765201761071,,37.659033078880405,70.73791348600508,,,,,not_available,not_available,only_C1_C2_available_C_stay_unverified_no_third_subtype,"공식 2025Q4 커피·음료 8개, 제과 4개. 매출 상태 insufficient; 순위 제외: insufficient_sales_evidence. 현재 영업·체류·학습 허용 미검증."
3110075,숙대입구역 1번,골목상권,True,,13.0,3.0,154,True,False,insufficient,partial_or_unusable_sales,,,,6c591a7_residual_size_adjusted_draft_2025Q4,official_inside_counts_no_external_walk_component,not_ranked,,False,False,insufficient_sales_evidence,76.18400852474184,,77.2264631043257,67.30279898218829,,,,,not_available,not_available,only_C1_C2_available_C_stay_unverified_no_third_subtype,"공식 2025Q4 커피·음료 13개, 제과 3개. 매출 상태 insufficient; 순위 제외: insufficient_sales_evidence. 현재 영업·체류·학습 허용 미검증."
3110076,삼각지역 14번,골목상권,True,,2.0,0.0,27,True,False,insufficient,partial_or_unusable_sales,,,,6c591a7_residual_size_adjusted_draft_2025Q4,official_inside_counts_no_external_walk_component,not_ranked,,False,False,insufficient_sales_evidence,81.20487176861847,,87.08651399491094,51.78117048346056,,,,,not_available,not_available,only_C1_C2_available_C_stay_unverified_no_third_subtype,"공식 2025Q4 커피·음료 2개, 제과 0개. 매출 상태 insufficient; 순위 제외: insufficient_sales_evidence. 현재 영업·체류·학습 허용 미검증."
3110077,삼광초등학교,골목상권,True,,6.0,1.0,75,True,False,insufficient,partial_or_unusable_sales,,,,6c591a7_residual_size_adjusted_draft_2025Q4,official_inside_counts_no_external_walk_component,not_ranked,,False,False,insufficient_sales_evidence,73.45664326913231,,84.7328244274809,59.03307888040712,,,,,not_available,not_available,only_C1_C2_available_C_stay_unverified_no_third_subtype,"공식 2025Q4 커피·음료 6개, 제과 1개. 매출 상태 insufficient; 순위 제외: insufficient_sales_evidence. 현재 영업·체류·학습 허용 미검증."
3110079,후암동주민센터,골목상권,True,,36.0,5.0,415,True,False,insufficient,partial_or_unusable_sales,,,,6c591a7_residual_size_adjusted_draft_2025Q4,official_inside_counts_no_external_walk_component,not_ranked,,False,False,insufficient_sales_evidence,80.39058732741,,81.80661577608143,58.269720101781175,,,,,not_available,not_available,only_C1_C2_available_C_stay_unverified_no_third_subtype,"공식 2025Q4 커피·음료 36개, 제과 5개. 매출 상태 insufficient; 순위 제외: insufficient_sales_evidence. 현재 영업·체류·학습 허용 미검증."
3110081,해방촌 남동측,골목상권,True,,35.0,11.0,263,True,True,complete,both_cafe_industries_sales_observed,83.03839535286606,,82.03192699867589,6c591a7_residual_size_adjusted_draft_2025Q4,official_inside_counts_no_external_walk_component,complete_sales_observed_only,,False,True,,85.89476039332126,76.37354359180394,98.21882951653944,99.23664122137404,85.89476039332126,76.37354359180394,60.12633227532488,22.91206307754118,C1_coffee|C2_bakery,C1_coffee,only_C1_C2_available_C_stay_unverified_no_third_subtype,"공식 2025Q4 커피·음료 35개, 제과 11개. 매출 상태 complete; 공급·소비 완전관측군의 잔차 보정 초안. 현재 영업·체류·학습 허용 미검증."
3110082,용산구청,골목상권,True,,17.0,5.0,178,True,True,complete,both_cafe_industries_sales_observed,87.19693571585816,,85.09450319669949,6c591a7_residual_size_adjusted_draft_2025Q4,official_inside_counts_no_external_walk_component,complete_sales_observed_only,,False,True,,91.96693192720598,76.0669445560466,94.0203562340967,91.98473282442748,91.96693192720598,76.0669445560466,64.37685234904419,22.82008336681398,C1_coffee|C2_bakery,C1_coffee,only_C1_C2_available_C_stay_unverified_no_third_subtype,"공식 2025Q4 커피·음료 17개, 제과 5개. 매출 상태 complete; 공급·소비 완전관측군의 잔차 보정 초안. 현재 영업·체류·학습 허용 미검증."
3110084,경리단길북측,골목상권,True,,21.0,5.0,384,True,True,complete,both_cafe_industries_sales_observed,56.81516411954277,,51.72326420914902,6c591a7_residual_size_adjusted_draft_2025Q4,official_inside_counts_no_external_walk_component,complete_sales_observed_only,,False,True,,58.63004706051884,52.580437257265295,60.17811704834606,62.849872773536894,58.63004706051884,52.580437257265295,41.04103294236319,15.774131177179587,C1_coffee|C2_bakery,C1_coffee,only_C1_C2_available_C_stay_unverified_no_third_subtype,"공식 2025Q4 커피·음료 21개, 제과 5개. 매출 상태 complete; 공급·소비 완전관측군의 잔차 보정 초안. 현재 영업·체류·학습 허용 미검증."
3110085,경리단길남측,골목상권,True,,32.0,7.0,348,True,True,complete,both_cafe_industries_sales_observed,83.27088193815331,,77.57921178450624,6c591a7_residual_size_adjusted_draft_2025Q4,official_inside_counts_no_external_walk_component,complete_sales_observed_only,,False,True,,86.21597896117981,76.3989888844248,89.56743002544529,84.98727735368958,86.21597896117981,76.3989888844248,60.351185272825866,22.91969666532744,C1_coffee|C2_bakery,C1_coffee,only_C1_C2_available_C_stay_unverified_no_third_subtype,"공식 2025Q4 커피·음료 32개, 제과 7개. 매출 상태 complete; 공급·소비 완전관측군의 잔차 보정 초안. 현재 영업·체류·학습 허용 미검증."
3110086,이태원역 북측,골목상권,True,,5.0,1.0,42,False,False,supply_only,no_cafe_sales_rows,,60.63613231552162,,6c591a7_residual_size_adjusted_draft_2025Q4,official_inside_counts_no_external_walk_component,supply_only_exploration_only,60.63613231552162,True,False,,,,62.849872773536894,55.470737913486005,62.849872773536894,55.470737913486005,43.99491094147582,16.641221374045802,C1_coffee|C2_bakery,C1_coffee,only_C1_C2_available_C_stay_unverified_no_third_subtype,"공식 2025Q4 커피·음료 5개, 제과 1개. 매출 상태 supply_only; 공급 전용 탐색군. 현재 영업·체류·학습 허용 미검증."
3110087,이태원엔틱가구거리,골목상권,True,,6.0,1.0,121,True,False,insufficient,partial_or_unusable_sales,,,,6c591a7_residual_size_adjusted_draft_2025Q4,official_inside_counts_no_external_walk_component,not_ranked,,False,False,insufficient_sales_evidence,72.78571612761326,,68.95674300254453,44.65648854961832,,,,,not_available,not_available,only_C1_C2_available_C_stay_unverified_no_third_subtype,"공식 2025Q4 커피·음료 6개, 제과 1개. 매출 상태 insufficient; 순위 제외: insufficient_sales_evidence. 현재 영업·체류·학습 허용 미검증."
3110088,오산고등학교,골목상권,True,,6.0,0.0,105,False,False,supply_only,no_cafe_sales_rows,,39.77099236641221,,6c591a7_residual_size_adjusted_draft_2025Q4,official_inside_counts_no_external_walk_component,supply_only_exploration_only,39.77099236641221,True,False,,,,53.05343511450382,8.778625954198473,53.05343511450382,,37.13740458015267,2.633587786259542,C1_coffee,C1_coffee,only_C1_C2_available_C_stay_unverified_no_third_subtype,"공식 2025Q4 커피·음료 6개, 제과 0개. 매출 상태 supply_only; 공급 전용 탐색군. 현재 영업·체류·학습 허용 미검증."
3110090,한국폴리텍대학서울정수캠퍼스,골목상권,True,,1.0,0.0,99,True,False,insufficient,partial_or_unusable_sales,,,,6c591a7_residual_size_adjusted_draft_2025Q4,official_inside_counts_no_external_walk_component,not_ranked,,False,False,insufficient_sales_evidence,13.81424215879228,,3.689567430025445,9.16030534351145,,,,,not_available,not_available,only_C1_C2_available_C_stay_unverified_no_third_subtype,"공식 2025Q4 커피·음료 1개, 제과 0개. 매출 상태 insufficient; 순위 제외: insufficient_sales_evidence. 현재 영업·체류·학습 허용 미검증."
3110091,리움미술관,골목상권,True,,8.0,0.0,94,True,False,insufficient,partial_or_unusable_sales,,,,6c591a7_residual_size_adjusted_draft_2025Q4,official_inside_counts_no_external_walk_component,not_ranked,,False,False,insufficient_sales_evidence,81.56564525242412,,87.40458015267176,13.486005089058525,,,,,not_available,not_available,only_C1_C2_available_C_stay_unverified_no_third_subtype,"공식 2025Q4 커피·음료 8개, 제과 0개. 매출 상태 insufficient; 순위 제외: insufficient_sales_evidence. 현재 영업·체류·학습 허용 미검증."
3110092,NH농협은행 보광동지점,골목상권,True,,0.0,0.0,89,False,False,supply_only,no_cafe_sales_rows,,,,6c591a7_residual_size_adjusted_draft_2025Q4,official_inside_counts_no_external_walk_component,supply_only_exploration_only,3.16793893129771,False,False,no_cafe_supply_in_source_snapshot,,,0.381679389312977,9.669211195928751,,,0.2671755725190839,2.9007633587786255,not_available,not_available,only_C1_C2_available_C_stay_unverified_no_third_subtype,"공식 2025Q4 커피·음료 0개, 제과 0개. 매출 상태 supply_only; 순위 제외: no_cafe_supply_in_source_snapshot. 현재 영업·체류·학습 허용 미검증."
3110093,우사단길,골목상권,True,,12.0,2.0,308,True,False,insufficient,partial_or_unusable_sales,,,,6c591a7_residual_size_adjusted_draft_2025Q4,official_inside_counts_no_external_walk_component,not_ranked,,False,False,insufficient_sales_evidence,40.18374440184601,,31.679389312977097,24.42748091603053,,,,,not_available,not_available,only_C1_C2_available_C_stay_unverified_no_third_subtype,"공식 2025Q4 커피·음료 12개, 제과 2개. 매출 상태 insufficient; 순위 제외: insufficient_sales_evidence. 현재 영업·체류·학습 허용 미검증."
3110095,한강진역 3번,골목상권,True,,30.0,12.0,279,True,True,complete,both_cafe_industries_sales_observed,81.78742033950874,,78.86139479147425,6c591a7_residual_size_adjusted_draft_2025Q4,official_inside_counts_no_external_walk_component,complete_sales_observed_only,,False,True,,84.24038008668845,76.06384759608946,93.25699745547074,98.9821882951654,84.24038008668845,76.06384759608946,58.968266060681906,22.819154278826836,C1_coffee|C2_bakery,C1_coffee,only_C1_C2_available_C_stay_unverified_no_third_subtype,"공식 2025Q4 커피·음료 30개, 제과 12개. 매출 상태 complete; 공급·소비 완전관측군의 잔차 보정 초안. 현재 영업·체류·학습 허용 미검증."
3110096,한남힐사이드아파트,골목상권,True,,9.0,0.0,90,True,False,insufficient,partial_or_unusable_sales,,,,6c591a7_residual_size_adjusted_draft_2025Q4,official_inside_counts_no_external_walk_component,not_ranked,,False,False,insufficient_sales_evidence,85.02753950467002,,91.98473282442748,14.50381679389313,,,,,not_available,not_available,only_C1_C2_available_C_stay_unverified_no_third_subtype,"공식 2025Q4 커피·음료 9개, 제과 0개. 매출 상태 insufficient; 순위 제외: insufficient_sales_evidence. 현재 영업·체류·학습 허용 미검증."
3110097,한남초등학교,골목상권,True,,0.0,0.0,11,False,False,supply_only,no_cafe_sales_rows,,,,6c591a7_residual_size_adjusted_draft_2025Q4,official_inside_counts_no_external_walk_component,supply_only_exploration_only,52.46819338422392,False,False,no_cafe_supply_in_source_snapshot,,,44.33842239185751,71.43765903307889,,,31.036895674300258,21.431297709923665,not_available,not_available,only_C1_C2_available_C_stay_unverified_no_third_subtype,"공식 2025Q4 커피·음료 0개, 제과 0개. 매출 상태 supply_only; 순위 제외: no_cafe_supply_in_source_snapshot. 현재 영업·체류·학습 허용 미검증."
3110098,서울독일학교,골목상권,True,,6.0,0.0,83,True,False,insufficient,partial_or_unusable_sales,,,,6c591a7_residual_size_adjusted_draft_2025Q4,official_inside_counts_no_external_walk_component,not_ranked,,False,False,insufficient_sales_evidence,80.04590069130802,,84.60559796437659,16.921119592875318,,,,,not_available,not_available,only_C1_C2_available_C_stay_unverified_no_third_subtype,"공식 2025Q4 커피·음료 6개, 제과 0개. 매출 상태 insufficient; 순위 제외: insufficient_sales_evidence. 현재 영업·체류·학습 허용 미검증."
3110099,유엔빌리지길,골목상권,True,,2.0,0.0,137,False,False,supply_only,no_cafe_sales_rows,,2.213740458015267,,6c591a7_residual_size_adjusted_draft_2025Q4,official_inside_counts_no_external_walk_component,supply_only_exploration_only,2.213740458015267,True,False,,,,1.9083969465648856,2.926208651399491,1.9083969465648856,,1.3358778625954197,0.8778625954198473,C1_coffee,C1_coffee,only_C1_C2_available_C_stay_unverified_no_third_subtype,"공식 2025Q4 커피·음료 2개, 제과 0개. 매출 상태 supply_only; 공급 전용 탐색군. 현재 영업·체류·학습 허용 미검증."
3110100,옥수동우편취급국,골목상권,True,,0.0,0.0,34,False,False,supply_only,no_cafe_sales_rows,,,,6c591a7_residual_size_adjusted_draft_2025Q4,official_inside_counts_no_external_walk_component,supply_only_exploration_only,19.75826972010178,False,False,no_cafe_supply_in_source_snapshot,,,10.559796437659031,41.221374045801525,,,7.391857506361322,12.366412213740457,not_available,not_available,only_C1_C2_available_C_stay_unverified_no_third_subtype,"공식 2025Q4 커피·음료 0개, 제과 0개. 매출 상태 supply_only; 순위 제외: no_cafe_supply_in_source_snapshot. 현재 영업·체류·학습 허용 미검증."
3110101,옥정중학교,골목상권,True,,2.0,0.0,59,False,False,supply_only,no_cafe_sales_rows,,51.93384223918575,,6c591a7_residual_size_adjusted_draft_2025Q4,official_inside_counts_no_external_walk_component,supply_only_exploration_only,51.93384223918575,True,False,,,,61.32315521628499,30.025445292620866,61.32315521628499,,42.92620865139949,9.007633587786259,C1_coffee,C1_coffee,only_C1_C2_available_C_stay_unverified_no_third_subtype,"공식 2025Q4 커피·음료 2개, 제과 0개. 매출 상태 supply_only; 공급 전용 탐색군. 현재 영업·체류·학습 허용 미검증."
3110102,옥수역 6번,골목상권,True,,6.0,1.0,147,True,True,complete,both_cafe_industries_sales_observed,60.45826816232855,,57.06583384623224,6c591a7_residual_size_adjusted_draft_2025Q4,official_inside_counts_no_external_walk_component,complete_sales_observed_only,,False,True,,67.45874961604532,44.12381143698942,74.68193384223919,45.92875318066158,67.45874961604532,44.12381143698942,47.221124731231725,13.237143431096825,C1_coffee|C2_bakery,C1_coffee,only_C1_C2_available_C_stay_unverified_no_third_subtype,"공식 2025Q4 커피·음료 6개, 제과 1개. 매출 상태 complete; 공급·소비 완전관측군의 잔차 보정 초안. 현재 영업·체류·학습 허용 미검증."
3110103,옥수터널,골목상권,True,,0.0,0.0,37,False,False,supply_only,no_cafe_sales_rows,,,,6c591a7_residual_size_adjusted_draft_2025Q4,official_inside_counts_no_external_walk_component,supply_only_exploration_only,22.88804071246819,False,False,no_cafe_supply_in_source_snapshot,,,13.61323155216285,44.529262086514,,,9.529262086513993,13.3587786259542,not_available,not_available,only_C1_C2_available_C_stay_unverified_no_third_subtype,"공식 2025Q4 커피·음료 0개, 제과 0개. 매출 상태 supply_only; 순위 제외: no_cafe_supply_in_source_snapshot. 현재 영업·체류·학습 허용 미검증."
3110104,신금호역 4번,골목상권,True,,1.0,1.0,86,False,False,supply_only,no_cafe_sales_rows,,19.50381679389313,,6c591a7_residual_size_adjusted_draft_2025Q4,official_inside_counts_no_external_walk_component,supply_only_exploration_only,19.50381679389313,True,False,,,,6.870229007633588,48.98218829516539,6.870229007633588,48.98218829516539,4.809160305343512,14.694656488549617,C2_bakery|C1_coffee,C2_bakery,only_C1_C2_available_C_stay_unverified_no_third_subtype,"공식 2025Q4 커피·음료 1개, 제과 1개. 매출 상태 supply_only; 공급 전용 탐색군. 현재 영업·체류·학습 허용 미검증."
3110105,금동어린이공원,골목상권,True,,5.0,2.0,113,True,False,insufficient,partial_or_unusable_sales,,,,6c591a7_residual_size_adjusted_draft_2025Q4,official_inside_counts_no_external_walk_component,not_ranked,,False,False,insufficient_sales_evidence,46.05726461208253,,50.89058524173028,66.79389312977099,,,,,not_available,not_available,only_C1_C2_available_C_stay_unverified_no_third_subtype,"공식 2025Q4 커피·음료 5개, 제과 2개. 매출 상태 insufficient; 순위 제외: insufficient_sales_evidence. 현재 영업·체류·학습 허용 미검증."
3110106,금북초등학교,골목상권,True,,1.0,2.0,34,False,False,supply_only,no_cafe_sales_rows,,67.74809160305344,,6c591a7_residual_size_adjusted_draft_2025Q4,official_inside_counts_no_external_walk_component,supply_only_exploration_only,67.74809160305344,True,False,,,,54.96183206106871,97.5826972010178,54.96183206106871,97.5826972010178,38.47328244274809,29.274809160305338,C2_bakery|C1_coffee,C2_bakery,only_C1_C2_available_C_stay_unverified_no_third_subtype,"공식 2025Q4 커피·음료 1개, 제과 2개. 매출 상태 supply_only; 공급 전용 탐색군. 현재 영업·체류·학습 허용 미검증."
3110107,금호사거리,골목상권,True,,5.0,0.0,51,True,False,insufficient,partial_or_unusable_sales,,,,6c591a7_residual_size_adjusted_draft_2025Q4,official_inside_counts_no_external_walk_component,not_ranked,,False,False,insufficient_sales_evidence,72.46956348619469,,95.80152671755724,34.605597964376585,,,,,not_available,not_available,only_C1_C2_available_C_stay_unverified_no_third_subtype,"공식 2025Q4 커피·음료 5개, 제과 0개. 매출 상태 insufficient; 순위 제외: insufficient_sales_evidence. 현재 영업·체류·학습 허용 미검증."
3110108,성동구립금호도서관,골목상권,True,,0.0,0.0,24,False,False,supply_only,no_cafe_sales_rows,,,,6c591a7_residual_size_adjusted_draft_2025Q4,official_inside_counts_no_external_walk_component,supply_only_exploration_only,32.36641221374045,False,False,no_cafe_supply_in_source_snapshot,,,22.900763358778622,54.4529262086514,,,16.030534351145036,16.335877862595417,not_available,not_available,only_C1_C2_available_C_stay_unverified_no_third_subtype,"공식 2025Q4 커피·음료 0개, 제과 0개. 매출 상태 supply_only; 순위 제외: no_cafe_supply_in_source_snapshot. 현재 영업·체류·학습 허용 미검증."
3110109,금호삼성래미안아파트,골목상권,True,,11.0,1.0,169,True,False,insufficient,partial_or_unusable_sales,,,,6c591a7_residual_size_adjusted_draft_2025Q4,official_inside_counts_no_external_walk_component,not_ranked,,False,False,insufficient_sales_evidence,79.96515511768919,,95.16539440203562,45.16539440203562,,,,,not_available,not_available,only_C1_C2_available_C_stay_unverified_no_third_subtype,"공식 2025Q4 커피·음료 11개, 제과 1개. 매출 상태 insufficient; 순위 제외: insufficient_sales_evidence. 현재 영업·체류·학습 허용 미검증."
3110110,상왕십리역 6번,골목상권,True,,1.0,2.0,112,False,False,supply_only,no_cafe_sales_rows,,25.776081424936383,,6c591a7_residual_size_adjusted_draft_2025Q4,official_inside_counts_no_external_walk_component,supply_only_exploration_only,25.776081424936383,True,False,,,,6.615776081424936,70.48346055979644,6.615776081424936,70.48346055979644,4.6310432569974544,21.14503816793893,C2_bakery|C1_coffee,C2_bakery,only_C1_C2_available_C_stay_unverified_no_third_subtype,"공식 2025Q4 커피·음료 1개, 제과 2개. 매출 상태 supply_only; 공급 전용 탐색군. 현재 영업·체류·학습 허용 미검증."
3110111,대현산장미원,골목상권,True,,1.0,0.0,14,False,False,supply_only,no_cafe_sales_rows,,77.72264631043257,,6c591a7_residual_size_adjusted_draft_2025Q4,official_inside_counts_no_external_walk_component,supply_only_exploration_only,77.72264631043257,True,False,,,,82.56997455470739,66.41221374045801,82.56997455470739,,57.79898218829516,19.923664122137403,C1_coffee,C1_coffee,only_C1_C2_available_C_stay_unverified_no_third_subtype,"공식 2025Q4 커피·음료 1개, 제과 0개. 매출 상태 supply_only; 공급 전용 탐색군. 현재 영업·체류·학습 허용 미검증."
3110112,행당역 2번,골목상권,True,,4.0,1.0,111,True,False,insufficient,partial_or_unusable_sales,,,,6c591a7_residual_size_adjusted_draft_2025Q4,official_inside_counts_no_external_walk_component,not_ranked,,False,False,insufficient_sales_evidence,42.266711413977085,,39.94910941475827,41.6030534351145,,,,,not_available,not_available,only_C1_C2_available_C_stay_unverified_no_third_subtype,"공식 2025Q4 커피·음료 4개, 제과 1개. 매출 상태 insufficient; 순위 제외: insufficient_sales_evidence. 현재 영업·체류·학습 허용 미검증."
3110113,응봉산,골목상권,True,,2.0,0.0,61,False,False,supply_only,no_cafe_sales_rows,,18.053435114503813,,6c591a7_residual_size_adjusted_draft_2025Q4,official_inside_counts_no_external_walk_component,supply_only_exploration_only,18.053435114503813,True,False,,,,19.46564885496183,14.75826972010178,19.46564885496183,,13.62595419847328,4.427480916030533,C1_coffee,C1_coffee,only_C1_C2_available_C_stay_unverified_no_third_subtype,"공식 2025Q4 커피·음료 2개, 제과 0개. 매출 상태 supply_only; 공급 전용 탐색군. 현재 영업·체류·학습 허용 미검증."
3110114,왕십리파출소,골목상권,True,,2.0,0.0,50,False,False,supply_only,no_cafe_sales_rows,,53.26972010178116,,6c591a7_residual_size_adjusted_draft_2025Q4,official_inside_counts_no_external_walk_component,supply_only_exploration_only,53.26972010178116,True,False,,,,62.46819338422392,31.806615776081426,62.46819338422392,,43.72773536895674,9.541984732824428,C1_coffee,C1_coffee,only_C1_C2_available_C_stay_unverified_no_third_subtype,"공식 2025Q4 커피·음료 2개, 제과 0개. 매출 상태 supply_only; 공급 전용 탐색군. 현재 영업·체류·학습 허용 미검증."
3110115,상왕십리역 3번,골목상권,True,,9.0,5.0,179,True,True,complete,both_cafe_industries_sales_observed,61.05024172129849,,59.66333047573707,6c591a7_residual_size_adjusted_draft_2025Q4,official_inside_counts_no_external_walk_component,complete_sales_observed_only,,False,True,,57.38696070958616,69.59789741529396,65.39440203562341,90.96692111959288,57.38696070958616,69.59789741529396,40.17087249671031,20.879369224588185,C2_bakery|C1_coffee,C2_bakery,only_C1_C2_available_C_stay_unverified_no_third_subtype,"공식 2025Q4 커피·음료 9개, 제과 5개. 매출 상태 complete; 공급·소비 완전관측군의 잔차 보정 초안. 현재 영업·체류·학습 허용 미검증."
3110116,청계천박물관,골목상권,True,,1.0,0.0,224,False,False,supply_only,no_cafe_sales_rows,,1.793893129770992,,6c591a7_residual_size_adjusted_draft_2025Q4,official_inside_counts_no_external_walk_component,supply_only_exploration_only,1.793893129770992,True,False,,,,1.1450381679389312,3.307888040712468,1.1450381679389312,,0.8015267175572518,0.9923664122137403,C1_coffee,C1_coffee,only_C1_C2_available_C_stay_unverified_no_third_subtype,"공식 2025Q4 커피·음료 1개, 제과 0개. 매출 상태 supply_only; 공급 전용 탐색군. 현재 영업·체류·학습 허용 미검증."
3110117,성동구보건소,골목상권,True,,1.0,0.0,88,False,False,supply_only,no_cafe_sales_rows,,10.699745547073793,,6c591a7_residual_size_adjusted_draft_2025Q4,official_inside_counts_no_external_walk_component,supply_only_exploration_only,10.699745547073793,True,False,,,,8.9058524173028,14.885496183206106,8.9058524173028,,6.23409669211196,4.465648854961832,C1_coffee,C1_coffee,only_C1_C2_available_C_stay_unverified_no_third_subtype,"공식 2025Q4 커피·음료 1개, 제과 0개. 매출 상태 supply_only; 공급 전용 탐색군. 현재 영업·체류·학습 허용 미검증."
3110118,왕십리역 9번,골목상권,True,,3.0,1.0,158,True,False,insufficient,partial_or_unusable_sales,,,,6c591a7_residual_size_adjusted_draft_2025Q4,official_inside_counts_no_external_walk_component,not_ranked,,False,False,insufficient_sales_evidence,27.89013757901882,,18.70229007633588,34.478371501272264,,,,,not_available,not_available,only_C1_C2_available_C_stay_unverified_no_third_subtype,"공식 2025Q4 커피·음료 3개, 제과 1개. 매출 상태 insufficient; 순위 제외: insufficient_sales_evidence. 현재 영업·체류·학습 허용 미검증."
3110119,마장지하차도,골목상권,True,,1.0,0.0,81,False,False,supply_only,no_cafe_sales_rows,,25.521628498727736,,6c591a7_residual_size_adjusted_draft_2025Q4,official_inside_counts_no_external_walk_component,supply_only_exploration_only,25.521628498727736,True,False,,,,26.208651399491096,23.918575063613236,26.208651399491096,,18.346055979643765,7.17557251908397,C1_coffee,C1_coffee,only_C1_C2_available_C_stay_unverified_no_third_subtype,"공식 2025Q4 커피·음료 1개, 제과 0개. 매출 상태 supply_only; 공급 전용 탐색군. 현재 영업·체류·학습 허용 미검증."
3110120,서울숲카페거리,골목상권,True,,35.0,13.0,178,True,False,insufficient,partial_or_unusable_sales,,,,6c591a7_residual_size_adjusted_draft_2025Q4,official_inside_counts_no_external_walk_component,not_ranked,,False,False,insufficient_sales_evidence,82.2560606060606,,100.0,100.0,,,,,not_available,not_available,only_C1_C2_available_C_stay_unverified_no_third_subtype,"공식 2025Q4 커피·음료 35개, 제과 13개. 매출 상태 insufficient; 순위 제외: insufficient_sales_evidence. 현재 영업·체류·학습 허용 미검증."
3110121,한양대역 4번,골목상권,True,,3.0,1.0,51,True,False,insufficient,partial_or_unusable_sales,,,,6c591a7_residual_size_adjusted_draft_2025Q4,official_inside_counts_no_external_walk_component,not_ranked,,False,False,insufficient_sales_evidence,61.27095596182068,,77.09923664122137,73.91857506361323,,,,,not_available,not_available,only_C1_C2_available_C_stay_unverified_no_third_subtype,"공식 2025Q4 커피·음료 3개, 제과 1개. 매출 상태 insufficient; 순위 제외: insufficient_sales_evidence. 현재 영업·체류·학습 허용 미검증."
3110122,마장역 2번,골목상권,True,,4.0,0.0,196,True,False,insufficient,partial_or_unusable_sales,,,,6c591a7_residual_size_adjusted_draft_2025Q4,official_inside_counts_no_external_walk_component,not_ranked,,False,False,insufficient_sales_evidence,27.642583891726677,,19.083969465648856,5.089058524173027,,,,,not_available,not_available,only_C1_C2_available_C_stay_unverified_no_third_subtype,"공식 2025Q4 커피·음료 4개, 제과 0개. 매출 상태 insufficient; 순위 제외: insufficient_sales_evidence. 현재 영업·체류·학습 허용 미검증."
3110123,마장역 3번,골목상권,True,,2.0,1.0,142,False,False,supply_only,no_cafe_sales_rows,,8.956743002544528,,6c591a7_residual_size_adjusted_draft_2025Q4,official_inside_counts_no_external_walk_component,supply_only_exploration_only,8.956743002544528,True,False,,,,2.926208651399491,23.02798982188295,2.926208651399491,23.02798982188295,2.0483460559796436,6.908396946564885,C2_bakery|C1_coffee,C2_bakery,only_C1_C2_available_C_stay_unverified_no_third_subtype,"공식 2025Q4 커피·음료 2개, 제과 1개. 매출 상태 supply_only; 공급 전용 탐색군. 현재 영업·체류·학습 허용 미검증."
3110124,뚝섬역교차로,골목상권,True,,10.0,5.0,203,True,False,insufficient,partial_or_unusable_sales,,,,6c591a7_residual_size_adjusted_draft_2025Q4,official_inside_counts_no_external_walk_component,not_ranked,,False,False,insufficient_sales_evidence,67.54618567100108,,68.8295165394402,89.69465648854961,,,,,not_available,not_available,only_C1_C2_available_C_stay_unverified_no_third_subtype,"공식 2025Q4 커피·음료 10개, 제과 5개. 매출 상태 insufficient; 순위 제외: insufficient_sales_evidence. 현재 영업·체류·학습 허용 미검증."
3110125,사근동살곶이상점가,골목상권,True,,12.0,2.0,112,True,True,complete,both_cafe_industries_sales_observed,70.36822834380862,,59.36138617568807,6c591a7_residual_size_adjusted_draft_2025Q4,official_inside_counts_no_external_walk_component,complete_sales_observed_only,,False,True,,79.58360807423503,48.86567563948037,81.29770992366412,58.9058524173028,79.58360807423503,48.86567563948037,55.70852565196452,14.65970269184411,C1_coffee|C2_bakery,C1_coffee,only_C1_C2_available_C_stay_unverified_no_third_subtype,"공식 2025Q4 커피·음료 12개, 제과 2개. 매출 상태 complete; 공급·소비 완전관측군의 잔차 보정 초안. 현재 영업·체류·학습 허용 미검증."
3110126,서울숲역 1번,골목상권,True,,8.0,1.0,55,True,False,insufficient,partial_or_unusable_sales,,,,6c591a7_residual_size_adjusted_draft_2025Q4,official_inside_counts_no_external_walk_component,not_ranked,,False,False,insufficient_sales_evidence,86.30493073647246,,99.61832061068702,78.11704834605598,,,,,not_available,not_available,only_C1_C2_available_C_stay_unverified_no_third_subtype,"공식 2025Q4 커피·음료 8개, 제과 1개. 매출 상태 insufficient; 순위 제외: insufficient_sales_evidence. 현재 영업·체류·학습 허용 미검증."
3110127,성수1가1동주민센터,골목상권,True,,8.0,1.0,134,True,False,insufficient,partial_or_unusable_sales,,,,6c591a7_residual_size_adjusted_draft_2025Q4,official_inside_counts_no_external_walk_component,not_ranked,,False,False,insufficient_sales_evidence,81.65306462194211,,87.27735368956743,46.94656488549619,,,,,not_available,not_available,only_C1_C2_available_C_stay_unverified_no_third_subtype,"공식 2025Q4 커피·음료 8개, 제과 1개. 매출 상태 insufficient; 순위 제외: insufficient_sales_evidence. 현재 영업·체류·학습 허용 미검증."
3110128,성원중학교,골목상권,True,,22.0,12.0,515,True,True,complete,both_cafe_industries_sales_observed,52.45241860061069,,50.43556194542519,6c591a7_residual_size_adjusted_draft_2025Q4,official_inside_counts_no_external_walk_component,complete_sales_observed_only,,False,True,,43.688375938081855,72.90185147984465,49.4910941475827,93.38422391857506,43.688375938081855,72.90185147984465,30.581863156657295,21.870555443953396,C2_bakery|C1_coffee,C2_bakery,only_C1_C2_available_C_stay_unverified_no_third_subtype,"공식 2025Q4 커피·음료 22개, 제과 12개. 매출 상태 complete; 공급·소비 완전관측군의 잔차 보정 초안. 현재 영업·체류·학습 허용 미검증."
3110129,성원어린이공원,골목상권,True,,13.0,3.0,214,True,False,insufficient,partial_or_unusable_sales,,,,6c591a7_residual_size_adjusted_draft_2025Q4,official_inside_counts_no_external_walk_component,not_ranked,,False,False,insufficient_sales_evidence,67.46425751697933,,83.07888040712467,68.57506361323156,,,,,not_available,not_available,only_C1_C2_available_C_stay_unverified_no_third_subtype,"공식 2025Q4 커피·음료 13개, 제과 3개. 매출 상태 insufficient; 순위 제외: insufficient_sales_evidence. 현재 영업·체류·학습 허용 미검증."
3110130,답십리역 6번,골목상권,True,,2.0,0.0,49,False,False,supply_only,no_cafe_sales_rows,,40.458015267175576,,6c591a7_residual_size_adjusted_draft_2025Q4,official_inside_counts_no_external_walk_component,supply_only_exploration_only,40.458015267175576,True,False,,,,46.94656488549619,25.31806615776081,46.94656488549619,,32.86259541984733,7.595419847328243,C1_coffee,C1_coffee,only_C1_C2_available_C_stay_unverified_no_third_subtype,"공식 2025Q4 커피·음료 2개, 제과 0개. 매출 상태 supply_only; 공급 전용 탐색군. 현재 영업·체류·학습 허용 미검증."
3110131,성수동카페거리,골목상권,True,,40.0,13.0,569,True,True,complete,both_cafe_industries_sales_observed,84.01144198607004,,81.5087544478406,6c591a7_residual_size_adjusted_draft_2025Q4,official_inside_counts_no_external_walk_component,complete_sales_observed_only,,False,True,,85.93833100116419,79.51536761751706,93.12977099236642,97.70992366412212,85.93833100116419,79.51536761751706,60.15683170081493,23.854610285255117,C1_coffee|C2_bakery,C1_coffee,only_C1_C2_available_C_stay_unverified_no_third_subtype,"공식 2025Q4 커피·음료 40개, 제과 13개. 매출 상태 complete; 공급·소비 완전관측군의 잔차 보정 초안. 현재 영업·체류·학습 허용 미검증."
3110132,성수2가3동주민센터,골목상권,True,,18.0,4.0,146,True,True,complete,both_cafe_industries_sales_observed,81.15965669187844,,77.86048425696913,6c591a7_residual_size_adjusted_draft_2025Q4,official_inside_counts_no_external_walk_component,complete_sales_observed_only,,False,True,,86.04096123290216,69.76994609615642,96.69211195928752,88.04071246819338,86.04096123290216,69.76994609615642,60.22867286303151,20.930983828846923,C1_coffee|C2_bakery,C1_coffee,only_C1_C2_available_C_stay_unverified_no_third_subtype,"공식 2025Q4 커피·음료 18개, 제과 4개. 매출 상태 complete; 공급·소비 완전관측군의 잔차 보정 초안. 현재 영업·체류·학습 허용 미검증."
3110133,서울교통공사,골목상권,True,,3.0,1.0,73,True,False,insufficient,partial_or_unusable_sales,,,,6c591a7_residual_size_adjusted_draft_2025Q4,official_inside_counts_no_external_walk_component,not_ranked,,False,False,insufficient_sales_evidence,39.0185039608954,,34.35114503816794,50.12722646310432,,,,,not_available,not_available,only_C1_C2_available_C_stay_unverified_no_third_subtype,"공식 2025Q4 커피·음료 3개, 제과 1개. 매출 상태 insufficient; 순위 제외: insufficient_sales_evidence. 현재 영업·체류·학습 허용 미검증."
3110134,성수119안전센터,골목상권,True,,18.0,5.0,303,True,False,insufficient,partial_or_unusable_sales,,,,6c591a7_residual_size_adjusted_draft_2025Q4,official_inside_counts_no_external_walk_component,not_ranked,,False,False,insufficient_sales_evidence,58.27679434818717,,58.65139949109415,67.93893129770993,,,,,not_available,not_available,only_C1_C2_available_C_stay_unverified_no_third_subtype,"공식 2025Q4 커피·음료 18개, 제과 5개. 매출 상태 insufficient; 순위 제외: insufficient_sales_evidence. 현재 영업·체류·학습 허용 미검증."
3110135,성동세무서,골목상권,True,,10.0,0.0,161,True,False,insufficient,partial_or_unusable_sales,,,,6c591a7_residual_size_adjusted_draft_2025Q4,official_inside_counts_no_external_walk_component,not_ranked,,False,False,insufficient_sales_evidence,50.29411933121732,,58.52417302798983,4.071246819338422,,,,,not_available,not_available,only_C1_C2_available_C_stay_unverified_no_third_subtype,"공식 2025Q4 커피·음료 10개, 제과 0개. 매출 상태 insufficient; 순위 제외: insufficient_sales_evidence. 현재 영업·체류·학습 허용 미검증."
3110136,경수초등학교,골목상권,True,,48.0,14.0,529,True,False,insufficient,partial_or_unusable_sales,,,,6c591a7_residual_size_adjusted_draft_2025Q4,official_inside_counts_no_external_walk_component,not_ranked,,False,False,insufficient_sales_evidence,81.42879546307779,,89.82188295165395,96.94656488549616,,,,,not_available,not_available,only_C1_C2_available_C_stay_unverified_no_third_subtype,"공식 2025Q4 커피·음료 48개, 제과 14개. 매출 상태 insufficient; 순위 제외: insufficient_sales_evidence. 현재 영업·체류·학습 허용 미검증."
3110137,성수초등학교,골목상권,True,,41.0,6.0,640,True,False,insufficient,partial_or_unusable_sales,,,,6c591a7_residual_size_adjusted_draft_2025Q4,official_inside_counts_no_external_walk_component,not_ranked,,False,False,insufficient_sales_evidence,75.54065520680462,,74.04580152671755,53.9440203562341,,,,,not_available,not_available,only_C1_C2_available_C_stay_unverified_no_third_subtype,"공식 2025Q4 커피·음료 41개, 제과 6개. 매출 상태 insufficient; 순위 제외: insufficient_sales_evidence. 현재 영업·체류·학습 허용 미검증."
3110138,송정체육공원,골목상권,True,,9.0,4.0,176,True,False,insufficient,partial_or_unusable_sales,,,,6c591a7_residual_size_adjusted_draft_2025Q4,official_inside_counts_no_external_walk_component,not_ranked,,False,False,insufficient_sales_evidence,56.1955349389275,,58.77862595419848,82.56997455470739,,,,,not_available,not_available,only_C1_C2_available_C_stay_unverified_no_third_subtype,"공식 2025Q4 커피·음료 9개, 제과 4개. 매출 상태 insufficient; 순위 제외: insufficient_sales_evidence. 현재 영업·체류·학습 허용 미검증."
3110139,자양4동주민센터,골목상권,True,,22.0,1.0,299,False,False,supply_only,no_cafe_sales_rows,,60.5470737913486,,6c591a7_residual_size_adjusted_draft_2025Q4,official_inside_counts_no_external_walk_component,supply_only_exploration_only,60.5470737913486,True,False,,,,81.04325699745547,12.72264631043257,81.04325699745547,12.72264631043257,56.730279898218825,3.8167938931297707,C1_coffee|C2_bakery,C1_coffee,only_C1_C2_available_C_stay_unverified_no_third_subtype,"공식 2025Q4 커피·음료 22개, 제과 1개. 매출 상태 supply_only; 공급 전용 탐색군. 현재 영업·체류·학습 허용 미검증."
3110140,건대입구역 6번,골목상권,True,,14.0,3.0,392,True,False,insufficient,partial_or_unusable_sales,,,,6c591a7_residual_size_adjusted_draft_2025Q4,official_inside_counts_no_external_walk_component,not_ranked,,False,False,insufficient_sales_evidence,39.88656898101273,,41.0941475826972,39.56743002544529,,,,,not_available,not_available,only_C1_C2_available_C_stay_unverified_no_third_subtype,"공식 2025Q4 커피·음료 14개, 제과 3개. 매출 상태 insufficient; 순위 제외: insufficient_sales_evidence. 현재 영업·체류·학습 허용 미검증."
3110141,건대입구역 1번,골목상권,True,,7.0,3.0,143,True,False,insufficient,partial_or_unusable_sales,,,,6c591a7_residual_size_adjusted_draft_2025Q4,official_inside_counts_no_external_walk_component,not_ranked,,False,False,insufficient_sales_evidence,58.137110878526215,,63.8676844783715,79.51653944020356,,,,,not_available,not_available,only_C1_C2_available_C_stay_unverified_no_third_subtype,"공식 2025Q4 커피·음료 7개, 제과 3개. 매출 상태 insufficient; 순위 제외: insufficient_sales_evidence. 현재 영업·체류·학습 허용 미검증."
3110142,화양사거리,골목상권,True,,18.0,1.0,264,True,False,insufficient,partial_or_unusable_sales,,,,6c591a7_residual_size_adjusted_draft_2025Q4,official_inside_counts_no_external_walk_component,not_ranked,,False,False,insufficient_sales_evidence,69.87529929504026,,81.67938931297711,16.666666666666664,,,,,not_available,not_available,only_C1_C2_available_C_stay_unverified_no_third_subtype,"공식 2025Q4 커피·음료 18개, 제과 1개. 매출 상태 insufficient; 순위 제외: insufficient_sales_evidence. 현재 영업·체류·학습 허용 미검증."
3110143,뚝섬유원지역 1번,골목상권,True,,2.0,0.0,27,False,False,supply_only,no_cafe_sales_rows,,76.49491094147582,,6c591a7_residual_size_adjusted_draft_2025Q4,official_inside_counts_no_external_walk_component,supply_only_exploration_only,76.49491094147582,True,False,,,,87.08651399491094,51.78117048346056,87.08651399491094,,60.96055979643766,15.534351145038169,C1_coffee,C1_coffee,only_C1_C2_available_C_stay_unverified_no_third_subtype,"공식 2025Q4 커피·음료 2개, 제과 0개. 매출 상태 supply_only; 공급 전용 탐색군. 현재 영업·체류·학습 허용 미검증."
3110144,어린이대공원역 4번,골목상권,True,,6.0,3.0,89,True,False,insufficient,partial_or_unusable_sales,,,,6c591a7_residual_size_adjusted_draft_2025Q4,official_inside_counts_no_external_walk_component,not_ranked,,False,False,insufficient_sales_evidence,62.66089217794261,,82.69720101781171,91.22137404580153,,,,,not_available,not_available,only_C1_C2_available_C_stay_unverified_no_third_subtype,"공식 2025Q4 커피·음료 6개, 제과 3개. 매출 상태 insufficient; 순위 제외: insufficient_sales_evidence. 현재 영업·체류·학습 허용 미검증."
3110145,장안초등학교,골목상권,True,,2.0,4.0,31,True,False,insufficient,partial_or_unusable_sales,,,,6c591a7_residual_size_adjusted_draft_2025Q4,official_inside_counts_no_external_walk_component,not_ranked,,False,False,insufficient_sales_evidence,72.60311695354241,,83.7150127226463,99.87277353689568,,,,,not_available,not_available,only_C1_C2_available_C_stay_unverified_no_third_subtype,"공식 2025Q4 커피·음료 2개, 제과 4개. 매출 상태 insufficient; 순위 제외: insufficient_sales_evidence. 현재 영업·체류·학습 허용 미검증."
3110146,신자초등학교,골목상권,True,,13.0,1.0,197,True,False,insufficient,partial_or_unusable_sales,,,,6c591a7_residual_size_adjusted_draft_2025Q4,official_inside_counts_no_external_walk_component,not_ranked,,False,False,insufficient_sales_evidence,62.29901252545477,,75.19083969465649,22.264631043257,,,,,not_available,not_available,only_C1_C2_available_C_stay_unverified_no_third_subtype,"공식 2025Q4 커피·음료 13개, 제과 1개. 매출 상태 insufficient; 순위 제외: insufficient_sales_evidence. 현재 영업·체류·학습 허용 미검증."
3110147,능동우편취급국,골목상권,True,,10.0,1.0,202,True,False,insufficient,partial_or_unusable_sales,,,,6c591a7_residual_size_adjusted_draft_2025Q4,official_inside_counts_no_external_walk_component,not_ranked,,False,False,insufficient_sales_evidence,42.372184237570295,,45.41984732824427,18.575063613231556,,,,,not_available,not_available,only_C1_C2_available_C_stay_unverified_no_third_subtype,"공식 2025Q4 커피·음료 10개, 제과 1개. 매출 상태 insufficient; 순위 제외: insufficient_sales_evidence. 현재 영업·체류·학습 허용 미검증."
3110148,어린이대공원역 3번,골목상권,True,,9.0,0.0,95,True,False,insufficient,partial_or_unusable_sales,,,,6c591a7_residual_size_adjusted_draft_2025Q4,official_inside_counts_no_external_walk_component,not_ranked,,False,False,insufficient_sales_evidence,82.93017201169496,,92.49363867684478,14.631043256997456,,,,,not_available,not_available,only_C1_C2_available_C_stay_unverified_no_third_subtype,"공식 2025Q4 커피·음료 9개, 제과 0개. 매출 상태 insufficient; 순위 제외: insufficient_sales_evidence. 현재 영업·체류·학습 허용 미검증."
3110149,세종대학교,골목상권,True,,3.0,0.0,44,False,False,supply_only,no_cafe_sales_rows,,55.94147582697201,,6c591a7_residual_size_adjusted_draft_2025Q4,official_inside_counts_no_external_walk_component,supply_only_exploration_only,55.94147582697201,True,False,,,,68.57506361323156,26.463104325699742,68.57506361323156,,48.00254452926209,7.938931297709923,C1_coffee,C1_coffee,only_C1_C2_available_C_stay_unverified_no_third_subtype,"공식 2025Q4 커피·음료 3개, 제과 0개. 매출 상태 supply_only; 공급 전용 탐색군. 현재 영업·체류·학습 허용 미검증."
3110150,중곡1동 마을마당,골목상권,True,,15.0,2.0,251,True,False,insufficient,partial_or_unusable_sales,,,,6c591a7_residual_size_adjusted_draft_2025Q4,official_inside_counts_no_external_walk_component,not_ranked,,False,False,insufficient_sales_evidence,57.37253046040431,,64.12213740458014,34.73282442748092,,,,,not_available,not_available,only_C1_C2_available_C_stay_unverified_no_third_subtype,"공식 2025Q4 커피·음료 15개, 제과 2개. 매출 상태 insufficient; 순위 제외: insufficient_sales_evidence. 현재 영업·체류·학습 허용 미검증."
3110151,자양한강도서관,골목상권,True,,7.0,0.0,239,True,False,insufficient,partial_or_unusable_sales,,,,6c591a7_residual_size_adjusted_draft_2025Q4,official_inside_counts_no_external_walk_component,not_ranked,,False,False,insufficient_sales_evidence,35.97605601756521,,32.82442748091603,3.0534351145038165,,,,,not_available,not_available,only_C1_C2_available_C_stay_unverified_no_third_subtype,"공식 2025Q4 커피·음료 7개, 제과 0개. 매출 상태 insufficient; 순위 제외: insufficient_sales_evidence. 현재 영업·체류·학습 허용 미검증."
3110152,중곡어린이공원,골목상권,True,,3.0,0.0,93,True,False,insufficient,partial_or_unusable_sales,,,,6c591a7_residual_size_adjusted_draft_2025Q4,official_inside_counts_no_external_walk_component,not_ranked,,False,False,insufficient_sales_evidence,28.676050139740536,,40.71246819338422,13.994910941475828,,,,,not_available,not_available,only_C1_C2_available_C_stay_unverified_no_third_subtype,"공식 2025Q4 커피·음료 3개, 제과 0개. 매출 상태 insufficient; 순위 제외: insufficient_sales_evidence. 현재 영업·체류·학습 허용 미검증."
3110153,중곡1동주민센터,골목상권,True,,5.0,2.0,90,False,False,supply_only,no_cafe_sales_rows,,71.7175572519084,,6c591a7_residual_size_adjusted_draft_2025Q4,official_inside_counts_no_external_walk_component,supply_only_exploration_only,71.7175572519084,True,False,,,,69.46564885496184,76.97201017811705,69.46564885496184,76.97201017811705,48.62595419847329,23.09160305343511,C2_bakery|C1_coffee,C2_bakery,only_C1_C2_available_C_stay_unverified_no_third_subtype,"공식 2025Q4 커피·음료 5개, 제과 2개. 매출 상태 supply_only; 공급 전용 탐색군. 현재 영업·체류·학습 허용 미검증."
3110154,광진정말공원,골목상권,True,,10.0,2.0,243,True,False,insufficient,partial_or_unusable_sales,,,,6c591a7_residual_size_adjusted_draft_2025Q4,official_inside_counts_no_external_walk_component,not_ranked,,False,False,insufficient_sales_evidence,51.65264217699457,,54.19847328244275,42.23918575063613,,,,,not_available,not_available,only_C1_C2_available_C_stay_unverified_no_third_subtype,"공식 2025Q4 커피·음료 10개, 제과 2개. 매출 상태 insufficient; 순위 제외: insufficient_sales_evidence. 현재 영업·체류·학습 허용 미검증."
3110155,광진구청,골목상권,True,,10.0,1.0,145,True,False,insufficient,partial_or_unusable_sales,,,,6c591a7_residual_size_adjusted_draft_2025Q4,official_inside_counts_no_external_walk_component,not_ranked,,False,False,insufficient_sales_evidence,70.24069388668312,,72.13740458015268,30.27989821882952,,,,,not_available,not_available,only_C1_C2_available_C_stay_unverified_no_third_subtype,"공식 2025Q4 커피·음료 10개, 제과 1개. 매출 상태 insufficient; 순위 제외: insufficient_sales_evidence. 현재 영업·체류·학습 허용 미검증."
3110156,군자역 5번,골목상권,True,,9.0,2.0,171,True,False,insufficient,partial_or_unusable_sales,,,,6c591a7_residual_size_adjusted_draft_2025Q4,official_inside_counts_no_external_walk_component,not_ranked,,False,False,insufficient_sales_evidence,41.05726897304922,,45.038167938931295,45.038167938931295,,,,,not_available,not_available,only_C1_C2_available_C_stay_unverified_no_third_subtype,"공식 2025Q4 커피·음료 9개, 제과 2개. 매출 상태 insufficient; 순위 제외: insufficient_sales_evidence. 현재 영업·체류·학습 허용 미검증."
3110157,자양동우체국,골목상권,True,,8.0,2.0,221,True,True,complete,both_cafe_industries_sales_observed,42.74660687352218,,40.44890060661653,6c591a7_residual_size_adjusted_draft_2025Q4,official_inside_counts_no_external_walk_component,complete_sales_observed_only,,False,True,,40.448504567638594,48.10884558725057,40.20356234096692,43.25699745547074,40.448504567638594,48.10884558725057,28.313953197347015,14.432653676175171,C2_bakery|C1_coffee,C2_bakery,only_C1_C2_available_C_stay_unverified_no_third_subtype,"공식 2025Q4 커피·음료 8개, 제과 2개. 매출 상태 complete; 공급·소비 완전관측군의 잔차 보정 초안. 현재 영업·체류·학습 허용 미검증."
3110158,중곡3동주민센터,골목상권,True,,6.0,2.0,267,True,False,insufficient,partial_or_unusable_sales,,,,6c591a7_residual_size_adjusted_draft_2025Q4,official_inside_counts_no_external_walk_component,not_ranked,,False,False,insufficient_sales_evidence,18.48016954680076,,12.46819338422392,32.1882951653944,,,,,not_available,not_available,only_C1_C2_available_C_stay_unverified_no_third_subtype,"공식 2025Q4 커피·음료 6개, 제과 2개. 매출 상태 insufficient; 순위 제외: insufficient_sales_evidence. 현재 영업·체류·학습 허용 미검증."
3110159,구의역 4번,골목상권,True,,13.0,3.0,418,True,False,insufficient,partial_or_unusable_sales,,,,6c591a7_residual_size_adjusted_draft_2025Q4,official_inside_counts_no_external_walk_component,not_ranked,,False,False,insufficient_sales_evidence,36.73044239162998,,29.64376590330789,36.51399491094148,,,,,not_available,not_available,only_C1_C2_available_C_stay_unverified_no_third_subtype,"공식 2025Q4 커피·음료 13개, 제과 3개. 매출 상태 insufficient; 순위 제외: insufficient_sales_evidence. 현재 영업·체류·학습 허용 미검증."
3110160,광진경찰서,골목상권,True,,3.0,1.0,61,False,False,supply_only,no_cafe_sales_rows,,57.93893129770992,,6c591a7_residual_size_adjusted_draft_2025Q4,official_inside_counts_no_external_walk_component,supply_only_exploration_only,57.93893129770992,True,False,,,,56.10687022900763,62.21374045801527,56.10687022900763,62.21374045801527,39.27480916030534,18.664122137404583,C2_bakery|C1_coffee,C2_bakery,only_C1_C2_available_C_stay_unverified_no_third_subtype,"공식 2025Q4 커피·음료 3개, 제과 1개. 매출 상태 supply_only; 공급 전용 탐색군. 현재 영업·체류·학습 허용 미검증."
3110161,중곡역 3번,골목상권,True,,7.0,5.0,276,True,True,complete,both_cafe_industries_sales_observed,45.899013387169816,,43.47885903846383,6c591a7_residual_size_adjusted_draft_2025Q4,official_inside_counts_no_external_walk_component,complete_sales_observed_only,,False,True,,31.63552879565269,79.18047743404313,20.35623409669211,77.35368956743002,31.63552879565269,79.18047743404313,22.14487015695688,23.754143230212936,C2_bakery|C1_coffee,C2_bakery,only_C1_C2_available_C_stay_unverified_no_third_subtype,"공식 2025Q4 커피·음료 7개, 제과 5개. 매출 상태 complete; 공급·소비 완전관측군의 잔차 보정 초안. 현재 영업·체류·학습 허용 미검증."
3110162,군자역 4번,골목상권,True,,5.0,3.0,150,True,True,complete,both_cafe_industries_sales_observed,48.19848825941944,,46.24995554338742,6c591a7_residual_size_adjusted_draft_2025Q4,official_inside_counts_no_external_walk_component,complete_sales_observed_only,,False,True,,39.6133199091402,68.23054774340432,41.348600508905854,77.735368956743,39.6133199091402,68.23054774340432,27.72932393639814,20.469164323021293,C2_bakery|C1_coffee,C2_bakery,only_C1_C2_available_C_stay_unverified_no_third_subtype,"공식 2025Q4 커피·음료 5개, 제과 3개. 매출 상태 complete; 공급·소비 완전관측군의 잔차 보정 초안. 현재 영업·체류·학습 허용 미검증."
3110163,성자초등학교,골목상권,True,,8.0,2.0,173,True,False,insufficient,partial_or_unusable_sales,,,,6c591a7_residual_size_adjusted_draft_2025Q4,official_inside_counts_no_external_walk_component,not_ranked,,False,False,insufficient_sales_evidence,59.81207210384408,,65.9033078880407,58.77862595419848,,,,,not_available,not_available,only_C1_C2_available_C_stay_unverified_no_third_subtype,"공식 2025Q4 커피·음료 8개, 제과 2개. 매출 상태 insufficient; 순위 제외: insufficient_sales_evidence. 현재 영업·체류·학습 허용 미검증."
3110164,아차산역 5번,골목상권,True,,3.0,1.0,76,False,False,supply_only,no_cafe_sales_rows,,36.284987277353686,,6c591a7_residual_size_adjusted_draft_2025Q4,official_inside_counts_no_external_walk_component,supply_only_exploration_only,36.284987277353686,True,False,,,,31.170483460559797,48.21882951653944,31.170483460559797,48.21882951653944,21.81933842239186,14.465648854961831,C2_bakery|C1_coffee,C2_bakery,only_C1_C2_available_C_stay_unverified_no_third_subtype,"공식 2025Q4 커피·음료 3개, 제과 1개. 매출 상태 supply_only; 공급 전용 탐색군. 현재 영업·체류·학습 허용 미검증."
3110165,국립정신건강센터,골목상권,True,,5.0,0.0,162,True,False,insufficient,partial_or_unusable_sales,,,,6c591a7_residual_size_adjusted_draft_2025Q4,official_inside_counts_no_external_walk_component,not_ranked,,False,False,insufficient_sales_evidence,30.986838412911496,,29.51653944020356,5.7251908396946565,,,,,not_available,not_available,only_C1_C2_available_C_stay_unverified_no_third_subtype,"공식 2025Q4 커피·음료 5개, 제과 0개. 매출 상태 insufficient; 순위 제외: insufficient_sales_evidence. 현재 영업·체류·학습 허용 미검증."
3110166,구의1동주민센터,골목상권,True,,18.0,5.0,327,True,True,complete,both_cafe_industries_sales_observed,62.57837254660695,,59.630588869715936,6c591a7_residual_size_adjusted_draft_2025Q4,official_inside_counts_no_external_walk_component,complete_sales_observed_only,,False,True,,63.68012498909758,60.00761684746216,72.264631043257,74.68193384223919,63.68012498909758,60.00761684746216,44.5760874923683,18.002285054238648,C1_coffee|C2_bakery,C1_coffee,only_C1_C2_available_C_stay_unverified_no_third_subtype,"공식 2025Q4 커피·음료 18개, 제과 5개. 매출 상태 complete; 공급·소비 완전관측군의 잔차 보정 초안. 현재 영업·체류·학습 허용 미검증."
3110167,용마초등학교,골목상권,True,,10.0,2.0,264,True,True,complete,both_cafe_industries_sales_observed,34.290824354432225,,31.72413678824816,6c591a7_residual_size_adjusted_draft_2025Q4,official_inside_counts_no_external_walk_component,complete_sales_observed_only,,False,True,,30.51655100624566,43.09746216686754,38.54961832061068,33.842239185750635,30.51655100624566,43.09746216686754,21.36158570437196,12.929238650060261,C2_bakery|C1_coffee,C2_bakery,only_C1_C2_available_C_stay_unverified_no_third_subtype,"공식 2025Q4 커피·음료 10개, 제과 2개. 매출 상태 complete; 공급·소비 완전관측군의 잔차 보정 초안. 현재 영업·체류·학습 허용 미검증."
3110168,대원고등학교,골목상권,True,,4.0,1.0,116,True,False,insufficient,partial_or_unusable_sales,,,,6c591a7_residual_size_adjusted_draft_2025Q4,official_inside_counts_no_external_walk_component,not_ranked,,False,False,insufficient_sales_evidence,36.584866497537,,42.49363867684479,44.02035623409669,,,,,not_available,not_available,only_C1_C2_available_C_stay_unverified_no_third_subtype,"공식 2025Q4 커피·음료 4개, 제과 1개. 매출 상태 insufficient; 순위 제외: insufficient_sales_evidence. 현재 영업·체류·학습 허용 미검증."
3110169,성동초등학교,골목상권,True,,4.0,3.0,119,True,True,complete,both_cafe_industries_sales_observed,46.11098056585588,,42.12600094647272,6c591a7_residual_size_adjusted_draft_2025Q4,official_inside_counts_no_external_walk_component,complete_sales_observed_only,,False,True,,37.98038835356443,65.08236239453596,35.49618320610687,82.82442748091603,37.98038835356443,65.08236239453596,26.586271847495098,19.524708718360788,C2_bakery|C1_coffee,C2_bakery,only_C1_C2_available_C_stay_unverified_no_third_subtype,"공식 2025Q4 커피·음료 4개, 제과 3개. 매출 상태 complete; 공급·소비 완전관측군의 잔차 보정 초안. 현재 영업·체류·학습 허용 미검증."
3110170,동대부여고,골목상권,True,,6.0,4.0,219,True,False,insufficient,partial_or_unusable_sales,,,,6c591a7_residual_size_adjusted_draft_2025Q4,official_inside_counts_no_external_walk_component,not_ranked,,False,False,insufficient_sales_evidence,30.26723264430059,,23.791348600508904,74.17302798982189,,,,,not_available,not_available,only_C1_C2_available_C_stay_unverified_no_third_subtype,"공식 2025Q4 커피·음료 6개, 제과 4개. 매출 상태 insufficient; 순위 제외: insufficient_sales_evidence. 현재 영업·체류·학습 허용 미검증."
3110171,중곡4동주민센터,골목상권,True,,0.0,0.0,29,False,False,supply_only,no_cafe_sales_rows,,,,6c591a7_residual_size_adjusted_draft_2025Q4,official_inside_counts_no_external_walk_component,supply_only_exploration_only,15.534351145038164,False,False,no_cafe_supply_in_source_snapshot,,,6.488549618320611,36.6412213740458,,,4.541984732824427,10.99236641221374,not_available,not_available,only_C1_C2_available_C_stay_unverified_no_third_subtype,"공식 2025Q4 커피·음료 0개, 제과 0개. 매출 상태 supply_only; 순위 제외: no_cafe_supply_in_source_snapshot. 현재 영업·체류·학습 허용 미검증."
3110172,광진초등학교,골목상권,True,,7.0,2.0,141,False,False,supply_only,no_cafe_sales_rows,,54.47837150127226,,6c591a7_residual_size_adjusted_draft_2025Q4,official_inside_counts_no_external_walk_component,supply_only_exploration_only,54.47837150127226,True,False,,,,52.79898218829516,58.396946564885496,52.79898218829516,58.396946564885496,36.95928753180661,17.519083969465647,C2_bakery|C1_coffee,C2_bakery,only_C1_C2_available_C_stay_unverified_no_third_subtype,"공식 2025Q4 커피·음료 7개, 제과 2개. 매출 상태 supply_only; 공급 전용 탐색군. 현재 영업·체류·학습 허용 미검증."
3110173,구남초등학교,골목상권,True,,4.0,0.0,85,True,False,insufficient,partial_or_unusable_sales,,,,6c591a7_residual_size_adjusted_draft_2025Q4,official_inside_counts_no_external_walk_component,not_ranked,,False,False,insufficient_sales_evidence,60.10592920823806,,59.66921119592875,15.394402035623408,,,,,not_available,not_available,only_C1_C2_available_C_stay_unverified_no_third_subtype,"공식 2025Q4 커피·음료 4개, 제과 0개. 매출 상태 insufficient; 순위 제외: insufficient_sales_evidence. 현재 영업·체류·학습 허용 미검증."
3110174,아차산역 1번,골목상권,True,,7.0,6.0,221,True,True,complete,both_cafe_industries_sales_observed,51.99698414554093,,51.27748113049133,6c591a7_residual_size_adjusted_draft_2025Q4,official_inside_counts_no_external_walk_component,complete_sales_observed_only,,False,True,,42.004853376715474,75.311955939467,36.76844783715013,91.0941475826972,42.004853376715474,75.311955939467,29.40339736370083,22.5935867818401,C2_bakery|C1_coffee,C2_bakery,only_C1_C2_available_C_stay_unverified_no_third_subtype,"공식 2025Q4 커피·음료 7개, 제과 6개. 매출 상태 complete; 공급·소비 완전관측군의 잔차 보정 초안. 현재 영업·체류·학습 허용 미검증."
3110175,푸른동산공원,골목상권,True,,12.0,2.0,150,True,False,insufficient,partial_or_unusable_sales,,,,6c591a7_residual_size_adjusted_draft_2025Q4,official_inside_counts_no_external_walk_component,not_ranked,,False,False,insufficient_sales_evidence,59.96971100063328,,81.1704834605598,55.08905852417303,,,,,not_available,not_available,only_C1_C2_available_C_stay_unverified_no_third_subtype,"공식 2025Q4 커피·음료 12개, 제과 2개. 매출 상태 insufficient; 순위 제외: insufficient_sales_evidence. 현재 영업·체류·학습 허용 미검증."
3110176,해오름공원,골목상권,True,,7.0,2.0,206,True,False,insufficient,partial_or_unusable_sales,,,,6c591a7_residual_size_adjusted_draft_2025Q4,official_inside_counts_no_external_walk_component,not_ranked,,False,False,insufficient_sales_evidence,33.46146555025919,,29.898218829516537,41.475826972010175,,,,,not_available,not_available,only_C1_C2_available_C_stay_unverified_no_third_subtype,"공식 2025Q4 커피·음료 7개, 제과 2개. 매출 상태 insufficient; 순위 제외: insufficient_sales_evidence. 현재 영업·체류·학습 허용 미검증."
3110177,동의초등학교,골목상권,True,,5.0,0.0,42,False,False,supply_only,no_cafe_sales_rows,,77.21374045801525,,6c591a7_residual_size_adjusted_draft_2025Q4,official_inside_counts_no_external_walk_component,supply_only_exploration_only,77.21374045801525,True,False,,,,95.0381679389313,35.6234096692112,95.0381679389313,,66.5267175572519,10.68702290076336,C1_coffee,C1_coffee,only_C1_C2_available_C_stay_unverified_no_third_subtype,"공식 2025Q4 커피·음료 5개, 제과 0개. 매출 상태 supply_only; 공급 전용 탐색군. 현재 영업·체류·학습 허용 미검증."
3110178,장로회신학대학교,골목상권,True,,8.0,1.0,54,True,False,insufficient,partial_or_unusable_sales,,,,6c591a7_residual_size_adjusted_draft_2025Q4,official_inside_counts_no_external_walk_component,not_ranked,,False,False,insufficient_sales_evidence,83.9835473999158,,96.0559796437659,65.2671755725191,,,,,not_available,not_available,only_C1_C2_available_C_stay_unverified_no_third_subtype,"공식 2025Q4 커피·음료 8개, 제과 1개. 매출 상태 insufficient; 순위 제외: insufficient_sales_evidence. 현재 영업·체류·학습 허용 미검증."
3110179,광나루역 1번,골목상권,True,,9.0,1.0,103,True,True,complete,both_cafe_industries_sales_observed,76.63760050880605,,71.88893063919116,6c591a7_residual_size_adjusted_draft_2025Q4,official_inside_counts_no_external_walk_component,complete_sales_observed_only,,False,True,,89.4425042566827,46.75949176376054,92.6208651399491,51.52671755725192,89.4425042566827,46.75949176376054,62.609752979677886,14.027847529128163,C1_coffee|C2_bakery,C1_coffee,only_C1_C2_available_C_stay_unverified_no_third_subtype,"공식 2025Q4 커피·음료 9개, 제과 1개. 매출 상태 complete; 공급·소비 완전관측군의 잔차 보정 초안. 현재 영업·체류·학습 허용 미검증."
3110180,광진정보도서관,골목상권,True,,13.0,0.0,203,True,False,insufficient,partial_or_unusable_sales,,,,6c591a7_residual_size_adjusted_draft_2025Q4,official_inside_counts_no_external_walk_component,not_ranked,,False,False,insufficient_sales_evidence,75.97964509315403,,82.95165394402035,5.216284987277354,,,,,not_available,not_available,only_C1_C2_available_C_stay_unverified_no_third_subtype,"공식 2025Q4 커피·음료 13개, 제과 0개. 매출 상태 insufficient; 순위 제외: insufficient_sales_evidence. 현재 영업·체류·학습 허용 미검증."
3110181,신설동역 9번,골목상권,True,,3.0,0.0,171,False,False,supply_only,no_cafe_sales_rows,,5.788804071246819,,6c591a7_residual_size_adjusted_draft_2025Q4,official_inside_counts_no_external_walk_component,supply_only_exploration_only,5.788804071246819,True,False,,,,6.743002544529262,3.5623409669211195,6.743002544529262,,4.7201017811704835,1.0687022900763359,C1_coffee,C1_coffee,only_C1_C2_available_C_stay_unverified_no_third_subtype,"공식 2025Q4 커피·음료 3개, 제과 0개. 매출 상태 supply_only; 공급 전용 탐색군. 현재 영업·체류·학습 허용 미검증."
3110182,용두희망어린이공원,골목상권,True,,3.0,2.0,101,False,False,supply_only,no_cafe_sales_rows,,44.70737913486005,,6c591a7_residual_size_adjusted_draft_2025Q4,official_inside_counts_no_external_walk_component,supply_only_exploration_only,44.70737913486005,True,False,,,,33.33333333333333,71.2468193384224,33.33333333333333,71.2468193384224,23.33333333333333,21.37404580152672,C2_bakery|C1_coffee,C2_bakery,only_C1_C2_available_C_stay_unverified_no_third_subtype,"공식 2025Q4 커피·음료 3개, 제과 2개. 매출 상태 supply_only; 공급 전용 탐색군. 현재 영업·체류·학습 허용 미검증."
3110183,한국의류시험연구원,골목상권,True,,8.0,1.0,86,True,False,insufficient,partial_or_unusable_sales,,,,6c591a7_residual_size_adjusted_draft_2025Q4,official_inside_counts_no_external_walk_component,not_ranked,,False,False,insufficient_sales_evidence,71.04214514055586,,91.22137404580153,55.597964376590326,,,,,not_available,not_available,only_C1_C2_available_C_stay_unverified_no_third_subtype,"공식 2025Q4 커피·음료 8개, 제과 1개. 매출 상태 insufficient; 순위 제외: insufficient_sales_evidence. 현재 영업·체류·학습 허용 미검증."
3110184,용두사거리,골목상권,True,,2.0,0.0,42,False,False,supply_only,no_cafe_sales_rows,,61.0941475826972,,6c591a7_residual_size_adjusted_draft_2025Q4,official_inside_counts_no_external_walk_component,supply_only_exploration_only,61.0941475826972,True,False,,,,71.2468193384224,37.40458015267176,71.2468193384224,,49.87277353689568,11.221374045801529,C1_coffee,C1_coffee,only_C1_C2_available_C_stay_unverified_no_third_subtype,"공식 2025Q4 커피·음료 2개, 제과 0개. 매출 상태 supply_only; 공급 전용 탐색군. 현재 영업·체류·학습 허용 미검증."
3110185,용두초등학교,골목상권,True,,0.0,0.0,31,False,False,supply_only,no_cafe_sales_rows,,,,6c591a7_residual_size_adjusted_draft_2025Q4,official_inside_counts_no_external_walk_component,supply_only_exploration_only,20.05089058524173,False,False,no_cafe_supply_in_source_snapshot,,,10.432569974554708,42.49363867684479,,,7.302798982188295,12.748091603053437,not_available,not_available,only_C1_C2_available_C_stay_unverified_no_third_subtype,"공식 2025Q4 커피·음료 0개, 제과 0개. 매출 상태 supply_only; 순위 제외: no_cafe_supply_in_source_snapshot. 현재 영업·체류·학습 허용 미검증."
3110186,종암초등학교,골목상권,True,,3.0,0.0,67,False,False,supply_only,no_cafe_sales_rows,,61.43765903307887,,6c591a7_residual_size_adjusted_draft_2025Q4,official_inside_counts_no_external_walk_component,supply_only_exploration_only,61.43765903307887,True,False,,,,76.20865139949109,26.97201017811705,76.20865139949109,,53.34605597964376,8.091603053435115,C1_coffee,C1_coffee,only_C1_C2_available_C_stay_unverified_no_third_subtype,"공식 2025Q4 커피·음료 3개, 제과 0개. 매출 상태 supply_only; 공급 전용 탐색군. 현재 영업·체류·학습 허용 미검증."
3110187,제기동역 6번,골목상권,True,,7.0,0.0,329,True,False,insufficient,partial_or_unusable_sales,,,,6c591a7_residual_size_adjusted_draft_2025Q4,official_inside_counts_no_external_walk_component,not_ranked,,False,False,insufficient_sales_evidence,20.474914771542227,,14.376590330788805,1.1450381679389312,,,,,not_available,not_available,only_C1_C2_available_C_stay_unverified_no_third_subtype,"공식 2025Q4 커피·음료 7개, 제과 0개. 매출 상태 insufficient; 순위 제외: insufficient_sales_evidence. 현재 영업·체류·학습 허용 미검증."
3110188,용두동신동아아파트,골목상권,True,,5.0,0.0,196,True,False,insufficient,partial_or_unusable_sales,,,,6c591a7_residual_size_adjusted_draft_2025Q4,official_inside_counts_no_external_walk_component,not_ranked,,False,False,insufficient_sales_evidence,17.453442129971975,,13.994910941475828,2.6717557251908395,,,,,not_available,not_available,only_C1_C2_available_C_stay_unverified_no_third_subtype,"공식 2025Q4 커피·음료 5개, 제과 0개. 매출 상태 insufficient; 순위 제외: insufficient_sales_evidence. 현재 영업·체류·학습 허용 미검증."
3110189,제기동역 1번,골목상권,True,,1.0,1.0,82,False,False,supply_only,no_cafe_sales_rows,,17.137404580152673,,6c591a7_residual_size_adjusted_draft_2025Q4,official_inside_counts_no_external_walk_component,supply_only_exploration_only,17.137404580152673,True,False,,,,4.961832061068702,45.5470737913486,4.961832061068702,45.5470737913486,3.4732824427480913,13.664122137404581,C2_bakery|C1_coffee,C2_bakery,only_C1_C2_available_C_stay_unverified_no_third_subtype,"공식 2025Q4 커피·음료 1개, 제과 1개. 매출 상태 supply_only; 공급 전용 탐색군. 현재 영업·체류·학습 허용 미검증."
3110190,고대앞사거리,골목상권,True,,9.0,1.0,84,False,False,supply_only,no_cafe_sales_rows,,69.4529262086514,,6c591a7_residual_size_adjusted_draft_2025Q4,official_inside_counts_no_external_walk_component,supply_only_exploration_only,69.4529262086514,True,False,,,,80.78880407124683,43.00254452926209,80.78880407124683,43.00254452926209,56.55216284987278,12.900763358778626,C1_coffee|C2_bakery,C1_coffee,only_C1_C2_available_C_stay_unverified_no_third_subtype,"공식 2025Q4 커피·음료 9개, 제과 1개. 매출 상태 supply_only; 공급 전용 탐색군. 현재 영업·체류·학습 허용 미검증."
3110191,고려대역 6번,골목상권,True,,17.0,1.0,144,True,False,insufficient,partial_or_unusable_sales,,,,6c591a7_residual_size_adjusted_draft_2025Q4,official_inside_counts_no_external_walk_component,not_ranked,,False,False,insufficient_sales_evidence,85.71436009450025,,95.41984732824427,33.078880407124686,,,,,not_available,not_available,only_C1_C2_available_C_stay_unverified_no_third_subtype,"공식 2025Q4 커피·음료 17개, 제과 1개. 매출 상태 insufficient; 순위 제외: insufficient_sales_evidence. 현재 영업·체류·학습 허용 미검증."
3110192,동의보감타워,골목상권,True,,1.0,0.0,107,True,False,insufficient,partial_or_unusable_sales,,,,6c591a7_residual_size_adjusted_draft_2025Q4,official_inside_counts_no_external_walk_component,not_ranked,,False,False,insufficient_sales_evidence,23.179363147176936,,11.323155216284988,15.648854961832065,,,,,not_available,not_available,only_C1_C2_available_C_stay_unverified_no_third_subtype,"공식 2025Q4 커피·음료 1개, 제과 0개. 매출 상태 insufficient; 순위 제외: insufficient_sales_evidence. 현재 영업·체류·학습 허용 미검증."
3110193,고려대역 4번,골목상권,True,,4.0,1.0,73,False,False,supply_only,no_cafe_sales_rows,,53.52417302798982,,6c591a7_residual_size_adjusted_draft_2025Q4,official_inside_counts_no_external_walk_component,supply_only_exploration_only,53.52417302798982,True,False,,,,53.9440203562341,52.54452926208651,53.9440203562341,52.54452926208651,37.76081424936387,15.763358778625953,C1_coffee|C2_bakery,C1_coffee,only_C1_C2_available_C_stay_unverified_no_third_subtype,"공식 2025Q4 커피·음료 4개, 제과 1개. 매출 상태 supply_only; 공급 전용 탐색군. 현재 영업·체류·학습 허용 미검증."
3110194,홍파초등학교,골목상권,True,,2.0,0.0,132,False,False,supply_only,no_cafe_sales_rows,,7.366412213740458,,6c591a7_residual_size_adjusted_draft_2025Q4,official_inside_counts_no_external_walk_component,supply_only_exploration_only,7.366412213740458,True,False,,,,7.633587786259542,6.743002544529262,7.633587786259542,,5.343511450381679,2.0229007633587788,C1_coffee,C1_coffee,only_C1_C2_available_C_stay_unverified_no_third_subtype,"공식 2025Q4 커피·음료 2개, 제과 0개. 매출 상태 supply_only; 공급 전용 탐색군. 현재 영업·체류·학습 허용 미검증."
3110195,동대문구청,골목상권,True,,8.0,3.0,229,True,True,complete,both_cafe_industries_sales_observed,43.19834999432175,,40.80668789174676,6c591a7_residual_size_adjusted_draft_2025Q4,official_inside_counts_no_external_walk_component,complete_sales_observed_only,,False,True,,40.00373393552594,50.65245413151199,39.05852417302799,60.94147582697202,40.00373393552594,50.65245413151199,28.002613754868158,15.195736239453595,C2_bakery|C1_coffee,C2_bakery,only_C1_C2_available_C_stay_unverified_no_third_subtype,"공식 2025Q4 커피·음료 8개, 제과 3개. 매출 상태 complete; 공급·소비 완전관측군의 잔차 보정 초안. 현재 영업·체류·학습 허용 미검증."
3110196,홍릉근린공원,골목상권,True,,0.0,0.0,28,False,False,supply_only,no_cafe_sales_rows,,,,6c591a7_residual_size_adjusted_draft_2025Q4,official_inside_counts_no_external_walk_component,supply_only_exploration_only,18.19338422391857,False,False,no_cafe_supply_in_source_snapshot,,,8.651399491094146,40.458015267175576,,,6.055979643765902,12.137404580152673,not_available,not_available,only_C1_C2_available_C_stay_unverified_no_third_subtype,"공식 2025Q4 커피·음료 0개, 제과 0개. 매출 상태 supply_only; 순위 제외: no_cafe_supply_in_source_snapshot. 현재 영업·체류·학습 허용 미검증."
3110197,세종대왕기념관교차로,골목상권,True,,1.0,0.0,25,True,False,insufficient,partial_or_unusable_sales,,,,6c591a7_residual_size_adjusted_draft_2025Q4,official_inside_counts_no_external_walk_component,not_ranked,,False,False,insufficient_sales_evidence,56.22378793567006,,59.92366412213741,50.25445292620865,,,,,not_available,not_available,only_C1_C2_available_C_stay_unverified_no_third_subtype,"공식 2025Q4 커피·음료 1개, 제과 0개. 매출 상태 insufficient; 순위 제외: insufficient_sales_evidence. 현재 영업·체류·학습 허용 미검증."
3110198,동대문중앙새마을금고본점,골목상권,True,,0.0,0.0,36,False,False,supply_only,no_cafe_sales_rows,,,,6c591a7_residual_size_adjusted_draft_2025Q4,official_inside_counts_no_external_walk_component,supply_only_exploration_only,23.428753180661573,False,False,no_cafe_supply_in_source_snapshot,,,14.249363867684478,44.847328244274806,,,9.974554707379134,13.45419847328244,not_available,not_available,only_C1_C2_available_C_stay_unverified_no_third_subtype,"공식 2025Q4 커피·음료 0개, 제과 0개. 매출 상태 supply_only; 순위 제외: no_cafe_supply_in_source_snapshot. 현재 영업·체류·학습 허용 미검증."
3110199,홍릉시장,골목상권,True,,3.0,1.0,154,False,False,supply_only,no_cafe_sales_rows,,22.150127226463106,,6c591a7_residual_size_adjusted_draft_2025Q4,official_inside_counts_no_external_walk_component,supply_only_exploration_only,22.150127226463106,True,False,,,,17.302798982188293,33.460559796437664,17.302798982188293,33.460559796437664,12.111959287531803,10.038167938931299,C2_bakery|C1_coffee,C2_bakery,only_C1_C2_available_C_stay_unverified_no_third_subtype,"공식 2025Q4 커피·음료 3개, 제과 1개. 매출 상태 supply_only; 공급 전용 탐색군. 현재 영업·체류·학습 허용 미검증."
3110200,동대문경찰서,골목상권,True,,1.0,0.0,33,False,False,supply_only,no_cafe_sales_rows,,38.77862595419848,,6c591a7_residual_size_adjusted_draft_2025Q4,official_inside_counts_no_external_walk_component,supply_only_exploration_only,38.77862595419848,True,False,,,,39.31297709923664,37.53180661577608,39.31297709923664,,27.519083969465647,11.259541984732822,C1_coffee,C1_coffee,only_C1_C2_available_C_stay_unverified_no_third_subtype,"공식 2025Q4 커피·음료 1개, 제과 0개. 매출 상태 supply_only; 공급 전용 탐색군. 현재 영업·체류·학습 허용 미검증."
3110201,전농119안전센터,골목상권,True,,2.0,0.0,39,False,False,supply_only,no_cafe_sales_rows,,62.56997455470738,,6c591a7_residual_size_adjusted_draft_2025Q4,official_inside_counts_no_external_walk_component,supply_only_exploration_only,62.56997455470738,True,False,,,,72.64631043256998,39.05852417302799,72.64631043256998,,50.85241730279898,11.717557251908397,C1_coffee,C1_coffee,only_C1_C2_available_C_stay_unverified_no_third_subtype,"공식 2025Q4 커피·음료 2개, 제과 0개. 매출 상태 supply_only; 공급 전용 탐색군. 현재 영업·체류·학습 허용 미검증."
3110202,전농1동주민센터(전농시장),골목상권,True,,0.0,1.0,51,False,False,supply_only,no_cafe_sales_rows,,26.23409669211196,,6c591a7_residual_size_adjusted_draft_2025Q4,official_inside_counts_no_external_walk_component,supply_only_exploration_only,26.23409669211196,True,False,,,,5.852417302798982,73.79134860050891,,73.79134860050891,4.096692111959287,22.137404580152673,C2_bakery,C2_bakery,only_C1_C2_available_C_stay_unverified_no_third_subtype,"공식 2025Q4 커피·음료 0개, 제과 1개. 매출 상태 supply_only; 공급 전용 탐색군. 현재 영업·체류·학습 허용 미검증."
3110203,떡전교사거리,골목상권,True,,4.0,1.0,87,True,False,insufficient,partial_or_unusable_sales,,,,6c591a7_residual_size_adjusted_draft_2025Q4,official_inside_counts_no_external_walk_component,not_ranked,,False,False,insufficient_sales_evidence,59.364199117947074,,61.45038167938931,54.19847328244275,,,,,not_available,not_available,only_C1_C2_available_C_stay_unverified_no_third_subtype,"공식 2025Q4 커피·음료 4개, 제과 1개. 매출 상태 insufficient; 순위 제외: insufficient_sales_evidence. 현재 영업·체류·학습 허용 미검증."
3110204,간데메공원,골목상권,True,,9.0,2.0,222,True,False,insufficient,partial_or_unusable_sales,,,,6c591a7_residual_size_adjusted_draft_2025Q4,official_inside_counts_no_external_walk_component,not_ranked,,False,False,insufficient_sales_evidence,50.06975157658427,,43.38422391857507,40.96692111959288,,,,,not_available,not_available,only_C1_C2_available_C_stay_unverified_no_third_subtype,"공식 2025Q4 커피·음료 9개, 제과 2개. 매출 상태 insufficient; 순위 제외: insufficient_sales_evidence. 현재 영업·체류·학습 허용 미검증."
3110205,경희대삼거리,골목상권,True,,24.0,7.0,249,True,True,complete,both_cafe_industries_sales_observed,77.13299408605016,,75.00299347961594,6c591a7_residual_size_adjusted_draft_2025Q4,official_inside_counts_no_external_walk_component,complete_sales_observed_only,,False,True,,79.54565647717318,71.5034485067631,95.67430025445292,94.91094147582696,79.54565647717318,71.5034485067631,55.681959534021225,21.451034552028933,C1_coffee|C2_bakery,C1_coffee,only_C1_C2_available_C_stay_unverified_no_third_subtype,"공식 2025Q4 커피·음료 24개, 제과 7개. 매출 상태 complete; 공급·소비 완전관측군의 잔차 보정 초안. 현재 영업·체류·학습 허용 미검증."
3110206,텃골근린공원,골목상권,True,,9.0,4.0,169,True,False,insufficient,partial_or_unusable_sales,,,,6c591a7_residual_size_adjusted_draft_2025Q4,official_inside_counts_no_external_walk_component,not_ranked,,False,False,insufficient_sales_evidence,55.27307937338597,,60.81424936386769,83.58778625954199,,,,,not_available,not_available,only_C1_C2_available_C_stay_unverified_no_third_subtype,"공식 2025Q4 커피·음료 9개, 제과 4개. 매출 상태 insufficient; 순위 제외: insufficient_sales_evidence. 현재 영업·체류·학습 허용 미검증."
3110207,시립대앞사거리,골목상권,True,,3.0,0.0,69,True,False,insufficient,partial_or_unusable_sales,,,,6c591a7_residual_size_adjusted_draft_2025Q4,official_inside_counts_no_external_walk_component,not_ranked,,False,False,insufficient_sales_evidence,65.05326503680277,,68.32061068702289,23.791348600508904,,,,,not_available,not_available,only_C1_C2_available_C_stay_unverified_no_third_subtype,"공식 2025Q4 커피·음료 3개, 제과 0개. 매출 상태 insufficient; 순위 제외: insufficient_sales_evidence. 현재 영업·체류·학습 허용 미검증."
3110208,시조사삼거리,골목상권,True,,2.0,0.0,37,False,False,supply_only,no_cafe_sales_rows,,49.783715012722645,,6c591a7_residual_size_adjusted_draft_2025Q4,official_inside_counts_no_external_walk_component,supply_only_exploration_only,49.783715012722645,True,False,,,,57.3791348600509,32.06106870229007,57.3791348600509,,40.16539440203562,9.618320610687022,C1_coffee,C1_coffee,only_C1_C2_available_C_stay_unverified_no_third_subtype,"공식 2025Q4 커피·음료 2개, 제과 0개. 매출 상태 supply_only; 공급 전용 탐색군. 현재 영업·체류·학습 허용 미검증."
3110209,답십리 장령당공원,골목상권,True,,1.0,0.0,50,False,False,supply_only,no_cafe_sales_rows,,33.2442748091603,,6c591a7_residual_size_adjusted_draft_2025Q4,official_inside_counts_no_external_walk_component,supply_only_exploration_only,33.2442748091603,True,False,,,,33.969465648854964,31.55216284987277,33.969465648854964,,23.778625954198475,9.465648854961831,C1_coffee,C1_coffee,only_C1_C2_available_C_stay_unverified_no_third_subtype,"공식 2025Q4 커피·음료 1개, 제과 0개. 매출 상태 supply_only; 공급 전용 탐색군. 현재 영업·체류·학습 허용 미검증."
3110210,서울시립대,골목상권,True,,10.0,2.0,138,True,False,insufficient,partial_or_unusable_sales,,,,6c591a7_residual_size_adjusted_draft_2025Q4,official_inside_counts_no_external_walk_component,not_ranked,,False,False,insufficient_sales_evidence,68.89818413139024,,70.22900763358778,54.96183206106871,,,,,not_available,not_available,only_C1_C2_available_C_stay_unverified_no_third_subtype,"공식 2025Q4 커피·음료 10개, 제과 2개. 매출 상태 insufficient; 순위 제외: insufficient_sales_evidence. 현재 영업·체류·학습 허용 미검증."
3110211,전곡마을마당공원,골목상권,True,,5.0,0.0,174,True,False,insufficient,partial_or_unusable_sales,,,,6c591a7_residual_size_adjusted_draft_2025Q4,official_inside_counts_no_external_walk_component,not_ranked,,False,False,insufficient_sales_evidence,20.37523350132535,,19.97455470737913,3.816793893129771,,,,,not_available,not_available,only_C1_C2_available_C_stay_unverified_no_third_subtype,"공식 2025Q4 커피·음료 5개, 제과 0개. 매출 상태 insufficient; 순위 제외: insufficient_sales_evidence. 현재 영업·체류·학습 허용 미검증."
3110212,답십리초등학교,골목상권,True,,11.0,2.0,230,True,False,insufficient,partial_or_unusable_sales,,,,6c591a7_residual_size_adjusted_draft_2025Q4,official_inside_counts_no_external_walk_component,not_ranked,,False,False,insufficient_sales_evidence,67.04494298510066,,69.8473282442748,47.70992366412214,,,,,not_available,not_available,only_C1_C2_available_C_stay_unverified_no_third_subtype,"공식 2025Q4 커피·음료 11개, 제과 2개. 매출 상태 insufficient; 순위 제외: insufficient_sales_evidence. 현재 영업·체류·학습 허용 미검증."
3110213,청량초등학교,골목상권,True,,7.0,0.0,40,True,False,insufficient,partial_or_unusable_sales,,,,6c591a7_residual_size_adjusted_draft_2025Q4,official_inside_counts_no_external_walk_component,not_ranked,,False,False,insufficient_sales_evidence,82.81163847206894,,97.83715012722644,32.82442748091603,,,,,not_available,not_available,only_C1_C2_available_C_stay_unverified_no_third_subtype,"공식 2025Q4 커피·음료 7개, 제과 0개. 매출 상태 insufficient; 순위 제외: insufficient_sales_evidence. 현재 영업·체류·학습 허용 미검증."
3110214,경희대후문,골목상권,True,,15.0,3.0,81,True,True,complete,both_cafe_industries_sales_observed,87.76586444538782,,80.90122770672949,6c591a7_residual_size_adjusted_draft_2025Q4,official_inside_counts_no_external_walk_component,complete_sales_observed_only,,False,True,,90.9153771477761,80.41700147314853,97.20101781170484,87.53180661577609,90.9153771477761,80.41700147314853,63.640764003443266,24.125100441944557,C1_coffee|C2_bakery,C1_coffee,only_C1_C2_available_C_stay_unverified_no_third_subtype,"공식 2025Q4 커피·음료 15개, 제과 3개. 매출 상태 complete; 공급·소비 완전관측군의 잔차 보정 초안. 현재 영업·체류·학습 허용 미검증."
3110215,회기역 1번,골목상권,True,,4.0,0.0,64,True,False,insufficient,partial_or_unusable_sales,,,,6c591a7_residual_size_adjusted_draft_2025Q4,official_inside_counts_no_external_walk_component,not_ranked,,False,False,insufficient_sales_evidence,58.57513604320011,,67.43002544529261,18.956743002544528,,,,,not_available,not_available,only_C1_C2_available_C_stay_unverified_no_third_subtype,"공식 2025Q4 커피·음료 4개, 제과 0개. 매출 상태 insufficient; 순위 제외: insufficient_sales_evidence. 현재 영업·체류·학습 허용 미검증."
3110216,전농중학교,골목상권,True,,6.0,0.0,146,True,False,insufficient,partial_or_unusable_sales,,,,6c591a7_residual_size_adjusted_draft_2025Q4,official_inside_counts_no_external_walk_component,not_ranked,,False,False,insufficient_sales_evidence,44.2345339264248,,55.470737913486005,8.142493638676845,,,,,not_available,not_available,only_C1_C2_available_C_stay_unverified_no_third_subtype,"공식 2025Q4 커피·음료 6개, 제과 0개. 매출 상태 insufficient; 순위 제외: insufficient_sales_evidence. 현재 영업·체류·학습 허용 미검증."
3110217,자동차부품상가,골목상권,True,,1.0,0.0,421,False,False,supply_only,no_cafe_sales_rows,,1.2722646310432568,,6c591a7_residual_size_adjusted_draft_2025Q4,official_inside_counts_no_external_walk_component,supply_only_exploration_only,1.2722646310432568,True,False,,,,0.8905852417302799,2.162849872773537,0.8905852417302799,,0.6234096692111959,0.648854961832061,C1_coffee,C1_coffee,only_C1_C2_available_C_stay_unverified_no_third_subtype,"공식 2025Q4 커피·음료 1개, 제과 0개. 매출 상태 supply_only; 공급 전용 탐색군. 현재 영업·체류·학습 허용 미검증."
3110218,답십리사거리,골목상권,True,,5.0,7.0,203,True,True,complete,both_cafe_industries_sales_observed,43.23862811821593,,43.78894080942848,6c591a7_residual_size_adjusted_draft_2025Q4,official_inside_counts_no_external_walk_component,complete_sales_observed_only,,False,True,,27.115168390196548,80.86003415026117,27.353689567430024,97.32824427480917,27.115168390196548,80.86003415026117,18.980617873137582,24.25801024507835,C2_bakery|C1_coffee,C2_bakery,only_C1_C2_available_C_stay_unverified_no_third_subtype,"공식 2025Q4 커피·음료 5개, 제과 7개. 매출 상태 complete; 공급·소비 완전관측군의 잔차 보정 초안. 현재 영업·체류·학습 허용 미검증."
3110219,삼육보건대학교,골목상권,True,,16.0,1.0,254,True,False,insufficient,partial_or_unusable_sales,,,,6c591a7_residual_size_adjusted_draft_2025Q4,official_inside_counts_no_external_walk_component,not_ranked,,False,False,insufficient_sales_evidence,58.65942822038429,,63.99491094147582,13.8676844783715,,,,,not_available,not_available,only_C1_C2_available_C_stay_unverified_no_third_subtype,"공식 2025Q4 커피·음료 16개, 제과 1개. 매출 상태 insufficient; 순위 제외: insufficient_sales_evidence. 현재 영업·체류·학습 허용 미검증."
3110220,외대앞역 1번,골목상권,True,,8.0,3.0,333,True,False,insufficient,partial_or_unusable_sales,,,,6c591a7_residual_size_adjusted_draft_2025Q4,official_inside_counts_no_external_walk_component,not_ranked,,False,False,insufficient_sales_evidence,43.04992605317345,,32.56997455470738,53.43511450381679,,,,,not_available,not_available,only_C1_C2_available_C_stay_unverified_no_third_subtype,"공식 2025Q4 커피·음료 8개, 제과 3개. 매출 상태 insufficient; 순위 제외: insufficient_sales_evidence. 현재 영업·체류·학습 허용 미검증."
3110221,의릉,골목상권,True,,3.0,0.0,43,True,False,insufficient,partial_or_unusable_sales,,,,6c591a7_residual_size_adjusted_draft_2025Q4,official_inside_counts_no_external_walk_component,not_ranked,,False,False,insufficient_sales_evidence,60.91284039241115,,68.19338422391857,26.590330788804074,,,,,not_available,not_available,only_C1_C2_available_C_stay_unverified_no_third_subtype,"공식 2025Q4 커피·음료 3개, 제과 0개. 매출 상태 insufficient; 순위 제외: insufficient_sales_evidence. 현재 영업·체류·학습 허용 미검증."
3110222,회기역 2번,골목상권,True,,0.0,0.0,26,False,False,supply_only,no_cafe_sales_rows,,,,6c591a7_residual_size_adjusted_draft_2025Q4,official_inside_counts_no_external_walk_component,supply_only_exploration_only,30.5089058524173,False,False,no_cafe_supply_in_source_snapshot,,,21.119592875318062,52.41730279898219,,,14.783715012722643,15.725190839694656,not_available,not_available,only_C1_C2_available_C_stay_unverified_no_third_subtype,"공식 2025Q4 커피·음료 0개, 제과 0개. 매출 상태 supply_only; 순위 제외: no_cafe_supply_in_source_snapshot. 현재 영업·체류·학습 허용 미검증."
3110223,군자초등학교,골목상권,True,,1.0,0.0,51,False,False,supply_only,no_cafe_sales_rows,,21.97201017811705,,6c591a7_residual_size_adjusted_draft_2025Q4,official_inside_counts_no_external_walk_component,supply_only_exploration_only,21.97201017811705,True,False,,,,20.865139949109416,24.55470737913486,20.865139949109416,,14.60559796437659,7.366412213740458,C1_coffee,C1_coffee,only_C1_C2_available_C_stay_unverified_no_third_subtype,"공식 2025Q4 커피·음료 1개, 제과 0개. 매출 상태 supply_only; 공급 전용 탐색군. 현재 영업·체류·학습 허용 미검증."
3110224,외대앞역 2번,골목상권,True,,3.0,2.0,87,True,True,complete,both_cafe_industries_sales_observed,44.73135050456484,,40.560637952821054,6c591a7_residual_size_adjusted_draft_2025Q4,official_inside_counts_no_external_walk_component,complete_sales_observed_only,,False,True,,36.447917353992935,64.05936118923262,44.910941475826974,79.38931297709924,36.447917353992935,64.05936118923262,25.513542147795054,19.217808356769783,C2_bakery|C1_coffee,C2_bakery,only_C1_C2_available_C_stay_unverified_no_third_subtype,"공식 2025Q4 커피·음료 3개, 제과 2개. 매출 상태 complete; 공급·소비 완전관측군의 잔차 보정 초안. 현재 영업·체류·학습 허용 미검증."
3110225,촬영소사거리,골목상권,True,,3.0,1.0,132,True,False,insufficient,partial_or_unusable_sales,,,,6c591a7_residual_size_adjusted_draft_2025Q4,official_inside_counts_no_external_walk_component,not_ranked,,False,False,insufficient_sales_evidence,38.43341220994832,,27.480916030534356,40.71246819338422,,,,,not_available,not_available,only_C1_C2_available_C_stay_unverified_no_third_subtype,"공식 2025Q4 커피·음료 3개, 제과 1개. 매출 상태 insufficient; 순위 제외: insufficient_sales_evidence. 현재 영업·체류·학습 허용 미검증."
3110226,장안1동주민센터,골목상권,True,,18.0,5.0,665,True,True,complete,both_cafe_industries_sales_observed,32.70839651895064,,31.64842975519573,6c591a7_residual_size_adjusted_draft_2025Q4,official_inside_counts_no_external_walk_component,complete_sales_observed_only,,False,True,,27.65275006351843,44.50490491495914,26.08142493638677,45.67430025445292,27.65275006351843,44.50490491495914,19.356925044462898,13.351471474487742,C2_bakery|C1_coffee,C2_bakery,only_C1_C2_available_C_stay_unverified_no_third_subtype,"공식 2025Q4 커피·음료 18개, 제과 5개. 매출 상태 complete; 공급·소비 완전관측군의 잔차 보정 초안. 현재 영업·체류·학습 허용 미검증."
3110227,답십리공원,골목상권,True,,3.0,1.0,119,True,False,insufficient,partial_or_unusable_sales,,,,6c591a7_residual_size_adjusted_draft_2025Q4,official_inside_counts_no_external_walk_component,not_ranked,,False,False,insufficient_sales_evidence,32.46891692548056,,30.15267175572519,44.40203562340967,,,,,not_available,not_available,only_C1_C2_available_C_stay_unverified_no_third_subtype,"공식 2025Q4 커피·음료 3개, 제과 1개. 매출 상태 insufficient; 순위 제외: insufficient_sales_evidence. 현재 영업·체류·학습 허용 미검증."
3110228,장안근린공원,골목상권,True,,7.0,2.0,293,True,False,insufficient,partial_or_unusable_sales,,,,6c591a7_residual_size_adjusted_draft_2025Q4,official_inside_counts_no_external_walk_component,not_ranked,,False,False,insufficient_sales_evidence,17.150498287846556,,14.631043256997456,29.134860050890588,,,,,not_available,not_available,only_C1_C2_available_C_stay_unverified_no_third_subtype,"공식 2025Q4 커피·음료 7개, 제과 2개. 매출 상태 insufficient; 순위 제외: insufficient_sales_evidence. 현재 영업·체류·학습 허용 미검증."
3110229,장평중학교,골목상권,True,,10.0,3.0,330,True,False,insufficient,partial_or_unusable_sales,,,,6c591a7_residual_size_adjusted_draft_2025Q4,official_inside_counts_no_external_walk_component,not_ranked,,False,False,insufficient_sales_evidence,20.245288259898444,,23.15521628498728,41.98473282442748,,,,,not_available,not_available,only_C1_C2_available_C_stay_unverified_no_third_subtype,"공식 2025Q4 커피·음료 10개, 제과 3개. 매출 상태 insufficient; 순위 제외: insufficient_sales_evidence. 현재 영업·체류·학습 허용 미검증."
3110230,장안현대홈타운1차아파트,골목상권,True,,4.0,0.0,164,True,False,insufficient,partial_or_unusable_sales,,,,6c591a7_residual_size_adjusted_draft_2025Q4,official_inside_counts_no_external_walk_component,not_ranked,,False,False,insufficient_sales_evidence,26.525901108443964,,24.04580152671756,5.852417302798982,,,,,not_available,not_available,only_C1_C2_available_C_stay_unverified_no_third_subtype,"공식 2025Q4 커피·음료 4개, 제과 0개. 매출 상태 insufficient; 순위 제외: insufficient_sales_evidence. 현재 영업·체류·학습 허용 미검증."
3110231,장안교,골목상권,True,,0.0,0.0,11,False,False,supply_only,no_cafe_sales_rows,,,,6c591a7_residual_size_adjusted_draft_2025Q4,official_inside_counts_no_external_walk_component,supply_only_exploration_only,52.46819338422392,False,False,no_cafe_supply_in_source_snapshot,,,44.33842239185751,71.43765903307889,,,31.036895674300258,21.431297709923665,not_available,not_available,only_C1_C2_available_C_stay_unverified_no_third_subtype,"공식 2025Q4 커피·음료 0개, 제과 0개. 매출 상태 supply_only; 순위 제외: no_cafe_supply_in_source_snapshot. 현재 영업·체류·학습 허용 미검증."
3110232,동대부고,골목상권,True,,9.0,2.0,245,True,True,complete,both_cafe_industries_sales_observed,41.83442393725636,,40.55613408062636,6c591a7_residual_size_adjusted_draft_2025Q4,official_inside_counts_no_external_walk_component,complete_sales_observed_only,,False,True,,41.57055683856459,42.45011383420383,46.0559796437659,41.0941475826972,41.57055683856459,42.45011383420383,29.09938978699521,12.73503415026115,C2_bakery|C1_coffee,C2_bakery,only_C1_C2_available_C_stay_unverified_no_third_subtype,"공식 2025Q4 커피·음료 9개, 제과 2개. 매출 상태 complete; 공급·소비 완전관측군의 잔차 보정 초안. 현재 영업·체류·학습 허용 미검증."
3110233,중랑역 1번,골목상권,True,,1.0,1.0,147,False,False,supply_only,no_cafe_sales_rows,,8.778625954198473,,6c591a7_residual_size_adjusted_draft_2025Q4,official_inside_counts_no_external_walk_component,supply_only_exploration_only,8.778625954198473,True,False,,,,1.5267175572519085,25.699745547073796,1.5267175572519085,25.699745547073796,1.0687022900763359,7.7099236641221385,C2_bakery|C1_coffee,C2_bakery,only_C1_C2_available_C_stay_unverified_no_third_subtype,"공식 2025Q4 커피·음료 1개, 제과 1개. 매출 상태 supply_only; 공급 전용 탐색군. 현재 영업·체류·학습 허용 미검증."
3110234,중랑역 4번,골목상권,True,,3.0,1.0,88,True,False,insufficient,partial_or_unusable_sales,,,,6c591a7_residual_size_adjusted_draft_2025Q4,official_inside_counts_no_external_walk_component,not_ranked,,False,False,insufficient_sales_evidence,34.58320534844124,,38.42239185750636,50.38167938931297,,,,,not_available,not_available,only_C1_C2_available_C_stay_unverified_no_third_subtype,"공식 2025Q4 커피·음료 3개, 제과 1개. 매출 상태 insufficient; 순위 제외: insufficient_sales_evidence. 현재 영업·체류·학습 허용 미검증."
3110235,세화어린이공원,골목상권,True,,1.0,0.0,24,False,False,supply_only,no_cafe_sales_rows,,50.49618320610687,,6c591a7_residual_size_adjusted_draft_2025Q4,official_inside_counts_no_external_walk_component,supply_only_exploration_only,50.49618320610687,True,False,,,,51.908396946564885,47.20101781170484,51.908396946564885,,36.33587786259542,14.160305343511451,C1_coffee,C1_coffee,only_C1_C2_available_C_stay_unverified_no_third_subtype,"공식 2025Q4 커피·음료 1개, 제과 0개. 매출 상태 supply_only; 공급 전용 탐색군. 현재 영업·체류·학습 허용 미검증."
3110236,신묵초등학교,골목상권,True,,8.0,2.0,299,False,False,supply_only,no_cafe_sales_rows,,21.424936386768447,,6c591a7_residual_size_adjusted_draft_2025Q4,official_inside_counts_no_external_walk_component,supply_only_exploration_only,21.424936386768447,True,False,,,,18.447837150127228,28.37150127226463,18.447837150127228,28.37150127226463,12.913486005089059,8.511450381679388,C2_bakery|C1_coffee,C2_bakery,only_C1_C2_available_C_stay_unverified_no_third_subtype,"공식 2025Q4 커피·음료 8개, 제과 2개. 매출 상태 supply_only; 공급 전용 탐색군. 현재 영업·체류·학습 허용 미검증."
3110237,메가박스 상봉,골목상권,True,,12.0,0.0,285,True,False,insufficient,partial_or_unusable_sales,,,,6c591a7_residual_size_adjusted_draft_2025Q4,official_inside_counts_no_external_walk_component,not_ranked,,False,False,insufficient_sales_evidence,51.88051140866808,,53.68956743002544,1.7811704834605595,,,,,not_available,not_available,only_C1_C2_available_C_stay_unverified_no_third_subtype,"공식 2025Q4 커피·음료 12개, 제과 0개. 매출 상태 insufficient; 순위 제외: insufficient_sales_evidence. 현재 영업·체류·학습 허용 미검증."
3110238,배꽃어린이공원,골목상권,True,,1.0,0.0,27,False,False,supply_only,no_cafe_sales_rows,,49.98727735368956,,6c591a7_residual_size_adjusted_draft_2025Q4,official_inside_counts_no_external_walk_component,supply_only_exploration_only,49.98727735368956,True,False,,,,51.78117048346056,45.80152671755725,51.78117048346056,,36.24681933842239,13.740458015267174,C1_coffee,C1_coffee,only_C1_C2_available_C_stay_unverified_no_third_subtype,"공식 2025Q4 커피·음료 1개, 제과 0개. 매출 상태 supply_only; 공급 전용 탐색군. 현재 영업·체류·학습 허용 미검증."
3110239,중랑역 2번,골목상권,True,,2.0,0.0,29,False,False,supply_only,no_cafe_sales_rows,,74.65648854961832,,6c591a7_residual_size_adjusted_draft_2025Q4,official_inside_counts_no_external_walk_component,supply_only_exploration_only,74.65648854961832,True,False,,,,85.30534351145039,49.80916030534351,85.30534351145039,,59.713740458015266,14.942748091603052,C1_coffee,C1_coffee,only_C1_C2_available_C_stay_unverified_no_third_subtype,"공식 2025Q4 커피·음료 2개, 제과 0개. 매출 상태 supply_only; 공급 전용 탐색군. 현재 영업·체류·학습 허용 미검증."
3110240,태릉시장 특화거리,골목상권,True,,4.0,1.0,136,True,False,insufficient,partial_or_unusable_sales,,,,6c591a7_residual_size_adjusted_draft_2025Q4,official_inside_counts_no_external_walk_component,not_ranked,,False,False,insufficient_sales_evidence,37.95170475876269,,45.5470737913486,44.14758269720102,,,,,not_available,not_available,only_C1_C2_available_C_stay_unverified_no_third_subtype,"공식 2025Q4 커피·음료 4개, 제과 1개. 매출 상태 insufficient; 순위 제외: insufficient_sales_evidence. 현재 영업·체류·학습 허용 미검증."
3110241,먹골역 5번,골목상권,True,,6.0,3.0,308,True,True,complete,both_cafe_industries_sales_observed,30.48598614230483,,31.98265916892336,6c591a7_residual_size_adjusted_draft_2025Q4,official_inside_counts_no_external_walk_component,complete_sales_observed_only,,False,True,,25.57674884244776,41.940873175304674,19.720101781170484,55.21628498727736,25.57674884244776,41.940873175304674,17.90372418971343,12.582261952591402,C2_bakery|C1_coffee,C2_bakery,only_C1_C2_available_C_stay_unverified_no_third_subtype,"공식 2025Q4 커피·음료 6개, 제과 3개. 매출 상태 complete; 공급·소비 완전관측군의 잔차 보정 초안. 현재 영업·체류·학습 허용 미검증."
3110242,면목5동주민센터,골목상권,True,,3.0,0.0,125,False,False,supply_only,no_cafe_sales_rows,,11.221374045801523,,6c591a7_residual_size_adjusted_draft_2025Q4,official_inside_counts_no_external_walk_component,supply_only_exploration_only,11.221374045801523,True,False,,,,13.358778625954198,6.23409669211196,13.358778625954198,,9.351145038167937,1.870229007633588,C1_coffee,C1_coffee,only_C1_C2_available_C_stay_unverified_no_third_subtype,"공식 2025Q4 커피·음료 3개, 제과 0개. 매출 상태 supply_only; 공급 전용 탐색군. 현재 영업·체류·학습 허용 미검증."
3110243,중랑노인종합복지관,골목상권,True,,6.0,3.0,278,True,True,complete,both_cafe_industries_sales_observed,25.774147998336247,,23.854740934996432,6c591a7_residual_size_adjusted_draft_2025Q4,official_inside_counts_no_external_walk_component,complete_sales_observed_only,,False,True,,14.129694580645651,52.94453930628097,16.539440203562343,53.68956743002544,14.129694580645651,52.94453930628097,9.890786206451954,15.88336179188429,C2_bakery|C1_coffee,C2_bakery,only_C1_C2_available_C_stay_unverified_no_third_subtype,"공식 2025Q4 커피·음료 6개, 제과 3개. 매출 상태 complete; 공급·소비 완전관측군의 잔차 보정 초안. 현재 영업·체류·학습 허용 미검증."
3110244,중화역 4번,골목상권,True,,4.0,2.0,171,True,False,insufficient,partial_or_unusable_sales,,,,6c591a7_residual_size_adjusted_draft_2025Q4,official_inside_counts_no_external_walk_component,not_ranked,,False,False,insufficient_sales_evidence,26.48914858761561,,29.262086513994912,59.28753180661578,,,,,not_available,not_available,only_C1_C2_available_C_stay_unverified_no_third_subtype,"공식 2025Q4 커피·음료 4개, 제과 2개. 매출 상태 insufficient; 순위 제외: insufficient_sales_evidence. 현재 영업·체류·학습 허용 미검증."
3110245,KB국민은행 중화동지점,골목상권,True,,1.0,0.0,52,False,False,supply_only,no_cafe_sales_rows,,15.394402035623408,,6c591a7_residual_size_adjusted_draft_2025Q4,official_inside_counts_no_external_walk_component,supply_only_exploration_only,15.394402035623408,True,False,,,,13.104325699745548,20.737913486005088,13.104325699745548,,9.173027989821882,6.221374045801526,C1_coffee,C1_coffee,only_C1_C2_available_C_stay_unverified_no_third_subtype,"공식 2025Q4 커피·음료 1개, 제과 0개. 매출 상태 supply_only; 공급 전용 탐색군. 현재 영업·체류·학습 허용 미검증."
3110246,월드순복음교회,골목상권,True,,5.0,0.0,178,True,False,insufficient,partial_or_unusable_sales,,,,6c591a7_residual_size_adjusted_draft_2025Q4,official_inside_counts_no_external_walk_component,not_ranked,,False,False,insufficient_sales_evidence,37.187447052176125,,29.38931297709924,5.470737913486006,,,,,not_available,not_available,only_C1_C2_available_C_stay_unverified_no_third_subtype,"공식 2025Q4 커피·음료 5개, 제과 0개. 매출 상태 insufficient; 순위 제외: insufficient_sales_evidence. 현재 영업·체류·학습 허용 미검증."
3110247,먹골역 1번,골목상권,True,,6.0,2.0,231,True,True,complete,both_cafe_industries_sales_observed,29.02090474091965,,26.051161717466304,6c591a7_residual_size_adjusted_draft_2025Q4,official_inside_counts_no_external_walk_component,complete_sales_observed_only,,False,True,,23.198161568127777,42.60730547743404,17.17557251908397,37.27735368956743,23.198161568127777,42.60730547743404,16.23871309768944,12.782191643230211,C2_bakery|C1_coffee,C2_bakery,only_C1_C2_available_C_stay_unverified_no_third_subtype,"공식 2025Q4 커피·음료 6개, 제과 2개. 매출 상태 complete; 공급·소비 완전관측군의 잔차 보정 초안. 현재 영업·체류·학습 허용 미검증."
3110248,먹골파출소,골목상권,True,,2.0,1.0,44,False,False,supply_only,no_cafe_sales_rows,,60.83969465648855,,6c591a7_residual_size_adjusted_draft_2025Q4,official_inside_counts_no_external_walk_component,supply_only_exploration_only,60.83969465648855,True,False,,,,55.34351145038168,73.66412213740458,55.34351145038168,73.66412213740458,38.74045801526717,22.09923664122137,C2_bakery|C1_coffee,C2_bakery,only_C1_C2_available_C_stay_unverified_no_third_subtype,"공식 2025Q4 커피·음료 2개, 제과 1개. 매출 상태 supply_only; 공급 전용 탐색군. 현재 영업·체류·학습 허용 미검증."
3110249,중화역 1번,골목상권,True,,9.0,3.0,268,True,False,insufficient,partial_or_unusable_sales,,,,6c591a7_residual_size_adjusted_draft_2025Q4,official_inside_counts_no_external_walk_component,not_ranked,,False,False,insufficient_sales_evidence,29.43193327341744,,28.88040712468193,50.50890585241731,,,,,not_available,not_available,only_C1_C2_available_C_stay_unverified_no_third_subtype,"공식 2025Q4 커피·음료 9개, 제과 3개. 매출 상태 insufficient; 순위 제외: insufficient_sales_evidence. 현재 영업·체류·학습 허용 미검증."
3110250,화랑대역 7번,골목상권,True,,1.0,0.0,79,False,False,supply_only,no_cafe_sales_rows,,15.229007633587788,,6c591a7_residual_size_adjusted_draft_2025Q4,official_inside_counts_no_external_walk_component,supply_only_exploration_only,15.229007633587788,True,False,,,,13.740458015267176,18.70229007633588,13.740458015267176,,9.618320610687023,5.610687022900764,C1_coffee,C1_coffee,only_C1_C2_available_C_stay_unverified_no_third_subtype,"공식 2025Q4 커피·음료 1개, 제과 0개. 매출 상태 supply_only; 공급 전용 탐색군. 현재 영업·체류·학습 허용 미검증."
3110251,장안중학교,골목상권,True,,5.0,1.0,164,True,False,insufficient,partial_or_unusable_sales,,,,6c591a7_residual_size_adjusted_draft_2025Q4,official_inside_counts_no_external_walk_component,not_ranked,,False,False,insufficient_sales_evidence,28.941109316162507,,31.29770992366413,27.480916030534356,,,,,not_available,not_available,only_C1_C2_available_C_stay_unverified_no_third_subtype,"공식 2025Q4 커피·음료 5개, 제과 1개. 매출 상태 insufficient; 순위 제외: insufficient_sales_evidence. 현재 영업·체류·학습 허용 미검증."
3110252,장안제일시장,골목상권,True,,10.0,2.0,216,False,False,supply_only,no_cafe_sales_rows,,49.38931297709924,,6c591a7_residual_size_adjusted_draft_2025Q4,official_inside_counts_no_external_walk_component,supply_only_exploration_only,49.38931297709924,True,False,,,,52.29007633587786,42.62086513994911,52.29007633587786,42.62086513994911,36.603053435114504,12.786259541984732,C1_coffee|C2_bakery,C1_coffee,only_C1_C2_available_C_stay_unverified_no_third_subtype,"공식 2025Q4 커피·음료 10개, 제과 2개. 매출 상태 supply_only; 공급 전용 탐색군. 현재 영업·체류·학습 허용 미검증."
3110253,중곡초등학교,골목상권,True,,5.0,1.0,174,False,False,supply_only,no_cafe_sales_rows,,29.69465648854962,,6c591a7_residual_size_adjusted_draft_2025Q4,official_inside_counts_no_external_walk_component,supply_only_exploration_only,29.69465648854962,True,False,,,,30.916030534351147,26.84478371501272,30.916030534351147,26.84478371501272,21.641221374045802,8.053435114503817,C1_coffee|C2_bakery,C1_coffee,only_C1_C2_available_C_stay_unverified_no_third_subtype,"공식 2025Q4 커피·음료 5개, 제과 1개. 매출 상태 supply_only; 공급 전용 탐색군. 현재 영업·체류·학습 허용 미검증."
3110254,오거리공원,골목상권,True,,5.0,3.0,312,True,False,insufficient,partial_or_unusable_sales,,,,6c591a7_residual_size_adjusted_draft_2025Q4,official_inside_counts_no_external_walk_component,not_ranked,,False,False,insufficient_sales_evidence,19.33209842133006,,7.251908396946565,47.45547073791349,,,,,not_available,not_available,only_C1_C2_available_C_stay_unverified_no_third_subtype,"공식 2025Q4 커피·음료 5개, 제과 3개. 매출 상태 insufficient; 순위 제외: insufficient_sales_evidence. 현재 영업·체류·학습 허용 미검증."
3110255,상봉역 4번,골목상권,True,,11.0,0.0,315,True,False,insufficient,partial_or_unusable_sales,,,,6c591a7_residual_size_adjusted_draft_2025Q4,official_inside_counts_no_external_walk_component,not_ranked,,False,False,insufficient_sales_evidence,28.66706503149376,,32.06106870229007,1.0178117048346056,,,,,not_available,not_available,only_C1_C2_available_C_stay_unverified_no_third_subtype,"공식 2025Q4 커피·음료 11개, 제과 0개. 매출 상태 insufficient; 순위 제외: insufficient_sales_evidence. 현재 영업·체류·학습 허용 미검증."
3110256,면목2동체육관,골목상권,True,,8.0,1.0,291,True,False,insufficient,partial_or_unusable_sales,,,,6c591a7_residual_size_adjusted_draft_2025Q4,official_inside_counts_no_external_walk_component,not_ranked,,False,False,insufficient_sales_evidence,18.532614153043383,,15.139949109414758,11.068702290076336,,,,,not_available,not_available,only_C1_C2_available_C_stay_unverified_no_third_subtype,"공식 2025Q4 커피·음료 8개, 제과 1개. 매출 상태 insufficient; 순위 제외: insufficient_sales_evidence. 현재 영업·체류·학습 허용 미검증."
3110257,상봉역 7번,골목상권,True,,5.0,3.0,133,False,False,supply_only,no_cafe_sales_rows,,43.57506361323155,,6c591a7_residual_size_adjusted_draft_2025Q4,official_inside_counts_no_external_walk_component,supply_only_exploration_only,43.57506361323155,True,False,,,,30.788804071246812,73.40966921119593,30.788804071246812,73.40966921119593,21.55216284987277,22.02290076335878,C2_bakery|C1_coffee,C2_bakery,only_C1_C2_available_C_stay_unverified_no_third_subtype,"공식 2025Q4 커피·음료 5개, 제과 3개. 매출 상태 supply_only; 공급 전용 탐색군. 현재 영업·체류·학습 허용 미검증."
3110258,면동초등학교,골목상권,True,,5.0,1.0,167,True,False,insufficient,partial_or_unusable_sales,,,,6c591a7_residual_size_adjusted_draft_2025Q4,official_inside_counts_no_external_walk_component,not_ranked,,False,False,insufficient_sales_evidence,23.51466119080936,,24.681933842239182,24.681933842239182,,,,,not_available,not_available,only_C1_C2_available_C_stay_unverified_no_third_subtype,"공식 2025Q4 커피·음료 5개, 제과 1개. 매출 상태 insufficient; 순위 제외: insufficient_sales_evidence. 현재 영업·체류·학습 허용 미검증."
3110259,사가정역 1번,골목상권,True,,9.0,3.0,220,True,False,insufficient,partial_or_unusable_sales,,,,6c591a7_residual_size_adjusted_draft_2025Q4,official_inside_counts_no_external_walk_component,not_ranked,,False,False,insufficient_sales_evidence,48.94527555621286,,56.87022900763359,65.01272264631042,,,,,not_available,not_available,only_C1_C2_available_C_stay_unverified_no_third_subtype,"공식 2025Q4 커피·음료 9개, 제과 3개. 매출 상태 insufficient; 순위 제외: insufficient_sales_evidence. 현재 영업·체류·학습 허용 미검증."
3110260,면목역 3번,골목상권,True,,2.0,1.0,168,True,False,insufficient,partial_or_unusable_sales,,,,6c591a7_residual_size_adjusted_draft_2025Q4,official_inside_counts_no_external_walk_component,not_ranked,,False,False,insufficient_sales_evidence,15.56945484124185,,8.269720101781171,32.31552162849873,,,,,not_available,not_available,only_C1_C2_available_C_stay_unverified_no_third_subtype,"공식 2025Q4 커피·음료 2개, 제과 1개. 매출 상태 insufficient; 순위 제외: insufficient_sales_evidence. 현재 영업·체류·학습 허용 미검증."
3110261,사가정역 4번,골목상권,True,,7.0,2.0,148,True,False,insufficient,partial_or_unusable_sales,,,,6c591a7_residual_size_adjusted_draft_2025Q4,official_inside_counts_no_external_walk_component,not_ranked,,False,False,insufficient_sales_evidence,46.18455326636405,,46.18320610687023,53.56234096692112,,,,,not_available,not_available,only_C1_C2_available_C_stay_unverified_no_third_subtype,"공식 2025Q4 커피·음료 7개, 제과 2개. 매출 상태 insufficient; 순위 제외: insufficient_sales_evidence. 현재 영업·체류·학습 허용 미검증."
3110262,상봉역 3번,골목상권,True,,6.0,3.0,320,True,False,insufficient,partial_or_unusable_sales,,,,6c591a7_residual_size_adjusted_draft_2025Q4,official_inside_counts_no_external_walk_component,not_ranked,,False,False,insufficient_sales_evidence,16.897741019252717,,14.885496183206106,51.14503816793893,,,,,not_available,not_available,only_C1_C2_available_C_stay_unverified_no_third_subtype,"공식 2025Q4 커피·음료 6개, 제과 3개. 매출 상태 insufficient; 순위 제외: insufficient_sales_evidence. 현재 영업·체류·학습 허용 미검증."
3110263,면목역 1번,골목상권,True,,3.0,2.0,163,True,False,insufficient,partial_or_unusable_sales,,,,6c591a7_residual_size_adjusted_draft_2025Q4,official_inside_counts_no_external_walk_component,not_ranked,,False,False,insufficient_sales_evidence,20.081378861825616,,6.23409669211196,46.43765903307888,,,,,not_available,not_available,only_C1_C2_available_C_stay_unverified_no_third_subtype,"공식 2025Q4 커피·음료 3개, 제과 2개. 매출 상태 insufficient; 순위 제외: insufficient_sales_evidence. 현재 영업·체류·학습 허용 미검증."
3110264,면목역 2번,골목상권,True,,9.0,4.0,322,False,False,supply_only,no_cafe_sales_rows,,29.36386768447837,,6c591a7_residual_size_adjusted_draft_2025Q4,official_inside_counts_no_external_walk_component,supply_only_exploration_only,29.36386768447837,True,False,,,,17.68447837150127,56.61577608142494,17.68447837150127,56.61577608142494,12.37913486005089,16.984732824427482,C2_bakery|C1_coffee,C2_bakery,only_C1_C2_available_C_stay_unverified_no_third_subtype,"공식 2025Q4 커피·음료 9개, 제과 4개. 매출 상태 supply_only; 공급 전용 탐색군. 현재 영업·체류·학습 허용 미검증."
3110265,망우역 1번,골목상권,True,,7.0,1.0,146,True,False,insufficient,partial_or_unusable_sales,,,,6c591a7_residual_size_adjusted_draft_2025Q4,official_inside_counts_no_external_walk_component,not_ranked,,False,False,insufficient_sales_evidence,29.113933478193264,,34.605597964376585,22.900763358778622,,,,,not_available,not_available,only_C1_C2_available_C_stay_unverified_no_third_subtype,"공식 2025Q4 커피·음료 7개, 제과 1개. 매출 상태 insufficient; 순위 제외: insufficient_sales_evidence. 현재 영업·체류·학습 허용 미검증."
3110266,면목동우체국,골목상권,True,,4.0,2.0,163,True,False,insufficient,partial_or_unusable_sales,,,,6c591a7_residual_size_adjusted_draft_2025Q4,official_inside_counts_no_external_walk_component,not_ranked,,False,False,insufficient_sales_evidence,24.07062907892591,,15.776081424936386,50.76335877862596,,,,,not_available,not_available,only_C1_C2_available_C_stay_unverified_no_third_subtype,"공식 2025Q4 커피·음료 4개, 제과 2개. 매출 상태 insufficient; 순위 제외: insufficient_sales_evidence. 현재 영업·체류·학습 허용 미검증."
3110267,망우역 2번,골목상권,True,,10.0,1.0,213,True,False,insufficient,partial_or_unusable_sales,,,,6c591a7_residual_size_adjusted_draft_2025Q4,official_inside_counts_no_external_walk_component,not_ranked,,False,False,insufficient_sales_evidence,49.73250000948036,,51.65394402035624,19.21119592875318,,,,,not_available,not_available,only_C1_C2_available_C_stay_unverified_no_third_subtype,"공식 2025Q4 커피·음료 10개, 제과 1개. 매출 상태 insufficient; 순위 제외: insufficient_sales_evidence. 현재 영업·체류·학습 허용 미검증."
3110268,망우3동주민센터,골목상권,True,,3.0,1.0,87,True,False,insufficient,partial_or_unusable_sales,,,,6c591a7_residual_size_adjusted_draft_2025Q4,official_inside_counts_no_external_walk_component,not_ranked,,False,False,insufficient_sales_evidence,31.53940683268677,,32.69720101781171,47.83715012722647,,,,,not_available,not_available,only_C1_C2_available_C_stay_unverified_no_third_subtype,"공식 2025Q4 커피·음료 3개, 제과 1개. 매출 상태 insufficient; 순위 제외: insufficient_sales_evidence. 현재 영업·체류·학습 허용 미검증."
3110269,용마문화복지센터,골목상권,True,,1.0,0.0,74,False,False,supply_only,no_cafe_sales_rows,,12.608142493638676,,6c591a7_residual_size_adjusted_draft_2025Q4,official_inside_counts_no_external_walk_component,supply_only_exploration_only,12.608142493638676,True,False,,,,10.814249363867685,16.793893129770993,10.814249363867685,,7.569974554707379,5.038167938931298,C1_coffee,C1_coffee,only_C1_C2_available_C_stay_unverified_no_third_subtype,"공식 2025Q4 커피·음료 1개, 제과 0개. 매출 상태 supply_only; 공급 전용 탐색군. 현재 영업·체류·학습 허용 미검증."
3110270,혜원여고,골목상권,True,,2.0,0.0,55,True,False,insufficient,partial_or_unusable_sales,,,,6c591a7_residual_size_adjusted_draft_2025Q4,official_inside_counts_no_external_walk_component,not_ranked,,False,False,insufficient_sales_evidence,47.40858238245298,,49.10941475826972,25.44529262086514,,,,,not_available,not_available,only_C1_C2_available_C_stay_unverified_no_third_subtype,"공식 2025Q4 커피·음료 2개, 제과 0개. 매출 상태 insufficient; 순위 제외: insufficient_sales_evidence. 현재 영업·체류·학습 허용 미검증."
3110271,신내역 1번,골목상권,True,,2.0,0.0,36,False,False,supply_only,no_cafe_sales_rows,,25.16539440203562,,6c591a7_residual_size_adjusted_draft_2025Q4,official_inside_counts_no_external_walk_component,supply_only_exploration_only,25.16539440203562,True,False,,,,27.2264631043257,20.35623409669211,27.2264631043257,,19.058524173027987,6.106870229007632,C1_coffee,C1_coffee,only_C1_C2_available_C_stay_unverified_no_third_subtype,"공식 2025Q4 커피·음료 2개, 제과 0개. 매출 상태 supply_only; 공급 전용 탐색군. 현재 영업·체류·학습 허용 미검증."
3110272,신내1동주민센터,골목상권,True,,16.0,3.0,389,True,True,complete,both_cafe_industries_sales_observed,53.44097982239588,,52.21992580303585,6c591a7_residual_size_adjusted_draft_2025Q4,official_inside_counts_no_external_walk_component,complete_sales_observed_only,,False,True,,59.00338562701221,40.46203294495781,56.48854961832062,43.89312977099237,59.00338562701221,40.46203294495781,41.30236993890854,12.138609883487343,C1_coffee|C2_bakery,C1_coffee,only_C1_C2_available_C_stay_unverified_no_third_subtype,"공식 2025Q4 커피·음료 16개, 제과 3개. 매출 상태 complete; 공급·소비 완전관측군의 잔차 보정 초안. 현재 영업·체류·학습 허용 미검증."
3110273,장스여성병원,골목상권,True,,3.0,1.0,121,True,True,complete,both_cafe_industries_sales_observed,29.994079712782938,,23.96308129792897,6c591a7_residual_size_adjusted_draft_2025Q4,official_inside_counts_no_external_walk_component,complete_sales_observed_only,,False,True,,25.96550645991892,39.39408396946565,23.66412213740458,39.31297709923664,25.96550645991892,39.39408396946565,18.175854521943243,11.818225190839694,C2_bakery|C1_coffee,C2_bakery,only_C1_C2_available_C_stay_unverified_no_third_subtype,"공식 2025Q4 커피·음료 3개, 제과 1개. 매출 상태 complete; 공급·소비 완전관측군의 잔차 보정 초안. 현재 영업·체류·학습 허용 미검증."
3110274,서일대학교,골목상권,True,,14.0,4.0,262,True,True,complete,both_cafe_industries_sales_observed,58.41752550466963,,53.92515480343734,6c591a7_residual_size_adjusted_draft_2025Q4,official_inside_counts_no_external_walk_component,complete_sales_observed_only,,False,True,,56.12141765546846,63.775110486139006,57.50636132315522,64.8854961832061,56.12141765546846,63.775110486139006,39.28499235882792,19.132533145841702,C2_bakery|C1_coffee,C2_bakery,only_C1_C2_available_C_stay_unverified_no_third_subtype,"공식 2025Q4 커피·음료 14개, 제과 4개. 매출 상태 complete; 공급·소비 완전관측군의 잔차 보정 초안. 현재 영업·체류·학습 허용 미검증."
3110275,하나은행 망우동지점,골목상권,True,,6.0,1.0,95,True,False,insufficient,partial_or_unusable_sales,,,,6c591a7_residual_size_adjusted_draft_2025Q4,official_inside_counts_no_external_walk_component,not_ranked,,False,False,insufficient_sales_evidence,71.2028427814625,,84.98727735368958,56.74300254452926,,,,,not_available,not_available,only_C1_C2_available_C_stay_unverified_no_third_subtype,"공식 2025Q4 커피·음료 6개, 제과 1개. 매출 상태 insufficient; 순위 제외: insufficient_sales_evidence. 현재 영업·체류·학습 허용 미검증."
3110276,신내IC북측,골목상권,True,,3.0,0.0,24,False,False,supply_only,no_cafe_sales_rows,,47.722646310432566,,6c591a7_residual_size_adjusted_draft_2025Q4,official_inside_counts_no_external_walk_component,supply_only_exploration_only,47.722646310432566,True,False,,,,56.99745547073791,26.08142493638677,56.99745547073791,,39.89821882951654,7.824427480916031,C1_coffee,C1_coffee,only_C1_C2_available_C_stay_unverified_no_third_subtype,"공식 2025Q4 커피·음료 3개, 제과 0개. 매출 상태 supply_only; 공급 전용 탐색군. 현재 영업·체류·학습 허용 미검증."
3110277,러스크서울병원,골목상권,True,,5.0,5.0,162,True,False,insufficient,partial_or_unusable_sales,,,,6c591a7_residual_size_adjusted_draft_2025Q4,official_inside_counts_no_external_walk_component,not_ranked,,False,False,insufficient_sales_evidence,28.69302738307869,,23.918575063613236,89.18575063613231,,,,,not_available,not_available,only_C1_C2_available_C_stay_unverified_no_third_subtype,"공식 2025Q4 커피·음료 5개, 제과 5개. 매출 상태 insufficient; 순위 제외: insufficient_sales_evidence. 현재 영업·체류·학습 허용 미검증."
3110278,망우본동주민센터,골목상권,True,,12.0,5.0,257,True,True,complete,both_cafe_industries_sales_observed,56.90492044179686,,53.78064465432306,6c591a7_residual_size_adjusted_draft_2025Q4,official_inside_counts_no_external_walk_component,complete_sales_observed_only,,False,True,,50.6027790734273,71.60991696799249,53.81679389312977,80.02544529262087,50.6027790734273,71.60991696799249,35.42194535139911,21.482975090397748,C2_bakery|C1_coffee,C2_bakery,only_C1_C2_available_C_stay_unverified_no_third_subtype,"공식 2025Q4 커피·음료 12개, 제과 5개. 매출 상태 complete; 공급·소비 완전관측군의 잔차 보정 초안. 현재 영업·체류·학습 허용 미검증."
3110279,신내역 2번,골목상권,True,,2.0,1.0,82,False,False,supply_only,no_cafe_sales_rows,,7.62086513994911,,6c591a7_residual_size_adjusted_draft_2025Q4,official_inside_counts_no_external_walk_component,supply_only_exploration_only,7.62086513994911,True,False,,,,1.7811704834605595,21.246819338422394,1.7811704834605595,21.246819338422394,1.2468193384223916,6.3740458015267185,C2_bakery|C1_coffee,C2_bakery,only_C1_C2_available_C_stay_unverified_no_third_subtype,"공식 2025Q4 커피·음료 2개, 제과 1개. 매출 상태 supply_only; 공급 전용 탐색군. 현재 영업·체류·학습 허용 미검증."
3110280,북정마을,골목상권,True,,4.0,1.0,22,True,False,insufficient,partial_or_unusable_sales,,,,6c591a7_residual_size_adjusted_draft_2025Q4,official_inside_counts_no_external_walk_component,not_ranked,,False,False,insufficient_sales_evidence,65.32086428671649,,66.79389312977099,68.06615776081425,,,,,not_available,not_available,only_C1_C2_available_C_stay_unverified_no_third_subtype,"공식 2025Q4 커피·음료 4개, 제과 1개. 매출 상태 insufficient; 순위 제외: insufficient_sales_evidence. 현재 영업·체류·학습 허용 미검증."
3110283,성북초등학교앞,골목상권,True,,9.0,3.0,57,True,True,complete,both_cafe_industries_sales_observed,78.10699800333589,,74.31165904497425,6c591a7_residual_size_adjusted_draft_2025Q4,official_inside_counts_no_external_walk_component,complete_sales_observed_only,,False,True,,76.15519315290307,82.66120932101246,97.45547073791349,96.5648854961832,76.15519315290307,82.66120932101246,53.30863520703215,24.79836279630374,C2_bakery|C1_coffee,C2_bakery,only_C1_C2_available_C_stay_unverified_no_third_subtype,"공식 2025Q4 커피·음료 9개, 제과 3개. 매출 상태 complete; 공급·소비 완전관측군의 잔차 보정 초안. 현재 영업·체류·학습 허용 미검증."
3110285,홍대부중,골목상권,True,,9.0,4.0,95,True,True,complete,both_cafe_industries_sales_observed,78.74401432323084,,70.34202845426464,6c591a7_residual_size_adjusted_draft_2025Q4,official_inside_counts_no_external_walk_component,complete_sales_observed_only,,False,True,,75.03173342737851,87.40600308021963,80.40712468193384,92.1119592875318,75.03173342737851,87.40600308021963,52.522213399164954,26.22180092406589,C2_bakery|C1_coffee,C2_bakery,only_C1_C2_available_C_stay_unverified_no_third_subtype,"공식 2025Q4 커피·음료 9개, 제과 4개. 매출 상태 complete; 공급·소비 완전관측군의 잔차 보정 초안. 현재 영업·체류·학습 허용 미검증."
3110286,한성대입구역 5번,골목상권,True,,18.0,4.0,131,True,False,insufficient,partial_or_unusable_sales,,,,6c591a7_residual_size_adjusted_draft_2025Q4,official_inside_counts_no_external_walk_component,not_ranked,,False,False,insufficient_sales_evidence,86.21714333928699,,93.63867684478372,86.00508905852418,,,,,not_available,not_available,only_C1_C2_available_C_stay_unverified_no_third_subtype,"공식 2025Q4 커피·음료 18개, 제과 4개. 매출 상태 insufficient; 순위 제외: insufficient_sales_evidence. 현재 영업·체류·학습 허용 미검증."
3110288,동구여중,골목상권,True,,13.0,4.0,130,True,False,insufficient,partial_or_unusable_sales,,,,6c591a7_residual_size_adjusted_draft_2025Q4,official_inside_counts_no_external_walk_component,not_ranked,,False,False,insufficient_sales_evidence,75.00265298460768,,89.69465648854961,88.80407124681933,,,,,not_available,not_available,only_C1_C2_available_C_stay_unverified_no_third_subtype,"공식 2025Q4 커피·음료 13개, 제과 4개. 매출 상태 insufficient; 순위 제외: insufficient_sales_evidence. 현재 영업·체류·학습 허용 미검증."
3110291,한성대입구역 3번,골목상권,True,,13.0,3.0,233,True,True,complete,both_cafe_industries_sales_observed,46.42837552443867,,41.6074032035928,6c591a7_residual_size_adjusted_draft_2025Q4,official_inside_counts_no_external_walk_component,complete_sales_observed_only,,False,True,,49.56023025904142,39.120714477032266,54.32569974554708,52.926208651399484,49.56023025904142,39.120714477032266,34.69216118132899,11.73621434310968,C1_coffee|C2_bakery,C1_coffee,only_C1_C2_available_C_stay_unverified_no_third_subtype,"공식 2025Q4 커피·음료 13개, 제과 3개. 매출 상태 complete; 공급·소비 완전관측군의 잔차 보정 초안. 현재 영업·체류·학습 허용 미검증."
3110293,삼선중학교,골목상권,True,,9.0,0.0,201,True,False,insufficient,partial_or_unusable_sales,,,,6c591a7_residual_size_adjusted_draft_2025Q4,official_inside_counts_no_external_walk_component,not_ranked,,False,False,insufficient_sales_evidence,56.92677899000012,,62.59541984732825,4.961832061068702,,,,,not_available,not_available,only_C1_C2_available_C_stay_unverified_no_third_subtype,"공식 2025Q4 커피·음료 9개, 제과 0개. 매출 상태 insufficient; 순위 제외: insufficient_sales_evidence. 현재 영업·체류·학습 허용 미검증."
3110295,정릉우체국,골목상권,True,,2.0,2.0,152,True,False,insufficient,partial_or_unusable_sales,,,,6c591a7_residual_size_adjusted_draft_2025Q4,official_inside_counts_no_external_walk_component,not_ranked,,False,False,insufficient_sales_evidence,15.114391379696098,,3.435114503816794,48.09160305343512,,,,,not_available,not_available,only_C1_C2_available_C_stay_unverified_no_third_subtype,"공식 2025Q4 커피·음료 2개, 제과 2개. 매출 상태 insufficient; 순위 제외: insufficient_sales_evidence. 현재 영업·체류·학습 허용 미검증."
3110296,성신여대입구역 4번,골목상권,True,,10.0,2.0,145,True,False,insufficient,partial_or_unusable_sales,,,,6c591a7_residual_size_adjusted_draft_2025Q4,official_inside_counts_no_external_walk_component,not_ranked,,False,False,insufficient_sales_evidence,82.41127556379715,,84.86005089058524,63.61323155216285,,,,,not_available,not_available,only_C1_C2_available_C_stay_unverified_no_third_subtype,"공식 2025Q4 커피·음료 10개, 제과 2개. 매출 상태 insufficient; 순위 제외: insufficient_sales_evidence. 현재 영업·체류·학습 허용 미검증."
3110297,경동고등학교,골목상권,True,,15.0,3.0,224,True,False,insufficient,partial_or_unusable_sales,,,,6c591a7_residual_size_adjusted_draft_2025Q4,official_inside_counts_no_external_walk_component,not_ranked,,False,False,insufficient_sales_evidence,57.042076692339485,,66.41221374045801,54.834605597964384,,,,,not_available,not_available,only_C1_C2_available_C_stay_unverified_no_third_subtype,"공식 2025Q4 커피·음료 15개, 제과 3개. 매출 상태 insufficient; 순위 제외: insufficient_sales_evidence. 현재 영업·체류·학습 허용 미검증."
3110298,솔숲어린이공원,골목상권,True,,2.0,0.0,39,False,False,supply_only,no_cafe_sales_rows,,50.96692111959287,,6c591a7_residual_size_adjusted_draft_2025Q4,official_inside_counts_no_external_walk_component,supply_only_exploration_only,50.96692111959287,True,False,,,,58.9058524173028,32.44274809160305,58.9058524173028,,41.23409669211196,9.732824427480915,C1_coffee,C1_coffee,only_C1_C2_available_C_stay_unverified_no_third_subtype,"공식 2025Q4 커피·음료 2개, 제과 0개. 매출 상태 supply_only; 공급 전용 탐색군. 현재 영업·체류·학습 허용 미검증."
3110299,정릉역 1번,골목상권,True,,7.0,2.0,259,True,False,insufficient,partial_or_unusable_sales,,,,6c591a7_residual_size_adjusted_draft_2025Q4,official_inside_counts_no_external_walk_component,not_ranked,,False,False,insufficient_sales_evidence,25.854280383613386,,22.391857506361323,36.25954198473282,,,,,not_available,not_available,only_C1_C2_available_C_stay_unverified_no_third_subtype,"공식 2025Q4 커피·음료 7개, 제과 2개. 매출 상태 insufficient; 순위 제외: insufficient_sales_evidence. 현재 영업·체류·학습 허용 미검증."
3110300,삼선동주민센터,골목상권,True,,22.0,4.0,244,True,False,insufficient,partial_or_unusable_sales,,,,6c591a7_residual_size_adjusted_draft_2025Q4,official_inside_counts_no_external_walk_component,not_ranked,,False,False,insufficient_sales_evidence,83.10532587797636,,86.00508905852418,67.17557251908397,,,,,not_available,not_available,only_C1_C2_available_C_stay_unverified_no_third_subtype,"공식 2025Q4 커피·음료 22개, 제과 4개. 매출 상태 insufficient; 순위 제외: insufficient_sales_evidence. 현재 영업·체류·학습 허용 미검증."
3110301,성신여대입구역 7번,골목상권,True,,4.0,3.0,125,True,False,insufficient,partial_or_unusable_sales,,,,6c591a7_residual_size_adjusted_draft_2025Q4,official_inside_counts_no_external_walk_component,not_ranked,,False,False,insufficient_sales_evidence,25.650889257991,,23.282442748091604,75.44529262086515,,,,,not_available,not_available,only_C1_C2_available_C_stay_unverified_no_third_subtype,"공식 2025Q4 커피·음료 4개, 제과 3개. 매출 상태 insufficient; 순위 제외: insufficient_sales_evidence. 현재 영업·체류·학습 허용 미검증."
3110302,보문역 8번,골목상권,True,,6.0,2.0,136,True,True,complete,both_cafe_industries_sales_observed,55.15934693925003,,51.21563862956155,6c591a7_residual_size_adjusted_draft_2025Q4,official_inside_counts_no_external_walk_component,complete_sales_observed_only,,False,True,,54.12001494105111,57.58445493504753,56.61577608142494,63.231552162849866,54.12001494105111,57.58445493504753,37.88401045873577,17.27533648051426,C2_bakery|C1_coffee,C2_bakery,only_C1_C2_available_C_stay_unverified_no_third_subtype,"공식 2025Q4 커피·음료 6개, 제과 2개. 매출 상태 complete; 공급·소비 완전관측군의 잔차 보정 초안. 현재 영업·체류·학습 허용 미검증."
3110303,성신여대입구역 1번,골목상권,True,,13.0,3.0,139,True,True,complete,both_cafe_industries_sales_observed,64.37299560714935,,57.01661991962651,6c591a7_residual_size_adjusted_draft_2025Q4,official_inside_counts_no_external_walk_component,complete_sales_observed_only,,False,True,,66.3059489273918,59.8627711932503,83.20610687022901,72.90076335877863,66.3059489273918,59.8627711932503,46.414164249174256,17.95883135797509,C1_coffee|C2_bakery,C1_coffee,only_C1_C2_available_C_stay_unverified_no_third_subtype,"공식 2025Q4 커피·음료 13개, 제과 3개. 매출 상태 complete; 공급·소비 완전관측군의 잔차 보정 초안. 현재 영업·체류·학습 허용 미검증."
3110304,보문역 4번,골목상권,True,,10.0,5.0,138,True,True,complete,both_cafe_industries_sales_observed,71.02214750890006,,67.40219496134875,6c591a7_residual_size_adjusted_draft_2025Q4,official_inside_counts_no_external_walk_component,complete_sales_observed_only,,False,True,,70.32986219345247,72.6374799116111,74.93638676844783,92.74809160305344,70.32986219345247,72.6374799116111,49.23090353541673,21.79124397348333,C2_bakery|C1_coffee,C2_bakery,only_C1_C2_available_C_stay_unverified_no_third_subtype,"공식 2025Q4 커피·음료 10개, 제과 5개. 매출 상태 complete; 공급·소비 완전관측군의 잔차 보정 초안. 현재 영업·체류·학습 허용 미검증."
3110305,보문역 5번,골목상권,True,,17.0,0.0,168,True,False,insufficient,partial_or_unusable_sales,,,,6c591a7_residual_size_adjusted_draft_2025Q4,official_inside_counts_no_external_walk_component,not_ranked,,False,False,insufficient_sales_evidence,70.91706332502854,,84.35114503816794,3.435114503816794,,,,,not_available,not_available,only_C1_C2_available_C_stay_unverified_no_third_subtype,"공식 2025Q4 커피·음료 17개, 제과 0개. 매출 상태 insufficient; 순위 제외: insufficient_sales_evidence. 현재 영업·체류·학습 허용 미검증."
3110306,미아초등학교,골목상권,True,,5.0,0.0,100,True,False,insufficient,partial_or_unusable_sales,,,,6c591a7_residual_size_adjusted_draft_2025Q4,official_inside_counts_no_external_walk_component,not_ranked,,False,False,insufficient_sales_evidence,71.82254468094789,,78.37150127226464,16.412213740458014,,,,,not_available,not_available,only_C1_C2_available_C_stay_unverified_no_third_subtype,"공식 2025Q4 커피·음료 5개, 제과 0개. 매출 상태 insufficient; 순위 제외: insufficient_sales_evidence. 현재 영업·체류·학습 허용 미검증."
3110307,길음역 7번,골목상권,True,,5.0,4.0,175,False,False,supply_only,no_cafe_sales_rows,,56.62849872773537,,6c591a7_residual_size_adjusted_draft_2025Q4,official_inside_counts_no_external_walk_component,supply_only_exploration_only,56.62849872773537,True,False,,,,43.00254452926209,88.42239185750637,43.00254452926209,88.42239185750637,30.10178117048346,26.52671755725191,C2_bakery|C1_coffee,C2_bakery,only_C1_C2_available_C_stay_unverified_no_third_subtype,"공식 2025Q4 커피·음료 5개, 제과 4개. 매출 상태 supply_only; 공급 전용 탐색군. 현재 영업·체류·학습 허용 미검증."
3110308,길음역 8번,골목상권,True,,9.0,4.0,169,True,True,complete,both_cafe_industries_sales_observed,63.45214679063787,,60.95207345418349,6c591a7_residual_size_adjusted_draft_2025Q4,official_inside_counts_no_external_walk_component,complete_sales_observed_only,,False,True,,58.134911244847416,75.85902973081558,65.77608142493638,84.7328244274809,58.134911244847416,75.85902973081558,40.69443787139319,22.757708919244674,C2_bakery|C1_coffee,C2_bakery,only_C1_C2_available_C_stay_unverified_no_third_subtype,"공식 2025Q4 커피·음료 9개, 제과 4개. 매출 상태 complete; 공급·소비 완전관측군의 잔차 보정 초안. 현재 영업·체류·학습 허용 미검증."
3110309,대광초등학교,골목상권,True,,6.0,2.0,91,True,False,insufficient,partial_or_unusable_sales,,,,6c591a7_residual_size_adjusted_draft_2025Q4,official_inside_counts_no_external_walk_component,not_ranked,,False,False,insufficient_sales_evidence,63.60810931237035,,67.30279898218829,70.35623409669212,,,,,not_available,not_available,only_C1_C2_available_C_stay_unverified_no_third_subtype,"공식 2025Q4 커피·음료 6개, 제과 2개. 매출 상태 insufficient; 순위 제외: insufficient_sales_evidence. 현재 영업·체류·학습 허용 미검증."
3110310,길음역 10번,골목상권,True,,0.0,0.0,12,False,False,supply_only,no_cafe_sales_rows,,,,6c591a7_residual_size_adjusted_draft_2025Q4,official_inside_counts_no_external_walk_component,supply_only_exploration_only,48.51145038167939,False,False,no_cafe_supply_in_source_snapshot,,,40.0763358778626,68.19338422391857,,,28.053435114503817,20.458015267175572,not_available,not_available,only_C1_C2_available_C_stay_unverified_no_third_subtype,"공식 2025Q4 커피·음료 0개, 제과 0개. 매출 상태 supply_only; 순위 제외: no_cafe_supply_in_source_snapshot. 현재 영업·체류·학습 허용 미검증."
3110311,종암아이파크2차후문,골목상권,True,,0.0,0.0,8,False,False,supply_only,no_cafe_sales_rows,,,,6c591a7_residual_size_adjusted_draft_2025Q4,official_inside_counts_no_external_walk_component,supply_only_exploration_only,54.26208651399491,False,False,no_cafe_supply_in_source_snapshot,,,45.29262086513995,75.19083969465649,,,31.704834605597963,22.557251908396946,not_available,not_available,only_C1_C2_available_C_stay_unverified_no_third_subtype,"공식 2025Q4 커피·음료 0개, 제과 0개. 매출 상태 supply_only; 순위 제외: no_cafe_supply_in_source_snapshot. 현재 영업·체류·학습 허용 미검증."
3110312,안암역 2번,골목상권,True,,12.0,2.0,152,True,False,insufficient,partial_or_unusable_sales,,,,6c591a7_residual_size_adjusted_draft_2025Q4,official_inside_counts_no_external_walk_component,not_ranked,,False,False,insufficient_sales_evidence,80.58573015854958,,83.46055979643766,58.14249363867684,,,,,not_available,not_available,only_C1_C2_available_C_stay_unverified_no_third_subtype,"공식 2025Q4 커피·음료 12개, 제과 2개. 매출 상태 insufficient; 순위 제외: insufficient_sales_evidence. 현재 영업·체류·학습 허용 미검증."
3110313,안암역 3번,골목상권,True,,14.0,1.0,253,True,False,insufficient,partial_or_unusable_sales,,,,6c591a7_residual_size_adjusted_draft_2025Q4,official_inside_counts_no_external_walk_component,not_ranked,,False,False,insufficient_sales_evidence,74.46758891631873,,79.00763358778626,21.119592875318062,,,,,not_available,not_available,only_C1_C2_available_C_stay_unverified_no_third_subtype,"공식 2025Q4 커피·음료 14개, 제과 1개. 매출 상태 insufficient; 순위 제외: insufficient_sales_evidence. 현재 영업·체류·학습 허용 미검증."
3110314,종암경찰서,골목상권,True,,5.0,3.0,259,True,True,complete,both_cafe_industries_sales_observed,38.645120250413285,,39.93149592908807,6c591a7_residual_size_adjusted_draft_2025Q4,official_inside_counts_no_external_walk_component,complete_sales_observed_only,,False,True,,29.810317857589784,59.25965916700147,20.10178117048346,61.959287531806616,29.810317857589784,59.25965916700147,20.86722250031285,17.77789775010044,C2_bakery|C1_coffee,C2_bakery,only_C1_C2_available_C_stay_unverified_no_third_subtype,"공식 2025Q4 커피·음료 5개, 제과 3개. 매출 상태 complete; 공급·소비 완전관측군의 잔차 보정 초안. 현재 영업·체류·학습 허용 미검증."
3110315,종암아이파크2차,골목상권,True,,7.0,6.0,176,True,True,complete,both_cafe_industries_sales_observed,52.336019890399015,,51.28431569696684,6c591a7_residual_size_adjusted_draft_2025Q4,official_inside_counts_no_external_walk_component,complete_sales_observed_only,,False,True,,44.50961574195212,70.59762957010847,45.67430025445292,94.27480916030534,44.50961574195212,70.59762957010847,31.15673101936648,21.17928887103254,C2_bakery|C1_coffee,C2_bakery,only_C1_C2_available_C_stay_unverified_no_third_subtype,"공식 2025Q4 커피·음료 7개, 제과 6개. 매출 상태 complete; 공급·소비 완전관측군의 잔차 보정 초안. 현재 영업·체류·학습 허용 미검증."
3110316,숭곡초등학교,골목상권,True,,11.0,1.0,350,True,False,insufficient,partial_or_unusable_sales,,,,6c591a7_residual_size_adjusted_draft_2025Q4,official_inside_counts_no_external_walk_component,not_ranked,,False,False,insufficient_sales_evidence,43.0675381015764,,30.53435114503817,10.05089058524173,,,,,not_available,not_available,only_C1_C2_available_C_stay_unverified_no_third_subtype,"공식 2025Q4 커피·음료 11개, 제과 1개. 매출 상태 insufficient; 순위 제외: insufficient_sales_evidence. 현재 영업·체류·학습 허용 미검증."
3110317,종암중학교,골목상권,True,,7.0,0.0,95,True,False,insufficient,partial_or_unusable_sales,,,,6c591a7_residual_size_adjusted_draft_2025Q4,official_inside_counts_no_external_walk_component,not_ranked,,False,False,insufficient_sales_evidence,70.45597300751224,,67.55725190839695,9.79643765903308,,,,,not_available,not_available,only_C1_C2_available_C_stay_unverified_no_third_subtype,"공식 2025Q4 커피·음료 7개, 제과 0개. 매출 상태 insufficient; 순위 제외: insufficient_sales_evidence. 현재 영업·체류·학습 허용 미검증."
3110318,KT월곡지사,골목상권,True,,3.0,3.0,72,False,False,supply_only,no_cafe_sales_rows,,52.417302798982185,,6c591a7_residual_size_adjusted_draft_2025Q4,official_inside_counts_no_external_walk_component,supply_only_exploration_only,52.417302798982185,True,False,,,,36.38676844783715,89.82188295165395,36.38676844783715,89.82188295165395,25.470737913486,26.946564885496183,C2_bakery|C1_coffee,C2_bakery,only_C1_C2_available_C_stay_unverified_no_third_subtype,"공식 2025Q4 커피·음료 3개, 제과 3개. 매출 상태 supply_only; 공급 전용 탐색군. 현재 영업·체류·학습 허용 미검증."
3110319,종암동주민센터,골목상권,True,,6.0,3.0,232,True,True,complete,both_cafe_industries_sales_observed,39.516116326142026,,38.551131791879584,6c591a7_residual_size_adjusted_draft_2025Q4,official_inside_counts_no_external_walk_component,complete_sales_observed_only,,False,True,,28.966409938453488,64.13209789741529,27.86259541984733,62.34096692111959,28.966409938453488,64.13209789741529,20.27648695691744,19.239629369224588,C2_bakery|C1_coffee,C2_bakery,only_C1_C2_available_C_stay_unverified_no_third_subtype,"공식 2025Q4 커피·음료 6개, 제과 3개. 매출 상태 complete; 공급·소비 완전관측군의 잔차 보정 초안. 현재 영업·체류·학습 허용 미검증."
3110320,KB국민은행 종암동지점,골목상권,True,,1.0,0.0,39,False,False,supply_only,no_cafe_sales_rows,,23.9821882951654,,6c591a7_residual_size_adjusted_draft_2025Q4,official_inside_counts_no_external_walk_component,supply_only_exploration_only,23.9821882951654,True,False,,,,22.646310432569976,27.09923664122137,22.646310432569976,,15.852417302798981,8.12977099236641,C1_coffee,C1_coffee,only_C1_C2_available_C_stay_unverified_no_third_subtype,"공식 2025Q4 커피·음료 1개, 제과 0개. 매출 상태 supply_only; 공급 전용 탐색군. 현재 영업·체류·학습 허용 미검증."
3110321,동덕여대,골목상권,True,,1.0,0.0,3,False,False,supply_only,no_cafe_sales_rows,,96.20229007633588,,6c591a7_residual_size_adjusted_draft_2025Q4,official_inside_counts_no_external_walk_component,supply_only_exploration_only,96.20229007633588,True,False,,,,98.09160305343512,91.793893129771,98.09160305343512,,68.66412213740458,27.538167938931302,C1_coffee,C1_coffee,only_C1_C2_available_C_stay_unverified_no_third_subtype,"공식 2025Q4 커피·음료 1개, 제과 0개. 매출 상태 supply_only; 공급 전용 탐색군. 현재 영업·체류·학습 허용 미검증."
3110322,장위1동주민센터,골목상권,True,,1.0,1.0,74,False,False,supply_only,no_cafe_sales_rows,,18.91857506361324,,6c591a7_residual_size_adjusted_draft_2025Q4,official_inside_counts_no_external_walk_component,supply_only_exploration_only,18.91857506361324,True,False,,,,5.979643765903308,49.10941475826972,5.979643765903308,49.10941475826972,4.185750636132315,14.732824427480915,C2_bakery|C1_coffee,C2_bakery,only_C1_C2_available_C_stay_unverified_no_third_subtype,"공식 2025Q4 커피·음료 1개, 제과 1개. 매출 상태 supply_only; 공급 전용 탐색군. 현재 영업·체류·학습 허용 미검증."
3110323,상월곡역 1번,골목상권,True,,8.0,6.0,175,True,True,complete,both_cafe_industries_sales_observed,63.79180643265538,,61.94456097020944,6c591a7_residual_size_adjusted_draft_2025Q4,official_inside_counts_no_external_walk_component,complete_sales_observed_only,,False,True,,59.21045096187756,74.48163586447032,58.14249363867684,95.5470737913486,59.21045096187756,74.48163586447032,41.44731567331429,22.344490759341095,C2_bakery|C1_coffee,C2_bakery,only_C1_C2_available_C_stay_unverified_no_third_subtype,"공식 2025Q4 커피·음료 8개, 제과 6개. 매출 상태 complete; 공급·소비 완전관측군의 잔차 보정 초안. 현재 영업·체류·학습 허용 미검증."
3110324,월곡역 4번,골목상권,True,,0.0,0.0,13,False,False,supply_only,no_cafe_sales_rows,,,,6c591a7_residual_size_adjusted_draft_2025Q4,official_inside_counts_no_external_walk_component,supply_only_exploration_only,41.730279898218825,False,False,no_cafe_supply_in_source_snapshot,,,32.1882951653944,63.99491094147582,,,22.53180661577608,19.198473282442745,not_available,not_available,only_C1_C2_available_C_stay_unverified_no_third_subtype,"공식 2025Q4 커피·음료 0개, 제과 0개. 매출 상태 supply_only; 순위 제외: no_cafe_supply_in_source_snapshot. 현재 영업·체류·학습 허용 미검증."
3110325,장곡초등학교,골목상권,True,,3.0,3.0,157,False,False,supply_only,no_cafe_sales_rows,,27.78625954198473,,6c591a7_residual_size_adjusted_draft_2025Q4,official_inside_counts_no_external_walk_component,supply_only_exploration_only,27.78625954198473,True,False,,,,9.923664122137405,69.46564885496184,9.923664122137405,69.46564885496184,6.946564885496183,20.83969465648855,C2_bakery|C1_coffee,C2_bakery,only_C1_C2_available_C_stay_unverified_no_third_subtype,"공식 2025Q4 커피·음료 3개, 제과 3개. 매출 상태 supply_only; 공급 전용 탐색군. 현재 영업·체류·학습 허용 미검증."
3110326,장위동성당,골목상권,True,,2.0,0.0,27,False,False,supply_only,no_cafe_sales_rows,,56.641221374045806,,6c591a7_residual_size_adjusted_draft_2025Q4,official_inside_counts_no_external_walk_component,supply_only_exploration_only,56.641221374045806,True,False,,,,64.50381679389314,38.295165394402034,64.50381679389314,,45.152671755725194,11.48854961832061,C1_coffee,C1_coffee,only_C1_C2_available_C_stay_unverified_no_third_subtype,"공식 2025Q4 커피·음료 2개, 제과 0개. 매출 상태 supply_only; 공급 전용 탐색군. 현재 영업·체류·학습 허용 미검증."
3110327,상월곡역 2번,골목상권,True,,6.0,0.0,145,True,False,insufficient,partial_or_unusable_sales,,,,6c591a7_residual_size_adjusted_draft_2025Q4,official_inside_counts_no_external_walk_component,not_ranked,,False,False,insufficient_sales_evidence,39.39038444765512,,37.40458015267176,5.597964376590331,,,,,not_available,not_available,only_C1_C2_available_C_stay_unverified_no_third_subtype,"공식 2025Q4 커피·음료 6개, 제과 0개. 매출 상태 insufficient; 순위 제외: insufficient_sales_evidence. 현재 영업·체류·학습 허용 미검증."
3110328,상월곡역 3번,골목상권,True,,4.0,0.0,69,True,False,insufficient,partial_or_unusable_sales,,,,6c591a7_residual_size_adjusted_draft_2025Q4,official_inside_counts_no_external_walk_component,not_ranked,,False,False,insufficient_sales_evidence,45.717141064000025,,46.69211195928753,13.61323155216285,,,,,not_available,not_available,only_C1_C2_available_C_stay_unverified_no_third_subtype,"공식 2025Q4 커피·음료 4개, 제과 0개. 매출 상태 insufficient; 순위 제외: insufficient_sales_evidence. 현재 영업·체류·학습 허용 미검증."
3110329,우리은행체육관,골목상권,True,,0.0,0.0,89,False,False,supply_only,no_cafe_sales_rows,,,,6c591a7_residual_size_adjusted_draft_2025Q4,official_inside_counts_no_external_walk_component,supply_only_exploration_only,3.740458015267175,False,False,no_cafe_supply_in_source_snapshot,,,0.7633587786259541,10.687022900763358,,,0.5343511450381678,3.206106870229007,not_available,not_available,only_C1_C2_available_C_stay_unverified_no_third_subtype,"공식 2025Q4 커피·음료 0개, 제과 0개. 매출 상태 supply_only; 순위 제외: no_cafe_supply_in_source_snapshot. 현재 영업·체류·학습 허용 미검증."
3110330,돌곶이역 1번,골목상권,True,,3.0,1.0,112,True,False,insufficient,partial_or_unusable_sales,,,,6c591a7_residual_size_adjusted_draft_2025Q4,official_inside_counts_no_external_walk_component,not_ranked,,False,False,insufficient_sales_evidence,23.64353628893111,,24.30025445292621,40.5852417302799,,,,,not_available,not_available,only_C1_C2_available_C_stay_unverified_no_third_subtype,"공식 2025Q4 커피·음료 3개, 제과 1개. 매출 상태 insufficient; 순위 제외: insufficient_sales_evidence. 현재 영업·체류·학습 허용 미검증."
3110331,돌곶이역 8번,골목상권,True,,13.0,1.0,170,True,False,insufficient,partial_or_unusable_sales,,,,6c591a7_residual_size_adjusted_draft_2025Q4,official_inside_counts_no_external_walk_component,not_ranked,,False,False,insufficient_sales_evidence,71.21757621263316,,79.38931297709924,24.93638676844784,,,,,not_available,not_available,only_C1_C2_available_C_stay_unverified_no_third_subtype,"공식 2025Q4 커피·음료 13개, 제과 1개. 매출 상태 insufficient; 순위 제외: insufficient_sales_evidence. 현재 영업·체류·학습 허용 미검증."
3110332,돌곶이역 3번,골목상권,True,,2.0,0.0,47,False,False,supply_only,no_cafe_sales_rows,,47.98982188295165,,6c591a7_residual_size_adjusted_draft_2025Q4,official_inside_counts_no_external_walk_component,supply_only_exploration_only,47.98982188295165,True,False,,,,55.85241730279898,29.64376590330789,55.85241730279898,,39.096692111959285,8.893129770992367,C1_coffee,C1_coffee,only_C1_C2_available_C_stay_unverified_no_third_subtype,"공식 2025Q4 커피·음료 2개, 제과 0개. 매출 상태 supply_only; 공급 전용 탐색군. 현재 영업·체류·학습 허용 미검증."
3110333,돌곶이역 5번,골목상권,True,,6.0,1.0,153,True,False,insufficient,partial_or_unusable_sales,,,,6c591a7_residual_size_adjusted_draft_2025Q4,official_inside_counts_no_external_walk_component,not_ranked,,False,False,insufficient_sales_evidence,44.67460078194029,,52.41730279898219,34.223918575063614,,,,,not_available,not_available,only_C1_C2_available_C_stay_unverified_no_third_subtype,"공식 2025Q4 커피·음료 6개, 제과 1개. 매출 상태 insufficient; 순위 제외: insufficient_sales_evidence. 현재 영업·체류·학습 허용 미검증."
3110334,석관중앙교회,골목상권,True,,2.0,0.0,132,False,False,supply_only,no_cafe_sales_rows,,7.798982188295165,,6c591a7_residual_size_adjusted_draft_2025Q4,official_inside_counts_no_external_walk_component,supply_only_exploration_only,7.798982188295165,True,False,,,,8.142493638676845,6.997455470737914,8.142493638676845,,5.699745547073791,2.099236641221374,C1_coffee,C1_coffee,only_C1_C2_available_C_stay_unverified_no_third_subtype,"공식 2025Q4 커피·음료 2개, 제과 0개. 매출 상태 supply_only; 공급 전용 탐색군. 현재 영업·체류·학습 허용 미검증."
3110335,석계역 7번,골목상권,True,,5.0,2.0,258,True,True,complete,both_cafe_industries_sales_observed,27.29114841168004,,25.038302080672985,6c591a7_residual_size_adjusted_draft_2025Q4,official_inside_counts_no_external_walk_component,complete_sales_observed_only,,False,True,,24.166249151507564,34.582580018749155,10.30534351145038,36.38676844783715,24.166249151507564,34.582580018749155,16.916374406055294,10.374774005624745,C2_bakery|C1_coffee,C2_bakery,only_C1_C2_available_C_stay_unverified_no_third_subtype,"공식 2025Q4 커피·음료 5개, 제과 2개. 매출 상태 complete; 공급·소비 완전관측군의 잔차 보정 초안. 현재 영업·체류·학습 허용 미검증."
3110336,석관고등학교,골목상권,True,,3.0,0.0,61,False,False,supply_only,no_cafe_sales_rows,,38.295165394402034,,6c591a7_residual_size_adjusted_draft_2025Q4,official_inside_counts_no_external_walk_component,supply_only_exploration_only,38.295165394402034,True,False,,,,47.07379134860051,17.8117048346056,47.07379134860051,,32.95165394402036,5.34351145038168,C1_coffee,C1_coffee,only_C1_C2_available_C_stay_unverified_no_third_subtype,"공식 2025Q4 커피·음료 3개, 제과 0개. 매출 상태 supply_only; 공급 전용 탐색군. 현재 영업·체류·학습 허용 미검증."
3110358,인수동 우편취급국,골목상권,True,,8.0,0.0,112,True,False,insufficient,partial_or_unusable_sales,,,,6c591a7_residual_size_adjusted_draft_2025Q4,official_inside_counts_no_external_walk_component,not_ranked,,False,False,insufficient_sales_evidence,50.26928950372199,,63.48600508905853,6.870229007633588,,,,,not_available,not_available,only_C1_C2_available_C_stay_unverified_no_third_subtype,"공식 2025Q4 커피·음료 8개, 제과 0개. 매출 상태 insufficient; 순위 제외: insufficient_sales_evidence. 현재 영업·체류·학습 허용 미검증."
3110359,수유시장옆,골목상권,True,,5.0,2.0,126,True,False,insufficient,partial_or_unusable_sales,,,,6c591a7_residual_size_adjusted_draft_2025Q4,official_inside_counts_no_external_walk_component,not_ranked,,False,False,insufficient_sales_evidence,24.90462471037493,,26.97201017811705,54.07124681933843,,,,,not_available,not_available,only_C1_C2_available_C_stay_unverified_no_third_subtype,"공식 2025Q4 커피·음료 5개, 제과 2개. 매출 상태 insufficient; 순위 제외: insufficient_sales_evidence. 현재 영업·체류·학습 허용 미검증."
3110360,수유초등학교,골목상권,True,,5.0,0.0,191,True,False,insufficient,partial_or_unusable_sales,,,,6c591a7_residual_size_adjusted_draft_2025Q4,official_inside_counts_no_external_walk_component,not_ranked,,False,False,insufficient_sales_evidence,21.55559701634035,,22.137404580152676,3.944020356234097,,,,,not_available,not_available,only_C1_C2_available_C_stay_unverified_no_third_subtype,"공식 2025Q4 커피·음료 5개, 제과 0개. 매출 상태 insufficient; 순위 제외: insufficient_sales_evidence. 현재 영업·체류·학습 허용 미검증."
3110361,삼양사거리역 1번,골목상권,True,,2.0,2.0,73,False,False,supply_only,no_cafe_sales_rows,,36.284987277353686,,6c591a7_residual_size_adjusted_draft_2025Q4,official_inside_counts_no_external_walk_component,supply_only_exploration_only,36.284987277353686,True,False,,,,19.338422391857502,75.82697201017811,19.338422391857502,75.82697201017811,13.53689567430025,22.74809160305343,C2_bakery|C1_coffee,C2_bakery,only_C1_C2_available_C_stay_unverified_no_third_subtype,"공식 2025Q4 커피·음료 2개, 제과 2개. 매출 상태 supply_only; 공급 전용 탐색군. 현재 영업·체류·학습 허용 미검증."
3110364,미아역 8번,골목상권,True,,2.0,0.0,159,False,False,supply_only,no_cafe_sales_rows,,4.134860050890585,,6c591a7_residual_size_adjusted_draft_2025Q4,official_inside_counts_no_external_walk_component,supply_only_exploration_only,4.134860050890585,True,False,,,,3.944020356234097,4.580152671755725,3.944020356234097,,2.7608142493638677,1.3740458015267174,C1_coffee,C1_coffee,only_C1_C2_available_C_stay_unverified_no_third_subtype,"공식 2025Q4 커피·음료 2개, 제과 0개. 매출 상태 supply_only; 공급 전용 탐색군. 현재 영업·체류·학습 허용 미검증."
3110365,미아역 5번,골목상권,True,,4.0,2.0,126,False,False,supply_only,no_cafe_sales_rows,,32.32824427480916,,6c591a7_residual_size_adjusted_draft_2025Q4,official_inside_counts_no_external_walk_component,supply_only_exploration_only,32.32824427480916,True,False,,,,21.37404580152672,57.88804071246819,21.37404580152672,57.88804071246819,14.961832061068703,17.366412213740457,C2_bakery|C1_coffee,C2_bakery,only_C1_C2_available_C_stay_unverified_no_third_subtype,"공식 2025Q4 커피·음료 4개, 제과 2개. 매출 상태 supply_only; 공급 전용 탐색군. 현재 영업·체류·학습 허용 미검증."
3110366,광산사거리,골목상권,True,,5.0,0.0,107,False,False,supply_only,no_cafe_sales_rows,,44.98727735368957,,6c591a7_residual_size_adjusted_draft_2025Q4,official_inside_counts_no_external_walk_component,supply_only_exploration_only,44.98727735368957,True,False,,,,59.4147582697201,11.323155216284988,59.4147582697201,,41.59033078880407,3.3969465648854964,C1_coffee,C1_coffee,only_C1_C2_available_C_stay_unverified_no_third_subtype,"공식 2025Q4 커피·음료 5개, 제과 0개. 매출 상태 supply_only; 공급 전용 탐색군. 현재 영업·체류·학습 허용 미검증."
3110367,강북구청,골목상권,True,,10.0,0.0,154,True,False,insufficient,partial_or_unusable_sales,,,,6c591a7_residual_size_adjusted_draft_2025Q4,official_inside_counts_no_external_walk_component,not_ranked,,False,False,insufficient_sales_evidence,66.29642400731126,,82.31552162849873,7.633587786259542,,,,,not_available,not_available,only_C1_C2_available_C_stay_unverified_no_third_subtype,"공식 2025Q4 커피·음료 10개, 제과 0개. 매출 상태 insufficient; 순위 제외: insufficient_sales_evidence. 현재 영업·체류·학습 허용 미검증."
3110368,송천초등학교,골목상권,True,,1.0,0.0,100,False,False,supply_only,no_cafe_sales_rows,,4.554707379134859,,6c591a7_residual_size_adjusted_draft_2025Q4,official_inside_counts_no_external_walk_component,supply_only_exploration_only,4.554707379134859,True,False,,,,2.7989821882951653,8.651399491094146,2.7989821882951653,,1.9592875318066156,2.5954198473282437,C1_coffee,C1_coffee,only_C1_C2_available_C_stay_unverified_no_third_subtype,"공식 2025Q4 커피·음료 1개, 제과 0개. 매출 상태 supply_only; 공급 전용 탐색군. 현재 영업·체류·학습 허용 미검증."
3110369,성신여대운정그린캠퍼스,골목상권,True,,11.0,0.0,262,True,False,insufficient,partial_or_unusable_sales,,,,6c591a7_residual_size_adjusted_draft_2025Q4,official_inside_counts_no_external_walk_component,not_ranked,,False,False,insufficient_sales_evidence,47.42568438736002,,48.21882951653944,1.9083969465648856,,,,,not_available,not_available,only_C1_C2_available_C_stay_unverified_no_third_subtype,"공식 2025Q4 커피·음료 11개, 제과 0개. 매출 상태 insufficient; 순위 제외: insufficient_sales_evidence. 현재 영업·체류·학습 허용 미검증."
3110370,도봉세무서,골목상권,True,,8.0,2.0,150,True,False,insufficient,partial_or_unusable_sales,,,,6c591a7_residual_size_adjusted_draft_2025Q4,official_inside_counts_no_external_walk_component,not_ranked,,False,False,insufficient_sales_evidence,47.30783305461068,,54.70737913486005,52.79898218829516,,,,,not_available,not_available,only_C1_C2_available_C_stay_unverified_no_third_subtype,"공식 2025Q4 커피·음료 8개, 제과 2개. 매출 상태 insufficient; 순위 제외: insufficient_sales_evidence. 현재 영업·체류·학습 허용 미검증."
3110371,삼양입구사거리,골목상권,True,,5.0,1.0,132,True,False,insufficient,partial_or_unusable_sales,,,,6c591a7_residual_size_adjusted_draft_2025Q4,official_inside_counts_no_external_walk_component,not_ranked,,False,False,insufficient_sales_evidence,42.25614839421621,,48.854961832061065,38.80407124681934,,,,,not_available,not_available,only_C1_C2_available_C_stay_unverified_no_third_subtype,"공식 2025Q4 커피·음료 5개, 제과 1개. 매출 상태 insufficient; 순위 제외: insufficient_sales_evidence. 현재 영업·체류·학습 허용 미검증."
3110372,강북중학교,골목상권,True,,6.0,1.0,130,True,False,insufficient,partial_or_unusable_sales,,,,6c591a7_residual_size_adjusted_draft_2025Q4,official_inside_counts_no_external_walk_component,not_ranked,,False,False,insufficient_sales_evidence,45.56140032536604,,50.76335877862596,35.87786259541985,,,,,not_available,not_available,only_C1_C2_available_C_stay_unverified_no_third_subtype,"공식 2025Q4 커피·음료 6개, 제과 1개. 매출 상태 insufficient; 순위 제외: insufficient_sales_evidence. 현재 영업·체류·학습 허용 미검증."
3110373,수유역 2번,골목상권,True,,5.0,1.0,159,True,False,insufficient,partial_or_unusable_sales,,,,6c591a7_residual_size_adjusted_draft_2025Q4,official_inside_counts_no_external_walk_component,not_ranked,,False,False,insufficient_sales_evidence,34.71056813915655,,34.223918575063614,30.15267175572519,,,,,not_available,not_available,only_C1_C2_available_C_stay_unverified_no_third_subtype,"공식 2025Q4 커피·음료 5개, 제과 1개. 매출 상태 insufficient; 순위 제외: insufficient_sales_evidence. 현재 영업·체류·학습 허용 미검증."
3110374,송중초등학교,골목상권,True,,3.0,0.0,273,True,False,insufficient,partial_or_unusable_sales,,,,6c591a7_residual_size_adjusted_draft_2025Q4,official_inside_counts_no_external_walk_component,not_ranked,,False,False,insufficient_sales_evidence,13.321222739217982,,2.417302798982188,1.5267175572519085,,,,,not_available,not_available,only_C1_C2_available_C_stay_unverified_no_third_subtype,"공식 2025Q4 커피·음료 3개, 제과 0개. 매출 상태 insufficient; 순위 제외: insufficient_sales_evidence. 현재 영업·체류·학습 허용 미검증."
3110375,서울북부고용노동지청,골목상권,True,,2.0,1.0,62,True,False,insufficient,partial_or_unusable_sales,,,,6c591a7_residual_size_adjusted_draft_2025Q4,official_inside_counts_no_external_walk_component,not_ranked,,False,False,insufficient_sales_evidence,37.68353374819399,,31.043256997455472,59.796437659033074,,,,,not_available,not_available,only_C1_C2_available_C_stay_unverified_no_third_subtype,"공식 2025Q4 커피·음료 2개, 제과 1개. 매출 상태 insufficient; 순위 제외: insufficient_sales_evidence. 현재 영업·체류·학습 허용 미검증."
3110376,수송초등학교,골목상권,True,,13.0,1.0,315,True,False,insufficient,partial_or_unusable_sales,,,,6c591a7_residual_size_adjusted_draft_2025Q4,official_inside_counts_no_external_walk_component,not_ranked,,False,False,insufficient_sales_evidence,40.60021937558541,,38.93129770992366,10.30534351145038,,,,,not_available,not_available,only_C1_C2_available_C_stay_unverified_no_third_subtype,"공식 2025Q4 커피·음료 13개, 제과 1개. 매출 상태 insufficient; 순위 제외: insufficient_sales_evidence. 현재 영업·체류·학습 허용 미검증."
3110377,미아사거리역 3번,골목상권,True,,3.0,0.0,77,True,False,insufficient,partial_or_unusable_sales,,,,6c591a7_residual_size_adjusted_draft_2025Q4,official_inside_counts_no_external_walk_component,not_ranked,,False,False,insufficient_sales_evidence,49.31821291377041,,58.269720101781175,19.84732824427481,,,,,not_available,not_available,only_C1_C2_available_C_stay_unverified_no_third_subtype,"공식 2025Q4 커피·음료 3개, 제과 0개. 매출 상태 insufficient; 순위 제외: insufficient_sales_evidence. 현재 영업·체류·학습 허용 미검증."
3110378,송중동주민센터,골목상권,True,,4.0,2.0,88,True,True,complete,both_cafe_industries_sales_observed,51.92218278258416,,46.833488647209805,6c591a7_residual_size_adjusted_draft_2025Q4,official_inside_counts_no_external_walk_component,complete_sales_observed_only,,False,True,,46.14048266420935,65.41281639212536,55.597964376590326,76.7175572519084,46.14048266420935,65.41281639212536,32.29833786494655,19.62384491763761,C2_bakery|C1_coffee,C2_bakery,only_C1_C2_available_C_stay_unverified_no_third_subtype,"공식 2025Q4 커피·음료 4개, 제과 2개. 매출 상태 complete; 공급·소비 완전관측군의 잔차 보정 초안. 현재 영업·체류·학습 허용 미검증."
3110381,번동주공2단지,골목상권,True,,3.0,0.0,50,False,False,supply_only,no_cafe_sales_rows,,50.30534351145038,,6c591a7_residual_size_adjusted_draft_2025Q4,official_inside_counts_no_external_walk_component,supply_only_exploration_only,50.30534351145038,True,False,,,,61.832061068702295,23.40966921119593,61.832061068702295,,43.282442748091604,7.022900763358779,C1_coffee,C1_coffee,only_C1_C2_available_C_stay_unverified_no_third_subtype,"공식 2025Q4 커피·음료 3개, 제과 0개. 매출 상태 supply_only; 공급 전용 탐색군. 현재 영업·체류·학습 허용 미검증."
3110388,도봉우체국,골목상권,True,,2.0,0.0,57,True,False,insufficient,partial_or_unusable_sales,,,,6c591a7_residual_size_adjusted_draft_2025Q4,official_inside_counts_no_external_walk_component,not_ranked,,False,False,insufficient_sales_evidence,35.2614492440359,,35.11450381679389,20.229007633587788,,,,,not_available,not_available,only_C1_C2_available_C_stay_unverified_no_third_subtype,"공식 2025Q4 커피·음료 2개, 제과 0개. 매출 상태 insufficient; 순위 제외: insufficient_sales_evidence. 현재 영업·체류·학습 허용 미검증."
3110389,한일병원,골목상권,True,,5.0,1.0,65,False,False,supply_only,no_cafe_sales_rows,,72.20101781170483,,6c591a7_residual_size_adjusted_draft_2025Q4,official_inside_counts_no_external_walk_component,supply_only_exploration_only,72.20101781170483,True,False,,,,77.35368956743002,60.17811704834606,77.35368956743002,60.17811704834606,54.14758269720102,18.053435114503817,C1_coffee|C2_bakery,C1_coffee,only_C1_C2_available_C_stay_unverified_no_third_subtype,"공식 2025Q4 커피·음료 5개, 제과 1개. 매출 상태 supply_only; 공급 전용 탐색군. 현재 영업·체류·학습 허용 미검증."
3110394,방학중학교,골목상권,True,,6.0,1.0,233,True,False,insufficient,partial_or_unusable_sales,,,,6c591a7_residual_size_adjusted_draft_2025Q4,official_inside_counts_no_external_walk_component,not_ranked,,False,False,insufficient_sales_evidence,14.917300523695214,,16.030534351145036,15.903307888040713,,,,,not_available,not_available,only_C1_C2_available_C_stay_unverified_no_third_subtype,"공식 2025Q4 커피·음료 6개, 제과 1개. 매출 상태 insufficient; 순위 제외: insufficient_sales_evidence. 현재 영업·체류·학습 허용 미검증."
3110396,쌍문역1번(쌍리단길),골목상권,True,,3.0,5.0,174,True,True,complete,both_cafe_industries_sales_observed,47.87088586501919,,49.4478962845476,6c591a7_residual_size_adjusted_draft_2025Q4,official_inside_counts_no_external_walk_component,complete_sales_observed_only,,False,True,,33.6512138655988,81.05012053033344,20.99236641221374,93.51145038167938,33.6512138655988,81.05012053033344,23.555849705919158,24.315036159100032,C2_bakery|C1_coffee,C2_bakery,only_C1_C2_available_C_stay_unverified_no_third_subtype,"공식 2025Q4 커피·음료 3개, 제과 5개. 매출 상태 complete; 공급·소비 완전관측군의 잔차 보정 초안. 현재 영업·체류·학습 허용 미검증."
3110397,도봉산입구,골목상권,True,,11.0,1.0,363,True,True,complete,both_cafe_industries_sales_observed,15.525899057691896,,18.19946019538938,6c591a7_residual_size_adjusted_draft_2025Q4,official_inside_counts_no_external_walk_component,complete_sales_observed_only,,False,True,,15.597895169944977,15.35790812910138,8.015267175572518,4.8346055979643765,15.597895169944977,15.35790812910138,10.918526618961483,4.607372438730414,C1_coffee|C2_bakery,C1_coffee,only_C1_C2_available_C_stay_unverified_no_third_subtype,"공식 2025Q4 커피·음료 11개, 제과 1개. 매출 상태 complete; 공급·소비 완전관측군의 잔차 보정 초안. 현재 영업·체류·학습 허용 미검증."
3110398,쌍문2동우체국,골목상권,True,,6.0,0.0,228,True,False,insufficient,partial_or_unusable_sales,,,,6c591a7_residual_size_adjusted_draft_2025Q4,official_inside_counts_no_external_walk_component,not_ranked,,False,False,insufficient_sales_evidence,35.04095118371805,,26.84478371501272,3.1806615776081424,,,,,not_available,not_available,only_C1_C2_available_C_stay_unverified_no_third_subtype,"공식 2025Q4 커피·음료 6개, 제과 0개. 매출 상태 insufficient; 순위 제외: insufficient_sales_evidence. 현재 영업·체류·학습 허용 미검증."
3110399,창2동주민센터,골목상권,True,,7.0,5.0,234,True,True,complete,both_cafe_industries_sales_observed,37.53182190909749,,33.70756961629687,6c591a7_residual_size_adjusted_draft_2025Q4,official_inside_counts_no_external_walk_component,complete_sales_observed_only,,False,True,,24.25383385854541,68.51379402705236,21.62849872773537,79.64376590330788,24.25383385854541,68.51379402705236,16.977683700981785,20.554138208115706,C2_bakery|C1_coffee,C2_bakery,only_C1_C2_available_C_stay_unverified_no_third_subtype,"공식 2025Q4 커피·음료 7개, 제과 5개. 매출 상태 complete; 공급·소비 완전관측군의 잔차 보정 초안. 현재 영업·체류·학습 허용 미검증."
3110400,도봉구보건소,골목상권,True,,8.0,4.0,232,False,False,supply_only,no_cafe_sales_rows,,47.50636132315522,,6c591a7_residual_size_adjusted_draft_2025Q4,official_inside_counts_no_external_walk_component,supply_only_exploration_only,47.50636132315522,True,False,,,,36.895674300254456,72.264631043257,36.895674300254456,72.264631043257,25.826972010178118,21.679389312977097,C2_bakery|C1_coffee,C2_bakery,only_C1_C2_available_C_stay_unverified_no_third_subtype,"공식 2025Q4 커피·음료 8개, 제과 4개. 매출 상태 supply_only; 공급 전용 탐색군. 현재 영업·체류·학습 허용 미검증."
3110401,도봉구민회관,골목상권,True,,0.0,0.0,53,False,False,supply_only,no_cafe_sales_rows,,,,6c591a7_residual_size_adjusted_draft_2025Q4,official_inside_counts_no_external_walk_component,supply_only_exploration_only,9.592875318066156,False,False,no_cafe_supply_in_source_snapshot,,,3.5623409669211195,23.66412213740458,,,2.4936386768447836,7.099236641221373,not_available,not_available,only_C1_C2_available_C_stay_unverified_no_third_subtype,"공식 2025Q4 커피·음료 0개, 제과 0개. 매출 상태 supply_only; 순위 제외: no_cafe_supply_in_source_snapshot. 현재 영업·체류·학습 허용 미검증."
3110402,도봉구 정병원,골목상권,True,,6.0,4.0,144,False,False,supply_only,no_cafe_sales_rows,,51.23409669211196,,6c591a7_residual_size_adjusted_draft_2025Q4,official_inside_counts_no_external_walk_component,supply_only_exploration_only,51.23409669211196,True,False,,,,37.15012722646311,84.0966921119593,37.15012722646311,84.0966921119593,26.005089058524177,25.229007633587788,C2_bakery|C1_coffee,C2_bakery,only_C1_C2_available_C_stay_unverified_no_third_subtype,"공식 2025Q4 커피·음료 6개, 제과 4개. 매출 상태 supply_only; 공급 전용 탐색군. 현재 영업·체류·학습 허용 미검증."
3110403,방학1동주민센터,골목상권,True,,6.0,4.0,304,True,True,complete,both_cafe_industries_sales_observed,28.53559375759052,,26.167131458613635,6c591a7_residual_size_adjusted_draft_2025Q4,official_inside_counts_no_external_walk_component,complete_sales_observed_only,,False,True,,20.1280091618222,48.15329114771661,11.704834605597965,63.10432569974554,20.1280091618222,48.15329114771661,14.089606413275538,14.445987344314982,C2_bakery|C1_coffee,C2_bakery,only_C1_C2_available_C_stay_unverified_no_third_subtype,"공식 2025Q4 커피·음료 6개, 제과 4개. 매출 상태 complete; 공급·소비 완전관측군의 잔차 보정 초안. 현재 영업·체류·학습 허용 미검증."
3110405,방학역 1번,골목상권,True,,4.0,5.0,366,True,True,complete,both_cafe_industries_sales_observed,23.07253896179453,,19.67480030384474,6c591a7_residual_size_adjusted_draft_2025Q4,official_inside_counts_no_external_walk_component,complete_sales_observed_only,,False,True,,10.686907809164095,51.97234498459889,3.0534351145038165,66.53944020356234,10.686907809164095,51.97234498459889,7.480835466414867,15.591703495379667,C2_bakery|C1_coffee,C2_bakery,only_C1_C2_available_C_stay_unverified_no_third_subtype,"공식 2025Q4 커피·음료 4개, 제과 5개. 매출 상태 complete; 공급·소비 완전관측군의 잔차 보정 초안. 현재 영업·체류·학습 허용 미검증."
3110406,도봉산역 1번,골목상권,True,,4.0,1.0,132,True,False,insufficient,partial_or_unusable_sales,,,,6c591a7_residual_size_adjusted_draft_2025Q4,official_inside_counts_no_external_walk_component,not_ranked,,False,False,insufficient_sales_evidence,26.18254513600528,,7.760814249363868,20.48346055979644,,,,,not_available,not_available,only_C1_C2_available_C_stay_unverified_no_third_subtype,"공식 2025Q4 커피·음료 4개, 제과 1개. 매출 상태 insufficient; 순위 제외: insufficient_sales_evidence. 현재 영업·체류·학습 허용 미검증."
3110407,도봉역 2번,골목상권,True,,14.0,2.0,296,True,True,complete,both_cafe_industries_sales_observed,25.81680344484435,,26.090894489288747,6c591a7_residual_size_adjusted_draft_2025Q4,official_inside_counts_no_external_walk_component,complete_sales_observed_only,,False,True,,27.781789171909303,21.23183674835945,22.264631043257,18.06615776081425,27.781789171909303,21.23183674835945,19.44725242033651,6.369551024507834,C1_coffee|C2_bakery,C1_coffee,only_C1_C2_available_C_stay_unverified_no_third_subtype,"공식 2025Q4 커피·음료 14개, 제과 2개. 매출 상태 complete; 공급·소비 완전관측군의 잔차 보정 초안. 현재 영업·체류·학습 허용 미검증."
3110408,가인초등학교,골목상권,True,,6.0,0.0,97,True,False,insufficient,partial_or_unusable_sales,,,,6c591a7_residual_size_adjusted_draft_2025Q4,official_inside_counts_no_external_walk_component,not_ranked,,False,False,insufficient_sales_evidence,62.520821340674914,,74.42748091603053,13.231552162849871,,,,,not_available,not_available,only_C1_C2_available_C_stay_unverified_no_third_subtype,"공식 2025Q4 커피·음료 6개, 제과 0개. 매출 상태 insufficient; 순위 제외: insufficient_sales_evidence. 현재 영업·체류·학습 허용 미검증."
3110409,창동역 2번,골목상권,True,,8.0,5.0,235,True,True,complete,both_cafe_industries_sales_observed,58.66529438720633,,60.13860305723831,6c591a7_residual_size_adjusted_draft_2025Q4,official_inside_counts_no_external_walk_component,complete_sales_observed_only,,False,True,,52.96040735221063,71.976697468863,50.0,87.78625954198473,52.96040735221063,71.976697468863,37.072285146547436,21.593009240658898,C2_bakery|C1_coffee,C2_bakery,only_C1_C2_available_C_stay_unverified_no_third_subtype,"공식 2025Q4 커피·음료 8개, 제과 5개. 매출 상태 complete; 공급·소비 완전관측군의 잔차 보정 초안. 현재 영업·체류·학습 허용 미검증."
3110410,방학역 2번,골목상권,True,,11.0,3.0,252,True,True,complete,both_cafe_industries_sales_observed,53.29589508092936,,50.48034965101419,6c591a7_residual_size_adjusted_draft_2025Q4,official_inside_counts_no_external_walk_component,complete_sales_observed_only,,False,True,,53.93781659670158,51.79807821079416,50.12722646310432,56.234096692111954,53.93781659670158,51.79807821079416,37.756471617691105,15.539423463238247,C1_coffee|C2_bakery,C1_coffee,only_C1_C2_available_C_stay_unverified_no_third_subtype,"공식 2025Q4 커피·음료 11개, 제과 3개. 매출 상태 complete; 공급·소비 완전관측군의 잔차 보정 초안. 현재 영업·체류·학습 허용 미검증."
3110411,도봉역 3번,골목상권,True,,2.0,0.0,125,True,False,insufficient,partial_or_unusable_sales,,,,6c591a7_residual_size_adjusted_draft_2025Q4,official_inside_counts_no_external_walk_component,not_ranked,,False,False,insufficient_sales_evidence,14.274609124659175,,7.888040712468193,7.251908396946565,,,,,not_available,not_available,only_C1_C2_available_C_stay_unverified_no_third_subtype,"공식 2025Q4 커피·음료 2개, 제과 0개. 매출 상태 insufficient; 순위 제외: insufficient_sales_evidence. 현재 영업·체류·학습 허용 미검증."
3110412,창동중학교,골목상권,True,,0.0,0.0,17,False,False,supply_only,no_cafe_sales_rows,,,,6c591a7_residual_size_adjusted_draft_2025Q4,official_inside_counts_no_external_walk_component,supply_only_exploration_only,40.4325699745547,False,False,no_cafe_supply_in_source_snapshot,,,31.424936386768447,61.45038167938931,,,21.99745547073791,18.43511450381679,not_available,not_available,only_C1_C2_available_C_stay_unverified_no_third_subtype,"공식 2025Q4 커피·음료 0개, 제과 0개. 매출 상태 supply_only; 순위 제외: no_cafe_supply_in_source_snapshot. 현재 영업·체류·학습 허용 미검증."
3110413,누원고등학교,골목상권,True,,3.0,0.0,80,False,False,supply_only,no_cafe_sales_rows,,27.20101781170484,,6c591a7_residual_size_adjusted_draft_2025Q4,official_inside_counts_no_external_walk_component,supply_only_exploration_only,27.20101781170484,True,False,,,,33.460559796437664,12.595419847328245,33.460559796437664,,23.422391857506362,3.778625954198473,C1_coffee,C1_coffee,only_C1_C2_available_C_stay_unverified_no_third_subtype,"공식 2025Q4 커피·음료 3개, 제과 0개. 매출 상태 supply_only; 공급 전용 탐색군. 현재 영업·체류·학습 허용 미검증."
3110414,장석교회,골목상권,True,,0.0,0.0,28,False,False,supply_only,no_cafe_sales_rows,,,,6c591a7_residual_size_adjusted_draft_2025Q4,official_inside_counts_no_external_walk_component,supply_only_exploration_only,12.709923664122137,False,False,no_cafe_supply_in_source_snapshot,,,4.580152671755725,31.679389312977097,,,3.206106870229007,9.50381679389313,not_available,not_available,only_C1_C2_available_C_stay_unverified_no_third_subtype,"공식 2025Q4 커피·음료 0개, 제과 0개. 매출 상태 supply_only; 순위 제외: no_cafe_supply_in_source_snapshot. 현재 영업·체류·학습 허용 미검증."
3110415,수락산역 4번,골목상권,True,,8.0,4.0,417,True,True,complete,both_cafe_industries_sales_observed,30.031785523466688,,28.09773304417661,6c591a7_residual_size_adjusted_draft_2025Q4,official_inside_counts_no_external_walk_component,complete_sales_observed_only,,False,True,,23.658089403609363,44.90374313646712,10.687022900763358,51.27226463104325,23.658089403609363,44.90374313646712,16.560662582526554,13.471122940940136,C2_bakery|C1_coffee,C2_bakery,only_C1_C2_available_C_stay_unverified_no_third_subtype,"공식 2025Q4 커피·음료 8개, 제과 4개. 매출 상태 complete; 공급·소비 완전관측군의 잔차 보정 초안. 현재 영업·체류·학습 허용 미검증."
3110416,노원초등학교,골목상권,True,,4.0,1.0,169,True,False,insufficient,partial_or_unusable_sales,,,,6c591a7_residual_size_adjusted_draft_2025Q4,official_inside_counts_no_external_walk_component,not_ranked,,False,False,insufficient_sales_evidence,17.338001084553454,,19.21119592875318,26.7175572519084,,,,,not_available,not_available,only_C1_C2_available_C_stay_unverified_no_third_subtype,"공식 2025Q4 커피·음료 4개, 제과 1개. 매출 상태 insufficient; 순위 제외: insufficient_sales_evidence. 현재 영업·체류·학습 허용 미검증."
3110417,월계역 3번,골목상권,True,,4.0,2.0,65,True,False,insufficient,partial_or_unusable_sales,,,,6c591a7_residual_size_adjusted_draft_2025Q4,official_inside_counts_no_external_walk_component,not_ranked,,False,False,insufficient_sales_evidence,64.73234073939241,,82.06106870229007,89.05852417302799,,,,,not_available,not_available,only_C1_C2_available_C_stay_unverified_no_third_subtype,"공식 2025Q4 커피·음료 4개, 제과 2개. 매출 상태 insufficient; 순위 제외: insufficient_sales_evidence. 현재 영업·체류·학습 허용 미검증."
3110418,광운대학교 남단,골목상권,True,,3.0,0.0,76,True,False,insufficient,partial_or_unusable_sales,,,,6c591a7_residual_size_adjusted_draft_2025Q4,official_inside_counts_no_external_walk_component,not_ranked,,False,False,insufficient_sales_evidence,36.938924661456255,,29.77099236641221,11.83206106870229,,,,,not_available,not_available,only_C1_C2_available_C_stay_unverified_no_third_subtype,"공식 2025Q4 커피·음료 3개, 제과 0개. 매출 상태 insufficient; 순위 제외: insufficient_sales_evidence. 현재 영업·체류·학습 허용 미검증."
3110419,수락산디자인거리,골목상권,True,,17.0,5.0,314,True,True,complete,both_cafe_industries_sales_observed,65.81969511404077,,62.576290756401846,6c591a7_residual_size_adjusted_draft_2025Q4,official_inside_counts_no_external_walk_component,complete_sales_observed_only,,False,True,,65.7860492675472,65.89820208919245,71.88295165394402,75.95419847328245,65.7860492675472,65.89820208919245,46.050234487283035,19.769460626757734,C2_bakery|C1_coffee,C2_bakery,only_C1_C2_available_C_stay_unverified_no_third_subtype,"공식 2025Q4 커피·음료 17개, 제과 5개. 매출 상태 complete; 공급·소비 완전관측군의 잔차 보정 초안. 현재 영업·체류·학습 허용 미검증."
3110420,광운대역 1번,골목상권,True,,8.0,0.0,147,True,False,insufficient,partial_or_unusable_sales,,,,6c591a7_residual_size_adjusted_draft_2025Q4,official_inside_counts_no_external_walk_component,not_ranked,,False,False,insufficient_sales_evidence,75.8534933239288,,78.62595419847328,9.4147582697201,,,,,not_available,not_available,only_C1_C2_available_C_stay_unverified_no_third_subtype,"공식 2025Q4 커피·음료 8개, 제과 0개. 매출 상태 insufficient; 순위 제외: insufficient_sales_evidence. 현재 영업·체류·학습 허용 미검증."
3110421,석계역 1번,골목상권,True,,4.0,2.0,178,True,False,insufficient,partial_or_unusable_sales,,,,6c591a7_residual_size_adjusted_draft_2025Q4,official_inside_counts_no_external_walk_component,not_ranked,,False,False,insufficient_sales_evidence,32.21906955931483,,25.31806615776081,56.36132315521628,,,,,not_available,not_available,only_C1_C2_available_C_stay_unverified_no_third_subtype,"공식 2025Q4 커피·음료 4개, 제과 2개. 매출 상태 insufficient; 순위 제외: insufficient_sales_evidence. 현재 영업·체류·학습 허용 미검증."
3110422,노원역 9번,골목상권,True,,2.0,2.0,100,False,False,supply_only,no_cafe_sales_rows,,46.32315521628499,,6c591a7_residual_size_adjusted_draft_2025Q4,official_inside_counts_no_external_walk_component,supply_only_exploration_only,46.32315521628499,True,False,,,,31.55216284987277,80.78880407124683,31.55216284987277,80.78880407124683,22.086513994910938,24.236641221374047,C2_bakery|C1_coffee,C2_bakery,only_C1_C2_available_C_stay_unverified_no_third_subtype,"공식 2025Q4 커피·음료 2개, 제과 2개. 매출 상태 supply_only; 공급 전용 탐색군. 현재 영업·체류·학습 허용 미검증."
3110423,석계역 2번,골목상권,True,,4.0,1.0,140,True,False,insufficient,partial_or_unusable_sales,,,,6c591a7_residual_size_adjusted_draft_2025Q4,official_inside_counts_no_external_walk_component,not_ranked,,False,False,insufficient_sales_evidence,37.04516520479479,,38.295165394402034,38.54961832061068,,,,,not_available,not_available,only_C1_C2_available_C_stay_unverified_no_third_subtype,"공식 2025Q4 커피·음료 4개, 제과 1개. 매출 상태 insufficient; 순위 제외: insufficient_sales_evidence. 현재 영업·체류·학습 허용 미검증."
3110424,상계초등학교,골목상권,True,,5.0,4.0,200,True,True,complete,both_cafe_industries_sales_observed,41.16617375518351,,41.510466209999166,6c591a7_residual_size_adjusted_draft_2025Q4,official_inside_counts_no_external_walk_component,complete_sales_observed_only,,False,True,,30.49412786354345,66.06761416901031,30.407124681933844,83.7150127226463,30.49412786354345,66.06761416901031,21.345889504480414,19.820284250703093,C2_bakery|C1_coffee,C2_bakery,only_C1_C2_available_C_stay_unverified_no_third_subtype,"공식 2025Q4 커피·음료 5개, 제과 4개. 매출 상태 complete; 공급·소비 완전관측군의 잔차 보정 초안. 현재 영업·체류·학습 허용 미검증."
3110425,계상초등학교,골목상권,True,,9.0,3.0,228,True,False,insufficient,partial_or_unusable_sales,,,,6c591a7_residual_size_adjusted_draft_2025Q4,official_inside_counts_no_external_walk_component,not_ranked,,False,False,insufficient_sales_evidence,49.24138197138446,,48.72773536895674,61.704834605597966,,,,,not_available,not_available,only_C1_C2_available_C_stay_unverified_no_third_subtype,"공식 2025Q4 커피·음료 9개, 제과 3개. 매출 상태 insufficient; 순위 제외: insufficient_sales_evidence. 현재 영업·체류·학습 허용 미검증."
3110426,상계2동주민센터,골목상권,True,,9.0,3.0,216,True,False,insufficient,partial_or_unusable_sales,,,,6c591a7_residual_size_adjusted_draft_2025Q4,official_inside_counts_no_external_walk_component,not_ranked,,False,False,insufficient_sales_evidence,43.26577778789016,,42.87531806615776,60.30534351145038,,,,,not_available,not_available,only_C1_C2_available_C_stay_unverified_no_third_subtype,"공식 2025Q4 커피·음료 9개, 제과 3개. 매출 상태 insufficient; 순위 제외: insufficient_sales_evidence. 현재 영업·체류·학습 허용 미검증."
3110427,노원 을지대학교병원,골목상권,True,,1.0,1.0,38,False,False,supply_only,no_cafe_sales_rows,,51.972010178117046,,6c591a7_residual_size_adjusted_draft_2025Q4,official_inside_counts_no_external_walk_component,supply_only_exploration_only,51.972010178117046,True,False,,,,39.56743002544529,80.91603053435115,39.56743002544529,80.91603053435115,27.6972010178117,24.274809160305345,C2_bakery|C1_coffee,C2_bakery,only_C1_C2_available_C_stay_unverified_no_third_subtype,"공식 2025Q4 커피·음료 1개, 제과 1개. 매출 상태 supply_only; 공급 전용 탐색군. 현재 영업·체류·학습 허용 미검증."
3110428,상계5동주민센터,골목상권,True,,9.0,8.0,417,True,True,complete,both_cafe_industries_sales_observed,37.72862213910106,,35.038696376456656,6c591a7_residual_size_adjusted_draft_2025Q4,official_inside_counts_no_external_walk_component,complete_sales_observed_only,,False,True,,24.02157521909117,69.71173161912415,12.72264631043257,85.1145038167939,24.02157521909117,69.71173161912415,16.815102653363816,20.913519485737243,C2_bakery|C1_coffee,C2_bakery,only_C1_C2_available_C_stay_unverified_no_third_subtype,"공식 2025Q4 커피·음료 9개, 제과 8개. 매출 상태 complete; 공급·소비 완전관측군의 잔차 보정 초안. 현재 영업·체류·학습 허용 미검증."
3110429,공릉동 국수거리,골목상권,True,,14.0,8.0,438,True,False,insufficient,partial_or_unusable_sales,,,,6c591a7_residual_size_adjusted_draft_2025Q4,official_inside_counts_no_external_walk_component,not_ranked,,False,False,insufficient_sales_evidence,38.25481299037175,,40.96692111959288,86.89567430025446,,,,,not_available,not_available,only_C1_C2_available_C_stay_unverified_no_third_subtype,"공식 2025Q4 커피·음료 14개, 제과 8개. 매출 상태 insufficient; 순위 제외: insufficient_sales_evidence. 현재 영업·체류·학습 허용 미검증."
3110430,중계초등학교,골목상권,True,,3.0,0.0,87,False,False,supply_only,no_cafe_sales_rows,,57.63994910941476,,6c591a7_residual_size_adjusted_draft_2025Q4,official_inside_counts_no_external_walk_component,supply_only_exploration_only,57.63994910941476,True,False,,,,72.01017811704835,24.10941475826972,72.01017811704835,,50.407124681933844,7.2328244274809155,C1_coffee,C1_coffee,only_C1_C2_available_C_stay_unverified_no_third_subtype,"공식 2025Q4 커피·음료 3개, 제과 0개. 매출 상태 supply_only; 공급 전용 탐색군. 현재 영업·체류·학습 허용 미검증."
3110431,상계역,골목상권,True,,7.0,2.0,350,True,True,complete,both_cafe_industries_sales_observed,45.490926124625446,,50.33794795637465,6c591a7_residual_size_adjusted_draft_2025Q4,official_inside_counts_no_external_walk_component,complete_sales_observed_only,,False,True,,42.77179023370989,51.83557653676175,40.83969465648856,43.12977099236641,42.77179023370989,51.83557653676175,29.940253163596925,15.550672961028525,C2_bakery|C1_coffee,C2_bakery,only_C1_C2_available_C_stay_unverified_no_third_subtype,"공식 2025Q4 커피·음료 7개, 제과 2개. 매출 상태 complete; 공급·소비 완전관측군의 잔차 보정 초안. 현재 영업·체류·학습 허용 미검증."
3110432,대진고등학교,골목상권,True,,9.0,1.0,109,True,False,insufficient,partial_or_unusable_sales,,,,6c591a7_residual_size_adjusted_draft_2025Q4,official_inside_counts_no_external_walk_component,not_ranked,,False,False,insufficient_sales_evidence,65.6812715441235,,83.58778625954199,42.36641221374045,,,,,not_available,not_available,only_C1_C2_available_C_stay_unverified_no_third_subtype,"공식 2025Q4 커피·음료 9개, 제과 1개. 매출 상태 insufficient; 순위 제외: insufficient_sales_evidence. 현재 영업·체류·학습 허용 미검증."
3110433,공릉역 2번,골목상권,True,,24.0,3.0,213,True,False,insufficient,partial_or_unusable_sales,,,,6c591a7_residual_size_adjusted_draft_2025Q4,official_inside_counts_no_external_walk_component,not_ranked,,False,False,insufficient_sales_evidence,82.79212902393981,,96.18320610687024,64.50381679389314,,,,,not_available,not_available,only_C1_C2_available_C_stay_unverified_no_third_subtype,"공식 2025Q4 커피·음료 24개, 제과 3개. 매출 상태 insufficient; 순위 제외: insufficient_sales_evidence. 현재 영업·체류·학습 허용 미검증."
3110434,태릉입구역 4번,골목상권,True,,9.0,2.0,96,True,False,insufficient,partial_or_unusable_sales,,,,6c591a7_residual_size_adjusted_draft_2025Q4,official_inside_counts_no_external_walk_component,not_ranked,,False,False,insufficient_sales_evidence,76.62106707166775,,94.65648854961832,80.40712468193384,,,,,not_available,not_available,only_C1_C2_available_C_stay_unverified_no_third_subtype,"공식 2025Q4 커피·음료 9개, 제과 2개. 매출 상태 insufficient; 순위 제외: insufficient_sales_evidence. 현재 영업·체류·학습 허용 미검증."
3110435,서울과학기술대,골목상권,True,,3.0,0.0,67,True,False,insufficient,partial_or_unusable_sales,,,,6c591a7_residual_size_adjusted_draft_2025Q4,official_inside_counts_no_external_walk_component,not_ranked,,False,False,insufficient_sales_evidence,74.06981149247449,,79.64376590330788,29.4529262086514,,,,,not_available,not_available,only_C1_C2_available_C_stay_unverified_no_third_subtype,"공식 2025Q4 커피·음료 3개, 제과 0개. 매출 상태 insufficient; 순위 제외: insufficient_sales_evidence. 현재 영업·체류·학습 허용 미검증."
3110436,상계제일중학교,골목상권,True,,1.0,0.0,65,False,False,supply_only,no_cafe_sales_rows,,17.964376590330787,,6c591a7_residual_size_adjusted_draft_2025Q4,official_inside_counts_no_external_walk_component,supply_only_exploration_only,17.964376590330787,True,False,,,,16.666666666666664,20.99236641221374,16.666666666666664,,11.666666666666664,6.297709923664122,C1_coffee,C1_coffee,only_C1_C2_available_C_stay_unverified_no_third_subtype,"공식 2025Q4 커피·음료 1개, 제과 0개. 매출 상태 supply_only; 공급 전용 탐색군. 현재 영업·체류·학습 허용 미검증."
3110437,당고개역 2번,골목상권,True,,5.0,0.0,123,True,False,insufficient,partial_or_unusable_sales,,,,6c591a7_residual_size_adjusted_draft_2025Q4,official_inside_counts_no_external_walk_component,not_ranked,,False,False,insufficient_sales_evidence,34.21765357239015,,42.23918575063613,8.269720101781171,,,,,not_available,not_available,only_C1_C2_available_C_stay_unverified_no_third_subtype,"공식 2025Q4 커피·음료 5개, 제과 0개. 매출 상태 insufficient; 순위 제외: insufficient_sales_evidence. 현재 영업·체류·학습 허용 미검증."
3110438,경춘선숲길 우측,골목상권,True,,10.0,4.0,290,True,False,insufficient,partial_or_unusable_sales,,,,6c591a7_residual_size_adjusted_draft_2025Q4,official_inside_counts_no_external_walk_component,not_ranked,,False,False,insufficient_sales_evidence,47.99726889720632,,48.473282442748086,69.3384223918575,,,,,not_available,not_available,only_C1_C2_available_C_stay_unverified_no_third_subtype,"공식 2025Q4 커피·음료 10개, 제과 4개. 매출 상태 insufficient; 순위 제외: insufficient_sales_evidence. 현재 영업·체류·학습 허용 미검증."
3110439,당고개역 5번,골목상권,True,,4.0,0.0,106,True,False,insufficient,partial_or_unusable_sales,,,,6c591a7_residual_size_adjusted_draft_2025Q4,official_inside_counts_no_external_walk_component,not_ranked,,False,False,insufficient_sales_evidence,39.730628206732575,,30.27989821882952,8.524173027989821,,,,,not_available,not_available,only_C1_C2_available_C_stay_unverified_no_third_subtype,"공식 2025Q4 커피·음료 4개, 제과 0개. 매출 상태 insufficient; 순위 제외: insufficient_sales_evidence. 현재 영업·체류·학습 허용 미검증."
3110440,상계3동4동주민센터,골목상권,True,,0.0,0.0,37,False,False,supply_only,no_cafe_sales_rows,,,,6c591a7_residual_size_adjusted_draft_2025Q4,official_inside_counts_no_external_walk_component,supply_only_exploration_only,11.374045801526716,False,False,no_cafe_supply_in_source_snapshot,,,4.198473282442748,28.117048346055977,,,2.9389312977099236,8.435114503816793,not_available,not_available,only_C1_C2_available_C_stay_unverified_no_third_subtype,"공식 2025Q4 커피·음료 0개, 제과 0개. 매출 상태 supply_only; 순위 제외: no_cafe_supply_in_source_snapshot. 현재 영업·체류·학습 허용 미검증."
3110442,화랑대철도공원,골목상권,True,,5.0,1.0,45,True,True,complete,both_cafe_industries_sales_observed,80.27647241753431,,76.87514063328221,6c591a7_residual_size_adjusted_draft_2025Q4,official_inside_counts_no_external_walk_component,complete_sales_observed_only,,False,True,,82.97599572246048,73.9775847060399,97.07379134860052,83.07888040712467,82.97599572246048,73.9775847060399,58.08319700572233,22.19327541181197,C1_coffee|C2_bakery,C1_coffee,only_C1_C2_available_C_stay_unverified_no_third_subtype,"공식 2025Q4 커피·음료 5개, 제과 1개. 매출 상태 complete; 공급·소비 완전관측군의 잔차 보정 초안. 현재 영업·체류·학습 허용 미검증."
3110514,서대문우체국,골목상권,True,,2.0,2.0,55,False,False,supply_only,no_cafe_sales_rows,,39.13486005089058,,6c591a7_residual_size_adjusted_draft_2025Q4,official_inside_counts_no_external_walk_component,supply_only_exploration_only,39.13486005089058,True,False,,,,21.501272264631044,80.27989821882952,21.501272264631044,80.27989821882952,15.05089058524173,24.083969465648853,C2_bakery|C1_coffee,C2_bakery,only_C1_C2_available_C_stay_unverified_no_third_subtype,"공식 2025Q4 커피·음료 2개, 제과 2개. 매출 상태 supply_only; 공급 전용 탐색군. 현재 영업·체류·학습 허용 미검증."
3110520,경의중앙 신촌역,골목상권,True,,5.0,0.0,90,True,False,insufficient,partial_or_unusable_sales,,,,6c591a7_residual_size_adjusted_draft_2025Q4,official_inside_counts_no_external_walk_component,not_ranked,,False,False,insufficient_sales_evidence,50.02546197805864,,63.358778625954194,13.104325699745548,,,,,not_available,not_available,only_C1_C2_available_C_stay_unverified_no_third_subtype,"공식 2025Q4 커피·음료 5개, 제과 0개. 매출 상태 insufficient; 순위 제외: insufficient_sales_evidence. 현재 영업·체류·학습 허용 미검증."
3110521,홍제역 4번,골목상권,True,,5.0,3.0,75,True,False,insufficient,partial_or_unusable_sales,,,,6c591a7_residual_size_adjusted_draft_2025Q4,official_inside_counts_no_external_walk_component,not_ranked,,False,False,insufficient_sales_evidence,73.60243152334255,,86.89567430025446,95.80152671755724,,,,,not_available,not_available,only_C1_C2_available_C_stay_unverified_no_third_subtype,"공식 2025Q4 커피·음료 5개, 제과 3개. 매출 상태 insufficient; 순위 제외: insufficient_sales_evidence. 현재 영업·체류·학습 허용 미검증."
3110522,홍제역 3번,골목상권,True,,2.0,0.0,42,True,False,insufficient,partial_or_unusable_sales,,,,6c591a7_residual_size_adjusted_draft_2025Q4,official_inside_counts_no_external_walk_component,not_ranked,,False,False,insufficient_sales_evidence,52.9682758633766,,57.12468193384224,31.043256997455472,,,,,not_available,not_available,only_C1_C2_available_C_stay_unverified_no_third_subtype,"공식 2025Q4 커피·음료 2개, 제과 0개. 매출 상태 insufficient; 순위 제외: insufficient_sales_evidence. 현재 영업·체류·학습 허용 미검증."
3110525,홍은종합사회복지관,골목상권,True,,6.0,1.0,93,True,False,insufficient,partial_or_unusable_sales,,,,6c591a7_residual_size_adjusted_draft_2025Q4,official_inside_counts_no_external_walk_component,not_ranked,,False,False,insufficient_sales_evidence,74.94854514358957,,85.75063613231552,58.01526717557252,,,,,not_available,not_available,only_C1_C2_available_C_stay_unverified_no_third_subtype,"공식 2025Q4 커피·음료 6개, 제과 1개. 매출 상태 insufficient; 순위 제외: insufficient_sales_evidence. 현재 영업·체류·학습 허용 미검증."
3110527,홍제역 2번,골목상권,True,,4.0,0.0,130,True,False,insufficient,partial_or_unusable_sales,,,,6c591a7_residual_size_adjusted_draft_2025Q4,official_inside_counts_no_external_walk_component,not_ranked,,False,False,insufficient_sales_evidence,24.49033344330553,,22.519083969465647,6.106870229007633,,,,,not_available,not_available,only_C1_C2_available_C_stay_unverified_no_third_subtype,"공식 2025Q4 커피·음료 4개, 제과 0개. 매출 상태 insufficient; 순위 제외: insufficient_sales_evidence. 현재 영업·체류·학습 허용 미검증."
3110529,홍제3동주민센터,골목상권,True,,6.0,4.0,186,True,True,complete,both_cafe_industries_sales_observed,41.02345231786876,,38.66597283812807,6c591a7_residual_size_adjusted_draft_2025Q4,official_inside_counts_no_external_walk_component,complete_sales_observed_only,,False,True,,29.01803525177946,69.03609213874381,30.025445292620866,79.26208651399492,29.01803525177946,69.03609213874381,20.31262467624562,20.710827641623144,C2_bakery|C1_coffee,C2_bakery,only_C1_C2_available_C_stay_unverified_no_third_subtype,"공식 2025Q4 커피·음료 6개, 제과 4개. 매출 상태 complete; 공급·소비 완전관측군의 잔차 보정 초안. 현재 영업·체류·학습 허용 미검증."
3110530,아현역 1번,골목상권,True,,1.0,3.0,72,False,False,supply_only,no_cafe_sales_rows,,52.50636132315522,,6c591a7_residual_size_adjusted_draft_2025Q4,official_inside_counts_no_external_walk_component,supply_only_exploration_only,52.50636132315522,True,False,,,,33.078880407124686,97.83715012722644,33.078880407124686,97.83715012722644,23.15521628498728,29.351145038167928,C2_bakery|C1_coffee,C2_bakery,only_C1_C2_available_C_stay_unverified_no_third_subtype,"공식 2025Q4 커피·음료 1개, 제과 3개. 매출 상태 supply_only; 공급 전용 탐색군. 현재 영업·체류·학습 허용 미검증."
3110532,아현역 2번,골목상권,True,,4.0,2.0,125,True,True,complete,both_cafe_industries_sales_observed,42.67830057468957,,39.47896682677779,6c591a7_residual_size_adjusted_draft_2025Q4,official_inside_counts_no_external_walk_component,complete_sales_observed_only,,False,True,,34.445188905700725,61.8888944689969,39.82188295165394,65.9033078880407,34.445188905700725,61.8888944689969,24.111632233990505,18.56666834069907,C2_bakery|C1_coffee,C2_bakery,only_C1_C2_available_C_stay_unverified_no_third_subtype,"공식 2025Q4 커피·음료 4개, 제과 2개. 매출 상태 complete; 공급·소비 완전관측군의 잔차 보정 초안. 현재 영업·체류·학습 허용 미검증."
3110533,충정로역 7번,골목상권,True,,1.0,1.0,19,False,False,supply_only,no_cafe_sales_rows,,63.91857506361323,,6c591a7_residual_size_adjusted_draft_2025Q4,official_inside_counts_no_external_walk_component,supply_only_exploration_only,63.91857506361323,True,False,,,,53.30788804071247,88.67684478371501,53.30788804071247,88.67684478371501,37.31552162849873,26.603053435114504,C2_bakery|C1_coffee,C2_bakery,only_C1_C2_available_C_stay_unverified_no_third_subtype,"공식 2025Q4 커피·음료 1개, 제과 1개. 매출 상태 supply_only; 공급 전용 탐색군. 현재 영업·체류·학습 허용 미검증."
3110534,경기대학교,골목상권,True,,2.0,1.0,35,False,False,supply_only,no_cafe_sales_rows,,49.65648854961832,,6c591a7_residual_size_adjusted_draft_2025Q4,official_inside_counts_no_external_walk_component,supply_only_exploration_only,49.65648854961832,True,False,,,,41.6030534351145,68.44783715012723,41.6030534351145,68.44783715012723,29.122137404580144,20.53435114503817,C2_bakery|C1_coffee,C2_bakery,only_C1_C2_available_C_stay_unverified_no_third_subtype,"공식 2025Q4 커피·음료 2개, 제과 1개. 매출 상태 supply_only; 공급 전용 탐색군. 현재 영업·체류·학습 허용 미검증."
3110535,영천시장입구,골목상권,True,,3.0,0.0,57,False,False,supply_only,no_cafe_sales_rows,,56.0559796437659,,6c591a7_residual_size_adjusted_draft_2025Q4,official_inside_counts_no_external_walk_component,supply_only_exploration_only,56.0559796437659,True,False,,,,69.3384223918575,25.06361323155216,69.3384223918575,,48.536895674300254,7.5190839694656475,C1_coffee,C1_coffee,only_C1_C2_available_C_stay_unverified_no_third_subtype,"공식 2025Q4 커피·음료 3개, 제과 0개. 매출 상태 supply_only; 공급 전용 탐색군. 현재 영업·체류·학습 허용 미검증."
3110536,돈의문센트레빌아파트입구,골목상권,True,,1.0,0.0,43,False,False,supply_only,no_cafe_sales_rows,,43.75318066157761,,6c591a7_residual_size_adjusted_draft_2025Q4,official_inside_counts_no_external_walk_component,supply_only_exploration_only,43.75318066157761,True,False,,,,45.92875318066158,38.67684478371501,45.92875318066158,,32.150127226463106,11.603053435114504,C1_coffee,C1_coffee,only_C1_C2_available_C_stay_unverified_no_third_subtype,"공식 2025Q4 커피·음료 1개, 제과 0개. 매출 상태 supply_only; 공급 전용 탐색군. 현재 영업·체류·학습 허용 미검증."
3110537,충정로현대아파트,골목상권,True,,13.0,0.0,150,True,False,insufficient,partial_or_unusable_sales,,,,6c591a7_residual_size_adjusted_draft_2025Q4,official_inside_counts_no_external_walk_component,not_ranked,,False,False,insufficient_sales_evidence,80.06639837241138,,93.38422391857506,9.033078880407125,,,,,not_available,not_available,only_C1_C2_available_C_stay_unverified_no_third_subtype,"공식 2025Q4 커피·음료 13개, 제과 0개. 매출 상태 insufficient; 순위 제외: insufficient_sales_evidence. 현재 영업·체류·학습 허용 미검증."
3110538,충정로역 3번,골목상권,True,,5.0,1.0,82,True,True,complete,both_cafe_industries_sales_observed,71.31625268568686,,68.92728543012404,6c591a7_residual_size_adjusted_draft_2025Q4,official_inside_counts_no_external_walk_component,complete_sales_observed_only,,False,True,,73.24325055080905,66.81992433373509,91.0941475826972,67.68447837150127,73.24325055080905,66.81992433373509,51.270275385566336,20.045977300120526,C1_coffee|C2_bakery,C1_coffee,only_C1_C2_available_C_stay_unverified_no_third_subtype,"공식 2025Q4 커피·음료 5개, 제과 1개. 매출 상태 complete; 공급·소비 완전관측군의 잔차 보정 초안. 현재 영업·체류·학습 허용 미검증."
3110539,미근동,골목상권,True,,12.0,2.0,100,True,False,insufficient,partial_or_unusable_sales,,,,6c591a7_residual_size_adjusted_draft_2025Q4,official_inside_counts_no_external_walk_component,not_ranked,,False,False,insufficient_sales_evidence,86.6513435569561,,96.94656488549616,75.31806615776081,,,,,not_available,not_available,only_C1_C2_available_C_stay_unverified_no_third_subtype,"공식 2025Q4 커피·음료 12개, 제과 2개. 매출 상태 insufficient; 순위 제외: insufficient_sales_evidence. 현재 영업·체류·학습 허용 미검증."
3110566,경의선책거리,골목상권,True,,76.0,13.0,664,True,True,complete,both_cafe_industries_sales_observed,87.04550049776891,,84.25964511836116,6c591a7_residual_size_adjusted_draft_2025Q4,official_inside_counts_no_external_walk_component,complete_sales_observed_only,,False,True,,91.3004725012609,77.11723248962099,99.23664122137404,95.92875318066156,91.3004725012609,77.11723248962099,63.91033075088262,23.135169746886294,C1_coffee|C2_bakery,C1_coffee,only_C1_C2_available_C_stay_unverified_no_third_subtype,"공식 2025Q4 커피·음료 76개, 제과 13개. 매출 상태 complete; 공급·소비 완전관측군의 잔차 보정 초안. 현재 영업·체류·학습 허용 미검증."
3110569,홍대땡땡거리,골목상권,True,,31.0,4.0,387,True,True,complete,both_cafe_industries_sales_observed,83.11304657382695,,80.69472057235967,6c591a7_residual_size_adjusted_draft_2025Q4,official_inside_counts_no_external_walk_component,complete_sales_observed_only,,False,True,,91.43958297781973,63.68446163117717,96.31043256997457,65.64885496183206,91.43958297781973,63.68446163117717,64.0077080844738,19.10533848935315,C1_coffee|C2_bakery,C1_coffee,only_C1_C2_available_C_stay_unverified_no_third_subtype,"공식 2025Q4 커피·음료 31개, 제과 4개. 매출 상태 complete; 공급·소비 완전관측군의 잔차 보정 초안. 현재 영업·체류·학습 허용 미검증."
3110571,신수동주민센터,골목상권,True,,8.0,0.0,110,True,False,insufficient,partial_or_unusable_sales,,,,6c591a7_residual_size_adjusted_draft_2025Q4,official_inside_counts_no_external_walk_component,not_ranked,,False,False,insufficient_sales_evidence,66.50553254987618,,75.31806615776081,9.541984732824428,,,,,not_available,not_available,only_C1_C2_available_C_stay_unverified_no_third_subtype,"공식 2025Q4 커피·음료 8개, 제과 0개. 매출 상태 insufficient; 순위 제외: insufficient_sales_evidence. 현재 영업·체류·학습 허용 미검증."
3110572,서강대역 1번,골목상권,True,,29.0,7.0,294,True,True,complete,both_cafe_industries_sales_observed,85.47242107498528,,80.91698375968096,6c591a7_residual_size_adjusted_draft_2025Q4,official_inside_counts_no_external_walk_component,complete_sales_observed_only,,False,True,,86.99189637584708,81.92697870630775,91.73027989821882,89.31297709923665,86.99189637584708,81.92697870630775,60.89432746309295,24.578093611892324,C1_coffee|C2_bakery,C1_coffee,only_C1_C2_available_C_stay_unverified_no_third_subtype,"공식 2025Q4 커피·음료 29개, 제과 7개. 매출 상태 complete; 공급·소비 완전관측군의 잔차 보정 초안. 현재 영업·체류·학습 허용 미검증."
3110573,신촌역 6번,골목상권,True,,1.0,1.0,33,False,False,supply_only,no_cafe_sales_rows,,66.58396946564885,,6c591a7_residual_size_adjusted_draft_2025Q4,official_inside_counts_no_external_walk_component,supply_only_exploration_only,66.58396946564885,True,False,,,,57.82442748091603,87.02290076335878,57.82442748091603,87.02290076335878,40.477099236641216,26.106870229007633,C2_bakery|C1_coffee,C2_bakery,only_C1_C2_available_C_stay_unverified_no_third_subtype,"공식 2025Q4 커피·음료 1개, 제과 1개. 매출 상태 supply_only; 공급 전용 탐색군. 현재 영업·체류·학습 허용 미검증."
3110574,서강대학교,골목상권,True,,0.0,1.0,47,False,False,supply_only,no_cafe_sales_rows,,31.47582697201017,,6c591a7_residual_size_adjusted_draft_2025Q4,official_inside_counts_no_external_walk_component,supply_only_exploration_only,31.47582697201017,True,False,,,,9.79643765903308,82.06106870229007,,82.06106870229007,6.857506361323155,24.61832061068702,C2_bakery,C2_bakery,only_C1_C2_available_C_stay_unverified_no_third_subtype,"공식 2025Q4 커피·음료 0개, 제과 1개. 매출 상태 supply_only; 공급 전용 탐색군. 현재 영업·체류·학습 허용 미검증."
3110575,대흥동주민센터,골목상권,True,,4.0,0.0,90,True,False,insufficient,partial_or_unusable_sales,,,,6c591a7_residual_size_adjusted_draft_2025Q4,official_inside_counts_no_external_walk_component,not_ranked,,False,False,insufficient_sales_evidence,43.38414504196008,,44.02035623409669,11.577608142493638,,,,,not_available,not_available,only_C1_C2_available_C_stay_unverified_no_third_subtype,"공식 2025Q4 커피·음료 4개, 제과 0개. 매출 상태 insufficient; 순위 제외: insufficient_sales_evidence. 현재 영업·체류·학습 허용 미검증."
3110576,대흥역 3번,골목상권,True,,21.0,3.0,254,True,True,complete,both_cafe_industries_sales_observed,75.74920564492709,,73.45611345757588,6c591a7_residual_size_adjusted_draft_2025Q4,official_inside_counts_no_external_walk_component,complete_sales_observed_only,,False,True,,81.48235685600845,62.371852819070575,93.76590330788804,63.8676844783715,81.48235685600845,62.371852819070575,57.03764979920591,18.711555845721172,C1_coffee|C2_bakery,C1_coffee,only_C1_C2_available_C_stay_unverified_no_third_subtype,"공식 2025Q4 커피·음료 21개, 제과 3개. 매출 상태 complete; 공급·소비 완전관측군의 잔차 보정 초안. 현재 영업·체류·학습 허용 미검증."
3110577,용강동주민센터,골목상권,True,,4.0,2.0,123,True,False,insufficient,partial_or_unusable_sales,,,,6c591a7_residual_size_adjusted_draft_2025Q4,official_inside_counts_no_external_walk_component,not_ranked,,False,False,insufficient_sales_evidence,59.14660849516312,,68.06615776081425,80.1526717557252,,,,,not_available,not_available,only_C1_C2_available_C_stay_unverified_no_third_subtype,"공식 2025Q4 커피·음료 4개, 제과 2개. 매출 상태 insufficient; 순위 제외: insufficient_sales_evidence. 현재 영업·체류·학습 허용 미검증."
3110578,대흥역 2번,골목상권,True,,18.0,10.0,273,True,True,complete,both_cafe_industries_sales_observed,79.52144311672801,,77.37699940222043,6c591a7_residual_size_adjusted_draft_2025Q4,official_inside_counts_no_external_walk_component,complete_sales_observed_only,,False,True,,75.67604426191588,88.494040444623,81.93384223918575,98.6005089058524,75.67604426191588,88.494040444623,52.97323098334111,26.548212133386897,C2_bakery|C1_coffee,C2_bakery,only_C1_C2_available_C_stay_unverified_no_third_subtype,"공식 2025Q4 커피·음료 18개, 제과 10개. 매출 상태 complete; 공급·소비 완전관측군의 잔차 보정 초안. 현재 영업·체류·학습 허용 미검증."
3110579,마포역 4번,골목상권,True,,3.0,0.0,82,True,False,insufficient,partial_or_unusable_sales,,,,6c591a7_residual_size_adjusted_draft_2025Q4,official_inside_counts_no_external_walk_component,not_ranked,,False,False,insufficient_sales_evidence,42.31940497453574,,41.85750636132315,15.139949109414758,,,,,not_available,not_available,only_C1_C2_available_C_stay_unverified_no_third_subtype,"공식 2025Q4 커피·음료 3개, 제과 0개. 매출 상태 insufficient; 순위 제외: insufficient_sales_evidence. 현재 영업·체류·학습 허용 미검증."
3110580,양원초등학교,골목상권,True,,4.0,0.0,83,True,False,insufficient,partial_or_unusable_sales,,,,6c591a7_residual_size_adjusted_draft_2025Q4,official_inside_counts_no_external_walk_component,not_ranked,,False,False,insufficient_sales_evidence,60.027135262018255,,67.8117048346056,17.68447837150127,,,,,not_available,not_available,only_C1_C2_available_C_stay_unverified_no_third_subtype,"공식 2025Q4 커피·음료 4개, 제과 0개. 매출 상태 insufficient; 순위 제외: insufficient_sales_evidence. 현재 영업·체류·학습 허용 미검증."
3110581,염리초등학교,골목상권,True,,1.0,0.0,22,False,False,supply_only,no_cafe_sales_rows,,66.71119592875317,,6c591a7_residual_size_adjusted_draft_2025Q4,official_inside_counts_no_external_walk_component,supply_only_exploration_only,66.71119592875317,True,False,,,,70.73791348600508,57.31552162849872,70.73791348600508,,49.51653944020356,17.194656488549615,C1_coffee,C1_coffee,only_C1_C2_available_C_stay_unverified_no_third_subtype,"공식 2025Q4 커피·음료 1개, 제과 0개. 매출 상태 supply_only; 공급 전용 탐색군. 현재 영업·체류·학습 허용 미검증."
3110582,이대역 5번,골목상권,True,,5.0,2.0,160,True,False,insufficient,partial_or_unusable_sales,,,,6c591a7_residual_size_adjusted_draft_2025Q4,official_inside_counts_no_external_walk_component,not_ranked,,False,False,insufficient_sales_evidence,44.33209330193437,,47.45547073791349,62.59541984732825,,,,,not_available,not_available,only_C1_C2_available_C_stay_unverified_no_third_subtype,"공식 2025Q4 커피·음료 5개, 제과 2개. 매출 상태 insufficient; 순위 제외: insufficient_sales_evidence. 현재 영업·체류·학습 허용 미검증."
3110583,공덕래미안3차아파트,골목상권,True,,1.0,1.0,70,False,False,supply_only,no_cafe_sales_rows,,45.13358778625954,,6c591a7_residual_size_adjusted_draft_2025Q4,official_inside_counts_no_external_walk_component,supply_only_exploration_only,45.13358778625954,True,False,,,,33.778625954198475,71.62849872773536,33.778625954198475,71.62849872773536,23.64503816793893,21.488549618320608,C2_bakery|C1_coffee,C2_bakery,only_C1_C2_available_C_stay_unverified_no_third_subtype,"공식 2025Q4 커피·음료 1개, 제과 1개. 매출 상태 supply_only; 공급 전용 탐색군. 현재 영업·체류·학습 허용 미검증."
3110584,아현역 4번,골목상권,True,,2.0,0.0,71,False,False,supply_only,no_cafe_sales_rows,,50.41984732824427,,6c591a7_residual_size_adjusted_draft_2025Q4,official_inside_counts_no_external_walk_component,supply_only_exploration_only,50.41984732824427,True,False,,,,60.30534351145038,27.353689567430024,60.30534351145038,,42.213740458015266,8.206106870229007,C1_coffee,C1_coffee,only_C1_C2_available_C_stay_unverified_no_third_subtype,"공식 2025Q4 커피·음료 2개, 제과 0개. 매출 상태 supply_only; 공급 전용 탐색군. 현재 영업·체류·학습 허용 미검증."
3110585,마포경찰서,골목상권,True,,2.0,1.0,35,False,False,supply_only,no_cafe_sales_rows,,82.63358778625954,,6c591a7_residual_size_adjusted_draft_2025Q4,official_inside_counts_no_external_walk_component,supply_only_exploration_only,82.63358778625954,True,False,,,,80.91603053435115,86.64122137404581,80.91603053435115,86.64122137404581,56.6412213740458,25.992366412213745,C2_bakery|C1_coffee,C2_bakery,only_C1_C2_available_C_stay_unverified_no_third_subtype,"공식 2025Q4 커피·음료 2개, 제과 1개. 매출 상태 supply_only; 공급 전용 탐색군. 현재 영업·체류·학습 허용 미검증."
3110586,서울서부지방법원,골목상권,True,,18.0,3.0,338,True,False,insufficient,partial_or_unusable_sales,,,,6c591a7_residual_size_adjusted_draft_2025Q4,official_inside_counts_no_external_walk_component,not_ranked,,False,False,insufficient_sales_evidence,70.52134503589264,,71.62849872773536,48.72773536895674,,,,,not_available,not_available,only_C1_C2_available_C_stay_unverified_no_third_subtype,"공식 2025Q4 커피·음료 18개, 제과 3개. 매출 상태 insufficient; 순위 제외: insufficient_sales_evidence. 현재 영업·체류·학습 허용 미검증."
3110587,공덕동주민센터,골목상권,True,,9.0,2.0,148,True,False,insufficient,partial_or_unusable_sales,,,,6c591a7_residual_size_adjusted_draft_2025Q4,official_inside_counts_no_external_walk_component,not_ranked,,False,False,insufficient_sales_evidence,63.40168466039445,,72.51908396946564,59.92366412213741,,,,,not_available,not_available,only_C1_C2_available_C_stay_unverified_no_third_subtype,"공식 2025Q4 커피·음료 9개, 제과 2개. 매출 상태 insufficient; 순위 제외: insufficient_sales_evidence. 현재 영업·체류·학습 허용 미검증."
3110589,애오개역 3번,골목상권,True,,2.0,0.0,41,False,False,supply_only,no_cafe_sales_rows,,54.9236641221374,,6c591a7_residual_size_adjusted_draft_2025Q4,official_inside_counts_no_external_walk_component,supply_only_exploration_only,54.9236641221374,True,False,,,,63.74045801526718,34.35114503816794,63.74045801526718,,44.61832061068702,10.305343511450383,C1_coffee,C1_coffee,only_C1_C2_available_C_stay_unverified_no_third_subtype,"공식 2025Q4 커피·음료 2개, 제과 0개. 매출 상태 supply_only; 공급 전용 탐색군. 현재 영업·체류·학습 허용 미검증."
3110591,충정로역 6번,골목상권,True,,4.0,1.0,80,True,False,insufficient,partial_or_unusable_sales,,,,6c591a7_residual_size_adjusted_draft_2025Q4,official_inside_counts_no_external_walk_component,not_ranked,,False,False,insufficient_sales_evidence,45.93384697936693,,60.68702290076335,54.70737913486005,,,,,not_available,not_available,only_C1_C2_available_C_stay_unverified_no_third_subtype,"공식 2025Q4 커피·음료 4개, 제과 1개. 매출 상태 insufficient; 순위 제외: insufficient_sales_evidence. 현재 영업·체류·학습 허용 미검증."
3110832,노량진초등학교,골목상권,True,,4.0,1.0,116,True,False,insufficient,partial_or_unusable_sales,,,,6c591a7_residual_size_adjusted_draft_2025Q4,official_inside_counts_no_external_walk_component,not_ranked,,False,False,insufficient_sales_evidence,38.087125857498776,,27.09923664122137,35.36895674300254,,,,,not_available,not_available,only_C1_C2_available_C_stay_unverified_no_third_subtype,"공식 2025Q4 커피·음료 4개, 제과 1개. 매출 상태 insufficient; 순위 제외: insufficient_sales_evidence. 현재 영업·체류·학습 허용 미검증."
3110927,잠원역,골목상권,True,,3.0,1.0,100,True,False,insufficient,partial_or_unusable_sales,,,,6c591a7_residual_size_adjusted_draft_2025Q4,official_inside_counts_no_external_walk_component,not_ranked,,False,False,insufficient_sales_evidence,39.19189030841514,,33.20610687022901,47.07379134860051,,,,,not_available,not_available,only_C1_C2_available_C_stay_unverified_no_third_subtype,"공식 2025Q4 커피·음료 3개, 제과 1개. 매출 상태 insufficient; 순위 제외: insufficient_sales_evidence. 현재 영업·체류·학습 허용 미검증."
3110949,한남IC,골목상권,True,,10.0,1.0,145,True,False,insufficient,partial_or_unusable_sales,,,,6c591a7_residual_size_adjusted_draft_2025Q4,official_inside_counts_no_external_walk_component,not_ranked,,False,False,insufficient_sales_evidence,79.79642268006054,,84.0966921119593,37.02290076335878,,,,,not_available,not_available,only_C1_C2_available_C_stay_unverified_no_third_subtype,"공식 2025Q4 커피·음료 10개, 제과 1개. 매출 상태 insufficient; 순위 제외: insufficient_sales_evidence. 현재 영업·체류·학습 허용 미검증."
3110950,논현역 7번,골목상권,True,,0.0,0.0,33,False,False,supply_only,no_cafe_sales_rows,,,,6c591a7_residual_size_adjusted_draft_2025Q4,official_inside_counts_no_external_walk_component,supply_only_exploration_only,14.007633587786255,False,False,no_cafe_supply_in_source_snapshot,,,5.7251908396946565,33.33333333333333,,,4.007633587786259,9.999999999999998,not_available,not_available,only_C1_C2_available_C_stay_unverified_no_third_subtype,"공식 2025Q4 커피·음료 0개, 제과 0개. 매출 상태 supply_only; 순위 제외: no_cafe_supply_in_source_snapshot. 현재 영업·체류·학습 허용 미검증."
3110951,신사은행나무공원,골목상권,True,,7.0,3.0,96,True,False,insufficient,partial_or_unusable_sales,,,,6c591a7_residual_size_adjusted_draft_2025Q4,official_inside_counts_no_external_walk_component,not_ranked,,False,False,insufficient_sales_evidence,78.08699047792402,,92.1119592875318,93.12977099236642,,,,,not_available,not_available,only_C1_C2_available_C_stay_unverified_no_third_subtype,"공식 2025Q4 커피·음료 7개, 제과 3개. 매출 상태 insufficient; 순위 제외: insufficient_sales_evidence. 현재 영업·체류·학습 허용 미검증."
3110952,논현목련공원,골목상권,True,,2.0,0.0,38,False,False,supply_only,no_cafe_sales_rows,,66.39949109414758,,6c591a7_residual_size_adjusted_draft_2025Q4,official_inside_counts_no_external_walk_component,supply_only_exploration_only,66.39949109414758,True,False,,,,76.97201017811705,41.73027989821883,76.97201017811705,,53.88040712468193,12.51908396946565,C1_coffee,C1_coffee,only_C1_C2_available_C_stay_unverified_no_third_subtype,"공식 2025Q4 커피·음료 2개, 제과 0개. 매출 상태 supply_only; 공급 전용 탐색군. 현재 영업·체류·학습 허용 미검증."
3110953,학동근린공원,골목상권,True,,4.0,0.0,86,True,False,insufficient,partial_or_unusable_sales,,,,6c591a7_residual_size_adjusted_draft_2025Q4,official_inside_counts_no_external_walk_component,not_ranked,,False,False,insufficient_sales_evidence,44.72526924229152,,38.67684478371501,10.814249363867685,,,,,not_available,not_available,only_C1_C2_available_C_stay_unverified_no_third_subtype,"공식 2025Q4 커피·음료 4개, 제과 0개. 매출 상태 insufficient; 순위 제외: insufficient_sales_evidence. 현재 영업·체류·학습 허용 미검증."
3110955,논현초등학교,골목상권,True,,32.0,1.0,407,True,False,insufficient,partial_or_unusable_sales,,,,6c591a7_residual_size_adjusted_draft_2025Q4,official_inside_counts_no_external_walk_component,not_ranked,,False,False,insufficient_sales_evidence,68.16853979666519,,86.25954198473282,8.9058524173028,,,,,not_available,not_available,only_C1_C2_available_C_stay_unverified_no_third_subtype,"공식 2025Q4 커피·음료 32개, 제과 1개. 매출 상태 insufficient; 순위 제외: insufficient_sales_evidence. 현재 영업·체류·학습 허용 미검증."
3110957,언북중학교,골목상권,True,,14.0,2.0,243,True,False,insufficient,partial_or_unusable_sales,,,,6c591a7_residual_size_adjusted_draft_2025Q4,official_inside_counts_no_external_walk_component,not_ranked,,False,False,insufficient_sales_evidence,75.28706404553608,,76.7175572519084,44.27480916030535,,,,,not_available,not_available,only_C1_C2_available_C_stay_unverified_no_third_subtype,"공식 2025Q4 커피·음료 14개, 제과 2개. 매출 상태 insufficient; 순위 제외: insufficient_sales_evidence. 현재 영업·체류·학습 허용 미검증."
3110959,신구중학교,골목상권,True,,2.0,0.0,45,False,False,supply_only,no_cafe_sales_rows,,48.12977099236641,,6c591a7_residual_size_adjusted_draft_2025Q4,official_inside_counts_no_external_walk_component,supply_only_exploration_only,48.12977099236641,True,False,,,,55.72519083969466,30.407124681933844,55.72519083969466,,39.00763358778626,9.122137404580153,C1_coffee,C1_coffee,only_C1_C2_available_C_stay_unverified_no_third_subtype,"공식 2025Q4 커피·음료 2개, 제과 0개. 매출 상태 supply_only; 공급 전용 탐색군. 현재 영업·체류·학습 허용 미검증."
3110961,언주역 3번,골목상권,True,,7.0,1.0,126,True,False,insufficient,partial_or_unusable_sales,,,,6c591a7_residual_size_adjusted_draft_2025Q4,official_inside_counts_no_external_walk_component,not_ranked,,False,False,insufficient_sales_evidence,71.09964979541378,,69.97455470737913,39.69465648854962,,,,,not_available,not_available,only_C1_C2_available_C_stay_unverified_no_third_subtype,"공식 2025Q4 커피·음료 7개, 제과 1개. 매출 상태 insufficient; 순위 제외: insufficient_sales_evidence. 현재 영업·체류·학습 허용 미검증."
3110962,도산공원북측,골목상권,True,,8.0,1.0,43,False,False,supply_only,no_cafe_sales_rows,,94.97455470737911,,6c591a7_residual_size_adjusted_draft_2025Q4,official_inside_counts_no_external_walk_component,supply_only_exploration_only,94.97455470737911,True,False,,,,99.74554707379136,83.84223918575063,99.74554707379136,83.84223918575063,69.82188295165395,25.152671755725187,C1_coffee|C2_bakery,C1_coffee,only_C1_C2_available_C_stay_unverified_no_third_subtype,"공식 2025Q4 커피·음료 8개, 제과 1개. 매출 상태 supply_only; 공급 전용 탐색군. 현재 영업·체류·학습 허용 미검증."
3110966,논현2동주민센터,골목상권,True,,15.0,6.0,331,True,True,complete,both_cafe_industries_sales_observed,70.44173021029239,,69.21039931920356,6c591a7_residual_size_adjusted_draft_2025Q4,official_inside_counts_no_external_walk_component,complete_sales_observed_only,,False,True,,70.87165542295688,69.43857138074193,71.7557251908397,86.76844783715013,70.87165542295688,69.43857138074193,49.61015879606981,20.83157141422258,C1_coffee|C2_bakery,C1_coffee,only_C1_C2_available_C_stay_unverified_no_third_subtype,"공식 2025Q4 커피·음료 15개, 제과 6개. 매출 상태 complete; 공급·소비 완전관측군의 잔차 보정 초안. 현재 영업·체류·학습 허용 미검증."
3110968,강남구청역 2번,골목상권,True,,3.0,2.0,57,True,False,insufficient,partial_or_unusable_sales,,,,6c591a7_residual_size_adjusted_draft_2025Q4,official_inside_counts_no_external_walk_component,not_ranked,,False,False,insufficient_sales_evidence,50.97527654217054,,62.21374045801527,87.27735368956743,,,,,not_available,not_available,only_C1_C2_available_C_stay_unverified_no_third_subtype,"공식 2025Q4 커피·음료 3개, 제과 2개. 매출 상태 insufficient; 순위 제외: insufficient_sales_evidence. 현재 영업·체류·학습 허용 미검증."
3110970,학동초등학교,골목상권,True,,1.0,1.0,57,False,False,supply_only,no_cafe_sales_rows,,29.87277353689567,,6c591a7_residual_size_adjusted_draft_2025Q4,official_inside_counts_no_external_walk_component,supply_only_exploration_only,29.87277353689567,True,False,,,,15.521628498727736,63.358778625954194,15.521628498727736,63.358778625954194,10.865139949109414,19.00763358778626,C2_bakery|C1_coffee,C2_bakery,only_C1_C2_available_C_stay_unverified_no_third_subtype,"공식 2025Q4 커피·음료 1개, 제과 1개. 매출 상태 supply_only; 공급 전용 탐색군. 현재 영업·체류·학습 허용 미검증."
3110971,선정릉역 4번,골목상권,True,,11.0,1.0,172,True,False,insufficient,partial_or_unusable_sales,,,,6c591a7_residual_size_adjusted_draft_2025Q4,official_inside_counts_no_external_walk_component,not_ranked,,False,False,insufficient_sales_evidence,63.52584707037841,,63.231552162849866,22.137404580152676,,,,,not_available,not_available,only_C1_C2_available_C_stay_unverified_no_third_subtype,"공식 2025Q4 커피·음료 11개, 제과 1개. 매출 상태 insufficient; 순위 제외: insufficient_sales_evidence. 현재 영업·체류·학습 허용 미검증."
3110973,강남구청역 4번,골목상권,True,,3.0,1.0,187,False,False,supply_only,no_cafe_sales_rows,,19.26208651399491,,6c591a7_residual_size_adjusted_draft_2025Q4,official_inside_counts_no_external_walk_component,supply_only_exploration_only,19.26208651399491,True,False,,,,14.75826972010178,29.77099236641221,14.75826972010178,29.77099236641221,10.330788804071245,8.931297709923662,C2_bakery|C1_coffee,C2_bakery,only_C1_C2_available_C_stay_unverified_no_third_subtype,"공식 2025Q4 커피·음료 3개, 제과 1개. 매출 상태 supply_only; 공급 전용 탐색군. 현재 영업·체류·학습 허용 미검증."
3110974,언주중학교,골목상권,True,,2.0,0.0,70,False,False,supply_only,no_cafe_sales_rows,,35.89058524173028,,6c591a7_residual_size_adjusted_draft_2025Q4,official_inside_counts_no_external_walk_component,supply_only_exploration_only,35.89058524173028,True,False,,,,42.11195928753181,21.37404580152672,42.11195928753181,,29.478371501272264,6.412213740458015,C1_coffee,C1_coffee,only_C1_C2_available_C_stay_unverified_no_third_subtype,"공식 2025Q4 커피·음료 2개, 제과 0개. 매출 상태 supply_only; 공급 전용 탐색군. 현재 영업·체류·학습 허용 미검증."
3110976,언북초등학교,골목상권,True,,7.0,1.0,149,True,False,insufficient,partial_or_unusable_sales,,,,6c591a7_residual_size_adjusted_draft_2025Q4,official_inside_counts_no_external_walk_component,not_ranked,,False,False,insufficient_sales_evidence,62.920080165944256,,69.08396946564885,37.659033078880405,,,,,not_available,not_available,only_C1_C2_available_C_stay_unverified_no_third_subtype,"공식 2025Q4 커피·음료 7개, 제과 1개. 매출 상태 insufficient; 순위 제외: insufficient_sales_evidence. 현재 영업·체류·학습 허용 미검증."
3110982,강남구보훈회관,골목상권,True,,2.0,1.0,102,False,False,supply_only,no_cafe_sales_rows,,52.53180661577608,,6c591a7_residual_size_adjusted_draft_2025Q4,official_inside_counts_no_external_walk_component,supply_only_exploration_only,52.53180661577608,True,False,,,,47.83715012722647,63.48600508905853,47.83715012722647,63.48600508905853,33.48600508905853,19.045801526717558,C2_bakery|C1_coffee,C2_bakery,only_C1_C2_available_C_stay_unverified_no_third_subtype,"공식 2025Q4 커피·음료 2개, 제과 1개. 매출 상태 supply_only; 공급 전용 탐색군. 현재 영업·체류·학습 허용 미검증."
3110985,청담근린공원,골목상권,True,,3.0,0.0,57,True,False,insufficient,partial_or_unusable_sales,,,,6c591a7_residual_size_adjusted_draft_2025Q4,official_inside_counts_no_external_walk_component,not_ranked,,False,False,insufficient_sales_evidence,60.05658543892181,,62.34096692111959,22.519083969465647,,,,,not_available,not_available,only_C1_C2_available_C_stay_unverified_no_third_subtype,"공식 2025Q4 커피·음료 3개, 제과 0개. 매출 상태 insufficient; 순위 제외: insufficient_sales_evidence. 현재 영업·체류·학습 허용 미검증."
3110988,청담역 3번,골목상권,True,,2.0,1.0,59,False,False,supply_only,no_cafe_sales_rows,,33.078880407124686,,6c591a7_residual_size_adjusted_draft_2025Q4,official_inside_counts_no_external_walk_component,supply_only_exploration_only,33.078880407124686,True,False,,,,23.53689567430025,55.34351145038168,23.53689567430025,55.34351145038168,16.475826972010175,16.603053435114504,C2_bakery|C1_coffee,C2_bakery,only_C1_C2_available_C_stay_unverified_no_third_subtype,"공식 2025Q4 커피·음료 2개, 제과 1개. 매출 상태 supply_only; 공급 전용 탐색군. 현재 영업·체류·학습 허용 미검증."
3110990,청담역 12번,골목상권,True,,2.0,0.0,29,True,False,insufficient,partial_or_unusable_sales,,,,6c591a7_residual_size_adjusted_draft_2025Q4,official_inside_counts_no_external_walk_component,not_ranked,,False,False,insufficient_sales_evidence,76.32666892299292,,85.30534351145039,49.80916030534351,,,,,not_available,not_available,only_C1_C2_available_C_stay_unverified_no_third_subtype,"공식 2025Q4 커피·음료 2개, 제과 0개. 매출 상태 insufficient; 순위 제외: insufficient_sales_evidence. 현재 영업·체류·학습 허용 미검증."
3111004,삼전역 1번,골목상권,True,,19.0,5.0,627,True,True,complete,both_cafe_industries_sales_observed,43.82795457389562,,42.49072014075561,6c591a7_residual_size_adjusted_draft_2025Q4,official_inside_counts_no_external_walk_component,complete_sales_observed_only,,False,True,,37.04974971843323,59.64376590330789,35.87786259541985,49.4910941475827,37.04974971843323,59.64376590330789,25.93482480290326,17.893129770992367,C2_bakery|C1_coffee,C2_bakery,only_C1_C2_available_C_stay_unverified_no_third_subtype,"공식 2025Q4 커피·음료 19개, 제과 5개. 매출 상태 complete; 공급·소비 완전관측군의 잔차 보정 초안. 현재 영업·체류·학습 허용 미검증."
3111010,석촌역 7번,골목상권,True,,17.0,10.0,393,True,True,complete,both_cafe_industries_sales_observed,57.91677102050811,,56.07784401622443,6c591a7_residual_size_adjusted_draft_2025Q4,official_inside_counts_no_external_walk_component,complete_sales_observed_only,,False,True,,51.57677671471314,72.71009106736305,48.98218829516539,92.87531806615776,51.57677671471314,72.71009106736305,36.1037437002992,21.813027320208914,C2_bakery|C1_coffee,C2_bakery,only_C1_C2_available_C_stay_unverified_no_third_subtype,"공식 2025Q4 커피·음료 17개, 제과 10개. 매출 상태 complete; 공급·소비 완전관측군의 잔차 보정 초안. 현재 영업·체류·학습 허용 미검증."
3111011,잠실나루역,골목상권,True,,2.0,1.0,117,False,False,supply_only,no_cafe_sales_rows,,42.50636132315522,,6c591a7_residual_size_adjusted_draft_2025Q4,official_inside_counts_no_external_walk_component,supply_only_exploration_only,42.50636132315522,True,False,,,,36.51399491094148,56.48854961832062,36.51399491094148,56.48854961832062,25.55979643765903,16.946564885496183,C2_bakery|C1_coffee,C2_bakery,only_C1_C2_available_C_stay_unverified_no_third_subtype,"공식 2025Q4 커피·음료 2개, 제과 1개. 매출 상태 supply_only; 공급 전용 탐색군. 현재 영업·체류·학습 허용 미검증."
3111012,석촌역 6번,골목상권,True,,13.0,6.0,262,True,True,complete,both_cafe_industries_sales_observed,56.86493285508398,,54.76751095436831,6c591a7_residual_size_adjusted_draft_2025Q4,official_inside_counts_no_external_walk_component,complete_sales_observed_only,,False,True,,54.52322669821731,62.32891388777286,63.10432569974554,87.91348600508906,54.52322669821731,62.32891388777286,38.166258688752116,18.69867416633186,C2_bakery|C1_coffee,C2_bakery,only_C1_C2_available_C_stay_unverified_no_third_subtype,"공식 2025Q4 커피·음료 13개, 제과 6개. 매출 상태 complete; 공급·소비 완전관측군의 잔차 보정 초안. 현재 영업·체류·학습 허용 미검증."
3111013,송파나루역 1번(송리단길),골목상권,True,,73.0,23.0,577,True,True,complete,both_cafe_industries_sales_observed,86.148002459206,,85.16758998553532,6c591a7_residual_size_adjusted_draft_2025Q4,official_inside_counts_no_external_walk_component,complete_sales_observed_only,,False,True,,89.6627679624426,77.94688295165393,98.72773536895674,99.74554707379136,89.6627679624426,77.94688295165393,62.76393757370982,23.38406488549618,C1_coffee|C2_bakery,C1_coffee,only_C1_C2_available_C_stay_unverified_no_third_subtype,"공식 2025Q4 커피·음료 73개, 제과 23개. 매출 상태 complete; 공급·소비 완전관측군의 잔차 보정 초안. 현재 영업·체류·학습 허용 미검증."
3111014,송파나루역 2번,골목상권,True,,3.0,3.0,139,True,False,insufficient,partial_or_unusable_sales,,,,6c591a7_residual_size_adjusted_draft_2025Q4,official_inside_counts_no_external_walk_component,not_ranked,,False,False,insufficient_sales_evidence,18.10309097734952,,18.575063613231556,79.13486005089058,,,,,not_available,not_available,only_C1_C2_available_C_stay_unverified_no_third_subtype,"공식 2025Q4 커피·음료 3개, 제과 3개. 매출 상태 insufficient; 순위 제외: insufficient_sales_evidence. 현재 영업·체류·학습 허용 미검증."
3111015,석촌역 3번,골목상권,True,,31.0,10.0,418,True,False,insufficient,partial_or_unusable_sales,,,,6c591a7_residual_size_adjusted_draft_2025Q4,official_inside_counts_no_external_walk_component,not_ranked,,False,False,insufficient_sales_evidence,76.65438637406477,,80.1526717557252,91.34860050890585,,,,,not_available,not_available,only_C1_C2_available_C_stay_unverified_no_third_subtype,"공식 2025Q4 커피·음료 31개, 제과 10개. 매출 상태 insufficient; 순위 제외: insufficient_sales_evidence. 현재 영업·체류·학습 허용 미검증."
3111018,풍납초등학교(풍납백제문화공원),골목상권,True,,2.0,1.0,45,False,False,supply_only,no_cafe_sales_rows,,68.98218829516539,,6c591a7_residual_size_adjusted_draft_2025Q4,official_inside_counts_no_external_walk_component,supply_only_exploration_only,68.98218829516539,True,False,,,,65.01272264631042,78.2442748091603,65.01272264631042,78.2442748091603,45.50890585241729,23.47328244274809,C2_bakery|C1_coffee,C2_bakery,only_C1_C2_available_C_stay_unverified_no_third_subtype,"공식 2025Q4 커피·음료 2개, 제과 1개. 매출 상태 supply_only; 공급 전용 탐색군. 현재 영업·체류·학습 허용 미검증."
3111019,한성백제역 3번,골목상권,True,,10.0,6.0,315,True,False,insufficient,partial_or_unusable_sales,,,,6c591a7_residual_size_adjusted_draft_2025Q4,official_inside_counts_no_external_walk_component,not_ranked,,False,False,insufficient_sales_evidence,40.32403518352085,,28.117048346055977,81.04325699745547,,,,,not_available,not_available,only_C1_C2_available_C_stay_unverified_no_third_subtype,"공식 2025Q4 커피·음료 10개, 제과 6개. 매출 상태 insufficient; 순위 제외: insufficient_sales_evidence. 현재 영업·체류·학습 허용 미검증."
3111020,방이동고분군(방산고등학교),골목상권,True,,11.0,2.0,150,True,False,insufficient,partial_or_unusable_sales,,,,6c591a7_residual_size_adjusted_draft_2025Q4,official_inside_counts_no_external_walk_component,not_ranked,,False,False,insufficient_sales_evidence,81.0883905378399,,96.5648854961832,73.53689567430025,,,,,not_available,not_available,only_C1_C2_available_C_stay_unverified_no_third_subtype,"공식 2025Q4 커피·음료 11개, 제과 2개. 매출 상태 insufficient; 순위 제외: insufficient_sales_evidence. 현재 영업·체류·학습 허용 미검증."
3111021,방이역 4번,골목상권,True,,27.0,8.0,647,True,True,complete,both_cafe_industries_sales_observed,54.62002081338714,,50.66332771775983,6c591a7_residual_size_adjusted_draft_2025Q4,official_inside_counts_no_external_walk_component,complete_sales_observed_only,,False,True,,49.70644797366735,66.0850241060667,46.81933842239186,68.70229007633588,49.70644797366735,66.0850241060667,34.794513581567145,19.82550723182001,C2_bakery|C1_coffee,C2_bakery,only_C1_C2_available_C_stay_unverified_no_third_subtype,"공식 2025Q4 커피·음료 27개, 제과 8개. 매출 상태 complete; 공급·소비 완전관측군의 잔차 보정 초안. 현재 영업·체류·학습 허용 미검증."
3111022,석촌중학교(방이육교),골목상권,True,,2.0,0.0,80,False,False,supply_only,no_cafe_sales_rows,,14.720101781170484,,6c591a7_residual_size_adjusted_draft_2025Q4,official_inside_counts_no_external_walk_component,supply_only_exploration_only,14.720101781170484,True,False,,,,15.903307888040713,11.959287531806616,15.903307888040713,,11.132315521628499,3.5877862595419847,C1_coffee,C1_coffee,only_C1_C2_available_C_stay_unverified_no_third_subtype,"공식 2025Q4 커피·음료 2개, 제과 0개. 매출 상태 supply_only; 공급 전용 탐색군. 현재 영업·체류·학습 허용 미검증."
3111029,오금역 4번,골목상권,True,,3.0,2.0,88,True,False,insufficient,partial_or_unusable_sales,,,,6c591a7_residual_size_adjusted_draft_2025Q4,official_inside_counts_no_external_walk_component,not_ranked,,False,False,insufficient_sales_evidence,41.41199910505379,,47.20101781170484,81.1704834605598,,,,,not_available,not_available,only_C1_C2_available_C_stay_unverified_no_third_subtype,"공식 2025Q4 커피·음료 3개, 제과 2개. 매출 상태 insufficient; 순위 제외: insufficient_sales_evidence. 현재 영업·체류·학습 허용 미검증."
3111030,방이역 2번,골목상권,True,,12.0,3.0,176,True,True,complete,both_cafe_industries_sales_observed,78.42755447715601,,76.82047673134961,6c591a7_residual_size_adjusted_draft_2025Q4,official_inside_counts_no_external_walk_component,complete_sales_observed_only,,False,True,,81.45324892018672,71.36760077675103,89.94910941475827,78.88040712468194,81.45324892018672,71.36760077675103,57.017274244130704,21.410280233025308,C1_coffee|C2_bakery,C1_coffee,only_C1_C2_available_C_stay_unverified_no_third_subtype,"공식 2025Q4 커피·음료 12개, 제과 3개. 매출 상태 complete; 공급·소비 완전관측군의 잔차 보정 초안. 현재 영업·체류·학습 허용 미검증."
3111032,방이역 1번,골목상권,True,,2.0,5.0,206,True,True,complete,both_cafe_industries_sales_observed,26.256609411764465,,25.536111056770324,6c591a7_residual_size_adjusted_draft_2025Q4,official_inside_counts_no_external_walk_component,complete_sales_observed_only,,False,True,,7.382634061804377,70.29588522833801,5.089058524173027,89.56743002544529,7.382634061804377,70.29588522833801,5.167843843263063,21.0887655685014,C2_bakery|C1_coffee,C2_bakery,only_C1_C2_available_C_stay_unverified_no_third_subtype,"공식 2025Q4 커피·음료 2개, 제과 5개. 매출 상태 complete; 공급·소비 완전관측군의 잔차 보정 초안. 현재 영업·체류·학습 허용 미검증."
3111035,오금공원(오주중학교),골목상권,True,,8.0,0.0,142,True,False,insufficient,partial_or_unusable_sales,,,,6c591a7_residual_size_adjusted_draft_2025Q4,official_inside_counts_no_external_walk_component,not_ranked,,False,False,insufficient_sales_evidence,57.47521491981508,,61.57760814249363,5.979643765903308,,,,,not_available,not_available,only_C1_C2_available_C_stay_unverified_no_third_subtype,"공식 2025Q4 커피·음료 8개, 제과 0개. 매출 상태 insufficient; 순위 제외: insufficient_sales_evidence. 현재 영업·체류·학습 허용 미검증."
3111048,천호역 1번(천호문구완구거리),골목상권,True,,4.0,2.0,98,True,False,insufficient,partial_or_unusable_sales,,,,6c591a7_residual_size_adjusted_draft_2025Q4,official_inside_counts_no_external_walk_component,not_ranked,,False,False,insufficient_sales_evidence,49.592777480726426,,42.62086513994911,69.21119592875317,,,,,not_available,not_available,only_C1_C2_available_C_stay_unverified_no_third_subtype,"공식 2025Q4 커피·음료 4개, 제과 2개. 매출 상태 insufficient; 순위 제외: insufficient_sales_evidence. 현재 영업·체류·학습 허용 미검증."
3111049,천호지구대(천호동자전거거리),골목상권,True,,5.0,4.0,196,True,False,insufficient,partial_or_unusable_sales,,,,6c591a7_residual_size_adjusted_draft_2025Q4,official_inside_counts_no_external_walk_component,not_ranked,,False,False,insufficient_sales_evidence,26.481293728171465,,20.48346055979644,78.49872773536896,,,,,not_available,not_available,only_C1_C2_available_C_stay_unverified_no_third_subtype,"공식 2025Q4 커피·음료 5개, 제과 4개. 매출 상태 insufficient; 순위 제외: insufficient_sales_evidence. 현재 영업·체류·학습 허용 미검증."
3111050,강동구청(강동구청역 2번),골목상권,True,,6.0,0.0,46,True,False,insufficient,partial_or_unusable_sales,,,,6c591a7_residual_size_adjusted_draft_2025Q4,official_inside_counts_no_external_walk_component,not_ranked,,False,False,insufficient_sales_evidence,85.39853566322718,,98.47328244274809,38.10432569974554,,,,,not_available,not_available,only_C1_C2_available_C_stay_unverified_no_third_subtype,"공식 2025Q4 커피·음료 6개, 제과 0개. 매출 상태 insufficient; 순위 제외: insufficient_sales_evidence. 현재 영업·체류·학습 허용 미검증."
3111051,천호역 6번,골목상권,True,,19.0,2.0,316,True,False,insufficient,partial_or_unusable_sales,,,,6c591a7_residual_size_adjusted_draft_2025Q4,official_inside_counts_no_external_walk_component,not_ranked,,False,False,insufficient_sales_evidence,61.046618354739984,,71.50127226463104,28.88040712468193,,,,,not_available,not_available,only_C1_C2_available_C_stay_unverified_no_third_subtype,"공식 2025Q4 커피·음료 19개, 제과 2개. 매출 상태 insufficient; 순위 제외: insufficient_sales_evidence. 현재 영업·체류·학습 허용 미검증."
3111052,암사역 3번(천호동자전거거리),골목상권,True,,18.0,5.0,291,True,False,insufficient,partial_or_unusable_sales,,,,6c591a7_residual_size_adjusted_draft_2025Q4,official_inside_counts_no_external_walk_component,not_ranked,,False,False,insufficient_sales_evidence,63.18511431420954,,76.59033078880407,77.98982188295165,,,,,not_available,not_available,only_C1_C2_available_C_stay_unverified_no_third_subtype,"공식 2025Q4 커피·음료 18개, 제과 5개. 매출 상태 insufficient; 순위 제외: insufficient_sales_evidence. 현재 영업·체류·학습 허용 미검증."
3111053,성내천어린이공원(하니사랑길),골목상권,True,,9.0,4.0,197,True,True,complete,both_cafe_industries_sales_observed,54.58727490276641,,51.4393093266287,6c591a7_residual_size_adjusted_draft_2025Q4,official_inside_counts_no_external_walk_component,complete_sales_observed_only,,False,True,,47.81523115019549,70.38871032543189,43.12977099236641,74.42748091603053,47.81523115019549,70.38871032543189,33.47066180513684,21.116613097629564,C2_bakery|C1_coffee,C2_bakery,only_C1_C2_available_C_stay_unverified_no_third_subtype,"공식 2025Q4 커피·음료 9개, 제과 4개. 매출 상태 complete; 공급·소비 완전관측군의 잔차 보정 초안. 현재 영업·체류·학습 허용 미검증."
3111054,암사역 4번(삼성광나루아파트),골목상권,True,,1.0,0.0,41,False,False,supply_only,no_cafe_sales_rows,,47.16284987277354,,6c591a7_residual_size_adjusted_draft_2025Q4,official_inside_counts_no_external_walk_component,supply_only_exploration_only,47.16284987277354,True,False,,,,49.87277353689568,40.83969465648856,49.87277353689568,,34.910941475826974,12.251908396946568,C1_coffee,C1_coffee,only_C1_C2_available_C_stay_unverified_no_third_subtype,"공식 2025Q4 커피·음료 1개, 제과 0개. 매출 상태 supply_only; 공급 전용 탐색군. 현재 영업·체류·학습 허용 미검증."
3111056,천호태영아파트,골목상권,True,,1.0,3.0,82,True,False,insufficient,partial_or_unusable_sales,,,,6c591a7_residual_size_adjusted_draft_2025Q4,official_inside_counts_no_external_walk_component,not_ranked,,False,False,insufficient_sales_evidence,17.90139076916076,,16.921119592875318,94.14758269720102,,,,,not_available,not_available,only_C1_C2_available_C_stay_unverified_no_third_subtype,"공식 2025Q4 커피·음료 1개, 제과 3개. 매출 상태 insufficient; 순위 제외: insufficient_sales_evidence. 현재 영업·체류·학습 허용 미검증."
3111057,천호공원(해공체육문화센터),골목상권,True,,6.0,1.0,222,True,False,insufficient,partial_or_unusable_sales,,,,6c591a7_residual_size_adjusted_draft_2025Q4,official_inside_counts_no_external_walk_component,not_ranked,,False,False,insufficient_sales_evidence,29.867493164658725,,24.17302798982188,19.59287531806616,,,,,not_available,not_available,only_C1_C2_available_C_stay_unverified_no_third_subtype,"공식 2025Q4 커피·음료 6개, 제과 1개. 매출 상태 insufficient; 순위 제외: insufficient_sales_evidence. 현재 영업·체류·학습 허용 미검증."
3111058,성내중학교,골목상권,True,,2.0,2.0,69,True,False,insufficient,partial_or_unusable_sales,,,,6c591a7_residual_size_adjusted_draft_2025Q4,official_inside_counts_no_external_walk_component,not_ranked,,False,False,insufficient_sales_evidence,37.958937516827646,,39.18575063613232,85.36895674300254,,,,,not_available,not_available,only_C1_C2_available_C_stay_unverified_no_third_subtype,"공식 2025Q4 커피·음료 2개, 제과 2개. 매출 상태 insufficient; 순위 제외: insufficient_sales_evidence. 현재 영업·체류·학습 허용 미검증."
3111059,강동역 4번(강풀만화거리),골목상권,True,,28.0,9.0,529,True,True,complete,both_cafe_industries_sales_observed,63.42607617331458,,57.16098187328424,6c591a7_residual_size_adjusted_draft_2025Q4,official_inside_counts_no_external_walk_component,complete_sales_observed_only,,False,True,,61.69363260941286,67.4684444890853,61.704834605597966,83.46055979643766,61.69363260941286,67.4684444890853,43.185542826589,20.240533346725588,C2_bakery|C1_coffee,C2_bakery,only_C1_C2_available_C_stay_unverified_no_third_subtype,"공식 2025Q4 커피·음료 28개, 제과 9개. 매출 상태 complete; 공급·소비 완전관측군의 잔차 보정 초안. 현재 영업·체류·학습 허용 미검증."
3111060,암사역 2번(서울강동초등학교),골목상권,True,,15.0,3.0,446,True,False,insufficient,partial_or_unusable_sales,,,,6c591a7_residual_size_adjusted_draft_2025Q4,official_inside_counts_no_external_walk_component,not_ranked,,False,False,insufficient_sales_evidence,36.64437226728555,,35.75063613231552,33.587786259541986,,,,,not_available,not_available,only_C1_C2_available_C_stay_unverified_no_third_subtype,"공식 2025Q4 커피·음료 15개, 제과 3개. 매출 상태 insufficient; 순위 제외: insufficient_sales_evidence. 현재 영업·체류·학습 허용 미검증."
3111061,암사역 1번,골목상권,True,,20.0,7.0,324,True,True,complete,both_cafe_industries_sales_observed,64.7344732281552,,60.213098141483485,6c591a7_residual_size_adjusted_draft_2025Q4,official_inside_counts_no_external_walk_component,complete_sales_observed_only,,False,True,,64.08058535549462,66.26021159769653,71.11959287531806,86.38676844783714,64.08058535549462,66.26021159769653,44.85640974884623,19.878063479308956,C2_bakery|C1_coffee,C2_bakery,only_C1_C2_available_C_stay_unverified_no_third_subtype,"공식 2025Q4 커피·음료 20개, 제과 7개. 매출 상태 complete; 공급·소비 완전관측군의 잔차 보정 초안. 현재 영업·체류·학습 허용 미검증."
3111062,둔촌동역 3번(성내3동주민센터),골목상권,True,,21.0,4.0,186,True,False,insufficient,partial_or_unusable_sales,,,,6c591a7_residual_size_adjusted_draft_2025Q4,official_inside_counts_no_external_walk_component,not_ranked,,False,False,insufficient_sales_evidence,83.43769733374289,,93.51145038167938,80.6615776081425,,,,,not_available,not_available,only_C1_C2_available_C_stay_unverified_no_third_subtype,"공식 2025Q4 커피·음료 21개, 제과 4개. 매출 상태 insufficient; 순위 제외: insufficient_sales_evidence. 현재 영업·체류·학습 허용 미검증."
3111063,강동구립 천호도서관,골목상권,True,,5.0,0.0,199,True,False,insufficient,partial_or_unusable_sales,,,,6c591a7_residual_size_adjusted_draft_2025Q4,official_inside_counts_no_external_walk_component,not_ranked,,False,False,insufficient_sales_evidence,20.91316651687694,,13.8676844783715,2.5445292620865136,,,,,not_available,not_available,only_C1_C2_available_C_stay_unverified_no_third_subtype,"공식 2025Q4 커피·음료 5개, 제과 0개. 매출 상태 insufficient; 순위 제외: insufficient_sales_evidence. 현재 영업·체류·학습 허용 미검증."
3111064,둔촌동역 4번,골목상권,True,,3.0,4.0,139,False,True,insufficient,partial_or_unusable_sales,,,,6c591a7_residual_size_adjusted_draft_2025Q4,official_inside_counts_no_external_walk_component,not_ranked,,False,False,insufficient_sales_evidence,,80.97386835409134,28.24427480916031,91.47582697201018,,,,,not_available,not_available,only_C1_C2_available_C_stay_unverified_no_third_subtype,"공식 2025Q4 커피·음료 3개, 제과 4개. 매출 상태 insufficient; 순위 제외: insufficient_sales_evidence. 현재 영업·체류·학습 허용 미검증."
3111066,암사동성당(효정하나플러스아파트),골목상권,True,,7.0,0.0,187,True,False,insufficient,partial_or_unusable_sales,,,,6c591a7_residual_size_adjusted_draft_2025Q4,official_inside_counts_no_external_walk_component,not_ranked,,False,False,insufficient_sales_evidence,41.3822724807833,,40.33078880407125,4.198473282442748,,,,,not_available,not_available,only_C1_C2_available_C_stay_unverified_no_third_subtype,"공식 2025Q4 커피·음료 7개, 제과 0개. 매출 상태 insufficient; 순위 제외: insufficient_sales_evidence. 현재 영업·체류·학습 허용 미검증."
3111067,강동구립성내도서관,골목상권,True,,10.0,7.0,297,True,True,complete,both_cafe_industries_sales_observed,44.94226853296082,,41.0168152323654,6c591a7_residual_size_adjusted_draft_2025Q4,official_inside_counts_no_external_walk_component,complete_sales_observed_only,,False,True,,29.69755861708058,80.51325833668139,26.33587786259542,86.25954198473282,29.69755861708058,80.51325833668139,20.788291031956405,24.153977501004416,C2_bakery|C1_coffee,C2_bakery,only_C1_C2_available_C_stay_unverified_no_third_subtype,"공식 2025Q4 커피·음료 10개, 제과 7개. 매출 상태 complete; 공급·소비 완전관측군의 잔차 보정 초안. 현재 영업·체류·학습 허용 미검증."
3111068,강동성심병원,골목상권,True,,0.0,0.0,27,True,False,insufficient,partial_or_unusable_sales,,,,6c591a7_residual_size_adjusted_draft_2025Q4,official_inside_counts_no_external_walk_component,not_ranked,,False,False,insufficient_sales_evidence,32.945911688528376,,19.84732824427481,51.78117048346056,,,,,not_available,not_available,only_C1_C2_available_C_stay_unverified_no_third_subtype,"공식 2025Q4 커피·음료 0개, 제과 0개. 매출 상태 insufficient; 순위 제외: insufficient_sales_evidence. 현재 영업·체류·학습 허용 미검증."
3111069,천호1동주민센터,골목상권,True,,6.0,0.0,109,True,False,insufficient,partial_or_unusable_sales,,,,6c591a7_residual_size_adjusted_draft_2025Q4,official_inside_counts_no_external_walk_component,not_ranked,,False,False,insufficient_sales_evidence,43.918345259629206,,47.32824427480916,7.506361323155216,,,,,not_available,not_available,only_C1_C2_available_C_stay_unverified_no_third_subtype,"공식 2025Q4 커피·음료 6개, 제과 0개. 매출 상태 insufficient; 순위 제외: insufficient_sales_evidence. 현재 영업·체류·학습 허용 미검증."
3111070,천호초등학교,골목상권,True,,0.0,0.0,57,False,False,supply_only,no_cafe_sales_rows,,,,6c591a7_residual_size_adjusted_draft_2025Q4,official_inside_counts_no_external_walk_component,supply_only_exploration_only,7.315521628498727,False,False,no_cafe_supply_in_source_snapshot,,,2.162849872773537,19.338422391857502,,,1.5139949109414759,5.801526717557251,not_available,not_available,only_C1_C2_available_C_stay_unverified_no_third_subtype,"공식 2025Q4 커피·음료 0개, 제과 0개. 매출 상태 supply_only; 순위 제외: no_cafe_supply_in_source_snapshot. 현재 영업·체류·학습 허용 미검증."
3111071,천동초등학교,골목상권,True,,4.0,1.0,51,True,False,insufficient,partial_or_unusable_sales,,,,6c591a7_residual_size_adjusted_draft_2025Q4,official_inside_counts_no_external_walk_component,not_ranked,,False,False,insufficient_sales_evidence,64.65029806259315,,83.33333333333334,69.59287531806616,,,,,not_available,not_available,only_C1_C2_available_C_stay_unverified_no_third_subtype,"공식 2025Q4 커피·음료 4개, 제과 1개. 매출 상태 insufficient; 순위 제외: insufficient_sales_evidence. 현재 영업·체류·학습 허용 미검증."
3111072,굽은다리역 1번(십자성마을),골목상권,True,,8.0,1.0,206,True,False,insufficient,partial_or_unusable_sales,,,,6c591a7_residual_size_adjusted_draft_2025Q4,official_inside_counts_no_external_walk_component,not_ranked,,False,False,insufficient_sales_evidence,35.33805246811754,,33.587786259541986,18.19338422391857,,,,,not_available,not_available,only_C1_C2_available_C_stay_unverified_no_third_subtype,"공식 2025Q4 커피·음료 8개, 제과 1개. 매출 상태 insufficient; 순위 제외: insufficient_sales_evidence. 현재 영업·체류·학습 허용 미검증."
3111073,둔촌동역 1번(한산중학교),골목상권,True,,17.0,3.0,360,True,False,insufficient,partial_or_unusable_sales,,,,6c591a7_residual_size_adjusted_draft_2025Q4,official_inside_counts_no_external_walk_component,not_ranked,,False,False,insufficient_sales_evidence,54.90586986116958,,55.97964376590331,41.85750636132315,,,,,not_available,not_available,only_C1_C2_available_C_stay_unverified_no_third_subtype,"공식 2025Q4 커피·음료 17개, 제과 3개. 매출 상태 insufficient; 순위 제외: insufficient_sales_evidence. 현재 영업·체류·학습 허용 미검증."
3111074,명일역 1번,골목상권,True,,3.0,0.0,80,True,False,insufficient,partial_or_unusable_sales,,,,6c591a7_residual_size_adjusted_draft_2025Q4,official_inside_counts_no_external_walk_component,not_ranked,,False,False,insufficient_sales_evidence,37.94545814799225,,45.16539440203562,16.157760814249365,,,,,not_available,not_available,only_C1_C2_available_C_stay_unverified_no_third_subtype,"공식 2025Q4 커피·음료 3개, 제과 0개. 매출 상태 insufficient; 순위 제외: insufficient_sales_evidence. 현재 영업·체류·학습 허용 미검증."
3111075,굽은다리역 2번,골목상권,True,,2.0,0.0,134,True,False,insufficient,partial_or_unusable_sales,,,,6c591a7_residual_size_adjusted_draft_2025Q4,official_inside_counts_no_external_walk_component,not_ranked,,False,False,insufficient_sales_evidence,21.810861271961254,,7.506361323155216,6.615776081424936,,,,,not_available,not_available,only_C1_C2_available_C_stay_unverified_no_third_subtype,"공식 2025Q4 커피·음료 2개, 제과 0개. 매출 상태 insufficient; 순위 제외: insufficient_sales_evidence. 현재 영업·체류·학습 허용 미검증."
3111076,둔촌2동주민센터,골목상권,True,,7.0,1.0,138,True,False,insufficient,partial_or_unusable_sales,,,,6c591a7_residual_size_adjusted_draft_2025Q4,official_inside_counts_no_external_walk_component,not_ranked,,False,False,insufficient_sales_evidence,67.47553213274023,,69.21119592875317,38.42239185750636,,,,,not_available,not_available,only_C1_C2_available_C_stay_unverified_no_third_subtype,"공식 2025Q4 커피·음료 7개, 제과 1개. 매출 상태 insufficient; 순위 제외: insufficient_sales_evidence. 현재 영업·체류·학습 허용 미검증."
3111077,길동주민센터(강동도서관),골목상권,True,,21.0,4.0,555,True,True,complete,both_cafe_industries_sales_observed,34.32103447019843,,33.209086154574514,6c591a7_residual_size_adjusted_draft_2025Q4,official_inside_counts_no_external_walk_component,complete_sales_observed_only,,False,True,,33.7182487495402,35.72753448506762,43.51145038167939,39.94910941475827,33.7182487495402,35.72753448506762,23.602774124678138,10.718260345520287,C2_bakery|C1_coffee,C2_bakery,only_C1_C2_available_C_stay_unverified_no_third_subtype,"공식 2025Q4 커피·음료 21개, 제과 4개. 매출 상태 complete; 공급·소비 완전관측군의 잔차 보정 초안. 현재 영업·체류·학습 허용 미검증."
3111078,굽은다리역 4번,골목상권,True,,15.0,3.0,512,True,True,complete,both_cafe_industries_sales_observed,31.81719392650064,,31.31704020388395,6c591a7_residual_size_adjusted_draft_2025Q4,official_inside_counts_no_external_walk_component,complete_sales_observed_only,,False,True,,30.744846285404403,34.31933842239185,32.95165394402035,31.170483460559797,30.744846285404403,34.31933842239185,21.521392399783082,10.295801526717556,C2_bakery|C1_coffee,C2_bakery,only_C1_C2_available_C_stay_unverified_no_third_subtype,"공식 2025Q4 커피·음료 15개, 제과 3개. 매출 상태 complete; 공급·소비 완전관측군의 잔차 보정 초안. 현재 영업·체류·학습 허용 미검증."
3111080,굽은다리역 3번,골목상권,True,,18.0,3.0,169,True,False,insufficient,partial_or_unusable_sales,,,,6c591a7_residual_size_adjusted_draft_2025Q4,official_inside_counts_no_external_walk_component,not_ranked,,False,False,insufficient_sales_evidence,86.46885681998307,,94.14758269720102,72.01017811704835,,,,,not_available,not_available,only_C1_C2_available_C_stay_unverified_no_third_subtype,"공식 2025Q4 커피·음료 18개, 제과 3개. 매출 상태 insufficient; 순위 제외: insufficient_sales_evidence. 현재 영업·체류·학습 허용 미검증."
3120001,서대문역,발달상권,True,,24.0,0.0,381,True,True,complete,both_cafe_industries_sales_observed,57.50635829742272,,56.82664881826371,6c591a7_residual_size_adjusted_draft_2025Q4,official_inside_counts_no_external_walk_component,complete_sales_observed_only,,False,True,,75.03326109297203,16.610251774474353,80.27989821882952,0.8905852417302799,75.03326109297203,,52.52328276508042,4.983075532342306,C1_coffee,C1_coffee,only_C1_C2_available_C_stay_unverified_no_third_subtype,"공식 2025Q4 커피·음료 24개, 제과 0개. 매출 상태 complete; 공급·소비 완전관측군의 잔차 보정 초안. 현재 영업·체류·학습 허용 미검증."
3120002,서촌(경복궁역),발달상권,True,,77.0,21.0,628,True,True,complete,both_cafe_industries_sales_observed,95.37767804419924,,94.3947932589813,6c591a7_residual_size_adjusted_draft_2025Q4,official_inside_counts_no_external_walk_component,complete_sales_observed_only,,False,True,,96.27021933766396,93.29508169278157,98.9821882951654,99.49109414758269,96.27021933766396,93.29508169278157,67.38915353636477,27.98852450783447,C1_coffee|C2_bakery,C1_coffee,only_C1_C2_available_C_stay_unverified_no_third_subtype,"공식 2025Q4 커피·음료 77개, 제과 21개. 매출 상태 complete; 공급·소비 완전관측군의 잔차 보정 초안. 현재 영업·체류·학습 허용 미검증."
3120003,광화문역,발달상권,True,,102.0,18.0,1840,True,True,complete,both_cafe_industries_sales_observed,86.28393820540133,,78.76785959447116,6c591a7_residual_size_adjusted_draft_2025Q4,official_inside_counts_no_external_walk_component,complete_sales_observed_only,,False,True,,88.40051781739305,81.34525244408732,88.42239185750637,86.1323155216285,88.40051781739305,81.34525244408732,61.88036247217513,24.403575733226194,C1_coffee|C2_bakery,C1_coffee,only_C1_C2_available_C_stay_unverified_no_third_subtype,"공식 2025Q4 커피·음료 102개, 제과 18개. 매출 상태 complete; 공급·소비 완전관측군의 잔차 보정 초안. 현재 영업·체류·학습 허용 미검증."
3120004,종로구청,발달상권,True,,22.0,2.0,489,True,False,insufficient,partial_or_unusable_sales,,,,6c591a7_residual_size_adjusted_draft_2025Q4,official_inside_counts_no_external_walk_component,not_ranked,,False,False,insufficient_sales_evidence,76.73552595154396,,74.17302798982189,23.15521628498728,,,,,not_available,not_available,only_C1_C2_available_C_stay_unverified_no_third_subtype,"공식 2025Q4 커피·음료 22개, 제과 2개. 매출 상태 insufficient; 순위 제외: insufficient_sales_evidence. 현재 영업·체류·학습 허용 미검증."
3120005,삼청동,발달상권,True,,50.0,10.0,433,True,True,complete,both_cafe_industries_sales_observed,91.95187931319066,,85.59390047516536,6c591a7_residual_size_adjusted_draft_2025Q4,official_inside_counts_no_external_walk_component,complete_sales_observed_only,,False,True,,93.0769543767041,89.32670416499263,93.89312977099236,90.20356234096693,93.0769543767041,89.32670416499263,65.15386806369287,26.79801124949779,C1_coffee|C2_bakery,C1_coffee,only_C1_C2_available_C_stay_unverified_no_third_subtype,"공식 2025Q4 커피·음료 50개, 제과 10개. 매출 상태 complete; 공급·소비 완전관측군의 잔차 보정 초안. 현재 영업·체류·학습 허용 미검증."
3120006,종각역,발달상권,True,,95.0,17.0,1696,True,True,complete,both_cafe_industries_sales_observed,87.13460402721802,,80.81475462115134,6c591a7_residual_size_adjusted_draft_2025Q4,official_inside_counts_no_external_walk_component,complete_sales_observed_only,,False,True,,87.50898491863953,86.26104861390117,92.23918575063614,88.54961832061069,87.50898491863953,86.26104861390117,61.25628944304766,25.87831458417035,C1_coffee|C2_bakery,C1_coffee,only_C1_C2_available_C_stay_unverified_no_third_subtype,"공식 2025Q4 커피·음료 95개, 제과 17개. 매출 상태 complete; 공급·소비 완전관측군의 잔차 보정 초안. 현재 영업·체류·학습 허용 미검증."
3120007,북촌(안국역),발달상권,True,,80.0,21.0,554,True,True,complete,both_cafe_industries_sales_observed,97.37620946621168,,96.45332059613332,6c591a7_residual_size_adjusted_draft_2025Q4,official_inside_counts_no_external_walk_component,complete_sales_observed_only,,False,True,,97.02882561063014,98.18677179590196,99.36386768447836,99.61832061068702,97.02882561063014,98.18677179590196,67.92017792744109,29.45603153877059,C2_bakery|C1_coffee,C2_bakery,only_C1_C2_available_C_stay_unverified_no_third_subtype,"공식 2025Q4 커피·음료 80개, 제과 21개. 매출 상태 complete; 공급·소비 완전관측군의 잔차 보정 초안. 현재 영업·체류·학습 허용 미검증."
3120008,인사동,발달상권,True,,73.0,13.0,1215,True,True,complete,both_cafe_industries_sales_observed,91.38896971213823,,85.99302875354672,6c591a7_residual_size_adjusted_draft_2025Q4,official_inside_counts_no_external_walk_component,complete_sales_observed_only,,False,True,,92.47224680796197,88.86132315521627,94.78371501272264,87.65903307888041,92.47224680796197,88.86132315521627,64.73057276557337,26.65839694656488,C1_coffee|C2_bakery,C1_coffee,only_C1_C2_available_C_stay_unverified_no_third_subtype,"공식 2025Q4 커피·음료 73개, 제과 13개. 매출 상태 complete; 공급·소비 완전관측군의 잔차 보정 초안. 현재 영업·체류·학습 허용 미검증."
3120009,종로3가역,발달상권,True,,119.0,19.0,4123,True,True,complete,both_cafe_industries_sales_observed,70.56511533958557,,64.72013659609402,6c591a7_residual_size_adjusted_draft_2025Q4,official_inside_counts_no_external_walk_component,complete_sales_observed_only,,False,True,,73.00573068944988,64.87034618990222,76.08142493638677,69.97455470737913,73.00573068944988,64.87034618990222,51.10401148261491,19.461103856970666,C1_coffee|C2_bakery,C1_coffee,only_C1_C2_available_C_stay_unverified_no_third_subtype,"공식 2025Q4 커피·음료 119개, 제과 19개. 매출 상태 complete; 공급·소비 완전관측군의 잔차 보정 초안. 현재 영업·체류·학습 허용 미검증."
3120010,원남동사거리,발달상권,True,,15.0,1.0,271,True,False,insufficient,partial_or_unusable_sales,,,,6c591a7_residual_size_adjusted_draft_2025Q4,official_inside_counts_no_external_walk_component,not_ranked,,False,False,insufficient_sales_evidence,74.14600668175939,,75.69974554707379,18.3206106870229,,,,,not_available,not_available,only_C1_C2_available_C_stay_unverified_no_third_subtype,"공식 2025Q4 커피·음료 15개, 제과 1개. 매출 상태 insufficient; 순위 제외: insufficient_sales_evidence. 현재 영업·체류·학습 허용 미검증."
3120011,종로4가,발달상권,True,,8.0,0.0,663,True,False,insufficient,partial_or_unusable_sales,,,,6c591a7_residual_size_adjusted_draft_2025Q4,official_inside_counts_no_external_walk_component,not_ranked,,False,False,insufficient_sales_evidence,26.95790226125603,,11.83206106870229,0.6361323155216284,,,,,not_available,not_available,only_C1_C2_available_C_stay_unverified_no_third_subtype,"공식 2025Q4 커피·음료 8개, 제과 0개. 매출 상태 insufficient; 순위 제외: insufficient_sales_evidence. 현재 영업·체류·학습 허용 미검증."
3120012,대학로(혜화역),발달상권,True,,84.0,18.0,985,True,True,complete,both_cafe_industries_sales_observed,89.20649595827203,,85.21057050205093,6c591a7_residual_size_adjusted_draft_2025Q4,official_inside_counts_no_external_walk_component,complete_sales_observed_only,,False,True,,90.55370397758084,86.06301057988482,95.92875318066156,96.81933842239184,90.55370397758084,86.06301057988482,63.387592784306584,25.818903173965445,C1_coffee|C2_bakery,C1_coffee,only_C1_C2_available_C_stay_unverified_no_third_subtype,"공식 2025Q4 커피·음료 84개, 제과 18개. 매출 상태 complete; 공급·소비 완전관측군의 잔차 보정 초안. 현재 영업·체류·학습 허용 미검증."
3120013,이화사거리,발달상권,True,,20.0,5.0,193,True,True,complete,both_cafe_industries_sales_observed,83.7523327180079,,76.94722331060233,6c591a7_residual_size_adjusted_draft_2025Q4,official_inside_counts_no_external_walk_component,complete_sales_observed_only,,False,True,,86.82742991168092,76.57710593277086,89.05852417302799,85.24173027989822,86.82742991168092,76.57710593277086,60.77920093817664,22.97313177983126,C1_coffee|C2_bakery,C1_coffee,only_C1_C2_available_C_stay_unverified_no_third_subtype,"공식 2025Q4 커피·음료 20개, 제과 5개. 매출 상태 complete; 공급·소비 완전관측군의 잔차 보정 초안. 현재 영업·체류·학습 허용 미검증."
3120014,종로5가역,발달상권,True,,30.0,2.0,636,True,False,insufficient,partial_or_unusable_sales,,,,6c591a7_residual_size_adjusted_draft_2025Q4,official_inside_counts_no_external_walk_component,not_ranked,,False,False,insufficient_sales_evidence,78.44065027701618,,80.6615776081425,17.938931297709924,,,,,not_available,not_available,only_C1_C2_available_C_stay_unverified_no_third_subtype,"공식 2025Q4 커피·음료 30개, 제과 2개. 매출 상태 insufficient; 순위 제외: insufficient_sales_evidence. 현재 영업·체류·학습 허용 미검증."
3120015,종로6가,발달상권,True,,11.0,1.0,179,True,False,insufficient,partial_or_unusable_sales,,,,6c591a7_residual_size_adjusted_draft_2025Q4,official_inside_counts_no_external_walk_component,not_ranked,,False,False,insufficient_sales_evidence,80.49766290106672,,86.38676844783714,34.096692111959285,,,,,not_available,not_available,only_C1_C2_available_C_stay_unverified_no_third_subtype,"공식 2025Q4 커피·음료 11개, 제과 1개. 매출 상태 insufficient; 순위 제외: insufficient_sales_evidence. 현재 영업·체류·학습 허용 미검증."
3120016,동대문역,발달상권,True,,7.0,1.0,282,True,False,insufficient,partial_or_unusable_sales,,,,6c591a7_residual_size_adjusted_draft_2025Q4,official_inside_counts_no_external_walk_component,not_ranked,,False,False,insufficient_sales_evidence,43.57849379794693,,44.65648854961832,22.646310432569976,,,,,not_available,not_available,only_C1_C2_available_C_stay_unverified_no_third_subtype,"공식 2025Q4 커피·음료 7개, 제과 1개. 매출 상태 insufficient; 순위 제외: insufficient_sales_evidence. 현재 영업·체류·학습 허용 미검증."
3120017,동묘앞역(동묘),발달상권,True,,7.0,2.0,488,True,True,complete,both_cafe_industries_sales_observed,33.57368256094326,,41.91412378613862,6c591a7_residual_size_adjusted_draft_2025Q4,official_inside_counts_no_external_walk_component,complete_sales_observed_only,,False,True,,32.768263728512764,35.45299316994776,23.40966921119593,30.53435114503817,32.768263728512764,35.45299316994776,22.937784609958932,10.635897950984328,C2_bakery|C1_coffee,C2_bakery,only_C1_C2_available_C_stay_unverified_no_third_subtype,"공식 2025Q4 커피·음료 7개, 제과 2개. 매출 상태 complete; 공급·소비 완전관측군의 잔차 보정 초안. 현재 영업·체류·학습 허용 미검증."
3120018,중림동,발달상권,True,,22.0,5.0,390,True,True,complete,both_cafe_industries_sales_observed,69.70914805272359,,66.42074880651472,6c591a7_residual_size_adjusted_draft_2025Q4,official_inside_counts_no_external_walk_component,complete_sales_observed_only,,False,True,,75.28192303462609,56.70600642828445,75.95419847328245,68.32061068702289,75.28192303462609,56.70600642828445,52.69734612423826,17.011801928485333,C1_coffee|C2_bakery,C1_coffee,only_C1_C2_available_C_stay_unverified_no_third_subtype,"공식 2025Q4 커피·음료 22개, 제과 5개. 매출 상태 complete; 공급·소비 완전관측군의 잔차 보정 초안. 현재 영업·체류·학습 허용 미검증."
3120019,경찰청앞교차로,발달상권,True,,9.0,1.0,108,True,False,insufficient,partial_or_unusable_sales,,,,6c591a7_residual_size_adjusted_draft_2025Q4,official_inside_counts_no_external_walk_component,not_ranked,,False,False,insufficient_sales_evidence,77.93538677982428,,77.60814249363868,37.913486005089055,,,,,not_available,not_available,only_C1_C2_available_C_stay_unverified_no_third_subtype,"공식 2025Q4 커피·음료 9개, 제과 1개. 매출 상태 insufficient; 순위 제외: insufficient_sales_evidence. 현재 영업·체류·학습 허용 미검증."
3120020,시청역_1번,발달상권,True,,14.0,3.0,216,True,True,complete,both_cafe_industries_sales_observed,84.26518158536406,,83.05369747776045,6c591a7_residual_size_adjusted_draft_2025Q4,official_inside_counts_no_external_walk_component,complete_sales_observed_only,,False,True,,88.17359207138333,75.1455571179858,89.44020356234097,71.11959287531806,88.17359207138333,75.1455571179858,61.721514449968325,22.54366713539574,C1_coffee|C2_bakery,C1_coffee,only_C1_C2_available_C_stay_unverified_no_third_subtype,"공식 2025Q4 커피·음료 14개, 제과 3개. 매출 상태 complete; 공급·소비 완전관측군의 잔차 보정 초안. 현재 영업·체류·학습 허용 미검증."
3120021,시청역_8번,발달상권,True,,26.0,4.0,356,True,True,complete,both_cafe_industries_sales_observed,81.74522751422701,,77.14054215857304,6c591a7_residual_size_adjusted_draft_2025Q4,official_inside_counts_no_external_walk_component,complete_sales_observed_only,,False,True,,89.20431830506288,64.34068233561001,88.16793893129771,61.32315521628499,89.20431830506288,64.34068233561001,62.44302281354401,19.302204700683003,C1_coffee|C2_bakery,C1_coffee,only_C1_C2_available_C_stay_unverified_no_third_subtype,"공식 2025Q4 커피·음료 26개, 제과 4개. 매출 상태 complete; 공급·소비 완전관측군의 잔차 보정 초안. 현재 영업·체류·학습 허용 미검증."
3120022,북창동(시청역_6번),발달상권,True,,26.0,4.0,394,True,True,complete,both_cafe_industries_sales_observed,79.2117815012982,,76.00153757337176,6c591a7_residual_size_adjusted_draft_2025Q4,official_inside_counts_no_external_walk_component,complete_sales_observed_only,,False,True,,87.09597179402586,60.81533748493371,89.18575063613231,61.832061068702295,87.09597179402586,60.81533748493371,60.96718025581809,18.244601245480112,C1_coffee|C2_bakery,C1_coffee,only_C1_C2_available_C_stay_unverified_no_third_subtype,"공식 2025Q4 커피·음료 26개, 제과 4개. 매출 상태 complete; 공급·소비 완전관측군의 잔차 보정 초안. 현재 영업·체류·학습 허용 미검증."
3120023,서울시청,발달상권,True,,18.0,4.0,601,True,True,complete,both_cafe_industries_sales_observed,68.17558752799451,,69.01610957506148,6c591a7_residual_size_adjusted_draft_2025Q4,official_inside_counts_no_external_walk_component,complete_sales_observed_only,,False,True,,69.65686871214965,64.71926476496584,65.52162849872774,54.58015267175572,69.65686871214965,64.71926476496584,48.75980809850475,19.415779429489753,C1_coffee|C2_bakery,C1_coffee,only_C1_C2_available_C_stay_unverified_no_third_subtype,"공식 2025Q4 커피·음료 18개, 제과 4개. 매출 상태 complete; 공급·소비 완전관측군의 잔차 보정 초안. 현재 영업·체류·학습 허용 미검증."
3120024,회현역,발달상권,True,,20.0,3.0,244,True,False,insufficient,partial_or_unusable_sales,,,,6c591a7_residual_size_adjusted_draft_2025Q4,official_inside_counts_no_external_walk_component,not_ranked,,False,False,insufficient_sales_evidence,84.92307084105983,,88.93129770992367,60.55979643765903,,,,,not_available,not_available,only_C1_C2_available_C_stay_unverified_no_third_subtype,"공식 2025Q4 커피·음료 20개, 제과 3개. 매출 상태 insufficient; 순위 제외: insufficient_sales_evidence. 현재 영업·체류·학습 허용 미검증."
3120025,롯데백화점(시청광장 지하쇼핑센터),발달상권,True,,18.0,15.0,1084,True,True,complete,both_cafe_industries_sales_observed,61.210503107363394,,64.53313825423476,6c591a7_residual_size_adjusted_draft_2025Q4,official_inside_counts_no_external_walk_component,complete_sales_observed_only,,False,True,,53.87548340367761,78.32554908263023,51.27226463104325,98.21882951653944,53.87548340367761,78.32554908263023,37.712838382574326,23.497664724789068,C2_bakery|C1_coffee,C2_bakery,only_C1_C2_available_C_stay_unverified_no_third_subtype,"공식 2025Q4 커피·음료 18개, 제과 15개. 매출 상태 complete; 공급·소비 완전관측군의 잔차 보정 초안. 현재 영업·체류·학습 허용 미검증."
3120026,을지로입구역,발달상권,True,,45.0,8.0,758,True,True,complete,both_cafe_industries_sales_observed,83.89978043780114,,78.86242088116063,6c591a7_residual_size_adjusted_draft_2025Q4,official_inside_counts_no_external_walk_component,complete_sales_observed_only,,False,True,,86.39653246265686,78.07402571313781,86.76844783715013,73.2824427480916,86.39653246265686,78.07402571313781,60.4775727238598,23.422207713941344,C1_coffee|C2_bakery,C1_coffee,only_C1_C2_available_C_stay_unverified_no_third_subtype,"공식 2025Q4 커피·음료 45개, 제과 8개. 매출 상태 complete; 공급·소비 완전관측군의 잔차 보정 초안. 현재 영업·체류·학습 허용 미검증."
3120027,명동역(명동재미로),발달상권,True,,28.0,2.0,826,True,True,complete,both_cafe_industries_sales_observed,55.51870444261756,,56.32530745628542,6c591a7_residual_size_adjusted_draft_2025Q4,official_inside_counts_no_external_walk_component,complete_sales_observed_only,,False,True,,67.94577877384785,26.52219766974688,64.8854961832061,13.358778625954198,67.94577877384785,26.52219766974688,47.56204514169349,7.956659300924064,C1_coffee|C2_bakery,C1_coffee,only_C1_C2_available_C_stay_unverified_no_third_subtype,"공식 2025Q4 커피·음료 28개, 제과 2개. 매출 상태 complete; 공급·소비 완전관측군의 잔차 보정 초안. 현재 영업·체류·학습 허용 미검증."
3120028,명동(명동거리),발달상권,True,,60.0,20.0,1712,True,True,complete,both_cafe_industries_sales_observed,81.44286105610837,,76.65854158986268,6c591a7_residual_size_adjusted_draft_2025Q4,official_inside_counts_no_external_walk_component,complete_sales_observed_only,,False,True,,78.73592014501162,87.75905651533414,78.49872773536896,94.40203562340967,78.73592014501162,87.75905651533414,55.11514410150813,26.32771695460024,C2_bakery|C1_coffee,C2_bakery,only_C1_C2_available_C_stay_unverified_no_third_subtype,"공식 2025Q4 커피·음료 60개, 제과 20개. 매출 상태 complete; 공급·소비 완전관측군의 잔차 보정 초안. 현재 영업·체류·학습 허용 미검증."
3120029,을지로2가,발달상권,True,,10.0,2.0,143,True,True,complete,both_cafe_industries_sales_observed,73.50493158721024,,70.23648958716082,6c591a7_residual_size_adjusted_draft_2025Q4,official_inside_counts_no_external_walk_component,complete_sales_observed_only,,False,True,,80.51194525659548,57.15523302531136,86.1323155216285,64.12213740458014,80.51194525659548,57.15523302531136,56.358361679616834,17.146569907593406,C1_coffee|C2_bakery,C1_coffee,only_C1_C2_available_C_stay_unverified_no_third_subtype,"공식 2025Q4 커피·음료 10개, 제과 2개. 매출 상태 complete; 공급·소비 완전관측군의 잔차 보정 초안. 현재 영업·체류·학습 허용 미검증."
3120030,중부경찰서(영화인의거리),발달상권,True,,34.0,5.0,431,True,True,complete,both_cafe_industries_sales_observed,80.02070437595565,,76.2937714806863,6c591a7_residual_size_adjusted_draft_2025Q4,official_inside_counts_no_external_walk_component,complete_sales_observed_only,,False,True,,88.4024899223748,60.46320476764431,91.85750636132316,66.92111959287533,88.4024899223748,60.46320476764431,61.88174294566235,18.138961430293293,C1_coffee|C2_bakery,C1_coffee,only_C1_C2_available_C_stay_unverified_no_third_subtype,"공식 2025Q4 커피·음료 34개, 제과 5개. 매출 상태 complete; 공급·소비 완전관측군의 잔차 보정 초안. 현재 영업·체류·학습 허용 미검증."
3120031,을지로3가역,발달상권,True,,73.0,11.0,1192,True,True,complete,both_cafe_industries_sales_observed,80.55819436668884,,75.30608346172313,6c591a7_residual_size_adjusted_draft_2025Q4,official_inside_counts_no_external_walk_component,complete_sales_observed_only,,False,True,,85.64686522337631,68.6846290344181,90.20356234096693,76.08142493638677,85.64686522337631,68.6846290344181,59.95280565636341,20.60538871032543,C1_coffee|C2_bakery,C1_coffee,only_C1_C2_available_C_stay_unverified_no_third_subtype,"공식 2025Q4 커피·음료 73개, 제과 11개. 매출 상태 complete; 공급·소비 완전관측군의 잔차 보정 초안. 현재 영업·체류·학습 허용 미검증."
3120032,충무로역,발달상권,True,,64.0,5.0,1152,True,True,complete,both_cafe_industries_sales_observed,72.98174283489179,,69.33363021200708,6c591a7_residual_size_adjusted_draft_2025Q4,official_inside_counts_no_external_walk_component,complete_sales_observed_only,,False,True,,87.07114613788997,40.106468461229404,88.54961832061069,35.11450381679389,87.07114613788997,40.106468461229404,60.949802296522975,12.03194053836882,C1_coffee|C2_bakery,C1_coffee,only_C1_C2_available_C_stay_unverified_no_third_subtype,"공식 2025Q4 커피·음료 64개, 제과 5개. 매출 상태 complete; 공급·소비 완전관측군의 잔차 보정 초안. 현재 영업·체류·학습 허용 미검증."
3120033,을지로4가역,발달상권,True,,13.0,1.0,239,True,False,insufficient,partial_or_unusable_sales,,,,6c591a7_residual_size_adjusted_draft_2025Q4,official_inside_counts_no_external_walk_component,not_ranked,,False,False,insufficient_sales_evidence,61.09934756146119,,75.57251908396947,21.62849872773537,,,,,not_available,not_available,only_C1_C2_available_C_stay_unverified_no_third_subtype,"공식 2025Q4 커피·음료 13개, 제과 1개. 매출 상태 insufficient; 순위 제외: insufficient_sales_evidence. 현재 영업·체류·학습 허용 미검증."
3120034,중구청(퇴계로4가),발달상권,True,,13.0,1.0,203,True,False,insufficient,partial_or_unusable_sales,,,,6c591a7_residual_size_adjusted_draft_2025Q4,official_inside_counts_no_external_walk_component,not_ranked,,False,False,insufficient_sales_evidence,71.28978301346591,,77.86259541984732,23.282442748091604,,,,,not_available,not_available,only_C1_C2_available_C_stay_unverified_no_third_subtype,"공식 2025Q4 커피·음료 13개, 제과 1개. 매출 상태 insufficient; 순위 제외: insufficient_sales_evidence. 현재 영업·체류·학습 허용 미검증."
3120035,퇴계로5가,발달상권,True,,10.0,0.0,169,True,False,insufficient,partial_or_unusable_sales,,,,6c591a7_residual_size_adjusted_draft_2025Q4,official_inside_counts_no_external_walk_component,not_ranked,,False,False,insufficient_sales_evidence,79.18964042881575,,85.87786259541986,8.396946564885496,,,,,not_available,not_available,only_C1_C2_available_C_stay_unverified_no_third_subtype,"공식 2025Q4 커피·음료 10개, 제과 0개. 매출 상태 insufficient; 순위 제외: insufficient_sales_evidence. 현재 영업·체류·학습 허용 미검증."
3120036,장충동족발거리(남소영길),발달상권,True,,7.0,4.0,119,True,True,complete,both_cafe_industries_sales_observed,71.05905408786239,,65.3520928969878,6c591a7_residual_size_adjusted_draft_2025Q4,official_inside_counts_no_external_walk_component,complete_sales_observed_only,,False,True,,63.83970792899588,87.90419512521763,61.959287531806616,89.44020356234097,63.83970792899588,87.90419512521763,44.68779555029711,26.371258537565286,C2_bakery|C1_coffee,C2_bakery,only_C1_C2_available_C_stay_unverified_no_third_subtype,"공식 2025Q4 커피·음료 7개, 제과 4개. 매출 상태 complete; 공급·소비 완전관측군의 잔차 보정 초안. 현재 영업·체류·학습 허용 미검증."
3120037,동대문역사문화공원역,발달상권,True,,38.0,7.0,2144,True,True,complete,both_cafe_industries_sales_observed,40.20096945586911,,46.89205879154945,6c591a7_residual_size_adjusted_draft_2025Q4,official_inside_counts_no_external_walk_component,complete_sales_observed_only,,False,True,,39.53730010655927,41.7495312709254,26.590330788804074,30.788804071246812,39.53730010655927,41.7495312709254,27.676110074591488,12.52485938127762,C2_bakery|C1_coffee,C2_bakery,only_C1_C2_available_C_stay_unverified_no_third_subtype,"공식 2025Q4 커피·음료 38개, 제과 7개. 매출 상태 complete; 공급·소비 완전관측군의 잔차 보정 초안. 현재 영업·체류·학습 허용 미검증."
3120038,약수역,발달상권,True,,21.0,7.0,542,True,True,complete,both_cafe_industries_sales_observed,65.22638180722451,,64.31645134528632,6c591a7_residual_size_adjusted_draft_2025Q4,official_inside_counts_no_external_walk_component,complete_sales_observed_only,,False,True,,58.99021512838307,79.7774373911879,64.63104325699746,79.89821882951654,58.99021512838307,79.7774373911879,41.29315058986815,23.93323121735637,C2_bakery|C1_coffee,C2_bakery,only_C1_C2_available_C_stay_unverified_no_third_subtype,"공식 2025Q4 커피·음료 21개, 제과 7개. 매출 상태 complete; 공급·소비 완전관측군의 잔차 보정 초안. 현재 영업·체류·학습 허용 미검증."
3120039,신당역,발달상권,True,,32.0,3.0,2716,True,True,complete,both_cafe_industries_sales_observed,28.496924090439062,,42.34982976508567,6c591a7_residual_size_adjusted_draft_2025Q4,official_inside_counts_no_external_walk_component,complete_sales_observed_only,,False,True,,33.66647194002344,16.4346457747422,27.989821882951656,7.124681933842239,33.66647194002344,16.4346457747422,23.566530358016408,4.93039373242266,C1_coffee|C2_bakery,C1_coffee,only_C1_C2_available_C_stay_unverified_no_third_subtype,"공식 2025Q4 커피·음료 32개, 제과 3개. 매출 상태 complete; 공급·소비 완전관측군의 잔차 보정 초안. 현재 영업·체류·학습 허용 미검증."
3120040,용산전자상가(용산역),발달상권,True,,30.0,0.0,2580,True,False,insufficient,partial_or_unusable_sales,,,,6c591a7_residual_size_adjusted_draft_2025Q4,official_inside_counts_no_external_walk_component,not_ranked,,False,False,insufficient_sales_evidence,25.945619314152665,,12.213740458015266,0.1272264631043257,,,,,not_available,not_available,only_C1_C2_available_C_stay_unverified_no_third_subtype,"공식 2025Q4 커피·음료 30개, 제과 0개. 매출 상태 insufficient; 순위 제외: insufficient_sales_evidence. 현재 영업·체류·학습 허용 미검증."
3120041,신용산역(용산역),발달상권,True,,105.0,34.0,1863,True,True,complete,both_cafe_industries_sales_observed,72.72818024044992,,64.97544170643812,6c591a7_residual_size_adjusted_draft_2025Q4,official_inside_counts_no_external_walk_component,complete_sales_observed_only,,False,True,,69.32356116540197,80.6722914155618,64.24936386768448,97.20101781170484,69.32356116540197,80.6722914155618,48.526492815781374,24.20168742466854,C2_bakery|C1_coffee,C2_bakery,only_C1_C2_available_C_stay_unverified_no_third_subtype,"공식 2025Q4 커피·음료 105개, 제과 34개. 매출 상태 complete; 공급·소비 완전관측군의 잔차 보정 초안. 현재 영업·체류·학습 허용 미검증."
3120042,"숙대입구역(남영역, 남영동)",발달상권,True,,11.0,4.0,243,True,True,complete,both_cafe_industries_sales_observed,62.56556267447608,,61.06520113501054,6c591a7_residual_size_adjusted_draft_2025Q4,official_inside_counts_no_external_walk_component,complete_sales_observed_only,,False,True,,63.66731360659529,59.99481049953126,65.13994910941476,76.59033078880407,63.66731360659529,59.99481049953126,44.5671195246167,17.998443149859376,C1_coffee|C2_bakery,C1_coffee,only_C1_C2_available_C_stay_unverified_no_third_subtype,"공식 2025Q4 커피·음료 11개, 제과 4개. 매출 상태 complete; 공급·소비 완전관측군의 잔차 보정 초안. 현재 영업·체류·학습 허용 미검증."
3120043,서울역,발달상권,True,,35.0,18.0,877,True,True,complete,both_cafe_industries_sales_observed,65.8144758582073,,62.783820197691455,6c591a7_residual_size_adjusted_draft_2025Q4,official_inside_counts_no_external_walk_component,complete_sales_observed_only,,False,True,,56.15761803999196,88.34714410070978,43.25699745547074,94.0203562340967,56.15761803999196,88.34714410070978,39.31033262799437,26.504143230212936,C2_bakery|C1_coffee,C2_bakery,only_C1_C2_available_C_stay_unverified_no_third_subtype,"공식 2025Q4 커피·음료 35개, 제과 18개. 매출 상태 complete; 공급·소비 완전관측군의 잔차 보정 초안. 현재 영업·체류·학습 허용 미검증."
3120044,삼각지역,발달상권,True,,37.0,13.0,430,True,False,insufficient,partial_or_unusable_sales,,,,6c591a7_residual_size_adjusted_draft_2025Q4,official_inside_counts_no_external_walk_component,not_ranked,,False,False,insufficient_sales_evidence,87.43333750469276,,94.40203562340967,98.72773536895674,,,,,not_available,not_available,only_C1_C2_available_C_stay_unverified_no_third_subtype,"공식 2025Q4 커피·음료 37개, 제과 13개. 매출 상태 insufficient; 순위 제외: insufficient_sales_evidence. 현재 영업·체류·학습 허용 미검증."
3120045,남영동 먹자골목,발달상권,True,,24.0,5.0,295,True,False,insufficient,partial_or_unusable_sales,,,,6c591a7_residual_size_adjusted_draft_2025Q4,official_inside_counts_no_external_walk_component,not_ranked,,False,False,insufficient_sales_evidence,86.33952078664255,,96.43765903307887,85.75063613231552,,,,,not_available,not_available,only_C1_C2_available_C_stay_unverified_no_third_subtype,"공식 2025Q4 커피·음료 24개, 제과 5개. 매출 상태 insufficient; 순위 제외: insufficient_sales_evidence. 현재 영업·체류·학습 허용 미검증."
3120046,이태원(이태원역),발달상권,True,,68.0,21.0,1389,True,True,complete,both_cafe_industries_sales_observed,79.07206991737314,,74.56634227846426,6c591a7_residual_size_adjusted_draft_2025Q4,official_inside_counts_no_external_walk_component,complete_sales_observed_only,,False,True,,75.83216554229568,86.6318467925539,83.84223918575063,96.69211195928752,75.83216554229568,86.6318467925539,53.08251587960697,25.98955403776617,C2_bakery|C1_coffee,C2_bakery,only_C1_C2_available_C_stay_unverified_no_third_subtype,"공식 2025Q4 커피·음료 68개, 제과 21개. 매출 상태 complete; 공급·소비 완전관측군의 잔차 보정 초안. 현재 영업·체류·학습 허용 미검증."
3120047,한남오거리,발달상권,True,,20.0,5.0,613,True,True,complete,both_cafe_industries_sales_observed,53.93840206196883,,53.61495296245344,6c591a7_residual_size_adjusted_draft_2025Q4,official_inside_counts_no_external_walk_component,complete_sales_observed_only,,False,True,,51.94121720268636,58.59850006696129,53.18066157760815,58.52417302798983,51.94121720268636,58.59850006696129,36.358852041880446,17.579550020088387,C2_bakery|C1_coffee,C2_bakery,only_C1_C2_available_C_stay_unverified_no_third_subtype,"공식 2025Q4 커피·음료 20개, 제과 5개. 매출 상태 complete; 공급·소비 완전관측군의 잔차 보정 초안. 현재 영업·체류·학습 허용 미검증."
3120048,금호역,발달상권,True,,8.0,3.0,284,True,True,complete,both_cafe_industries_sales_observed,44.455831634352606,,46.15293919651867,6c591a7_residual_size_adjusted_draft_2025Q4,official_inside_counts_no_external_walk_component,complete_sales_observed_only,,False,True,,40.455326257190855,53.79034418106335,52.16284987277354,64.24936386768448,40.455326257190855,53.79034418106335,28.318728380033598,16.137103254319005,C2_bakery|C1_coffee,C2_bakery,only_C1_C2_available_C_stay_unverified_no_third_subtype,"공식 2025Q4 커피·음료 8개, 제과 3개. 매출 상태 complete; 공급·소비 완전관측군의 잔차 보정 초안. 현재 영업·체류·학습 허용 미검증."
3120049,왕십리역(왕십리),발달상권,True,,28.0,8.0,643,True,True,complete,both_cafe_industries_sales_observed,62.94557740346645,,59.91098265530036,6c591a7_residual_size_adjusted_draft_2025Q4,official_inside_counts_no_external_walk_component,complete_sales_observed_only,,False,True,,62.65014903129656,63.634910271862864,66.66666666666666,77.60814249363868,62.65014903129656,63.634910271862864,43.85510432190759,19.09047308155886,C2_bakery|C1_coffee,C2_bakery,only_C1_C2_available_C_stay_unverified_no_third_subtype,"공식 2025Q4 커피·음료 28개, 제과 8개. 매출 상태 complete; 공급·소비 완전관측군의 잔차 보정 초안. 현재 영업·체류·학습 허용 미검증."
3120050,서울숲역,발달상권,True,,13.0,6.0,224,True,False,insufficient,partial_or_unusable_sales,,,,6c591a7_residual_size_adjusted_draft_2025Q4,official_inside_counts_no_external_walk_component,not_ranked,,False,False,insufficient_sales_evidence,81.90777200107698,,86.64122137404581,95.41984732824427,,,,,not_available,not_available,only_C1_C2_available_C_stay_unverified_no_third_subtype,"공식 2025Q4 커피·음료 13개, 제과 6개. 매출 상태 insufficient; 순위 제외: insufficient_sales_evidence. 현재 영업·체류·학습 허용 미검증."
3120051,뚝섬역,발달상권,True,,60.0,22.0,864,True,True,complete,both_cafe_industries_sales_observed,88.65102859037789,,86.5753946736662,6c591a7_residual_size_adjusted_draft_2025Q4,official_inside_counts_no_external_walk_component,complete_sales_observed_only,,False,True,,90.26561738015874,84.88365474755591,91.47582697201018,99.36386768447836,90.26561738015874,84.88365474755591,63.185932166111115,25.465096424266772,C1_coffee|C2_bakery,C1_coffee,only_C1_C2_available_C_stay_unverified_no_third_subtype,"공식 2025Q4 커피·음료 60개, 제과 22개. 매출 상태 complete; 공급·소비 완전관측군의 잔차 보정 초안. 현재 영업·체류·학습 허용 미검증."
3120052,성수역,발달상권,True,,56.0,10.0,1526,True,True,complete,both_cafe_industries_sales_observed,69.24668276382302,,65.31104004059215,6c591a7_residual_size_adjusted_draft_2025Q4,official_inside_counts_no_external_walk_component,complete_sales_observed_only,,False,True,,72.12186816228864,62.53791683406991,69.59287531806616,62.97709923664122,72.12186816228864,62.53791683406991,50.48530771360204,18.761375050220973,C1_coffee|C2_bakery,C1_coffee,only_C1_C2_available_C_stay_unverified_no_third_subtype,"공식 2025Q4 커피·음료 56개, 제과 10개. 매출 상태 complete; 공급·소비 완전관측군의 잔차 보정 초안. 현재 영업·체류·학습 허용 미검증."
3120053,건대입구역(건대),발달상권,True,,88.0,14.0,1545,True,True,complete,both_cafe_industries_sales_observed,82.47408832943441,,76.67468021399294,6c591a7_residual_size_adjusted_draft_2025Q4,official_inside_counts_no_external_walk_component,complete_sales_observed_only,,False,True,,85.61205352233384,75.1521695460024,90.83969465648856,83.20610687022901,85.61205352233384,75.1521695460024,59.928437465633685,22.54565086380072,C1_coffee|C2_bakery,C1_coffee,only_C1_C2_available_C_stay_unverified_no_third_subtype,"공식 2025Q4 커피·음료 88개, 제과 14개. 매출 상태 complete; 공급·소비 완전관측군의 잔차 보정 초안. 현재 영업·체류·학습 허용 미검증."
3120054,어린이대공원역,발달상권,True,,22.0,2.0,625,True,True,complete,both_cafe_industries_sales_observed,50.856675225438025,,51.22758849681751,6c591a7_residual_size_adjusted_draft_2025Q4,official_inside_counts_no_external_walk_component,complete_sales_observed_only,,False,True,,60.69876148545902,27.89180728538904,62.08651399491095,17.43002544529262,60.69876148545902,27.89180728538904,42.48913303982131,8.367542185616712,C1_coffee|C2_bakery,C1_coffee,only_C1_C2_available_C_stay_unverified_no_third_subtype,"공식 2025Q4 커피·음료 22개, 제과 2개. 매출 상태 complete; 공급·소비 완전관측군의 잔차 보정 초안. 현재 영업·체류·학습 허용 미검증."
3120055,군자역,발달상권,True,,28.0,14.0,1117,True,True,complete,both_cafe_industries_sales_observed,52.3345815093615,,51.71388715929625,6c591a7_residual_size_adjusted_draft_2025Q4,official_inside_counts_no_external_walk_component,complete_sales_observed_only,,False,True,,41.13274744693841,78.47219432168205,36.25954198473282,87.1501272264631,41.13274744693841,78.47219432168205,28.792923212856884,23.541658296504615,C2_bakery|C1_coffee,C2_bakery,only_C1_C2_available_C_stay_unverified_no_third_subtype,"공식 2025Q4 커피·음료 28개, 제과 14개. 매출 상태 complete; 공급·소비 완전관측군의 잔차 보정 초안. 현재 영업·체류·학습 허용 미검증."
3120056,구의역,발달상권,True,,21.0,3.0,735,True,True,complete,both_cafe_industries_sales_observed,45.56808183079568,,48.4226401940844,6c591a7_residual_size_adjusted_draft_2025Q4,official_inside_counts_no_external_walk_component,complete_sales_observed_only,,False,True,,51.71419570501663,31.2271494576135,49.36386768447837,25.95419847328244,51.71419570501663,31.2271494576135,36.199936993511635,9.36814483728405,C1_coffee|C2_bakery,C1_coffee,only_C1_C2_available_C_stay_unverified_no_third_subtype,"공식 2025Q4 커피·음료 21개, 제과 3개. 매출 상태 complete; 공급·소비 완전관측군의 잔차 보정 초안. 현재 영업·체류·학습 허용 미검증."
3120057,아차산역,발달상권,True,,14.0,7.0,525,True,True,complete,both_cafe_industries_sales_observed,48.99580892638987,,48.62227866038603,6c591a7_residual_size_adjusted_draft_2025Q4,official_inside_counts_no_external_walk_component,complete_sales_observed_only,,False,True,,39.930232117192446,70.14882148118386,28.49872773536896,74.55470737913485,39.930232117192446,70.14882148118386,27.95116248203471,21.044646444355156,C2_bakery|C1_coffee,C2_bakery,only_C1_C2_available_C_stay_unverified_no_third_subtype,"공식 2025Q4 커피·음료 14개, 제과 7개. 매출 상태 complete; 공급·소비 완전관측군의 잔차 보정 초안. 현재 영업·체류·학습 허용 미검증."
3120058,구의사거리,발달상권,True,,8.0,0.0,198,True,False,insufficient,partial_or_unusable_sales,,,,6c591a7_residual_size_adjusted_draft_2025Q4,official_inside_counts_no_external_walk_component,not_ranked,,False,False,insufficient_sales_evidence,41.27995548021827,,49.74554707379134,4.4529262086514,,,,,not_available,not_available,only_C1_C2_available_C_stay_unverified_no_third_subtype,"공식 2025Q4 커피·음료 8개, 제과 0개. 매출 상태 insufficient; 순위 제외: insufficient_sales_evidence. 현재 영업·체류·학습 허용 미검증."
3120059,구삼강변맛길,발달상권,True,,11.0,2.0,373,True,False,insufficient,partial_or_unusable_sales,,,,6c591a7_residual_size_adjusted_draft_2025Q4,official_inside_counts_no_external_walk_component,not_ranked,,False,False,insufficient_sales_evidence,48.052129099782704,,42.74809160305343,30.66157760814249,,,,,not_available,not_available,only_C1_C2_available_C_stay_unverified_no_third_subtype,"공식 2025Q4 커피·음료 11개, 제과 2개. 매출 상태 insufficient; 순위 제외: insufficient_sales_evidence. 현재 영업·체류·학습 허용 미검증."
3120060,강변역(테크노마트),발달상권,True,,12.0,4.0,1058,True,True,complete,both_cafe_industries_sales_observed,33.88879578042043,,44.15146801211192,6c591a7_residual_size_adjusted_draft_2025Q4,official_inside_counts_no_external_walk_component,complete_sales_observed_only,,False,True,,29.31331441053002,44.56491897683139,15.394402035623408,35.75063613231552,29.31331441053002,44.56491897683139,20.51932008737101,13.369475693049418,C2_bakery|C1_coffee,C2_bakery,only_C1_C2_available_C_stay_unverified_no_third_subtype,"공식 2025Q4 커피·음료 12개, 제과 4개. 매출 상태 complete; 공급·소비 완전관측군의 잔차 보정 초안. 현재 영업·체류·학습 허용 미검증."
3120061,올림픽대교북단,발달상권,True,,2.0,1.0,205,True,True,complete,both_cafe_industries_sales_observed,28.856909725694194,,28.449535438977584,6c591a7_residual_size_adjusted_draft_2025Q4,official_inside_counts_no_external_walk_component,complete_sales_observed_only,,False,True,,20.358239572549422,48.687140083032006,9.16030534351145,32.56997455470738,20.358239572549422,48.687140083032006,14.250767700784595,14.606142024909602,C2_bakery|C1_coffee,C2_bakery,only_C1_C2_available_C_stay_unverified_no_third_subtype,"공식 2025Q4 커피·음료 2개, 제과 1개. 매출 상태 complete; 공급·소비 완전관측군의 잔차 보정 초안. 현재 영업·체류·학습 허용 미검증."
3120062,신설동역,발달상권,True,,23.0,4.0,830,True,True,complete,both_cafe_industries_sales_observed,41.8608812899959,,42.51048519318332,6c591a7_residual_size_adjusted_draft_2025Q4,official_inside_counts_no_external_walk_component,complete_sales_observed_only,,False,True,,44.12883603902876,36.56898687558591,35.36895674300254,29.262086513994912,44.12883603902876,36.56898687558591,30.89018522732013,10.970696062675772,C1_coffee|C2_bakery,C1_coffee,only_C1_C2_available_C_stay_unverified_no_third_subtype,"공식 2025Q4 커피·음료 23개, 제과 4개. 매출 상태 complete; 공급·소비 완전관측군의 잔차 보정 초안. 현재 영업·체류·학습 허용 미검증."
3120063,청량리역(청량리),발달상권,True,,24.0,10.0,1010,True,True,complete,both_cafe_industries_sales_observed,41.58900066053177,,41.12960263323803,6c591a7_residual_size_adjusted_draft_2025Q4,official_inside_counts_no_external_walk_component,complete_sales_observed_only,,False,True,,33.337734686370645,60.84195460024105,26.7175572519084,70.61068702290076,33.337734686370645,60.84195460024105,23.33641428045945,18.252586380072316,C2_bakery|C1_coffee,C2_bakery,only_C1_C2_available_C_stay_unverified_no_third_subtype,"공식 2025Q4 커피·음료 24개, 제과 10개. 매출 상태 complete; 공급·소비 완전관측군의 잔차 보정 초안. 현재 영업·체류·학습 허용 미검증."
3120064,경희대학교(경희대),발달상권,True,,31.0,9.0,330,True,True,complete,both_cafe_industries_sales_observed,93.64098308214363,,91.93568291372902,6c591a7_residual_size_adjusted_draft_2025Q4,official_inside_counts_no_external_walk_component,complete_sales_observed_only,,False,True,,93.89547976321846,93.04715749296906,99.49109414758269,98.85496183206108,93.89547976321846,93.04715749296906,65.72683583425292,27.914147247890718,C1_coffee|C2_bakery,C1_coffee,only_C1_C2_available_C_stay_unverified_no_third_subtype,"공식 2025Q4 커피·음료 31개, 제과 9개. 매출 상태 complete; 공급·소비 완전관측군의 잔차 보정 초안. 현재 영업·체류·학습 허용 미검증."
3120065,회기역,발달상권,True,,13.0,4.0,348,True,True,complete,both_cafe_industries_sales_observed,55.554396895271125,,54.805307552525406,6c591a7_residual_size_adjusted_draft_2025Q4,official_inside_counts_no_external_walk_component,complete_sales_observed_only,,False,True,,53.09477063211264,61.29352484264094,51.14503816793893,62.46819338422392,53.09477063211264,61.29352484264094,37.166339442478844,18.38805745279228,C2_bakery|C1_coffee,C2_bakery,only_C1_C2_available_C_stay_unverified_no_third_subtype,"공식 2025Q4 커피·음료 13개, 제과 4개. 매출 상태 complete; 공급·소비 완전관측군의 잔차 보정 초안. 현재 영업·체류·학습 허용 미검증."
3120066,장한평역(장한평),발달상권,True,,30.0,4.0,1609,True,True,complete,both_cafe_industries_sales_observed,24.740089353912303,,29.41247535538117,6c591a7_residual_size_adjusted_draft_2025Q4,official_inside_counts_no_external_walk_component,complete_sales_observed_only,,False,True,,26.553812432926435,20.50806883621267,17.048346055979643,12.849872773536896,26.553812432926435,20.50806883621267,18.587668703048504,6.1524206508638,C1_coffee|C2_bakery,C1_coffee,only_C1_C2_available_C_stay_unverified_no_third_subtype,"공식 2025Q4 커피·음료 30개, 제과 4개. 매출 상태 complete; 공급·소비 완전관측군의 잔차 보정 초안. 현재 영업·체류·학습 허용 미검증."
3120067,장안동사거리,발달상권,True,,19.0,4.0,987,True,True,complete,both_cafe_industries_sales_observed,35.47120501493207,,40.4061650360488,6c591a7_residual_size_adjusted_draft_2025Q4,official_inside_counts_no_external_walk_component,complete_sales_observed_only,,False,True,,34.83259443388964,36.96129637069774,24.93638676844784,27.989821882951656,34.83259443388964,36.96129637069774,24.382816103722746,11.088388911209321,C2_bakery|C1_coffee,C2_bakery,only_C1_C2_available_C_stay_unverified_no_third_subtype,"공식 2025Q4 커피·음료 19개, 제과 4개. 매출 상태 complete; 공급·소비 완전관측군의 잔차 보정 초안. 현재 영업·체류·학습 허용 미검증."
3120068,사가정역,발달상권,True,,10.0,1.0,217,True,True,complete,both_cafe_industries_sales_observed,68.87433853266343,,65.52392459495073,6c591a7_residual_size_adjusted_draft_2025Q4,official_inside_counts_no_external_walk_component,complete_sales_observed_only,,False,True,,78.29997193812736,46.881193919914296,87.65903307888041,36.00508905852418,78.29997193812736,46.881193919914296,54.809980356689145,14.064358175974288,C1_coffee|C2_bakery,C1_coffee,only_C1_C2_available_C_stay_unverified_no_third_subtype,"공식 2025Q4 커피·음료 10개, 제과 1개. 매출 상태 complete; 공급·소비 완전관측군의 잔차 보정 초안. 현재 영업·체류·학습 허용 미검증."
3120069,상봉역,발달상권,True,,12.0,3.0,774,True,True,complete,both_cafe_industries_sales_observed,31.98384611665396,,36.14166485003955,6c591a7_residual_size_adjusted_draft_2025Q4,official_inside_counts_no_external_walk_component,complete_sales_observed_only,,False,True,,27.99150862902584,41.29930025445292,12.08651399491094,22.391857506361323,27.99150862902584,41.29930025445292,19.594056040318087,12.389790076335876,C2_bakery|C1_coffee,C2_bakery,only_C1_C2_available_C_stay_unverified_no_third_subtype,"공식 2025Q4 커피·음료 12개, 제과 3개. 매출 상태 complete; 공급·소비 완전관측군의 잔차 보정 초안. 현재 영업·체류·학습 허용 미검증."
3120070,한성대입구역,발달상권,True,,15.0,4.0,344,True,False,insufficient,partial_or_unusable_sales,,,,6c591a7_residual_size_adjusted_draft_2025Q4,official_inside_counts_no_external_walk_component,not_ranked,,False,False,insufficient_sales_evidence,74.45483726009942,,75.06361323155217,68.8295165394402,,,,,not_available,not_available,only_C1_C2_available_C_stay_unverified_no_third_subtype,"공식 2025Q4 커피·음료 15개, 제과 4개. 매출 상태 insufficient; 순위 제외: insufficient_sales_evidence. 현재 영업·체류·학습 허용 미검증."
3120071,성북구청,발달상권,True,,12.0,1.0,238,True,False,insufficient,partial_or_unusable_sales,,,,6c591a7_residual_size_adjusted_draft_2025Q4,official_inside_counts_no_external_walk_component,not_ranked,,False,False,insufficient_sales_evidence,77.29130480123472,,85.6234096692112,27.86259541984733,,,,,not_available,not_available,only_C1_C2_available_C_stay_unverified_no_third_subtype,"공식 2025Q4 커피·음료 12개, 제과 1개. 매출 상태 insufficient; 순위 제외: insufficient_sales_evidence. 현재 영업·체류·학습 허용 미검증."
3120072,성신여대,발달상권,True,,76.0,14.0,1177,True,True,complete,both_cafe_industries_sales_observed,85.43824247553616,,80.16138246011613,6c591a7_residual_size_adjusted_draft_2025Q4,official_inside_counts_no_external_walk_component,complete_sales_observed_only,,False,True,,88.13380905791742,79.14858711664658,94.91094147582696,89.94910941475827,88.13380905791742,79.14858711664658,61.69366634054219,23.744576134993974,C1_coffee|C2_bakery,C1_coffee,only_C1_C2_available_C_stay_unverified_no_third_subtype,"공식 2025Q4 커피·음료 76개, 제과 14개. 매출 상태 complete; 공급·소비 완전관측군의 잔차 보정 초안. 현재 영업·체류·학습 허용 미검증."
3120073,미아사거리,발달상권,True,,10.0,2.0,470,True,True,complete,both_cafe_industries_sales_observed,41.71162492363318,,46.71097296049195,6c591a7_residual_size_adjusted_draft_2025Q4,official_inside_counts_no_external_walk_component,complete_sales_observed_only,,False,True,,44.44171321524594,35.34141890987009,37.53180661577608,27.2264631043257,44.44171321524594,35.34141890987009,31.109199250672155,10.602425672961028,C1_coffee|C2_bakery,C1_coffee,only_C1_C2_available_C_stay_unverified_no_third_subtype,"공식 2025Q4 커피·음료 10개, 제과 2개. 매출 상태 complete; 공급·소비 완전관측군의 잔차 보정 초안. 현재 영업·체류·학습 허용 미검증."
3120074,안암역,발달상권,True,,10.0,3.0,125,True,True,complete,both_cafe_industries_sales_observed,84.6816139922764,,83.90081164138425,6c591a7_residual_size_adjusted_draft_2025Q4,official_inside_counts_no_external_walk_component,complete_sales_observed_only,,False,True,,87.71206148583823,77.61056984063211,96.81933842239184,90.71246819338424,87.71206148583823,77.61056984063211,61.39844304008676,23.283170952189632,C1_coffee|C2_bakery,C1_coffee,only_C1_C2_available_C_stay_unverified_no_third_subtype,"공식 2025Q4 커피·음료 10개, 제과 3개. 매출 상태 complete; 공급·소비 완전관측군의 잔차 보정 초안. 현재 영업·체류·학습 허용 미검증."
3120075,월곡역,발달상권,True,,14.0,5.0,305,True,True,complete,both_cafe_industries_sales_observed,71.06795126475019,,69.70907914723577,6c591a7_residual_size_adjusted_draft_2025Q4,official_inside_counts_no_external_walk_component,complete_sales_observed_only,,False,True,,69.3426824874954,75.09357841167805,70.10178117048346,81.80661577608143,69.3426824874954,75.09357841167805,48.53987774124678,22.528073523503416,C2_bakery|C1_coffee,C2_bakery,only_C1_C2_available_C_stay_unverified_no_third_subtype,"공식 2025Q4 커피·음료 14개, 제과 5개. 매출 상태 complete; 공급·소비 완전관측군의 잔차 보정 초안. 현재 영업·체류·학습 허용 미검증."
3120076,수유역,발달상권,True,,54.0,6.0,1575,True,True,complete,both_cafe_industries_sales_observed,56.11051581504072,,55.21473155638556,6c591a7_residual_size_adjusted_draft_2025Q4,official_inside_counts_no_external_walk_component,complete_sales_observed_only,,False,True,,64.61918806384456,36.25694723449845,66.2849872773537,32.95165394402035,64.61918806384456,36.25694723449845,45.23343164469119,10.877084170349534,C1_coffee|C2_bakery,C1_coffee,only_C1_C2_available_C_stay_unverified_no_third_subtype,"공식 2025Q4 커피·음료 54개, 제과 6개. 매출 상태 complete; 공급·소비 완전관측군의 잔차 보정 초안. 현재 영업·체류·학습 허용 미검증."
3120077,미아역,발달상권,True,,16.0,5.0,448,True,True,complete,both_cafe_industries_sales_observed,66.22519964345852,,66.25192220818407,6c591a7_residual_size_adjusted_draft_2025Q4,official_inside_counts_no_external_walk_component,complete_sales_observed_only,,False,True,,63.40793601134609,72.79881478505423,66.53944020356234,72.13740458015268,63.40793601134609,72.79881478505423,44.38555520794226,21.83964443551627,C2_bakery|C1_coffee,C2_bakery,only_C1_C2_available_C_stay_unverified_no_third_subtype,"공식 2025Q4 커피·음료 16개, 제과 5개. 매출 상태 complete; 공급·소비 완전관측군의 잔차 보정 초안. 현재 영업·체류·학습 허용 미검증."
3120078,미아사거리역,발달상권,True,,7.0,6.0,513,True,True,complete,both_cafe_industries_sales_observed,40.83375396902855,,46.77881971055882,6c591a7_residual_size_adjusted_draft_2025Q4,official_inside_counts_no_external_walk_component,complete_sales_observed_only,,False,True,,28.20479459846873,70.30132583366813,15.648854961832065,78.62595419847328,28.20479459846873,70.30132583366813,19.74335621892811,21.09039775010044,C2_bakery|C1_coffee,C2_bakery,only_C1_C2_available_C_stay_unverified_no_third_subtype,"공식 2025Q4 커피·음료 7개, 제과 6개. 매출 상태 complete; 공급·소비 완전관측군의 잔차 보정 초안. 현재 영업·체류·학습 허용 미검증."
3120079,창동역,발달상권,True,,6.0,2.0,499,True,True,complete,both_cafe_industries_sales_observed,27.222678262247577,,33.27592021207665,6c591a7_residual_size_adjusted_draft_2025Q4,official_inside_counts_no_external_walk_component,complete_sales_observed_only,,False,True,,24.027935025388413,34.677079148252304,11.19592875318066,25.572519083969464,24.027935025388413,34.677079148252304,16.819554517771888,10.40312374447569,C2_bakery|C1_coffee,C2_bakery,only_C1_C2_available_C_stay_unverified_no_third_subtype,"공식 2025Q4 커피·음료 6개, 제과 2개. 매출 상태 complete; 공급·소비 완전관측군의 잔차 보정 초안. 현재 영업·체류·학습 허용 미검증."
3120080,마들역,발달상권,True,,1.0,4.0,294,True,True,complete,both_cafe_industries_sales_observed,35.66333748423515,,36.12947000247833,6c591a7_residual_size_adjusted_draft_2025Q4,official_inside_counts_no_external_walk_component,complete_sales_observed_only,,False,True,,15.958852951995237,81.64046805946163,2.6717557251908395,83.96946564885496,15.958852951995237,81.64046805946163,11.171197066396665,24.49214041783849,C2_bakery|C1_coffee,C2_bakery,only_C1_C2_available_C_stay_unverified_no_third_subtype,"공식 2025Q4 커피·음료 1개, 제과 4개. 매출 상태 complete; 공급·소비 완전관측군의 잔차 보정 초안. 현재 영업·체류·학습 허용 미검증."
3120081,노원역,발달상권,True,,57.0,25.0,2306,True,True,complete,both_cafe_industries_sales_observed,70.35483434713335,,68.35805152470924,6c591a7_residual_size_adjusted_draft_2025Q4,official_inside_counts_no_external_walk_component,complete_sales_observed_only,,False,True,,62.91134287437004,87.72298111691441,61.19592875318066,96.18320610687024,62.91134287437004,87.72298111691441,44.037940012059025,26.316894335074323,C2_bakery|C1_coffee,C2_bakery,only_C1_C2_available_C_stay_unverified_no_third_subtype,"공식 2025Q4 커피·음료 57개, 제과 25개. 매출 상태 complete; 공급·소비 완전관측군의 잔차 보정 초안. 현재 영업·체류·학습 허용 미검증."
3120082,상계백병원,발달상권,True,,4.0,0.0,156,True,False,insufficient,partial_or_unusable_sales,,,,6c591a7_residual_size_adjusted_draft_2025Q4,official_inside_counts_no_external_walk_component,not_ranked,,False,False,insufficient_sales_evidence,41.19871104993116,,46.43765903307888,9.923664122137405,,,,,not_available,not_available,only_C1_C2_available_C_stay_unverified_no_third_subtype,"공식 2025Q4 커피·음료 4개, 제과 0개. 매출 상태 insufficient; 순위 제외: insufficient_sales_evidence. 현재 영업·체류·학습 허용 미검증."
3120083,등나무근린공원,발달상권,True,,5.0,2.0,573,True,True,complete,both_cafe_industries_sales_observed,27.073585047931715,,28.34246422063921,6c591a7_residual_size_adjusted_draft_2025Q4,official_inside_counts_no_external_walk_component,complete_sales_observed_only,,False,True,,23.273419149573577,35.940638810767375,4.8346055979643765,20.610687022900763,23.273419149573577,35.940638810767375,16.291393404701502,10.782191643230211,C2_bakery|C1_coffee,C2_bakery,only_C1_C2_available_C_stay_unverified_no_third_subtype,"공식 2025Q4 커피·음료 5개, 제과 2개. 매출 상태 complete; 공급·소비 완전관측군의 잔차 보정 초안. 현재 영업·체류·학습 허용 미검증."
3120084,공릉역,발달상권,True,,9.0,4.0,249,True,True,complete,both_cafe_industries_sales_observed,61.05743376220496,,61.16398036808795,6c591a7_residual_size_adjusted_draft_2025Q4,official_inside_counts_no_external_walk_component,complete_sales_observed_only,,False,True,,60.04083116233034,63.42950649524575,54.58015267175572,76.84478371501272,60.04083116233034,63.42950649524575,42.028581813631234,19.028851948573724,C2_bakery|C1_coffee,C2_bakery,only_C1_C2_available_C_stay_unverified_no_third_subtype,"공식 2025Q4 커피·음료 9개, 제과 4개. 매출 상태 complete; 공급·소비 완전관측군의 잔차 보정 초안. 현재 영업·체류·학습 허용 미검증."
3120086,태릉입구역,발달상권,True,,14.0,3.0,321,True,True,complete,both_cafe_industries_sales_observed,68.77536182351875,,67.03844509396238,6c591a7_residual_size_adjusted_draft_2025Q4,official_inside_counts_no_external_walk_component,complete_sales_observed_only,,False,True,,73.21457302343924,58.41720235703762,76.33587786259542,60.05089058524173,73.21457302343924,58.41720235703762,51.25020111640747,17.525160707111283,C1_coffee|C2_bakery,C1_coffee,only_C1_C2_available_C_stay_unverified_no_third_subtype,"공식 2025Q4 커피·음료 14개, 제과 3개. 매출 상태 complete; 공급·소비 완전관측군의 잔차 보정 초안. 현재 영업·체류·학습 허용 미검증."
3120094,"신촌역(신촌역, 신촌로터리)",발달상권,True,,105.0,14.0,2031,True,True,complete,both_cafe_industries_sales_observed,77.84088695825466,,70.87294989190377,6c591a7_residual_size_adjusted_draft_2025Q4,official_inside_counts_no_external_walk_component,complete_sales_observed_only,,False,True,,82.72916842053371,66.43489687960357,89.31297709923665,72.7735368956743,82.72916842053371,66.43489687960357,57.910417894373595,19.93046906388107,C1_coffee|C2_bakery,C1_coffee,only_C1_C2_available_C_stay_unverified_no_third_subtype,"공식 2025Q4 커피·음료 105개, 제과 14개. 매출 상태 complete; 공급·소비 완전관측군의 잔차 보정 초안. 현재 영업·체류·학습 허용 미검증."
3120095,홍제역,발달상권,True,,6.0,7.0,425,True,True,complete,both_cafe_industries_sales_observed,34.838386704779715,,38.95921326723294,6c591a7_residual_size_adjusted_draft_2025Q4,official_inside_counts_no_external_walk_component,complete_sales_observed_only,,False,True,,20.023313727943936,69.40689031739655,12.97709923664122,87.40458015267176,20.023313727943936,69.40689031739655,14.016319609560755,20.822067095218962,C2_bakery|C1_coffee,C2_bakery,only_C1_C2_available_C_stay_unverified_no_third_subtype,"공식 2025Q4 커피·음료 6개, 제과 7개. 매출 상태 complete; 공급·소비 완전관측군의 잔차 보정 초안. 현재 영업·체류·학습 허용 미검증."
3120096,"이화여대(이대역, 이대)",발달상권,True,,32.0,9.0,559,True,True,complete,both_cafe_industries_sales_observed,76.81266046311669,,73.64555478235285,6c591a7_residual_size_adjusted_draft_2025Q4,official_inside_counts_no_external_walk_component,complete_sales_observed_only,,False,True,,77.46374728387617,75.29345788134458,84.47837150127226,88.29516539440203,77.46374728387617,75.29345788134458,54.224623098713316,22.588037364403373,C1_coffee|C2_bakery,C1_coffee,only_C1_C2_available_C_stay_unverified_no_third_subtype,"공식 2025Q4 커피·음료 32개, 제과 9개. 매출 상태 complete; 공급·소비 완전관측군의 잔차 보정 초안. 현재 영업·체류·학습 허용 미검증."
3120097,충정로역,발달상권,True,,5.0,0.0,117,True,False,insufficient,partial_or_unusable_sales,,,,6c591a7_residual_size_adjusted_draft_2025Q4,official_inside_counts_no_external_walk_component,not_ranked,,False,False,insufficient_sales_evidence,62.85440495557502,,55.21628498727736,10.178117048346056,,,,,not_available,not_available,only_C1_C2_available_C_stay_unverified_no_third_subtype,"공식 2025Q4 커피·음료 5개, 제과 0개. 매출 상태 insufficient; 순위 제외: insufficient_sales_evidence. 현재 영업·체류·학습 허용 미검증."
3120102,서교동(홍대),발달상권,True,,75.0,7.0,895,True,False,insufficient,partial_or_unusable_sales,,,,6c591a7_residual_size_adjusted_draft_2025Q4,official_inside_counts_no_external_walk_component,not_ranked,,False,False,insufficient_sales_evidence,91.51789968259746,,95.29262086513997,59.66921119592875,,,,,not_available,not_available,only_C1_C2_available_C_stay_unverified_no_third_subtype,"공식 2025Q4 커피·음료 75개, 제과 7개. 매출 상태 insufficient; 순위 제외: insufficient_sales_evidence. 현재 영업·체류·학습 허용 미검증."
3120103,홍대입구역(홍대),발달상권,True,,224.0,30.0,2981,True,True,complete,both_cafe_industries_sales_observed,89.84684835481781,,83.27265575304878,6c591a7_residual_size_adjusted_draft_2025Q4,official_inside_counts_no_external_walk_component,complete_sales_observed_only,,False,True,,90.53771913857634,88.23481652604792,97.5826972010178,93.76590330788804,90.53771913857634,88.23481652604792,63.37640339700343,26.470444957814376,C1_coffee|C2_bakery,C1_coffee,only_C1_C2_available_C_stay_unverified_no_third_subtype,"공식 2025Q4 커피·음료 224개, 제과 30개. 매출 상태 complete; 공급·소비 완전관측군의 잔차 보정 초안. 현재 영업·체류·학습 허용 미검증."
3120106,마포역,발달상권,True,,23.0,2.0,776,True,True,complete,both_cafe_industries_sales_observed,48.26987585315776,,50.23028562356976,6c591a7_residual_size_adjusted_draft_2025Q4,official_inside_counts_no_external_walk_component,complete_sales_observed_only,,False,True,,60.203880501928296,20.42386500602652,59.03307888040712,15.267175572519085,60.203880501928296,20.42386500602652,42.142716351349804,6.127159501807956,C1_coffee|C2_bakery,C1_coffee,only_C1_C2_available_C_stay_unverified_no_third_subtype,"공식 2025Q4 커피·음료 23개, 제과 2개. 매출 상태 complete; 공급·소비 완전관측군의 잔차 보정 초안. 현재 영업·체류·학습 허용 미검증."
3120107,공덕역(공덕오거리),발달상권,True,,23.0,5.0,836,True,True,complete,both_cafe_industries_sales_observed,53.53010200869919,,55.47710116136295,6c591a7_residual_size_adjusted_draft_2025Q4,official_inside_counts_no_external_walk_component,complete_sales_observed_only,,False,True,,52.78291562856699,55.27353689567431,43.89312977099237,46.81933842239186,52.78291562856699,55.27353689567431,36.94804093999689,16.58206106870229,C2_bakery|C1_coffee,C2_bakery,only_C1_C2_available_C_stay_unverified_no_third_subtype,"공식 2025Q4 커피·음료 23개, 제과 5개. 매출 상태 complete; 공급·소비 완전관측군의 잔차 보정 초안. 현재 영업·체류·학습 허용 미검증."
3120153,노량진역(노량진),발달상권,True,,43.0,6.0,1625,True,True,complete,both_cafe_industries_sales_observed,37.95291821171625,,38.72981869047474,6c591a7_residual_size_adjusted_draft_2025Q4,official_inside_counts_no_external_walk_component,complete_sales_observed_only,,False,True,,41.04273140616528,30.74335409133521,37.786259541984734,25.82697201017812,41.04273140616528,30.74335409133521,28.729911984315695,9.223006227400562,C1_coffee|C2_bakery,C1_coffee,only_C1_C2_available_C_stay_unverified_no_third_subtype,"공식 2025Q4 커피·음료 43개, 제과 6개. 매출 상태 complete; 공급·소비 완전관측군의 잔차 보정 초안. 현재 영업·체류·학습 허용 미검증."
3120167,고속터미널(고속터미널역),발달상권,True,,28.0,23.0,2268,True,True,complete,both_cafe_industries_sales_observed,42.39745924492007,,48.337808652501685,6c591a7_residual_size_adjusted_draft_2025Q4,official_inside_counts_no_external_walk_component,complete_sales_observed_only,,False,True,,28.24206569511913,75.42671086112227,14.50381679389313,92.6208651399491,28.24206569511913,75.42671086112227,19.76944598658339,22.628013258336683,C2_bakery|C1_coffee,C2_bakery,only_C1_C2_available_C_stay_unverified_no_third_subtype,"공식 2025Q4 커피·음료 28개, 제과 23개. 매출 상태 complete; 공급·소비 완전관측군의 잔차 보정 초안. 현재 영업·체류·학습 허용 미검증."
3120170,삼호가든사거리,발달상권,True,,7.0,1.0,495,True,True,complete,both_cafe_industries_sales_observed,27.55894517795837,,33.40615219579244,6c591a7_residual_size_adjusted_draft_2025Q4,official_inside_counts_no_external_walk_component,complete_sales_observed_only,,False,True,,30.62924843479217,20.39490424534619,15.267175572519085,10.432569974554708,30.62924843479217,20.39490424534619,21.44047390435452,6.1184712736038565,C1_coffee|C2_bakery,C1_coffee,only_C1_C2_available_C_stay_unverified_no_third_subtype,"공식 2025Q4 커피·음료 7개, 제과 1개. 매출 상태 complete; 공급·소비 완전관측군의 잔차 보정 초안. 현재 영업·체류·학습 허용 미검증."
3120174,논현역 5번,발달상권,True,,2.0,0.0,82,False,False,supply_only,no_cafe_sales_rows,,16.53944020356234,,6c591a7_residual_size_adjusted_draft_2025Q4,official_inside_counts_no_external_walk_component,supply_only_exploration_only,16.53944020356234,True,False,,,,18.06615776081425,12.97709923664122,18.06615776081425,,12.646310432569974,3.8931297709923656,C1_coffee,C1_coffee,only_C1_C2_available_C_stay_unverified_no_third_subtype,"공식 2025Q4 커피·음료 2개, 제과 0개. 매출 상태 supply_only; 공급 전용 탐색군. 현재 영업·체류·학습 허용 미검증."
3120176,논현역 4번,발달상권,True,,17.0,2.0,257,True,False,insufficient,partial_or_unusable_sales,,,,6c591a7_residual_size_adjusted_draft_2025Q4,official_inside_counts_no_external_walk_component,not_ranked,,False,False,insufficient_sales_evidence,63.9127097530176,,76.84478371501272,37.15012722646311,,,,,not_available,not_available,only_C1_C2_available_C_stay_unverified_no_third_subtype,"공식 2025Q4 커피·음료 17개, 제과 2개. 매출 상태 insufficient; 순위 제외: insufficient_sales_evidence. 현재 영업·체류·학습 허용 미검증."
3120177,신논현역 1번,발달상권,True,,19.0,3.0,328,True,False,insufficient,partial_or_unusable_sales,,,,6c591a7_residual_size_adjusted_draft_2025Q4,official_inside_counts_no_external_walk_component,not_ranked,,False,False,insufficient_sales_evidence,72.09748599750478,,73.79134860050891,48.60050890585242,,,,,not_available,not_available,only_C1_C2_available_C_stay_unverified_no_third_subtype,"공식 2025Q4 커피·음료 19개, 제과 3개. 매출 상태 insufficient; 순위 제외: insufficient_sales_evidence. 현재 영업·체류·학습 허용 미검증."
3120178,신사역,발달상권,True,,55.0,5.0,1850,True,True,complete,both_cafe_industries_sales_observed,49.91112909169945,,51.04886450466788,6c591a7_residual_size_adjusted_draft_2025Q4,official_inside_counts_no_external_walk_component,complete_sales_observed_only,,False,True,,59.6196050101819,27.258018615240392,56.74300254452926,19.720101781170484,59.6196050101819,27.258018615240392,41.73372350712733,8.177405584572117,C1_coffee|C2_bakery,C1_coffee,only_C1_C2_available_C_stay_unverified_no_third_subtype,"공식 2025Q4 커피·음료 55개, 제과 5개. 매출 상태 complete; 공급·소비 완전관측군의 잔차 보정 초안. 현재 영업·체류·학습 허용 미검증."
3120185,논현역,발달상권,True,,50.0,6.0,1491,True,True,complete,both_cafe_industries_sales_observed,56.523728078158896,,55.99805037339701,6c591a7_residual_size_adjusted_draft_2025Q4,official_inside_counts_no_external_walk_component,complete_sales_observed_only,,False,True,,63.97714038141394,39.132432703897145,60.94147582697202,33.20610687022901,63.97714038141394,39.132432703897145,44.783998266989755,11.739729811169143,C1_coffee|C2_bakery,C1_coffee,only_C1_C2_available_C_stay_unverified_no_third_subtype,"공식 2025Q4 커피·음료 50개, 제과 6개. 매출 상태 complete; 공급·소비 완전관측군의 잔차 보정 초안. 현재 영업·체류·학습 허용 미검증."
3120186,가로수길,발달상권,True,,83.0,18.0,1502,True,True,complete,both_cafe_industries_sales_observed,85.21017414677237,,79.50336034840436,6c591a7_residual_size_adjusted_draft_2025Q4,official_inside_counts_no_external_walk_component,complete_sales_observed_only,,False,True,,85.20780631998878,85.21569907593411,90.5852417302799,92.36641221374046,85.20780631998878,85.21569907593411,59.64546442399214,25.564709722780233,C2_bakery|C1_coffee,C2_bakery,only_C1_C2_available_C_stay_unverified_no_third_subtype,"공식 2025Q4 커피·음료 83개, 제과 18개. 매출 상태 complete; 공급·소비 완전관측군의 잔차 보정 초안. 현재 영업·체류·학습 허용 미검증."
3120187,신논현역,발달상권,True,,87.0,11.0,2169,True,True,complete,both_cafe_industries_sales_observed,66.66167092684213,,61.12073787677436,6c591a7_residual_size_adjusted_draft_2025Q4,official_inside_counts_no_external_walk_component,complete_sales_observed_only,,False,True,,75.13819315669521,46.88311905718496,78.11704834605598,55.97964376590331,75.13819315669521,46.88311905718496,52.59673520968664,14.064935717155489,C1_coffee|C2_bakery,C1_coffee,only_C1_C2_available_C_stay_unverified_no_third_subtype,"공식 2025Q4 커피·음료 87개, 제과 11개. 매출 상태 complete; 공급·소비 완전관측군의 잔차 보정 초안. 현재 영업·체류·학습 허용 미검증."
3120188,압구정역,발달상권,True,,40.0,24.0,1612,True,True,complete,both_cafe_industries_sales_observed,65.42913057991676,,67.15859755656683,6c591a7_residual_size_adjusted_draft_2025Q4,official_inside_counts_no_external_walk_component,complete_sales_observed_only,,False,True,,54.24064800172921,91.53558992902104,50.38167938931297,97.9643765903308,54.24064800172921,91.53558992902104,37.96845360121045,27.460676978706314,C2_bakery|C1_coffee,C2_bakery,only_C1_C2_available_C_stay_unverified_no_third_subtype,"공식 2025Q4 커피·음료 40개, 제과 24개. 매출 상태 complete; 공급·소비 완전관측군의 잔차 보정 초안. 현재 영업·체류·학습 허용 미검증."
3120190,강남을지병원,발달상권,True,,56.0,6.0,1239,True,True,complete,both_cafe_industries_sales_observed,58.388990430721805,,55.249834045162174,6c591a7_residual_size_adjusted_draft_2025Q4,official_inside_counts_no_external_walk_component,complete_sales_observed_only,,False,True,,67.7719879940691,36.495329449578136,75.44529262086515,38.93129770992366,67.7719879940691,36.495329449578136,47.44039159584836,10.94859883487344,C1_coffee|C2_bakery,C1_coffee,only_C1_C2_available_C_stay_unverified_no_third_subtype,"공식 2025Q4 커피·음료 56개, 제과 6개. 매출 상태 complete; 공급·소비 완전관측군의 잔차 보정 초안. 현재 영업·체류·학습 허용 미검증."
3120191,학동역,발달상권,True,,36.0,4.0,1255,True,False,insufficient,partial_or_unusable_sales,,,,6c591a7_residual_size_adjusted_draft_2025Q4,official_inside_counts_no_external_walk_component,not_ranked,,False,False,insufficient_sales_evidence,51.10054113908449,,40.458015267175576,18.447837150127228,,,,,not_available,not_available,only_C1_C2_available_C_stay_unverified_no_third_subtype,"공식 2025Q4 커피·음료 36개, 제과 4개. 매출 상태 insufficient; 순위 제외: insufficient_sales_evidence. 현재 영업·체류·학습 허용 미검증."
3120193,도산공원교차로,발달상권,True,,12.0,5.0,558,True,True,complete,both_cafe_industries_sales_observed,38.678429217219445,,39.189227891730695,6c591a7_residual_size_adjusted_draft_2025Q4,official_inside_counts_no_external_walk_component,complete_sales_observed_only,,False,True,,32.16067716332389,53.88651734297576,21.246819338422394,57.76081424936387,32.16067716332389,53.88651734297576,22.51247401432672,16.165955202892725,C2_bakery|C1_coffee,C2_bakery,only_C1_C2_available_C_stay_unverified_no_third_subtype,"공식 2025Q4 커피·음료 12개, 제과 5개. 매출 상태 complete; 공급·소비 완전관측군의 잔차 보정 초안. 현재 영업·체류·학습 허용 미검증."
3120194,언주역(차병원),발달상권,True,,40.0,4.0,931,True,True,complete,both_cafe_industries_sales_observed,58.33648493261059,,56.660784685891706,6c591a7_residual_size_adjusted_draft_2025Q4,official_inside_counts_no_external_walk_component,complete_sales_observed_only,,False,True,,70.12530763775915,30.82923195393063,70.48346055979644,27.735368956743,70.12530763775915,30.82923195393063,49.0877153464314,9.248769586179188,C1_coffee|C2_bakery,C1_coffee,only_C1_C2_available_C_stay_unverified_no_third_subtype,"공식 2025Q4 커피·음료 40개, 제과 4개. 매출 상태 complete; 공급·소비 완전관측군의 잔차 보정 초안. 현재 영업·체류·학습 허용 미검증."
3120195,성수대교남단,발달상권,True,,23.0,10.0,656,True,False,insufficient,partial_or_unusable_sales,,,,6c591a7_residual_size_adjusted_draft_2025Q4,official_inside_counts_no_external_walk_component,not_ranked,,False,False,insufficient_sales_evidence,61.485891514317245,,66.92111959287533,90.5852417302799,,,,,not_available,not_available,only_C1_C2_available_C_stay_unverified_no_third_subtype,"공식 2025Q4 커피·음료 23개, 제과 10개. 매출 상태 insufficient; 순위 제외: insufficient_sales_evidence. 현재 영업·체류·학습 허용 미검증."
3120196,서울세관,발달상권,True,,14.0,1.0,517,True,False,insufficient,partial_or_unusable_sales,,,,6c591a7_residual_size_adjusted_draft_2025Q4,official_inside_counts_no_external_walk_component,not_ranked,,False,False,insufficient_sales_evidence,40.606247938021184,,31.93384223918575,6.361323155216285,,,,,not_available,not_available,only_C1_C2_available_C_stay_unverified_no_third_subtype,"공식 2025Q4 커피·음료 14개, 제과 1개. 매출 상태 insufficient; 순위 제외: insufficient_sales_evidence. 현재 영업·체류·학습 허용 미검증."
3120200,학동사거리,발달상권,True,,41.0,13.0,1417,True,True,complete,both_cafe_industries_sales_observed,62.66095896709555,,61.23295412230197,6c591a7_residual_size_adjusted_draft_2025Q4,official_inside_counts_no_external_walk_component,complete_sales_observed_only,,False,True,,60.45826744481481,67.80057251908397,55.08905852417303,81.67938931297711,60.45826744481481,67.80057251908397,42.320787211370366,20.34017175572519,C2_bakery|C1_coffee,C2_bakery,only_C1_C2_available_C_stay_unverified_no_third_subtype,"공식 2025Q4 커피·음료 41개, 제과 13개. 매출 상태 complete; 공급·소비 완전관측군의 잔차 보정 초안. 현재 영업·체류·학습 허용 미검증."
3120203,강남구청역,발달상권,True,,48.0,8.0,1243,True,True,complete,both_cafe_industries_sales_observed,76.14032487655071,,71.96222617892874,6c591a7_residual_size_adjusted_draft_2025Q4,official_inside_counts_no_external_walk_component,complete_sales_observed_only,,False,True,,80.72588309575545,65.44068903173965,81.55216284987277,63.74045801526718,80.72588309575545,65.44068903173965,56.50811816702881,19.632206709521896,C1_coffee|C2_bakery,C1_coffee,only_C1_C2_available_C_stay_unverified_no_third_subtype,"공식 2025Q4 커피·음료 48개, 제과 8개. 매출 상태 complete; 공급·소비 완전관측군의 잔차 보정 초안. 현재 영업·체류·학습 허용 미검증."
3120207,선정릉역,발달상권,True,,41.0,7.0,1205,True,False,insufficient,partial_or_unusable_sales,,,,6c591a7_residual_size_adjusted_draft_2025Q4,official_inside_counts_no_external_walk_component,not_ranked,,False,False,insufficient_sales_evidence,59.7054117700595,,54.07124681933843,47.58269720101781,,,,,not_available,not_available,only_C1_C2_available_C_stay_unverified_no_third_subtype,"공식 2025Q4 커피·음료 41개, 제과 7개. 매출 상태 insufficient; 순위 제외: insufficient_sales_evidence. 현재 영업·체류·학습 허용 미검증."
3120208,청담사거리(청담동명품거리),발달상권,True,,36.0,9.0,1455,True,True,complete,both_cafe_industries_sales_observed,48.2060870687458,,48.81381713585986,6c591a7_residual_size_adjusted_draft_2025Q4,official_inside_counts_no_external_walk_component,complete_sales_observed_only,,False,True,,42.20420605757235,62.2104760948172,38.80407124681934,56.87022900763359,42.20420605757235,62.2104760948172,29.542944240300642,18.66314282844516,C2_bakery|C1_coffee,C2_bakery,only_C1_C2_available_C_stay_unverified_no_third_subtype,"공식 2025Q4 커피·음료 36개, 제과 9개. 매출 상태 complete; 공급·소비 완전관측군의 잔차 보정 초안. 현재 영업·체류·학습 허용 미검증."
3120209,"강남구청(청담역_8번, 강남세무서)",발달상권,True,,19.0,7.0,542,True,True,complete,both_cafe_industries_sales_observed,63.17755173134368,,62.87415394467119,6c591a7_residual_size_adjusted_draft_2025Q4,official_inside_counts_no_external_walk_component,complete_sales_observed_only,,False,True,,58.28318961103968,74.59773001205303,59.54198473282442,80.53435114503816,58.28318961103968,74.59773001205303,40.79823272772777,22.379319003615908,C2_bakery|C1_coffee,C2_bakery,only_C1_C2_available_C_stay_unverified_no_third_subtype,"공식 2025Q4 커피·음료 19개, 제과 7개. 매출 상태 complete; 공급·소비 완전관측군의 잔차 보정 초안. 현재 영업·체류·학습 허용 미검증."
3120213,삼성중앙역,발달상권,True,,38.0,6.0,797,True,True,complete,both_cafe_industries_sales_observed,66.46837826476236,,62.9562319232604,6c591a7_residual_size_adjusted_draft_2025Q4,official_inside_counts_no_external_walk_component,complete_sales_observed_only,,False,True,,73.08850714629716,51.02141087451453,73.40966921119593,54.32569974554708,73.08850714629716,51.02141087451453,51.16195500240801,15.306423262354357,C1_coffee|C2_bakery,C1_coffee,only_C1_C2_available_C_stay_unverified_no_third_subtype,"공식 2025Q4 커피·음료 38개, 제과 6개. 매출 상태 complete; 공급·소비 완전관측군의 잔차 보정 초안. 현재 영업·체류·학습 허용 미검증."
3120214,영동대교남단교차로,발달상권,True,,12.0,3.0,214,True,False,insufficient,partial_or_unusable_sales,,,,6c591a7_residual_size_adjusted_draft_2025Q4,official_inside_counts_no_external_walk_component,not_ranked,,False,False,insufficient_sales_evidence,68.05342260042548,,73.53689567430025,65.13994910941476,,,,,not_available,not_available,only_C1_C2_available_C_stay_unverified_no_third_subtype,"공식 2025Q4 커피·음료 12개, 제과 3개. 매출 상태 insufficient; 순위 제외: insufficient_sales_evidence. 현재 영업·체류·학습 허용 미검증."
3120215,포스코사거리,발달상권,True,,73.0,2.0,2108,True,True,complete,both_cafe_industries_sales_observed,55.56494364872603,,55.54990320915649,6c591a7_residual_size_adjusted_draft_2025Q4,official_inside_counts_no_external_walk_component,complete_sales_observed_only,,False,True,,77.04615722991396,5.442111959287532,73.66412213740458,2.417302798982188,77.04615722991396,5.442111959287532,53.93231006093977,1.6326335877862594,C1_coffee|C2_bakery,C1_coffee,only_C1_C2_available_C_stay_unverified_no_third_subtype,"공식 2025Q4 커피·음료 73개, 제과 2개. 매출 상태 complete; 공급·소비 완전관측군의 잔차 보정 초안. 현재 영업·체류·학습 허용 미검증."
3120216,경기고교사거리(경기고교앞사거리),발달상권,True,,2.0,1.0,264,True,False,insufficient,partial_or_unusable_sales,,,,6c591a7_residual_size_adjusted_draft_2025Q4,official_inside_counts_no_external_walk_component,not_ranked,,False,False,insufficient_sales_evidence,14.063869011729103,,4.4529262086514,21.75572519083969,,,,,not_available,not_available,only_C1_C2_available_C_stay_unverified_no_third_subtype,"공식 2025Q4 커피·음료 2개, 제과 1개. 매출 상태 insufficient; 순위 제외: insufficient_sales_evidence. 현재 영업·체류·학습 허용 미검증."
3120218,코엑스,발달상권,True,,14.0,6.0,387,True,True,complete,both_cafe_industries_sales_observed,63.80716715745005,,62.58515900981344,6c591a7_residual_size_adjusted_draft_2025Q4,official_inside_counts_no_external_walk_component,complete_sales_observed_only,,False,True,,56.9961267031471,79.69959488415695,47.96437659033079,78.7531806615776,56.9961267031471,79.69959488415695,39.89728869220296,23.909878465247086,C2_bakery|C1_coffee,C2_bakery,only_C1_C2_available_C_stay_unverified_no_third_subtype,"공식 2025Q4 커피·음료 14개, 제과 6개. 매출 상태 complete; 공급·소비 완전관측군의 잔차 보정 초안. 현재 영업·체류·학습 허용 미검증."
3120222,삼성역,발달상권,True,,51.0,19.0,1397,True,True,complete,both_cafe_industries_sales_observed,75.18074719675661,,72.61047264876723,6c591a7_residual_size_adjusted_draft_2025Q4,official_inside_counts_no_external_walk_component,complete_sales_observed_only,,False,True,,68.77536433032614,90.12664055176108,61.06870229007634,92.23918575063614,68.77536433032614,90.12664055176108,48.1427550312283,27.037992165528326,C2_bakery|C1_coffee,C2_bakery,only_C1_C2_available_C_stay_unverified_no_third_subtype,"공식 2025Q4 커피·음료 51개, 제과 19개. 매출 상태 complete; 공급·소비 완전관측군의 잔차 보정 초안. 현재 영업·체류·학습 허용 미검증."
3120223,휘문고교사거리,발달상권,True,,11.0,0.0,161,True,False,insufficient,partial_or_unusable_sales,,,,6c591a7_residual_size_adjusted_draft_2025Q4,official_inside_counts_no_external_walk_component,not_ranked,,False,False,insufficient_sales_evidence,60.87162337933204,,64.75826972010178,4.325699745547073,,,,,not_available,not_available,only_C1_C2_available_C_stay_unverified_no_third_subtype,"공식 2025Q4 커피·음료 11개, 제과 0개. 매출 상태 insufficient; 순위 제외: insufficient_sales_evidence. 현재 영업·체류·학습 허용 미검증."
3120225,잠실새내역(신천),발달상권,True,,46.0,22.0,1917,True,True,complete,both_cafe_industries_sales_observed,69.05374526306208,,68.40217584534028,6c591a7_residual_size_adjusted_draft_2025Q4,official_inside_counts_no_external_walk_component,complete_sales_observed_only,,False,True,,60.41584225435432,89.2088522833802,56.36132315521628,95.67430025445292,60.41584225435432,89.2088522833802,42.291089578048016,26.762655685014057,C2_bakery|C1_coffee,C2_bakery,only_C1_C2_available_C_stay_unverified_no_third_subtype,"공식 2025Q4 커피·음료 46개, 제과 22개. 매출 상태 complete; 공급·소비 완전관측군의 잔차 보정 초안. 현재 영업·체류·학습 허용 미검증."
3120227,잠실역,발달상권,True,,87.0,28.0,2251,True,True,complete,both_cafe_industries_sales_observed,76.80347567049614,,72.24432718986883,6c591a7_residual_size_adjusted_draft_2025Q4,official_inside_counts_no_external_walk_component,complete_sales_observed_only,,False,True,,70.36423173039367,91.8283781974019,67.68447837150127,94.529262086514,70.36423173039367,91.8283781974019,49.25496221127557,27.54851345922057,C2_bakery|C1_coffee,C2_bakery,only_C1_C2_available_C_stay_unverified_no_third_subtype,"공식 2025Q4 커피·음료 87개, 제과 28개. 매출 상태 complete; 공급·소비 완전관측군의 잔차 보정 초안. 현재 영업·체류·학습 허용 미검증."
3120228,석촌역(석촌호수),발달상권,True,,46.0,12.0,849,True,True,complete,both_cafe_industries_sales_observed,78.69234139752915,,74.5317189954275,6c591a7_residual_size_adjusted_draft_2025Q4,official_inside_counts_no_external_walk_component,complete_sales_observed_only,,False,True,,79.32721129452452,77.21097830453998,82.44274809160305,88.16793893129771,79.32721129452452,77.21097830453998,55.52904790616716,23.163293491361994,C1_coffee|C2_bakery,C1_coffee,only_C1_C2_available_C_stay_unverified_no_third_subtype,"공식 2025Q4 커피·음료 46개, 제과 12개. 매출 상태 complete; 공급·소비 완전관측군의 잔차 보정 초안. 현재 영업·체류·학습 허용 미검증."
3120229,방이동먹자골목,발달상권,True,,16.0,2.0,909,True,False,insufficient,partial_or_unusable_sales,,,,6c591a7_residual_size_adjusted_draft_2025Q4,official_inside_counts_no_external_walk_component,not_ranked,,False,False,insufficient_sales_evidence,38.84542041614999,,29.134860050890588,12.213740458015266,,,,,not_available,not_available,only_C1_C2_available_C_stay_unverified_no_third_subtype,"공식 2025Q4 커피·음료 16개, 제과 2개. 매출 상태 insufficient; 순위 제외: insufficient_sales_evidence. 현재 영업·체류·학습 허용 미검증."
3120230,송파사거리(송파역),발달상권,True,,10.0,6.0,441,True,True,complete,both_cafe_industries_sales_observed,46.04602506418205,,48.24383396797232,6c591a7_residual_size_adjusted_draft_2025Q4,official_inside_counts_no_external_walk_component,complete_sales_observed_only,,False,True,,37.33469774708669,66.3724554707379,35.6234096692112,81.42493638676844,37.33469774708669,66.3724554707379,26.134288422960683,19.91173664122137,C2_bakery|C1_coffee,C2_bakery,only_C1_C2_available_C_stay_unverified_no_third_subtype,"공식 2025Q4 커피·음료 10개, 제과 6개. 매출 상태 complete; 공급·소비 완전관측군의 잔차 보정 초안. 현재 영업·체류·학습 허용 미검증."
3120232,송파나루역,발달상권,True,,16.0,2.0,225,True,True,complete,both_cafe_industries_sales_observed,68.83803868317166,,66.41945222679682,6c591a7_residual_size_adjusted_draft_2025Q4,official_inside_counts_no_external_walk_component,complete_sales_observed_only,,False,True,,79.02991206015858,45.05700080353555,91.34860050890585,52.29007633587786,79.02991206015858,45.05700080353555,55.320938442111,13.517100241060666,C1_coffee|C2_bakery,C1_coffee,only_C1_C2_available_C_stay_unverified_no_third_subtype,"공식 2025Q4 커피·음료 16개, 제과 2개. 매출 상태 complete; 공급·소비 완전관측군의 잔차 보정 초안. 현재 영업·체류·학습 허용 미검증."
3120233,몽촌토성역,발달상권,True,,14.0,3.0,523,True,True,complete,both_cafe_industries_sales_observed,43.51133211365977,,46.37181674999801,6c591a7_residual_size_adjusted_draft_2025Q4,official_inside_counts_no_external_walk_component,complete_sales_observed_only,,False,True,,46.4360073643455,36.687089862059736,44.783715012722645,39.44020356234097,46.4360073643455,36.687089862059736,32.50520515504185,11.006126958617921,C1_coffee|C2_bakery,C1_coffee,only_C1_C2_available_C_stay_unverified_no_third_subtype,"공식 2025Q4 커피·음료 14개, 제과 3개. 매출 상태 complete; 공급·소비 완전관측군의 잔차 보정 초안. 현재 영업·체류·학습 허용 미검증."
3120238,방이역,발달상권,True,,9.0,0.0,291,True,False,insufficient,partial_or_unusable_sales,,,,6c591a7_residual_size_adjusted_draft_2025Q4,official_inside_counts_no_external_walk_component,not_ranked,,False,False,insufficient_sales_evidence,69.91293955700162,,68.44783715012723,4.707379134860051,,,,,not_available,not_available,only_C1_C2_available_C_stay_unverified_no_third_subtype,"공식 2025Q4 커피·음료 9개, 제과 0개. 매출 상태 insufficient; 순위 제외: insufficient_sales_evidence. 현재 영업·체류·학습 허용 미검증."
3120239,오금역,발달상권,True,,22.0,3.0,519,True,False,insufficient,partial_or_unusable_sales,,,,6c591a7_residual_size_adjusted_draft_2025Q4,official_inside_counts_no_external_walk_component,not_ranked,,False,False,insufficient_sales_evidence,66.15170191465398,,66.03053435114504,36.1323155216285,,,,,not_available,not_available,only_C1_C2_available_C_stay_unverified_no_third_subtype,"공식 2025Q4 커피·음료 22개, 제과 3개. 매출 상태 insufficient; 순위 제외: insufficient_sales_evidence. 현재 영업·체류·학습 허용 미검증."
3120242,강동구청역,발달상권,True,,36.0,7.0,634,True,True,complete,both_cafe_industries_sales_observed,73.70628824453027,,69.32215438636591,6c591a7_residual_size_adjusted_draft_2025Q4,official_inside_counts_no_external_walk_component,complete_sales_observed_only,,False,True,,79.19414075683629,60.90129904914959,79.77099236641222,68.95674300254453,79.19414075683629,60.90129904914959,55.4358985297854,18.270389714744876,C1_coffee|C2_bakery,C1_coffee,only_C1_C2_available_C_stay_unverified_no_third_subtype,"공식 2025Q4 커피·음료 36개, 제과 7개. 매출 상태 complete; 공급·소비 완전관측군의 잔차 보정 초안. 현재 영업·체류·학습 허용 미검증."
3120243,천호역,발달상권,True,,28.0,24.0,1711,True,True,complete,both_cafe_industries_sales_observed,52.4261457002964,,58.58934558656338,6c591a7_residual_size_adjusted_draft_2025Q4,official_inside_counts_no_external_walk_component,complete_sales_observed_only,,False,True,,38.807030447131815,84.20408129101378,31.806615776081426,98.34605597964376,38.807030447131815,84.20408129101378,27.16492131299227,25.261224387304132,C2_bakery|C1_coffee,C2_bakery,only_C1_C2_available_C_stay_unverified_no_third_subtype,"공식 2025Q4 커피·음료 28개, 제과 24개. 매출 상태 complete; 공급·소비 완전관측군의 잔차 보정 초안. 현재 영업·체류·학습 허용 미검증."
3120244,암사역,발달상권,True,,11.0,3.0,399,True,True,complete,both_cafe_industries_sales_observed,49.12117060920011,,51.32884795679463,6c591a7_residual_size_adjusted_draft_2025Q4,official_inside_counts_no_external_walk_component,complete_sales_observed_only,,False,True,,46.16015820828736,56.03019954466318,51.01781170483461,52.035623409669206,46.16015820828736,56.03019954466318,32.31211074580115,16.809059863398954,C2_bakery|C1_coffee,C2_bakery,only_C1_C2_available_C_stay_unverified_no_third_subtype,"공식 2025Q4 커피·음료 11개, 제과 3개. 매출 상태 complete; 공급·소비 완전관측군의 잔차 보정 초안. 현재 영업·체류·학습 허용 미검증."
3120245,둔촌역,발달상권,True,,19.0,10.0,856,True,True,complete,both_cafe_industries_sales_observed,55.791020441756935,,58.53632636359127,6c591a7_residual_size_adjusted_draft_2025Q4,official_inside_counts_no_external_walk_component,complete_sales_observed_only,,False,True,,44.50362301528613,82.12828110352216,37.913486005089055,84.47837150127226,44.50362301528613,82.12828110352216,31.15253611070029,24.638484331056645,C2_bakery|C1_coffee,C2_bakery,only_C1_C2_available_C_stay_unverified_no_third_subtype,"공식 2025Q4 커피·음료 19개, 제과 10개. 매출 상태 complete; 공급·소비 완전관측군의 잔차 보정 초안. 현재 영업·체류·학습 허용 미검증."
3120246,길동역,발달상권,True,,11.0,6.0,1011,True,True,complete,both_cafe_industries_sales_observed,32.13022689550864,,32.13631429447828,6c591a7_residual_size_adjusted_draft_2025Q4,official_inside_counts_no_external_walk_component,complete_sales_observed_only,,False,True,,22.69992093377777,54.134274139547344,6.106870229007633,47.96437659033079,22.69992093377777,54.134274139547344,15.889944653644436,16.240282241864204,C2_bakery|C1_coffee,C2_bakery,only_C1_C2_available_C_stay_unverified_no_third_subtype,"공식 2025Q4 커피·음료 11개, 제과 6개. 매출 상태 complete; 공급·소비 완전관측군의 잔차 보정 초안. 현재 영업·체류·학습 허용 미검증."
3120247,굽은다리역,발달상권,True,,3.0,2.0,450,True,True,complete,both_cafe_industries_sales_observed,21.21941217761529,,22.06505974076189,6c591a7_residual_size_adjusted_draft_2025Q4,official_inside_counts_no_external_walk_component,complete_sales_observed_only,,False,True,,12.1691108936948,42.33678184009643,3.1806615776081424,28.24427480916031,12.1691108936948,42.33678184009643,8.518377625586359,12.701034552028927,C2_bakery|C1_coffee,C2_bakery,only_C1_C2_available_C_stay_unverified_no_third_subtype,"공식 2025Q4 커피·음료 3개, 제과 2개. 매출 상태 complete; 공급·소비 완전관측군의 잔차 보정 초안. 현재 영업·체류·학습 허용 미검증."
3120248,명일역,발달상권,True,,17.0,12.0,667,True,True,complete,both_cafe_industries_sales_observed,56.84013731805937,,59.91144982257481,6c591a7_residual_size_adjusted_draft_2025Q4,official_inside_counts_no_external_walk_component,complete_sales_observed_only,,False,True,,43.854625658411166,87.1396645239052,42.36641221374045,93.89312977099236,43.854625658411166,87.1396645239052,30.698237960887813,26.141899357171557,C2_bakery|C1_coffee,C2_bakery,only_C1_C2_available_C_stay_unverified_no_third_subtype,"공식 2025Q4 커피·음료 17개, 제과 12개. 매출 상태 complete; 공급·소비 완전관측군의 잔차 보정 초안. 현재 영업·체류·학습 허용 미검증."
3120249,고덕역,발달상권,True,,13.0,5.0,572,True,True,complete,both_cafe_industries_sales_observed,56.78485842076722,,61.77165718476457,6c591a7_residual_size_adjusted_draft_2025Q4,official_inside_counts_no_external_walk_component,complete_sales_observed_only,,False,True,,50.3945647186418,71.69554372572654,44.14758269720102,66.2849872773537,50.3945647186418,71.69554372572654,35.276195303049256,21.508663117717962,C2_bakery|C1_coffee,C2_bakery,only_C1_C2_available_C_stay_unverified_no_third_subtype,"공식 2025Q4 커피·음료 13개, 제과 5개. 매출 상태 complete; 공급·소비 완전관측군의 잔차 보정 초안. 현재 영업·체류·학습 허용 미검증."
3130001,통인시장,전통시장,True,,24.0,4.0,184,True,False,insufficient,partial_or_unusable_sales,,,,6c591a7_residual_size_adjusted_draft_2025Q4,official_inside_counts_no_external_walk_component,not_ranked,,False,False,insufficient_sales_evidence,96.15917793881752,,99.87277353689568,90.45801526717555,,,,,not_available,not_available,only_C1_C2_available_C_stay_unverified_no_third_subtype,"공식 2025Q4 커피·음료 24개, 제과 4개. 매출 상태 insufficient; 순위 제외: insufficient_sales_evidence. 현재 영업·체류·학습 허용 미검증."
3130002,세종마을음식문화거리(금천교시장),전통시장,True,,7.0,4.0,238,True,True,complete,both_cafe_industries_sales_observed,66.36788164945132,,67.35003232326522,6c591a7_residual_size_adjusted_draft_2025Q4,official_inside_counts_no_external_walk_component,complete_sales_observed_only,,False,True,,59.09593349336184,83.33576068032676,57.25190839694656,84.60559796437659,59.09593349336184,83.33576068032676,41.36715344535329,25.000728204098028,C2_bakery|C1_coffee,C2_bakery,only_C1_C2_available_C_stay_unverified_no_third_subtype,"공식 2025Q4 커피·음료 7개, 제과 4개. 매출 상태 complete; 공급·소비 완전관측군의 잔차 보정 초안. 현재 영업·체류·학습 허용 미검증."
3130004,낙원시장(낙원지하시장(대일상가)),전통시장,True,,1.0,0.0,230,False,False,supply_only,no_cafe_sales_rows,,9.134860050890584,,6c591a7_residual_size_adjusted_draft_2025Q4,official_inside_counts_no_external_walk_component,supply_only_exploration_only,9.134860050890584,True,False,,,,8.524173027989821,10.559796437659031,8.524173027989821,,5.966921119592874,3.167938931297709,C1_coffee,C1_coffee,only_C1_C2_available_C_stay_unverified_no_third_subtype,"공식 2025Q4 커피·음료 1개, 제과 0개. 매출 상태 supply_only; 공급 전용 탐색군. 현재 영업·체류·학습 허용 미검증."
3130005,세운상가가동,전통시장,True,,1.0,0.0,267,False,False,supply_only,no_cafe_sales_rows,,7.7735368956743,,6c591a7_residual_size_adjusted_draft_2025Q4,official_inside_counts_no_external_walk_component,supply_only_exploration_only,7.7735368956743,True,False,,,,7.124681933842239,9.287531806615776,7.124681933842239,,4.987277353689567,2.786259541984733,C1_coffee,C1_coffee,only_C1_C2_available_C_stay_unverified_no_third_subtype,"공식 2025Q4 커피·음료 1개, 제과 0개. 매출 상태 supply_only; 공급 전용 탐색군. 현재 영업·체류·학습 허용 미검증."
3130007,광장시장(광장전통시장),전통시장,True,,7.0,3.0,580,True,False,insufficient,partial_or_unusable_sales,,,,6c591a7_residual_size_adjusted_draft_2025Q4,official_inside_counts_no_external_walk_component,not_ranked,,False,False,insufficient_sales_evidence,32.30125140783381,,20.610687022900763,46.31043256997455,,,,,not_available,not_available,only_C1_C2_available_C_stay_unverified_no_third_subtype,"공식 2025Q4 커피·음료 7개, 제과 3개. 매출 상태 insufficient; 순위 제외: insufficient_sales_evidence. 현재 영업·체류·학습 허용 미검증."
3130009,마전교지하쇼핑센터(구 한일상가),전통시장,True,,1.0,0.0,22,False,False,supply_only,no_cafe_sales_rows,,66.71119592875317,,6c591a7_residual_size_adjusted_draft_2025Q4,official_inside_counts_no_external_walk_component,supply_only_exploration_only,66.71119592875317,True,False,,,,70.73791348600508,57.31552162849872,70.73791348600508,,49.51653944020356,17.194656488549615,C1_coffee,C1_coffee,only_C1_C2_available_C_stay_unverified_no_third_subtype,"공식 2025Q4 커피·음료 1개, 제과 0개. 매출 상태 supply_only; 공급 전용 탐색군. 현재 영업·체류·학습 허용 미검증."
3130010,종로신진시장,전통시장,True,,11.0,2.0,272,True,False,insufficient,partial_or_unusable_sales,,,,6c591a7_residual_size_adjusted_draft_2025Q4,official_inside_counts_no_external_walk_component,not_ranked,,False,False,insufficient_sales_evidence,71.9709409828481,,80.53435114503816,52.16284987277354,,,,,not_available,not_available,only_C1_C2_available_C_stay_unverified_no_third_subtype,"공식 2025Q4 커피·음료 11개, 제과 2개. 매출 상태 insufficient; 순위 제외: insufficient_sales_evidence. 현재 영업·체류·학습 허용 미검증."
3130011,충신시장,전통시장,True,,0.0,0.0,42,False,False,supply_only,no_cafe_sales_rows,,,,6c591a7_residual_size_adjusted_draft_2025Q4,official_inside_counts_no_external_walk_component,supply_only_exploration_only,20.12086513994911,False,False,no_cafe_supply_in_source_snapshot,,,11.513994910941475,40.20356234096692,,,8.059796437659033,12.061068702290076,not_available,not_available,only_C1_C2_available_C_stay_unverified_no_third_subtype,"공식 2025Q4 커피·음료 0개, 제과 0개. 매출 상태 supply_only; 순위 제외: no_cafe_supply_in_source_snapshot. 현재 영업·체류·학습 허용 미검증."
3130012,"동대문종합시장(동대문종합시장 신관, 동대문종합시장D동상가)",전통시장,True,,13.0,1.0,319,False,False,supply_only,no_cafe_sales_rows,,69.07124681933841,,6c591a7_residual_size_adjusted_draft_2025Q4,official_inside_counts_no_external_walk_component,supply_only_exploration_only,69.07124681933841,True,False,,,,88.04071246819338,24.80916030534351,88.04071246819338,24.80916030534351,61.62849872773536,7.442748091603053,C1_coffee|C2_bakery,C1_coffee,only_C1_C2_available_C_stay_unverified_no_third_subtype,"공식 2025Q4 커피·음료 13개, 제과 1개. 매출 상태 supply_only; 공급 전용 탐색군. 현재 영업·체류·학습 허용 미검증."
3130013,동대문상가A동,전통시장,True,,0.0,0.0,80,False,False,supply_only,no_cafe_sales_rows,,,,6c591a7_residual_size_adjusted_draft_2025Q4,official_inside_counts_no_external_walk_component,supply_only_exploration_only,11.208651399491092,False,False,no_cafe_supply_in_source_snapshot,,,5.216284987277354,25.19083969465649,,,3.6513994910941476,7.557251908396946,not_available,not_available,only_C1_C2_available_C_stay_unverified_no_third_subtype,"공식 2025Q4 커피·음료 0개, 제과 0개. 매출 상태 supply_only; 순위 제외: no_cafe_supply_in_source_snapshot. 현재 영업·체류·학습 허용 미검증."
3130014,동문시장,전통시장,True,,0.0,0.0,143,False,False,supply_only,no_cafe_sales_rows,,,,6c591a7_residual_size_adjusted_draft_2025Q4,official_inside_counts_no_external_walk_component,supply_only_exploration_only,6.590330788804071,False,False,no_cafe_supply_in_source_snapshot,,,2.5445292620865136,16.030534351145036,,,1.7811704834605595,4.809160305343511,not_available,not_available,only_C1_C2_available_C_stay_unverified_no_third_subtype,"공식 2025Q4 커피·음료 0개, 제과 0개. 매출 상태 supply_only; 순위 제외: no_cafe_supply_in_source_snapshot. 현재 영업·체류·학습 허용 미검증."
3130015,창신골목시장,전통시장,True,,3.0,1.0,138,True,False,insufficient,partial_or_unusable_sales,,,,6c591a7_residual_size_adjusted_draft_2025Q4,official_inside_counts_no_external_walk_component,not_ranked,,False,False,insufficient_sales_evidence,42.98273682893255,,50.50890585241731,52.67175572519084,,,,,not_available,not_available,only_C1_C2_available_C_stay_unverified_no_third_subtype,"공식 2025Q4 커피·음료 3개, 제과 1개. 매출 상태 insufficient; 순위 제외: insufficient_sales_evidence. 현재 영업·체류·학습 허용 미검증."
3130016,동대문상가B동,전통시장,True,,2.0,0.0,87,False,False,supply_only,no_cafe_sales_rows,,44.63740458015266,,6c591a7_residual_size_adjusted_draft_2025Q4,official_inside_counts_no_external_walk_component,supply_only_exploration_only,44.63740458015266,True,False,,,,53.43511450381679,24.10941475826972,53.43511450381679,,37.40458015267175,7.2328244274809155,C1_coffee,C1_coffee,only_C1_C2_available_C_stay_unverified_no_third_subtype,"공식 2025Q4 커피·음료 2개, 제과 0개. 매출 상태 supply_only; 공급 전용 탐색군. 현재 영업·체류·학습 허용 미검증."
3130017,동대문상가C동,전통시장,True,,0.0,0.0,164,False,False,supply_only,no_cafe_sales_rows,,,,6c591a7_residual_size_adjusted_draft_2025Q4,official_inside_counts_no_external_walk_component,supply_only_exploration_only,5.877862595419847,False,False,no_cafe_supply_in_source_snapshot,,,2.2900763358778624,14.249363867684478,,,1.6030534351145036,4.2748091603053435,not_available,not_available,only_C1_C2_available_C_stay_unverified_no_third_subtype,"공식 2025Q4 커피·음료 0개, 제과 0개. 매출 상태 supply_only; 순위 제외: no_cafe_supply_in_source_snapshot. 현재 영업·체류·학습 허용 미검증."
3130018,동대문문구완구거리(동대문문구완구시장),전통시장,True,,4.0,1.0,152,True,False,insufficient,partial_or_unusable_sales,,,,6c591a7_residual_size_adjusted_draft_2025Q4,official_inside_counts_no_external_walk_component,not_ranked,,False,False,insufficient_sales_evidence,40.19286071830809,,47.58269720101781,43.51145038167939,,,,,not_available,not_available,only_C1_C2_available_C_stay_unverified_no_third_subtype,"공식 2025Q4 커피·음료 4개, 제과 1개. 매출 상태 insufficient; 순위 제외: insufficient_sales_evidence. 현재 영업·체류·학습 허용 미검증."
3130019,동대문상가D동,전통시장,True,,0.0,0.0,56,False,False,supply_only,no_cafe_sales_rows,,,,6c591a7_residual_size_adjusted_draft_2025Q4,official_inside_counts_no_external_walk_component,supply_only_exploration_only,16.068702290076338,False,False,no_cafe_supply_in_source_snapshot,,,8.396946564885496,33.969465648854964,,,5.877862595419847,10.19083969465649,not_available,not_available,only_C1_C2_available_C_stay_unverified_no_third_subtype,"공식 2025Q4 커피·음료 0개, 제과 0개. 매출 상태 supply_only; 순위 제외: no_cafe_supply_in_source_snapshot. 현재 영업·체류·학습 허용 미검증."
3130020,동묘시장(동묘벼룩시장),전통시장,True,,2.0,0.0,142,False,False,supply_only,no_cafe_sales_rows,,20.89058524173028,,6c591a7_residual_size_adjusted_draft_2025Q4,official_inside_counts_no_external_walk_component,supply_only_exploration_only,20.89058524173028,True,False,,,,24.55470737913486,12.340966921119591,24.55470737913486,,17.1882951653944,3.7022900763358773,C1_coffee,C1_coffee,only_C1_C2_available_C_stay_unverified_no_third_subtype,"공식 2025Q4 커피·음료 2개, 제과 0개. 매출 상태 supply_only; 공급 전용 탐색군. 현재 영업·체류·학습 허용 미검증."
3130021,신설종합시장,전통시장,True,,0.0,0.0,9,False,False,supply_only,no_cafe_sales_rows,,,,6c591a7_residual_size_adjusted_draft_2025Q4,official_inside_counts_no_external_walk_component,supply_only_exploration_only,58.84223918575063,False,False,no_cafe_supply_in_source_snapshot,,,51.39949109414759,76.20865139949109,,,35.97964376590331,22.862595419847327,not_available,not_available,only_C1_C2_available_C_stay_unverified_no_third_subtype,"공식 2025Q4 커피·음료 0개, 제과 0개. 매출 상태 supply_only; 순위 제외: no_cafe_supply_in_source_snapshot. 현재 영업·체류·학습 허용 미검증."
3130022,숭례문수입상가(남대문시장),전통시장,True,,1.0,0.0,167,False,False,supply_only,no_cafe_sales_rows,,12.87531806615776,,6c591a7_residual_size_adjusted_draft_2025Q4,official_inside_counts_no_external_walk_component,supply_only_exploration_only,12.87531806615776,True,False,,,,12.340966921119591,14.122137404580156,12.340966921119591,,8.638676844783713,4.236641221374047,C1_coffee,C1_coffee,only_C1_C2_available_C_stay_unverified_no_third_subtype,"공식 2025Q4 커피·음료 1개, 제과 0개. 매출 상태 supply_only; 공급 전용 탐색군. 현재 영업·체류·학습 허용 미검증."
3130024,남대문시장(자유상가),전통시장,True,,35.0,4.0,2406,True,True,complete,both_cafe_industries_sales_observed,58.44810334523069,,64.73108273438172,6c591a7_residual_size_adjusted_draft_2025Q4,official_inside_counts_no_external_walk_component,complete_sales_observed_only,,False,True,,70.75483081345303,29.7324059193786,67.04834605597965,23.53689567430025,70.75483081345303,29.7324059193786,49.528381569417114,8.91972177581358,C1_coffee|C2_bakery,C1_coffee,only_C1_C2_available_C_stay_unverified_no_third_subtype,"공식 2025Q4 커피·음료 35개, 제과 4개. 매출 상태 complete; 공급·소비 완전관측군의 잔차 보정 초안. 현재 영업·체류·학습 허용 미검증."
3130025,삼익패션타운(남대문시장),전통시장,True,,2.0,0.0,586,True,False,insufficient,partial_or_unusable_sales,,,,6c591a7_residual_size_adjusted_draft_2025Q4,official_inside_counts_no_external_walk_component,not_ranked,,False,False,insufficient_sales_evidence,13.177267228662547,,7.37913486005089,3.689567430025445,,,,,not_available,not_available,only_C1_C2_available_C_stay_unverified_no_third_subtype,"공식 2025Q4 커피·음료 2개, 제과 0개. 매출 상태 insufficient; 순위 제외: insufficient_sales_evidence. 현재 영업·체류·학습 허용 미검증."
3130031,청계천공구상가,전통시장,True,,2.0,0.0,89,False,False,supply_only,no_cafe_sales_rows,,34.24936386768447,,6c591a7_residual_size_adjusted_draft_2025Q4,official_inside_counts_no_external_walk_component,supply_only_exploration_only,34.24936386768447,True,False,,,,40.5852417302799,19.46564885496183,40.5852417302799,,28.409669211195926,5.8396946564885495,C1_coffee,C1_coffee,only_C1_C2_available_C_stay_unverified_no_third_subtype,"공식 2025Q4 커피·음료 2개, 제과 0개. 매출 상태 supply_only; 공급 전용 탐색군. 현재 영업·체류·학습 허용 미검증."
3130032,인현시장,전통시장,True,,8.0,0.0,135,True,False,insufficient,partial_or_unusable_sales,,,,6c591a7_residual_size_adjusted_draft_2025Q4,official_inside_counts_no_external_walk_component,not_ranked,,False,False,insufficient_sales_evidence,75.55177927441098,,95.5470737913486,16.539440203562343,,,,,not_available,not_available,only_C1_C2_available_C_stay_unverified_no_third_subtype,"공식 2025Q4 커피·음료 8개, 제과 0개. 매출 상태 insufficient; 순위 제외: insufficient_sales_evidence. 현재 영업·체류·학습 허용 미검증."
3130033,대림상가(청계상가),전통시장,True,,8.0,0.0,202,True,False,insufficient,partial_or_unusable_sales,,,,6c591a7_residual_size_adjusted_draft_2025Q4,official_inside_counts_no_external_walk_component,not_ranked,,False,False,insufficient_sales_evidence,76.29377291877603,,90.0763358778626,11.450381679389311,,,,,not_available,not_available,only_C1_C2_available_C_stay_unverified_no_third_subtype,"공식 2025Q4 커피·음료 8개, 제과 0개. 매출 상태 insufficient; 순위 제외: insufficient_sales_evidence. 현재 영업·체류·학습 허용 미검증."
3130034,필동 골목형상점가,전통시장,True,,0.0,0.0,10,False,False,supply_only,no_cafe_sales_rows,,,,6c591a7_residual_size_adjusted_draft_2025Q4,official_inside_counts_no_external_walk_component,supply_only_exploration_only,55.87786259541984,False,False,no_cafe_supply_in_source_snapshot,,,48.09160305343512,74.04580152671755,,,33.66412213740458,22.213740458015266,not_available,not_available,only_C1_C2_available_C_stay_unverified_no_third_subtype,"공식 2025Q4 커피·음료 0개, 제과 0개. 매출 상태 supply_only; 순위 제외: no_cafe_supply_in_source_snapshot. 현재 영업·체류·학습 허용 미검증."
3130035,방산종합시장(방산시장),전통시장,True,,25.0,0.0,432,True,False,insufficient,partial_or_unusable_sales,,,,6c591a7_residual_size_adjusted_draft_2025Q4,official_inside_counts_no_external_walk_component,not_ranked,,False,False,insufficient_sales_evidence,79.13359044076101,,88.29516539440203,1.3994910941475829,,,,,not_available,not_available,only_C1_C2_available_C_stay_unverified_no_third_subtype,"공식 2025Q4 커피·음료 25개, 제과 0개. 매출 상태 insufficient; 순위 제외: insufficient_sales_evidence. 현재 영업·체류·학습 허용 미검증."
3130036,중부시장(신중부시장),전통시장,True,,12.0,0.0,650,True,False,insufficient,partial_or_unusable_sales,,,,6c591a7_residual_size_adjusted_draft_2025Q4,official_inside_counts_no_external_walk_component,not_ranked,,False,False,insufficient_sales_evidence,43.72350674812193,,37.27735368956743,0.7633587786259541,,,,,not_available,not_available,only_C1_C2_available_C_stay_unverified_no_third_subtype,"공식 2025Q4 커피·음료 12개, 제과 0개. 매출 상태 insufficient; 순위 제외: insufficient_sales_evidence. 현재 영업·체류·학습 허용 미검증."
3130038,"평화시장(통일상가, 동화상가)",전통시장,True,,26.0,5.0,2127,False,False,supply_only,no_cafe_sales_rows,,33.02798982188295,,6c591a7_residual_size_adjusted_draft_2025Q4,official_inside_counts_no_external_walk_component,supply_only_exploration_only,33.02798982188295,True,False,,,,34.86005089058524,28.75318066157761,34.86005089058524,28.75318066157761,24.402035623409667,8.625954198473282,C1_coffee|C2_bakery,C1_coffee,only_C1_C2_available_C_stay_unverified_no_third_subtype,"공식 2025Q4 커피·음료 26개, 제과 5개. 매출 상태 supply_only; 공급 전용 탐색군. 현재 영업·체류·학습 허용 미검증."
3130042,약수시장,전통시장,True,,5.0,1.0,152,True,False,insufficient,partial_or_unusable_sales,,,,6c591a7_residual_size_adjusted_draft_2025Q4,official_inside_counts_no_external_walk_component,not_ranked,,False,False,insufficient_sales_evidence,59.13454719893213,,70.99236641221374,48.346055979643765,,,,,not_available,not_available,only_C1_C2_available_C_stay_unverified_no_third_subtype,"공식 2025Q4 커피·음료 5개, 제과 1개. 매출 상태 insufficient; 순위 제외: insufficient_sales_evidence. 현재 영업·체류·학습 허용 미검증."
3130046,team204(팀204),전통시장,True,,1.0,0.0,119,True,False,insufficient,partial_or_unusable_sales,,,,6c591a7_residual_size_adjusted_draft_2025Q4,official_inside_counts_no_external_walk_component,not_ranked,,False,False,insufficient_sales_evidence,18.28805095125956,,18.956743002544528,18.829516539440203,,,,,not_available,not_available,only_C1_C2_available_C_stay_unverified_no_third_subtype,"공식 2025Q4 커피·음료 1개, 제과 0개. 매출 상태 insufficient; 순위 제외: insufficient_sales_evidence. 현재 영업·체류·학습 허용 미검증."
3130047,테크노상가(엘리시움),전통시장,True,,1.0,0.0,849,False,False,supply_only,no_cafe_sales_rows,,1.768447837150127,,6c591a7_residual_size_adjusted_draft_2025Q4,official_inside_counts_no_external_walk_component,supply_only_exploration_only,1.768447837150127,True,False,,,,1.653944020356234,2.035623409669211,1.653944020356234,,1.1577608142493636,0.6106870229007634,C1_coffee,C1_coffee,only_C1_C2_available_C_stay_unverified_no_third_subtype,"공식 2025Q4 커피·음료 1개, 제과 0개. 매출 상태 supply_only; 공급 전용 탐색군. 현재 영업·체류·학습 허용 미검증."
3130048,동평화시장,전통시장,True,,4.0,0.0,748,True,False,insufficient,partial_or_unusable_sales,,,,6c591a7_residual_size_adjusted_draft_2025Q4,official_inside_counts_no_external_walk_component,not_ranked,,False,False,insufficient_sales_evidence,28.33336841067413,,19.59287531806616,2.2900763358778624,,,,,not_available,not_available,only_C1_C2_available_C_stay_unverified_no_third_subtype,"공식 2025Q4 커피·음료 4개, 제과 0개. 매출 상태 insufficient; 순위 제외: insufficient_sales_evidence. 현재 영업·체류·학습 허용 미검증."
3130049,신당 미래유산 먹거리 골목형상점가,전통시장,True,,0.0,1.0,51,False,False,supply_only,no_cafe_sales_rows,,30.254452926208653,,6c591a7_residual_size_adjusted_draft_2025Q4,official_inside_counts_no_external_walk_component,supply_only_exploration_only,30.254452926208653,True,False,,,,9.033078880407125,79.77099236641222,,79.77099236641222,6.323155216284987,23.931297709923665,C2_bakery,C2_bakery,only_C1_C2_available_C_stay_unverified_no_third_subtype,"공식 2025Q4 커피·음료 0개, 제과 1개. 매출 상태 supply_only; 공급 전용 탐색군. 현재 영업·체류·학습 허용 미검증."
3130050,청평화시장,전통시장,True,,1.0,0.0,2483,False,False,supply_only,no_cafe_sales_rows,,0.3307888040712468,,6c591a7_residual_size_adjusted_draft_2025Q4,official_inside_counts_no_external_walk_component,supply_only_exploration_only,0.3307888040712468,True,False,,,,0.2544529262086514,0.5089058524173028,0.2544529262086514,,0.17811704834605596,0.15267175572519084,C1_coffee,C1_coffee,only_C1_C2_available_C_stay_unverified_no_third_subtype,"공식 2025Q4 커피·음료 1개, 제과 0개. 매출 상태 supply_only; 공급 전용 탐색군. 현재 영업·체류·학습 허용 미검증."
3130051,동화동 골목형상점가,전통시장,True,,7.0,3.0,231,True,False,insufficient,partial_or_unusable_sales,,,,6c591a7_residual_size_adjusted_draft_2025Q4,official_inside_counts_no_external_walk_component,not_ranked,,False,False,insufficient_sales_evidence,46.230152861362974,,51.52671755725192,69.08396946564885,,,,,not_available,not_available,only_C1_C2_available_C_stay_unverified_no_third_subtype,"공식 2025Q4 커피·음료 7개, 제과 3개. 매출 상태 insufficient; 순위 제외: insufficient_sales_evidence. 현재 영업·체류·학습 허용 미검증."
3130052,서울중앙시장(신중앙시장),전통시장,True,,7.0,0.0,473,True,False,insufficient,partial_or_unusable_sales,,,,6c591a7_residual_size_adjusted_draft_2025Q4,official_inside_counts_no_external_walk_component,not_ranked,,False,False,insufficient_sales_evidence,21.226794727401657,,24.80916030534351,1.653944020356234,,,,,not_available,not_available,only_C1_C2_available_C_stay_unverified_no_third_subtype,"공식 2025Q4 커피·음료 7개, 제과 0개. 매출 상태 insufficient; 순위 제외: insufficient_sales_evidence. 현재 영업·체류·학습 허용 미검증."
3130053,백학시장,전통시장,True,,2.0,3.0,218,False,True,insufficient,partial_or_unusable_sales,,,,6c591a7_residual_size_adjusted_draft_2025Q4,official_inside_counts_no_external_walk_component,not_ranked,,False,False,insufficient_sales_evidence,,67.48116713539574,9.669211195928751,76.33587786259542,,,,,not_available,not_available,only_C1_C2_available_C_stay_unverified_no_third_subtype,"공식 2025Q4 커피·음료 2개, 제과 3개. 매출 상태 insufficient; 순위 제외: insufficient_sales_evidence. 현재 영업·체류·학습 허용 미검증."
3130054,황학동주방가구거리상점가,전통시장,True,,3.0,1.0,199,False,False,supply_only,no_cafe_sales_rows,,16.272264631043257,,6c591a7_residual_size_adjusted_draft_2025Q4,official_inside_counts_no_external_walk_component,supply_only_exploration_only,16.272264631043257,True,False,,,,11.959287531806616,26.33587786259542,11.959287531806616,26.33587786259542,8.37150127226463,7.900763358778626,C2_bakery|C1_coffee,C2_bakery,only_C1_C2_available_C_stay_unverified_no_third_subtype,"공식 2025Q4 커피·음료 3개, 제과 1개. 매출 상태 supply_only; 공급 전용 탐색군. 현재 영업·체류·학습 허용 미검증."
3130055,"황학시장(서울중앙시장, 신중앙시장)",전통시장,True,,3.0,3.0,178,True,False,insufficient,partial_or_unusable_sales,,,,6c591a7_residual_size_adjusted_draft_2025Q4,official_inside_counts_no_external_walk_component,not_ranked,,False,False,insufficient_sales_evidence,28.78178462133536,,28.37150127226463,82.95165394402035,,,,,not_available,not_available,only_C1_C2_available_C_stay_unverified_no_third_subtype,"공식 2025Q4 커피·음료 3개, 제과 3개. 매출 상태 insufficient; 순위 제외: insufficient_sales_evidence. 현재 영업·체류·학습 허용 미검증."
3130056,용산용문시장,전통시장,True,,3.0,3.0,279,True,True,complete,both_cafe_industries_sales_observed,33.997870345865564,,41.13858824205981,6c591a7_residual_size_adjusted_draft_2025Q4,official_inside_counts_no_external_walk_component,complete_sales_observed_only,,False,True,,24.35588692582185,56.49583165930092,16.412213740458014,70.22900763358778,24.35588692582185,56.49583165930092,17.049120848075294,16.948749497790274,C2_bakery|C1_coffee,C2_bakery,only_C1_C2_available_C_stay_unverified_no_third_subtype,"공식 2025Q4 커피·음료 3개, 제과 3개. 매출 상태 complete; 공급·소비 완전관측군의 잔차 보정 초안. 현재 영업·체류·학습 허용 미검증."
3130058,이촌종합시장,전통시장,True,,3.0,1.0,107,True,False,insufficient,partial_or_unusable_sales,,,,6c591a7_residual_size_adjusted_draft_2025Q4,official_inside_counts_no_external_walk_component,not_ranked,,False,False,insufficient_sales_evidence,56.35943902799741,,66.15776081424937,62.08651399491095,,,,,not_available,not_available,only_C1_C2_available_C_stay_unverified_no_third_subtype,"공식 2025Q4 커피·음료 3개, 제과 1개. 매출 상태 insufficient; 순위 제외: insufficient_sales_evidence. 현재 영업·체류·학습 허용 미검증."
3130059,후암시장,전통시장,True,,2.0,2.0,115,True,True,complete,both_cafe_industries_sales_observed,42.916302342328095,,41.84910294570108,6c591a7_residual_size_adjusted_draft_2025Q4,official_inside_counts_no_external_walk_component,complete_sales_observed_only,,False,True,,29.99909690067993,73.05644837284049,28.62595419847328,77.86259541984732,29.99909690067993,73.05644837284049,20.99936783047595,21.916934511852148,C2_bakery|C1_coffee,C2_bakery,only_C1_C2_available_C_stay_unverified_no_third_subtype,"공식 2025Q4 커피·음료 2개, 제과 2개. 매출 상태 complete; 공급·소비 완전관측군의 잔차 보정 초안. 현재 영업·체류·학습 허용 미검증."
3130061,이태원시장,전통시장,True,,1.0,2.0,151,False,False,supply_only,no_cafe_sales_rows,,33.587786259541986,,6c591a7_residual_size_adjusted_draft_2025Q4,official_inside_counts_no_external_walk_component,supply_only_exploration_only,33.587786259541986,True,False,,,,14.122137404580156,79.00763358778626,14.122137404580156,79.00763358778626,9.88549618320611,23.702290076335878,C2_bakery|C1_coffee,C2_bakery,only_C1_C2_available_C_stay_unverified_no_third_subtype,"공식 2025Q4 커피·음료 1개, 제과 2개. 매출 상태 supply_only; 공급 전용 탐색군. 현재 영업·체류·학습 허용 미검증."
3130062,보광시장,전통시장,True,,1.0,1.0,17,False,False,supply_only,no_cafe_sales_rows,,83.10432569974554,,6c591a7_residual_size_adjusted_draft_2025Q4,official_inside_counts_no_external_walk_component,supply_only_exploration_only,83.10432569974554,True,False,,,,77.98982188295165,95.0381679389313,77.98982188295165,95.0381679389313,54.59287531806615,28.51145038167939,C2_bakery|C1_coffee,C2_bakery,only_C1_C2_available_C_stay_unverified_no_third_subtype,"공식 2025Q4 커피·음료 1개, 제과 1개. 매출 상태 supply_only; 공급 전용 탐색군. 현재 영업·체류·학습 허용 미검증."
3130063,신금호역 골목형상점가,전통시장,True,,2.0,0.0,110,True,False,insufficient,partial_or_unusable_sales,,,,6c591a7_residual_size_adjusted_draft_2025Q4,official_inside_counts_no_external_walk_component,not_ranked,,False,False,insufficient_sales_evidence,39.69586845807594,,44.529262086514,20.10178117048346,,,,,not_available,not_available,only_C1_C2_available_C_stay_unverified_no_third_subtype,"공식 2025Q4 커피·음료 2개, 제과 0개. 매출 상태 insufficient; 순위 제외: insufficient_sales_evidence. 현재 영업·체류·학습 허용 미검증."
3130064,금남시장,전통시장,True,,1.0,0.0,111,False,False,supply_only,no_cafe_sales_rows,,20.5089058524173,,6c591a7_residual_size_adjusted_draft_2025Q4,official_inside_counts_no_external_walk_component,supply_only_exploration_only,20.5089058524173,True,False,,,,20.737913486005088,19.97455470737913,20.737913486005088,,14.51653944020356,5.992366412213739,C1_coffee,C1_coffee,only_C1_C2_available_C_stay_unverified_no_third_subtype,"공식 2025Q4 커피·음료 1개, 제과 0개. 매출 상태 supply_only; 공급 전용 탐색군. 현재 영업·체류·학습 허용 미검증."
3130065,무학봉상점가,전통시장,True,,10.0,5.0,198,True,True,complete,both_cafe_industries_sales_observed,65.01954196277829,,63.79661044248931,6c591a7_residual_size_adjusted_draft_2025Q4,official_inside_counts_no_external_walk_component,complete_sales_observed_only,,False,True,,56.75157260251116,84.31147047006829,72.90076335877863,90.83969465648856,56.75157260251116,84.31147047006829,39.72610082175781,25.293441141020484,C2_bakery|C1_coffee,C2_bakery,only_C1_C2_available_C_stay_unverified_no_third_subtype,"공식 2025Q4 커피·음료 10개, 제과 5개. 매출 상태 complete; 공급·소비 완전관측군의 잔차 보정 초안. 현재 영업·체류·학습 허용 미검증."
3130066,행당시장상점가,전통시장,True,,6.0,4.0,308,True,False,insufficient,partial_or_unusable_sales,,,,6c591a7_residual_size_adjusted_draft_2025Q4,official_inside_counts_no_external_walk_component,not_ranked,,False,False,insufficient_sales_evidence,33.55814078717344,,25.06361323155216,71.7557251908397,,,,,not_available,not_available,only_C1_C2_available_C_stay_unverified_no_third_subtype,"공식 2025Q4 커피·음료 6개, 제과 4개. 매출 상태 insufficient; 순위 제외: insufficient_sales_evidence. 현재 영업·체류·학습 허용 미검증."
3130067,왕십리도선동상점가,전통시장,True,,15.0,0.0,483,True,False,insufficient,partial_or_unusable_sales,,,,6c591a7_residual_size_adjusted_draft_2025Q4,official_inside_counts_no_external_walk_component,not_ranked,,False,False,insufficient_sales_evidence,56.78178386290637,,62.72264631043257,1.2722646310432568,,,,,not_available,not_available,only_C1_C2_available_C_stay_unverified_no_third_subtype,"공식 2025Q4 커피·음료 15개, 제과 0개. 매출 상태 insufficient; 순위 제외: insufficient_sales_evidence. 현재 영업·체류·학습 허용 미검증."
3130068,마장축산물시장,전통시장,True,,3.0,0.0,1233,True,False,insufficient,partial_or_unusable_sales,,,,6c591a7_residual_size_adjusted_draft_2025Q4,official_inside_counts_no_external_walk_component,not_ranked,,False,False,insufficient_sales_evidence,9.18650015358187,,0.1272264631043257,0.2544529262086514,,,,,not_available,not_available,only_C1_C2_available_C_stay_unverified_no_third_subtype,"공식 2025Q4 커피·음료 3개, 제과 0개. 매출 상태 insufficient; 순위 제외: insufficient_sales_evidence. 현재 영업·체류·학습 허용 미검증."
3130069,"한양대앞상점가(한양시장, 왕십리맛골목)",전통시장,True,,10.0,2.0,190,True,False,insufficient,partial_or_unusable_sales,,,,6c591a7_residual_size_adjusted_draft_2025Q4,official_inside_counts_no_external_walk_component,not_ranked,,False,False,insufficient_sales_evidence,81.84139751917877,,94.529262086514,69.72010178117048,,,,,not_available,not_available,only_C1_C2_available_C_stay_unverified_no_third_subtype,"공식 2025Q4 커피·음료 10개, 제과 2개. 매출 상태 insufficient; 순위 제외: insufficient_sales_evidence. 현재 영업·체류·학습 허용 미검증."
3130070,뚝섬역상점가,전통시장,True,,19.0,5.0,350,True,True,complete,both_cafe_industries_sales_observed,78.60909547563176,,75.98224037691939,6c591a7_residual_size_adjusted_draft_2025Q4,official_inside_counts_no_external_walk_component,complete_sales_observed_only,,False,True,,82.2448278935014,70.12571983393599,90.96692111959288,84.86005089058524,82.2448278935014,70.12571983393599,57.57137952545097,21.037715950180797,C1_coffee|C2_bakery,C1_coffee,only_C1_C2_available_C_stay_unverified_no_third_subtype,"공식 2025Q4 커피·음료 19개, 제과 5개. 매출 상태 complete; 공급·소비 완전관측군의 잔차 보정 초안. 현재 영업·체류·학습 허용 미검증."
3130071,성수역 골목형상점가,전통시장,True,,1.0,0.0,62,False,False,supply_only,no_cafe_sales_rows,,36.0559796437659,,6c591a7_residual_size_adjusted_draft_2025Q4,official_inside_counts_no_external_walk_component,supply_only_exploration_only,36.0559796437659,True,False,,,,38.04071246819338,31.424936386768447,38.04071246819338,,26.628498727735362,9.427480916030534,C1_coffee,C1_coffee,only_C1_C2_available_C_stay_unverified_no_third_subtype,"공식 2025Q4 커피·음료 1개, 제과 0개. 매출 상태 supply_only; 공급 전용 탐색군. 현재 영업·체류·학습 허용 미검증."
3130072,성동용답상가시장,전통시장,True,,11.0,2.0,302,True,True,complete,both_cafe_industries_sales_observed,47.15266955927491,,46.021257163937214,6c591a7_residual_size_adjusted_draft_2025Q4,official_inside_counts_no_external_walk_component,complete_sales_observed_only,,False,True,,49.71309162201416,41.17835141288335,47.70992366412214,34.86005089058524,49.71309162201416,41.17835141288335,34.79916413540991,12.353505423865005,C1_coffee|C2_bakery,C1_coffee,only_C1_C2_available_C_stay_unverified_no_third_subtype,"공식 2025Q4 커피·음료 11개, 제과 2개. 매출 상태 complete; 공급·소비 완전관측군의 잔차 보정 초안. 현재 영업·체류·학습 허용 미검증."
3130073,뚝도시장,전통시장,True,,6.0,1.0,199,False,False,supply_only,no_cafe_sales_rows,,69.30025445292621,,6c591a7_residual_size_adjusted_draft_2025Q4,official_inside_counts_no_external_walk_component,supply_only_exploration_only,69.30025445292621,True,False,,,,79.26208651399492,46.0559796437659,79.26208651399492,46.0559796437659,55.48346055979644,13.81679389312977,C1_coffee|C2_bakery,C1_coffee,only_C1_C2_available_C_stay_unverified_no_third_subtype,"공식 2025Q4 커피·음료 6개, 제과 1개. 매출 상태 supply_only; 공급 전용 탐색군. 현재 영업·체류·학습 허용 미검증."
3130074,영동교골목시장,전통시장,True,,0.0,0.0,44,False,False,supply_only,no_cafe_sales_rows,,,,6c591a7_residual_size_adjusted_draft_2025Q4,official_inside_counts_no_external_walk_component,supply_only_exploration_only,19.50381679389313,False,False,no_cafe_supply_in_source_snapshot,,,11.068702290076336,39.18575063613232,,,7.748091603053435,11.755725190839696,not_available,not_available,only_C1_C2_available_C_stay_unverified_no_third_subtype,"공식 2025Q4 커피·음료 0개, 제과 0개. 매출 상태 supply_only; 순위 제외: no_cafe_supply_in_source_snapshot. 현재 영업·체류·학습 허용 미검증."
3130075,노룬산시장(노룬산골목시장),전통시장,True,,0.0,0.0,38,False,False,supply_only,no_cafe_sales_rows,,,,6c591a7_residual_size_adjusted_draft_2025Q4,official_inside_counts_no_external_walk_component,supply_only_exploration_only,22.37277353689567,False,False,no_cafe_supply_in_source_snapshot,,,13.231552162849871,43.70229007633588,,,9.262086513994909,13.110687022900763,not_available,not_available,only_C1_C2_available_C_stay_unverified_no_third_subtype,"공식 2025Q4 커피·음료 0개, 제과 0개. 매출 상태 supply_only; 순위 제외: no_cafe_supply_in_source_snapshot. 현재 영업·체류·학습 허용 미검증."
3130076,능동로골목시장,전통시장,True,,4.0,2.0,131,True,False,insufficient,partial_or_unusable_sales,,,,6c591a7_residual_size_adjusted_draft_2025Q4,official_inside_counts_no_external_walk_component,not_ranked,,False,False,insufficient_sales_evidence,47.09792873042779,,62.97709923664122,76.46310432569975,,,,,not_available,not_available,only_C1_C2_available_C_stay_unverified_no_third_subtype,"공식 2025Q4 커피·음료 4개, 제과 2개. 매출 상태 insufficient; 순위 제외: insufficient_sales_evidence. 현재 영업·체류·학습 허용 미검증."
3130077,조양시장,전통시장,True,,0.0,0.0,22,False,False,supply_only,no_cafe_sales_rows,,,,6c591a7_residual_size_adjusted_draft_2025Q4,official_inside_counts_no_external_walk_component,supply_only_exploration_only,35.09541984732824,False,False,no_cafe_supply_in_source_snapshot,,,25.572519083969464,57.31552162849872,,,17.900763358778622,17.194656488549615,not_available,not_available,only_C1_C2_available_C_stay_unverified_no_third_subtype,"공식 2025Q4 커피·음료 0개, 제과 0개. 매출 상태 supply_only; 순위 제외: no_cafe_supply_in_source_snapshot. 현재 영업·체류·학습 허용 미검증."
3130078,화양제일골목시장,전통시장,True,,2.0,1.0,94,True,False,insufficient,partial_or_unusable_sales,,,,6c591a7_residual_size_adjusted_draft_2025Q4,official_inside_counts_no_external_walk_component,not_ranked,,False,False,insufficient_sales_evidence,38.46512648699483,,50.25445292620865,64.75826972010178,,,,,not_available,not_available,only_C1_C2_available_C_stay_unverified_no_third_subtype,"공식 2025Q4 커피·음료 2개, 제과 1개. 매출 상태 insufficient; 순위 제외: insufficient_sales_evidence. 현재 영업·체류·학습 허용 미검증."
3130079,한아름시장,전통시장,True,,1.0,0.0,39,False,False,supply_only,no_cafe_sales_rows,,49.26844783715012,,6c591a7_residual_size_adjusted_draft_2025Q4,official_inside_counts_no_external_walk_component,supply_only_exploration_only,49.26844783715012,True,False,,,,52.035623409669206,42.8117048346056,52.035623409669206,,36.424936386768444,12.84351145038168,C1_coffee,C1_coffee,only_C1_C2_available_C_stay_unverified_no_third_subtype,"공식 2025Q4 커피·음료 1개, 제과 0개. 매출 상태 supply_only; 공급 전용 탐색군. 현재 영업·체류·학습 허용 미검증."
3130080,자양종합시장(기능상실),전통시장,True,,0.0,0.0,7,False,False,supply_only,no_cafe_sales_rows,,,,6c591a7_residual_size_adjusted_draft_2025Q4,official_inside_counts_no_external_walk_component,supply_only_exploration_only,66.1704834605598,False,False,no_cafe_supply_in_source_snapshot,,,59.223918575063614,82.3791348600509,,,41.45674300254453,24.71374045801527,not_available,not_available,only_C1_C2_available_C_stay_unverified_no_third_subtype,"공식 2025Q4 커피·음료 0개, 제과 0개. 매출 상태 supply_only; 순위 제외: no_cafe_supply_in_source_snapshot. 현재 영업·체류·학습 허용 미검증."
3130081,자양골목전통시장(자양골목시장),전통시장,True,,3.0,2.0,158,False,False,supply_only,no_cafe_sales_rows,,39.74554707379135,,6c591a7_residual_size_adjusted_draft_2025Q4,official_inside_counts_no_external_walk_component,supply_only_exploration_only,39.74554707379135,True,False,,,,28.75318066157761,65.39440203562341,28.75318066157761,65.39440203562341,20.127226463104325,19.618320610687025,C2_bakery|C1_coffee,C2_bakery,only_C1_C2_available_C_stay_unverified_no_third_subtype,"공식 2025Q4 커피·음료 3개, 제과 2개. 매출 상태 supply_only; 공급 전용 탐색군. 현재 영업·체류·학습 허용 미검증."
3130082,면곡골목시장,전통시장,True,,0.0,0.0,35,False,False,supply_only,no_cafe_sales_rows,,,,6c591a7_residual_size_adjusted_draft_2025Q4,official_inside_counts_no_external_walk_component,supply_only_exploration_only,24.134860050890584,False,False,no_cafe_supply_in_source_snapshot,,,15.012722646310433,45.41984732824427,,,10.508905852417302,13.625954198473282,not_available,not_available,only_C1_C2_available_C_stay_unverified_no_third_subtype,"공식 2025Q4 커피·음료 0개, 제과 0개. 매출 상태 supply_only; 순위 제외: no_cafe_supply_in_source_snapshot. 현재 영업·체류·학습 허용 미검증."
3130083,"중곡제일시장(중곡제일골목시장, 광성시장)",전통시장,True,,5.0,3.0,225,True,True,complete,both_cafe_industries_sales_observed,42.6588445044934,,46.52817001477314,6c591a7_residual_size_adjusted_draft_2025Q4,official_inside_counts_no_external_walk_component,complete_sales_observed_only,,False,True,,34.91418755190499,60.72971072719968,43.63867684478372,75.57251908396947,34.91418755190499,60.72971072719968,24.43993128633349,18.218913218159905,C2_bakery|C1_coffee,C2_bakery,only_C1_C2_available_C_stay_unverified_no_third_subtype,"공식 2025Q4 커피·음료 5개, 제과 3개. 매출 상태 complete; 공급·소비 완전관측군의 잔차 보정 초안. 현재 영업·체류·학습 허용 미검증."
3130084,신성시장(신성골목시장),전통시장,True,,0.0,0.0,100,False,False,supply_only,no_cafe_sales_rows,,,,6c591a7_residual_size_adjusted_draft_2025Q4,official_inside_counts_no_external_walk_component,supply_only_exploration_only,9.478371501272264,False,False,no_cafe_supply_in_source_snapshot,,,4.325699745547073,21.501272264631044,,,3.027989821882951,6.450381679389313,not_available,not_available,only_C1_C2_available_C_stay_unverified_no_third_subtype,"공식 2025Q4 커피·음료 0개, 제과 0개. 매출 상태 supply_only; 순위 제외: no_cafe_supply_in_source_snapshot. 현재 영업·체류·학습 허용 미검증."
3130085,용두시장,전통시장,True,,0.0,0.0,7,False,False,supply_only,no_cafe_sales_rows,,,,6c591a7_residual_size_adjusted_draft_2025Q4,official_inside_counts_no_external_walk_component,supply_only_exploration_only,66.1704834605598,False,False,no_cafe_supply_in_source_snapshot,,,59.223918575063614,82.3791348600509,,,41.45674300254453,24.71374045801527,not_available,not_available,only_C1_C2_available_C_stay_unverified_no_third_subtype,"공식 2025Q4 커피·음료 0개, 제과 0개. 매출 상태 supply_only; 순위 제외: no_cafe_supply_in_source_snapshot. 현재 영업·체류·학습 허용 미검증."
3130086,서울약령시장,전통시장,True,,11.0,2.0,580,True,False,insufficient,partial_or_unusable_sales,,,,6c591a7_residual_size_adjusted_draft_2025Q4,official_inside_counts_no_external_walk_component,not_ranked,,False,False,insufficient_sales_evidence,21.075420643678683,,18.829516539440203,17.302798982188293,,,,,not_available,not_available,only_C1_C2_available_C_stay_unverified_no_third_subtype,"공식 2025Q4 커피·음료 11개, 제과 2개. 매출 상태 insufficient; 순위 제외: insufficient_sales_evidence. 현재 영업·체류·학습 허용 미검증."
3130087,경동광성상가(경동시장),전통시장,True,,1.0,0.0,157,False,False,supply_only,no_cafe_sales_rows,,13.12977099236641,,6c591a7_residual_size_adjusted_draft_2025Q4,official_inside_counts_no_external_walk_component,supply_only_exploration_only,13.12977099236641,True,False,,,,12.595419847328245,14.376590330788805,12.595419847328245,,8.81679389312977,4.312977099236641,C1_coffee,C1_coffee,only_C1_C2_available_C_stay_unverified_no_third_subtype,"공식 2025Q4 커피·음료 1개, 제과 0개. 매출 상태 supply_only; 공급 전용 탐색군. 현재 영업·체류·학습 허용 미검증."
3130088,경동시장,전통시장,True,,3.0,6.0,391,False,False,supply_only,no_cafe_sales_rows,,44.93638676844783,,6c591a7_residual_size_adjusted_draft_2025Q4,official_inside_counts_no_external_walk_component,supply_only_exploration_only,44.93638676844783,True,False,,,,23.02798982188295,96.0559796437659,23.02798982188295,96.0559796437659,16.119592875318066,28.816793893129766,C2_bakery|C1_coffee,C2_bakery,only_C1_C2_available_C_stay_unverified_no_third_subtype,"공식 2025Q4 커피·음료 3개, 제과 6개. 매출 상태 supply_only; 공급 전용 탐색군. 현재 영업·체류·학습 허용 미검증."
3130089,청량리수산시장,전통시장,True,,0.0,0.0,114,False,False,supply_only,no_cafe_sales_rows,,,,6c591a7_residual_size_adjusted_draft_2025Q4,official_inside_counts_no_external_walk_component,supply_only_exploration_only,6.081424936386769,False,False,no_cafe_supply_in_source_snapshot,,,2.035623409669211,15.521628498727736,,,1.4249363867684477,4.656488549618321,not_available,not_available,only_C1_C2_available_C_stay_unverified_no_third_subtype,"공식 2025Q4 커피·음료 0개, 제과 0개. 매출 상태 supply_only; 순위 제외: no_cafe_supply_in_source_snapshot. 현재 영업·체류·학습 허용 미검증."
3130090,청량리종합시장,전통시장,True,,2.0,1.0,182,False,False,supply_only,no_cafe_sales_rows,,31.10687022900763,,6c591a7_residual_size_adjusted_draft_2025Q4,official_inside_counts_no_external_walk_component,supply_only_exploration_only,31.10687022900763,True,False,,,,24.42748091603053,46.69211195928753,24.42748091603053,46.69211195928753,17.09923664122137,14.007633587786259,C2_bakery|C1_coffee,C2_bakery,only_C1_C2_available_C_stay_unverified_no_third_subtype,"공식 2025Q4 커피·음료 2개, 제과 1개. 매출 상태 supply_only; 공급 전용 탐색군. 현재 영업·체류·학습 허용 미검증."
3130091,청량종합도매시장,전통시장,True,,2.0,1.0,139,False,False,supply_only,no_cafe_sales_rows,,24.32569974554708,,6c591a7_residual_size_adjusted_draft_2025Q4,official_inside_counts_no_external_walk_component,supply_only_exploration_only,24.32569974554708,True,False,,,,16.157760814249365,43.38422391857507,16.157760814249365,43.38422391857507,11.310432569974555,13.01526717557252,C2_bakery|C1_coffee,C2_bakery,only_C1_C2_available_C_stay_unverified_no_third_subtype,"공식 2025Q4 커피·음료 2개, 제과 1개. 매출 상태 supply_only; 공급 전용 탐색군. 현재 영업·체류·학습 허용 미검증."
3130092,청량리농수산물시장,전통시장,True,,0.0,0.0,253,False,False,supply_only,no_cafe_sales_rows,,,,6c591a7_residual_size_adjusted_draft_2025Q4,official_inside_counts_no_external_walk_component,supply_only_exploration_only,2.302798982188295,False,False,no_cafe_supply_in_source_snapshot,,,0.5089058524173028,6.488549618320611,,,0.3562340966921119,1.946564885496183,not_available,not_available,only_C1_C2_available_C_stay_unverified_no_third_subtype,"공식 2025Q4 커피·음료 0개, 제과 0개. 매출 상태 supply_only; 순위 제외: no_cafe_supply_in_source_snapshot. 현재 영업·체류·학습 허용 미검증."
3130093,동서시장,전통시장,True,,0.0,0.0,67,False,False,supply_only,no_cafe_sales_rows,,,,6c591a7_residual_size_adjusted_draft_2025Q4,official_inside_counts_no_external_walk_component,supply_only_exploration_only,13.734096692111958,False,False,no_cafe_supply_in_source_snapshot,,,6.997455470737914,29.4529262086514,,,4.89821882951654,8.83587786259542,not_available,not_available,only_C1_C2_available_C_stay_unverified_no_third_subtype,"공식 2025Q4 커피·음료 0개, 제과 0개. 매출 상태 supply_only; 순위 제외: no_cafe_supply_in_source_snapshot. 현재 영업·체류·학습 허용 미검증."
3130094,청량리청과물시장,전통시장,True,,9.0,1.0,272,True,False,insufficient,partial_or_unusable_sales,,,,6c591a7_residual_size_adjusted_draft_2025Q4,official_inside_counts_no_external_walk_component,not_ranked,,False,False,insufficient_sales_evidence,71.28291145720753,,82.82442748091603,33.71501272264631,,,,,not_available,not_available,only_C1_C2_available_C_stay_unverified_no_third_subtype,"공식 2025Q4 커피·음료 9개, 제과 1개. 매출 상태 insufficient; 순위 제외: insufficient_sales_evidence. 현재 영업·체류·학습 허용 미검증."
3130095,청량리전통시장,전통시장,True,,3.0,1.0,183,True,False,insufficient,partial_or_unusable_sales,,,,6c591a7_residual_size_adjusted_draft_2025Q4,official_inside_counts_no_external_walk_component,not_ranked,,False,False,insufficient_sales_evidence,29.510468026529843,,35.24173027989822,42.11195928753181,,,,,not_available,not_available,only_C1_C2_available_C_stay_unverified_no_third_subtype,"공식 2025Q4 커피·음료 3개, 제과 1개. 매출 상태 insufficient; 순위 제외: insufficient_sales_evidence. 현재 영업·체류·학습 허용 미검증."
3130096,동부시장,전통시장,True,,0.0,0.0,25,False,False,supply_only,no_cafe_sales_rows,,,,6c591a7_residual_size_adjusted_draft_2025Q4,official_inside_counts_no_external_walk_component,supply_only_exploration_only,31.29770992366412,False,False,no_cafe_supply_in_source_snapshot,,,21.946564885496183,53.11704834605598,,,15.362595419847327,15.935114503816793,not_available,not_available,only_C1_C2_available_C_stay_unverified_no_third_subtype,"공식 2025Q4 커피·음료 0개, 제과 0개. 매출 상태 supply_only; 순위 제외: no_cafe_supply_in_source_snapshot. 현재 영업·체류·학습 허용 미검증."
3130097,답십리 건축자재시장,전통시장,True,,2.0,3.0,61,False,False,supply_only,no_cafe_sales_rows,,52.40458015267176,,6c591a7_residual_size_adjusted_draft_2025Q4,official_inside_counts_no_external_walk_component,supply_only_exploration_only,52.40458015267176,True,False,,,,34.73282442748092,93.63867684478372,34.73282442748092,93.63867684478372,24.312977099236644,28.091603053435115,C2_bakery|C1_coffee,C2_bakery,only_C1_C2_available_C_stay_unverified_no_third_subtype,"공식 2025Q4 커피·음료 2개, 제과 3개. 매출 상태 supply_only; 공급 전용 탐색군. 현재 영업·체류·학습 허용 미검증."
3130098,회기시장,전통시장,True,,10.0,4.0,141,True,False,insufficient,partial_or_unusable_sales,,,,6c591a7_residual_size_adjusted_draft_2025Q4,official_inside_counts_no_external_walk_component,not_ranked,,False,False,insufficient_sales_evidence,81.20356859800607,,94.27480916030534,94.78371501272264,,,,,not_available,not_available,only_C1_C2_available_C_stay_unverified_no_third_subtype,"공식 2025Q4 커피·음료 10개, 제과 4개. 매출 상태 insufficient; 순위 제외: insufficient_sales_evidence. 현재 영업·체류·학습 허용 미검증."
3130099,전농로터리시장,전통시장,True,,4.0,1.0,103,True,False,insufficient,partial_or_unusable_sales,,,,6c591a7_residual_size_adjusted_draft_2025Q4,official_inside_counts_no_external_walk_component,not_ranked,,False,False,insufficient_sales_evidence,70.47449460188166,,78.2442748091603,61.57760814249363,,,,,not_available,not_available,only_C1_C2_available_C_stay_unverified_no_third_subtype,"공식 2025Q4 커피·음료 4개, 제과 1개. 매출 상태 insufficient; 순위 제외: insufficient_sales_evidence. 현재 영업·체류·학습 허용 미검증."
3130100,답십리시장,전통시장,True,,2.0,2.0,111,True,True,complete,both_cafe_industries_sales_observed,46.7634897453415,,45.79600710795721,6c591a7_residual_size_adjusted_draft_2025Q4,official_inside_counts_no_external_walk_component,complete_sales_observed_only,,False,True,,35.447584214059,73.16726931833401,41.98473282442748,84.22391857506362,35.447584214059,73.16726931833401,24.813308949841296,21.950180795500202,C2_bakery|C1_coffee,C2_bakery,only_C1_C2_available_C_stay_unverified_no_third_subtype,"공식 2025Q4 커피·음료 2개, 제과 2개. 매출 상태 complete; 공급·소비 완전관측군의 잔차 보정 초안. 현재 영업·체류·학습 허용 미검증."
3130101,답십리현대시장,전통시장,True,,1.0,0.0,93,False,False,supply_only,no_cafe_sales_rows,,24.910941475826974,,6c591a7_residual_size_adjusted_draft_2025Q4,official_inside_counts_no_external_walk_component,supply_only_exploration_only,24.910941475826974,True,False,,,,25.82697201017812,22.7735368956743,25.82697201017812,,18.078880407124682,6.8320610687022905,C1_coffee,C1_coffee,only_C1_C2_available_C_stay_unverified_no_third_subtype,"공식 2025Q4 커피·음료 1개, 제과 0개. 매출 상태 supply_only; 공급 전용 탐색군. 현재 영업·체류·학습 허용 미검증."
3130102,이문제일시장,전통시장,True,,0.0,0.0,25,False,False,supply_only,no_cafe_sales_rows,,,,6c591a7_residual_size_adjusted_draft_2025Q4,official_inside_counts_no_external_walk_component,supply_only_exploration_only,31.29770992366412,False,False,no_cafe_supply_in_source_snapshot,,,21.946564885496183,53.11704834605598,,,15.362595419847327,15.935114503816793,not_available,not_available,only_C1_C2_available_C_stay_unverified_no_third_subtype,"공식 2025Q4 커피·음료 0개, 제과 0개. 매출 상태 supply_only; 순위 제외: no_cafe_supply_in_source_snapshot. 현재 영업·체류·학습 허용 미검증."
3130103,이경시장,전통시장,True,,1.0,0.0,22,False,False,supply_only,no_cafe_sales_rows,,66.71119592875317,,6c591a7_residual_size_adjusted_draft_2025Q4,official_inside_counts_no_external_walk_component,supply_only_exploration_only,66.71119592875317,True,False,,,,70.73791348600508,57.31552162849872,70.73791348600508,,49.51653944020356,17.194656488549615,C1_coffee,C1_coffee,only_C1_C2_available_C_stay_unverified_no_third_subtype,"공식 2025Q4 커피·음료 1개, 제과 0개. 매출 상태 supply_only; 공급 전용 탐색군. 현재 영업·체류·학습 허용 미검증."
3130104,전곡시장,전통시장,True,,1.0,1.0,71,False,False,supply_only,no_cafe_sales_rows,,37.74809160305344,,6c591a7_residual_size_adjusted_draft_2025Q4,official_inside_counts_no_external_walk_component,supply_only_exploration_only,37.74809160305344,True,False,,,,25.19083969465649,67.04834605597965,25.19083969465649,67.04834605597965,17.63358778625954,20.114503816793896,C2_bakery|C1_coffee,C2_bakery,only_C1_C2_available_C_stay_unverified_no_third_subtype,"공식 2025Q4 커피·음료 1개, 제과 1개. 매출 상태 supply_only; 공급 전용 탐색군. 현재 영업·체류·학습 허용 미검증."
3130105,장미제일시장(중화동제일시장),전통시장,True,,6.0,1.0,74,True,False,insufficient,partial_or_unusable_sales,,,,6c591a7_residual_size_adjusted_draft_2025Q4,official_inside_counts_no_external_walk_component,not_ranked,,False,False,insufficient_sales_evidence,73.70515921320575,,93.00254452926208,65.77608142493638,,,,,not_available,not_available,only_C1_C2_available_C_stay_unverified_no_third_subtype,"공식 2025Q4 커피·음료 6개, 제과 1개. 매출 상태 insufficient; 순위 제외: insufficient_sales_evidence. 현재 영업·체류·학습 허용 미검증."
3130106,중랑동부시장,전통시장,True,,5.0,1.0,253,True,False,insufficient,partial_or_unusable_sales,,,,6c591a7_residual_size_adjusted_draft_2025Q4,official_inside_counts_no_external_walk_component,not_ranked,,False,False,insufficient_sales_evidence,41.08457317512504,,36.1323155216285,26.208651399491096,,,,,not_available,not_available,only_C1_C2_available_C_stay_unverified_no_third_subtype,"공식 2025Q4 커피·음료 5개, 제과 1개. 매출 상태 insufficient; 순위 제외: insufficient_sales_evidence. 현재 영업·체류·학습 허용 미검증."
3130107,중랑동부시장(중랑교종합상가),전통시장,True,,0.0,0.0,42,False,False,supply_only,no_cafe_sales_rows,,,,6c591a7_residual_size_adjusted_draft_2025Q4,official_inside_counts_no_external_walk_component,supply_only_exploration_only,20.12086513994911,False,False,no_cafe_supply_in_source_snapshot,,,11.513994910941475,40.20356234096692,,,8.059796437659033,12.061068702290076,not_available,not_available,only_C1_C2_available_C_stay_unverified_no_third_subtype,"공식 2025Q4 커피·음료 0개, 제과 0개. 매출 상태 supply_only; 순위 제외: no_cafe_supply_in_source_snapshot. 현재 영업·체류·학습 허용 미검증."
3130108,태능엔터피아(태릉시장),전통시장,True,,1.0,0.0,38,False,False,supply_only,no_cafe_sales_rows,,50.1590330788804,,6c591a7_residual_size_adjusted_draft_2025Q4,official_inside_counts_no_external_walk_component,supply_only_exploration_only,50.1590330788804,True,False,,,,52.926208651399484,43.70229007633588,52.926208651399484,,37.048346055979636,13.110687022900763,C1_coffee,C1_coffee,only_C1_C2_available_C_stay_unverified_no_third_subtype,"공식 2025Q4 커피·음료 1개, 제과 0개. 매출 상태 supply_only; 공급 전용 탐색군. 현재 영업·체류·학습 허용 미검증."
3130109,묵1동도깨비시장,전통시장,True,,2.0,1.0,93,True,False,insufficient,partial_or_unusable_sales,,,,6c591a7_residual_size_adjusted_draft_2025Q4,official_inside_counts_no_external_walk_component,not_ranked,,False,False,insufficient_sales_evidence,38.35039286621692,,39.44020356234097,60.43256997455471,,,,,not_available,not_available,only_C1_C2_available_C_stay_unverified_no_third_subtype,"공식 2025Q4 커피·음료 2개, 제과 1개. 매출 상태 insufficient; 순위 제외: insufficient_sales_evidence. 현재 영업·체류·학습 허용 미검증."
3130110,면목골목시장(면목시장),전통시장,True,,2.0,4.0,250,True,True,complete,both_cafe_industries_sales_observed,30.3747934004503,,30.554035177425703,6c591a7_residual_size_adjusted_draft_2025Q4,official_inside_counts_no_external_walk_component,complete_sales_observed_only,,False,True,,14.802802774333244,66.70943819472345,5.343511450381679,82.1882951653944,14.802802774333244,66.70943819472345,10.36196194203327,20.012831458417033,C2_bakery|C1_coffee,C2_bakery,only_C1_C2_available_C_stay_unverified_no_third_subtype,"공식 2025Q4 커피·음료 2개, 제과 4개. 매출 상태 complete; 공급·소비 완전관측군의 잔차 보정 초안. 현재 영업·체류·학습 허용 미검증."
3130111,"동원전통종합시장(동원시장, 동원전통시장 상점가)",전통시장,True,,3.0,3.0,428,True,True,complete,both_cafe_industries_sales_observed,24.09955450479876,,24.01390100098682,6c591a7_residual_size_adjusted_draft_2025Q4,official_inside_counts_no_external_walk_component,complete_sales_observed_only,,False,True,,12.356032923402465,51.5011048613901,3.816793893129771,48.854961832061065,12.356032923402465,51.5011048613901,8.649223046381724,15.450331458417029,C2_bakery|C1_coffee,C2_bakery,only_C1_C2_available_C_stay_unverified_no_third_subtype,"공식 2025Q4 커피·음료 3개, 제과 3개. 매출 상태 complete; 공급·소비 완전관측군의 잔차 보정 초안. 현재 영업·체류·학습 허용 미검증."
3130112,사가정시장,전통시장,True,,6.0,4.0,292,True,True,complete,both_cafe_industries_sales_observed,40.42676422807796,,44.49937958747829,6c591a7_residual_size_adjusted_draft_2025Q4,official_inside_counts_no_external_walk_component,complete_sales_observed_only,,False,True,,30.476972199785365,63.64294562742735,36.6412213740458,78.37150127226464,30.476972199785365,63.64294562742735,21.333880539849755,19.092883688228206,C2_bakery|C1_coffee,C2_bakery,only_C1_C2_available_C_stay_unverified_no_third_subtype,"공식 2025Q4 커피·음료 6개, 제과 4개. 매출 상태 complete; 공급·소비 완전관측군의 잔차 보정 초안. 현재 영업·체류·학습 허용 미검증."
3130113,신아타운,전통시장,True,,1.0,1.0,183,True,False,insufficient,partial_or_unusable_sales,,,,6c591a7_residual_size_adjusted_draft_2025Q4,official_inside_counts_no_external_walk_component,not_ranked,,False,False,insufficient_sales_evidence,14.46829785781732,,10.941475826972011,49.36386768447837,,,,,not_available,not_available,only_C1_C2_available_C_stay_unverified_no_third_subtype,"공식 2025Q4 커피·음료 1개, 제과 1개. 매출 상태 insufficient; 순위 제외: insufficient_sales_evidence. 현재 영업·체류·학습 허용 미검증."
3130114,유영시장,전통시장,True,,2.0,0.0,6,False,False,supply_only,no_cafe_sales_rows,,94.68193384223918,,6c591a7_residual_size_adjusted_draft_2025Q4,official_inside_counts_no_external_walk_component,supply_only_exploration_only,94.68193384223918,True,False,,,,99.10941475826972,84.35114503816794,99.10941475826972,,69.3765903307888,25.30534351145038,C1_coffee,C1_coffee,only_C1_C2_available_C_stay_unverified_no_third_subtype,"공식 2025Q4 커피·음료 2개, 제과 0개. 매출 상태 supply_only; 공급 전용 탐색군. 현재 영업·체류·학습 허용 미검증."
3130115,우림골목시장,전통시장,True,,5.0,5.0,323,True,True,complete,both_cafe_industries_sales_observed,33.382320507800145,,37.22640242131864,6c591a7_residual_size_adjusted_draft_2025Q4,official_inside_counts_no_external_walk_component,complete_sales_observed_only,,False,True,,19.065908996105467,66.78728070175438,16.793893129770993,83.33333333333334,19.065908996105467,66.78728070175438,13.346136297273826,20.036184210526315,C2_bakery|C1_coffee,C2_bakery,only_C1_C2_available_C_stay_unverified_no_third_subtype,"공식 2025Q4 커피·음료 5개, 제과 5개. 매출 상태 complete; 공급·소비 완전관측군의 잔차 보정 초안. 현재 영업·체류·학습 허용 미검증."
3130116,동성타워프라자,전통시장,True,,2.0,2.0,51,False,False,supply_only,no_cafe_sales_rows,,78.35877862595419,,6c591a7_residual_size_adjusted_draft_2025Q4,official_inside_counts_no_external_walk_component,supply_only_exploration_only,78.35877862595419,True,False,,,,71.37404580152672,94.65648854961832,71.37404580152672,94.65648854961832,49.9618320610687,28.396946564885493,C2_bakery|C1_coffee,C2_bakery,only_C1_C2_available_C_stay_unverified_no_third_subtype,"공식 2025Q4 커피·음료 2개, 제과 2개. 매출 상태 supply_only; 공급 전용 탐색군. 현재 영업·체류·학습 허용 미검증."
3130120,돈암시장(돈암제일시장),전통시장,True,,3.0,2.0,177,False,False,supply_only,no_cafe_sales_rows,,56.32315521628499,,6c591a7_residual_size_adjusted_draft_2025Q4,official_inside_counts_no_external_walk_component,supply_only_exploration_only,56.32315521628499,True,False,,,,48.346055979643765,74.93638676844783,48.346055979643765,74.93638676844783,33.842239185750635,22.48091603053435,C2_bakery|C1_coffee,C2_bakery,only_C1_C2_available_C_stay_unverified_no_third_subtype,"공식 2025Q4 커피·음료 3개, 제과 2개. 매출 상태 supply_only; 공급 전용 탐색군. 현재 영업·체류·학습 허용 미검증."
3130121,길음시장,전통시장,True,,0.0,0.0,70,False,False,supply_only,no_cafe_sales_rows,,,,6c591a7_residual_size_adjusted_draft_2025Q4,official_inside_counts_no_external_walk_component,supply_only_exploration_only,13.021628498727736,False,False,no_cafe_supply_in_source_snapshot,,,6.361323155216285,28.56234096692112,,,4.452926208651399,8.568702290076336,not_available,not_available,only_C1_C2_available_C_stay_unverified_no_third_subtype,"공식 2025Q4 커피·음료 0개, 제과 0개. 매출 상태 supply_only; 순위 제외: no_cafe_supply_in_source_snapshot. 현재 영업·체류·학습 허용 미검증."
3130122,밤나무골시장,전통시장,True,,1.0,0.0,19,False,False,supply_only,no_cafe_sales_rows,,70.3944020356234,,6c591a7_residual_size_adjusted_draft_2025Q4,official_inside_counts_no_external_walk_component,supply_only_exploration_only,70.3944020356234,True,False,,,,74.55470737913485,60.68702290076335,74.55470737913485,,52.18829516539439,18.206106870229004,C1_coffee,C1_coffee,only_C1_C2_available_C_stay_unverified_no_third_subtype,"공식 2025Q4 커피·음료 1개, 제과 0개. 매출 상태 supply_only; 공급 전용 탐색군. 현재 영업·체류·학습 허용 미검증."
3130123,꿈의숲 장곡 골목형상점가,전통시장,True,,4.0,0.0,50,False,False,supply_only,no_cafe_sales_rows,,76.04325699745546,,6c591a7_residual_size_adjusted_draft_2025Q4,official_inside_counts_no_external_walk_component,supply_only_exploration_only,76.04325699745546,True,False,,,,92.87531806615776,36.76844783715013,92.87531806615776,,65.01272264631042,11.030534351145038,C1_coffee,C1_coffee,only_C1_C2_available_C_stay_unverified_no_third_subtype,"공식 2025Q4 커피·음료 4개, 제과 0개. 매출 상태 supply_only; 공급 전용 탐색군. 현재 영업·체류·학습 허용 미검증."
3130124,번동시장,전통시장,True,,0.0,0.0,3,False,False,supply_only,no_cafe_sales_rows,,,,6c591a7_residual_size_adjusted_draft_2025Q4,official_inside_counts_no_external_walk_component,supply_only_exploration_only,83.55597964376591,False,False,no_cafe_supply_in_source_snapshot,,,80.02544529262087,91.793893129771,,,56.01781170483461,27.538167938931302,not_available,not_available,only_C1_C2_available_C_stay_unverified_no_third_subtype,"공식 2025Q4 커피·음료 0개, 제과 0개. 매출 상태 supply_only; 순위 제외: no_cafe_supply_in_source_snapshot. 현재 영업·체류·학습 허용 미검증."
3130125,장위전통시장,전통시장,True,,0.0,2.0,92,False,False,supply_only,no_cafe_sales_rows,,23.00254452926209,,6c591a7_residual_size_adjusted_draft_2025Q4,official_inside_counts_no_external_walk_component,supply_only_exploration_only,23.00254452926209,True,False,,,,1.0178117048346056,74.30025445292621,,74.30025445292621,0.7124681933842238,22.290076335877863,C2_bakery,C2_bakery,only_C1_C2_available_C_stay_unverified_no_third_subtype,"공식 2025Q4 커피·음료 0개, 제과 2개. 매출 상태 supply_only; 공급 전용 탐색군. 현재 영업·체류·학습 허용 미검증."
3130126,새석관시장,전통시장,True,,0.0,0.0,22,False,False,supply_only,no_cafe_sales_rows,,,,6c591a7_residual_size_adjusted_draft_2025Q4,official_inside_counts_no_external_walk_component,supply_only_exploration_only,35.09541984732824,False,False,no_cafe_supply_in_source_snapshot,,,25.572519083969464,57.31552162849872,,,17.900763358778622,17.194656488549615,not_available,not_available,only_C1_C2_available_C_stay_unverified_no_third_subtype,"공식 2025Q4 커피·음료 0개, 제과 0개. 매출 상태 supply_only; 순위 제외: no_cafe_supply_in_source_snapshot. 현재 영업·체류·학습 허용 미검증."
3130127,석관시장,전통시장,True,,1.0,0.0,13,False,False,supply_only,no_cafe_sales_rows,,79.12213740458014,,6c591a7_residual_size_adjusted_draft_2025Q4,official_inside_counts_no_external_walk_component,supply_only_exploration_only,79.12213740458014,True,False,,,,83.96946564885496,67.8117048346056,83.96946564885496,,58.77862595419847,20.34351145038168,C1_coffee,C1_coffee,only_C1_C2_available_C_stay_unverified_no_third_subtype,"공식 2025Q4 커피·음료 1개, 제과 0개. 매출 상태 supply_only; 공급 전용 탐색군. 현재 영업·체류·학습 허용 미검증."
3130128,돌곶이시장(석관황금시장),전통시장,True,,0.0,2.0,97,False,False,supply_only,no_cafe_sales_rows,,23.60050890585241,,6c591a7_residual_size_adjusted_draft_2025Q4,official_inside_counts_no_external_walk_component,supply_only_exploration_only,23.60050890585241,True,False,,,,1.2722646310432568,75.69974554707379,,75.69974554707379,0.8905852417302798,22.709923664122137,C2_bakery,C2_bakery,only_C1_C2_available_C_stay_unverified_no_third_subtype,"공식 2025Q4 커피·음료 0개, 제과 2개. 매출 상태 supply_only; 공급 전용 탐색군. 현재 영업·체류·학습 허용 미검증."
3130132,삼양골목시장(삼양시장),전통시장,True,,4.0,2.0,120,True,False,insufficient,partial_or_unusable_sales,,,,6c591a7_residual_size_adjusted_draft_2025Q4,official_inside_counts_no_external_walk_component,not_ranked,,False,False,insufficient_sales_evidence,50.58602935878621,,48.60050890585242,70.10178117048346,,,,,not_available,not_available,only_C1_C2_available_C_stay_unverified_no_third_subtype,"공식 2025Q4 커피·음료 4개, 제과 2개. 매출 상태 insufficient; 순위 제외: insufficient_sales_evidence. 현재 영업·체류·학습 허용 미검증."
3130135,수유중앙골목시장(수유중앙시장),전통시장,True,,2.0,2.0,103,False,False,supply_only,no_cafe_sales_rows,,48.71501272264631,,6c591a7_residual_size_adjusted_draft_2025Q4,official_inside_counts_no_external_walk_component,supply_only_exploration_only,48.71501272264631,True,False,,,,34.478371501272264,81.93384223918575,34.478371501272264,81.93384223918575,24.134860050890584,24.580152671755723,C2_bakery|C1_coffee,C2_bakery,only_C1_C2_available_C_stay_unverified_no_third_subtype,"공식 2025Q4 커피·음료 2개, 제과 2개. 매출 상태 supply_only; 공급 전용 탐색군. 현재 영업·체류·학습 허용 미검증."
3130136,수유재래시장,전통시장,True,,0.0,1.0,29,False,False,supply_only,no_cafe_sales_rows,,39.4147582697201,,6c591a7_residual_size_adjusted_draft_2025Q4,official_inside_counts_no_external_walk_component,supply_only_exploration_only,39.4147582697201,True,False,,,,18.19338422391857,88.93129770992367,,88.93129770992367,12.735368956742999,26.6793893129771,C2_bakery,C2_bakery,only_C1_C2_available_C_stay_unverified_no_third_subtype,"공식 2025Q4 커피·음료 0개, 제과 1개. 매출 상태 supply_only; 공급 전용 탐색군. 현재 영업·체류·학습 허용 미검증."
3130137,"수유전통시장(수유시장, 수유골목시장)",전통시장,True,,2.0,2.0,270,True,False,insufficient,partial_or_unusable_sales,,,,6c591a7_residual_size_adjusted_draft_2025Q4,official_inside_counts_no_external_walk_component,not_ranked,,False,False,insufficient_sales_evidence,13.862772892231032,,8.778625954198473,55.72519083969466,,,,,not_available,not_available,only_C1_C2_available_C_stay_unverified_no_third_subtype,"공식 2025Q4 커피·음료 2개, 제과 2개. 매출 상태 insufficient; 순위 제외: insufficient_sales_evidence. 현재 영업·체류·학습 허용 미검증."
3130138,수유프라자,전통시장,True,,1.0,0.0,33,False,False,supply_only,no_cafe_sales_rows,,54.67557251908397,,6c591a7_residual_size_adjusted_draft_2025Q4,official_inside_counts_no_external_walk_component,supply_only_exploration_only,54.67557251908397,True,False,,,,57.82442748091603,47.32824427480916,57.82442748091603,,40.477099236641216,14.198473282442746,C1_coffee,C1_coffee,only_C1_C2_available_C_stay_unverified_no_third_subtype,"공식 2025Q4 커피·음료 1개, 제과 0개. 매출 상태 supply_only; 공급 전용 탐색군. 현재 영업·체류·학습 허용 미검증."
3130139,강북종합전통시장(강북종합골목시장),전통시장,True,,5.0,4.0,311,True,True,complete,both_cafe_industries_sales_observed,32.511175687680534,,37.16105251695437,6c591a7_residual_size_adjusted_draft_2025Q4,official_inside_counts_no_external_walk_component,complete_sales_observed_only,,False,True,,17.39270865329556,67.78759876791213,18.3206106870229,73.15521628498728,17.39270865329556,67.78759876791213,12.174896057306892,20.33627963037364,C2_bakery|C1_coffee,C2_bakery,only_C1_C2_available_C_stay_unverified_no_third_subtype,"공식 2025Q4 커피·음료 5개, 제과 4개. 매출 상태 complete; 공급·소비 완전관측군의 잔차 보정 초안. 현재 영업·체류·학습 허용 미검증."
3130140,숭인시장,전통시장,True,,1.0,1.0,126,False,False,supply_only,no_cafe_sales_rows,,21.85750636132316,,6c591a7_residual_size_adjusted_draft_2025Q4,official_inside_counts_no_external_walk_component,supply_only_exploration_only,21.85750636132316,True,False,,,,9.4147582697201,50.89058524173028,9.4147582697201,50.89058524173028,6.590330788804069,15.267175572519083,C2_bakery|C1_coffee,C2_bakery,only_C1_C2_available_C_stay_unverified_no_third_subtype,"공식 2025Q4 커피·음료 1개, 제과 1개. 매출 상태 supply_only; 공급 전용 탐색군. 현재 영업·체류·학습 허용 미검증."
3130141,강북북부골목시장,전통시장,True,,0.0,1.0,68,False,False,supply_only,no_cafe_sales_rows,,22.697201017811704,,6c591a7_residual_size_adjusted_draft_2025Q4,official_inside_counts_no_external_walk_component,supply_only_exploration_only,22.697201017811704,True,False,,,,4.071246819338422,66.15776081424937,,66.15776081424937,2.8498727735368954,19.84732824427481,C2_bakery,C2_bakery,only_C1_C2_available_C_stay_unverified_no_third_subtype,"공식 2025Q4 커피·음료 0개, 제과 1개. 매출 상태 supply_only; 공급 전용 탐색군. 현재 영업·체류·학습 허용 미검증."
3130142,강북북부시장,전통시장,True,,0.0,0.0,22,False,False,supply_only,no_cafe_sales_rows,,,,6c591a7_residual_size_adjusted_draft_2025Q4,official_inside_counts_no_external_walk_component,supply_only_exploration_only,35.09541984732824,False,False,no_cafe_supply_in_source_snapshot,,,25.572519083969464,57.31552162849872,,,17.900763358778622,17.194656488549615,not_available,not_available,only_C1_C2_available_C_stay_unverified_no_third_subtype,"공식 2025Q4 커피·음료 0개, 제과 0개. 매출 상태 supply_only; 순위 제외: no_cafe_supply_in_source_snapshot. 현재 영업·체류·학습 허용 미검증."
3130143,방천골목시장,전통시장,True,,1.0,1.0,69,False,False,supply_only,no_cafe_sales_rows,,45.4325699745547,,6c591a7_residual_size_adjusted_draft_2025Q4,official_inside_counts_no_external_walk_component,supply_only_exploration_only,45.4325699745547,True,False,,,,34.096692111959285,71.88295165394402,34.096692111959285,71.88295165394402,23.867684478371498,21.564885496183205,C2_bakery|C1_coffee,C2_bakery,only_C1_C2_available_C_stay_unverified_no_third_subtype,"공식 2025Q4 커피·음료 1개, 제과 1개. 매출 상태 supply_only; 공급 전용 탐색군. 현재 영업·체류·학습 허용 미검증."
3130145,쌍문역둘리상점가,전통시장,True,,1.0,3.0,96,False,False,supply_only,no_cafe_sales_rows,,37.1882951653944,,6c591a7_residual_size_adjusted_draft_2025Q4,official_inside_counts_no_external_walk_component,supply_only_exploration_only,37.1882951653944,True,False,,,,13.486005089058525,92.49363867684478,13.486005089058525,92.49363867684478,9.440203562340967,27.748091603053435,C2_bakery|C1_coffee,C2_bakery,only_C1_C2_available_C_stay_unverified_no_third_subtype,"공식 2025Q4 커피·음료 1개, 제과 3개. 매출 상태 supply_only; 공급 전용 탐색군. 현재 영업·체류·학습 허용 미검증."
3130146,쌍문시장(쌍문역골목시장),전통시장,True,,7.0,3.0,338,True,True,complete,both_cafe_industries_sales_observed,36.71137066979458,,38.20136789186618,6c591a7_residual_size_adjusted_draft_2025Q4,official_inside_counts_no_external_walk_component,complete_sales_observed_only,,False,True,,28.70729874138709,55.38753850274541,21.75572519083969,51.39949109414759,28.70729874138709,55.38753850274541,20.09510911897096,16.616261550823623,C2_bakery|C1_coffee,C2_bakery,only_C1_C2_available_C_stay_unverified_no_third_subtype,"공식 2025Q4 커피·음료 7개, 제과 3개. 매출 상태 complete; 공급·소비 완전관측군의 잔차 보정 초안. 현재 영업·체류·학습 허용 미검증."
3130147,쌍문역동측상점가,전통시장,True,,5.0,3.0,158,True,True,complete,both_cafe_industries_sales_observed,61.29195117683231,,60.731175933980445,6c591a7_residual_size_adjusted_draft_2025Q4,official_inside_counts_no_external_walk_component,complete_sales_observed_only,,False,True,,50.47608275218712,86.52897750100442,63.61323155216285,85.87786259541986,50.47608275218712,86.52897750100442,35.33325792653098,25.958693250301327,C2_bakery|C1_coffee,C2_bakery,only_C1_C2_available_C_stay_unverified_no_third_subtype,"공식 2025Q4 커피·음료 5개, 제과 3개. 매출 상태 complete; 공급·소비 완전관측군의 잔차 보정 초안. 현재 영업·체류·학습 허용 미검증."
3130148,방학동도깨비시장,전통시장,True,,5.0,4.0,174,True,True,complete,both_cafe_industries_sales_observed,56.90564748529896,,57.87515900312823,6c591a7_residual_size_adjusted_draft_2025Q4,official_inside_counts_no_external_walk_component,complete_sales_observed_only,,False,True,,49.979319916724506,73.06707847863935,52.67175572519084,90.33078880407125,49.979319916724506,73.06707847863935,34.98552394170715,21.920123543591803,C2_bakery|C1_coffee,C2_bakery,only_C1_C2_available_C_stay_unverified_no_third_subtype,"공식 2025Q4 커피·음료 5개, 제과 4개. 매출 상태 complete; 공급·소비 완전관측군의 잔차 보정 초안. 현재 영업·체류·학습 허용 미검증."
3130151,신도봉시장,전통시장,True,,2.0,0.0,29,False,False,supply_only,no_cafe_sales_rows,,74.65648854961832,,6c591a7_residual_size_adjusted_draft_2025Q4,official_inside_counts_no_external_walk_component,supply_only_exploration_only,74.65648854961832,True,False,,,,85.30534351145039,49.80916030534351,85.30534351145039,,59.713740458015266,14.942748091603052,C1_coffee,C1_coffee,only_C1_C2_available_C_stay_unverified_no_third_subtype,"공식 2025Q4 커피·음료 2개, 제과 0개. 매출 상태 supply_only; 공급 전용 탐색군. 현재 영업·체류·학습 허용 미검증."
3130152,오!도봉거리 상점가,전통시장,True,,3.0,0.0,55,True,False,insufficient,partial_or_unusable_sales,,,,6c591a7_residual_size_adjusted_draft_2025Q4,official_inside_counts_no_external_walk_component,not_ranked,,False,False,insufficient_sales_evidence,65.32953587937945,,79.51653944020356,31.29770992366413,,,,,not_available,not_available,only_C1_C2_available_C_stay_unverified_no_third_subtype,"공식 2025Q4 커피·음료 3개, 제과 0개. 매출 상태 insufficient; 순위 제외: insufficient_sales_evidence. 현재 영업·체류·학습 허용 미검증."
3130153,창동역상점가,전통시장,True,,7.0,0.0,233,True,True,complete,both_cafe_industries_sales_observed,48.395512283356254,,46.38488808617798,6c591a7_residual_size_adjusted_draft_2025Q4,official_inside_counts_no_external_walk_component,complete_sales_observed_only,,False,True,,62.00259287911021,16.64565755993036,70.35623409669212,7.37913486005089,62.00259287911021,,43.401815015377146,4.993697267979107,C1_coffee,C1_coffee,only_C1_C2_available_C_stay_unverified_no_third_subtype,"공식 2025Q4 커피·음료 7개, 제과 0개. 매출 상태 complete; 공급·소비 완전관측군의 잔차 보정 초안. 현재 영업·체류·학습 허용 미검증."
3130154,상계주공1단지(가)상가,전통시장,True,,1.0,0.0,54,False,False,supply_only,no_cafe_sales_rows,,39.70737913486005,,6c591a7_residual_size_adjusted_draft_2025Q4,official_inside_counts_no_external_walk_component,supply_only_exploration_only,39.70737913486005,True,False,,,,41.73027989821883,34.987277353689564,41.73027989821883,,29.21119592875318,10.496183206106869,C1_coffee,C1_coffee,only_C1_C2_available_C_stay_unverified_no_third_subtype,"공식 2025Q4 커피·음료 1개, 제과 0개. 매출 상태 supply_only; 공급 전용 탐색군. 현재 영업·체류·학습 허용 미검증."
3130155,시영B상가(중계 그린아파트 B 상가),전통시장,True,,3.0,1.0,73,False,False,supply_only,no_cafe_sales_rows,,75.36895674300254,,6c591a7_residual_size_adjusted_draft_2025Q4,official_inside_counts_no_external_walk_component,supply_only_exploration_only,75.36895674300254,True,False,,,,77.735368956743,69.8473282442748,77.735368956743,69.8473282442748,54.414758269720096,20.954198473282442,C1_coffee|C2_bakery,C1_coffee,only_C1_C2_available_C_stay_unverified_no_third_subtype,"공식 2025Q4 커피·음료 3개, 제과 1개. 매출 상태 supply_only; 공급 전용 탐색군. 현재 영업·체류·학습 허용 미검증."
3130156,시영2단지 무지개종합상가(중계 무지개2단지아파트상가),전통시장,True,,1.0,0.0,46,False,False,supply_only,no_cafe_sales_rows,,43.84860050890585,,6c591a7_residual_size_adjusted_draft_2025Q4,official_inside_counts_no_external_walk_component,supply_only_exploration_only,43.84860050890585,True,False,,,,46.31043256997455,38.10432569974554,46.31043256997455,,32.417302798982185,11.43129770992366,C1_coffee,C1_coffee,only_C1_C2_available_C_stay_unverified_no_third_subtype,"공식 2025Q4 커피·음료 1개, 제과 0개. 매출 상태 supply_only; 공급 전용 탐색군. 현재 영업·체류·학습 허용 미검증."
3130157,상계중앙시장,전통시장,True,,5.0,2.0,203,False,False,supply_only,no_cafe_sales_rows,,46.45038167938931,,6c591a7_residual_size_adjusted_draft_2025Q4,official_inside_counts_no_external_walk_component,supply_only_exploration_only,46.45038167938931,True,False,,,,41.221374045801525,58.65139949109415,41.221374045801525,58.65139949109415,28.854961832061065,17.595419847328245,C2_bakery|C1_coffee,C2_bakery,only_C1_C2_available_C_stay_unverified_no_third_subtype,"공식 2025Q4 커피·음료 5개, 제과 2개. 매출 상태 supply_only; 공급 전용 탐색군. 현재 영업·체류·학습 허용 미검증."
3130158,상계역전종합상가,전통시장,True,,2.0,0.0,29,False,False,supply_only,no_cafe_sales_rows,,74.65648854961832,,6c591a7_residual_size_adjusted_draft_2025Q4,official_inside_counts_no_external_walk_component,supply_only_exploration_only,74.65648854961832,True,False,,,,85.30534351145039,49.80916030534351,85.30534351145039,,59.713740458015266,14.942748091603052,C1_coffee,C1_coffee,only_C1_C2_available_C_stay_unverified_no_third_subtype,"공식 2025Q4 커피·음료 2개, 제과 0개. 매출 상태 supply_only; 공급 전용 탐색군. 현재 영업·체류·학습 허용 미검증."
3130159,공릉동 도깨비시장,전통시장,True,,13.0,6.0,229,True,True,complete,both_cafe_industries_sales_observed,73.31123298250004,,71.67415652491742,6c591a7_residual_size_adjusted_draft_2025Q4,official_inside_counts_no_external_walk_component,complete_sales_observed_only,,False,True,,69.6816543611563,81.78024976563546,86.51399491094148,95.16539440203562,69.6816543611563,81.78024976563546,48.77715805280941,24.534074929690636,C2_bakery|C1_coffee,C2_bakery,only_C1_C2_available_C_stay_unverified_no_third_subtype,"공식 2025Q4 커피·음료 13개, 제과 6개. 매출 상태 complete; 공급·소비 완전관측군의 잔차 보정 초안. 현재 영업·체류·학습 허용 미검증."
3130175,신촌 상인회(신촌상점가),전통시장,True,,2.0,0.0,42,True,False,insufficient,partial_or_unusable_sales,,,,6c591a7_residual_size_adjusted_draft_2025Q4,official_inside_counts_no_external_walk_component,not_ranked,,False,False,insufficient_sales_evidence,69.1386042252079,,76.46310432569975,40.20356234096692,,,,,not_available,not_available,only_C1_C2_available_C_stay_unverified_no_third_subtype,"공식 2025Q4 커피·음료 2개, 제과 0개. 매출 상태 insufficient; 순위 제외: insufficient_sales_evidence. 현재 영업·체류·학습 허용 미검증."
3130176,유진상가,전통시장,True,,1.0,1.0,68,False,False,supply_only,no_cafe_sales_rows,,46.284987277353686,,6c591a7_residual_size_adjusted_draft_2025Q4,official_inside_counts_no_external_walk_component,supply_only_exploration_only,46.284987277353686,True,False,,,,34.987277353689564,72.64631043256998,34.987277353689564,72.64631043256998,24.491094147582693,21.793893129770993,C2_bakery|C1_coffee,C2_bakery,only_C1_C2_available_C_stay_unverified_no_third_subtype,"공식 2025Q4 커피·음료 1개, 제과 1개. 매출 상태 supply_only; 공급 전용 탐색군. 현재 영업·체류·학습 허용 미검증."
3130177,인왕시장(홍제골목형상점가),전통시장,True,,0.0,0.0,195,False,False,supply_only,no_cafe_sales_rows,,,,6c591a7_residual_size_adjusted_draft_2025Q4,official_inside_counts_no_external_walk_component,supply_only_exploration_only,4.338422391857506,False,False,no_cafe_supply_in_source_snapshot,,,1.3994910941475829,11.19592875318066,,,0.9796437659033079,3.358778625954198,not_available,not_available,only_C1_C2_available_C_stay_unverified_no_third_subtype,"공식 2025Q4 커피·음료 0개, 제과 0개. 매출 상태 supply_only; 순위 제외: no_cafe_supply_in_source_snapshot. 현재 영업·체류·학습 허용 미검증."
3130178,이대 앞 스타트업 상점가,전통시장,True,,5.0,1.0,111,True,False,insufficient,partial_or_unusable_sales,,,,6c591a7_residual_size_adjusted_draft_2025Q4,official_inside_counts_no_external_walk_component,not_ranked,,False,False,insufficient_sales_evidence,77.46376965753137,,87.78625954198473,61.19592875318066,,,,,not_available,not_available,only_C1_C2_available_C_stay_unverified_no_third_subtype,"공식 2025Q4 커피·음료 5개, 제과 1개. 매출 상태 insufficient; 순위 제외: insufficient_sales_evidence. 현재 영업·체류·학습 허용 미검증."
3130179,"이화여대 3,5,7길 상점가",전통시장,True,,35.0,5.0,445,True,True,complete,both_cafe_industries_sales_observed,85.87421438931399,,82.92545981333782,6c591a7_residual_size_adjusted_draft_2025Q4,official_inside_counts_no_external_walk_component,complete_sales_observed_only,,False,True,,92.50806096252224,70.39523905182803,98.85496183206108,81.29770992366412,92.50806096252224,70.39523905182803,64.75564267376556,21.11857171554841,C1_coffee|C2_bakery,C1_coffee,only_C1_C2_available_C_stay_unverified_no_third_subtype,"공식 2025Q4 커피·음료 35개, 제과 5개. 매출 상태 complete; 공급·소비 완전관측군의 잔차 보정 초안. 현재 영업·체류·학습 허용 미검증."
3130181,아현가구거리상점가,전통시장,True,,5.0,0.0,114,True,False,insufficient,partial_or_unusable_sales,,,,6c591a7_residual_size_adjusted_draft_2025Q4,official_inside_counts_no_external_walk_component,not_ranked,,False,False,insufficient_sales_evidence,52.08408019628142,,64.3765903307888,12.08651399491094,,,,,not_available,not_available,only_C1_C2_available_C_stay_unverified_no_third_subtype,"공식 2025Q4 커피·음료 5개, 제과 0개. 매출 상태 insufficient; 순위 제외: insufficient_sales_evidence. 현재 영업·체류·학습 허용 미검증."
3130182,영천시장,전통시장,True,,1.0,4.0,156,False,True,insufficient,partial_or_unusable_sales,,,,6c591a7_residual_size_adjusted_draft_2025Q4,official_inside_counts_no_external_walk_component,not_ranked,,False,False,insufficient_sales_evidence,,75.93134793089594,5.470737913486006,91.6030534351145,,,,,not_available,not_available,only_C1_C2_available_C_stay_unverified_no_third_subtype,"공식 2025Q4 커피·음료 1개, 제과 4개. 매출 상태 insufficient; 순위 제외: insufficient_sales_evidence. 현재 영업·체류·학습 허용 미검증."
3130194,용강동 상점가,전통시장,True,,7.0,0.0,167,True,False,insufficient,partial_or_unusable_sales,,,,6c591a7_residual_size_adjusted_draft_2025Q4,official_inside_counts_no_external_walk_component,not_ranked,,False,False,insufficient_sales_evidence,58.42295157810111,,65.64885496183206,7.888040712468193,,,,,not_available,not_available,only_C1_C2_available_C_stay_unverified_no_third_subtype,"공식 2025Q4 커피·음료 7개, 제과 0개. 매출 상태 insufficient; 순위 제외: insufficient_sales_evidence. 현재 영업·체류·학습 허용 미검증."
3130195,도화동 상점가,전통시장,True,,21.0,5.0,552,True,True,complete,both_cafe_industries_sales_observed,67.07204415523684,,65.88933382645611,6c591a7_residual_size_adjusted_draft_2025Q4,official_inside_counts_no_external_walk_component,complete_sales_observed_only,,False,True,,72.00188279996814,55.56908731753047,73.2824427480916,65.52162849872774,72.00188279996814,55.56908731753047,50.401317959977696,16.67072619525914,C1_coffee|C2_bakery,C1_coffee,only_C1_C2_available_C_stay_unverified_no_third_subtype,"공식 2025Q4 커피·음료 21개, 제과 5개. 매출 상태 complete; 공급·소비 완전관측군의 잔차 보정 초안. 현재 영업·체류·학습 허용 미검증."
3130196,공덕시장,전통시장,True,,0.0,1.0,95,True,False,insufficient,partial_or_unusable_sales,,,,6c591a7_residual_size_adjusted_draft_2025Q4,official_inside_counts_no_external_walk_component,not_ranked,,False,False,insufficient_sales_evidence,12.120997485807896,,4.707379134860051,64.63104325699746,,,,,not_available,not_available,only_C1_C2_available_C_stay_unverified_no_third_subtype,"공식 2025Q4 커피·음료 0개, 제과 1개. 매출 상태 insufficient; 순위 제외: insufficient_sales_evidence. 현재 영업·체류·학습 허용 미검증."
3130197,마포시장,전통시장,True,,1.0,0.0,86,False,False,supply_only,no_cafe_sales_rows,,26.704834605597963,,6c591a7_residual_size_adjusted_draft_2025Q4,official_inside_counts_no_external_walk_component,supply_only_exploration_only,26.704834605597963,True,False,,,,27.735368956743,24.30025445292621,27.735368956743,,19.4147582697201,7.290076335877863,C1_coffee,C1_coffee,only_C1_C2_available_C_stay_unverified_no_third_subtype,"공식 2025Q4 커피·음료 1개, 제과 0개. 매출 상태 supply_only; 공급 전용 탐색군. 현재 영업·체류·학습 허용 미검증."
3130198,아현시장,전통시장,True,,2.0,1.0,169,True,False,insufficient,partial_or_unusable_sales,,,,6c591a7_residual_size_adjusted_draft_2025Q4,official_inside_counts_no_external_walk_component,not_ranked,,False,False,insufficient_sales_evidence,27.18879326363371,,22.7735368956743,46.18320610687023,,,,,not_available,not_available,only_C1_C2_available_C_stay_unverified_no_third_subtype,"공식 2025Q4 커피·음료 2개, 제과 1개. 매출 상태 insufficient; 순위 제외: insufficient_sales_evidence. 현재 영업·체류·학습 허용 미검증."
3130302,강남시장(강남구 강남시장),전통시장,True,,0.0,2.0,45,False,False,supply_only,no_cafe_sales_rows,,35.92875318066157,,6c591a7_residual_size_adjusted_draft_2025Q4,official_inside_counts_no_external_walk_component,supply_only_exploration_only,35.92875318066157,True,False,,,,10.05089058524173,96.31043256997457,,96.31043256997457,7.03562340966921,28.893129770992367,C2_bakery,C2_bakery,only_C1_C2_available_C_stay_unverified_no_third_subtype,"공식 2025Q4 커피·음료 0개, 제과 2개. 매출 상태 supply_only; 공급 전용 탐색군. 현재 영업·체류·학습 허용 미검증."
3130303,영동전통시장,전통시장,True,,5.0,1.0,229,True,False,insufficient,partial_or_unusable_sales,,,,6c591a7_residual_size_adjusted_draft_2025Q4,official_inside_counts_no_external_walk_component,not_ranked,,False,False,insufficient_sales_evidence,37.9840195219622,,45.80152671755725,32.69720101781171,,,,,not_available,not_available,only_C1_C2_available_C_stay_unverified_no_third_subtype,"공식 2025Q4 커피·음료 5개, 제과 1개. 매출 상태 insufficient; 순위 제외: insufficient_sales_evidence. 현재 영업·체류·학습 허용 미검증."
3130311,새마을시장,전통시장,True,,10.0,12.0,410,True,True,complete,both_cafe_industries_sales_observed,54.82485611903503,,58.96675012637581,6c591a7_residual_size_adjusted_draft_2025Q4,official_inside_counts_no_external_walk_component,complete_sales_observed_only,,False,True,,41.793285817757095,85.23185348868354,43.765903307888046,99.10941475826972,41.793285817757095,85.23185348868354,29.255300072429964,25.56955604660506,C2_bakery|C1_coffee,C2_bakery,only_C1_C2_available_C_stay_unverified_no_third_subtype,"공식 2025Q4 커피·음료 10개, 제과 12개. 매출 상태 complete; 공급·소비 완전관측군의 잔차 보정 초안. 현재 영업·체류·학습 허용 미검증."
3130313,방이시장,전통시장,True,,10.0,3.0,418,True,True,complete,both_cafe_industries_sales_observed,38.95383542579899,,40.10528189464887,6c591a7_residual_size_adjusted_draft_2025Q4,official_inside_counts_no_external_walk_component,complete_sales_observed_only,,False,True,,36.32176368869523,45.095336145707776,26.463104325699742,41.348600508905854,36.32176368869523,45.095336145707776,25.42523458208666,13.528600843712333,C2_bakery|C1_coffee,C2_bakery,only_C1_C2_available_C_stay_unverified_no_third_subtype,"공식 2025Q4 커피·음료 10개, 제과 3개. 매출 상태 complete; 공급·소비 완전관측군의 잔차 보정 초안. 현재 영업·체류·학습 허용 미검증."
3130314,풍납시장,전통시장,True,,5.0,3.0,201,True,True,complete,both_cafe_industries_sales_observed,32.016849775874256,,28.929162134374025,6c591a7_residual_size_adjusted_draft_2025Q4,official_inside_counts_no_external_walk_component,complete_sales_observed_only,,False,True,,20.704457666389843,58.41243136467122,17.8117048346056,62.72264631043257,20.704457666389843,58.41243136467122,14.493120366472889,17.523729409401366,C2_bakery|C1_coffee,C2_bakery,only_C1_C2_available_C_stay_unverified_no_third_subtype,"공식 2025Q4 커피·음료 5개, 제과 3개. 매출 상태 complete; 공급·소비 완전관측군의 잔차 보정 초안. 현재 영업·체류·학습 허용 미검증."
3130318,로데오거리상점가,전통시장,True,,11.0,3.0,433,True,True,complete,both_cafe_industries_sales_observed,56.08872962046416,,58.85378217402562,6c591a7_residual_size_adjusted_draft_2025Q4,official_inside_counts_no_external_walk_component,complete_sales_observed_only,,False,True,,56.519527650424905,55.08353421722244,60.55979643765903,55.85241730279898,56.519527650424905,55.08353421722244,39.56366935529743,16.525060265166733,C1_coffee|C2_bakery,C1_coffee,only_C1_C2_available_C_stay_unverified_no_third_subtype,"공식 2025Q4 커피·음료 11개, 제과 3개. 매출 상태 complete; 공급·소비 완전관측군의 잔차 보정 초안. 현재 영업·체류·학습 허용 미검증."
3130319,성내전통시장,전통시장,True,,1.0,2.0,119,False,False,supply_only,no_cafe_sales_rows,,30.368956743002546,,6c591a7_residual_size_adjusted_draft_2025Q4,official_inside_counts_no_external_walk_component,supply_only_exploration_only,30.368956743002546,True,False,,,,10.178117048346056,77.48091603053436,10.178117048346056,77.48091603053436,7.124681933842239,23.244274809160306,C2_bakery|C1_coffee,C2_bakery,only_C1_C2_available_C_stay_unverified_no_third_subtype,"공식 2025Q4 커피·음료 1개, 제과 2개. 매출 상태 supply_only; 공급 전용 탐색군. 현재 영업·체류·학습 허용 미검증."
3130320,암사종합시장,전통시장,True,,0.0,1.0,218,False,False,supply_only,no_cafe_sales_rows,,11.0941475826972,,6c591a7_residual_size_adjusted_draft_2025Q4,official_inside_counts_no_external_walk_component,supply_only_exploration_only,11.0941475826972,True,False,,,,0.6361323155216284,35.49618320610687,,35.49618320610687,0.4452926208651399,10.648854961832061,C2_bakery,C2_bakery,only_C1_C2_available_C_stay_unverified_no_third_subtype,"공식 2025Q4 커피·음료 0개, 제과 1개. 매출 상태 supply_only; 공급 전용 탐색군. 현재 영업·체류·학습 허용 미검증."
3130321,장신구 특화거리 상점가,전통시장,True,,5.0,4.0,89,False,False,supply_only,no_cafe_sales_rows,,83.47328244274809,,6c591a7_residual_size_adjusted_draft_2025Q4,official_inside_counts_no_external_walk_component,supply_only_exploration_only,83.47328244274809,True,False,,,,77.48091603053436,97.45547073791349,77.48091603053436,97.45547073791349,54.23664122137405,29.236641221374043,C2_bakery|C1_coffee,C2_bakery,only_C1_C2_available_C_stay_unverified_no_third_subtype,"공식 2025Q4 커피·음료 5개, 제과 4개. 매출 상태 supply_only; 공급 전용 탐색군. 현재 영업·체류·학습 허용 미검증."
3130323,둔촌역전통시장,전통시장,True,,3.0,2.0,170,True,False,insufficient,partial_or_unusable_sales,,,,6c591a7_residual_size_adjusted_draft_2025Q4,official_inside_counts_no_external_walk_component,not_ranked,,False,False,insufficient_sales_evidence,24.915226789228797,,32.31552162849873,66.66666666666666,,,,,not_available,not_available,only_C1_C2_available_C_stay_unverified_no_third_subtype,"공식 2025Q4 커피·음료 3개, 제과 2개. 매출 상태 insufficient; 순위 제외: insufficient_sales_evidence. 현재 영업·체류·학습 허용 미검증."
3130324,길동복조리시장,전통시장,True,,2.0,1.0,135,True,False,insufficient,partial_or_unusable_sales,,,,6c591a7_residual_size_adjusted_draft_2025Q4,official_inside_counts_no_external_walk_component,not_ranked,,False,False,insufficient_sales_evidence,25.70163119115065,,27.60814249363868,50.63613231552163,,,,,not_available,not_available,only_C1_C2_available_C_stay_unverified_no_third_subtype,"공식 2025Q4 커피·음료 2개, 제과 1개. 매출 상태 insufficient; 순위 제외: insufficient_sales_evidence. 현재 영업·체류·학습 허용 미검증."
3130325,명일전통시장,전통시장,True,,2.0,1.0,103,False,False,supply_only,no_cafe_sales_rows,,44.46564885496183,,6c591a7_residual_size_adjusted_draft_2025Q4,official_inside_counts_no_external_walk_component,supply_only_exploration_only,44.46564885496183,True,False,,,,38.16793893129771,59.16030534351145,38.16793893129771,59.16030534351145,26.717557251908396,17.748091603053435,C2_bakery|C1_coffee,C2_bakery,only_C1_C2_available_C_stay_unverified_no_third_subtype,"공식 2025Q4 커피·음료 2개, 제과 1개. 매출 상태 supply_only; 공급 전용 탐색군. 현재 영업·체류·학습 허용 미검증."
3130327,"평화시장(남평화시장, 제일평화시장, 신평화패션타운)",전통시장,True,,5.0,0.0,2576,False,False,supply_only,no_cafe_sales_rows,,2.43002544529262,,6c591a7_residual_size_adjusted_draft_2025Q4,official_inside_counts_no_external_walk_component,supply_only_exploration_only,2.43002544529262,True,False,,,,3.307888040712468,0.381679389312977,3.307888040712468,,2.3155216284987272,0.1145038167938931,C1_coffee,C1_coffee,only_C1_C2_available_C_stay_unverified_no_third_subtype,"공식 2025Q4 커피·음료 5개, 제과 0개. 매출 상태 supply_only; 공급 전용 탐색군. 현재 영업·체류·학습 허용 미검증."
