rank,area_code,area_name,area_type_name,recommendation_eligible,exclusion_reason,coffee_stores,bakery_stores,total_stores_2025q4,coffee_sales_observed,bakery_sales_observed,score_status,score_status_reason,full_score,supply_only_score,legacy_full_score,score_version,spatial_basis,ranking_universe,legacy_supply_only_score_before_rank_guard,cafe_supply_rank_eligible,cafe_complete_rank_eligible,ranking_exclusion_reason,coffee_size_adjusted_full_score,bakery_size_adjusted_full_score,coffee_size_adjusted_supply_score,bakery_size_adjusted_supply_score,C1_subtype_score,C2_subtype_score,C1_model_contribution,C2_model_contribution,cafe_top3_available_subtypes,cafe_best_available_subtype,subtype_status,cafe_evidence_sentence,ranking_universe_count,ranking_status
1,3110321,동덕여대,골목상권,True,,1.0,0.0,3,False,False,supply_only,no_cafe_sales_rows,,96.20229007633588,,6c591a7_residual_size_adjusted_draft_2025Q4,official_inside_counts_no_external_walk_component,supply_only_exploration_only,96.20229007633588,True,False,,,,98.09160305343512,91.793893129771,98.09160305343512,,68.66412213740458,27.538167938931302,C1_coffee,C1_coffee,only_C1_C2_available_C_stay_unverified_no_third_subtype,"공식 2025Q4 커피·음료 1개, 제과 0개. 매출 상태 supply_only; 공급 전용 탐색군. 현재 영업·체류·학습 허용 미검증.",184,cafe_supply_only_exploratory_not_personal_satisfaction
2,3110962,도산공원북측,골목상권,True,,8.0,1.0,43,False,False,supply_only,no_cafe_sales_rows,,94.97455470737911,,6c591a7_residual_size_adjusted_draft_2025Q4,official_inside_counts_no_external_walk_component,supply_only_exploration_only,94.97455470737911,True,False,,,,99.74554707379136,83.84223918575063,99.74554707379136,83.84223918575063,69.82188295165395,25.152671755725187,C1_coffee|C2_bakery,C1_coffee,only_C1_C2_available_C_stay_unverified_no_third_subtype,"공식 2025Q4 커피·음료 8개, 제과 1개. 매출 상태 supply_only; 공급 전용 탐색군. 현재 영업·체류·학습 허용 미검증.",184,cafe_supply_only_exploratory_not_personal_satisfaction
3,3130114,유영시장,전통시장,True,,2.0,0.0,6,False,False,supply_only,no_cafe_sales_rows,,94.68193384223918,,6c591a7_residual_size_adjusted_draft_2025Q4,official_inside_counts_no_external_walk_component,supply_only_exploration_only,94.68193384223918,True,False,,,,99.10941475826972,84.35114503816794,99.10941475826972,,69.3765903307888,25.30534351145038,C1_coffee,C1_coffee,only_C1_C2_available_C_stay_unverified_no_third_subtype,"공식 2025Q4 커피·음료 2개, 제과 0개. 매출 상태 supply_only; 공급 전용 탐색군. 현재 영업·체류·학습 허용 미검증.",184,cafe_supply_only_exploratory_not_personal_satisfaction
4,3110007,사직공원(한국사회과학도서관),골목상권,True,,6.0,3.0,50,False,False,supply_only,no_cafe_sales_rows,,84.97455470737913,,6c591a7_residual_size_adjusted_draft_2025Q4,official_inside_counts_no_external_walk_component,supply_only_exploration_only,84.97455470737913,True,False,,,,81.42493638676844,93.25699745547074,81.42493638676844,93.25699745547074,56.997455470737904,27.97709923664122,C2_bakery|C1_coffee,C2_bakery,only_C1_C2_available_C_stay_unverified_no_third_subtype,"공식 2025Q4 커피·음료 6개, 제과 3개. 매출 상태 supply_only; 공급 전용 탐색군. 현재 영업·체류·학습 허용 미검증.",184,cafe_supply_only_exploratory_not_personal_satisfaction
5,3110073,삼각지역 3번,골목상권,True,,8.0,2.0,113,False,False,supply_only,no_cafe_sales_rows,,84.51653944020356,,6c591a7_residual_size_adjusted_draft_2025Q4,official_inside_counts_no_external_walk_component,supply_only_exploration_only,84.51653944020356,True,False,,,,88.67684478371501,74.80916030534351,88.67684478371501,74.80916030534351,62.0737913486005,22.442748091603054,C1_coffee|C2_bakery,C1_coffee,only_C1_C2_available_C_stay_unverified_no_third_subtype,"공식 2025Q4 커피·음료 8개, 제과 2개. 매출 상태 supply_only; 공급 전용 탐색군. 현재 영업·체류·학습 허용 미검증.",184,cafe_supply_only_exploratory_not_personal_satisfaction
6,3130321,장신구 특화거리 상점가,전통시장,True,,5.0,4.0,89,False,False,supply_only,no_cafe_sales_rows,,83.47328244274809,,6c591a7_residual_size_adjusted_draft_2025Q4,official_inside_counts_no_external_walk_component,supply_only_exploration_only,83.47328244274809,True,False,,,,77.48091603053436,97.45547073791349,77.48091603053436,97.45547073791349,54.23664122137405,29.236641221374043,C2_bakery|C1_coffee,C2_bakery,only_C1_C2_available_C_stay_unverified_no_third_subtype,"공식 2025Q4 커피·음료 5개, 제과 4개. 매출 상태 supply_only; 공급 전용 탐색군. 현재 영업·체류·학습 허용 미검증.",184,cafe_supply_only_exploratory_not_personal_satisfaction
7,3130062,보광시장,전통시장,True,,1.0,1.0,17,False,False,supply_only,no_cafe_sales_rows,,83.10432569974554,,6c591a7_residual_size_adjusted_draft_2025Q4,official_inside_counts_no_external_walk_component,supply_only_exploration_only,83.10432569974554,True,False,,,,77.98982188295165,95.0381679389313,77.98982188295165,95.0381679389313,54.59287531806615,28.51145038167939,C2_bakery|C1_coffee,C2_bakery,only_C1_C2_available_C_stay_unverified_no_third_subtype,"공식 2025Q4 커피·음료 1개, 제과 1개. 매출 상태 supply_only; 공급 전용 탐색군. 현재 영업·체류·학습 허용 미검증.",184,cafe_supply_only_exploratory_not_personal_satisfaction
8,3110585,마포경찰서,골목상권,True,,2.0,1.0,35,False,False,supply_only,no_cafe_sales_rows,,82.63358778625954,,6c591a7_residual_size_adjusted_draft_2025Q4,official_inside_counts_no_external_walk_component,supply_only_exploration_only,82.63358778625954,True,False,,,,80.91603053435115,86.64122137404581,80.91603053435115,86.64122137404581,56.6412213740458,25.992366412213745,C2_bakery|C1_coffee,C2_bakery,only_C1_C2_available_C_stay_unverified_no_third_subtype,"공식 2025Q4 커피·음료 2개, 제과 1개. 매출 상태 supply_only; 공급 전용 탐색군. 현재 영업·체류·학습 허용 미검증.",184,cafe_supply_only_exploratory_not_personal_satisfaction
9,3110032,수족관거리,골목상권,True,,2.0,0.0,20,False,False,supply_only,no_cafe_sales_rows,,81.14503816793892,,6c591a7_residual_size_adjusted_draft_2025Q4,official_inside_counts_no_external_walk_component,supply_only_exploration_only,81.14503816793892,True,False,,,,90.45801526717555,59.4147582697201,90.45801526717555,,63.320610687022885,17.82442748091603,C1_coffee,C1_coffee,only_C1_C2_available_C_stay_unverified_no_third_subtype,"공식 2025Q4 커피·음료 2개, 제과 0개. 매출 상태 supply_only; 공급 전용 탐색군. 현재 영업·체류·학습 허용 미검증.",184,cafe_supply_only_exploratory_not_personal_satisfaction
10,3130127,석관시장,전통시장,True,,1.0,0.0,13,False,False,supply_only,no_cafe_sales_rows,,79.12213740458014,,6c591a7_residual_size_adjusted_draft_2025Q4,official_inside_counts_no_external_walk_component,supply_only_exploration_only,79.12213740458014,True,False,,,,83.96946564885496,67.8117048346056,83.96946564885496,,58.77862595419847,20.34351145038168,C1_coffee,C1_coffee,only_C1_C2_available_C_stay_unverified_no_third_subtype,"공식 2025Q4 커피·음료 1개, 제과 0개. 매출 상태 supply_only; 공급 전용 탐색군. 현재 영업·체류·학습 허용 미검증.",184,cafe_supply_only_exploratory_not_personal_satisfaction
11,3110039,회현역 1번,골목상권,True,,1.0,1.0,20,False,False,supply_only,no_cafe_sales_rows,,79.02035623409668,,6c591a7_residual_size_adjusted_draft_2025Q4,official_inside_counts_no_external_walk_component,supply_only_exploration_only,79.02035623409668,True,False,,,,73.02798982188295,93.00254452926208,73.02798982188295,93.00254452926208,51.11959287531806,27.900763358778622,C2_bakery|C1_coffee,C2_bakery,only_C1_C2_available_C_stay_unverified_no_third_subtype,"공식 2025Q4 커피·음료 1개, 제과 1개. 매출 상태 supply_only; 공급 전용 탐색군. 현재 영업·체류·학습 허용 미검증.",184,cafe_supply_only_exploratory_not_personal_satisfaction
12,3130116,동성타워프라자,전통시장,True,,2.0,2.0,51,False,False,supply_only,no_cafe_sales_rows,,78.35877862595419,,6c591a7_residual_size_adjusted_draft_2025Q4,official_inside_counts_no_external_walk_component,supply_only_exploration_only,78.35877862595419,True,False,,,,71.37404580152672,94.65648854961832,71.37404580152672,94.65648854961832,49.9618320610687,28.396946564885493,C2_bakery|C1_coffee,C2_bakery,only_C1_C2_available_C_stay_unverified_no_third_subtype,"공식 2025Q4 커피·음료 2개, 제과 2개. 매출 상태 supply_only; 공급 전용 탐색군. 현재 영업·체류·학습 허용 미검증.",184,cafe_supply_only_exploratory_not_personal_satisfaction
13,3110071,한강미주맨션아파트,골목상권,True,,3.0,2.0,61,False,False,supply_only,no_cafe_sales_rows,,78.23155216284987,,6c591a7_residual_size_adjusted_draft_2025Q4,official_inside_counts_no_external_walk_component,supply_only_exploration_only,78.23155216284987,True,False,,,,73.15521628498728,90.0763358778626,73.15521628498728,90.0763358778626,51.20865139949109,27.02290076335878,C2_bakery|C1_coffee,C2_bakery,only_C1_C2_available_C_stay_unverified_no_third_subtype,"공식 2025Q4 커피·음료 3개, 제과 2개. 매출 상태 supply_only; 공급 전용 탐색군. 현재 영업·체류·학습 허용 미검증.",184,cafe_supply_only_exploratory_not_personal_satisfaction
14,3110111,대현산장미원,골목상권,True,,1.0,0.0,14,False,False,supply_only,no_cafe_sales_rows,,77.72264631043257,,6c591a7_residual_size_adjusted_draft_2025Q4,official_inside_counts_no_external_walk_component,supply_only_exploration_only,77.72264631043257,True,False,,,,82.56997455470739,66.41221374045801,82.56997455470739,,57.79898218829516,19.923664122137403,C1_coffee,C1_coffee,only_C1_C2_available_C_stay_unverified_no_third_subtype,"공식 2025Q4 커피·음료 1개, 제과 0개. 매출 상태 supply_only; 공급 전용 탐색군. 현재 영업·체류·학습 허용 미검증.",184,cafe_supply_only_exploratory_not_personal_satisfaction
15,3110177,동의초등학교,골목상권,True,,5.0,0.0,42,False,False,supply_only,no_cafe_sales_rows,,77.21374045801525,,6c591a7_residual_size_adjusted_draft_2025Q4,official_inside_counts_no_external_walk_component,supply_only_exploration_only,77.21374045801525,True,False,,,,95.0381679389313,35.6234096692112,95.0381679389313,,66.5267175572519,10.68702290076336,C1_coffee,C1_coffee,only_C1_C2_available_C_stay_unverified_no_third_subtype,"공식 2025Q4 커피·음료 5개, 제과 0개. 매출 상태 supply_only; 공급 전용 탐색군. 현재 영업·체류·학습 허용 미검증.",184,cafe_supply_only_exploratory_not_personal_satisfaction
16,3110143,뚝섬유원지역 1번,골목상권,True,,2.0,0.0,27,False,False,supply_only,no_cafe_sales_rows,,76.49491094147582,,6c591a7_residual_size_adjusted_draft_2025Q4,official_inside_counts_no_external_walk_component,supply_only_exploration_only,76.49491094147582,True,False,,,,87.08651399491094,51.78117048346056,87.08651399491094,,60.96055979643766,15.534351145038169,C1_coffee,C1_coffee,only_C1_C2_available_C_stay_unverified_no_third_subtype,"공식 2025Q4 커피·음료 2개, 제과 0개. 매출 상태 supply_only; 공급 전용 탐색군. 현재 영업·체류·학습 허용 미검증.",184,cafe_supply_only_exploratory_not_personal_satisfaction
17,3130123,꿈의숲 장곡 골목형상점가,전통시장,True,,4.0,0.0,50,False,False,supply_only,no_cafe_sales_rows,,76.04325699745546,,6c591a7_residual_size_adjusted_draft_2025Q4,official_inside_counts_no_external_walk_component,supply_only_exploration_only,76.04325699745546,True,False,,,,92.87531806615776,36.76844783715013,92.87531806615776,,65.01272264631042,11.030534351145038,C1_coffee,C1_coffee,only_C1_C2_available_C_stay_unverified_no_third_subtype,"공식 2025Q4 커피·음료 4개, 제과 0개. 매출 상태 supply_only; 공급 전용 탐색군. 현재 영업·체류·학습 허용 미검증.",184,cafe_supply_only_exploratory_not_personal_satisfaction
18,3130155,시영B상가(중계 그린아파트 B 상가),전통시장,True,,3.0,1.0,73,False,False,supply_only,no_cafe_sales_rows,,75.36895674300254,,6c591a7_residual_size_adjusted_draft_2025Q4,official_inside_counts_no_external_walk_component,supply_only_exploration_only,75.36895674300254,True,False,,,,77.735368956743,69.8473282442748,77.735368956743,69.8473282442748,54.414758269720096,20.954198473282442,C1_coffee|C2_bakery,C1_coffee,only_C1_C2_available_C_stay_unverified_no_third_subtype,"공식 2025Q4 커피·음료 3개, 제과 1개. 매출 상태 supply_only; 공급 전용 탐색군. 현재 영업·체류·학습 허용 미검증.",184,cafe_supply_only_exploratory_not_personal_satisfaction
19,3110239,중랑역 2번,골목상권,True,,2.0,0.0,29,False,False,supply_only,no_cafe_sales_rows,,74.65648854961832,,6c591a7_residual_size_adjusted_draft_2025Q4,official_inside_counts_no_external_walk_component,supply_only_exploration_only,74.65648854961832,True,False,,,,85.30534351145039,49.80916030534351,85.30534351145039,,59.713740458015266,14.942748091603052,C1_coffee,C1_coffee,only_C1_C2_available_C_stay_unverified_no_third_subtype,"공식 2025Q4 커피·음료 2개, 제과 0개. 매출 상태 supply_only; 공급 전용 탐색군. 현재 영업·체류·학습 허용 미검증.",184,cafe_supply_only_exploratory_not_personal_satisfaction
20,3130151,신도봉시장,전통시장,True,,2.0,0.0,29,False,False,supply_only,no_cafe_sales_rows,,74.65648854961832,,6c591a7_residual_size_adjusted_draft_2025Q4,official_inside_counts_no_external_walk_component,supply_only_exploration_only,74.65648854961832,True,False,,,,85.30534351145039,49.80916030534351,85.30534351145039,,59.713740458015266,14.942748091603052,C1_coffee,C1_coffee,only_C1_C2_available_C_stay_unverified_no_third_subtype,"공식 2025Q4 커피·음료 2개, 제과 0개. 매출 상태 supply_only; 공급 전용 탐색군. 현재 영업·체류·학습 허용 미검증.",184,cafe_supply_only_exploratory_not_personal_satisfaction
21,3130158,상계역전종합상가,전통시장,True,,2.0,0.0,29,False,False,supply_only,no_cafe_sales_rows,,74.65648854961832,,6c591a7_residual_size_adjusted_draft_2025Q4,official_inside_counts_no_external_walk_component,supply_only_exploration_only,74.65648854961832,True,False,,,,85.30534351145039,49.80916030534351,85.30534351145039,,59.713740458015266,14.942748091603052,C1_coffee,C1_coffee,only_C1_C2_available_C_stay_unverified_no_third_subtype,"공식 2025Q4 커피·음료 2개, 제과 0개. 매출 상태 supply_only; 공급 전용 탐색군. 현재 영업·체류·학습 허용 미검증.",184,cafe_supply_only_exploratory_not_personal_satisfaction
22,3110389,한일병원,골목상권,True,,5.0,1.0,65,False,False,supply_only,no_cafe_sales_rows,,72.20101781170483,,6c591a7_residual_size_adjusted_draft_2025Q4,official_inside_counts_no_external_walk_component,supply_only_exploration_only,72.20101781170483,True,False,,,,77.35368956743002,60.17811704834606,77.35368956743002,60.17811704834606,54.14758269720102,18.053435114503817,C1_coffee|C2_bakery,C1_coffee,only_C1_C2_available_C_stay_unverified_no_third_subtype,"공식 2025Q4 커피·음료 5개, 제과 1개. 매출 상태 supply_only; 공급 전용 탐색군. 현재 영업·체류·학습 허용 미검증.",184,cafe_supply_only_exploratory_not_personal_satisfaction
23,3110153,중곡1동주민센터,골목상권,True,,5.0,2.0,90,False,False,supply_only,no_cafe_sales_rows,,71.7175572519084,,6c591a7_residual_size_adjusted_draft_2025Q4,official_inside_counts_no_external_walk_component,supply_only_exploration_only,71.7175572519084,True,False,,,,69.46564885496184,76.97201017811705,69.46564885496184,76.97201017811705,48.62595419847329,23.09160305343511,C2_bakery|C1_coffee,C2_bakery,only_C1_C2_available_C_stay_unverified_no_third_subtype,"공식 2025Q4 커피·음료 5개, 제과 2개. 매출 상태 supply_only; 공급 전용 탐색군. 현재 영업·체류·학습 허용 미검증.",184,cafe_supply_only_exploratory_not_personal_satisfaction
24,3130122,밤나무골시장,전통시장,True,,1.0,0.0,19,False,False,supply_only,no_cafe_sales_rows,,70.3944020356234,,6c591a7_residual_size_adjusted_draft_2025Q4,official_inside_counts_no_external_walk_component,supply_only_exploration_only,70.3944020356234,True,False,,,,74.55470737913485,60.68702290076335,74.55470737913485,,52.18829516539439,18.206106870229004,C1_coffee,C1_coffee,only_C1_C2_available_C_stay_unverified_no_third_subtype,"공식 2025Q4 커피·음료 1개, 제과 0개. 매출 상태 supply_only; 공급 전용 탐색군. 현재 영업·체류·학습 허용 미검증.",184,cafe_supply_only_exploratory_not_personal_satisfaction
25,3110047,다산성곽길,골목상권,True,,9.0,0.0,51,False,False,supply_only,no_cafe_sales_rows,,70.19083969465649,,6c591a7_residual_size_adjusted_draft_2025Q4,official_inside_counts_no_external_walk_component,supply_only_exploration_only,70.19083969465649,True,False,,,,92.74809160305344,17.557251908396946,92.74809160305344,,64.92366412213741,5.267175572519084,C1_coffee,C1_coffee,only_C1_C2_available_C_stay_unverified_no_third_subtype,"공식 2025Q4 커피·음료 9개, 제과 0개. 매출 상태 supply_only; 공급 전용 탐색군. 현재 영업·체류·학습 허용 미검증.",184,cafe_supply_only_exploratory_not_personal_satisfaction
26,3110190,고대앞사거리,골목상권,True,,9.0,1.0,84,False,False,supply_only,no_cafe_sales_rows,,69.4529262086514,,6c591a7_residual_size_adjusted_draft_2025Q4,official_inside_counts_no_external_walk_component,supply_only_exploration_only,69.4529262086514,True,False,,,,80.78880407124683,43.00254452926209,80.78880407124683,43.00254452926209,56.55216284987278,12.900763358778626,C1_coffee|C2_bakery,C1_coffee,only_C1_C2_available_C_stay_unverified_no_third_subtype,"공식 2025Q4 커피·음료 9개, 제과 1개. 매출 상태 supply_only; 공급 전용 탐색군. 현재 영업·체류·학습 허용 미검증.",184,cafe_supply_only_exploratory_not_personal_satisfaction
27,3130073,뚝도시장,전통시장,True,,6.0,1.0,199,False,False,supply_only,no_cafe_sales_rows,,69.30025445292621,,6c591a7_residual_size_adjusted_draft_2025Q4,official_inside_counts_no_external_walk_component,supply_only_exploration_only,69.30025445292621,True,False,,,,79.26208651399492,46.0559796437659,79.26208651399492,46.0559796437659,55.48346055979644,13.81679389312977,C1_coffee|C2_bakery,C1_coffee,only_C1_C2_available_C_stay_unverified_no_third_subtype,"공식 2025Q4 커피·음료 6개, 제과 1개. 매출 상태 supply_only; 공급 전용 탐색군. 현재 영업·체류·학습 허용 미검증.",184,cafe_supply_only_exploratory_not_personal_satisfaction
28,3130012,"동대문종합시장(동대문종합시장 신관, 동대문종합시장D동상가)",전통시장,True,,13.0,1.0,319,False,False,supply_only,no_cafe_sales_rows,,69.07124681933841,,6c591a7_residual_size_adjusted_draft_2025Q4,official_inside_counts_no_external_walk_component,supply_only_exploration_only,69.07124681933841,True,False,,,,88.04071246819338,24.80916030534351,88.04071246819338,24.80916030534351,61.62849872773536,7.442748091603053,C1_coffee|C2_bakery,C1_coffee,only_C1_C2_available_C_stay_unverified_no_third_subtype,"공식 2025Q4 커피·음료 13개, 제과 1개. 매출 상태 supply_only; 공급 전용 탐색군. 현재 영업·체류·학습 허용 미검증.",184,cafe_supply_only_exploratory_not_personal_satisfaction
29,3111018,풍납초등학교(풍납백제문화공원),골목상권,True,,2.0,1.0,45,False,False,supply_only,no_cafe_sales_rows,,68.98218829516539,,6c591a7_residual_size_adjusted_draft_2025Q4,official_inside_counts_no_external_walk_component,supply_only_exploration_only,68.98218829516539,True,False,,,,65.01272264631042,78.2442748091603,65.01272264631042,78.2442748091603,45.50890585241729,23.47328244274809,C2_bakery|C1_coffee,C2_bakery,only_C1_C2_available_C_stay_unverified_no_third_subtype,"공식 2025Q4 커피·음료 2개, 제과 1개. 매출 상태 supply_only; 공급 전용 탐색군. 현재 영업·체류·학습 허용 미검증.",184,cafe_supply_only_exploratory_not_personal_satisfaction
30,3110106,금북초등학교,골목상권,True,,1.0,2.0,34,False,False,supply_only,no_cafe_sales_rows,,67.74809160305344,,6c591a7_residual_size_adjusted_draft_2025Q4,official_inside_counts_no_external_walk_component,supply_only_exploration_only,67.74809160305344,True,False,,,,54.96183206106871,97.5826972010178,54.96183206106871,97.5826972010178,38.47328244274809,29.274809160305338,C2_bakery|C1_coffee,C2_bakery,only_C1_C2_available_C_stay_unverified_no_third_subtype,"공식 2025Q4 커피·음료 1개, 제과 2개. 매출 상태 supply_only; 공급 전용 탐색군. 현재 영업·체류·학습 허용 미검증.",184,cafe_supply_only_exploratory_not_personal_satisfaction
31,3110581,염리초등학교,골목상권,True,,1.0,0.0,22,False,False,supply_only,no_cafe_sales_rows,,66.71119592875317,,6c591a7_residual_size_adjusted_draft_2025Q4,official_inside_counts_no_external_walk_component,supply_only_exploration_only,66.71119592875317,True,False,,,,70.73791348600508,57.31552162849872,70.73791348600508,,49.51653944020356,17.194656488549615,C1_coffee,C1_coffee,only_C1_C2_available_C_stay_unverified_no_third_subtype,"공식 2025Q4 커피·음료 1개, 제과 0개. 매출 상태 supply_only; 공급 전용 탐색군. 현재 영업·체류·학습 허용 미검증.",184,cafe_supply_only_exploratory_not_personal_satisfaction
32,3130009,마전교지하쇼핑센터(구 한일상가),전통시장,True,,1.0,0.0,22,False,False,supply_only,no_cafe_sales_rows,,66.71119592875317,,6c591a7_residual_size_adjusted_draft_2025Q4,official_inside_counts_no_external_walk_component,supply_only_exploration_only,66.71119592875317,True,False,,,,70.73791348600508,57.31552162849872,70.73791348600508,,49.51653944020356,17.194656488549615,C1_coffee,C1_coffee,only_C1_C2_available_C_stay_unverified_no_third_subtype,"공식 2025Q4 커피·음료 1개, 제과 0개. 매출 상태 supply_only; 공급 전용 탐색군. 현재 영업·체류·학습 허용 미검증.",184,cafe_supply_only_exploratory_not_personal_satisfaction
33,3130103,이경시장,전통시장,True,,1.0,0.0,22,False,False,supply_only,no_cafe_sales_rows,,66.71119592875317,,6c591a7_residual_size_adjusted_draft_2025Q4,official_inside_counts_no_external_walk_component,supply_only_exploration_only,66.71119592875317,True,False,,,,70.73791348600508,57.31552162849872,70.73791348600508,,49.51653944020356,17.194656488549615,C1_coffee,C1_coffee,only_C1_C2_available_C_stay_unverified_no_third_subtype,"공식 2025Q4 커피·음료 1개, 제과 0개. 매출 상태 supply_only; 공급 전용 탐색군. 현재 영업·체류·학습 허용 미검증.",184,cafe_supply_only_exploratory_not_personal_satisfaction
34,3110573,신촌역 6번,골목상권,True,,1.0,1.0,33,False,False,supply_only,no_cafe_sales_rows,,66.58396946564885,,6c591a7_residual_size_adjusted_draft_2025Q4,official_inside_counts_no_external_walk_component,supply_only_exploration_only,66.58396946564885,True,False,,,,57.82442748091603,87.02290076335878,57.82442748091603,87.02290076335878,40.477099236641216,26.106870229007633,C2_bakery|C1_coffee,C2_bakery,only_C1_C2_available_C_stay_unverified_no_third_subtype,"공식 2025Q4 커피·음료 1개, 제과 1개. 매출 상태 supply_only; 공급 전용 탐색군. 현재 영업·체류·학습 허용 미검증.",184,cafe_supply_only_exploratory_not_personal_satisfaction
35,3110952,논현목련공원,골목상권,True,,2.0,0.0,38,False,False,supply_only,no_cafe_sales_rows,,66.39949109414758,,6c591a7_residual_size_adjusted_draft_2025Q4,official_inside_counts_no_external_walk_component,supply_only_exploration_only,66.39949109414758,True,False,,,,76.97201017811705,41.73027989821883,76.97201017811705,,53.88040712468193,12.51908396946565,C1_coffee,C1_coffee,only_C1_C2_available_C_stay_unverified_no_third_subtype,"공식 2025Q4 커피·음료 2개, 제과 0개. 매출 상태 supply_only; 공급 전용 탐색군. 현재 영업·체류·학습 허용 미검증.",184,cafe_supply_only_exploratory_not_personal_satisfaction
36,3110042,남산골공원옆,골목상권,True,,4.0,2.0,61,False,False,supply_only,no_cafe_sales_rows,,64.80916030534351,,6c591a7_residual_size_adjusted_draft_2025Q4,official_inside_counts_no_external_walk_component,supply_only_exploration_only,64.80916030534351,True,False,,,,57.63358778625955,81.55216284987277,57.63358778625955,81.55216284987277,40.34351145038168,24.46564885496183,C2_bakery|C1_coffee,C2_bakery,only_C1_C2_available_C_stay_unverified_no_third_subtype,"공식 2025Q4 커피·음료 4개, 제과 2개. 매출 상태 supply_only; 공급 전용 탐색군. 현재 영업·체류·학습 허용 미검증.",184,cafe_supply_only_exploratory_not_personal_satisfaction
37,3110533,충정로역 7번,골목상권,True,,1.0,1.0,19,False,False,supply_only,no_cafe_sales_rows,,63.91857506361323,,6c591a7_residual_size_adjusted_draft_2025Q4,official_inside_counts_no_external_walk_component,supply_only_exploration_only,63.91857506361323,True,False,,,,53.30788804071247,88.67684478371501,53.30788804071247,88.67684478371501,37.31552162849873,26.603053435114504,C2_bakery|C1_coffee,C2_bakery,only_C1_C2_available_C_stay_unverified_no_third_subtype,"공식 2025Q4 커피·음료 1개, 제과 1개. 매출 상태 supply_only; 공급 전용 탐색군. 현재 영업·체류·학습 허용 미검증.",184,cafe_supply_only_exploratory_not_personal_satisfaction
38,3110050,약수역 7번,골목상권,True,,2.0,1.0,44,False,False,supply_only,no_cafe_sales_rows,,63.12977099236642,,6c591a7_residual_size_adjusted_draft_2025Q4,official_inside_counts_no_external_walk_component,supply_only_exploration_only,63.12977099236642,True,False,,,,58.01526717557252,75.06361323155217,58.01526717557252,75.06361323155217,40.61068702290076,22.51908396946565,C2_bakery|C1_coffee,C2_bakery,only_C1_C2_available_C_stay_unverified_no_third_subtype,"공식 2025Q4 커피·음료 2개, 제과 1개. 매출 상태 supply_only; 공급 전용 탐색군. 현재 영업·체류·학습 허용 미검증.",184,cafe_supply_only_exploratory_not_personal_satisfaction
39,3110201,전농119안전센터,골목상권,True,,2.0,0.0,39,False,False,supply_only,no_cafe_sales_rows,,62.56997455470738,,6c591a7_residual_size_adjusted_draft_2025Q4,official_inside_counts_no_external_walk_component,supply_only_exploration_only,62.56997455470738,True,False,,,,72.64631043256998,39.05852417302799,72.64631043256998,,50.85241730279898,11.717557251908397,C1_coffee,C1_coffee,only_C1_C2_available_C_stay_unverified_no_third_subtype,"공식 2025Q4 커피·음료 2개, 제과 0개. 매출 상태 supply_only; 공급 전용 탐색군. 현재 영업·체류·학습 허용 미검증.",184,cafe_supply_only_exploratory_not_personal_satisfaction
40,3110036,동묘앞역 3번,골목상권,True,,2.0,0.0,47,False,False,supply_only,no_cafe_sales_rows,,62.27735368956742,,6c591a7_residual_size_adjusted_draft_2025Q4,official_inside_counts_no_external_walk_component,supply_only_exploration_only,62.27735368956742,True,False,,,,72.7735368956743,37.786259541984734,72.7735368956743,,50.941475826972,11.335877862595419,C1_coffee,C1_coffee,only_C1_C2_available_C_stay_unverified_no_third_subtype,"공식 2025Q4 커피·음료 2개, 제과 0개. 매출 상태 supply_only; 공급 전용 탐색군. 현재 영업·체류·학습 허용 미검증.",184,cafe_supply_only_exploratory_not_personal_satisfaction
41,3110186,종암초등학교,골목상권,True,,3.0,0.0,67,False,False,supply_only,no_cafe_sales_rows,,61.43765903307887,,6c591a7_residual_size_adjusted_draft_2025Q4,official_inside_counts_no_external_walk_component,supply_only_exploration_only,61.43765903307887,True,False,,,,76.20865139949109,26.97201017811705,76.20865139949109,,53.34605597964376,8.091603053435115,C1_coffee,C1_coffee,only_C1_C2_available_C_stay_unverified_no_third_subtype,"공식 2025Q4 커피·음료 3개, 제과 0개. 매출 상태 supply_only; 공급 전용 탐색군. 현재 영업·체류·학습 허용 미검증.",184,cafe_supply_only_exploratory_not_personal_satisfaction
42,3110184,용두사거리,골목상권,True,,2.0,0.0,42,False,False,supply_only,no_cafe_sales_rows,,61.0941475826972,,6c591a7_residual_size_adjusted_draft_2025Q4,official_inside_counts_no_external_walk_component,supply_only_exploration_only,61.0941475826972,True,False,,,,71.2468193384224,37.40458015267176,71.2468193384224,,49.87277353689568,11.221374045801529,C1_coffee,C1_coffee,only_C1_C2_available_C_stay_unverified_no_third_subtype,"공식 2025Q4 커피·음료 2개, 제과 0개. 매출 상태 supply_only; 공급 전용 탐색군. 현재 영업·체류·학습 허용 미검증.",184,cafe_supply_only_exploratory_not_personal_satisfaction
43,3110248,먹골파출소,골목상권,True,,2.0,1.0,44,False,False,supply_only,no_cafe_sales_rows,,60.83969465648855,,6c591a7_residual_size_adjusted_draft_2025Q4,official_inside_counts_no_external_walk_component,supply_only_exploration_only,60.83969465648855,True,False,,,,55.34351145038168,73.66412213740458,55.34351145038168,73.66412213740458,38.74045801526717,22.09923664122137,C2_bakery|C1_coffee,C2_bakery,only_C1_C2_available_C_stay_unverified_no_third_subtype,"공식 2025Q4 커피·음료 2개, 제과 1개. 매출 상태 supply_only; 공급 전용 탐색군. 현재 영업·체류·학습 허용 미검증.",184,cafe_supply_only_exploratory_not_personal_satisfaction
44,3110086,이태원역 북측,골목상권,True,,5.0,1.0,42,False,False,supply_only,no_cafe_sales_rows,,60.63613231552162,,6c591a7_residual_size_adjusted_draft_2025Q4,official_inside_counts_no_external_walk_component,supply_only_exploration_only,60.63613231552162,True,False,,,,62.849872773536894,55.470737913486005,62.849872773536894,55.470737913486005,43.99491094147582,16.641221374045802,C1_coffee|C2_bakery,C1_coffee,only_C1_C2_available_C_stay_unverified_no_third_subtype,"공식 2025Q4 커피·음료 5개, 제과 1개. 매출 상태 supply_only; 공급 전용 탐색군. 현재 영업·체류·학습 허용 미검증.",184,cafe_supply_only_exploratory_not_personal_satisfaction
45,3110139,자양4동주민센터,골목상권,True,,22.0,1.0,299,False,False,supply_only,no_cafe_sales_rows,,60.5470737913486,,6c591a7_residual_size_adjusted_draft_2025Q4,official_inside_counts_no_external_walk_component,supply_only_exploration_only,60.5470737913486,True,False,,,,81.04325699745547,12.72264631043257,81.04325699745547,12.72264631043257,56.730279898218825,3.8167938931297707,C1_coffee|C2_bakery,C1_coffee,only_C1_C2_available_C_stay_unverified_no_third_subtype,"공식 2025Q4 커피·음료 22개, 제과 1개. 매출 상태 supply_only; 공급 전용 탐색군. 현재 영업·체류·학습 허용 미검증.",184,cafe_supply_only_exploratory_not_personal_satisfaction
46,3110160,광진경찰서,골목상권,True,,3.0,1.0,61,False,False,supply_only,no_cafe_sales_rows,,57.93893129770992,,6c591a7_residual_size_adjusted_draft_2025Q4,official_inside_counts_no_external_walk_component,supply_only_exploration_only,57.93893129770992,True,False,,,,56.10687022900763,62.21374045801527,56.10687022900763,62.21374045801527,39.27480916030534,18.664122137404583,C2_bakery|C1_coffee,C2_bakery,only_C1_C2_available_C_stay_unverified_no_third_subtype,"공식 2025Q4 커피·음료 3개, 제과 1개. 매출 상태 supply_only; 공급 전용 탐색군. 현재 영업·체류·학습 허용 미검증.",184,cafe_supply_only_exploratory_not_personal_satisfaction
47,3110430,중계초등학교,골목상권,True,,3.0,0.0,87,False,False,supply_only,no_cafe_sales_rows,,57.63994910941476,,6c591a7_residual_size_adjusted_draft_2025Q4,official_inside_counts_no_external_walk_component,supply_only_exploration_only,57.63994910941476,True,False,,,,72.01017811704835,24.10941475826972,72.01017811704835,,50.407124681933844,7.2328244274809155,C1_coffee,C1_coffee,only_C1_C2_available_C_stay_unverified_no_third_subtype,"공식 2025Q4 커피·음료 3개, 제과 0개. 매출 상태 supply_only; 공급 전용 탐색군. 현재 영업·체류·학습 허용 미검증.",184,cafe_supply_only_exploratory_not_personal_satisfaction
48,3110025,충신시장옆,골목상권,True,,4.0,0.0,70,False,False,supply_only,no_cafe_sales_rows,,56.93384223918575,,6c591a7_residual_size_adjusted_draft_2025Q4,official_inside_counts_no_external_walk_component,supply_only_exploration_only,56.93384223918575,True,False,,,,72.39185750636132,20.865139949109416,72.39185750636132,,50.67430025445292,6.259541984732825,C1_coffee,C1_coffee,only_C1_C2_available_C_stay_unverified_no_third_subtype,"공식 2025Q4 커피·음료 4개, 제과 0개. 매출 상태 supply_only; 공급 전용 탐색군. 현재 영업·체류·학습 허용 미검증.",184,cafe_supply_only_exploratory_not_personal_satisfaction
49,3110326,장위동성당,골목상권,True,,2.0,0.0,27,False,False,supply_only,no_cafe_sales_rows,,56.641221374045806,,6c591a7_residual_size_adjusted_draft_2025Q4,official_inside_counts_no_external_walk_component,supply_only_exploration_only,56.641221374045806,True,False,,,,64.50381679389314,38.295165394402034,64.50381679389314,,45.152671755725194,11.48854961832061,C1_coffee,C1_coffee,only_C1_C2_available_C_stay_unverified_no_third_subtype,"공식 2025Q4 커피·음료 2개, 제과 0개. 매출 상태 supply_only; 공급 전용 탐색군. 현재 영업·체류·학습 허용 미검증.",184,cafe_supply_only_exploratory_not_personal_satisfaction
50,3110307,길음역 7번,골목상권,True,,5.0,4.0,175,False,False,supply_only,no_cafe_sales_rows,,56.62849872773537,,6c591a7_residual_size_adjusted_draft_2025Q4,official_inside_counts_no_external_walk_component,supply_only_exploration_only,56.62849872773537,True,False,,,,43.00254452926209,88.42239185750637,43.00254452926209,88.42239185750637,30.10178117048346,26.52671755725191,C2_bakery|C1_coffee,C2_bakery,only_C1_C2_available_C_stay_unverified_no_third_subtype,"공식 2025Q4 커피·음료 5개, 제과 4개. 매출 상태 supply_only; 공급 전용 탐색군. 현재 영업·체류·학습 허용 미검증.",184,cafe_supply_only_exploratory_not_personal_satisfaction
51,3110026,종로5가역 4번,골목상권,True,,1.0,0.0,31,False,False,supply_only,no_cafe_sales_rows,,56.57760814249363,,6c591a7_residual_size_adjusted_draft_2025Q4,official_inside_counts_no_external_walk_component,supply_only_exploration_only,56.57760814249363,True,False,,,,60.05089058524173,48.473282442748086,60.05089058524173,,42.035623409669206,14.541984732824424,C1_coffee,C1_coffee,only_C1_C2_available_C_stay_unverified_no_third_subtype,"공식 2025Q4 커피·음료 1개, 제과 0개. 매출 상태 supply_only; 공급 전용 탐색군. 현재 영업·체류·학습 허용 미검증.",184,cafe_supply_only_exploratory_not_personal_satisfaction
52,3130120,돈암시장(돈암제일시장),전통시장,True,,3.0,2.0,177,False,False,supply_only,no_cafe_sales_rows,,56.32315521628499,,6c591a7_residual_size_adjusted_draft_2025Q4,official_inside_counts_no_external_walk_component,supply_only_exploration_only,56.32315521628499,True,False,,,,48.346055979643765,74.93638676844783,48.346055979643765,74.93638676844783,33.842239185750635,22.48091603053435,C2_bakery|C1_coffee,C2_bakery,only_C1_C2_available_C_stay_unverified_no_third_subtype,"공식 2025Q4 커피·음료 3개, 제과 2개. 매출 상태 supply_only; 공급 전용 탐색군. 현재 영업·체류·학습 허용 미검증.",184,cafe_supply_only_exploratory_not_personal_satisfaction
53,3110535,영천시장입구,골목상권,True,,3.0,0.0,57,False,False,supply_only,no_cafe_sales_rows,,56.0559796437659,,6c591a7_residual_size_adjusted_draft_2025Q4,official_inside_counts_no_external_walk_component,supply_only_exploration_only,56.0559796437659,True,False,,,,69.3384223918575,25.06361323155216,69.3384223918575,,48.536895674300254,7.5190839694656475,C1_coffee,C1_coffee,only_C1_C2_available_C_stay_unverified_no_third_subtype,"공식 2025Q4 커피·음료 3개, 제과 0개. 매출 상태 supply_only; 공급 전용 탐색군. 현재 영업·체류·학습 허용 미검증.",184,cafe_supply_only_exploratory_not_personal_satisfaction
54,3110149,세종대학교,골목상권,True,,3.0,0.0,44,False,False,supply_only,no_cafe_sales_rows,,55.94147582697201,,6c591a7_residual_size_adjusted_draft_2025Q4,official_inside_counts_no_external_walk_component,supply_only_exploration_only,55.94147582697201,True,False,,,,68.57506361323156,26.463104325699742,68.57506361323156,,48.00254452926209,7.938931297709923,C1_coffee,C1_coffee,only_C1_C2_available_C_stay_unverified_no_third_subtype,"공식 2025Q4 커피·음료 3개, 제과 0개. 매출 상태 supply_only; 공급 전용 탐색군. 현재 영업·체류·학습 허용 미검증.",184,cafe_supply_only_exploratory_not_personal_satisfaction
55,3110051,한양공고앞 교차로,골목상권,True,,3.0,1.0,70,False,False,supply_only,no_cafe_sales_rows,,55.73791348600509,,6c591a7_residual_size_adjusted_draft_2025Q4,official_inside_counts_no_external_walk_component,supply_only_exploration_only,55.73791348600509,True,False,,,,53.56234096692112,60.81424936386769,53.56234096692112,60.81424936386769,37.49363867684478,18.244274809160306,C2_bakery|C1_coffee,C2_bakery,only_C1_C2_available_C_stay_unverified_no_third_subtype,"공식 2025Q4 커피·음료 3개, 제과 1개. 매출 상태 supply_only; 공급 전용 탐색군. 현재 영업·체류·학습 허용 미검증.",184,cafe_supply_only_exploratory_not_personal_satisfaction
56,3110589,애오개역 3번,골목상권,True,,2.0,0.0,41,False,False,supply_only,no_cafe_sales_rows,,54.9236641221374,,6c591a7_residual_size_adjusted_draft_2025Q4,official_inside_counts_no_external_walk_component,supply_only_exploration_only,54.9236641221374,True,False,,,,63.74045801526718,34.35114503816794,63.74045801526718,,44.61832061068702,10.305343511450383,C1_coffee,C1_coffee,only_C1_C2_available_C_stay_unverified_no_third_subtype,"공식 2025Q4 커피·음료 2개, 제과 0개. 매출 상태 supply_only; 공급 전용 탐색군. 현재 영업·체류·학습 허용 미검증.",184,cafe_supply_only_exploratory_not_personal_satisfaction
57,3130138,수유프라자,전통시장,True,,1.0,0.0,33,False,False,supply_only,no_cafe_sales_rows,,54.67557251908397,,6c591a7_residual_size_adjusted_draft_2025Q4,official_inside_counts_no_external_walk_component,supply_only_exploration_only,54.67557251908397,True,False,,,,57.82442748091603,47.32824427480916,57.82442748091603,,40.477099236641216,14.198473282442746,C1_coffee,C1_coffee,only_C1_C2_available_C_stay_unverified_no_third_subtype,"공식 2025Q4 커피·음료 1개, 제과 0개. 매출 상태 supply_only; 공급 전용 탐색군. 현재 영업·체류·학습 허용 미검증.",184,cafe_supply_only_exploratory_not_personal_satisfaction
58,3110172,광진초등학교,골목상권,True,,7.0,2.0,141,False,False,supply_only,no_cafe_sales_rows,,54.47837150127226,,6c591a7_residual_size_adjusted_draft_2025Q4,official_inside_counts_no_external_walk_component,supply_only_exploration_only,54.47837150127226,True,False,,,,52.79898218829516,58.396946564885496,52.79898218829516,58.396946564885496,36.95928753180661,17.519083969465647,C2_bakery|C1_coffee,C2_bakery,only_C1_C2_available_C_stay_unverified_no_third_subtype,"공식 2025Q4 커피·음료 7개, 제과 2개. 매출 상태 supply_only; 공급 전용 탐색군. 현재 영업·체류·학습 허용 미검증.",184,cafe_supply_only_exploratory_not_personal_satisfaction
59,3110193,고려대역 4번,골목상권,True,,4.0,1.0,73,False,False,supply_only,no_cafe_sales_rows,,53.52417302798982,,6c591a7_residual_size_adjusted_draft_2025Q4,official_inside_counts_no_external_walk_component,supply_only_exploration_only,53.52417302798982,True,False,,,,53.9440203562341,52.54452926208651,53.9440203562341,52.54452926208651,37.76081424936387,15.763358778625953,C1_coffee|C2_bakery,C1_coffee,only_C1_C2_available_C_stay_unverified_no_third_subtype,"공식 2025Q4 커피·음료 4개, 제과 1개. 매출 상태 supply_only; 공급 전용 탐색군. 현재 영업·체류·학습 허용 미검증.",184,cafe_supply_only_exploratory_not_personal_satisfaction
60,3110114,왕십리파출소,골목상권,True,,2.0,0.0,50,False,False,supply_only,no_cafe_sales_rows,,53.26972010178116,,6c591a7_residual_size_adjusted_draft_2025Q4,official_inside_counts_no_external_walk_component,supply_only_exploration_only,53.26972010178116,True,False,,,,62.46819338422392,31.806615776081426,62.46819338422392,,43.72773536895674,9.541984732824428,C1_coffee,C1_coffee,only_C1_C2_available_C_stay_unverified_no_third_subtype,"공식 2025Q4 커피·음료 2개, 제과 0개. 매출 상태 supply_only; 공급 전용 탐색군. 현재 영업·체류·학습 허용 미검증.",184,cafe_supply_only_exploratory_not_personal_satisfaction
61,3110982,강남구보훈회관,골목상권,True,,2.0,1.0,102,False,False,supply_only,no_cafe_sales_rows,,52.53180661577608,,6c591a7_residual_size_adjusted_draft_2025Q4,official_inside_counts_no_external_walk_component,supply_only_exploration_only,52.53180661577608,True,False,,,,47.83715012722647,63.48600508905853,47.83715012722647,63.48600508905853,33.48600508905853,19.045801526717558,C2_bakery|C1_coffee,C2_bakery,only_C1_C2_available_C_stay_unverified_no_third_subtype,"공식 2025Q4 커피·음료 2개, 제과 1개. 매출 상태 supply_only; 공급 전용 탐색군. 현재 영업·체류·학습 허용 미검증.",184,cafe_supply_only_exploratory_not_personal_satisfaction
62,3110530,아현역 1번,골목상권,True,,1.0,3.0,72,False,False,supply_only,no_cafe_sales_rows,,52.50636132315522,,6c591a7_residual_size_adjusted_draft_2025Q4,official_inside_counts_no_external_walk_component,supply_only_exploration_only,52.50636132315522,True,False,,,,33.078880407124686,97.83715012722644,33.078880407124686,97.83715012722644,23.15521628498728,29.351145038167928,C2_bakery|C1_coffee,C2_bakery,only_C1_C2_available_C_stay_unverified_no_third_subtype,"공식 2025Q4 커피·음료 1개, 제과 3개. 매출 상태 supply_only; 공급 전용 탐색군. 현재 영업·체류·학습 허용 미검증.",184,cafe_supply_only_exploratory_not_personal_satisfaction
63,3110318,KT월곡지사,골목상권,True,,3.0,3.0,72,False,False,supply_only,no_cafe_sales_rows,,52.417302798982185,,6c591a7_residual_size_adjusted_draft_2025Q4,official_inside_counts_no_external_walk_component,supply_only_exploration_only,52.417302798982185,True,False,,,,36.38676844783715,89.82188295165395,36.38676844783715,89.82188295165395,25.470737913486,26.946564885496183,C2_bakery|C1_coffee,C2_bakery,only_C1_C2_available_C_stay_unverified_no_third_subtype,"공식 2025Q4 커피·음료 3개, 제과 3개. 매출 상태 supply_only; 공급 전용 탐색군. 현재 영업·체류·학습 허용 미검증.",184,cafe_supply_only_exploratory_not_personal_satisfaction
64,3130097,답십리 건축자재시장,전통시장,True,,2.0,3.0,61,False,False,supply_only,no_cafe_sales_rows,,52.40458015267176,,6c591a7_residual_size_adjusted_draft_2025Q4,official_inside_counts_no_external_walk_component,supply_only_exploration_only,52.40458015267176,True,False,,,,34.73282442748092,93.63867684478372,34.73282442748092,93.63867684478372,24.312977099236644,28.091603053435115,C2_bakery|C1_coffee,C2_bakery,only_C1_C2_available_C_stay_unverified_no_third_subtype,"공식 2025Q4 커피·음료 2개, 제과 3개. 매출 상태 supply_only; 공급 전용 탐색군. 현재 영업·체류·학습 허용 미검증.",184,cafe_supply_only_exploratory_not_personal_satisfaction
65,3110427,노원 을지대학교병원,골목상권,True,,1.0,1.0,38,False,False,supply_only,no_cafe_sales_rows,,51.972010178117046,,6c591a7_residual_size_adjusted_draft_2025Q4,official_inside_counts_no_external_walk_component,supply_only_exploration_only,51.972010178117046,True,False,,,,39.56743002544529,80.91603053435115,39.56743002544529,80.91603053435115,27.6972010178117,24.274809160305345,C2_bakery|C1_coffee,C2_bakery,only_C1_C2_available_C_stay_unverified_no_third_subtype,"공식 2025Q4 커피·음료 1개, 제과 1개. 매출 상태 supply_only; 공급 전용 탐색군. 현재 영업·체류·학습 허용 미검증.",184,cafe_supply_only_exploratory_not_personal_satisfaction
66,3110101,옥정중학교,골목상권,True,,2.0,0.0,59,False,False,supply_only,no_cafe_sales_rows,,51.93384223918575,,6c591a7_residual_size_adjusted_draft_2025Q4,official_inside_counts_no_external_walk_component,supply_only_exploration_only,51.93384223918575,True,False,,,,61.32315521628499,30.025445292620866,61.32315521628499,,42.92620865139949,9.007633587786259,C1_coffee,C1_coffee,only_C1_C2_available_C_stay_unverified_no_third_subtype,"공식 2025Q4 커피·음료 2개, 제과 0개. 매출 상태 supply_only; 공급 전용 탐색군. 현재 영업·체류·학습 허용 미검증.",184,cafe_supply_only_exploratory_not_personal_satisfaction
67,3110402,도봉구 정병원,골목상권,True,,6.0,4.0,144,False,False,supply_only,no_cafe_sales_rows,,51.23409669211196,,6c591a7_residual_size_adjusted_draft_2025Q4,official_inside_counts_no_external_walk_component,supply_only_exploration_only,51.23409669211196,True,False,,,,37.15012722646311,84.0966921119593,37.15012722646311,84.0966921119593,26.005089058524177,25.229007633587788,C2_bakery|C1_coffee,C2_bakery,only_C1_C2_available_C_stay_unverified_no_third_subtype,"공식 2025Q4 커피·음료 6개, 제과 4개. 매출 상태 supply_only; 공급 전용 탐색군. 현재 영업·체류·학습 허용 미검증.",184,cafe_supply_only_exploratory_not_personal_satisfaction
68,3110298,솔숲어린이공원,골목상권,True,,2.0,0.0,39,False,False,supply_only,no_cafe_sales_rows,,50.96692111959287,,6c591a7_residual_size_adjusted_draft_2025Q4,official_inside_counts_no_external_walk_component,supply_only_exploration_only,50.96692111959287,True,False,,,,58.9058524173028,32.44274809160305,58.9058524173028,,41.23409669211196,9.732824427480915,C1_coffee,C1_coffee,only_C1_C2_available_C_stay_unverified_no_third_subtype,"공식 2025Q4 커피·음료 2개, 제과 0개. 매출 상태 supply_only; 공급 전용 탐색군. 현재 영업·체류·학습 허용 미검증.",184,cafe_supply_only_exploratory_not_personal_satisfaction
69,3110235,세화어린이공원,골목상권,True,,1.0,0.0,24,False,False,supply_only,no_cafe_sales_rows,,50.49618320610687,,6c591a7_residual_size_adjusted_draft_2025Q4,official_inside_counts_no_external_walk_component,supply_only_exploration_only,50.49618320610687,True,False,,,,51.908396946564885,47.20101781170484,51.908396946564885,,36.33587786259542,14.160305343511451,C1_coffee,C1_coffee,only_C1_C2_available_C_stay_unverified_no_third_subtype,"공식 2025Q4 커피·음료 1개, 제과 0개. 매출 상태 supply_only; 공급 전용 탐색군. 현재 영업·체류·학습 허용 미검증.",184,cafe_supply_only_exploratory_not_personal_satisfaction
70,3110584,아현역 4번,골목상권,True,,2.0,0.0,71,False,False,supply_only,no_cafe_sales_rows,,50.41984732824427,,6c591a7_residual_size_adjusted_draft_2025Q4,official_inside_counts_no_external_walk_component,supply_only_exploration_only,50.41984732824427,True,False,,,,60.30534351145038,27.353689567430024,60.30534351145038,,42.213740458015266,8.206106870229007,C1_coffee,C1_coffee,only_C1_C2_available_C_stay_unverified_no_third_subtype,"공식 2025Q4 커피·음료 2개, 제과 0개. 매출 상태 supply_only; 공급 전용 탐색군. 현재 영업·체류·학습 허용 미검증.",184,cafe_supply_only_exploratory_not_personal_satisfaction
71,3110381,번동주공2단지,골목상권,True,,3.0,0.0,50,False,False,supply_only,no_cafe_sales_rows,,50.30534351145038,,6c591a7_residual_size_adjusted_draft_2025Q4,official_inside_counts_no_external_walk_component,supply_only_exploration_only,50.30534351145038,True,False,,,,61.832061068702295,23.40966921119593,61.832061068702295,,43.282442748091604,7.022900763358779,C1_coffee,C1_coffee,only_C1_C2_available_C_stay_unverified_no_third_subtype,"공식 2025Q4 커피·음료 3개, 제과 0개. 매출 상태 supply_only; 공급 전용 탐색군. 현재 영업·체류·학습 허용 미검증.",184,cafe_supply_only_exploratory_not_personal_satisfaction
72,3130108,태능엔터피아(태릉시장),전통시장,True,,1.0,0.0,38,False,False,supply_only,no_cafe_sales_rows,,50.1590330788804,,6c591a7_residual_size_adjusted_draft_2025Q4,official_inside_counts_no_external_walk_component,supply_only_exploration_only,50.1590330788804,True,False,,,,52.926208651399484,43.70229007633588,52.926208651399484,,37.048346055979636,13.110687022900763,C1_coffee,C1_coffee,only_C1_C2_available_C_stay_unverified_no_third_subtype,"공식 2025Q4 커피·음료 1개, 제과 0개. 매출 상태 supply_only; 공급 전용 탐색군. 현재 영업·체류·학습 허용 미검증.",184,cafe_supply_only_exploratory_not_personal_satisfaction
73,3110031,창신역 1번,골목상권,True,,2.0,0.0,46,False,False,supply_only,no_cafe_sales_rows,,50.15267175572519,,6c591a7_residual_size_adjusted_draft_2025Q4,official_inside_counts_no_external_walk_component,supply_only_exploration_only,50.15267175572519,True,False,,,,58.396946564885496,30.916030534351147,58.396946564885496,,40.87786259541984,9.274809160305344,C1_coffee,C1_coffee,only_C1_C2_available_C_stay_unverified_no_third_subtype,"공식 2025Q4 커피·음료 2개, 제과 0개. 매출 상태 supply_only; 공급 전용 탐색군. 현재 영업·체류·학습 허용 미검증.",184,cafe_supply_only_exploratory_not_personal_satisfaction
74,3110238,배꽃어린이공원,골목상권,True,,1.0,0.0,27,False,False,supply_only,no_cafe_sales_rows,,49.98727735368956,,6c591a7_residual_size_adjusted_draft_2025Q4,official_inside_counts_no_external_walk_component,supply_only_exploration_only,49.98727735368956,True,False,,,,51.78117048346056,45.80152671755725,51.78117048346056,,36.24681933842239,13.740458015267174,C1_coffee,C1_coffee,only_C1_C2_available_C_stay_unverified_no_third_subtype,"공식 2025Q4 커피·음료 1개, 제과 0개. 매출 상태 supply_only; 공급 전용 탐색군. 현재 영업·체류·학습 허용 미검증.",184,cafe_supply_only_exploratory_not_personal_satisfaction
75,3110208,시조사삼거리,골목상권,True,,2.0,0.0,37,False,False,supply_only,no_cafe_sales_rows,,49.783715012722645,,6c591a7_residual_size_adjusted_draft_2025Q4,official_inside_counts_no_external_walk_component,supply_only_exploration_only,49.783715012722645,True,False,,,,57.3791348600509,32.06106870229007,57.3791348600509,,40.16539440203562,9.618320610687022,C1_coffee,C1_coffee,only_C1_C2_available_C_stay_unverified_no_third_subtype,"공식 2025Q4 커피·음료 2개, 제과 0개. 매출 상태 supply_only; 공급 전용 탐색군. 현재 영업·체류·학습 허용 미검증.",184,cafe_supply_only_exploratory_not_personal_satisfaction
76,3110534,경기대학교,골목상권,True,,2.0,1.0,35,False,False,supply_only,no_cafe_sales_rows,,49.65648854961832,,6c591a7_residual_size_adjusted_draft_2025Q4,official_inside_counts_no_external_walk_component,supply_only_exploration_only,49.65648854961832,True,False,,,,41.6030534351145,68.44783715012723,41.6030534351145,68.44783715012723,29.122137404580144,20.53435114503817,C2_bakery|C1_coffee,C2_bakery,only_C1_C2_available_C_stay_unverified_no_third_subtype,"공식 2025Q4 커피·음료 2개, 제과 1개. 매출 상태 supply_only; 공급 전용 탐색군. 현재 영업·체류·학습 허용 미검증.",184,cafe_supply_only_exploratory_not_personal_satisfaction
77,3110252,장안제일시장,골목상권,True,,10.0,2.0,216,False,False,supply_only,no_cafe_sales_rows,,49.38931297709924,,6c591a7_residual_size_adjusted_draft_2025Q4,official_inside_counts_no_external_walk_component,supply_only_exploration_only,49.38931297709924,True,False,,,,52.29007633587786,42.62086513994911,52.29007633587786,42.62086513994911,36.603053435114504,12.786259541984732,C1_coffee|C2_bakery,C1_coffee,only_C1_C2_available_C_stay_unverified_no_third_subtype,"공식 2025Q4 커피·음료 10개, 제과 2개. 매출 상태 supply_only; 공급 전용 탐색군. 현재 영업·체류·학습 허용 미검증.",184,cafe_supply_only_exploratory_not_personal_satisfaction
78,3130079,한아름시장,전통시장,True,,1.0,0.0,39,False,False,supply_only,no_cafe_sales_rows,,49.26844783715012,,6c591a7_residual_size_adjusted_draft_2025Q4,official_inside_counts_no_external_walk_component,supply_only_exploration_only,49.26844783715012,True,False,,,,52.035623409669206,42.8117048346056,52.035623409669206,,36.424936386768444,12.84351145038168,C1_coffee,C1_coffee,only_C1_C2_available_C_stay_unverified_no_third_subtype,"공식 2025Q4 커피·음료 1개, 제과 0개. 매출 상태 supply_only; 공급 전용 탐색군. 현재 영업·체류·학습 허용 미검증.",184,cafe_supply_only_exploratory_not_personal_satisfaction
79,3130135,수유중앙골목시장(수유중앙시장),전통시장,True,,2.0,2.0,103,False,False,supply_only,no_cafe_sales_rows,,48.71501272264631,,6c591a7_residual_size_adjusted_draft_2025Q4,official_inside_counts_no_external_walk_component,supply_only_exploration_only,48.71501272264631,True,False,,,,34.478371501272264,81.93384223918575,34.478371501272264,81.93384223918575,24.134860050890584,24.580152671755723,C2_bakery|C1_coffee,C2_bakery,only_C1_C2_available_C_stay_unverified_no_third_subtype,"공식 2025Q4 커피·음료 2개, 제과 2개. 매출 상태 supply_only; 공급 전용 탐색군. 현재 영업·체류·학습 허용 미검증.",184,cafe_supply_only_exploratory_not_personal_satisfaction
80,3110959,신구중학교,골목상권,True,,2.0,0.0,45,False,False,supply_only,no_cafe_sales_rows,,48.12977099236641,,6c591a7_residual_size_adjusted_draft_2025Q4,official_inside_counts_no_external_walk_component,supply_only_exploration_only,48.12977099236641,True,False,,,,55.72519083969466,30.407124681933844,55.72519083969466,,39.00763358778626,9.122137404580153,C1_coffee,C1_coffee,only_C1_C2_available_C_stay_unverified_no_third_subtype,"공식 2025Q4 커피·음료 2개, 제과 0개. 매출 상태 supply_only; 공급 전용 탐색군. 현재 영업·체류·학습 허용 미검증.",184,cafe_supply_only_exploratory_not_personal_satisfaction
81,3110332,돌곶이역 3번,골목상권,True,,2.0,0.0,47,False,False,supply_only,no_cafe_sales_rows,,47.98982188295165,,6c591a7_residual_size_adjusted_draft_2025Q4,official_inside_counts_no_external_walk_component,supply_only_exploration_only,47.98982188295165,True,False,,,,55.85241730279898,29.64376590330789,55.85241730279898,,39.096692111959285,8.893129770992367,C1_coffee,C1_coffee,only_C1_C2_available_C_stay_unverified_no_third_subtype,"공식 2025Q4 커피·음료 2개, 제과 0개. 매출 상태 supply_only; 공급 전용 탐색군. 현재 영업·체류·학습 허용 미검증.",184,cafe_supply_only_exploratory_not_personal_satisfaction
82,3110276,신내IC북측,골목상권,True,,3.0,0.0,24,False,False,supply_only,no_cafe_sales_rows,,47.722646310432566,,6c591a7_residual_size_adjusted_draft_2025Q4,official_inside_counts_no_external_walk_component,supply_only_exploration_only,47.722646310432566,True,False,,,,56.99745547073791,26.08142493638677,56.99745547073791,,39.89821882951654,7.824427480916031,C1_coffee,C1_coffee,only_C1_C2_available_C_stay_unverified_no_third_subtype,"공식 2025Q4 커피·음료 3개, 제과 0개. 매출 상태 supply_only; 공급 전용 탐색군. 현재 영업·체류·학습 허용 미검증.",184,cafe_supply_only_exploratory_not_personal_satisfaction
83,3110400,도봉구보건소,골목상권,True,,8.0,4.0,232,False,False,supply_only,no_cafe_sales_rows,,47.50636132315522,,6c591a7_residual_size_adjusted_draft_2025Q4,official_inside_counts_no_external_walk_component,supply_only_exploration_only,47.50636132315522,True,False,,,,36.895674300254456,72.264631043257,36.895674300254456,72.264631043257,25.826972010178118,21.679389312977097,C2_bakery|C1_coffee,C2_bakery,only_C1_C2_available_C_stay_unverified_no_third_subtype,"공식 2025Q4 커피·음료 8개, 제과 4개. 매출 상태 supply_only; 공급 전용 탐색군. 현재 영업·체류·학습 허용 미검증.",184,cafe_supply_only_exploratory_not_personal_satisfaction
84,3111054,암사역 4번(삼성광나루아파트),골목상권,True,,1.0,0.0,41,False,False,supply_only,no_cafe_sales_rows,,47.16284987277354,,6c591a7_residual_size_adjusted_draft_2025Q4,official_inside_counts_no_external_walk_component,supply_only_exploration_only,47.16284987277354,True,False,,,,49.87277353689568,40.83969465648856,49.87277353689568,,34.910941475826974,12.251908396946568,C1_coffee,C1_coffee,only_C1_C2_available_C_stay_unverified_no_third_subtype,"공식 2025Q4 커피·음료 1개, 제과 0개. 매출 상태 supply_only; 공급 전용 탐색군. 현재 영업·체류·학습 허용 미검증.",184,cafe_supply_only_exploratory_not_personal_satisfaction
85,3130157,상계중앙시장,전통시장,True,,5.0,2.0,203,False,False,supply_only,no_cafe_sales_rows,,46.45038167938931,,6c591a7_residual_size_adjusted_draft_2025Q4,official_inside_counts_no_external_walk_component,supply_only_exploration_only,46.45038167938931,True,False,,,,41.221374045801525,58.65139949109415,41.221374045801525,58.65139949109415,28.854961832061065,17.595419847328245,C2_bakery|C1_coffee,C2_bakery,only_C1_C2_available_C_stay_unverified_no_third_subtype,"공식 2025Q4 커피·음료 5개, 제과 2개. 매출 상태 supply_only; 공급 전용 탐색군. 현재 영업·체류·학습 허용 미검증.",184,cafe_supply_only_exploratory_not_personal_satisfaction
86,3110422,노원역 9번,골목상권,True,,2.0,2.0,100,False,False,supply_only,no_cafe_sales_rows,,46.32315521628499,,6c591a7_residual_size_adjusted_draft_2025Q4,official_inside_counts_no_external_walk_component,supply_only_exploration_only,46.32315521628499,True,False,,,,31.55216284987277,80.78880407124683,31.55216284987277,80.78880407124683,22.086513994910938,24.236641221374047,C2_bakery|C1_coffee,C2_bakery,only_C1_C2_available_C_stay_unverified_no_third_subtype,"공식 2025Q4 커피·음료 2개, 제과 2개. 매출 상태 supply_only; 공급 전용 탐색군. 현재 영업·체류·학습 허용 미검증.",184,cafe_supply_only_exploratory_not_personal_satisfaction
87,3130176,유진상가,전통시장,True,,1.0,1.0,68,False,False,supply_only,no_cafe_sales_rows,,46.284987277353686,,6c591a7_residual_size_adjusted_draft_2025Q4,official_inside_counts_no_external_walk_component,supply_only_exploration_only,46.284987277353686,True,False,,,,34.987277353689564,72.64631043256998,34.987277353689564,72.64631043256998,24.491094147582693,21.793893129770993,C2_bakery|C1_coffee,C2_bakery,only_C1_C2_available_C_stay_unverified_no_third_subtype,"공식 2025Q4 커피·음료 1개, 제과 1개. 매출 상태 supply_only; 공급 전용 탐색군. 현재 영업·체류·학습 허용 미검증.",184,cafe_supply_only_exploratory_not_personal_satisfaction
88,3130143,방천골목시장,전통시장,True,,1.0,1.0,69,False,False,supply_only,no_cafe_sales_rows,,45.4325699745547,,6c591a7_residual_size_adjusted_draft_2025Q4,official_inside_counts_no_external_walk_component,supply_only_exploration_only,45.4325699745547,True,False,,,,34.096692111959285,71.88295165394402,34.096692111959285,71.88295165394402,23.867684478371498,21.564885496183205,C2_bakery|C1_coffee,C2_bakery,only_C1_C2_available_C_stay_unverified_no_third_subtype,"공식 2025Q4 커피·음료 1개, 제과 1개. 매출 상태 supply_only; 공급 전용 탐색군. 현재 영업·체류·학습 허용 미검증.",184,cafe_supply_only_exploratory_not_personal_satisfaction
89,3110583,공덕래미안3차아파트,골목상권,True,,1.0,1.0,70,False,False,supply_only,no_cafe_sales_rows,,45.13358778625954,,6c591a7_residual_size_adjusted_draft_2025Q4,official_inside_counts_no_external_walk_component,supply_only_exploration_only,45.13358778625954,True,False,,,,33.778625954198475,71.62849872773536,33.778625954198475,71.62849872773536,23.64503816793893,21.488549618320608,C2_bakery|C1_coffee,C2_bakery,only_C1_C2_available_C_stay_unverified_no_third_subtype,"공식 2025Q4 커피·음료 1개, 제과 1개. 매출 상태 supply_only; 공급 전용 탐색군. 현재 영업·체류·학습 허용 미검증.",184,cafe_supply_only_exploratory_not_personal_satisfaction
90,3110366,광산사거리,골목상권,True,,5.0,0.0,107,False,False,supply_only,no_cafe_sales_rows,,44.98727735368957,,6c591a7_residual_size_adjusted_draft_2025Q4,official_inside_counts_no_external_walk_component,supply_only_exploration_only,44.98727735368957,True,False,,,,59.4147582697201,11.323155216284988,59.4147582697201,,41.59033078880407,3.3969465648854964,C1_coffee,C1_coffee,only_C1_C2_available_C_stay_unverified_no_third_subtype,"공식 2025Q4 커피·음료 5개, 제과 0개. 매출 상태 supply_only; 공급 전용 탐색군. 현재 영업·체류·학습 허용 미검증.",184,cafe_supply_only_exploratory_not_personal_satisfaction
91,3130088,경동시장,전통시장,True,,3.0,6.0,391,False,False,supply_only,no_cafe_sales_rows,,44.93638676844783,,6c591a7_residual_size_adjusted_draft_2025Q4,official_inside_counts_no_external_walk_component,supply_only_exploration_only,44.93638676844783,True,False,,,,23.02798982188295,96.0559796437659,23.02798982188295,96.0559796437659,16.119592875318066,28.816793893129766,C2_bakery|C1_coffee,C2_bakery,only_C1_C2_available_C_stay_unverified_no_third_subtype,"공식 2025Q4 커피·음료 3개, 제과 6개. 매출 상태 supply_only; 공급 전용 탐색군. 현재 영업·체류·학습 허용 미검증.",184,cafe_supply_only_exploratory_not_personal_satisfaction
92,3110182,용두희망어린이공원,골목상권,True,,3.0,2.0,101,False,False,supply_only,no_cafe_sales_rows,,44.70737913486005,,6c591a7_residual_size_adjusted_draft_2025Q4,official_inside_counts_no_external_walk_component,supply_only_exploration_only,44.70737913486005,True,False,,,,33.33333333333333,71.2468193384224,33.33333333333333,71.2468193384224,23.33333333333333,21.37404580152672,C2_bakery|C1_coffee,C2_bakery,only_C1_C2_available_C_stay_unverified_no_third_subtype,"공식 2025Q4 커피·음료 3개, 제과 2개. 매출 상태 supply_only; 공급 전용 탐색군. 현재 영업·체류·학습 허용 미검증.",184,cafe_supply_only_exploratory_not_personal_satisfaction
93,3130016,동대문상가B동,전통시장,True,,2.0,0.0,87,False,False,supply_only,no_cafe_sales_rows,,44.63740458015266,,6c591a7_residual_size_adjusted_draft_2025Q4,official_inside_counts_no_external_walk_component,supply_only_exploration_only,44.63740458015266,True,False,,,,53.43511450381679,24.10941475826972,53.43511450381679,,37.40458015267175,7.2328244274809155,C1_coffee,C1_coffee,only_C1_C2_available_C_stay_unverified_no_third_subtype,"공식 2025Q4 커피·음료 2개, 제과 0개. 매출 상태 supply_only; 공급 전용 탐색군. 현재 영업·체류·학습 허용 미검증.",184,cafe_supply_only_exploratory_not_personal_satisfaction
94,3130325,명일전통시장,전통시장,True,,2.0,1.0,103,False,False,supply_only,no_cafe_sales_rows,,44.46564885496183,,6c591a7_residual_size_adjusted_draft_2025Q4,official_inside_counts_no_external_walk_component,supply_only_exploration_only,44.46564885496183,True,False,,,,38.16793893129771,59.16030534351145,38.16793893129771,59.16030534351145,26.717557251908396,17.748091603053435,C2_bakery|C1_coffee,C2_bakery,only_C1_C2_available_C_stay_unverified_no_third_subtype,"공식 2025Q4 커피·음료 2개, 제과 1개. 매출 상태 supply_only; 공급 전용 탐색군. 현재 영업·체류·학습 허용 미검증.",184,cafe_supply_only_exploratory_not_personal_satisfaction
95,3130156,시영2단지 무지개종합상가(중계 무지개2단지아파트상가),전통시장,True,,1.0,0.0,46,False,False,supply_only,no_cafe_sales_rows,,43.84860050890585,,6c591a7_residual_size_adjusted_draft_2025Q4,official_inside_counts_no_external_walk_component,supply_only_exploration_only,43.84860050890585,True,False,,,,46.31043256997455,38.10432569974554,46.31043256997455,,32.417302798982185,11.43129770992366,C1_coffee,C1_coffee,only_C1_C2_available_C_stay_unverified_no_third_subtype,"공식 2025Q4 커피·음료 1개, 제과 0개. 매출 상태 supply_only; 공급 전용 탐색군. 현재 영업·체류·학습 허용 미검증.",184,cafe_supply_only_exploratory_not_personal_satisfaction
96,3110536,돈의문센트레빌아파트입구,골목상권,True,,1.0,0.0,43,False,False,supply_only,no_cafe_sales_rows,,43.75318066157761,,6c591a7_residual_size_adjusted_draft_2025Q4,official_inside_counts_no_external_walk_component,supply_only_exploration_only,43.75318066157761,True,False,,,,45.92875318066158,38.67684478371501,45.92875318066158,,32.150127226463106,11.603053435114504,C1_coffee,C1_coffee,only_C1_C2_available_C_stay_unverified_no_third_subtype,"공식 2025Q4 커피·음료 1개, 제과 0개. 매출 상태 supply_only; 공급 전용 탐색군. 현재 영업·체류·학습 허용 미검증.",184,cafe_supply_only_exploratory_not_personal_satisfaction
97,3110257,상봉역 7번,골목상권,True,,5.0,3.0,133,False,False,supply_only,no_cafe_sales_rows,,43.57506361323155,,6c591a7_residual_size_adjusted_draft_2025Q4,official_inside_counts_no_external_walk_component,supply_only_exploration_only,43.57506361323155,True,False,,,,30.788804071246812,73.40966921119593,30.788804071246812,73.40966921119593,21.55216284987277,22.02290076335878,C2_bakery|C1_coffee,C2_bakery,only_C1_C2_available_C_stay_unverified_no_third_subtype,"공식 2025Q4 커피·음료 5개, 제과 3개. 매출 상태 supply_only; 공급 전용 탐색군. 현재 영업·체류·학습 허용 미검증.",184,cafe_supply_only_exploratory_not_personal_satisfaction
98,3111011,잠실나루역,골목상권,True,,2.0,1.0,117,False,False,supply_only,no_cafe_sales_rows,,42.50636132315522,,6c591a7_residual_size_adjusted_draft_2025Q4,official_inside_counts_no_external_walk_component,supply_only_exploration_only,42.50636132315522,True,False,,,,36.51399491094148,56.48854961832062,36.51399491094148,56.48854961832062,25.55979643765903,16.946564885496183,C2_bakery|C1_coffee,C2_bakery,only_C1_C2_available_C_stay_unverified_no_third_subtype,"공식 2025Q4 커피·음료 2개, 제과 1개. 매출 상태 supply_only; 공급 전용 탐색군. 현재 영업·체류·학습 허용 미검증.",184,cafe_supply_only_exploratory_not_personal_satisfaction
99,3110130,답십리역 6번,골목상권,True,,2.0,0.0,49,False,False,supply_only,no_cafe_sales_rows,,40.458015267175576,,6c591a7_residual_size_adjusted_draft_2025Q4,official_inside_counts_no_external_walk_component,supply_only_exploration_only,40.458015267175576,True,False,,,,46.94656488549619,25.31806615776081,46.94656488549619,,32.86259541984733,7.595419847328243,C1_coffee,C1_coffee,only_C1_C2_available_C_stay_unverified_no_third_subtype,"공식 2025Q4 커피·음료 2개, 제과 0개. 매출 상태 supply_only; 공급 전용 탐색군. 현재 영업·체류·학습 허용 미검증.",184,cafe_supply_only_exploratory_not_personal_satisfaction
100,3110088,오산고등학교,골목상권,True,,6.0,0.0,105,False,False,supply_only,no_cafe_sales_rows,,39.77099236641221,,6c591a7_residual_size_adjusted_draft_2025Q4,official_inside_counts_no_external_walk_component,supply_only_exploration_only,39.77099236641221,True,False,,,,53.05343511450382,8.778625954198473,53.05343511450382,,37.13740458015267,2.633587786259542,C1_coffee,C1_coffee,only_C1_C2_available_C_stay_unverified_no_third_subtype,"공식 2025Q4 커피·음료 6개, 제과 0개. 매출 상태 supply_only; 공급 전용 탐색군. 현재 영업·체류·학습 허용 미검증.",184,cafe_supply_only_exploratory_not_personal_satisfaction
101,3130081,자양골목전통시장(자양골목시장),전통시장,True,,3.0,2.0,158,False,False,supply_only,no_cafe_sales_rows,,39.74554707379135,,6c591a7_residual_size_adjusted_draft_2025Q4,official_inside_counts_no_external_walk_component,supply_only_exploration_only,39.74554707379135,True,False,,,,28.75318066157761,65.39440203562341,28.75318066157761,65.39440203562341,20.127226463104325,19.618320610687025,C2_bakery|C1_coffee,C2_bakery,only_C1_C2_available_C_stay_unverified_no_third_subtype,"공식 2025Q4 커피·음료 3개, 제과 2개. 매출 상태 supply_only; 공급 전용 탐색군. 현재 영업·체류·학습 허용 미검증.",184,cafe_supply_only_exploratory_not_personal_satisfaction
102,3130154,상계주공1단지(가)상가,전통시장,True,,1.0,0.0,54,False,False,supply_only,no_cafe_sales_rows,,39.70737913486005,,6c591a7_residual_size_adjusted_draft_2025Q4,official_inside_counts_no_external_walk_component,supply_only_exploration_only,39.70737913486005,True,False,,,,41.73027989821883,34.987277353689564,41.73027989821883,,29.21119592875318,10.496183206106869,C1_coffee,C1_coffee,only_C1_C2_available_C_stay_unverified_no_third_subtype,"공식 2025Q4 커피·음료 1개, 제과 0개. 매출 상태 supply_only; 공급 전용 탐색군. 현재 영업·체류·학습 허용 미검증.",184,cafe_supply_only_exploratory_not_personal_satisfaction
103,3130136,수유재래시장,전통시장,True,,0.0,1.0,29,False,False,supply_only,no_cafe_sales_rows,,39.4147582697201,,6c591a7_residual_size_adjusted_draft_2025Q4,official_inside_counts_no_external_walk_component,supply_only_exploration_only,39.4147582697201,True,False,,,,18.19338422391857,88.93129770992367,,88.93129770992367,12.735368956742999,26.6793893129771,C2_bakery,C2_bakery,only_C1_C2_available_C_stay_unverified_no_third_subtype,"공식 2025Q4 커피·음료 0개, 제과 1개. 매출 상태 supply_only; 공급 전용 탐색군. 현재 영업·체류·학습 허용 미검증.",184,cafe_supply_only_exploratory_not_personal_satisfaction
104,3110514,서대문우체국,골목상권,True,,2.0,2.0,55,False,False,supply_only,no_cafe_sales_rows,,39.13486005089058,,6c591a7_residual_size_adjusted_draft_2025Q4,official_inside_counts_no_external_walk_component,supply_only_exploration_only,39.13486005089058,True,False,,,,21.501272264631044,80.27989821882952,21.501272264631044,80.27989821882952,15.05089058524173,24.083969465648853,C2_bakery|C1_coffee,C2_bakery,only_C1_C2_available_C_stay_unverified_no_third_subtype,"공식 2025Q4 커피·음료 2개, 제과 2개. 매출 상태 supply_only; 공급 전용 탐색군. 현재 영업·체류·학습 허용 미검증.",184,cafe_supply_only_exploratory_not_personal_satisfaction
105,3110200,동대문경찰서,골목상권,True,,1.0,0.0,33,False,False,supply_only,no_cafe_sales_rows,,38.77862595419848,,6c591a7_residual_size_adjusted_draft_2025Q4,official_inside_counts_no_external_walk_component,supply_only_exploration_only,38.77862595419848,True,False,,,,39.31297709923664,37.53180661577608,39.31297709923664,,27.519083969465647,11.259541984732822,C1_coffee,C1_coffee,only_C1_C2_available_C_stay_unverified_no_third_subtype,"공식 2025Q4 커피·음료 1개, 제과 0개. 매출 상태 supply_only; 공급 전용 탐색군. 현재 영업·체류·학습 허용 미검증.",184,cafe_supply_only_exploratory_not_personal_satisfaction
106,3110336,석관고등학교,골목상권,True,,3.0,0.0,61,False,False,supply_only,no_cafe_sales_rows,,38.295165394402034,,6c591a7_residual_size_adjusted_draft_2025Q4,official_inside_counts_no_external_walk_component,supply_only_exploration_only,38.295165394402034,True,False,,,,47.07379134860051,17.8117048346056,47.07379134860051,,32.95165394402036,5.34351145038168,C1_coffee,C1_coffee,only_C1_C2_available_C_stay_unverified_no_third_subtype,"공식 2025Q4 커피·음료 3개, 제과 0개. 매출 상태 supply_only; 공급 전용 탐색군. 현재 영업·체류·학습 허용 미검증.",184,cafe_supply_only_exploratory_not_personal_satisfaction
107,3130104,전곡시장,전통시장,True,,1.0,1.0,71,False,False,supply_only,no_cafe_sales_rows,,37.74809160305344,,6c591a7_residual_size_adjusted_draft_2025Q4,official_inside_counts_no_external_walk_component,supply_only_exploration_only,37.74809160305344,True,False,,,,25.19083969465649,67.04834605597965,25.19083969465649,67.04834605597965,17.63358778625954,20.114503816793896,C2_bakery|C1_coffee,C2_bakery,only_C1_C2_available_C_stay_unverified_no_third_subtype,"공식 2025Q4 커피·음료 1개, 제과 1개. 매출 상태 supply_only; 공급 전용 탐색군. 현재 영업·체류·학습 허용 미검증.",184,cafe_supply_only_exploratory_not_personal_satisfaction
108,3130145,쌍문역둘리상점가,전통시장,True,,1.0,3.0,96,False,False,supply_only,no_cafe_sales_rows,,37.1882951653944,,6c591a7_residual_size_adjusted_draft_2025Q4,official_inside_counts_no_external_walk_component,supply_only_exploration_only,37.1882951653944,True,False,,,,13.486005089058525,92.49363867684478,13.486005089058525,92.49363867684478,9.440203562340967,27.748091603053435,C2_bakery|C1_coffee,C2_bakery,only_C1_C2_available_C_stay_unverified_no_third_subtype,"공식 2025Q4 커피·음료 1개, 제과 3개. 매출 상태 supply_only; 공급 전용 탐색군. 현재 영업·체류·학습 허용 미검증.",184,cafe_supply_only_exploratory_not_personal_satisfaction
109,3110164,아차산역 5번,골목상권,True,,3.0,1.0,76,False,False,supply_only,no_cafe_sales_rows,,36.284987277353686,,6c591a7_residual_size_adjusted_draft_2025Q4,official_inside_counts_no_external_walk_component,supply_only_exploration_only,36.284987277353686,True,False,,,,31.170483460559797,48.21882951653944,31.170483460559797,48.21882951653944,21.81933842239186,14.465648854961831,C2_bakery|C1_coffee,C2_bakery,only_C1_C2_available_C_stay_unverified_no_third_subtype,"공식 2025Q4 커피·음료 3개, 제과 1개. 매출 상태 supply_only; 공급 전용 탐색군. 현재 영업·체류·학습 허용 미검증.",184,cafe_supply_only_exploratory_not_personal_satisfaction
110,3110361,삼양사거리역 1번,골목상권,True,,2.0,2.0,73,False,False,supply_only,no_cafe_sales_rows,,36.284987277353686,,6c591a7_residual_size_adjusted_draft_2025Q4,official_inside_counts_no_external_walk_component,supply_only_exploration_only,36.284987277353686,True,False,,,,19.338422391857502,75.82697201017811,19.338422391857502,75.82697201017811,13.53689567430025,22.74809160305343,C2_bakery|C1_coffee,C2_bakery,only_C1_C2_available_C_stay_unverified_no_third_subtype,"공식 2025Q4 커피·음료 2개, 제과 2개. 매출 상태 supply_only; 공급 전용 탐색군. 현재 영업·체류·학습 허용 미검증.",184,cafe_supply_only_exploratory_not_personal_satisfaction
111,3130071,성수역 골목형상점가,전통시장,True,,1.0,0.0,62,False,False,supply_only,no_cafe_sales_rows,,36.0559796437659,,6c591a7_residual_size_adjusted_draft_2025Q4,official_inside_counts_no_external_walk_component,supply_only_exploration_only,36.0559796437659,True,False,,,,38.04071246819338,31.424936386768447,38.04071246819338,,26.628498727735362,9.427480916030534,C1_coffee,C1_coffee,only_C1_C2_available_C_stay_unverified_no_third_subtype,"공식 2025Q4 커피·음료 1개, 제과 0개. 매출 상태 supply_only; 공급 전용 탐색군. 현재 영업·체류·학습 허용 미검증.",184,cafe_supply_only_exploratory_not_personal_satisfaction
112,3130302,강남시장(강남구 강남시장),전통시장,True,,0.0,2.0,45,False,False,supply_only,no_cafe_sales_rows,,35.92875318066157,,6c591a7_residual_size_adjusted_draft_2025Q4,official_inside_counts_no_external_walk_component,supply_only_exploration_only,35.92875318066157,True,False,,,,10.05089058524173,96.31043256997457,,96.31043256997457,7.03562340966921,28.893129770992367,C2_bakery,C2_bakery,only_C1_C2_available_C_stay_unverified_no_third_subtype,"공식 2025Q4 커피·음료 0개, 제과 2개. 매출 상태 supply_only; 공급 전용 탐색군. 현재 영업·체류·학습 허용 미검증.",184,cafe_supply_only_exploratory_not_personal_satisfaction
113,3110974,언주중학교,골목상권,True,,2.0,0.0,70,False,False,supply_only,no_cafe_sales_rows,,35.89058524173028,,6c591a7_residual_size_adjusted_draft_2025Q4,official_inside_counts_no_external_walk_component,supply_only_exploration_only,35.89058524173028,True,False,,,,42.11195928753181,21.37404580152672,42.11195928753181,,29.478371501272264,6.412213740458015,C1_coffee,C1_coffee,only_C1_C2_available_C_stay_unverified_no_third_subtype,"공식 2025Q4 커피·음료 2개, 제과 0개. 매출 상태 supply_only; 공급 전용 탐색군. 현재 영업·체류·학습 허용 미검증.",184,cafe_supply_only_exploratory_not_personal_satisfaction
114,3130031,청계천공구상가,전통시장,True,,2.0,0.0,89,False,False,supply_only,no_cafe_sales_rows,,34.24936386768447,,6c591a7_residual_size_adjusted_draft_2025Q4,official_inside_counts_no_external_walk_component,supply_only_exploration_only,34.24936386768447,True,False,,,,40.5852417302799,19.46564885496183,40.5852417302799,,28.409669211195926,5.8396946564885495,C1_coffee,C1_coffee,only_C1_C2_available_C_stay_unverified_no_third_subtype,"공식 2025Q4 커피·음료 2개, 제과 0개. 매출 상태 supply_only; 공급 전용 탐색군. 현재 영업·체류·학습 허용 미검증.",184,cafe_supply_only_exploratory_not_personal_satisfaction
115,3130061,이태원시장,전통시장,True,,1.0,2.0,151,False,False,supply_only,no_cafe_sales_rows,,33.587786259541986,,6c591a7_residual_size_adjusted_draft_2025Q4,official_inside_counts_no_external_walk_component,supply_only_exploration_only,33.587786259541986,True,False,,,,14.122137404580156,79.00763358778626,14.122137404580156,79.00763358778626,9.88549618320611,23.702290076335878,C2_bakery|C1_coffee,C2_bakery,only_C1_C2_available_C_stay_unverified_no_third_subtype,"공식 2025Q4 커피·음료 1개, 제과 2개. 매출 상태 supply_only; 공급 전용 탐색군. 현재 영업·체류·학습 허용 미검증.",184,cafe_supply_only_exploratory_not_personal_satisfaction
116,3110209,답십리 장령당공원,골목상권,True,,1.0,0.0,50,False,False,supply_only,no_cafe_sales_rows,,33.2442748091603,,6c591a7_residual_size_adjusted_draft_2025Q4,official_inside_counts_no_external_walk_component,supply_only_exploration_only,33.2442748091603,True,False,,,,33.969465648854964,31.55216284987277,33.969465648854964,,23.778625954198475,9.465648854961831,C1_coffee,C1_coffee,only_C1_C2_available_C_stay_unverified_no_third_subtype,"공식 2025Q4 커피·음료 1개, 제과 0개. 매출 상태 supply_only; 공급 전용 탐색군. 현재 영업·체류·학습 허용 미검증.",184,cafe_supply_only_exploratory_not_personal_satisfaction
117,3110988,청담역 3번,골목상권,True,,2.0,1.0,59,False,False,supply_only,no_cafe_sales_rows,,33.078880407124686,,6c591a7_residual_size_adjusted_draft_2025Q4,official_inside_counts_no_external_walk_component,supply_only_exploration_only,33.078880407124686,True,False,,,,23.53689567430025,55.34351145038168,23.53689567430025,55.34351145038168,16.475826972010175,16.603053435114504,C2_bakery|C1_coffee,C2_bakery,only_C1_C2_available_C_stay_unverified_no_third_subtype,"공식 2025Q4 커피·음료 2개, 제과 1개. 매출 상태 supply_only; 공급 전용 탐색군. 현재 영업·체류·학습 허용 미검증.",184,cafe_supply_only_exploratory_not_personal_satisfaction
118,3130038,"평화시장(통일상가, 동화상가)",전통시장,True,,26.0,5.0,2127,False,False,supply_only,no_cafe_sales_rows,,33.02798982188295,,6c591a7_residual_size_adjusted_draft_2025Q4,official_inside_counts_no_external_walk_component,supply_only_exploration_only,33.02798982188295,True,False,,,,34.86005089058524,28.75318066157761,34.86005089058524,28.75318066157761,24.402035623409667,8.625954198473282,C1_coffee|C2_bakery,C1_coffee,only_C1_C2_available_C_stay_unverified_no_third_subtype,"공식 2025Q4 커피·음료 26개, 제과 5개. 매출 상태 supply_only; 공급 전용 탐색군. 현재 영업·체류·학습 허용 미검증.",184,cafe_supply_only_exploratory_not_personal_satisfaction
119,3110365,미아역 5번,골목상권,True,,4.0,2.0,126,False,False,supply_only,no_cafe_sales_rows,,32.32824427480916,,6c591a7_residual_size_adjusted_draft_2025Q4,official_inside_counts_no_external_walk_component,supply_only_exploration_only,32.32824427480916,True,False,,,,21.37404580152672,57.88804071246819,21.37404580152672,57.88804071246819,14.961832061068703,17.366412213740457,C2_bakery|C1_coffee,C2_bakery,only_C1_C2_available_C_stay_unverified_no_third_subtype,"공식 2025Q4 커피·음료 4개, 제과 2개. 매출 상태 supply_only; 공급 전용 탐색군. 현재 영업·체류·학습 허용 미검증.",184,cafe_supply_only_exploratory_not_personal_satisfaction
120,3110065,남정초등학교,골목상권,True,,1.0,0.0,70,False,False,supply_only,no_cafe_sales_rows,,32.213740458015266,,6c591a7_residual_size_adjusted_draft_2025Q4,official_inside_counts_no_external_walk_component,supply_only_exploration_only,32.213740458015266,True,False,,,,33.778625954198475,28.56234096692112,33.778625954198475,,23.64503816793893,8.568702290076336,C1_coffee,C1_coffee,only_C1_C2_available_C_stay_unverified_no_third_subtype,"공식 2025Q4 커피·음료 1개, 제과 0개. 매출 상태 supply_only; 공급 전용 탐색군. 현재 영업·체류·학습 허용 미검증.",184,cafe_supply_only_exploratory_not_personal_satisfaction
121,3110046,버티고개,골목상권,True,,1.0,0.0,27,False,False,supply_only,no_cafe_sales_rows,,32.03562340966921,,6c591a7_residual_size_adjusted_draft_2025Q4,official_inside_counts_no_external_walk_component,supply_only_exploration_only,32.03562340966921,True,False,,,,30.66157760814249,35.24173027989822,30.66157760814249,,21.463104325699742,10.572519083969466,C1_coffee,C1_coffee,only_C1_C2_available_C_stay_unverified_no_third_subtype,"공식 2025Q4 커피·음료 1개, 제과 0개. 매출 상태 supply_only; 공급 전용 탐색군. 현재 영업·체류·학습 허용 미검증.",184,cafe_supply_only_exploratory_not_personal_satisfaction
122,3110574,서강대학교,골목상권,True,,0.0,1.0,47,False,False,supply_only,no_cafe_sales_rows,,31.47582697201017,,6c591a7_residual_size_adjusted_draft_2025Q4,official_inside_counts_no_external_walk_component,supply_only_exploration_only,31.47582697201017,True,False,,,,9.79643765903308,82.06106870229007,,82.06106870229007,6.857506361323155,24.61832061068702,C2_bakery,C2_bakery,only_C1_C2_available_C_stay_unverified_no_third_subtype,"공식 2025Q4 커피·음료 0개, 제과 1개. 매출 상태 supply_only; 공급 전용 탐색군. 현재 영업·체류·학습 허용 미검증.",184,cafe_supply_only_exploratory_not_personal_satisfaction
123,3130090,청량리종합시장,전통시장,True,,2.0,1.0,182,False,False,supply_only,no_cafe_sales_rows,,31.10687022900763,,6c591a7_residual_size_adjusted_draft_2025Q4,official_inside_counts_no_external_walk_component,supply_only_exploration_only,31.10687022900763,True,False,,,,24.42748091603053,46.69211195928753,24.42748091603053,46.69211195928753,17.09923664122137,14.007633587786259,C2_bakery|C1_coffee,C2_bakery,only_C1_C2_available_C_stay_unverified_no_third_subtype,"공식 2025Q4 커피·음료 2개, 제과 1개. 매출 상태 supply_only; 공급 전용 탐색군. 현재 영업·체류·학습 허용 미검증.",184,cafe_supply_only_exploratory_not_personal_satisfaction
124,3130319,성내전통시장,전통시장,True,,1.0,2.0,119,False,False,supply_only,no_cafe_sales_rows,,30.368956743002546,,6c591a7_residual_size_adjusted_draft_2025Q4,official_inside_counts_no_external_walk_component,supply_only_exploration_only,30.368956743002546,True,False,,,,10.178117048346056,77.48091603053436,10.178117048346056,77.48091603053436,7.124681933842239,23.244274809160306,C2_bakery|C1_coffee,C2_bakery,only_C1_C2_available_C_stay_unverified_no_third_subtype,"공식 2025Q4 커피·음료 1개, 제과 2개. 매출 상태 supply_only; 공급 전용 탐색군. 현재 영업·체류·학습 허용 미검증.",184,cafe_supply_only_exploratory_not_personal_satisfaction
125,3130049,신당 미래유산 먹거리 골목형상점가,전통시장,True,,0.0,1.0,51,False,False,supply_only,no_cafe_sales_rows,,30.254452926208653,,6c591a7_residual_size_adjusted_draft_2025Q4,official_inside_counts_no_external_walk_component,supply_only_exploration_only,30.254452926208653,True,False,,,,9.033078880407125,79.77099236641222,,79.77099236641222,6.323155216284987,23.931297709923665,C2_bakery,C2_bakery,only_C1_C2_available_C_stay_unverified_no_third_subtype,"공식 2025Q4 커피·음료 0개, 제과 1개. 매출 상태 supply_only; 공급 전용 탐색군. 현재 영업·체류·학습 허용 미검증.",184,cafe_supply_only_exploratory_not_personal_satisfaction
126,3110970,학동초등학교,골목상권,True,,1.0,1.0,57,False,False,supply_only,no_cafe_sales_rows,,29.87277353689567,,6c591a7_residual_size_adjusted_draft_2025Q4,official_inside_counts_no_external_walk_component,supply_only_exploration_only,29.87277353689567,True,False,,,,15.521628498727736,63.358778625954194,15.521628498727736,63.358778625954194,10.865139949109414,19.00763358778626,C2_bakery|C1_coffee,C2_bakery,only_C1_C2_available_C_stay_unverified_no_third_subtype,"공식 2025Q4 커피·음료 1개, 제과 1개. 매출 상태 supply_only; 공급 전용 탐색군. 현재 영업·체류·학습 허용 미검증.",184,cafe_supply_only_exploratory_not_personal_satisfaction
127,3110253,중곡초등학교,골목상권,True,,5.0,1.0,174,False,False,supply_only,no_cafe_sales_rows,,29.69465648854962,,6c591a7_residual_size_adjusted_draft_2025Q4,official_inside_counts_no_external_walk_component,supply_only_exploration_only,29.69465648854962,True,False,,,,30.916030534351147,26.84478371501272,30.916030534351147,26.84478371501272,21.641221374045802,8.053435114503817,C1_coffee|C2_bakery,C1_coffee,only_C1_C2_available_C_stay_unverified_no_third_subtype,"공식 2025Q4 커피·음료 5개, 제과 1개. 매출 상태 supply_only; 공급 전용 탐색군. 현재 영업·체류·학습 허용 미검증.",184,cafe_supply_only_exploratory_not_personal_satisfaction
128,3110264,면목역 2번,골목상권,True,,9.0,4.0,322,False,False,supply_only,no_cafe_sales_rows,,29.36386768447837,,6c591a7_residual_size_adjusted_draft_2025Q4,official_inside_counts_no_external_walk_component,supply_only_exploration_only,29.36386768447837,True,False,,,,17.68447837150127,56.61577608142494,17.68447837150127,56.61577608142494,12.37913486005089,16.984732824427482,C2_bakery|C1_coffee,C2_bakery,only_C1_C2_available_C_stay_unverified_no_third_subtype,"공식 2025Q4 커피·음료 9개, 제과 4개. 매출 상태 supply_only; 공급 전용 탐색군. 현재 영업·체류·학습 허용 미검증.",184,cafe_supply_only_exploratory_not_personal_satisfaction
129,3110325,장곡초등학교,골목상권,True,,3.0,3.0,157,False,False,supply_only,no_cafe_sales_rows,,27.78625954198473,,6c591a7_residual_size_adjusted_draft_2025Q4,official_inside_counts_no_external_walk_component,supply_only_exploration_only,27.78625954198473,True,False,,,,9.923664122137405,69.46564885496184,9.923664122137405,69.46564885496184,6.946564885496183,20.83969465648855,C2_bakery|C1_coffee,C2_bakery,only_C1_C2_available_C_stay_unverified_no_third_subtype,"공식 2025Q4 커피·음료 3개, 제과 3개. 매출 상태 supply_only; 공급 전용 탐색군. 현재 영업·체류·학습 허용 미검증.",184,cafe_supply_only_exploratory_not_personal_satisfaction
130,3110413,누원고등학교,골목상권,True,,3.0,0.0,80,False,False,supply_only,no_cafe_sales_rows,,27.20101781170484,,6c591a7_residual_size_adjusted_draft_2025Q4,official_inside_counts_no_external_walk_component,supply_only_exploration_only,27.20101781170484,True,False,,,,33.460559796437664,12.595419847328245,33.460559796437664,,23.422391857506362,3.778625954198473,C1_coffee,C1_coffee,only_C1_C2_available_C_stay_unverified_no_third_subtype,"공식 2025Q4 커피·음료 3개, 제과 0개. 매출 상태 supply_only; 공급 전용 탐색군. 현재 영업·체류·학습 허용 미검증.",184,cafe_supply_only_exploratory_not_personal_satisfaction
131,3130197,마포시장,전통시장,True,,1.0,0.0,86,False,False,supply_only,no_cafe_sales_rows,,26.704834605597963,,6c591a7_residual_size_adjusted_draft_2025Q4,official_inside_counts_no_external_walk_component,supply_only_exploration_only,26.704834605597963,True,False,,,,27.735368956743,24.30025445292621,27.735368956743,,19.4147582697201,7.290076335877863,C1_coffee,C1_coffee,only_C1_C2_available_C_stay_unverified_no_third_subtype,"공식 2025Q4 커피·음료 1개, 제과 0개. 매출 상태 supply_only; 공급 전용 탐색군. 현재 영업·체류·학습 허용 미검증.",184,cafe_supply_only_exploratory_not_personal_satisfaction
132,3110202,전농1동주민센터(전농시장),골목상권,True,,0.0,1.0,51,False,False,supply_only,no_cafe_sales_rows,,26.23409669211196,,6c591a7_residual_size_adjusted_draft_2025Q4,official_inside_counts_no_external_walk_component,supply_only_exploration_only,26.23409669211196,True,False,,,,5.852417302798982,73.79134860050891,,73.79134860050891,4.096692111959287,22.137404580152673,C2_bakery,C2_bakery,only_C1_C2_available_C_stay_unverified_no_third_subtype,"공식 2025Q4 커피·음료 0개, 제과 1개. 매출 상태 supply_only; 공급 전용 탐색군. 현재 영업·체류·학습 허용 미검증.",184,cafe_supply_only_exploratory_not_personal_satisfaction
133,3110110,상왕십리역 6번,골목상권,True,,1.0,2.0,112,False,False,supply_only,no_cafe_sales_rows,,25.776081424936383,,6c591a7_residual_size_adjusted_draft_2025Q4,official_inside_counts_no_external_walk_component,supply_only_exploration_only,25.776081424936383,True,False,,,,6.615776081424936,70.48346055979644,6.615776081424936,70.48346055979644,4.6310432569974544,21.14503816793893,C2_bakery|C1_coffee,C2_bakery,only_C1_C2_available_C_stay_unverified_no_third_subtype,"공식 2025Q4 커피·음료 1개, 제과 2개. 매출 상태 supply_only; 공급 전용 탐색군. 현재 영업·체류·학습 허용 미검증.",184,cafe_supply_only_exploratory_not_personal_satisfaction
134,3110119,마장지하차도,골목상권,True,,1.0,0.0,81,False,False,supply_only,no_cafe_sales_rows,,25.521628498727736,,6c591a7_residual_size_adjusted_draft_2025Q4,official_inside_counts_no_external_walk_component,supply_only_exploration_only,25.521628498727736,True,False,,,,26.208651399491096,23.918575063613236,26.208651399491096,,18.346055979643765,7.17557251908397,C1_coffee,C1_coffee,only_C1_C2_available_C_stay_unverified_no_third_subtype,"공식 2025Q4 커피·음료 1개, 제과 0개. 매출 상태 supply_only; 공급 전용 탐색군. 현재 영업·체류·학습 허용 미검증.",184,cafe_supply_only_exploratory_not_personal_satisfaction
135,3110271,신내역 1번,골목상권,True,,2.0,0.0,36,False,False,supply_only,no_cafe_sales_rows,,25.16539440203562,,6c591a7_residual_size_adjusted_draft_2025Q4,official_inside_counts_no_external_walk_component,supply_only_exploration_only,25.16539440203562,True,False,,,,27.2264631043257,20.35623409669211,27.2264631043257,,19.058524173027987,6.106870229007632,C1_coffee,C1_coffee,only_C1_C2_available_C_stay_unverified_no_third_subtype,"공식 2025Q4 커피·음료 2개, 제과 0개. 매출 상태 supply_only; 공급 전용 탐색군. 현재 영업·체류·학습 허용 미검증.",184,cafe_supply_only_exploratory_not_personal_satisfaction
136,3130101,답십리현대시장,전통시장,True,,1.0,0.0,93,False,False,supply_only,no_cafe_sales_rows,,24.910941475826974,,6c591a7_residual_size_adjusted_draft_2025Q4,official_inside_counts_no_external_walk_component,supply_only_exploration_only,24.910941475826974,True,False,,,,25.82697201017812,22.7735368956743,25.82697201017812,,18.078880407124682,6.8320610687022905,C1_coffee,C1_coffee,only_C1_C2_available_C_stay_unverified_no_third_subtype,"공식 2025Q4 커피·음료 1개, 제과 0개. 매출 상태 supply_only; 공급 전용 탐색군. 현재 영업·체류·학습 허용 미검증.",184,cafe_supply_only_exploratory_not_personal_satisfaction
137,3130091,청량종합도매시장,전통시장,True,,2.0,1.0,139,False,False,supply_only,no_cafe_sales_rows,,24.32569974554708,,6c591a7_residual_size_adjusted_draft_2025Q4,official_inside_counts_no_external_walk_component,supply_only_exploration_only,24.32569974554708,True,False,,,,16.157760814249365,43.38422391857507,16.157760814249365,43.38422391857507,11.310432569974555,13.01526717557252,C2_bakery|C1_coffee,C2_bakery,only_C1_C2_available_C_stay_unverified_no_third_subtype,"공식 2025Q4 커피·음료 2개, 제과 1개. 매출 상태 supply_only; 공급 전용 탐색군. 현재 영업·체류·학습 허용 미검증.",184,cafe_supply_only_exploratory_not_personal_satisfaction
138,3110320,KB국민은행 종암동지점,골목상권,True,,1.0,0.0,39,False,False,supply_only,no_cafe_sales_rows,,23.9821882951654,,6c591a7_residual_size_adjusted_draft_2025Q4,official_inside_counts_no_external_walk_component,supply_only_exploration_only,23.9821882951654,True,False,,,,22.646310432569976,27.09923664122137,22.646310432569976,,15.852417302798981,8.12977099236641,C1_coffee,C1_coffee,only_C1_C2_available_C_stay_unverified_no_third_subtype,"공식 2025Q4 커피·음료 1개, 제과 0개. 매출 상태 supply_only; 공급 전용 탐색군. 현재 영업·체류·학습 허용 미검증.",184,cafe_supply_only_exploratory_not_personal_satisfaction
139,3130128,돌곶이시장(석관황금시장),전통시장,True,,0.0,2.0,97,False,False,supply_only,no_cafe_sales_rows,,23.60050890585241,,6c591a7_residual_size_adjusted_draft_2025Q4,official_inside_counts_no_external_walk_component,supply_only_exploration_only,23.60050890585241,True,False,,,,1.2722646310432568,75.69974554707379,,75.69974554707379,0.8905852417302798,22.709923664122137,C2_bakery,C2_bakery,only_C1_C2_available_C_stay_unverified_no_third_subtype,"공식 2025Q4 커피·음료 0개, 제과 2개. 매출 상태 supply_only; 공급 전용 탐색군. 현재 영업·체류·학습 허용 미검증.",184,cafe_supply_only_exploratory_not_personal_satisfaction
140,3130125,장위전통시장,전통시장,True,,0.0,2.0,92,False,False,supply_only,no_cafe_sales_rows,,23.00254452926209,,6c591a7_residual_size_adjusted_draft_2025Q4,official_inside_counts_no_external_walk_component,supply_only_exploration_only,23.00254452926209,True,False,,,,1.0178117048346056,74.30025445292621,,74.30025445292621,0.7124681933842238,22.290076335877863,C2_bakery,C2_bakery,only_C1_C2_available_C_stay_unverified_no_third_subtype,"공식 2025Q4 커피·음료 0개, 제과 2개. 매출 상태 supply_only; 공급 전용 탐색군. 현재 영업·체류·학습 허용 미검증.",184,cafe_supply_only_exploratory_not_personal_satisfaction
141,3130141,강북북부골목시장,전통시장,True,,0.0,1.0,68,False,False,supply_only,no_cafe_sales_rows,,22.697201017811704,,6c591a7_residual_size_adjusted_draft_2025Q4,official_inside_counts_no_external_walk_component,supply_only_exploration_only,22.697201017811704,True,False,,,,4.071246819338422,66.15776081424937,,66.15776081424937,2.8498727735368954,19.84732824427481,C2_bakery,C2_bakery,only_C1_C2_available_C_stay_unverified_no_third_subtype,"공식 2025Q4 커피·음료 0개, 제과 1개. 매출 상태 supply_only; 공급 전용 탐색군. 현재 영업·체류·학습 허용 미검증.",184,cafe_supply_only_exploratory_not_personal_satisfaction
142,3110199,홍릉시장,골목상권,True,,3.0,1.0,154,False,False,supply_only,no_cafe_sales_rows,,22.150127226463106,,6c591a7_residual_size_adjusted_draft_2025Q4,official_inside_counts_no_external_walk_component,supply_only_exploration_only,22.150127226463106,True,False,,,,17.302798982188293,33.460559796437664,17.302798982188293,33.460559796437664,12.111959287531803,10.038167938931299,C2_bakery|C1_coffee,C2_bakery,only_C1_C2_available_C_stay_unverified_no_third_subtype,"공식 2025Q4 커피·음료 3개, 제과 1개. 매출 상태 supply_only; 공급 전용 탐색군. 현재 영업·체류·학습 허용 미검증.",184,cafe_supply_only_exploratory_not_personal_satisfaction
143,3110223,군자초등학교,골목상권,True,,1.0,0.0,51,False,False,supply_only,no_cafe_sales_rows,,21.97201017811705,,6c591a7_residual_size_adjusted_draft_2025Q4,official_inside_counts_no_external_walk_component,supply_only_exploration_only,21.97201017811705,True,False,,,,20.865139949109416,24.55470737913486,20.865139949109416,,14.60559796437659,7.366412213740458,C1_coffee,C1_coffee,only_C1_C2_available_C_stay_unverified_no_third_subtype,"공식 2025Q4 커피·음료 1개, 제과 0개. 매출 상태 supply_only; 공급 전용 탐색군. 현재 영업·체류·학습 허용 미검증.",184,cafe_supply_only_exploratory_not_personal_satisfaction
144,3130140,숭인시장,전통시장,True,,1.0,1.0,126,False,False,supply_only,no_cafe_sales_rows,,21.85750636132316,,6c591a7_residual_size_adjusted_draft_2025Q4,official_inside_counts_no_external_walk_component,supply_only_exploration_only,21.85750636132316,True,False,,,,9.4147582697201,50.89058524173028,9.4147582697201,50.89058524173028,6.590330788804069,15.267175572519083,C2_bakery|C1_coffee,C2_bakery,only_C1_C2_available_C_stay_unverified_no_third_subtype,"공식 2025Q4 커피·음료 1개, 제과 1개. 매출 상태 supply_only; 공급 전용 탐색군. 현재 영업·체류·학습 허용 미검증.",184,cafe_supply_only_exploratory_not_personal_satisfaction
145,3110236,신묵초등학교,골목상권,True,,8.0,2.0,299,False,False,supply_only,no_cafe_sales_rows,,21.424936386768447,,6c591a7_residual_size_adjusted_draft_2025Q4,official_inside_counts_no_external_walk_component,supply_only_exploration_only,21.424936386768447,True,False,,,,18.447837150127228,28.37150127226463,18.447837150127228,28.37150127226463,12.913486005089059,8.511450381679388,C2_bakery|C1_coffee,C2_bakery,only_C1_C2_available_C_stay_unverified_no_third_subtype,"공식 2025Q4 커피·음료 8개, 제과 2개. 매출 상태 supply_only; 공급 전용 탐색군. 현재 영업·체류·학습 허용 미검증.",184,cafe_supply_only_exploratory_not_personal_satisfaction
146,3110052,장충초등학교,골목상권,True,,3.0,1.0,165,False,False,supply_only,no_cafe_sales_rows,,20.979643765903305,,6c591a7_residual_size_adjusted_draft_2025Q4,official_inside_counts_no_external_walk_component,supply_only_exploration_only,20.979643765903305,True,False,,,,16.28498727735369,31.93384223918575,16.28498727735369,31.93384223918575,11.399491094147582,9.580152671755725,C2_bakery|C1_coffee,C2_bakery,only_C1_C2_available_C_stay_unverified_no_third_subtype,"공식 2025Q4 커피·음료 3개, 제과 1개. 매출 상태 supply_only; 공급 전용 탐색군. 현재 영업·체류·학습 허용 미검증.",184,cafe_supply_only_exploratory_not_personal_satisfaction
147,3130020,동묘시장(동묘벼룩시장),전통시장,True,,2.0,0.0,142,False,False,supply_only,no_cafe_sales_rows,,20.89058524173028,,6c591a7_residual_size_adjusted_draft_2025Q4,official_inside_counts_no_external_walk_component,supply_only_exploration_only,20.89058524173028,True,False,,,,24.55470737913486,12.340966921119591,24.55470737913486,,17.1882951653944,3.7022900763358773,C1_coffee,C1_coffee,only_C1_C2_available_C_stay_unverified_no_third_subtype,"공식 2025Q4 커피·음료 2개, 제과 0개. 매출 상태 supply_only; 공급 전용 탐색군. 현재 영업·체류·학습 허용 미검증.",184,cafe_supply_only_exploratory_not_personal_satisfaction
148,3110034,창신1동주민센터,골목상권,True,,1.0,0.0,76,False,False,supply_only,no_cafe_sales_rows,,20.76335877862596,,6c591a7_residual_size_adjusted_draft_2025Q4,official_inside_counts_no_external_walk_component,supply_only_exploration_only,20.76335877862596,True,False,,,,20.229007633587788,22.010178117048344,20.229007633587788,,14.16030534351145,6.603053435114503,C1_coffee,C1_coffee,only_C1_C2_available_C_stay_unverified_no_third_subtype,"공식 2025Q4 커피·음료 1개, 제과 0개. 매출 상태 supply_only; 공급 전용 탐색군. 현재 영업·체류·학습 허용 미검증.",184,cafe_supply_only_exploratory_not_personal_satisfaction
149,3130064,금남시장,전통시장,True,,1.0,0.0,111,False,False,supply_only,no_cafe_sales_rows,,20.5089058524173,,6c591a7_residual_size_adjusted_draft_2025Q4,official_inside_counts_no_external_walk_component,supply_only_exploration_only,20.5089058524173,True,False,,,,20.737913486005088,19.97455470737913,20.737913486005088,,14.51653944020356,5.992366412213739,C1_coffee,C1_coffee,only_C1_C2_available_C_stay_unverified_no_third_subtype,"공식 2025Q4 커피·음료 1개, 제과 0개. 매출 상태 supply_only; 공급 전용 탐색군. 현재 영업·체류·학습 허용 미검증.",184,cafe_supply_only_exploratory_not_personal_satisfaction
150,3110104,신금호역 4번,골목상권,True,,1.0,1.0,86,False,False,supply_only,no_cafe_sales_rows,,19.50381679389313,,6c591a7_residual_size_adjusted_draft_2025Q4,official_inside_counts_no_external_walk_component,supply_only_exploration_only,19.50381679389313,True,False,,,,6.870229007633588,48.98218829516539,6.870229007633588,48.98218829516539,4.809160305343512,14.694656488549617,C2_bakery|C1_coffee,C2_bakery,only_C1_C2_available_C_stay_unverified_no_third_subtype,"공식 2025Q4 커피·음료 1개, 제과 1개. 매출 상태 supply_only; 공급 전용 탐색군. 현재 영업·체류·학습 허용 미검증.",184,cafe_supply_only_exploratory_not_personal_satisfaction
151,3110973,강남구청역 4번,골목상권,True,,3.0,1.0,187,False,False,supply_only,no_cafe_sales_rows,,19.26208651399491,,6c591a7_residual_size_adjusted_draft_2025Q4,official_inside_counts_no_external_walk_component,supply_only_exploration_only,19.26208651399491,True,False,,,,14.75826972010178,29.77099236641221,14.75826972010178,29.77099236641221,10.330788804071245,8.931297709923662,C2_bakery|C1_coffee,C2_bakery,only_C1_C2_available_C_stay_unverified_no_third_subtype,"공식 2025Q4 커피·음료 3개, 제과 1개. 매출 상태 supply_only; 공급 전용 탐색군. 현재 영업·체류·학습 허용 미검증.",184,cafe_supply_only_exploratory_not_personal_satisfaction
152,3110322,장위1동주민센터,골목상권,True,,1.0,1.0,74,False,False,supply_only,no_cafe_sales_rows,,18.91857506361324,,6c591a7_residual_size_adjusted_draft_2025Q4,official_inside_counts_no_external_walk_component,supply_only_exploration_only,18.91857506361324,True,False,,,,5.979643765903308,49.10941475826972,5.979643765903308,49.10941475826972,4.185750636132315,14.732824427480915,C2_bakery|C1_coffee,C2_bakery,only_C1_C2_available_C_stay_unverified_no_third_subtype,"공식 2025Q4 커피·음료 1개, 제과 1개. 매출 상태 supply_only; 공급 전용 탐색군. 현재 영업·체류·학습 허용 미검증.",184,cafe_supply_only_exploratory_not_personal_satisfaction
153,3110113,응봉산,골목상권,True,,2.0,0.0,61,False,False,supply_only,no_cafe_sales_rows,,18.053435114503813,,6c591a7_residual_size_adjusted_draft_2025Q4,official_inside_counts_no_external_walk_component,supply_only_exploration_only,18.053435114503813,True,False,,,,19.46564885496183,14.75826972010178,19.46564885496183,,13.62595419847328,4.427480916030533,C1_coffee,C1_coffee,only_C1_C2_available_C_stay_unverified_no_third_subtype,"공식 2025Q4 커피·음료 2개, 제과 0개. 매출 상태 supply_only; 공급 전용 탐색군. 현재 영업·체류·학습 허용 미검증.",184,cafe_supply_only_exploratory_not_personal_satisfaction
154,3110436,상계제일중학교,골목상권,True,,1.0,0.0,65,False,False,supply_only,no_cafe_sales_rows,,17.964376590330787,,6c591a7_residual_size_adjusted_draft_2025Q4,official_inside_counts_no_external_walk_component,supply_only_exploration_only,17.964376590330787,True,False,,,,16.666666666666664,20.99236641221374,16.666666666666664,,11.666666666666664,6.297709923664122,C1_coffee,C1_coffee,only_C1_C2_available_C_stay_unverified_no_third_subtype,"공식 2025Q4 커피·음료 1개, 제과 0개. 매출 상태 supply_only; 공급 전용 탐색군. 현재 영업·체류·학습 허용 미검증.",184,cafe_supply_only_exploratory_not_personal_satisfaction
155,3110055,황학동벼룩시장,골목상권,True,,1.0,0.0,93,False,False,supply_only,no_cafe_sales_rows,,17.92620865139949,,6c591a7_residual_size_adjusted_draft_2025Q4,official_inside_counts_no_external_walk_component,supply_only_exploration_only,17.92620865139949,True,False,,,,17.43002544529262,19.083969465648856,17.43002544529262,,12.201017811704833,5.7251908396946565,C1_coffee,C1_coffee,only_C1_C2_available_C_stay_unverified_no_third_subtype,"공식 2025Q4 커피·음료 1개, 제과 0개. 매출 상태 supply_only; 공급 전용 탐색군. 현재 영업·체류·학습 허용 미검증.",184,cafe_supply_only_exploratory_not_personal_satisfaction
156,3110189,제기동역 1번,골목상권,True,,1.0,1.0,82,False,False,supply_only,no_cafe_sales_rows,,17.137404580152673,,6c591a7_residual_size_adjusted_draft_2025Q4,official_inside_counts_no_external_walk_component,supply_only_exploration_only,17.137404580152673,True,False,,,,4.961832061068702,45.5470737913486,4.961832061068702,45.5470737913486,3.4732824427480913,13.664122137404581,C2_bakery|C1_coffee,C2_bakery,only_C1_C2_available_C_stay_unverified_no_third_subtype,"공식 2025Q4 커피·음료 1개, 제과 1개. 매출 상태 supply_only; 공급 전용 탐색군. 현재 영업·체류·학습 허용 미검증.",184,cafe_supply_only_exploratory_not_personal_satisfaction
157,3120174,논현역 5번,발달상권,True,,2.0,0.0,82,False,False,supply_only,no_cafe_sales_rows,,16.53944020356234,,6c591a7_residual_size_adjusted_draft_2025Q4,official_inside_counts_no_external_walk_component,supply_only_exploration_only,16.53944020356234,True,False,,,,18.06615776081425,12.97709923664122,18.06615776081425,,12.646310432569974,3.8931297709923656,C1_coffee,C1_coffee,only_C1_C2_available_C_stay_unverified_no_third_subtype,"공식 2025Q4 커피·음료 2개, 제과 0개. 매출 상태 supply_only; 공급 전용 탐색군. 현재 영업·체류·학습 허용 미검증.",184,cafe_supply_only_exploratory_not_personal_satisfaction
158,3130054,황학동주방가구거리상점가,전통시장,True,,3.0,1.0,199,False,False,supply_only,no_cafe_sales_rows,,16.272264631043257,,6c591a7_residual_size_adjusted_draft_2025Q4,official_inside_counts_no_external_walk_component,supply_only_exploration_only,16.272264631043257,True,False,,,,11.959287531806616,26.33587786259542,11.959287531806616,26.33587786259542,8.37150127226463,7.900763358778626,C2_bakery|C1_coffee,C2_bakery,only_C1_C2_available_C_stay_unverified_no_third_subtype,"공식 2025Q4 커피·음료 3개, 제과 1개. 매출 상태 supply_only; 공급 전용 탐색군. 현재 영업·체류·학습 허용 미검증.",184,cafe_supply_only_exploratory_not_personal_satisfaction
159,3110245,KB국민은행 중화동지점,골목상권,True,,1.0,0.0,52,False,False,supply_only,no_cafe_sales_rows,,15.394402035623408,,6c591a7_residual_size_adjusted_draft_2025Q4,official_inside_counts_no_external_walk_component,supply_only_exploration_only,15.394402035623408,True,False,,,,13.104325699745548,20.737913486005088,13.104325699745548,,9.173027989821882,6.221374045801526,C1_coffee,C1_coffee,only_C1_C2_available_C_stay_unverified_no_third_subtype,"공식 2025Q4 커피·음료 1개, 제과 0개. 매출 상태 supply_only; 공급 전용 탐색군. 현재 영업·체류·학습 허용 미검증.",184,cafe_supply_only_exploratory_not_personal_satisfaction
160,3110250,화랑대역 7번,골목상권,True,,1.0,0.0,79,False,False,supply_only,no_cafe_sales_rows,,15.229007633587788,,6c591a7_residual_size_adjusted_draft_2025Q4,official_inside_counts_no_external_walk_component,supply_only_exploration_only,15.229007633587788,True,False,,,,13.740458015267176,18.70229007633588,13.740458015267176,,9.618320610687023,5.610687022900764,C1_coffee,C1_coffee,only_C1_C2_available_C_stay_unverified_no_third_subtype,"공식 2025Q4 커피·음료 1개, 제과 0개. 매출 상태 supply_only; 공급 전용 탐색군. 현재 영업·체류·학습 허용 미검증.",184,cafe_supply_only_exploratory_not_personal_satisfaction
161,3111022,석촌중학교(방이육교),골목상권,True,,2.0,0.0,80,False,False,supply_only,no_cafe_sales_rows,,14.720101781170484,,6c591a7_residual_size_adjusted_draft_2025Q4,official_inside_counts_no_external_walk_component,supply_only_exploration_only,14.720101781170484,True,False,,,,15.903307888040713,11.959287531806616,15.903307888040713,,11.132315521628499,3.5877862595419847,C1_coffee,C1_coffee,only_C1_C2_available_C_stay_unverified_no_third_subtype,"공식 2025Q4 커피·음료 2개, 제과 0개. 매출 상태 supply_only; 공급 전용 탐색군. 현재 영업·체류·학습 허용 미검증.",184,cafe_supply_only_exploratory_not_personal_satisfaction
162,3130087,경동광성상가(경동시장),전통시장,True,,1.0,0.0,157,False,False,supply_only,no_cafe_sales_rows,,13.12977099236641,,6c591a7_residual_size_adjusted_draft_2025Q4,official_inside_counts_no_external_walk_component,supply_only_exploration_only,13.12977099236641,True,False,,,,12.595419847328245,14.376590330788805,12.595419847328245,,8.81679389312977,4.312977099236641,C1_coffee,C1_coffee,only_C1_C2_available_C_stay_unverified_no_third_subtype,"공식 2025Q4 커피·음료 1개, 제과 0개. 매출 상태 supply_only; 공급 전용 탐색군. 현재 영업·체류·학습 허용 미검증.",184,cafe_supply_only_exploratory_not_personal_satisfaction
163,3130022,숭례문수입상가(남대문시장),전통시장,True,,1.0,0.0,167,False,False,supply_only,no_cafe_sales_rows,,12.87531806615776,,6c591a7_residual_size_adjusted_draft_2025Q4,official_inside_counts_no_external_walk_component,supply_only_exploration_only,12.87531806615776,True,False,,,,12.340966921119591,14.122137404580156,12.340966921119591,,8.638676844783713,4.236641221374047,C1_coffee,C1_coffee,only_C1_C2_available_C_stay_unverified_no_third_subtype,"공식 2025Q4 커피·음료 1개, 제과 0개. 매출 상태 supply_only; 공급 전용 탐색군. 현재 영업·체류·학습 허용 미검증.",184,cafe_supply_only_exploratory_not_personal_satisfaction
164,3110269,용마문화복지센터,골목상권,True,,1.0,0.0,74,False,False,supply_only,no_cafe_sales_rows,,12.608142493638676,,6c591a7_residual_size_adjusted_draft_2025Q4,official_inside_counts_no_external_walk_component,supply_only_exploration_only,12.608142493638676,True,False,,,,10.814249363867685,16.793893129770993,10.814249363867685,,7.569974554707379,5.038167938931298,C1_coffee,C1_coffee,only_C1_C2_available_C_stay_unverified_no_third_subtype,"공식 2025Q4 커피·음료 1개, 제과 0개. 매출 상태 supply_only; 공급 전용 탐색군. 현재 영업·체류·학습 허용 미검증.",184,cafe_supply_only_exploratory_not_personal_satisfaction
165,3110242,면목5동주민센터,골목상권,True,,3.0,0.0,125,False,False,supply_only,no_cafe_sales_rows,,11.221374045801523,,6c591a7_residual_size_adjusted_draft_2025Q4,official_inside_counts_no_external_walk_component,supply_only_exploration_only,11.221374045801523,True,False,,,,13.358778625954198,6.23409669211196,13.358778625954198,,9.351145038167937,1.870229007633588,C1_coffee,C1_coffee,only_C1_C2_available_C_stay_unverified_no_third_subtype,"공식 2025Q4 커피·음료 3개, 제과 0개. 매출 상태 supply_only; 공급 전용 탐색군. 현재 영업·체류·학습 허용 미검증.",184,cafe_supply_only_exploratory_not_personal_satisfaction
166,3130320,암사종합시장,전통시장,True,,0.0,1.0,218,False,False,supply_only,no_cafe_sales_rows,,11.0941475826972,,6c591a7_residual_size_adjusted_draft_2025Q4,official_inside_counts_no_external_walk_component,supply_only_exploration_only,11.0941475826972,True,False,,,,0.6361323155216284,35.49618320610687,,35.49618320610687,0.4452926208651399,10.648854961832061,C2_bakery,C2_bakery,only_C1_C2_available_C_stay_unverified_no_third_subtype,"공식 2025Q4 커피·음료 0개, 제과 1개. 매출 상태 supply_only; 공급 전용 탐색군. 현재 영업·체류·학습 허용 미검증.",184,cafe_supply_only_exploratory_not_personal_satisfaction
167,3110117,성동구보건소,골목상권,True,,1.0,0.0,88,False,False,supply_only,no_cafe_sales_rows,,10.699745547073793,,6c591a7_residual_size_adjusted_draft_2025Q4,official_inside_counts_no_external_walk_component,supply_only_exploration_only,10.699745547073793,True,False,,,,8.9058524173028,14.885496183206106,8.9058524173028,,6.23409669211196,4.465648854961832,C1_coffee,C1_coffee,only_C1_C2_available_C_stay_unverified_no_third_subtype,"공식 2025Q4 커피·음료 1개, 제과 0개. 매출 상태 supply_only; 공급 전용 탐색군. 현재 영업·체류·학습 허용 미검증.",184,cafe_supply_only_exploratory_not_personal_satisfaction
168,3130004,낙원시장(낙원지하시장(대일상가)),전통시장,True,,1.0,0.0,230,False,False,supply_only,no_cafe_sales_rows,,9.134860050890584,,6c591a7_residual_size_adjusted_draft_2025Q4,official_inside_counts_no_external_walk_component,supply_only_exploration_only,9.134860050890584,True,False,,,,8.524173027989821,10.559796437659031,8.524173027989821,,5.966921119592874,3.167938931297709,C1_coffee,C1_coffee,only_C1_C2_available_C_stay_unverified_no_third_subtype,"공식 2025Q4 커피·음료 1개, 제과 0개. 매출 상태 supply_only; 공급 전용 탐색군. 현재 영업·체류·학습 허용 미검증.",184,cafe_supply_only_exploratory_not_personal_satisfaction
169,3110123,마장역 3번,골목상권,True,,2.0,1.0,142,False,False,supply_only,no_cafe_sales_rows,,8.956743002544528,,6c591a7_residual_size_adjusted_draft_2025Q4,official_inside_counts_no_external_walk_component,supply_only_exploration_only,8.956743002544528,True,False,,,,2.926208651399491,23.02798982188295,2.926208651399491,23.02798982188295,2.0483460559796436,6.908396946564885,C2_bakery|C1_coffee,C2_bakery,only_C1_C2_available_C_stay_unverified_no_third_subtype,"공식 2025Q4 커피·음료 2개, 제과 1개. 매출 상태 supply_only; 공급 전용 탐색군. 현재 영업·체류·학습 허용 미검증.",184,cafe_supply_only_exploratory_not_personal_satisfaction
170,3110233,중랑역 1번,골목상권,True,,1.0,1.0,147,False,False,supply_only,no_cafe_sales_rows,,8.778625954198473,,6c591a7_residual_size_adjusted_draft_2025Q4,official_inside_counts_no_external_walk_component,supply_only_exploration_only,8.778625954198473,True,False,,,,1.5267175572519085,25.699745547073796,1.5267175572519085,25.699745547073796,1.0687022900763359,7.7099236641221385,C2_bakery|C1_coffee,C2_bakery,only_C1_C2_available_C_stay_unverified_no_third_subtype,"공식 2025Q4 커피·음료 1개, 제과 1개. 매출 상태 supply_only; 공급 전용 탐색군. 현재 영업·체류·학습 허용 미검증.",184,cafe_supply_only_exploratory_not_personal_satisfaction
171,3110334,석관중앙교회,골목상권,True,,2.0,0.0,132,False,False,supply_only,no_cafe_sales_rows,,7.798982188295165,,6c591a7_residual_size_adjusted_draft_2025Q4,official_inside_counts_no_external_walk_component,supply_only_exploration_only,7.798982188295165,True,False,,,,8.142493638676845,6.997455470737914,8.142493638676845,,5.699745547073791,2.099236641221374,C1_coffee,C1_coffee,only_C1_C2_available_C_stay_unverified_no_third_subtype,"공식 2025Q4 커피·음료 2개, 제과 0개. 매출 상태 supply_only; 공급 전용 탐색군. 현재 영업·체류·학습 허용 미검증.",184,cafe_supply_only_exploratory_not_personal_satisfaction
172,3130005,세운상가가동,전통시장,True,,1.0,0.0,267,False,False,supply_only,no_cafe_sales_rows,,7.7735368956743,,6c591a7_residual_size_adjusted_draft_2025Q4,official_inside_counts_no_external_walk_component,supply_only_exploration_only,7.7735368956743,True,False,,,,7.124681933842239,9.287531806615776,7.124681933842239,,4.987277353689567,2.786259541984733,C1_coffee,C1_coffee,only_C1_C2_available_C_stay_unverified_no_third_subtype,"공식 2025Q4 커피·음료 1개, 제과 0개. 매출 상태 supply_only; 공급 전용 탐색군. 현재 영업·체류·학습 허용 미검증.",184,cafe_supply_only_exploratory_not_personal_satisfaction
173,3110279,신내역 2번,골목상권,True,,2.0,1.0,82,False,False,supply_only,no_cafe_sales_rows,,7.62086513994911,,6c591a7_residual_size_adjusted_draft_2025Q4,official_inside_counts_no_external_walk_component,supply_only_exploration_only,7.62086513994911,True,False,,,,1.7811704834605595,21.246819338422394,1.7811704834605595,21.246819338422394,1.2468193384223916,6.3740458015267185,C2_bakery|C1_coffee,C2_bakery,only_C1_C2_available_C_stay_unverified_no_third_subtype,"공식 2025Q4 커피·음료 2개, 제과 1개. 매출 상태 supply_only; 공급 전용 탐색군. 현재 영업·체류·학습 허용 미검증.",184,cafe_supply_only_exploratory_not_personal_satisfaction
174,3110033,창신역 4번,골목상권,True,,1.0,0.0,83,False,False,supply_only,no_cafe_sales_rows,,7.430025445292621,,6c591a7_residual_size_adjusted_draft_2025Q4,official_inside_counts_no_external_walk_component,supply_only_exploration_only,7.430025445292621,True,False,,,,5.597964376590331,11.704834605597965,5.597964376590331,,3.9185750636132313,3.5114503816793894,C1_coffee,C1_coffee,only_C1_C2_available_C_stay_unverified_no_third_subtype,"공식 2025Q4 커피·음료 1개, 제과 0개. 매출 상태 supply_only; 공급 전용 탐색군. 현재 영업·체류·학습 허용 미검증.",184,cafe_supply_only_exploratory_not_personal_satisfaction
175,3110194,홍파초등학교,골목상권,True,,2.0,0.0,132,False,False,supply_only,no_cafe_sales_rows,,7.366412213740458,,6c591a7_residual_size_adjusted_draft_2025Q4,official_inside_counts_no_external_walk_component,supply_only_exploration_only,7.366412213740458,True,False,,,,7.633587786259542,6.743002544529262,7.633587786259542,,5.343511450381679,2.0229007633587788,C1_coffee,C1_coffee,only_C1_C2_available_C_stay_unverified_no_third_subtype,"공식 2025Q4 커피·음료 2개, 제과 0개. 매출 상태 supply_only; 공급 전용 탐색군. 현재 영업·체류·학습 허용 미검증.",184,cafe_supply_only_exploratory_not_personal_satisfaction
176,3110181,신설동역 9번,골목상권,True,,3.0,0.0,171,False,False,supply_only,no_cafe_sales_rows,,5.788804071246819,,6c591a7_residual_size_adjusted_draft_2025Q4,official_inside_counts_no_external_walk_component,supply_only_exploration_only,5.788804071246819,True,False,,,,6.743002544529262,3.5623409669211195,6.743002544529262,,4.7201017811704835,1.0687022900763359,C1_coffee,C1_coffee,only_C1_C2_available_C_stay_unverified_no_third_subtype,"공식 2025Q4 커피·음료 3개, 제과 0개. 매출 상태 supply_only; 공급 전용 탐색군. 현재 영업·체류·학습 허용 미검증.",184,cafe_supply_only_exploratory_not_personal_satisfaction
177,3110368,송천초등학교,골목상권,True,,1.0,0.0,100,False,False,supply_only,no_cafe_sales_rows,,4.554707379134859,,6c591a7_residual_size_adjusted_draft_2025Q4,official_inside_counts_no_external_walk_component,supply_only_exploration_only,4.554707379134859,True,False,,,,2.7989821882951653,8.651399491094146,2.7989821882951653,,1.9592875318066156,2.5954198473282437,C1_coffee,C1_coffee,only_C1_C2_available_C_stay_unverified_no_third_subtype,"공식 2025Q4 커피·음료 1개, 제과 0개. 매출 상태 supply_only; 공급 전용 탐색군. 현재 영업·체류·학습 허용 미검증.",184,cafe_supply_only_exploratory_not_personal_satisfaction
178,3110364,미아역 8번,골목상권,True,,2.0,0.0,159,False,False,supply_only,no_cafe_sales_rows,,4.134860050890585,,6c591a7_residual_size_adjusted_draft_2025Q4,official_inside_counts_no_external_walk_component,supply_only_exploration_only,4.134860050890585,True,False,,,,3.944020356234097,4.580152671755725,3.944020356234097,,2.7608142493638677,1.3740458015267174,C1_coffee,C1_coffee,only_C1_C2_available_C_stay_unverified_no_third_subtype,"공식 2025Q4 커피·음료 2개, 제과 0개. 매출 상태 supply_only; 공급 전용 탐색군. 현재 영업·체류·학습 허용 미검증.",184,cafe_supply_only_exploratory_not_personal_satisfaction
179,3130327,"평화시장(남평화시장, 제일평화시장, 신평화패션타운)",전통시장,True,,5.0,0.0,2576,False,False,supply_only,no_cafe_sales_rows,,2.43002544529262,,6c591a7_residual_size_adjusted_draft_2025Q4,official_inside_counts_no_external_walk_component,supply_only_exploration_only,2.43002544529262,True,False,,,,3.307888040712468,0.381679389312977,3.307888040712468,,2.3155216284987272,0.1145038167938931,C1_coffee,C1_coffee,only_C1_C2_available_C_stay_unverified_no_third_subtype,"공식 2025Q4 커피·음료 5개, 제과 0개. 매출 상태 supply_only; 공급 전용 탐색군. 현재 영업·체류·학습 허용 미검증.",184,cafe_supply_only_exploratory_not_personal_satisfaction
180,3110099,유엔빌리지길,골목상권,True,,2.0,0.0,137,False,False,supply_only,no_cafe_sales_rows,,2.213740458015267,,6c591a7_residual_size_adjusted_draft_2025Q4,official_inside_counts_no_external_walk_component,supply_only_exploration_only,2.213740458015267,True,False,,,,1.9083969465648856,2.926208651399491,1.9083969465648856,,1.3358778625954197,0.8778625954198473,C1_coffee,C1_coffee,only_C1_C2_available_C_stay_unverified_no_third_subtype,"공식 2025Q4 커피·음료 2개, 제과 0개. 매출 상태 supply_only; 공급 전용 탐색군. 현재 영업·체류·학습 허용 미검증.",184,cafe_supply_only_exploratory_not_personal_satisfaction
181,3110116,청계천박물관,골목상권,True,,1.0,0.0,224,False,False,supply_only,no_cafe_sales_rows,,1.793893129770992,,6c591a7_residual_size_adjusted_draft_2025Q4,official_inside_counts_no_external_walk_component,supply_only_exploration_only,1.793893129770992,True,False,,,,1.1450381679389312,3.307888040712468,1.1450381679389312,,0.8015267175572518,0.9923664122137403,C1_coffee,C1_coffee,only_C1_C2_available_C_stay_unverified_no_third_subtype,"공식 2025Q4 커피·음료 1개, 제과 0개. 매출 상태 supply_only; 공급 전용 탐색군. 현재 영업·체류·학습 허용 미검증.",184,cafe_supply_only_exploratory_not_personal_satisfaction
182,3130047,테크노상가(엘리시움),전통시장,True,,1.0,0.0,849,False,False,supply_only,no_cafe_sales_rows,,1.768447837150127,,6c591a7_residual_size_adjusted_draft_2025Q4,official_inside_counts_no_external_walk_component,supply_only_exploration_only,1.768447837150127,True,False,,,,1.653944020356234,2.035623409669211,1.653944020356234,,1.1577608142493636,0.6106870229007634,C1_coffee,C1_coffee,only_C1_C2_available_C_stay_unverified_no_third_subtype,"공식 2025Q4 커피·음료 1개, 제과 0개. 매출 상태 supply_only; 공급 전용 탐색군. 현재 영업·체류·학습 허용 미검증.",184,cafe_supply_only_exploratory_not_personal_satisfaction
183,3110217,자동차부품상가,골목상권,True,,1.0,0.0,421,False,False,supply_only,no_cafe_sales_rows,,1.2722646310432568,,6c591a7_residual_size_adjusted_draft_2025Q4,official_inside_counts_no_external_walk_component,supply_only_exploration_only,1.2722646310432568,True,False,,,,0.8905852417302799,2.162849872773537,0.8905852417302799,,0.6234096692111959,0.648854961832061,C1_coffee,C1_coffee,only_C1_C2_available_C_stay_unverified_no_third_subtype,"공식 2025Q4 커피·음료 1개, 제과 0개. 매출 상태 supply_only; 공급 전용 탐색군. 현재 영업·체류·학습 허용 미검증.",184,cafe_supply_only_exploratory_not_personal_satisfaction
184,3130050,청평화시장,전통시장,True,,1.0,0.0,2483,False,False,supply_only,no_cafe_sales_rows,,0.3307888040712468,,6c591a7_residual_size_adjusted_draft_2025Q4,official_inside_counts_no_external_walk_component,supply_only_exploration_only,0.3307888040712468,True,False,,,,0.2544529262086514,0.5089058524173028,0.2544529262086514,,0.17811704834605596,0.15267175572519084,C1_coffee,C1_coffee,only_C1_C2_available_C_stay_unverified_no_third_subtype,"공식 2025Q4 커피·음료 1개, 제과 0개. 매출 상태 supply_only; 공급 전용 탐색군. 현재 영업·체류·학습 허용 미검증.",184,cafe_supply_only_exploratory_not_personal_satisfaction
