rank,area_code,area_name,area_type_name,recommendation_eligible,exclusion_reason,coffee_stores,bakery_stores,total_stores_2025q4,coffee_sales_observed,bakery_sales_observed,score_status,score_status_reason,full_score,supply_only_score,legacy_full_score,score_version,spatial_basis,ranking_universe,legacy_supply_only_score_before_rank_guard,cafe_supply_rank_eligible,cafe_complete_rank_eligible,ranking_exclusion_reason,coffee_size_adjusted_full_score,bakery_size_adjusted_full_score,coffee_size_adjusted_supply_score,bakery_size_adjusted_supply_score,C1_subtype_score,C2_subtype_score,C1_model_contribution,C2_model_contribution,cafe_top3_available_subtypes,cafe_best_available_subtype,subtype_status,cafe_evidence_sentence,ranking_universe_count,ranking_status
1,3120007,북촌(안국역),발달상권,True,,80.0,21.0,554,True,True,complete,both_cafe_industries_sales_observed,97.37620946621168,,96.45332059613332,6c591a7_residual_size_adjusted_draft_2025Q4,official_inside_counts_no_external_walk_component,complete_sales_observed_only,,False,True,,97.02882561063014,98.18677179590196,99.36386768447836,99.61832061068702,97.02882561063014,98.18677179590196,67.92017792744109,29.45603153877059,C2_bakery|C1_coffee,C2_bakery,only_C1_C2_available_C_stay_unverified_no_third_subtype,"공식 2025Q4 커피·음료 80개, 제과 21개. 매출 상태 complete; 공급·소비 완전관측군의 잔차 보정 초안. 현재 영업·체류·학습 허용 미검증.",218,cafe_complete_exploratory_not_personal_satisfaction
2,3120002,서촌(경복궁역),발달상권,True,,77.0,21.0,628,True,True,complete,both_cafe_industries_sales_observed,95.37767804419924,,94.3947932589813,6c591a7_residual_size_adjusted_draft_2025Q4,official_inside_counts_no_external_walk_component,complete_sales_observed_only,,False,True,,96.27021933766396,93.29508169278157,98.9821882951654,99.49109414758269,96.27021933766396,93.29508169278157,67.38915353636477,27.98852450783447,C1_coffee|C2_bakery,C1_coffee,only_C1_C2_available_C_stay_unverified_no_third_subtype,"공식 2025Q4 커피·음료 77개, 제과 21개. 매출 상태 complete; 공급·소비 완전관측군의 잔차 보정 초안. 현재 영업·체류·학습 허용 미검증.",218,cafe_complete_exploratory_not_personal_satisfaction
3,3120064,경희대학교(경희대),발달상권,True,,31.0,9.0,330,True,True,complete,both_cafe_industries_sales_observed,93.64098308214363,,91.93568291372902,6c591a7_residual_size_adjusted_draft_2025Q4,official_inside_counts_no_external_walk_component,complete_sales_observed_only,,False,True,,93.89547976321846,93.04715749296906,99.49109414758269,98.85496183206108,93.89547976321846,93.04715749296906,65.72683583425292,27.914147247890718,C1_coffee|C2_bakery,C1_coffee,only_C1_C2_available_C_stay_unverified_no_third_subtype,"공식 2025Q4 커피·음료 31개, 제과 9개. 매출 상태 complete; 공급·소비 완전관측군의 잔차 보정 초안. 현재 영업·체류·학습 허용 미검증.",218,cafe_complete_exploratory_not_personal_satisfaction
4,3120005,삼청동,발달상권,True,,50.0,10.0,433,True,True,complete,both_cafe_industries_sales_observed,91.95187931319066,,85.59390047516536,6c591a7_residual_size_adjusted_draft_2025Q4,official_inside_counts_no_external_walk_component,complete_sales_observed_only,,False,True,,93.0769543767041,89.32670416499263,93.89312977099236,90.20356234096693,93.0769543767041,89.32670416499263,65.15386806369287,26.79801124949779,C1_coffee|C2_bakery,C1_coffee,only_C1_C2_available_C_stay_unverified_no_third_subtype,"공식 2025Q4 커피·음료 50개, 제과 10개. 매출 상태 complete; 공급·소비 완전관측군의 잔차 보정 초안. 현재 영업·체류·학습 허용 미검증.",218,cafe_complete_exploratory_not_personal_satisfaction
5,3110008,배화여자대학교(박노수미술관),골목상권,True,,46.0,9.0,315,True,True,complete,both_cafe_industries_sales_observed,91.6284426424105,,88.6087874895572,6c591a7_residual_size_adjusted_draft_2025Q4,official_inside_counts_no_external_walk_component,complete_sales_observed_only,,False,True,,96.29025210179633,80.75088723717693,98.34605597964376,95.29262086513997,96.29025210179633,80.75088723717693,67.40317647125742,24.225266171153077,C1_coffee|C2_bakery,C1_coffee,only_C1_C2_available_C_stay_unverified_no_third_subtype,"공식 2025Q4 커피·음료 46개, 제과 9개. 매출 상태 complete; 공급·소비 완전관측군의 잔차 보정 초안. 현재 영업·체류·학습 허용 미검증.",218,cafe_complete_exploratory_not_personal_satisfaction
6,3120008,인사동,발달상권,True,,73.0,13.0,1215,True,True,complete,both_cafe_industries_sales_observed,91.38896971213823,,85.99302875354672,6c591a7_residual_size_adjusted_draft_2025Q4,official_inside_counts_no_external_walk_component,complete_sales_observed_only,,False,True,,92.47224680796197,88.86132315521627,94.78371501272264,87.65903307888041,92.47224680796197,88.86132315521627,64.73057276557337,26.65839694656488,C1_coffee|C2_bakery,C1_coffee,only_C1_C2_available_C_stay_unverified_no_third_subtype,"공식 2025Q4 커피·음료 73개, 제과 13개. 매출 상태 complete; 공급·소비 완전관측군의 잔차 보정 초안. 현재 영업·체류·학습 허용 미검증.",218,cafe_complete_exploratory_not_personal_satisfaction
7,3120103,홍대입구역(홍대),발달상권,True,,224.0,30.0,2981,True,True,complete,both_cafe_industries_sales_observed,89.84684835481781,,83.27265575304878,6c591a7_residual_size_adjusted_draft_2025Q4,official_inside_counts_no_external_walk_component,complete_sales_observed_only,,False,True,,90.53771913857634,88.23481652604792,97.5826972010178,93.76590330788804,90.53771913857634,88.23481652604792,63.37640339700343,26.470444957814376,C1_coffee|C2_bakery,C1_coffee,only_C1_C2_available_C_stay_unverified_no_third_subtype,"공식 2025Q4 커피·음료 224개, 제과 30개. 매출 상태 complete; 공급·소비 완전관측군의 잔차 보정 초안. 현재 영업·체류·학습 허용 미검증.",218,cafe_complete_exploratory_not_personal_satisfaction
8,3120012,대학로(혜화역),발달상권,True,,84.0,18.0,985,True,True,complete,both_cafe_industries_sales_observed,89.20649595827203,,85.21057050205093,6c591a7_residual_size_adjusted_draft_2025Q4,official_inside_counts_no_external_walk_component,complete_sales_observed_only,,False,True,,90.55370397758084,86.06301057988482,95.92875318066156,96.81933842239184,90.55370397758084,86.06301057988482,63.387592784306584,25.818903173965445,C1_coffee|C2_bakery,C1_coffee,only_C1_C2_available_C_stay_unverified_no_third_subtype,"공식 2025Q4 커피·음료 84개, 제과 18개. 매출 상태 complete; 공급·소비 완전관측군의 잔차 보정 초안. 현재 영업·체류·학습 허용 미검증.",218,cafe_complete_exploratory_not_personal_satisfaction
9,3120051,뚝섬역,발달상권,True,,60.0,22.0,864,True,True,complete,both_cafe_industries_sales_observed,88.65102859037789,,86.5753946736662,6c591a7_residual_size_adjusted_draft_2025Q4,official_inside_counts_no_external_walk_component,complete_sales_observed_only,,False,True,,90.26561738015874,84.88365474755591,91.47582697201018,99.36386768447836,90.26561738015874,84.88365474755591,63.185932166111115,25.465096424266772,C1_coffee|C2_bakery,C1_coffee,only_C1_C2_available_C_stay_unverified_no_third_subtype,"공식 2025Q4 커피·음료 60개, 제과 22개. 매출 상태 complete; 공급·소비 완전관측군의 잔차 보정 초안. 현재 영업·체류·학습 허용 미검증.",218,cafe_complete_exploratory_not_personal_satisfaction
10,3110214,경희대후문,골목상권,True,,15.0,3.0,81,True,True,complete,both_cafe_industries_sales_observed,87.76586444538782,,80.90122770672949,6c591a7_residual_size_adjusted_draft_2025Q4,official_inside_counts_no_external_walk_component,complete_sales_observed_only,,False,True,,90.9153771477761,80.41700147314853,97.20101781170484,87.53180661577609,90.9153771477761,80.41700147314853,63.640764003443266,24.125100441944557,C1_coffee|C2_bakery,C1_coffee,only_C1_C2_available_C_stay_unverified_no_third_subtype,"공식 2025Q4 커피·음료 15개, 제과 3개. 매출 상태 complete; 공급·소비 완전관측군의 잔차 보정 초안. 현재 영업·체류·학습 허용 미검증.",218,cafe_complete_exploratory_not_personal_satisfaction
11,3110082,용산구청,골목상권,True,,17.0,5.0,178,True,True,complete,both_cafe_industries_sales_observed,87.19693571585816,,85.09450319669949,6c591a7_residual_size_adjusted_draft_2025Q4,official_inside_counts_no_external_walk_component,complete_sales_observed_only,,False,True,,91.96693192720598,76.0669445560466,94.0203562340967,91.98473282442748,91.96693192720598,76.0669445560466,64.37685234904419,22.82008336681398,C1_coffee|C2_bakery,C1_coffee,only_C1_C2_available_C_stay_unverified_no_third_subtype,"공식 2025Q4 커피·음료 17개, 제과 5개. 매출 상태 complete; 공급·소비 완전관측군의 잔차 보정 초안. 현재 영업·체류·학습 허용 미검증.",218,cafe_complete_exploratory_not_personal_satisfaction
12,3120006,종각역,발달상권,True,,95.0,17.0,1696,True,True,complete,both_cafe_industries_sales_observed,87.13460402721802,,80.81475462115134,6c591a7_residual_size_adjusted_draft_2025Q4,official_inside_counts_no_external_walk_component,complete_sales_observed_only,,False,True,,87.50898491863953,86.26104861390117,92.23918575063614,88.54961832061069,87.50898491863953,86.26104861390117,61.25628944304766,25.87831458417035,C1_coffee|C2_bakery,C1_coffee,only_C1_C2_available_C_stay_unverified_no_third_subtype,"공식 2025Q4 커피·음료 95개, 제과 17개. 매출 상태 complete; 공급·소비 완전관측군의 잔차 보정 초안. 현재 영업·체류·학습 허용 미검증.",218,cafe_complete_exploratory_not_personal_satisfaction
13,3110566,경의선책거리,골목상권,True,,76.0,13.0,664,True,True,complete,both_cafe_industries_sales_observed,87.04550049776891,,84.25964511836116,6c591a7_residual_size_adjusted_draft_2025Q4,official_inside_counts_no_external_walk_component,complete_sales_observed_only,,False,True,,91.3004725012609,77.11723248962099,99.23664122137404,95.92875318066156,91.3004725012609,77.11723248962099,63.91033075088262,23.135169746886294,C1_coffee|C2_bakery,C1_coffee,only_C1_C2_available_C_stay_unverified_no_third_subtype,"공식 2025Q4 커피·음료 76개, 제과 13개. 매출 상태 complete; 공급·소비 완전관측군의 잔차 보정 초안. 현재 영업·체류·학습 허용 미검증.",218,cafe_complete_exploratory_not_personal_satisfaction
14,3110069,숙대입구,골목상권,True,,39.0,8.0,439,True,True,complete,both_cafe_industries_sales_observed,86.8965152847392,,82.3205977348217,6c591a7_residual_size_adjusted_draft_2025Q4,official_inside_counts_no_external_walk_component,complete_sales_observed_only,,False,True,,88.94965794852543,82.10584906923799,92.36641221374046,86.51399491094148,88.94965794852543,82.10584906923799,62.2647605639678,24.631754720771397,C1_coffee|C2_bakery,C1_coffee,only_C1_C2_available_C_stay_unverified_no_third_subtype,"공식 2025Q4 커피·음료 39개, 제과 8개. 매출 상태 complete; 공급·소비 완전관측군의 잔차 보정 초안. 현재 영업·체류·학습 허용 미검증.",218,cafe_complete_exploratory_not_personal_satisfaction
15,3120003,광화문역,발달상권,True,,102.0,18.0,1840,True,True,complete,both_cafe_industries_sales_observed,86.28393820540133,,78.76785959447116,6c591a7_residual_size_adjusted_draft_2025Q4,official_inside_counts_no_external_walk_component,complete_sales_observed_only,,False,True,,88.40051781739305,81.34525244408732,88.42239185750637,86.1323155216285,88.40051781739305,81.34525244408732,61.88036247217513,24.403575733226194,C1_coffee|C2_bakery,C1_coffee,only_C1_C2_available_C_stay_unverified_no_third_subtype,"공식 2025Q4 커피·음료 102개, 제과 18개. 매출 상태 complete; 공급·소비 완전관측군의 잔차 보정 초안. 현재 영업·체류·학습 허용 미검증.",218,cafe_complete_exploratory_not_personal_satisfaction
16,3111013,송파나루역 1번(송리단길),골목상권,True,,73.0,23.0,577,True,True,complete,both_cafe_industries_sales_observed,86.148002459206,,85.16758998553532,6c591a7_residual_size_adjusted_draft_2025Q4,official_inside_counts_no_external_walk_component,complete_sales_observed_only,,False,True,,89.6627679624426,77.94688295165393,98.72773536895674,99.74554707379136,89.6627679624426,77.94688295165393,62.76393757370982,23.38406488549618,C1_coffee|C2_bakery,C1_coffee,only_C1_C2_available_C_stay_unverified_no_third_subtype,"공식 2025Q4 커피·음료 73개, 제과 23개. 매출 상태 complete; 공급·소비 완전관측군의 잔차 보정 초안. 현재 영업·체류·학습 허용 미검증.",218,cafe_complete_exploratory_not_personal_satisfaction
17,3130179,"이화여대 3,5,7길 상점가",전통시장,True,,35.0,5.0,445,True,True,complete,both_cafe_industries_sales_observed,85.87421438931399,,82.92545981333782,6c591a7_residual_size_adjusted_draft_2025Q4,official_inside_counts_no_external_walk_component,complete_sales_observed_only,,False,True,,92.50806096252224,70.39523905182803,98.85496183206108,81.29770992366412,92.50806096252224,70.39523905182803,64.75564267376556,21.11857171554841,C1_coffee|C2_bakery,C1_coffee,only_C1_C2_available_C_stay_unverified_no_third_subtype,"공식 2025Q4 커피·음료 35개, 제과 5개. 매출 상태 complete; 공급·소비 완전관측군의 잔차 보정 초안. 현재 영업·체류·학습 허용 미검증.",218,cafe_complete_exploratory_not_personal_satisfaction
18,3110572,서강대역 1번,골목상권,True,,29.0,7.0,294,True,True,complete,both_cafe_industries_sales_observed,85.47242107498528,,80.91698375968096,6c591a7_residual_size_adjusted_draft_2025Q4,official_inside_counts_no_external_walk_component,complete_sales_observed_only,,False,True,,86.99189637584708,81.92697870630775,91.73027989821882,89.31297709923665,86.99189637584708,81.92697870630775,60.89432746309295,24.578093611892324,C1_coffee|C2_bakery,C1_coffee,only_C1_C2_available_C_stay_unverified_no_third_subtype,"공식 2025Q4 커피·음료 29개, 제과 7개. 매출 상태 complete; 공급·소비 완전관측군의 잔차 보정 초안. 현재 영업·체류·학습 허용 미검증.",218,cafe_complete_exploratory_not_personal_satisfaction
19,3120072,성신여대,발달상권,True,,76.0,14.0,1177,True,True,complete,both_cafe_industries_sales_observed,85.43824247553616,,80.16138246011613,6c591a7_residual_size_adjusted_draft_2025Q4,official_inside_counts_no_external_walk_component,complete_sales_observed_only,,False,True,,88.13380905791742,79.14858711664658,94.91094147582696,89.94910941475827,88.13380905791742,79.14858711664658,61.69366634054219,23.744576134993974,C1_coffee|C2_bakery,C1_coffee,only_C1_C2_available_C_stay_unverified_no_third_subtype,"공식 2025Q4 커피·음료 76개, 제과 14개. 매출 상태 complete; 공급·소비 완전관측군의 잔차 보정 초안. 현재 영업·체류·학습 허용 미검증.",218,cafe_complete_exploratory_not_personal_satisfaction
20,3120186,가로수길,발달상권,True,,83.0,18.0,1502,True,True,complete,both_cafe_industries_sales_observed,85.21017414677237,,79.50336034840436,6c591a7_residual_size_adjusted_draft_2025Q4,official_inside_counts_no_external_walk_component,complete_sales_observed_only,,False,True,,85.20780631998878,85.21569907593411,90.5852417302799,92.36641221374046,85.20780631998878,85.21569907593411,59.64546442399214,25.564709722780233,C2_bakery|C1_coffee,C2_bakery,only_C1_C2_available_C_stay_unverified_no_third_subtype,"공식 2025Q4 커피·음료 83개, 제과 18개. 매출 상태 complete; 공급·소비 완전관측군의 잔차 보정 초안. 현재 영업·체류·학습 허용 미검증.",218,cafe_complete_exploratory_not_personal_satisfaction
21,3120074,안암역,발달상권,True,,10.0,3.0,125,True,True,complete,both_cafe_industries_sales_observed,84.6816139922764,,83.90081164138425,6c591a7_residual_size_adjusted_draft_2025Q4,official_inside_counts_no_external_walk_component,complete_sales_observed_only,,False,True,,87.71206148583823,77.61056984063211,96.81933842239184,90.71246819338424,87.71206148583823,77.61056984063211,61.39844304008676,23.283170952189632,C1_coffee|C2_bakery,C1_coffee,only_C1_C2_available_C_stay_unverified_no_third_subtype,"공식 2025Q4 커피·음료 10개, 제과 3개. 매출 상태 complete; 공급·소비 완전관측군의 잔차 보정 초안. 현재 영업·체류·학습 허용 미검증.",218,cafe_complete_exploratory_not_personal_satisfaction
22,3120020,시청역_1번,발달상권,True,,14.0,3.0,216,True,True,complete,both_cafe_industries_sales_observed,84.26518158536406,,83.05369747776045,6c591a7_residual_size_adjusted_draft_2025Q4,official_inside_counts_no_external_walk_component,complete_sales_observed_only,,False,True,,88.17359207138333,75.1455571179858,89.44020356234097,71.11959287531806,88.17359207138333,75.1455571179858,61.721514449968325,22.54366713539574,C1_coffee|C2_bakery,C1_coffee,only_C1_C2_available_C_stay_unverified_no_third_subtype,"공식 2025Q4 커피·음료 14개, 제과 3개. 매출 상태 complete; 공급·소비 완전관측군의 잔차 보정 초안. 현재 영업·체류·학습 허용 미검증.",218,cafe_complete_exploratory_not_personal_satisfaction
23,3110131,성수동카페거리,골목상권,True,,40.0,13.0,569,True,True,complete,both_cafe_industries_sales_observed,84.01144198607004,,81.5087544478406,6c591a7_residual_size_adjusted_draft_2025Q4,official_inside_counts_no_external_walk_component,complete_sales_observed_only,,False,True,,85.93833100116419,79.51536761751706,93.12977099236642,97.70992366412212,85.93833100116419,79.51536761751706,60.15683170081493,23.854610285255117,C1_coffee|C2_bakery,C1_coffee,only_C1_C2_available_C_stay_unverified_no_third_subtype,"공식 2025Q4 커피·음료 40개, 제과 13개. 매출 상태 complete; 공급·소비 완전관측군의 잔차 보정 초안. 현재 영업·체류·학습 허용 미검증.",218,cafe_complete_exploratory_not_personal_satisfaction
24,3120026,을지로입구역,발달상권,True,,45.0,8.0,758,True,True,complete,both_cafe_industries_sales_observed,83.89978043780114,,78.86242088116063,6c591a7_residual_size_adjusted_draft_2025Q4,official_inside_counts_no_external_walk_component,complete_sales_observed_only,,False,True,,86.39653246265686,78.07402571313781,86.76844783715013,73.2824427480916,86.39653246265686,78.07402571313781,60.4775727238598,23.422207713941344,C1_coffee|C2_bakery,C1_coffee,only_C1_C2_available_C_stay_unverified_no_third_subtype,"공식 2025Q4 커피·음료 45개, 제과 8개. 매출 상태 complete; 공급·소비 완전관측군의 잔차 보정 초안. 현재 영업·체류·학습 허용 미검증.",218,cafe_complete_exploratory_not_personal_satisfaction
25,3120013,이화사거리,발달상권,True,,20.0,5.0,193,True,True,complete,both_cafe_industries_sales_observed,83.7523327180079,,76.94722331060233,6c591a7_residual_size_adjusted_draft_2025Q4,official_inside_counts_no_external_walk_component,complete_sales_observed_only,,False,True,,86.82742991168092,76.57710593277086,89.05852417302799,85.24173027989822,86.82742991168092,76.57710593277086,60.77920093817664,22.97313177983126,C1_coffee|C2_bakery,C1_coffee,only_C1_C2_available_C_stay_unverified_no_third_subtype,"공식 2025Q4 커피·음료 20개, 제과 5개. 매출 상태 complete; 공급·소비 완전관측군의 잔차 보정 초안. 현재 영업·체류·학습 허용 미검증.",218,cafe_complete_exploratory_not_personal_satisfaction
26,3110085,경리단길남측,골목상권,True,,32.0,7.0,348,True,True,complete,both_cafe_industries_sales_observed,83.27088193815331,,77.57921178450624,6c591a7_residual_size_adjusted_draft_2025Q4,official_inside_counts_no_external_walk_component,complete_sales_observed_only,,False,True,,86.21597896117981,76.3989888844248,89.56743002544529,84.98727735368958,86.21597896117981,76.3989888844248,60.351185272825866,22.91969666532744,C1_coffee|C2_bakery,C1_coffee,only_C1_C2_available_C_stay_unverified_no_third_subtype,"공식 2025Q4 커피·음료 32개, 제과 7개. 매출 상태 complete; 공급·소비 완전관측군의 잔차 보정 초안. 현재 영업·체류·학습 허용 미검증.",218,cafe_complete_exploratory_not_personal_satisfaction
27,3110569,홍대땡땡거리,골목상권,True,,31.0,4.0,387,True,True,complete,both_cafe_industries_sales_observed,83.11304657382695,,80.69472057235967,6c591a7_residual_size_adjusted_draft_2025Q4,official_inside_counts_no_external_walk_component,complete_sales_observed_only,,False,True,,91.43958297781973,63.68446163117717,96.31043256997457,65.64885496183206,91.43958297781973,63.68446163117717,64.0077080844738,19.10533848935315,C1_coffee|C2_bakery,C1_coffee,only_C1_C2_available_C_stay_unverified_no_third_subtype,"공식 2025Q4 커피·음료 31개, 제과 4개. 매출 상태 complete; 공급·소비 완전관측군의 잔차 보정 초안. 현재 영업·체류·학습 허용 미검증.",218,cafe_complete_exploratory_not_personal_satisfaction
28,3110081,해방촌 남동측,골목상권,True,,35.0,11.0,263,True,True,complete,both_cafe_industries_sales_observed,83.03839535286606,,82.03192699867589,6c591a7_residual_size_adjusted_draft_2025Q4,official_inside_counts_no_external_walk_component,complete_sales_observed_only,,False,True,,85.89476039332126,76.37354359180394,98.21882951653944,99.23664122137404,85.89476039332126,76.37354359180394,60.12633227532488,22.91206307754118,C1_coffee|C2_bakery,C1_coffee,only_C1_C2_available_C_stay_unverified_no_third_subtype,"공식 2025Q4 커피·음료 35개, 제과 11개. 매출 상태 complete; 공급·소비 완전관측군의 잔차 보정 초안. 현재 영업·체류·학습 허용 미검증.",218,cafe_complete_exploratory_not_personal_satisfaction
29,3120053,건대입구역(건대),발달상권,True,,88.0,14.0,1545,True,True,complete,both_cafe_industries_sales_observed,82.47408832943441,,76.67468021399294,6c591a7_residual_size_adjusted_draft_2025Q4,official_inside_counts_no_external_walk_component,complete_sales_observed_only,,False,True,,85.61205352233384,75.1521695460024,90.83969465648856,83.20610687022901,85.61205352233384,75.1521695460024,59.928437465633685,22.54565086380072,C1_coffee|C2_bakery,C1_coffee,only_C1_C2_available_C_stay_unverified_no_third_subtype,"공식 2025Q4 커피·음료 88개, 제과 14개. 매출 상태 complete; 공급·소비 완전관측군의 잔차 보정 초안. 현재 영업·체류·학습 허용 미검증.",218,cafe_complete_exploratory_not_personal_satisfaction
30,3110095,한강진역 3번,골목상권,True,,30.0,12.0,279,True,True,complete,both_cafe_industries_sales_observed,81.78742033950874,,78.86139479147425,6c591a7_residual_size_adjusted_draft_2025Q4,official_inside_counts_no_external_walk_component,complete_sales_observed_only,,False,True,,84.24038008668845,76.06384759608946,93.25699745547074,98.9821882951654,84.24038008668845,76.06384759608946,58.968266060681906,22.819154278826836,C1_coffee|C2_bakery,C1_coffee,only_C1_C2_available_C_stay_unverified_no_third_subtype,"공식 2025Q4 커피·음료 30개, 제과 12개. 매출 상태 complete; 공급·소비 완전관측군의 잔차 보정 초안. 현재 영업·체류·학습 허용 미검증.",218,cafe_complete_exploratory_not_personal_satisfaction
31,3120021,시청역_8번,발달상권,True,,26.0,4.0,356,True,True,complete,both_cafe_industries_sales_observed,81.74522751422701,,77.14054215857304,6c591a7_residual_size_adjusted_draft_2025Q4,official_inside_counts_no_external_walk_component,complete_sales_observed_only,,False,True,,89.20431830506288,64.34068233561001,88.16793893129771,61.32315521628499,89.20431830506288,64.34068233561001,62.44302281354401,19.302204700683003,C1_coffee|C2_bakery,C1_coffee,only_C1_C2_available_C_stay_unverified_no_third_subtype,"공식 2025Q4 커피·음료 26개, 제과 4개. 매출 상태 complete; 공급·소비 완전관측군의 잔차 보정 초안. 현재 영업·체류·학습 허용 미검증.",218,cafe_complete_exploratory_not_personal_satisfaction
32,3120028,명동(명동거리),발달상권,True,,60.0,20.0,1712,True,True,complete,both_cafe_industries_sales_observed,81.44286105610837,,76.65854158986268,6c591a7_residual_size_adjusted_draft_2025Q4,official_inside_counts_no_external_walk_component,complete_sales_observed_only,,False,True,,78.73592014501162,87.75905651533414,78.49872773536896,94.40203562340967,78.73592014501162,87.75905651533414,55.11514410150813,26.32771695460024,C2_bakery|C1_coffee,C2_bakery,only_C1_C2_available_C_stay_unverified_no_third_subtype,"공식 2025Q4 커피·음료 60개, 제과 20개. 매출 상태 complete; 공급·소비 완전관측군의 잔차 보정 초안. 현재 영업·체류·학습 허용 미검증.",218,cafe_complete_exploratory_not_personal_satisfaction
33,3110132,성수2가3동주민센터,골목상권,True,,18.0,4.0,146,True,True,complete,both_cafe_industries_sales_observed,81.15965669187844,,77.86048425696913,6c591a7_residual_size_adjusted_draft_2025Q4,official_inside_counts_no_external_walk_component,complete_sales_observed_only,,False,True,,86.04096123290216,69.76994609615642,96.69211195928752,88.04071246819338,86.04096123290216,69.76994609615642,60.22867286303151,20.930983828846923,C1_coffee|C2_bakery,C1_coffee,only_C1_C2_available_C_stay_unverified_no_third_subtype,"공식 2025Q4 커피·음료 18개, 제과 4개. 매출 상태 complete; 공급·소비 완전관측군의 잔차 보정 초안. 현재 영업·체류·학습 허용 미검증.",218,cafe_complete_exploratory_not_personal_satisfaction
34,3120031,을지로3가역,발달상권,True,,73.0,11.0,1192,True,True,complete,both_cafe_industries_sales_observed,80.55819436668884,,75.30608346172313,6c591a7_residual_size_adjusted_draft_2025Q4,official_inside_counts_no_external_walk_component,complete_sales_observed_only,,False,True,,85.64686522337631,68.6846290344181,90.20356234096693,76.08142493638677,85.64686522337631,68.6846290344181,59.95280565636341,20.60538871032543,C1_coffee|C2_bakery,C1_coffee,only_C1_C2_available_C_stay_unverified_no_third_subtype,"공식 2025Q4 커피·음료 73개, 제과 11개. 매출 상태 complete; 공급·소비 완전관측군의 잔차 보정 초안. 현재 영업·체류·학습 허용 미검증.",218,cafe_complete_exploratory_not_personal_satisfaction
35,3110442,화랑대철도공원,골목상권,True,,5.0,1.0,45,True,True,complete,both_cafe_industries_sales_observed,80.27647241753431,,76.87514063328221,6c591a7_residual_size_adjusted_draft_2025Q4,official_inside_counts_no_external_walk_component,complete_sales_observed_only,,False,True,,82.97599572246048,73.9775847060399,97.07379134860052,83.07888040712467,82.97599572246048,73.9775847060399,58.08319700572233,22.19327541181197,C1_coffee|C2_bakery,C1_coffee,only_C1_C2_available_C_stay_unverified_no_third_subtype,"공식 2025Q4 커피·음료 5개, 제과 1개. 매출 상태 complete; 공급·소비 완전관측군의 잔차 보정 초안. 현재 영업·체류·학습 허용 미검증.",218,cafe_complete_exploratory_not_personal_satisfaction
36,3120030,중부경찰서(영화인의거리),발달상권,True,,34.0,5.0,431,True,True,complete,both_cafe_industries_sales_observed,80.02070437595565,,76.2937714806863,6c591a7_residual_size_adjusted_draft_2025Q4,official_inside_counts_no_external_walk_component,complete_sales_observed_only,,False,True,,88.4024899223748,60.46320476764431,91.85750636132316,66.92111959287533,88.4024899223748,60.46320476764431,61.88174294566235,18.138961430293293,C1_coffee|C2_bakery,C1_coffee,only_C1_C2_available_C_stay_unverified_no_third_subtype,"공식 2025Q4 커피·음료 34개, 제과 5개. 매출 상태 complete; 공급·소비 완전관측군의 잔차 보정 초안. 현재 영업·체류·학습 허용 미검증.",218,cafe_complete_exploratory_not_personal_satisfaction
37,3110578,대흥역 2번,골목상권,True,,18.0,10.0,273,True,True,complete,both_cafe_industries_sales_observed,79.52144311672801,,77.37699940222043,6c591a7_residual_size_adjusted_draft_2025Q4,official_inside_counts_no_external_walk_component,complete_sales_observed_only,,False,True,,75.67604426191588,88.494040444623,81.93384223918575,98.6005089058524,75.67604426191588,88.494040444623,52.97323098334111,26.548212133386897,C2_bakery|C1_coffee,C2_bakery,only_C1_C2_available_C_stay_unverified_no_third_subtype,"공식 2025Q4 커피·음료 18개, 제과 10개. 매출 상태 complete; 공급·소비 완전관측군의 잔차 보정 초안. 현재 영업·체류·학습 허용 미검증.",218,cafe_complete_exploratory_not_personal_satisfaction
38,3120022,북창동(시청역_6번),발달상권,True,,26.0,4.0,394,True,True,complete,both_cafe_industries_sales_observed,79.2117815012982,,76.00153757337176,6c591a7_residual_size_adjusted_draft_2025Q4,official_inside_counts_no_external_walk_component,complete_sales_observed_only,,False,True,,87.09597179402586,60.81533748493371,89.18575063613231,61.832061068702295,87.09597179402586,60.81533748493371,60.96718025581809,18.244601245480112,C1_coffee|C2_bakery,C1_coffee,only_C1_C2_available_C_stay_unverified_no_third_subtype,"공식 2025Q4 커피·음료 26개, 제과 4개. 매출 상태 complete; 공급·소비 완전관측군의 잔차 보정 초안. 현재 영업·체류·학습 허용 미검증.",218,cafe_complete_exploratory_not_personal_satisfaction
39,3120046,이태원(이태원역),발달상권,True,,68.0,21.0,1389,True,True,complete,both_cafe_industries_sales_observed,79.07206991737314,,74.56634227846426,6c591a7_residual_size_adjusted_draft_2025Q4,official_inside_counts_no_external_walk_component,complete_sales_observed_only,,False,True,,75.83216554229568,86.6318467925539,83.84223918575063,96.69211195928752,75.83216554229568,86.6318467925539,53.08251587960697,25.98955403776617,C2_bakery|C1_coffee,C2_bakery,only_C1_C2_available_C_stay_unverified_no_third_subtype,"공식 2025Q4 커피·음료 68개, 제과 21개. 매출 상태 complete; 공급·소비 완전관측군의 잔차 보정 초안. 현재 영업·체류·학습 허용 미검증.",218,cafe_complete_exploratory_not_personal_satisfaction
40,3110285,홍대부중,골목상권,True,,9.0,4.0,95,True,True,complete,both_cafe_industries_sales_observed,78.74401432323084,,70.34202845426464,6c591a7_residual_size_adjusted_draft_2025Q4,official_inside_counts_no_external_walk_component,complete_sales_observed_only,,False,True,,75.03173342737851,87.40600308021963,80.40712468193384,92.1119592875318,75.03173342737851,87.40600308021963,52.522213399164954,26.22180092406589,C2_bakery|C1_coffee,C2_bakery,only_C1_C2_available_C_stay_unverified_no_third_subtype,"공식 2025Q4 커피·음료 9개, 제과 4개. 매출 상태 complete; 공급·소비 완전관측군의 잔차 보정 초안. 현재 영업·체류·학습 허용 미검증.",218,cafe_complete_exploratory_not_personal_satisfaction
41,3120228,석촌역(석촌호수),발달상권,True,,46.0,12.0,849,True,True,complete,both_cafe_industries_sales_observed,78.69234139752915,,74.5317189954275,6c591a7_residual_size_adjusted_draft_2025Q4,official_inside_counts_no_external_walk_component,complete_sales_observed_only,,False,True,,79.32721129452452,77.21097830453998,82.44274809160305,88.16793893129771,79.32721129452452,77.21097830453998,55.52904790616716,23.163293491361994,C1_coffee|C2_bakery,C1_coffee,only_C1_C2_available_C_stay_unverified_no_third_subtype,"공식 2025Q4 커피·음료 46개, 제과 12개. 매출 상태 complete; 공급·소비 완전관측군의 잔차 보정 초안. 현재 영업·체류·학습 허용 미검증.",218,cafe_complete_exploratory_not_personal_satisfaction
42,3130070,뚝섬역상점가,전통시장,True,,19.0,5.0,350,True,True,complete,both_cafe_industries_sales_observed,78.60909547563176,,75.98224037691939,6c591a7_residual_size_adjusted_draft_2025Q4,official_inside_counts_no_external_walk_component,complete_sales_observed_only,,False,True,,82.2448278935014,70.12571983393599,90.96692111959288,84.86005089058524,82.2448278935014,70.12571983393599,57.57137952545097,21.037715950180797,C1_coffee|C2_bakery,C1_coffee,only_C1_C2_available_C_stay_unverified_no_third_subtype,"공식 2025Q4 커피·음료 19개, 제과 5개. 매출 상태 complete; 공급·소비 완전관측군의 잔차 보정 초안. 현재 영업·체류·학습 허용 미검증.",218,cafe_complete_exploratory_not_personal_satisfaction
43,3111030,방이역 2번,골목상권,True,,12.0,3.0,176,True,True,complete,both_cafe_industries_sales_observed,78.42755447715601,,76.82047673134961,6c591a7_residual_size_adjusted_draft_2025Q4,official_inside_counts_no_external_walk_component,complete_sales_observed_only,,False,True,,81.45324892018672,71.36760077675103,89.94910941475827,78.88040712468194,81.45324892018672,71.36760077675103,57.017274244130704,21.410280233025308,C1_coffee|C2_bakery,C1_coffee,only_C1_C2_available_C_stay_unverified_no_third_subtype,"공식 2025Q4 커피·음료 12개, 제과 3개. 매출 상태 complete; 공급·소비 완전관측군의 잔차 보정 초안. 현재 영업·체류·학습 허용 미검증.",218,cafe_complete_exploratory_not_personal_satisfaction
44,3110283,성북초등학교앞,골목상권,True,,9.0,3.0,57,True,True,complete,both_cafe_industries_sales_observed,78.10699800333589,,74.31165904497425,6c591a7_residual_size_adjusted_draft_2025Q4,official_inside_counts_no_external_walk_component,complete_sales_observed_only,,False,True,,76.15519315290307,82.66120932101246,97.45547073791349,96.5648854961832,76.15519315290307,82.66120932101246,53.30863520703215,24.79836279630374,C2_bakery|C1_coffee,C2_bakery,only_C1_C2_available_C_stay_unverified_no_third_subtype,"공식 2025Q4 커피·음료 9개, 제과 3개. 매출 상태 complete; 공급·소비 완전관측군의 잔차 보정 초안. 현재 영업·체류·학습 허용 미검증.",218,cafe_complete_exploratory_not_personal_satisfaction
45,3120094,"신촌역(신촌역, 신촌로터리)",발달상권,True,,105.0,14.0,2031,True,True,complete,both_cafe_industries_sales_observed,77.84088695825466,,70.87294989190377,6c591a7_residual_size_adjusted_draft_2025Q4,official_inside_counts_no_external_walk_component,complete_sales_observed_only,,False,True,,82.72916842053371,66.43489687960357,89.31297709923665,72.7735368956743,82.72916842053371,66.43489687960357,57.910417894373595,19.93046906388107,C1_coffee|C2_bakery,C1_coffee,only_C1_C2_available_C_stay_unverified_no_third_subtype,"공식 2025Q4 커피·음료 105개, 제과 14개. 매출 상태 complete; 공급·소비 완전관측군의 잔차 보정 초안. 현재 영업·체류·학습 허용 미검증.",218,cafe_complete_exploratory_not_personal_satisfaction
46,3110205,경희대삼거리,골목상권,True,,24.0,7.0,249,True,True,complete,both_cafe_industries_sales_observed,77.13299408605016,,75.00299347961594,6c591a7_residual_size_adjusted_draft_2025Q4,official_inside_counts_no_external_walk_component,complete_sales_observed_only,,False,True,,79.54565647717318,71.5034485067631,95.67430025445292,94.91094147582696,79.54565647717318,71.5034485067631,55.681959534021225,21.451034552028933,C1_coffee|C2_bakery,C1_coffee,only_C1_C2_available_C_stay_unverified_no_third_subtype,"공식 2025Q4 커피·음료 24개, 제과 7개. 매출 상태 complete; 공급·소비 완전관측군의 잔차 보정 초안. 현재 영업·체류·학습 허용 미검증.",218,cafe_complete_exploratory_not_personal_satisfaction
47,3120096,"이화여대(이대역, 이대)",발달상권,True,,32.0,9.0,559,True,True,complete,both_cafe_industries_sales_observed,76.81266046311669,,73.64555478235285,6c591a7_residual_size_adjusted_draft_2025Q4,official_inside_counts_no_external_walk_component,complete_sales_observed_only,,False,True,,77.46374728387617,75.29345788134458,84.47837150127226,88.29516539440203,77.46374728387617,75.29345788134458,54.224623098713316,22.588037364403373,C1_coffee|C2_bakery,C1_coffee,only_C1_C2_available_C_stay_unverified_no_third_subtype,"공식 2025Q4 커피·음료 32개, 제과 9개. 매출 상태 complete; 공급·소비 완전관측군의 잔차 보정 초안. 현재 영업·체류·학습 허용 미검증.",218,cafe_complete_exploratory_not_personal_satisfaction
48,3120227,잠실역,발달상권,True,,87.0,28.0,2251,True,True,complete,both_cafe_industries_sales_observed,76.80347567049614,,72.24432718986883,6c591a7_residual_size_adjusted_draft_2025Q4,official_inside_counts_no_external_walk_component,complete_sales_observed_only,,False,True,,70.36423173039367,91.8283781974019,67.68447837150127,94.529262086514,70.36423173039367,91.8283781974019,49.25496221127557,27.54851345922057,C2_bakery|C1_coffee,C2_bakery,only_C1_C2_available_C_stay_unverified_no_third_subtype,"공식 2025Q4 커피·음료 87개, 제과 28개. 매출 상태 complete; 공급·소비 완전관측군의 잔차 보정 초안. 현재 영업·체류·학습 허용 미검증.",218,cafe_complete_exploratory_not_personal_satisfaction
49,3110179,광나루역 1번,골목상권,True,,9.0,1.0,103,True,True,complete,both_cafe_industries_sales_observed,76.63760050880605,,71.88893063919116,6c591a7_residual_size_adjusted_draft_2025Q4,official_inside_counts_no_external_walk_component,complete_sales_observed_only,,False,True,,89.4425042566827,46.75949176376054,92.6208651399491,51.52671755725192,89.4425042566827,46.75949176376054,62.609752979677886,14.027847529128163,C1_coffee|C2_bakery,C1_coffee,only_C1_C2_available_C_stay_unverified_no_third_subtype,"공식 2025Q4 커피·음료 9개, 제과 1개. 매출 상태 complete; 공급·소비 완전관측군의 잔차 보정 초안. 현재 영업·체류·학습 허용 미검증.",218,cafe_complete_exploratory_not_personal_satisfaction
50,3120203,강남구청역,발달상권,True,,48.0,8.0,1243,True,True,complete,both_cafe_industries_sales_observed,76.14032487655071,,71.96222617892874,6c591a7_residual_size_adjusted_draft_2025Q4,official_inside_counts_no_external_walk_component,complete_sales_observed_only,,False,True,,80.72588309575545,65.44068903173965,81.55216284987277,63.74045801526718,80.72588309575545,65.44068903173965,56.50811816702881,19.632206709521896,C1_coffee|C2_bakery,C1_coffee,only_C1_C2_available_C_stay_unverified_no_third_subtype,"공식 2025Q4 커피·음료 48개, 제과 8개. 매출 상태 complete; 공급·소비 완전관측군의 잔차 보정 초안. 현재 영업·체류·학습 허용 미검증.",218,cafe_complete_exploratory_not_personal_satisfaction
51,3110576,대흥역 3번,골목상권,True,,21.0,3.0,254,True,True,complete,both_cafe_industries_sales_observed,75.74920564492709,,73.45611345757588,6c591a7_residual_size_adjusted_draft_2025Q4,official_inside_counts_no_external_walk_component,complete_sales_observed_only,,False,True,,81.48235685600845,62.371852819070575,93.76590330788804,63.8676844783715,81.48235685600845,62.371852819070575,57.03764979920591,18.711555845721172,C1_coffee|C2_bakery,C1_coffee,only_C1_C2_available_C_stay_unverified_no_third_subtype,"공식 2025Q4 커피·음료 21개, 제과 3개. 매출 상태 complete; 공급·소비 완전관측군의 잔차 보정 초안. 현재 영업·체류·학습 허용 미검증.",218,cafe_complete_exploratory_not_personal_satisfaction
52,3120222,삼성역,발달상권,True,,51.0,19.0,1397,True,True,complete,both_cafe_industries_sales_observed,75.18074719675661,,72.61047264876723,6c591a7_residual_size_adjusted_draft_2025Q4,official_inside_counts_no_external_walk_component,complete_sales_observed_only,,False,True,,68.77536433032614,90.12664055176108,61.06870229007634,92.23918575063614,68.77536433032614,90.12664055176108,48.1427550312283,27.037992165528326,C2_bakery|C1_coffee,C2_bakery,only_C1_C2_available_C_stay_unverified_no_third_subtype,"공식 2025Q4 커피·음료 51개, 제과 19개. 매출 상태 complete; 공급·소비 완전관측군의 잔차 보정 초안. 현재 영업·체류·학습 허용 미검증.",218,cafe_complete_exploratory_not_personal_satisfaction
53,3120242,강동구청역,발달상권,True,,36.0,7.0,634,True,True,complete,both_cafe_industries_sales_observed,73.70628824453027,,69.32215438636591,6c591a7_residual_size_adjusted_draft_2025Q4,official_inside_counts_no_external_walk_component,complete_sales_observed_only,,False,True,,79.19414075683629,60.90129904914959,79.77099236641222,68.95674300254453,79.19414075683629,60.90129904914959,55.4358985297854,18.270389714744876,C1_coffee|C2_bakery,C1_coffee,only_C1_C2_available_C_stay_unverified_no_third_subtype,"공식 2025Q4 커피·음료 36개, 제과 7개. 매출 상태 complete; 공급·소비 완전관측군의 잔차 보정 초안. 현재 영업·체류·학습 허용 미검증.",218,cafe_complete_exploratory_not_personal_satisfaction
54,3120029,을지로2가,발달상권,True,,10.0,2.0,143,True,True,complete,both_cafe_industries_sales_observed,73.50493158721024,,70.23648958716082,6c591a7_residual_size_adjusted_draft_2025Q4,official_inside_counts_no_external_walk_component,complete_sales_observed_only,,False,True,,80.51194525659548,57.15523302531136,86.1323155216285,64.12213740458014,80.51194525659548,57.15523302531136,56.358361679616834,17.146569907593406,C1_coffee|C2_bakery,C1_coffee,only_C1_C2_available_C_stay_unverified_no_third_subtype,"공식 2025Q4 커피·음료 10개, 제과 2개. 매출 상태 complete; 공급·소비 완전관측군의 잔차 보정 초안. 현재 영업·체류·학습 허용 미검증.",218,cafe_complete_exploratory_not_personal_satisfaction
55,3130159,공릉동 도깨비시장,전통시장,True,,13.0,6.0,229,True,True,complete,both_cafe_industries_sales_observed,73.31123298250004,,71.67415652491742,6c591a7_residual_size_adjusted_draft_2025Q4,official_inside_counts_no_external_walk_component,complete_sales_observed_only,,False,True,,69.6816543611563,81.78024976563546,86.51399491094148,95.16539440203562,69.6816543611563,81.78024976563546,48.77715805280941,24.534074929690636,C2_bakery|C1_coffee,C2_bakery,only_C1_C2_available_C_stay_unverified_no_third_subtype,"공식 2025Q4 커피·음료 13개, 제과 6개. 매출 상태 complete; 공급·소비 완전관측군의 잔차 보정 초안. 현재 영업·체류·학습 허용 미검증.",218,cafe_complete_exploratory_not_personal_satisfaction
56,3120032,충무로역,발달상권,True,,64.0,5.0,1152,True,True,complete,both_cafe_industries_sales_observed,72.98174283489179,,69.33363021200708,6c591a7_residual_size_adjusted_draft_2025Q4,official_inside_counts_no_external_walk_component,complete_sales_observed_only,,False,True,,87.07114613788997,40.106468461229404,88.54961832061069,35.11450381679389,87.07114613788997,40.106468461229404,60.949802296522975,12.03194053836882,C1_coffee|C2_bakery,C1_coffee,only_C1_C2_available_C_stay_unverified_no_third_subtype,"공식 2025Q4 커피·음료 64개, 제과 5개. 매출 상태 complete; 공급·소비 완전관측군의 잔차 보정 초안. 현재 영업·체류·학습 허용 미검증.",218,cafe_complete_exploratory_not_personal_satisfaction
57,3120041,신용산역(용산역),발달상권,True,,105.0,34.0,1863,True,True,complete,both_cafe_industries_sales_observed,72.72818024044992,,64.97544170643812,6c591a7_residual_size_adjusted_draft_2025Q4,official_inside_counts_no_external_walk_component,complete_sales_observed_only,,False,True,,69.32356116540197,80.6722914155618,64.24936386768448,97.20101781170484,69.32356116540197,80.6722914155618,48.526492815781374,24.20168742466854,C2_bakery|C1_coffee,C2_bakery,only_C1_C2_available_C_stay_unverified_no_third_subtype,"공식 2025Q4 커피·음료 105개, 제과 34개. 매출 상태 complete; 공급·소비 완전관측군의 잔차 보정 초안. 현재 영업·체류·학습 허용 미검증.",218,cafe_complete_exploratory_not_personal_satisfaction
58,3110538,충정로역 3번,골목상권,True,,5.0,1.0,82,True,True,complete,both_cafe_industries_sales_observed,71.31625268568686,,68.92728543012404,6c591a7_residual_size_adjusted_draft_2025Q4,official_inside_counts_no_external_walk_component,complete_sales_observed_only,,False,True,,73.24325055080905,66.81992433373509,91.0941475826972,67.68447837150127,73.24325055080905,66.81992433373509,51.270275385566336,20.045977300120526,C1_coffee|C2_bakery,C1_coffee,only_C1_C2_available_C_stay_unverified_no_third_subtype,"공식 2025Q4 커피·음료 5개, 제과 1개. 매출 상태 complete; 공급·소비 완전관측군의 잔차 보정 초안. 현재 영업·체류·학습 허용 미검증.",218,cafe_complete_exploratory_not_personal_satisfaction
59,3120075,월곡역,발달상권,True,,14.0,5.0,305,True,True,complete,both_cafe_industries_sales_observed,71.06795126475019,,69.70907914723577,6c591a7_residual_size_adjusted_draft_2025Q4,official_inside_counts_no_external_walk_component,complete_sales_observed_only,,False,True,,69.3426824874954,75.09357841167805,70.10178117048346,81.80661577608143,69.3426824874954,75.09357841167805,48.53987774124678,22.528073523503416,C2_bakery|C1_coffee,C2_bakery,only_C1_C2_available_C_stay_unverified_no_third_subtype,"공식 2025Q4 커피·음료 14개, 제과 5개. 매출 상태 complete; 공급·소비 완전관측군의 잔차 보정 초안. 현재 영업·체류·학습 허용 미검증.",218,cafe_complete_exploratory_not_personal_satisfaction
60,3120036,장충동족발거리(남소영길),발달상권,True,,7.0,4.0,119,True,True,complete,both_cafe_industries_sales_observed,71.05905408786239,,65.3520928969878,6c591a7_residual_size_adjusted_draft_2025Q4,official_inside_counts_no_external_walk_component,complete_sales_observed_only,,False,True,,63.83970792899588,87.90419512521763,61.959287531806616,89.44020356234097,63.83970792899588,87.90419512521763,44.68779555029711,26.371258537565286,C2_bakery|C1_coffee,C2_bakery,only_C1_C2_available_C_stay_unverified_no_third_subtype,"공식 2025Q4 커피·음료 7개, 제과 4개. 매출 상태 complete; 공급·소비 완전관측군의 잔차 보정 초안. 현재 영업·체류·학습 허용 미검증.",218,cafe_complete_exploratory_not_personal_satisfaction
61,3110304,보문역 4번,골목상권,True,,10.0,5.0,138,True,True,complete,both_cafe_industries_sales_observed,71.02214750890006,,67.40219496134875,6c591a7_residual_size_adjusted_draft_2025Q4,official_inside_counts_no_external_walk_component,complete_sales_observed_only,,False,True,,70.32986219345247,72.6374799116111,74.93638676844783,92.74809160305344,70.32986219345247,72.6374799116111,49.23090353541673,21.79124397348333,C2_bakery|C1_coffee,C2_bakery,only_C1_C2_available_C_stay_unverified_no_third_subtype,"공식 2025Q4 커피·음료 10개, 제과 5개. 매출 상태 complete; 공급·소비 완전관측군의 잔차 보정 초안. 현재 영업·체류·학습 허용 미검증.",218,cafe_complete_exploratory_not_personal_satisfaction
62,3120009,종로3가역,발달상권,True,,119.0,19.0,4123,True,True,complete,both_cafe_industries_sales_observed,70.56511533958557,,64.72013659609402,6c591a7_residual_size_adjusted_draft_2025Q4,official_inside_counts_no_external_walk_component,complete_sales_observed_only,,False,True,,73.00573068944988,64.87034618990222,76.08142493638677,69.97455470737913,73.00573068944988,64.87034618990222,51.10401148261491,19.461103856970666,C1_coffee|C2_bakery,C1_coffee,only_C1_C2_available_C_stay_unverified_no_third_subtype,"공식 2025Q4 커피·음료 119개, 제과 19개. 매출 상태 complete; 공급·소비 완전관측군의 잔차 보정 초안. 현재 영업·체류·학습 허용 미검증.",218,cafe_complete_exploratory_not_personal_satisfaction
63,3110966,논현2동주민센터,골목상권,True,,15.0,6.0,331,True,True,complete,both_cafe_industries_sales_observed,70.44173021029239,,69.21039931920356,6c591a7_residual_size_adjusted_draft_2025Q4,official_inside_counts_no_external_walk_component,complete_sales_observed_only,,False,True,,70.87165542295688,69.43857138074193,71.7557251908397,86.76844783715013,70.87165542295688,69.43857138074193,49.61015879606981,20.83157141422258,C1_coffee|C2_bakery,C1_coffee,only_C1_C2_available_C_stay_unverified_no_third_subtype,"공식 2025Q4 커피·음료 15개, 제과 6개. 매출 상태 complete; 공급·소비 완전관측군의 잔차 보정 초안. 현재 영업·체류·학습 허용 미검증.",218,cafe_complete_exploratory_not_personal_satisfaction
64,3110064,효창공원앞역 2번,골목상권,True,,12.0,7.0,168,True,True,complete,both_cafe_industries_sales_observed,70.43822082887506,,65.26300119677839,6c591a7_residual_size_adjusted_draft_2025Q4,official_inside_counts_no_external_walk_component,complete_sales_observed_only,,False,True,,62.03777715839409,90.03925605999731,69.72010178117048,96.43765903307887,62.03777715839409,90.03925605999731,43.42644401087586,27.011776817999195,C2_bakery|C1_coffee,C2_bakery,only_C1_C2_available_C_stay_unverified_no_third_subtype,"공식 2025Q4 커피·음료 12개, 제과 7개. 매출 상태 complete; 공급·소비 완전관측군의 잔차 보정 초안. 현재 영업·체류·학습 허용 미검증.",218,cafe_complete_exploratory_not_personal_satisfaction
65,3110125,사근동살곶이상점가,골목상권,True,,12.0,2.0,112,True,True,complete,both_cafe_industries_sales_observed,70.36822834380862,,59.36138617568807,6c591a7_residual_size_adjusted_draft_2025Q4,official_inside_counts_no_external_walk_component,complete_sales_observed_only,,False,True,,79.58360807423503,48.86567563948037,81.29770992366412,58.9058524173028,79.58360807423503,48.86567563948037,55.70852565196452,14.65970269184411,C1_coffee|C2_bakery,C1_coffee,only_C1_C2_available_C_stay_unverified_no_third_subtype,"공식 2025Q4 커피·음료 12개, 제과 2개. 매출 상태 complete; 공급·소비 완전관측군의 잔차 보정 초안. 현재 영업·체류·학습 허용 미검증.",218,cafe_complete_exploratory_not_personal_satisfaction
66,3120081,노원역,발달상권,True,,57.0,25.0,2306,True,True,complete,both_cafe_industries_sales_observed,70.35483434713335,,68.35805152470924,6c591a7_residual_size_adjusted_draft_2025Q4,official_inside_counts_no_external_walk_component,complete_sales_observed_only,,False,True,,62.91134287437004,87.72298111691441,61.19592875318066,96.18320610687024,62.91134287437004,87.72298111691441,44.037940012059025,26.316894335074323,C2_bakery|C1_coffee,C2_bakery,only_C1_C2_available_C_stay_unverified_no_third_subtype,"공식 2025Q4 커피·음료 57개, 제과 25개. 매출 상태 complete; 공급·소비 완전관측군의 잔차 보정 초안. 현재 영업·체류·학습 허용 미검증.",218,cafe_complete_exploratory_not_personal_satisfaction
67,3120018,중림동,발달상권,True,,22.0,5.0,390,True,True,complete,both_cafe_industries_sales_observed,69.70914805272359,,66.42074880651472,6c591a7_residual_size_adjusted_draft_2025Q4,official_inside_counts_no_external_walk_component,complete_sales_observed_only,,False,True,,75.28192303462609,56.70600642828445,75.95419847328245,68.32061068702289,75.28192303462609,56.70600642828445,52.69734612423826,17.011801928485333,C1_coffee|C2_bakery,C1_coffee,only_C1_C2_available_C_stay_unverified_no_third_subtype,"공식 2025Q4 커피·음료 22개, 제과 5개. 매출 상태 complete; 공급·소비 완전관측군의 잔차 보정 초안. 현재 영업·체류·학습 허용 미검증.",218,cafe_complete_exploratory_not_personal_satisfaction
68,3110028,이화달팽이길,골목상권,True,,16.0,5.0,171,True,True,complete,both_cafe_industries_sales_observed,69.25423482248868,,60.772387515153234,6c591a7_residual_size_adjusted_draft_2025Q4,official_inside_counts_no_external_walk_component,complete_sales_observed_only,,False,True,,69.65267346219042,68.32454466318467,78.88040712468194,85.6234096692112,69.65267346219042,68.32454466318467,48.75687142353329,20.4973633989554,C1_coffee|C2_bakery,C1_coffee,only_C1_C2_available_C_stay_unverified_no_third_subtype,"공식 2025Q4 커피·음료 16개, 제과 5개. 매출 상태 complete; 공급·소비 완전관측군의 잔차 보정 초안. 현재 영업·체류·학습 허용 미검증.",218,cafe_complete_exploratory_not_personal_satisfaction
69,3120052,성수역,발달상권,True,,56.0,10.0,1526,True,True,complete,both_cafe_industries_sales_observed,69.24668276382302,,65.31104004059215,6c591a7_residual_size_adjusted_draft_2025Q4,official_inside_counts_no_external_walk_component,complete_sales_observed_only,,False,True,,72.12186816228864,62.53791683406991,69.59287531806616,62.97709923664122,72.12186816228864,62.53791683406991,50.48530771360204,18.761375050220973,C1_coffee|C2_bakery,C1_coffee,only_C1_C2_available_C_stay_unverified_no_third_subtype,"공식 2025Q4 커피·음료 56개, 제과 10개. 매출 상태 complete; 공급·소비 완전관측군의 잔차 보정 초안. 현재 영업·체류·학습 허용 미검증.",218,cafe_complete_exploratory_not_personal_satisfaction
70,3120225,잠실새내역(신천),발달상권,True,,46.0,22.0,1917,True,True,complete,both_cafe_industries_sales_observed,69.05374526306208,,68.40217584534028,6c591a7_residual_size_adjusted_draft_2025Q4,official_inside_counts_no_external_walk_component,complete_sales_observed_only,,False,True,,60.41584225435432,89.2088522833802,56.36132315521628,95.67430025445292,60.41584225435432,89.2088522833802,42.291089578048016,26.762655685014057,C2_bakery|C1_coffee,C2_bakery,only_C1_C2_available_C_stay_unverified_no_third_subtype,"공식 2025Q4 커피·음료 46개, 제과 22개. 매출 상태 complete; 공급·소비 완전관측군의 잔차 보정 초안. 현재 영업·체류·학습 허용 미검증.",218,cafe_complete_exploratory_not_personal_satisfaction
71,3120068,사가정역,발달상권,True,,10.0,1.0,217,True,True,complete,both_cafe_industries_sales_observed,68.87433853266343,,65.52392459495073,6c591a7_residual_size_adjusted_draft_2025Q4,official_inside_counts_no_external_walk_component,complete_sales_observed_only,,False,True,,78.29997193812736,46.881193919914296,87.65903307888041,36.00508905852418,78.29997193812736,46.881193919914296,54.809980356689145,14.064358175974288,C1_coffee|C2_bakery,C1_coffee,only_C1_C2_available_C_stay_unverified_no_third_subtype,"공식 2025Q4 커피·음료 10개, 제과 1개. 매출 상태 complete; 공급·소비 완전관측군의 잔차 보정 초안. 현재 영업·체류·학습 허용 미검증.",218,cafe_complete_exploratory_not_personal_satisfaction
72,3120232,송파나루역,발달상권,True,,16.0,2.0,225,True,True,complete,both_cafe_industries_sales_observed,68.83803868317166,,66.41945222679682,6c591a7_residual_size_adjusted_draft_2025Q4,official_inside_counts_no_external_walk_component,complete_sales_observed_only,,False,True,,79.02991206015858,45.05700080353555,91.34860050890585,52.29007633587786,79.02991206015858,45.05700080353555,55.320938442111,13.517100241060666,C1_coffee|C2_bakery,C1_coffee,only_C1_C2_available_C_stay_unverified_no_third_subtype,"공식 2025Q4 커피·음료 16개, 제과 2개. 매출 상태 complete; 공급·소비 완전관측군의 잔차 보정 초안. 현재 영업·체류·학습 허용 미검증.",218,cafe_complete_exploratory_not_personal_satisfaction
73,3120086,태릉입구역,발달상권,True,,14.0,3.0,321,True,True,complete,both_cafe_industries_sales_observed,68.77536182351875,,67.03844509396238,6c591a7_residual_size_adjusted_draft_2025Q4,official_inside_counts_no_external_walk_component,complete_sales_observed_only,,False,True,,73.21457302343924,58.41720235703762,76.33587786259542,60.05089058524173,73.21457302343924,58.41720235703762,51.25020111640747,17.525160707111283,C1_coffee|C2_bakery,C1_coffee,only_C1_C2_available_C_stay_unverified_no_third_subtype,"공식 2025Q4 커피·음료 14개, 제과 3개. 매출 상태 complete; 공급·소비 완전관측군의 잔차 보정 초안. 현재 영업·체류·학습 허용 미검증.",218,cafe_complete_exploratory_not_personal_satisfaction
74,3120023,서울시청,발달상권,True,,18.0,4.0,601,True,True,complete,both_cafe_industries_sales_observed,68.17558752799451,,69.01610957506148,6c591a7_residual_size_adjusted_draft_2025Q4,official_inside_counts_no_external_walk_component,complete_sales_observed_only,,False,True,,69.65686871214965,64.71926476496584,65.52162849872774,54.58015267175572,69.65686871214965,64.71926476496584,48.75980809850475,19.415779429489753,C1_coffee|C2_bakery,C1_coffee,only_C1_C2_available_C_stay_unverified_no_third_subtype,"공식 2025Q4 커피·음료 18개, 제과 4개. 매출 상태 complete; 공급·소비 완전관측군의 잔차 보정 초안. 현재 영업·체류·학습 허용 미검증.",218,cafe_complete_exploratory_not_personal_satisfaction
75,3130195,도화동 상점가,전통시장,True,,21.0,5.0,552,True,True,complete,both_cafe_industries_sales_observed,67.07204415523684,,65.88933382645611,6c591a7_residual_size_adjusted_draft_2025Q4,official_inside_counts_no_external_walk_component,complete_sales_observed_only,,False,True,,72.00188279996814,55.56908731753047,73.2824427480916,65.52162849872774,72.00188279996814,55.56908731753047,50.401317959977696,16.67072619525914,C1_coffee|C2_bakery,C1_coffee,only_C1_C2_available_C_stay_unverified_no_third_subtype,"공식 2025Q4 커피·음료 21개, 제과 5개. 매출 상태 complete; 공급·소비 완전관측군의 잔차 보정 초안. 현재 영업·체류·학습 허용 미검증.",218,cafe_complete_exploratory_not_personal_satisfaction
76,3120187,신논현역,발달상권,True,,87.0,11.0,2169,True,True,complete,both_cafe_industries_sales_observed,66.66167092684213,,61.12073787677436,6c591a7_residual_size_adjusted_draft_2025Q4,official_inside_counts_no_external_walk_component,complete_sales_observed_only,,False,True,,75.13819315669521,46.88311905718496,78.11704834605598,55.97964376590331,75.13819315669521,46.88311905718496,52.59673520968664,14.064935717155489,C1_coffee|C2_bakery,C1_coffee,only_C1_C2_available_C_stay_unverified_no_third_subtype,"공식 2025Q4 커피·음료 87개, 제과 11개. 매출 상태 complete; 공급·소비 완전관측군의 잔차 보정 초안. 현재 영업·체류·학습 허용 미검증.",218,cafe_complete_exploratory_not_personal_satisfaction
77,3120213,삼성중앙역,발달상권,True,,38.0,6.0,797,True,True,complete,both_cafe_industries_sales_observed,66.46837826476236,,62.9562319232604,6c591a7_residual_size_adjusted_draft_2025Q4,official_inside_counts_no_external_walk_component,complete_sales_observed_only,,False,True,,73.08850714629716,51.02141087451453,73.40966921119593,54.32569974554708,73.08850714629716,51.02141087451453,51.16195500240801,15.306423262354357,C1_coffee|C2_bakery,C1_coffee,only_C1_C2_available_C_stay_unverified_no_third_subtype,"공식 2025Q4 커피·음료 38개, 제과 6개. 매출 상태 complete; 공급·소비 완전관측군의 잔차 보정 초안. 현재 영업·체류·학습 허용 미검증.",218,cafe_complete_exploratory_not_personal_satisfaction
78,3130002,세종마을음식문화거리(금천교시장),전통시장,True,,7.0,4.0,238,True,True,complete,both_cafe_industries_sales_observed,66.36788164945132,,67.35003232326522,6c591a7_residual_size_adjusted_draft_2025Q4,official_inside_counts_no_external_walk_component,complete_sales_observed_only,,False,True,,59.09593349336184,83.33576068032676,57.25190839694656,84.60559796437659,59.09593349336184,83.33576068032676,41.36715344535329,25.000728204098028,C2_bakery|C1_coffee,C2_bakery,only_C1_C2_available_C_stay_unverified_no_third_subtype,"공식 2025Q4 커피·음료 7개, 제과 4개. 매출 상태 complete; 공급·소비 완전관측군의 잔차 보정 초안. 현재 영업·체류·학습 허용 미검증.",218,cafe_complete_exploratory_not_personal_satisfaction
79,3120077,미아역,발달상권,True,,16.0,5.0,448,True,True,complete,both_cafe_industries_sales_observed,66.22519964345852,,66.25192220818407,6c591a7_residual_size_adjusted_draft_2025Q4,official_inside_counts_no_external_walk_component,complete_sales_observed_only,,False,True,,63.40793601134609,72.79881478505423,66.53944020356234,72.13740458015268,63.40793601134609,72.79881478505423,44.38555520794226,21.83964443551627,C2_bakery|C1_coffee,C2_bakery,only_C1_C2_available_C_stay_unverified_no_third_subtype,"공식 2025Q4 커피·음료 16개, 제과 5개. 매출 상태 complete; 공급·소비 완전관측군의 잔차 보정 초안. 현재 영업·체류·학습 허용 미검증.",218,cafe_complete_exploratory_not_personal_satisfaction
80,3110419,수락산디자인거리,골목상권,True,,17.0,5.0,314,True,True,complete,both_cafe_industries_sales_observed,65.81969511404077,,62.576290756401846,6c591a7_residual_size_adjusted_draft_2025Q4,official_inside_counts_no_external_walk_component,complete_sales_observed_only,,False,True,,65.7860492675472,65.89820208919245,71.88295165394402,75.95419847328245,65.7860492675472,65.89820208919245,46.050234487283035,19.769460626757734,C2_bakery|C1_coffee,C2_bakery,only_C1_C2_available_C_stay_unverified_no_third_subtype,"공식 2025Q4 커피·음료 17개, 제과 5개. 매출 상태 complete; 공급·소비 완전관측군의 잔차 보정 초안. 현재 영업·체류·학습 허용 미검증.",218,cafe_complete_exploratory_not_personal_satisfaction
81,3120043,서울역,발달상권,True,,35.0,18.0,877,True,True,complete,both_cafe_industries_sales_observed,65.8144758582073,,62.783820197691455,6c591a7_residual_size_adjusted_draft_2025Q4,official_inside_counts_no_external_walk_component,complete_sales_observed_only,,False,True,,56.15761803999196,88.34714410070978,43.25699745547074,94.0203562340967,56.15761803999196,88.34714410070978,39.31033262799437,26.504143230212936,C2_bakery|C1_coffee,C2_bakery,only_C1_C2_available_C_stay_unverified_no_third_subtype,"공식 2025Q4 커피·음료 35개, 제과 18개. 매출 상태 complete; 공급·소비 완전관측군의 잔차 보정 초안. 현재 영업·체류·학습 허용 미검증.",218,cafe_complete_exploratory_not_personal_satisfaction
82,3120188,압구정역,발달상권,True,,40.0,24.0,1612,True,True,complete,both_cafe_industries_sales_observed,65.42913057991676,,67.15859755656683,6c591a7_residual_size_adjusted_draft_2025Q4,official_inside_counts_no_external_walk_component,complete_sales_observed_only,,False,True,,54.24064800172921,91.53558992902104,50.38167938931297,97.9643765903308,54.24064800172921,91.53558992902104,37.96845360121045,27.460676978706314,C2_bakery|C1_coffee,C2_bakery,only_C1_C2_available_C_stay_unverified_no_third_subtype,"공식 2025Q4 커피·음료 40개, 제과 24개. 매출 상태 complete; 공급·소비 완전관측군의 잔차 보정 초안. 현재 영업·체류·학습 허용 미검증.",218,cafe_complete_exploratory_not_personal_satisfaction
83,3120038,약수역,발달상권,True,,21.0,7.0,542,True,True,complete,both_cafe_industries_sales_observed,65.22638180722451,,64.31645134528632,6c591a7_residual_size_adjusted_draft_2025Q4,official_inside_counts_no_external_walk_component,complete_sales_observed_only,,False,True,,58.99021512838307,79.7774373911879,64.63104325699746,79.89821882951654,58.99021512838307,79.7774373911879,41.29315058986815,23.93323121735637,C2_bakery|C1_coffee,C2_bakery,only_C1_C2_available_C_stay_unverified_no_third_subtype,"공식 2025Q4 커피·음료 21개, 제과 7개. 매출 상태 complete; 공급·소비 완전관측군의 잔차 보정 초안. 현재 영업·체류·학습 허용 미검증.",218,cafe_complete_exploratory_not_personal_satisfaction
84,3130065,무학봉상점가,전통시장,True,,10.0,5.0,198,True,True,complete,both_cafe_industries_sales_observed,65.01954196277829,,63.79661044248931,6c591a7_residual_size_adjusted_draft_2025Q4,official_inside_counts_no_external_walk_component,complete_sales_observed_only,,False,True,,56.75157260251116,84.31147047006829,72.90076335877863,90.83969465648856,56.75157260251116,84.31147047006829,39.72610082175781,25.293441141020484,C2_bakery|C1_coffee,C2_bakery,only_C1_C2_available_C_stay_unverified_no_third_subtype,"공식 2025Q4 커피·음료 10개, 제과 5개. 매출 상태 complete; 공급·소비 완전관측군의 잔차 보정 초안. 현재 영업·체류·학습 허용 미검증.",218,cafe_complete_exploratory_not_personal_satisfaction
85,3111061,암사역 1번,골목상권,True,,20.0,7.0,324,True,True,complete,both_cafe_industries_sales_observed,64.7344732281552,,60.213098141483485,6c591a7_residual_size_adjusted_draft_2025Q4,official_inside_counts_no_external_walk_component,complete_sales_observed_only,,False,True,,64.08058535549462,66.26021159769653,71.11959287531806,86.38676844783714,64.08058535549462,66.26021159769653,44.85640974884623,19.878063479308956,C2_bakery|C1_coffee,C2_bakery,only_C1_C2_available_C_stay_unverified_no_third_subtype,"공식 2025Q4 커피·음료 20개, 제과 7개. 매출 상태 complete; 공급·소비 완전관측군의 잔차 보정 초안. 현재 영업·체류·학습 허용 미검증.",218,cafe_complete_exploratory_not_personal_satisfaction
86,3110303,성신여대입구역 1번,골목상권,True,,13.0,3.0,139,True,True,complete,both_cafe_industries_sales_observed,64.37299560714935,,57.01661991962651,6c591a7_residual_size_adjusted_draft_2025Q4,official_inside_counts_no_external_walk_component,complete_sales_observed_only,,False,True,,66.3059489273918,59.8627711932503,83.20610687022901,72.90076335877863,66.3059489273918,59.8627711932503,46.414164249174256,17.95883135797509,C1_coffee|C2_bakery,C1_coffee,only_C1_C2_available_C_stay_unverified_no_third_subtype,"공식 2025Q4 커피·음료 13개, 제과 3개. 매출 상태 complete; 공급·소비 완전관측군의 잔차 보정 초안. 현재 영업·체류·학습 허용 미검증.",218,cafe_complete_exploratory_not_personal_satisfaction
87,3120218,코엑스,발달상권,True,,14.0,6.0,387,True,True,complete,both_cafe_industries_sales_observed,63.80716715745005,,62.58515900981344,6c591a7_residual_size_adjusted_draft_2025Q4,official_inside_counts_no_external_walk_component,complete_sales_observed_only,,False,True,,56.9961267031471,79.69959488415695,47.96437659033079,78.7531806615776,56.9961267031471,79.69959488415695,39.89728869220296,23.909878465247086,C2_bakery|C1_coffee,C2_bakery,only_C1_C2_available_C_stay_unverified_no_third_subtype,"공식 2025Q4 커피·음료 14개, 제과 6개. 매출 상태 complete; 공급·소비 완전관측군의 잔차 보정 초안. 현재 영업·체류·학습 허용 미검증.",218,cafe_complete_exploratory_not_personal_satisfaction
88,3110323,상월곡역 1번,골목상권,True,,8.0,6.0,175,True,True,complete,both_cafe_industries_sales_observed,63.79180643265538,,61.94456097020944,6c591a7_residual_size_adjusted_draft_2025Q4,official_inside_counts_no_external_walk_component,complete_sales_observed_only,,False,True,,59.21045096187756,74.48163586447032,58.14249363867684,95.5470737913486,59.21045096187756,74.48163586447032,41.44731567331429,22.344490759341095,C2_bakery|C1_coffee,C2_bakery,only_C1_C2_available_C_stay_unverified_no_third_subtype,"공식 2025Q4 커피·음료 8개, 제과 6개. 매출 상태 complete; 공급·소비 완전관측군의 잔차 보정 초안. 현재 영업·체류·학습 허용 미검증.",218,cafe_complete_exploratory_not_personal_satisfaction
89,3110308,길음역 8번,골목상권,True,,9.0,4.0,169,True,True,complete,both_cafe_industries_sales_observed,63.45214679063787,,60.95207345418349,6c591a7_residual_size_adjusted_draft_2025Q4,official_inside_counts_no_external_walk_component,complete_sales_observed_only,,False,True,,58.134911244847416,75.85902973081558,65.77608142493638,84.7328244274809,58.134911244847416,75.85902973081558,40.69443787139319,22.757708919244674,C2_bakery|C1_coffee,C2_bakery,only_C1_C2_available_C_stay_unverified_no_third_subtype,"공식 2025Q4 커피·음료 9개, 제과 4개. 매출 상태 complete; 공급·소비 완전관측군의 잔차 보정 초안. 현재 영업·체류·학습 허용 미검증.",218,cafe_complete_exploratory_not_personal_satisfaction
90,3111059,강동역 4번(강풀만화거리),골목상권,True,,28.0,9.0,529,True,True,complete,both_cafe_industries_sales_observed,63.42607617331458,,57.16098187328424,6c591a7_residual_size_adjusted_draft_2025Q4,official_inside_counts_no_external_walk_component,complete_sales_observed_only,,False,True,,61.69363260941286,67.4684444890853,61.704834605597966,83.46055979643766,61.69363260941286,67.4684444890853,43.185542826589,20.240533346725588,C2_bakery|C1_coffee,C2_bakery,only_C1_C2_available_C_stay_unverified_no_third_subtype,"공식 2025Q4 커피·음료 28개, 제과 9개. 매출 상태 complete; 공급·소비 완전관측군의 잔차 보정 초안. 현재 영업·체류·학습 허용 미검증.",218,cafe_complete_exploratory_not_personal_satisfaction
91,3120209,"강남구청(청담역_8번, 강남세무서)",발달상권,True,,19.0,7.0,542,True,True,complete,both_cafe_industries_sales_observed,63.17755173134368,,62.87415394467119,6c591a7_residual_size_adjusted_draft_2025Q4,official_inside_counts_no_external_walk_component,complete_sales_observed_only,,False,True,,58.28318961103968,74.59773001205303,59.54198473282442,80.53435114503816,58.28318961103968,74.59773001205303,40.79823272772777,22.379319003615908,C2_bakery|C1_coffee,C2_bakery,only_C1_C2_available_C_stay_unverified_no_third_subtype,"공식 2025Q4 커피·음료 19개, 제과 7개. 매출 상태 complete; 공급·소비 완전관측군의 잔차 보정 초안. 현재 영업·체류·학습 허용 미검증.",218,cafe_complete_exploratory_not_personal_satisfaction
92,3120049,왕십리역(왕십리),발달상권,True,,28.0,8.0,643,True,True,complete,both_cafe_industries_sales_observed,62.94557740346645,,59.91098265530036,6c591a7_residual_size_adjusted_draft_2025Q4,official_inside_counts_no_external_walk_component,complete_sales_observed_only,,False,True,,62.65014903129656,63.634910271862864,66.66666666666666,77.60814249363868,62.65014903129656,63.634910271862864,43.85510432190759,19.09047308155886,C2_bakery|C1_coffee,C2_bakery,only_C1_C2_available_C_stay_unverified_no_third_subtype,"공식 2025Q4 커피·음료 28개, 제과 8개. 매출 상태 complete; 공급·소비 완전관측군의 잔차 보정 초안. 현재 영업·체류·학습 허용 미검증.",218,cafe_complete_exploratory_not_personal_satisfaction
93,3120200,학동사거리,발달상권,True,,41.0,13.0,1417,True,True,complete,both_cafe_industries_sales_observed,62.66095896709555,,61.23295412230197,6c591a7_residual_size_adjusted_draft_2025Q4,official_inside_counts_no_external_walk_component,complete_sales_observed_only,,False,True,,60.45826744481481,67.80057251908397,55.08905852417303,81.67938931297711,60.45826744481481,67.80057251908397,42.320787211370366,20.34017175572519,C2_bakery|C1_coffee,C2_bakery,only_C1_C2_available_C_stay_unverified_no_third_subtype,"공식 2025Q4 커피·음료 41개, 제과 13개. 매출 상태 complete; 공급·소비 완전관측군의 잔차 보정 초안. 현재 영업·체류·학습 허용 미검증.",218,cafe_complete_exploratory_not_personal_satisfaction
94,3110166,구의1동주민센터,골목상권,True,,18.0,5.0,327,True,True,complete,both_cafe_industries_sales_observed,62.57837254660695,,59.630588869715936,6c591a7_residual_size_adjusted_draft_2025Q4,official_inside_counts_no_external_walk_component,complete_sales_observed_only,,False,True,,63.68012498909758,60.00761684746216,72.264631043257,74.68193384223919,63.68012498909758,60.00761684746216,44.5760874923683,18.002285054238648,C1_coffee|C2_bakery,C1_coffee,only_C1_C2_available_C_stay_unverified_no_third_subtype,"공식 2025Q4 커피·음료 18개, 제과 5개. 매출 상태 complete; 공급·소비 완전관측군의 잔차 보정 초안. 현재 영업·체류·학습 허용 미검증.",218,cafe_complete_exploratory_not_personal_satisfaction
95,3120042,"숙대입구역(남영역, 남영동)",발달상권,True,,11.0,4.0,243,True,True,complete,both_cafe_industries_sales_observed,62.56556267447608,,61.06520113501054,6c591a7_residual_size_adjusted_draft_2025Q4,official_inside_counts_no_external_walk_component,complete_sales_observed_only,,False,True,,63.66731360659529,59.99481049953126,65.13994910941476,76.59033078880407,63.66731360659529,59.99481049953126,44.5671195246167,17.998443149859376,C1_coffee|C2_bakery,C1_coffee,only_C1_C2_available_C_stay_unverified_no_third_subtype,"공식 2025Q4 커피·음료 11개, 제과 4개. 매출 상태 complete; 공급·소비 완전관측군의 잔차 보정 초안. 현재 영업·체류·학습 허용 미검증.",218,cafe_complete_exploratory_not_personal_satisfaction
96,3130147,쌍문역동측상점가,전통시장,True,,5.0,3.0,158,True,True,complete,both_cafe_industries_sales_observed,61.29195117683231,,60.731175933980445,6c591a7_residual_size_adjusted_draft_2025Q4,official_inside_counts_no_external_walk_component,complete_sales_observed_only,,False,True,,50.47608275218712,86.52897750100442,63.61323155216285,85.87786259541986,50.47608275218712,86.52897750100442,35.33325792653098,25.958693250301327,C2_bakery|C1_coffee,C2_bakery,only_C1_C2_available_C_stay_unverified_no_third_subtype,"공식 2025Q4 커피·음료 5개, 제과 3개. 매출 상태 complete; 공급·소비 완전관측군의 잔차 보정 초안. 현재 영업·체류·학습 허용 미검증.",218,cafe_complete_exploratory_not_personal_satisfaction
97,3120025,롯데백화점(시청광장 지하쇼핑센터),발달상권,True,,18.0,15.0,1084,True,True,complete,both_cafe_industries_sales_observed,61.210503107363394,,64.53313825423476,6c591a7_residual_size_adjusted_draft_2025Q4,official_inside_counts_no_external_walk_component,complete_sales_observed_only,,False,True,,53.87548340367761,78.32554908263023,51.27226463104325,98.21882951653944,53.87548340367761,78.32554908263023,37.712838382574326,23.497664724789068,C2_bakery|C1_coffee,C2_bakery,only_C1_C2_available_C_stay_unverified_no_third_subtype,"공식 2025Q4 커피·음료 18개, 제과 15개. 매출 상태 complete; 공급·소비 완전관측군의 잔차 보정 초안. 현재 영업·체류·학습 허용 미검증.",218,cafe_complete_exploratory_not_personal_satisfaction
98,3120084,공릉역,발달상권,True,,9.0,4.0,249,True,True,complete,both_cafe_industries_sales_observed,61.05743376220496,,61.16398036808795,6c591a7_residual_size_adjusted_draft_2025Q4,official_inside_counts_no_external_walk_component,complete_sales_observed_only,,False,True,,60.04083116233034,63.42950649524575,54.58015267175572,76.84478371501272,60.04083116233034,63.42950649524575,42.028581813631234,19.028851948573724,C2_bakery|C1_coffee,C2_bakery,only_C1_C2_available_C_stay_unverified_no_third_subtype,"공식 2025Q4 커피·음료 9개, 제과 4개. 매출 상태 complete; 공급·소비 완전관측군의 잔차 보정 초안. 현재 영업·체류·학습 허용 미검증.",218,cafe_complete_exploratory_not_personal_satisfaction
99,3110115,상왕십리역 3번,골목상권,True,,9.0,5.0,179,True,True,complete,both_cafe_industries_sales_observed,61.05024172129849,,59.66333047573707,6c591a7_residual_size_adjusted_draft_2025Q4,official_inside_counts_no_external_walk_component,complete_sales_observed_only,,False,True,,57.38696070958616,69.59789741529396,65.39440203562341,90.96692111959288,57.38696070958616,69.59789741529396,40.17087249671031,20.879369224588185,C2_bakery|C1_coffee,C2_bakery,only_C1_C2_available_C_stay_unverified_no_third_subtype,"공식 2025Q4 커피·음료 9개, 제과 5개. 매출 상태 complete; 공급·소비 완전관측군의 잔차 보정 초안. 현재 영업·체류·학습 허용 미검증.",218,cafe_complete_exploratory_not_personal_satisfaction
100,3110102,옥수역 6번,골목상권,True,,6.0,1.0,147,True,True,complete,both_cafe_industries_sales_observed,60.45826816232855,,57.06583384623224,6c591a7_residual_size_adjusted_draft_2025Q4,official_inside_counts_no_external_walk_component,complete_sales_observed_only,,False,True,,67.45874961604532,44.12381143698942,74.68193384223919,45.92875318066158,67.45874961604532,44.12381143698942,47.221124731231725,13.237143431096825,C1_coffee|C2_bakery,C1_coffee,only_C1_C2_available_C_stay_unverified_no_third_subtype,"공식 2025Q4 커피·음료 6개, 제과 1개. 매출 상태 complete; 공급·소비 완전관측군의 잔차 보정 초안. 현재 영업·체류·학습 허용 미검증.",218,cafe_complete_exploratory_not_personal_satisfaction
101,3110409,창동역 2번,골목상권,True,,8.0,5.0,235,True,True,complete,both_cafe_industries_sales_observed,58.66529438720633,,60.13860305723831,6c591a7_residual_size_adjusted_draft_2025Q4,official_inside_counts_no_external_walk_component,complete_sales_observed_only,,False,True,,52.96040735221063,71.976697468863,50.0,87.78625954198473,52.96040735221063,71.976697468863,37.072285146547436,21.593009240658898,C2_bakery|C1_coffee,C2_bakery,only_C1_C2_available_C_stay_unverified_no_third_subtype,"공식 2025Q4 커피·음료 8개, 제과 5개. 매출 상태 complete; 공급·소비 완전관측군의 잔차 보정 초안. 현재 영업·체류·학습 허용 미검증.",218,cafe_complete_exploratory_not_personal_satisfaction
102,3130024,남대문시장(자유상가),전통시장,True,,35.0,4.0,2406,True,True,complete,both_cafe_industries_sales_observed,58.44810334523069,,64.73108273438172,6c591a7_residual_size_adjusted_draft_2025Q4,official_inside_counts_no_external_walk_component,complete_sales_observed_only,,False,True,,70.75483081345303,29.7324059193786,67.04834605597965,23.53689567430025,70.75483081345303,29.7324059193786,49.528381569417114,8.91972177581358,C1_coffee|C2_bakery,C1_coffee,only_C1_C2_available_C_stay_unverified_no_third_subtype,"공식 2025Q4 커피·음료 35개, 제과 4개. 매출 상태 complete; 공급·소비 완전관측군의 잔차 보정 초안. 현재 영업·체류·학습 허용 미검증.",218,cafe_complete_exploratory_not_personal_satisfaction
103,3110274,서일대학교,골목상권,True,,14.0,4.0,262,True,True,complete,both_cafe_industries_sales_observed,58.41752550466963,,53.92515480343734,6c591a7_residual_size_adjusted_draft_2025Q4,official_inside_counts_no_external_walk_component,complete_sales_observed_only,,False,True,,56.12141765546846,63.775110486139006,57.50636132315522,64.8854961832061,56.12141765546846,63.775110486139006,39.28499235882792,19.132533145841702,C2_bakery|C1_coffee,C2_bakery,only_C1_C2_available_C_stay_unverified_no_third_subtype,"공식 2025Q4 커피·음료 14개, 제과 4개. 매출 상태 complete; 공급·소비 완전관측군의 잔차 보정 초안. 현재 영업·체류·학습 허용 미검증.",218,cafe_complete_exploratory_not_personal_satisfaction
104,3120190,강남을지병원,발달상권,True,,56.0,6.0,1239,True,True,complete,both_cafe_industries_sales_observed,58.388990430721805,,55.249834045162174,6c591a7_residual_size_adjusted_draft_2025Q4,official_inside_counts_no_external_walk_component,complete_sales_observed_only,,False,True,,67.7719879940691,36.495329449578136,75.44529262086515,38.93129770992366,67.7719879940691,36.495329449578136,47.44039159584836,10.94859883487344,C1_coffee|C2_bakery,C1_coffee,only_C1_C2_available_C_stay_unverified_no_third_subtype,"공식 2025Q4 커피·음료 56개, 제과 6개. 매출 상태 complete; 공급·소비 완전관측군의 잔차 보정 초안. 현재 영업·체류·학습 허용 미검증.",218,cafe_complete_exploratory_not_personal_satisfaction
105,3120194,언주역(차병원),발달상권,True,,40.0,4.0,931,True,True,complete,both_cafe_industries_sales_observed,58.33648493261059,,56.660784685891706,6c591a7_residual_size_adjusted_draft_2025Q4,official_inside_counts_no_external_walk_component,complete_sales_observed_only,,False,True,,70.12530763775915,30.82923195393063,70.48346055979644,27.735368956743,70.12530763775915,30.82923195393063,49.0877153464314,9.248769586179188,C1_coffee|C2_bakery,C1_coffee,only_C1_C2_available_C_stay_unverified_no_third_subtype,"공식 2025Q4 커피·음료 40개, 제과 4개. 매출 상태 complete; 공급·소비 완전관측군의 잔차 보정 초안. 현재 영업·체류·학습 허용 미검증.",218,cafe_complete_exploratory_not_personal_satisfaction
106,3111010,석촌역 7번,골목상권,True,,17.0,10.0,393,True,True,complete,both_cafe_industries_sales_observed,57.91677102050811,,56.07784401622443,6c591a7_residual_size_adjusted_draft_2025Q4,official_inside_counts_no_external_walk_component,complete_sales_observed_only,,False,True,,51.57677671471314,72.71009106736305,48.98218829516539,92.87531806615776,51.57677671471314,72.71009106736305,36.1037437002992,21.813027320208914,C2_bakery|C1_coffee,C2_bakery,only_C1_C2_available_C_stay_unverified_no_third_subtype,"공식 2025Q4 커피·음료 17개, 제과 10개. 매출 상태 complete; 공급·소비 완전관측군의 잔차 보정 초안. 현재 영업·체류·학습 허용 미검증.",218,cafe_complete_exploratory_not_personal_satisfaction
107,3120001,서대문역,발달상권,True,,24.0,0.0,381,True,True,complete,both_cafe_industries_sales_observed,57.50635829742272,,56.82664881826371,6c591a7_residual_size_adjusted_draft_2025Q4,official_inside_counts_no_external_walk_component,complete_sales_observed_only,,False,True,,75.03326109297203,16.610251774474353,80.27989821882952,0.8905852417302799,75.03326109297203,,52.52328276508042,4.983075532342306,C1_coffee,C1_coffee,only_C1_C2_available_C_stay_unverified_no_third_subtype,"공식 2025Q4 커피·음료 24개, 제과 0개. 매출 상태 complete; 공급·소비 완전관측군의 잔차 보정 초안. 현재 영업·체류·학습 허용 미검증.",218,cafe_complete_exploratory_not_personal_satisfaction
108,3130148,방학동도깨비시장,전통시장,True,,5.0,4.0,174,True,True,complete,both_cafe_industries_sales_observed,56.90564748529896,,57.87515900312823,6c591a7_residual_size_adjusted_draft_2025Q4,official_inside_counts_no_external_walk_component,complete_sales_observed_only,,False,True,,49.979319916724506,73.06707847863935,52.67175572519084,90.33078880407125,49.979319916724506,73.06707847863935,34.98552394170715,21.920123543591803,C2_bakery|C1_coffee,C2_bakery,only_C1_C2_available_C_stay_unverified_no_third_subtype,"공식 2025Q4 커피·음료 5개, 제과 4개. 매출 상태 complete; 공급·소비 완전관측군의 잔차 보정 초안. 현재 영업·체류·학습 허용 미검증.",218,cafe_complete_exploratory_not_personal_satisfaction
109,3110278,망우본동주민센터,골목상권,True,,12.0,5.0,257,True,True,complete,both_cafe_industries_sales_observed,56.90492044179686,,53.78064465432306,6c591a7_residual_size_adjusted_draft_2025Q4,official_inside_counts_no_external_walk_component,complete_sales_observed_only,,False,True,,50.6027790734273,71.60991696799249,53.81679389312977,80.02544529262087,50.6027790734273,71.60991696799249,35.42194535139911,21.482975090397748,C2_bakery|C1_coffee,C2_bakery,only_C1_C2_available_C_stay_unverified_no_third_subtype,"공식 2025Q4 커피·음료 12개, 제과 5개. 매출 상태 complete; 공급·소비 완전관측군의 잔차 보정 초안. 현재 영업·체류·학습 허용 미검증.",218,cafe_complete_exploratory_not_personal_satisfaction
110,3111012,석촌역 6번,골목상권,True,,13.0,6.0,262,True,True,complete,both_cafe_industries_sales_observed,56.86493285508398,,54.76751095436831,6c591a7_residual_size_adjusted_draft_2025Q4,official_inside_counts_no_external_walk_component,complete_sales_observed_only,,False,True,,54.52322669821731,62.32891388777286,63.10432569974554,87.91348600508906,54.52322669821731,62.32891388777286,38.166258688752116,18.69867416633186,C2_bakery|C1_coffee,C2_bakery,only_C1_C2_available_C_stay_unverified_no_third_subtype,"공식 2025Q4 커피·음료 13개, 제과 6개. 매출 상태 complete; 공급·소비 완전관측군의 잔차 보정 초안. 현재 영업·체류·학습 허용 미검증.",218,cafe_complete_exploratory_not_personal_satisfaction
111,3120248,명일역,발달상권,True,,17.0,12.0,667,True,True,complete,both_cafe_industries_sales_observed,56.84013731805937,,59.91144982257481,6c591a7_residual_size_adjusted_draft_2025Q4,official_inside_counts_no_external_walk_component,complete_sales_observed_only,,False,True,,43.854625658411166,87.1396645239052,42.36641221374045,93.89312977099236,43.854625658411166,87.1396645239052,30.698237960887813,26.141899357171557,C2_bakery|C1_coffee,C2_bakery,only_C1_C2_available_C_stay_unverified_no_third_subtype,"공식 2025Q4 커피·음료 17개, 제과 12개. 매출 상태 complete; 공급·소비 완전관측군의 잔차 보정 초안. 현재 영업·체류·학습 허용 미검증.",218,cafe_complete_exploratory_not_personal_satisfaction
112,3110084,경리단길북측,골목상권,True,,21.0,5.0,384,True,True,complete,both_cafe_industries_sales_observed,56.81516411954277,,51.72326420914902,6c591a7_residual_size_adjusted_draft_2025Q4,official_inside_counts_no_external_walk_component,complete_sales_observed_only,,False,True,,58.63004706051884,52.580437257265295,60.17811704834606,62.849872773536894,58.63004706051884,52.580437257265295,41.04103294236319,15.774131177179587,C1_coffee|C2_bakery,C1_coffee,only_C1_C2_available_C_stay_unverified_no_third_subtype,"공식 2025Q4 커피·음료 21개, 제과 5개. 매출 상태 complete; 공급·소비 완전관측군의 잔차 보정 초안. 현재 영업·체류·학습 허용 미검증.",218,cafe_complete_exploratory_not_personal_satisfaction
113,3120249,고덕역,발달상권,True,,13.0,5.0,572,True,True,complete,both_cafe_industries_sales_observed,56.78485842076722,,61.77165718476457,6c591a7_residual_size_adjusted_draft_2025Q4,official_inside_counts_no_external_walk_component,complete_sales_observed_only,,False,True,,50.3945647186418,71.69554372572654,44.14758269720102,66.2849872773537,50.3945647186418,71.69554372572654,35.276195303049256,21.508663117717962,C2_bakery|C1_coffee,C2_bakery,only_C1_C2_available_C_stay_unverified_no_third_subtype,"공식 2025Q4 커피·음료 13개, 제과 5개. 매출 상태 complete; 공급·소비 완전관측군의 잔차 보정 초안. 현재 영업·체류·학습 허용 미검증.",218,cafe_complete_exploratory_not_personal_satisfaction
114,3120185,논현역,발달상권,True,,50.0,6.0,1491,True,True,complete,both_cafe_industries_sales_observed,56.523728078158896,,55.99805037339701,6c591a7_residual_size_adjusted_draft_2025Q4,official_inside_counts_no_external_walk_component,complete_sales_observed_only,,False,True,,63.97714038141394,39.132432703897145,60.94147582697202,33.20610687022901,63.97714038141394,39.132432703897145,44.783998266989755,11.739729811169143,C1_coffee|C2_bakery,C1_coffee,only_C1_C2_available_C_stay_unverified_no_third_subtype,"공식 2025Q4 커피·음료 50개, 제과 6개. 매출 상태 complete; 공급·소비 완전관측군의 잔차 보정 초안. 현재 영업·체류·학습 허용 미검증.",218,cafe_complete_exploratory_not_personal_satisfaction
115,3120076,수유역,발달상권,True,,54.0,6.0,1575,True,True,complete,both_cafe_industries_sales_observed,56.11051581504072,,55.21473155638556,6c591a7_residual_size_adjusted_draft_2025Q4,official_inside_counts_no_external_walk_component,complete_sales_observed_only,,False,True,,64.61918806384456,36.25694723449845,66.2849872773537,32.95165394402035,64.61918806384456,36.25694723449845,45.23343164469119,10.877084170349534,C1_coffee|C2_bakery,C1_coffee,only_C1_C2_available_C_stay_unverified_no_third_subtype,"공식 2025Q4 커피·음료 54개, 제과 6개. 매출 상태 complete; 공급·소비 완전관측군의 잔차 보정 초안. 현재 영업·체류·학습 허용 미검증.",218,cafe_complete_exploratory_not_personal_satisfaction
116,3130318,로데오거리상점가,전통시장,True,,11.0,3.0,433,True,True,complete,both_cafe_industries_sales_observed,56.08872962046416,,58.85378217402562,6c591a7_residual_size_adjusted_draft_2025Q4,official_inside_counts_no_external_walk_component,complete_sales_observed_only,,False,True,,56.519527650424905,55.08353421722244,60.55979643765903,55.85241730279898,56.519527650424905,55.08353421722244,39.56366935529743,16.525060265166733,C1_coffee|C2_bakery,C1_coffee,only_C1_C2_available_C_stay_unverified_no_third_subtype,"공식 2025Q4 커피·음료 11개, 제과 3개. 매출 상태 complete; 공급·소비 완전관측군의 잔차 보정 초안. 현재 영업·체류·학습 허용 미검증.",218,cafe_complete_exploratory_not_personal_satisfaction
117,3120245,둔촌역,발달상권,True,,19.0,10.0,856,True,True,complete,both_cafe_industries_sales_observed,55.791020441756935,,58.53632636359127,6c591a7_residual_size_adjusted_draft_2025Q4,official_inside_counts_no_external_walk_component,complete_sales_observed_only,,False,True,,44.50362301528613,82.12828110352216,37.913486005089055,84.47837150127226,44.50362301528613,82.12828110352216,31.15253611070029,24.638484331056645,C2_bakery|C1_coffee,C2_bakery,only_C1_C2_available_C_stay_unverified_no_third_subtype,"공식 2025Q4 커피·음료 19개, 제과 10개. 매출 상태 complete; 공급·소비 완전관측군의 잔차 보정 초안. 현재 영업·체류·학습 허용 미검증.",218,cafe_complete_exploratory_not_personal_satisfaction
118,3120215,포스코사거리,발달상권,True,,73.0,2.0,2108,True,True,complete,both_cafe_industries_sales_observed,55.56494364872603,,55.54990320915649,6c591a7_residual_size_adjusted_draft_2025Q4,official_inside_counts_no_external_walk_component,complete_sales_observed_only,,False,True,,77.04615722991396,5.442111959287532,73.66412213740458,2.417302798982188,77.04615722991396,5.442111959287532,53.93231006093977,1.6326335877862594,C1_coffee|C2_bakery,C1_coffee,only_C1_C2_available_C_stay_unverified_no_third_subtype,"공식 2025Q4 커피·음료 73개, 제과 2개. 매출 상태 complete; 공급·소비 완전관측군의 잔차 보정 초안. 현재 영업·체류·학습 허용 미검증.",218,cafe_complete_exploratory_not_personal_satisfaction
119,3120065,회기역,발달상권,True,,13.0,4.0,348,True,True,complete,both_cafe_industries_sales_observed,55.554396895271125,,54.805307552525406,6c591a7_residual_size_adjusted_draft_2025Q4,official_inside_counts_no_external_walk_component,complete_sales_observed_only,,False,True,,53.09477063211264,61.29352484264094,51.14503816793893,62.46819338422392,53.09477063211264,61.29352484264094,37.166339442478844,18.38805745279228,C2_bakery|C1_coffee,C2_bakery,only_C1_C2_available_C_stay_unverified_no_third_subtype,"공식 2025Q4 커피·음료 13개, 제과 4개. 매출 상태 complete; 공급·소비 완전관측군의 잔차 보정 초안. 현재 영업·체류·학습 허용 미검증.",218,cafe_complete_exploratory_not_personal_satisfaction
120,3120027,명동역(명동재미로),발달상권,True,,28.0,2.0,826,True,True,complete,both_cafe_industries_sales_observed,55.51870444261756,,56.32530745628542,6c591a7_residual_size_adjusted_draft_2025Q4,official_inside_counts_no_external_walk_component,complete_sales_observed_only,,False,True,,67.94577877384785,26.52219766974688,64.8854961832061,13.358778625954198,67.94577877384785,26.52219766974688,47.56204514169349,7.956659300924064,C1_coffee|C2_bakery,C1_coffee,only_C1_C2_available_C_stay_unverified_no_third_subtype,"공식 2025Q4 커피·음료 28개, 제과 2개. 매출 상태 complete; 공급·소비 완전관측군의 잔차 보정 초안. 현재 영업·체류·학습 허용 미검증.",218,cafe_complete_exploratory_not_personal_satisfaction
121,3110302,보문역 8번,골목상권,True,,6.0,2.0,136,True,True,complete,both_cafe_industries_sales_observed,55.15934693925003,,51.21563862956155,6c591a7_residual_size_adjusted_draft_2025Q4,official_inside_counts_no_external_walk_component,complete_sales_observed_only,,False,True,,54.12001494105111,57.58445493504753,56.61577608142494,63.231552162849866,54.12001494105111,57.58445493504753,37.88401045873577,17.27533648051426,C2_bakery|C1_coffee,C2_bakery,only_C1_C2_available_C_stay_unverified_no_third_subtype,"공식 2025Q4 커피·음료 6개, 제과 2개. 매출 상태 complete; 공급·소비 완전관측군의 잔차 보정 초안. 현재 영업·체류·학습 허용 미검증.",218,cafe_complete_exploratory_not_personal_satisfaction
122,3130311,새마을시장,전통시장,True,,10.0,12.0,410,True,True,complete,both_cafe_industries_sales_observed,54.82485611903503,,58.96675012637581,6c591a7_residual_size_adjusted_draft_2025Q4,official_inside_counts_no_external_walk_component,complete_sales_observed_only,,False,True,,41.793285817757095,85.23185348868354,43.765903307888046,99.10941475826972,41.793285817757095,85.23185348868354,29.255300072429964,25.56955604660506,C2_bakery|C1_coffee,C2_bakery,only_C1_C2_available_C_stay_unverified_no_third_subtype,"공식 2025Q4 커피·음료 10개, 제과 12개. 매출 상태 complete; 공급·소비 완전관측군의 잔차 보정 초안. 현재 영업·체류·학습 허용 미검증.",218,cafe_complete_exploratory_not_personal_satisfaction
123,3111021,방이역 4번,골목상권,True,,27.0,8.0,647,True,True,complete,both_cafe_industries_sales_observed,54.62002081338714,,50.66332771775983,6c591a7_residual_size_adjusted_draft_2025Q4,official_inside_counts_no_external_walk_component,complete_sales_observed_only,,False,True,,49.70644797366735,66.0850241060667,46.81933842239186,68.70229007633588,49.70644797366735,66.0850241060667,34.794513581567145,19.82550723182001,C2_bakery|C1_coffee,C2_bakery,only_C1_C2_available_C_stay_unverified_no_third_subtype,"공식 2025Q4 커피·음료 27개, 제과 8개. 매출 상태 complete; 공급·소비 완전관측군의 잔차 보정 초안. 현재 영업·체류·학습 허용 미검증.",218,cafe_complete_exploratory_not_personal_satisfaction
124,3111053,성내천어린이공원(하니사랑길),골목상권,True,,9.0,4.0,197,True,True,complete,both_cafe_industries_sales_observed,54.58727490276641,,51.4393093266287,6c591a7_residual_size_adjusted_draft_2025Q4,official_inside_counts_no_external_walk_component,complete_sales_observed_only,,False,True,,47.81523115019549,70.38871032543189,43.12977099236641,74.42748091603053,47.81523115019549,70.38871032543189,33.47066180513684,21.116613097629564,C2_bakery|C1_coffee,C2_bakery,only_C1_C2_available_C_stay_unverified_no_third_subtype,"공식 2025Q4 커피·음료 9개, 제과 4개. 매출 상태 complete; 공급·소비 완전관측군의 잔차 보정 초안. 현재 영업·체류·학습 허용 미검증.",218,cafe_complete_exploratory_not_personal_satisfaction
125,3120047,한남오거리,발달상권,True,,20.0,5.0,613,True,True,complete,both_cafe_industries_sales_observed,53.93840206196883,,53.61495296245344,6c591a7_residual_size_adjusted_draft_2025Q4,official_inside_counts_no_external_walk_component,complete_sales_observed_only,,False,True,,51.94121720268636,58.59850006696129,53.18066157760815,58.52417302798983,51.94121720268636,58.59850006696129,36.358852041880446,17.579550020088387,C2_bakery|C1_coffee,C2_bakery,only_C1_C2_available_C_stay_unverified_no_third_subtype,"공식 2025Q4 커피·음료 20개, 제과 5개. 매출 상태 complete; 공급·소비 완전관측군의 잔차 보정 초안. 현재 영업·체류·학습 허용 미검증.",218,cafe_complete_exploratory_not_personal_satisfaction
126,3120107,공덕역(공덕오거리),발달상권,True,,23.0,5.0,836,True,True,complete,both_cafe_industries_sales_observed,53.53010200869919,,55.47710116136295,6c591a7_residual_size_adjusted_draft_2025Q4,official_inside_counts_no_external_walk_component,complete_sales_observed_only,,False,True,,52.78291562856699,55.27353689567431,43.89312977099237,46.81933842239186,52.78291562856699,55.27353689567431,36.94804093999689,16.58206106870229,C2_bakery|C1_coffee,C2_bakery,only_C1_C2_available_C_stay_unverified_no_third_subtype,"공식 2025Q4 커피·음료 23개, 제과 5개. 매출 상태 complete; 공급·소비 완전관측군의 잔차 보정 초안. 현재 영업·체류·학습 허용 미검증.",218,cafe_complete_exploratory_not_personal_satisfaction
127,3110272,신내1동주민센터,골목상권,True,,16.0,3.0,389,True,True,complete,both_cafe_industries_sales_observed,53.44097982239588,,52.21992580303585,6c591a7_residual_size_adjusted_draft_2025Q4,official_inside_counts_no_external_walk_component,complete_sales_observed_only,,False,True,,59.00338562701221,40.46203294495781,56.48854961832062,43.89312977099237,59.00338562701221,40.46203294495781,41.30236993890854,12.138609883487343,C1_coffee|C2_bakery,C1_coffee,only_C1_C2_available_C_stay_unverified_no_third_subtype,"공식 2025Q4 커피·음료 16개, 제과 3개. 매출 상태 complete; 공급·소비 완전관측군의 잔차 보정 초안. 현재 영업·체류·학습 허용 미검증.",218,cafe_complete_exploratory_not_personal_satisfaction
128,3110410,방학역 2번,골목상권,True,,11.0,3.0,252,True,True,complete,both_cafe_industries_sales_observed,53.29589508092936,,50.48034965101419,6c591a7_residual_size_adjusted_draft_2025Q4,official_inside_counts_no_external_walk_component,complete_sales_observed_only,,False,True,,53.93781659670158,51.79807821079416,50.12722646310432,56.234096692111954,53.93781659670158,51.79807821079416,37.756471617691105,15.539423463238247,C1_coffee|C2_bakery,C1_coffee,only_C1_C2_available_C_stay_unverified_no_third_subtype,"공식 2025Q4 커피·음료 11개, 제과 3개. 매출 상태 complete; 공급·소비 완전관측군의 잔차 보정 초안. 현재 영업·체류·학습 허용 미검증.",218,cafe_complete_exploratory_not_personal_satisfaction
129,3110043,충무초등학교,골목상권,True,,9.0,3.0,195,True,True,complete,both_cafe_industries_sales_observed,52.96466209942724,,49.39071503935787,6c591a7_residual_size_adjusted_draft_2025Q4,official_inside_counts_no_external_walk_component,complete_sales_observed_only,,False,True,,56.19575071197521,45.42545533681532,52.54452926208651,64.3765903307888,56.19575071197521,45.42545533681532,39.337025498382644,13.627636601044594,C1_coffee|C2_bakery,C1_coffee,only_C1_C2_available_C_stay_unverified_no_third_subtype,"공식 2025Q4 커피·음료 9개, 제과 3개. 매출 상태 complete; 공급·소비 완전관측군의 잔차 보정 초안. 현재 영업·체류·학습 허용 미검증.",218,cafe_complete_exploratory_not_personal_satisfaction
130,3110128,성원중학교,골목상권,True,,22.0,12.0,515,True,True,complete,both_cafe_industries_sales_observed,52.45241860061069,,50.43556194542519,6c591a7_residual_size_adjusted_draft_2025Q4,official_inside_counts_no_external_walk_component,complete_sales_observed_only,,False,True,,43.688375938081855,72.90185147984465,49.4910941475827,93.38422391857506,43.688375938081855,72.90185147984465,30.581863156657295,21.870555443953396,C2_bakery|C1_coffee,C2_bakery,only_C1_C2_available_C_stay_unverified_no_third_subtype,"공식 2025Q4 커피·음료 22개, 제과 12개. 매출 상태 complete; 공급·소비 완전관측군의 잔차 보정 초안. 현재 영업·체류·학습 허용 미검증.",218,cafe_complete_exploratory_not_personal_satisfaction
131,3120243,천호역,발달상권,True,,28.0,24.0,1711,True,True,complete,both_cafe_industries_sales_observed,52.4261457002964,,58.58934558656338,6c591a7_residual_size_adjusted_draft_2025Q4,official_inside_counts_no_external_walk_component,complete_sales_observed_only,,False,True,,38.807030447131815,84.20408129101378,31.806615776081426,98.34605597964376,38.807030447131815,84.20408129101378,27.16492131299227,25.261224387304132,C2_bakery|C1_coffee,C2_bakery,only_C1_C2_available_C_stay_unverified_no_third_subtype,"공식 2025Q4 커피·음료 28개, 제과 24개. 매출 상태 complete; 공급·소비 완전관측군의 잔차 보정 초안. 현재 영업·체류·학습 허용 미검증.",218,cafe_complete_exploratory_not_personal_satisfaction
132,3110315,종암아이파크2차,골목상권,True,,7.0,6.0,176,True,True,complete,both_cafe_industries_sales_observed,52.336019890399015,,51.28431569696684,6c591a7_residual_size_adjusted_draft_2025Q4,official_inside_counts_no_external_walk_component,complete_sales_observed_only,,False,True,,44.50961574195212,70.59762957010847,45.67430025445292,94.27480916030534,44.50961574195212,70.59762957010847,31.15673101936648,21.17928887103254,C2_bakery|C1_coffee,C2_bakery,only_C1_C2_available_C_stay_unverified_no_third_subtype,"공식 2025Q4 커피·음료 7개, 제과 6개. 매출 상태 complete; 공급·소비 완전관측군의 잔차 보정 초안. 현재 영업·체류·학습 허용 미검증.",218,cafe_complete_exploratory_not_personal_satisfaction
133,3120055,군자역,발달상권,True,,28.0,14.0,1117,True,True,complete,both_cafe_industries_sales_observed,52.3345815093615,,51.71388715929625,6c591a7_residual_size_adjusted_draft_2025Q4,official_inside_counts_no_external_walk_component,complete_sales_observed_only,,False,True,,41.13274744693841,78.47219432168205,36.25954198473282,87.1501272264631,41.13274744693841,78.47219432168205,28.792923212856884,23.541658296504615,C2_bakery|C1_coffee,C2_bakery,only_C1_C2_available_C_stay_unverified_no_third_subtype,"공식 2025Q4 커피·음료 28개, 제과 14개. 매출 상태 complete; 공급·소비 완전관측군의 잔차 보정 초안. 현재 영업·체류·학습 허용 미검증.",218,cafe_complete_exploratory_not_personal_satisfaction
134,3110174,아차산역 1번,골목상권,True,,7.0,6.0,221,True,True,complete,both_cafe_industries_sales_observed,51.99698414554093,,51.27748113049133,6c591a7_residual_size_adjusted_draft_2025Q4,official_inside_counts_no_external_walk_component,complete_sales_observed_only,,False,True,,42.004853376715474,75.311955939467,36.76844783715013,91.0941475826972,42.004853376715474,75.311955939467,29.40339736370083,22.5935867818401,C2_bakery|C1_coffee,C2_bakery,only_C1_C2_available_C_stay_unverified_no_third_subtype,"공식 2025Q4 커피·음료 7개, 제과 6개. 매출 상태 complete; 공급·소비 완전관측군의 잔차 보정 초안. 현재 영업·체류·학습 허용 미검증.",218,cafe_complete_exploratory_not_personal_satisfaction
135,3110378,송중동주민센터,골목상권,True,,4.0,2.0,88,True,True,complete,both_cafe_industries_sales_observed,51.92218278258416,,46.833488647209805,6c591a7_residual_size_adjusted_draft_2025Q4,official_inside_counts_no_external_walk_component,complete_sales_observed_only,,False,True,,46.14048266420935,65.41281639212536,55.597964376590326,76.7175572519084,46.14048266420935,65.41281639212536,32.29833786494655,19.62384491763761,C2_bakery|C1_coffee,C2_bakery,only_C1_C2_available_C_stay_unverified_no_third_subtype,"공식 2025Q4 커피·음료 4개, 제과 2개. 매출 상태 complete; 공급·소비 완전관측군의 잔차 보정 초안. 현재 영업·체류·학습 허용 미검증.",218,cafe_complete_exploratory_not_personal_satisfaction
136,3110002,독립문역 1번,골목상권,True,,2.0,1.0,62,True,True,complete,both_cafe_industries_sales_observed,51.45379925522273,,42.59127311217488,6c591a7_residual_size_adjusted_draft_2025Q4,official_inside_counts_no_external_walk_component,complete_sales_observed_only,,False,True,,45.73825193494196,64.79007633587787,49.23664122137404,67.55725190839695,45.73825193494196,64.79007633587787,32.01677635445937,19.43702290076336,C2_bakery|C1_coffee,C2_bakery,only_C1_C2_available_C_stay_unverified_no_third_subtype,"공식 2025Q4 커피·음료 2개, 제과 1개. 매출 상태 complete; 공급·소비 완전관측군의 잔차 보정 초안. 현재 영업·체류·학습 허용 미검증.",218,cafe_complete_exploratory_not_personal_satisfaction
137,3120054,어린이대공원역,발달상권,True,,22.0,2.0,625,True,True,complete,both_cafe_industries_sales_observed,50.856675225438025,,51.22758849681751,6c591a7_residual_size_adjusted_draft_2025Q4,official_inside_counts_no_external_walk_component,complete_sales_observed_only,,False,True,,60.69876148545902,27.89180728538904,62.08651399491095,17.43002544529262,60.69876148545902,27.89180728538904,42.48913303982131,8.367542185616712,C1_coffee|C2_bakery,C1_coffee,only_C1_C2_available_C_stay_unverified_no_third_subtype,"공식 2025Q4 커피·음료 22개, 제과 2개. 매출 상태 complete; 공급·소비 완전관측군의 잔차 보정 초안. 현재 영업·체류·학습 허용 미검증.",218,cafe_complete_exploratory_not_personal_satisfaction
138,3120178,신사역,발달상권,True,,55.0,5.0,1850,True,True,complete,both_cafe_industries_sales_observed,49.91112909169945,,51.04886450466788,6c591a7_residual_size_adjusted_draft_2025Q4,official_inside_counts_no_external_walk_component,complete_sales_observed_only,,False,True,,59.6196050101819,27.258018615240392,56.74300254452926,19.720101781170484,59.6196050101819,27.258018615240392,41.73372350712733,8.177405584572117,C1_coffee|C2_bakery,C1_coffee,only_C1_C2_available_C_stay_unverified_no_third_subtype,"공식 2025Q4 커피·음료 55개, 제과 5개. 매출 상태 complete; 공급·소비 완전관측군의 잔차 보정 초안. 현재 영업·체류·학습 허용 미검증.",218,cafe_complete_exploratory_not_personal_satisfaction
139,3120244,암사역,발달상권,True,,11.0,3.0,399,True,True,complete,both_cafe_industries_sales_observed,49.12117060920011,,51.32884795679463,6c591a7_residual_size_adjusted_draft_2025Q4,official_inside_counts_no_external_walk_component,complete_sales_observed_only,,False,True,,46.16015820828736,56.03019954466318,51.01781170483461,52.035623409669206,46.16015820828736,56.03019954466318,32.31211074580115,16.809059863398954,C2_bakery|C1_coffee,C2_bakery,only_C1_C2_available_C_stay_unverified_no_third_subtype,"공식 2025Q4 커피·음료 11개, 제과 3개. 매출 상태 complete; 공급·소비 완전관측군의 잔차 보정 초안. 현재 영업·체류·학습 허용 미검증.",218,cafe_complete_exploratory_not_personal_satisfaction
140,3120057,아차산역,발달상권,True,,14.0,7.0,525,True,True,complete,both_cafe_industries_sales_observed,48.99580892638987,,48.62227866038603,6c591a7_residual_size_adjusted_draft_2025Q4,official_inside_counts_no_external_walk_component,complete_sales_observed_only,,False,True,,39.930232117192446,70.14882148118386,28.49872773536896,74.55470737913485,39.930232117192446,70.14882148118386,27.95116248203471,21.044646444355156,C2_bakery|C1_coffee,C2_bakery,only_C1_C2_available_C_stay_unverified_no_third_subtype,"공식 2025Q4 커피·음료 14개, 제과 7개. 매출 상태 complete; 공급·소비 완전관측군의 잔차 보정 초안. 현재 영업·체류·학습 허용 미검증.",218,cafe_complete_exploratory_not_personal_satisfaction
141,3130153,창동역상점가,전통시장,True,,7.0,0.0,233,True,True,complete,both_cafe_industries_sales_observed,48.395512283356254,,46.38488808617798,6c591a7_residual_size_adjusted_draft_2025Q4,official_inside_counts_no_external_walk_component,complete_sales_observed_only,,False,True,,62.00259287911021,16.64565755993036,70.35623409669212,7.37913486005089,62.00259287911021,,43.401815015377146,4.993697267979107,C1_coffee,C1_coffee,only_C1_C2_available_C_stay_unverified_no_third_subtype,"공식 2025Q4 커피·음료 7개, 제과 0개. 매출 상태 complete; 공급·소비 완전관측군의 잔차 보정 초안. 현재 영업·체류·학습 허용 미검증.",218,cafe_complete_exploratory_not_personal_satisfaction
142,3120106,마포역,발달상권,True,,23.0,2.0,776,True,True,complete,both_cafe_industries_sales_observed,48.26987585315776,,50.23028562356976,6c591a7_residual_size_adjusted_draft_2025Q4,official_inside_counts_no_external_walk_component,complete_sales_observed_only,,False,True,,60.203880501928296,20.42386500602652,59.03307888040712,15.267175572519085,60.203880501928296,20.42386500602652,42.142716351349804,6.127159501807956,C1_coffee|C2_bakery,C1_coffee,only_C1_C2_available_C_stay_unverified_no_third_subtype,"공식 2025Q4 커피·음료 23개, 제과 2개. 매출 상태 complete; 공급·소비 완전관측군의 잔차 보정 초안. 현재 영업·체류·학습 허용 미검증.",218,cafe_complete_exploratory_not_personal_satisfaction
143,3120208,청담사거리(청담동명품거리),발달상권,True,,36.0,9.0,1455,True,True,complete,both_cafe_industries_sales_observed,48.2060870687458,,48.81381713585986,6c591a7_residual_size_adjusted_draft_2025Q4,official_inside_counts_no_external_walk_component,complete_sales_observed_only,,False,True,,42.20420605757235,62.2104760948172,38.80407124681934,56.87022900763359,42.20420605757235,62.2104760948172,29.542944240300642,18.66314282844516,C2_bakery|C1_coffee,C2_bakery,only_C1_C2_available_C_stay_unverified_no_third_subtype,"공식 2025Q4 커피·음료 36개, 제과 9개. 매출 상태 complete; 공급·소비 완전관측군의 잔차 보정 초안. 현재 영업·체류·학습 허용 미검증.",218,cafe_complete_exploratory_not_personal_satisfaction
144,3110162,군자역 4번,골목상권,True,,5.0,3.0,150,True,True,complete,both_cafe_industries_sales_observed,48.19848825941944,,46.24995554338742,6c591a7_residual_size_adjusted_draft_2025Q4,official_inside_counts_no_external_walk_component,complete_sales_observed_only,,False,True,,39.6133199091402,68.23054774340432,41.348600508905854,77.735368956743,39.6133199091402,68.23054774340432,27.72932393639814,20.469164323021293,C2_bakery|C1_coffee,C2_bakery,only_C1_C2_available_C_stay_unverified_no_third_subtype,"공식 2025Q4 커피·음료 5개, 제과 3개. 매출 상태 complete; 공급·소비 완전관측군의 잔차 보정 초안. 현재 영업·체류·학습 허용 미검증.",218,cafe_complete_exploratory_not_personal_satisfaction
145,3110396,쌍문역1번(쌍리단길),골목상권,True,,3.0,5.0,174,True,True,complete,both_cafe_industries_sales_observed,47.87088586501919,,49.4478962845476,6c591a7_residual_size_adjusted_draft_2025Q4,official_inside_counts_no_external_walk_component,complete_sales_observed_only,,False,True,,33.6512138655988,81.05012053033344,20.99236641221374,93.51145038167938,33.6512138655988,81.05012053033344,23.555849705919158,24.315036159100032,C2_bakery|C1_coffee,C2_bakery,only_C1_C2_available_C_stay_unverified_no_third_subtype,"공식 2025Q4 커피·음료 3개, 제과 5개. 매출 상태 complete; 공급·소비 완전관측군의 잔차 보정 초안. 현재 영업·체류·학습 허용 미검증.",218,cafe_complete_exploratory_not_personal_satisfaction
146,3130072,성동용답상가시장,전통시장,True,,11.0,2.0,302,True,True,complete,both_cafe_industries_sales_observed,47.15266955927491,,46.021257163937214,6c591a7_residual_size_adjusted_draft_2025Q4,official_inside_counts_no_external_walk_component,complete_sales_observed_only,,False,True,,49.71309162201416,41.17835141288335,47.70992366412214,34.86005089058524,49.71309162201416,41.17835141288335,34.79916413540991,12.353505423865005,C1_coffee|C2_bakery,C1_coffee,only_C1_C2_available_C_stay_unverified_no_third_subtype,"공식 2025Q4 커피·음료 11개, 제과 2개. 매출 상태 complete; 공급·소비 완전관측군의 잔차 보정 초안. 현재 영업·체류·학습 허용 미검증.",218,cafe_complete_exploratory_not_personal_satisfaction
147,3130100,답십리시장,전통시장,True,,2.0,2.0,111,True,True,complete,both_cafe_industries_sales_observed,46.7634897453415,,45.79600710795721,6c591a7_residual_size_adjusted_draft_2025Q4,official_inside_counts_no_external_walk_component,complete_sales_observed_only,,False,True,,35.447584214059,73.16726931833401,41.98473282442748,84.22391857506362,35.447584214059,73.16726931833401,24.813308949841296,21.950180795500202,C2_bakery|C1_coffee,C2_bakery,only_C1_C2_available_C_stay_unverified_no_third_subtype,"공식 2025Q4 커피·음료 2개, 제과 2개. 매출 상태 complete; 공급·소비 완전관측군의 잔차 보정 초안. 현재 영업·체류·학습 허용 미검증.",218,cafe_complete_exploratory_not_personal_satisfaction
148,3110291,한성대입구역 3번,골목상권,True,,13.0,3.0,233,True,True,complete,both_cafe_industries_sales_observed,46.42837552443867,,41.6074032035928,6c591a7_residual_size_adjusted_draft_2025Q4,official_inside_counts_no_external_walk_component,complete_sales_observed_only,,False,True,,49.56023025904142,39.120714477032266,54.32569974554708,52.926208651399484,49.56023025904142,39.120714477032266,34.69216118132899,11.73621434310968,C1_coffee|C2_bakery,C1_coffee,only_C1_C2_available_C_stay_unverified_no_third_subtype,"공식 2025Q4 커피·음료 13개, 제과 3개. 매출 상태 complete; 공급·소비 완전관측군의 잔차 보정 초안. 현재 영업·체류·학습 허용 미검증.",218,cafe_complete_exploratory_not_personal_satisfaction
149,3110169,성동초등학교,골목상권,True,,4.0,3.0,119,True,True,complete,both_cafe_industries_sales_observed,46.11098056585588,,42.12600094647272,6c591a7_residual_size_adjusted_draft_2025Q4,official_inside_counts_no_external_walk_component,complete_sales_observed_only,,False,True,,37.98038835356443,65.08236239453596,35.49618320610687,82.82442748091603,37.98038835356443,65.08236239453596,26.586271847495098,19.524708718360788,C2_bakery|C1_coffee,C2_bakery,only_C1_C2_available_C_stay_unverified_no_third_subtype,"공식 2025Q4 커피·음료 4개, 제과 3개. 매출 상태 complete; 공급·소비 완전관측군의 잔차 보정 초안. 현재 영업·체류·학습 허용 미검증.",218,cafe_complete_exploratory_not_personal_satisfaction
150,3120230,송파사거리(송파역),발달상권,True,,10.0,6.0,441,True,True,complete,both_cafe_industries_sales_observed,46.04602506418205,,48.24383396797232,6c591a7_residual_size_adjusted_draft_2025Q4,official_inside_counts_no_external_walk_component,complete_sales_observed_only,,False,True,,37.33469774708669,66.3724554707379,35.6234096692112,81.42493638676844,37.33469774708669,66.3724554707379,26.134288422960683,19.91173664122137,C2_bakery|C1_coffee,C2_bakery,only_C1_C2_available_C_stay_unverified_no_third_subtype,"공식 2025Q4 커피·음료 10개, 제과 6개. 매출 상태 complete; 공급·소비 완전관측군의 잔차 보정 초안. 현재 영업·체류·학습 허용 미검증.",218,cafe_complete_exploratory_not_personal_satisfaction
151,3110161,중곡역 3번,골목상권,True,,7.0,5.0,276,True,True,complete,both_cafe_industries_sales_observed,45.899013387169816,,43.47885903846383,6c591a7_residual_size_adjusted_draft_2025Q4,official_inside_counts_no_external_walk_component,complete_sales_observed_only,,False,True,,31.63552879565269,79.18047743404313,20.35623409669211,77.35368956743002,31.63552879565269,79.18047743404313,22.14487015695688,23.754143230212936,C2_bakery|C1_coffee,C2_bakery,only_C1_C2_available_C_stay_unverified_no_third_subtype,"공식 2025Q4 커피·음료 7개, 제과 5개. 매출 상태 complete; 공급·소비 완전관측군의 잔차 보정 초안. 현재 영업·체류·학습 허용 미검증.",218,cafe_complete_exploratory_not_personal_satisfaction
152,3120056,구의역,발달상권,True,,21.0,3.0,735,True,True,complete,both_cafe_industries_sales_observed,45.56808183079568,,48.4226401940844,6c591a7_residual_size_adjusted_draft_2025Q4,official_inside_counts_no_external_walk_component,complete_sales_observed_only,,False,True,,51.71419570501663,31.2271494576135,49.36386768447837,25.95419847328244,51.71419570501663,31.2271494576135,36.199936993511635,9.36814483728405,C1_coffee|C2_bakery,C1_coffee,only_C1_C2_available_C_stay_unverified_no_third_subtype,"공식 2025Q4 커피·음료 21개, 제과 3개. 매출 상태 complete; 공급·소비 완전관측군의 잔차 보정 초안. 현재 영업·체류·학습 허용 미검증.",218,cafe_complete_exploratory_not_personal_satisfaction
153,3110431,상계역,골목상권,True,,7.0,2.0,350,True,True,complete,both_cafe_industries_sales_observed,45.490926124625446,,50.33794795637465,6c591a7_residual_size_adjusted_draft_2025Q4,official_inside_counts_no_external_walk_component,complete_sales_observed_only,,False,True,,42.77179023370989,51.83557653676175,40.83969465648856,43.12977099236641,42.77179023370989,51.83557653676175,29.940253163596925,15.550672961028525,C2_bakery|C1_coffee,C2_bakery,only_C1_C2_available_C_stay_unverified_no_third_subtype,"공식 2025Q4 커피·음료 7개, 제과 2개. 매출 상태 complete; 공급·소비 완전관측군의 잔차 보정 초안. 현재 영업·체류·학습 허용 미검증.",218,cafe_complete_exploratory_not_personal_satisfaction
154,3111067,강동구립성내도서관,골목상권,True,,10.0,7.0,297,True,True,complete,both_cafe_industries_sales_observed,44.94226853296082,,41.0168152323654,6c591a7_residual_size_adjusted_draft_2025Q4,official_inside_counts_no_external_walk_component,complete_sales_observed_only,,False,True,,29.69755861708058,80.51325833668139,26.33587786259542,86.25954198473282,29.69755861708058,80.51325833668139,20.788291031956405,24.153977501004416,C2_bakery|C1_coffee,C2_bakery,only_C1_C2_available_C_stay_unverified_no_third_subtype,"공식 2025Q4 커피·음료 10개, 제과 7개. 매출 상태 complete; 공급·소비 완전관측군의 잔차 보정 초안. 현재 영업·체류·학습 허용 미검증.",218,cafe_complete_exploratory_not_personal_satisfaction
155,3110224,외대앞역 2번,골목상권,True,,3.0,2.0,87,True,True,complete,both_cafe_industries_sales_observed,44.73135050456484,,40.560637952821054,6c591a7_residual_size_adjusted_draft_2025Q4,official_inside_counts_no_external_walk_component,complete_sales_observed_only,,False,True,,36.447917353992935,64.05936118923262,44.910941475826974,79.38931297709924,36.447917353992935,64.05936118923262,25.513542147795054,19.217808356769783,C2_bakery|C1_coffee,C2_bakery,only_C1_C2_available_C_stay_unverified_no_third_subtype,"공식 2025Q4 커피·음료 3개, 제과 2개. 매출 상태 complete; 공급·소비 완전관측군의 잔차 보정 초안. 현재 영업·체류·학습 허용 미검증.",218,cafe_complete_exploratory_not_personal_satisfaction
156,3120048,금호역,발달상권,True,,8.0,3.0,284,True,True,complete,both_cafe_industries_sales_observed,44.455831634352606,,46.15293919651867,6c591a7_residual_size_adjusted_draft_2025Q4,official_inside_counts_no_external_walk_component,complete_sales_observed_only,,False,True,,40.455326257190855,53.79034418106335,52.16284987277354,64.24936386768448,40.455326257190855,53.79034418106335,28.318728380033598,16.137103254319005,C2_bakery|C1_coffee,C2_bakery,only_C1_C2_available_C_stay_unverified_no_third_subtype,"공식 2025Q4 커피·음료 8개, 제과 3개. 매출 상태 complete; 공급·소비 완전관측군의 잔차 보정 초안. 현재 영업·체류·학습 허용 미검증.",218,cafe_complete_exploratory_not_personal_satisfaction
157,3111004,삼전역 1번,골목상권,True,,19.0,5.0,627,True,True,complete,both_cafe_industries_sales_observed,43.82795457389562,,42.49072014075561,6c591a7_residual_size_adjusted_draft_2025Q4,official_inside_counts_no_external_walk_component,complete_sales_observed_only,,False,True,,37.04974971843323,59.64376590330789,35.87786259541985,49.4910941475827,37.04974971843323,59.64376590330789,25.93482480290326,17.893129770992367,C2_bakery|C1_coffee,C2_bakery,only_C1_C2_available_C_stay_unverified_no_third_subtype,"공식 2025Q4 커피·음료 19개, 제과 5개. 매출 상태 complete; 공급·소비 완전관측군의 잔차 보정 초안. 현재 영업·체류·학습 허용 미검증.",218,cafe_complete_exploratory_not_personal_satisfaction
158,3120233,몽촌토성역,발달상권,True,,14.0,3.0,523,True,True,complete,both_cafe_industries_sales_observed,43.51133211365977,,46.37181674999801,6c591a7_residual_size_adjusted_draft_2025Q4,official_inside_counts_no_external_walk_component,complete_sales_observed_only,,False,True,,46.4360073643455,36.687089862059736,44.783715012722645,39.44020356234097,46.4360073643455,36.687089862059736,32.50520515504185,11.006126958617921,C1_coffee|C2_bakery,C1_coffee,only_C1_C2_available_C_stay_unverified_no_third_subtype,"공식 2025Q4 커피·음료 14개, 제과 3개. 매출 상태 complete; 공급·소비 완전관측군의 잔차 보정 초안. 현재 영업·체류·학습 허용 미검증.",218,cafe_complete_exploratory_not_personal_satisfaction
159,3110218,답십리사거리,골목상권,True,,5.0,7.0,203,True,True,complete,both_cafe_industries_sales_observed,43.23862811821593,,43.78894080942848,6c591a7_residual_size_adjusted_draft_2025Q4,official_inside_counts_no_external_walk_component,complete_sales_observed_only,,False,True,,27.115168390196548,80.86003415026117,27.353689567430024,97.32824427480917,27.115168390196548,80.86003415026117,18.980617873137582,24.25801024507835,C2_bakery|C1_coffee,C2_bakery,only_C1_C2_available_C_stay_unverified_no_third_subtype,"공식 2025Q4 커피·음료 5개, 제과 7개. 매출 상태 complete; 공급·소비 완전관측군의 잔차 보정 초안. 현재 영업·체류·학습 허용 미검증.",218,cafe_complete_exploratory_not_personal_satisfaction
160,3110195,동대문구청,골목상권,True,,8.0,3.0,229,True,True,complete,both_cafe_industries_sales_observed,43.19834999432175,,40.80668789174676,6c591a7_residual_size_adjusted_draft_2025Q4,official_inside_counts_no_external_walk_component,complete_sales_observed_only,,False,True,,40.00373393552594,50.65245413151199,39.05852417302799,60.94147582697202,40.00373393552594,50.65245413151199,28.002613754868158,15.195736239453595,C2_bakery|C1_coffee,C2_bakery,only_C1_C2_available_C_stay_unverified_no_third_subtype,"공식 2025Q4 커피·음료 8개, 제과 3개. 매출 상태 complete; 공급·소비 완전관측군의 잔차 보정 초안. 현재 영업·체류·학습 허용 미검증.",218,cafe_complete_exploratory_not_personal_satisfaction
161,3130059,후암시장,전통시장,True,,2.0,2.0,115,True,True,complete,both_cafe_industries_sales_observed,42.916302342328095,,41.84910294570108,6c591a7_residual_size_adjusted_draft_2025Q4,official_inside_counts_no_external_walk_component,complete_sales_observed_only,,False,True,,29.99909690067993,73.05644837284049,28.62595419847328,77.86259541984732,29.99909690067993,73.05644837284049,20.99936783047595,21.916934511852148,C2_bakery|C1_coffee,C2_bakery,only_C1_C2_available_C_stay_unverified_no_third_subtype,"공식 2025Q4 커피·음료 2개, 제과 2개. 매출 상태 complete; 공급·소비 완전관측군의 잔차 보정 초안. 현재 영업·체류·학습 허용 미검증.",218,cafe_complete_exploratory_not_personal_satisfaction
162,3110157,자양동우체국,골목상권,True,,8.0,2.0,221,True,True,complete,both_cafe_industries_sales_observed,42.74660687352218,,40.44890060661653,6c591a7_residual_size_adjusted_draft_2025Q4,official_inside_counts_no_external_walk_component,complete_sales_observed_only,,False,True,,40.448504567638594,48.10884558725057,40.20356234096692,43.25699745547074,40.448504567638594,48.10884558725057,28.313953197347015,14.432653676175171,C2_bakery|C1_coffee,C2_bakery,only_C1_C2_available_C_stay_unverified_no_third_subtype,"공식 2025Q4 커피·음료 8개, 제과 2개. 매출 상태 complete; 공급·소비 완전관측군의 잔차 보정 초안. 현재 영업·체류·학습 허용 미검증.",218,cafe_complete_exploratory_not_personal_satisfaction
163,3110532,아현역 2번,골목상권,True,,4.0,2.0,125,True,True,complete,both_cafe_industries_sales_observed,42.67830057468957,,39.47896682677779,6c591a7_residual_size_adjusted_draft_2025Q4,official_inside_counts_no_external_walk_component,complete_sales_observed_only,,False,True,,34.445188905700725,61.8888944689969,39.82188295165394,65.9033078880407,34.445188905700725,61.8888944689969,24.111632233990505,18.56666834069907,C2_bakery|C1_coffee,C2_bakery,only_C1_C2_available_C_stay_unverified_no_third_subtype,"공식 2025Q4 커피·음료 4개, 제과 2개. 매출 상태 complete; 공급·소비 완전관측군의 잔차 보정 초안. 현재 영업·체류·학습 허용 미검증.",218,cafe_complete_exploratory_not_personal_satisfaction
164,3130083,"중곡제일시장(중곡제일골목시장, 광성시장)",전통시장,True,,5.0,3.0,225,True,True,complete,both_cafe_industries_sales_observed,42.6588445044934,,46.52817001477314,6c591a7_residual_size_adjusted_draft_2025Q4,official_inside_counts_no_external_walk_component,complete_sales_observed_only,,False,True,,34.91418755190499,60.72971072719968,43.63867684478372,75.57251908396947,34.91418755190499,60.72971072719968,24.43993128633349,18.218913218159905,C2_bakery|C1_coffee,C2_bakery,only_C1_C2_available_C_stay_unverified_no_third_subtype,"공식 2025Q4 커피·음료 5개, 제과 3개. 매출 상태 complete; 공급·소비 완전관측군의 잔차 보정 초안. 현재 영업·체류·학습 허용 미검증.",218,cafe_complete_exploratory_not_personal_satisfaction
165,3120167,고속터미널(고속터미널역),발달상권,True,,28.0,23.0,2268,True,True,complete,both_cafe_industries_sales_observed,42.39745924492007,,48.337808652501685,6c591a7_residual_size_adjusted_draft_2025Q4,official_inside_counts_no_external_walk_component,complete_sales_observed_only,,False,True,,28.24206569511913,75.42671086112227,14.50381679389313,92.6208651399491,28.24206569511913,75.42671086112227,19.76944598658339,22.628013258336683,C2_bakery|C1_coffee,C2_bakery,only_C1_C2_available_C_stay_unverified_no_third_subtype,"공식 2025Q4 커피·음료 28개, 제과 23개. 매출 상태 complete; 공급·소비 완전관측군의 잔차 보정 초안. 현재 영업·체류·학습 허용 미검증.",218,cafe_complete_exploratory_not_personal_satisfaction
166,3110063,효창공원앞역 5번,골목상권,True,,7.0,3.0,235,True,True,complete,both_cafe_industries_sales_observed,42.066256912431584,,39.87716732638083,6c591a7_residual_size_adjusted_draft_2025Q4,official_inside_counts_no_external_walk_component,complete_sales_observed_only,,False,True,,33.822914225473355,61.3007231820008,32.44274809160305,61.06870229007634,33.822914225473355,61.3007231820008,23.676039957831346,18.39021695460024,C2_bakery|C1_coffee,C2_bakery,only_C1_C2_available_C_stay_unverified_no_third_subtype,"공식 2025Q4 커피·음료 7개, 제과 3개. 매출 상태 complete; 공급·소비 완전관측군의 잔차 보정 초안. 현재 영업·체류·학습 허용 미검증.",218,cafe_complete_exploratory_not_personal_satisfaction
167,3120062,신설동역,발달상권,True,,23.0,4.0,830,True,True,complete,both_cafe_industries_sales_observed,41.8608812899959,,42.51048519318332,6c591a7_residual_size_adjusted_draft_2025Q4,official_inside_counts_no_external_walk_component,complete_sales_observed_only,,False,True,,44.12883603902876,36.56898687558591,35.36895674300254,29.262086513994912,44.12883603902876,36.56898687558591,30.89018522732013,10.970696062675772,C1_coffee|C2_bakery,C1_coffee,only_C1_C2_available_C_stay_unverified_no_third_subtype,"공식 2025Q4 커피·음료 23개, 제과 4개. 매출 상태 complete; 공급·소비 완전관측군의 잔차 보정 초안. 현재 영업·체류·학습 허용 미검증.",218,cafe_complete_exploratory_not_personal_satisfaction
168,3110232,동대부고,골목상권,True,,9.0,2.0,245,True,True,complete,both_cafe_industries_sales_observed,41.83442393725636,,40.55613408062636,6c591a7_residual_size_adjusted_draft_2025Q4,official_inside_counts_no_external_walk_component,complete_sales_observed_only,,False,True,,41.57055683856459,42.45011383420383,46.0559796437659,41.0941475826972,41.57055683856459,42.45011383420383,29.09938978699521,12.73503415026115,C2_bakery|C1_coffee,C2_bakery,only_C1_C2_available_C_stay_unverified_no_third_subtype,"공식 2025Q4 커피·음료 9개, 제과 2개. 매출 상태 complete; 공급·소비 완전관측군의 잔차 보정 초안. 현재 영업·체류·학습 허용 미검증.",218,cafe_complete_exploratory_not_personal_satisfaction
169,3120073,미아사거리,발달상권,True,,10.0,2.0,470,True,True,complete,both_cafe_industries_sales_observed,41.71162492363318,,46.71097296049195,6c591a7_residual_size_adjusted_draft_2025Q4,official_inside_counts_no_external_walk_component,complete_sales_observed_only,,False,True,,44.44171321524594,35.34141890987009,37.53180661577608,27.2264631043257,44.44171321524594,35.34141890987009,31.109199250672155,10.602425672961028,C1_coffee|C2_bakery,C1_coffee,only_C1_C2_available_C_stay_unverified_no_third_subtype,"공식 2025Q4 커피·음료 10개, 제과 2개. 매출 상태 complete; 공급·소비 완전관측군의 잔차 보정 초안. 현재 영업·체류·학습 허용 미검증.",218,cafe_complete_exploratory_not_personal_satisfaction
170,3120063,청량리역(청량리),발달상권,True,,24.0,10.0,1010,True,True,complete,both_cafe_industries_sales_observed,41.58900066053177,,41.12960263323803,6c591a7_residual_size_adjusted_draft_2025Q4,official_inside_counts_no_external_walk_component,complete_sales_observed_only,,False,True,,33.337734686370645,60.84195460024105,26.7175572519084,70.61068702290076,33.337734686370645,60.84195460024105,23.33641428045945,18.252586380072316,C2_bakery|C1_coffee,C2_bakery,only_C1_C2_available_C_stay_unverified_no_third_subtype,"공식 2025Q4 커피·음료 24개, 제과 10개. 매출 상태 complete; 공급·소비 완전관측군의 잔차 보정 초안. 현재 영업·체류·학습 허용 미검증.",218,cafe_complete_exploratory_not_personal_satisfaction
171,3110424,상계초등학교,골목상권,True,,5.0,4.0,200,True,True,complete,both_cafe_industries_sales_observed,41.16617375518351,,41.510466209999166,6c591a7_residual_size_adjusted_draft_2025Q4,official_inside_counts_no_external_walk_component,complete_sales_observed_only,,False,True,,30.49412786354345,66.06761416901031,30.407124681933844,83.7150127226463,30.49412786354345,66.06761416901031,21.345889504480414,19.820284250703093,C2_bakery|C1_coffee,C2_bakery,only_C1_C2_available_C_stay_unverified_no_third_subtype,"공식 2025Q4 커피·음료 5개, 제과 4개. 매출 상태 complete; 공급·소비 완전관측군의 잔차 보정 초안. 현재 영업·체류·학습 허용 미검증.",218,cafe_complete_exploratory_not_personal_satisfaction
172,3110529,홍제3동주민센터,골목상권,True,,6.0,4.0,186,True,True,complete,both_cafe_industries_sales_observed,41.02345231786876,,38.66597283812807,6c591a7_residual_size_adjusted_draft_2025Q4,official_inside_counts_no_external_walk_component,complete_sales_observed_only,,False,True,,29.01803525177946,69.03609213874381,30.025445292620866,79.26208651399492,29.01803525177946,69.03609213874381,20.31262467624562,20.710827641623144,C2_bakery|C1_coffee,C2_bakery,only_C1_C2_available_C_stay_unverified_no_third_subtype,"공식 2025Q4 커피·음료 6개, 제과 4개. 매출 상태 complete; 공급·소비 완전관측군의 잔차 보정 초안. 현재 영업·체류·학습 허용 미검증.",218,cafe_complete_exploratory_not_personal_satisfaction
173,3120078,미아사거리역,발달상권,True,,7.0,6.0,513,True,True,complete,both_cafe_industries_sales_observed,40.83375396902855,,46.77881971055882,6c591a7_residual_size_adjusted_draft_2025Q4,official_inside_counts_no_external_walk_component,complete_sales_observed_only,,False,True,,28.20479459846873,70.30132583366813,15.648854961832065,78.62595419847328,28.20479459846873,70.30132583366813,19.74335621892811,21.09039775010044,C2_bakery|C1_coffee,C2_bakery,only_C1_C2_available_C_stay_unverified_no_third_subtype,"공식 2025Q4 커피·음료 7개, 제과 6개. 매출 상태 complete; 공급·소비 완전관측군의 잔차 보정 초안. 현재 영업·체류·학습 허용 미검증.",218,cafe_complete_exploratory_not_personal_satisfaction
174,3130112,사가정시장,전통시장,True,,6.0,4.0,292,True,True,complete,both_cafe_industries_sales_observed,40.42676422807796,,44.49937958747829,6c591a7_residual_size_adjusted_draft_2025Q4,official_inside_counts_no_external_walk_component,complete_sales_observed_only,,False,True,,30.476972199785365,63.64294562742735,36.6412213740458,78.37150127226464,30.476972199785365,63.64294562742735,21.333880539849755,19.092883688228206,C2_bakery|C1_coffee,C2_bakery,only_C1_C2_available_C_stay_unverified_no_third_subtype,"공식 2025Q4 커피·음료 6개, 제과 4개. 매출 상태 complete; 공급·소비 완전관측군의 잔차 보정 초안. 현재 영업·체류·학습 허용 미검증.",218,cafe_complete_exploratory_not_personal_satisfaction
175,3120037,동대문역사문화공원역,발달상권,True,,38.0,7.0,2144,True,True,complete,both_cafe_industries_sales_observed,40.20096945586911,,46.89205879154945,6c591a7_residual_size_adjusted_draft_2025Q4,official_inside_counts_no_external_walk_component,complete_sales_observed_only,,False,True,,39.53730010655927,41.7495312709254,26.590330788804074,30.788804071246812,39.53730010655927,41.7495312709254,27.676110074591488,12.52485938127762,C2_bakery|C1_coffee,C2_bakery,only_C1_C2_available_C_stay_unverified_no_third_subtype,"공식 2025Q4 커피·음료 38개, 제과 7개. 매출 상태 complete; 공급·소비 완전관측군의 잔차 보정 초안. 현재 영업·체류·학습 허용 미검증.",218,cafe_complete_exploratory_not_personal_satisfaction
176,3110319,종암동주민센터,골목상권,True,,6.0,3.0,232,True,True,complete,both_cafe_industries_sales_observed,39.516116326142026,,38.551131791879584,6c591a7_residual_size_adjusted_draft_2025Q4,official_inside_counts_no_external_walk_component,complete_sales_observed_only,,False,True,,28.966409938453488,64.13209789741529,27.86259541984733,62.34096692111959,28.966409938453488,64.13209789741529,20.27648695691744,19.239629369224588,C2_bakery|C1_coffee,C2_bakery,only_C1_C2_available_C_stay_unverified_no_third_subtype,"공식 2025Q4 커피·음료 6개, 제과 3개. 매출 상태 complete; 공급·소비 완전관측군의 잔차 보정 초안. 현재 영업·체류·학습 허용 미검증.",218,cafe_complete_exploratory_not_personal_satisfaction
177,3130313,방이시장,전통시장,True,,10.0,3.0,418,True,True,complete,both_cafe_industries_sales_observed,38.95383542579899,,40.10528189464887,6c591a7_residual_size_adjusted_draft_2025Q4,official_inside_counts_no_external_walk_component,complete_sales_observed_only,,False,True,,36.32176368869523,45.095336145707776,26.463104325699742,41.348600508905854,36.32176368869523,45.095336145707776,25.42523458208666,13.528600843712333,C2_bakery|C1_coffee,C2_bakery,only_C1_C2_available_C_stay_unverified_no_third_subtype,"공식 2025Q4 커피·음료 10개, 제과 3개. 매출 상태 complete; 공급·소비 완전관측군의 잔차 보정 초안. 현재 영업·체류·학습 허용 미검증.",218,cafe_complete_exploratory_not_personal_satisfaction
178,3120193,도산공원교차로,발달상권,True,,12.0,5.0,558,True,True,complete,both_cafe_industries_sales_observed,38.678429217219445,,39.189227891730695,6c591a7_residual_size_adjusted_draft_2025Q4,official_inside_counts_no_external_walk_component,complete_sales_observed_only,,False,True,,32.16067716332389,53.88651734297576,21.246819338422394,57.76081424936387,32.16067716332389,53.88651734297576,22.51247401432672,16.165955202892725,C2_bakery|C1_coffee,C2_bakery,only_C1_C2_available_C_stay_unverified_no_third_subtype,"공식 2025Q4 커피·음료 12개, 제과 5개. 매출 상태 complete; 공급·소비 완전관측군의 잔차 보정 초안. 현재 영업·체류·학습 허용 미검증.",218,cafe_complete_exploratory_not_personal_satisfaction
179,3110314,종암경찰서,골목상권,True,,5.0,3.0,259,True,True,complete,both_cafe_industries_sales_observed,38.645120250413285,,39.93149592908807,6c591a7_residual_size_adjusted_draft_2025Q4,official_inside_counts_no_external_walk_component,complete_sales_observed_only,,False,True,,29.810317857589784,59.25965916700147,20.10178117048346,61.959287531806616,29.810317857589784,59.25965916700147,20.86722250031285,17.77789775010044,C2_bakery|C1_coffee,C2_bakery,only_C1_C2_available_C_stay_unverified_no_third_subtype,"공식 2025Q4 커피·음료 5개, 제과 3개. 매출 상태 complete; 공급·소비 완전관측군의 잔차 보정 초안. 현재 영업·체류·학습 허용 미검증.",218,cafe_complete_exploratory_not_personal_satisfaction
180,3120153,노량진역(노량진),발달상권,True,,43.0,6.0,1625,True,True,complete,both_cafe_industries_sales_observed,37.95291821171625,,38.72981869047474,6c591a7_residual_size_adjusted_draft_2025Q4,official_inside_counts_no_external_walk_component,complete_sales_observed_only,,False,True,,41.04273140616528,30.74335409133521,37.786259541984734,25.82697201017812,41.04273140616528,30.74335409133521,28.729911984315695,9.223006227400562,C1_coffee|C2_bakery,C1_coffee,only_C1_C2_available_C_stay_unverified_no_third_subtype,"공식 2025Q4 커피·음료 43개, 제과 6개. 매출 상태 complete; 공급·소비 완전관측군의 잔차 보정 초안. 현재 영업·체류·학습 허용 미검증.",218,cafe_complete_exploratory_not_personal_satisfaction
181,3110428,상계5동주민센터,골목상권,True,,9.0,8.0,417,True,True,complete,both_cafe_industries_sales_observed,37.72862213910106,,35.038696376456656,6c591a7_residual_size_adjusted_draft_2025Q4,official_inside_counts_no_external_walk_component,complete_sales_observed_only,,False,True,,24.02157521909117,69.71173161912415,12.72264631043257,85.1145038167939,24.02157521909117,69.71173161912415,16.815102653363816,20.913519485737243,C2_bakery|C1_coffee,C2_bakery,only_C1_C2_available_C_stay_unverified_no_third_subtype,"공식 2025Q4 커피·음료 9개, 제과 8개. 매출 상태 complete; 공급·소비 완전관측군의 잔차 보정 초안. 현재 영업·체류·학습 허용 미검증.",218,cafe_complete_exploratory_not_personal_satisfaction
182,3110399,창2동주민센터,골목상권,True,,7.0,5.0,234,True,True,complete,both_cafe_industries_sales_observed,37.53182190909749,,33.70756961629687,6c591a7_residual_size_adjusted_draft_2025Q4,official_inside_counts_no_external_walk_component,complete_sales_observed_only,,False,True,,24.25383385854541,68.51379402705236,21.62849872773537,79.64376590330788,24.25383385854541,68.51379402705236,16.977683700981785,20.554138208115706,C2_bakery|C1_coffee,C2_bakery,only_C1_C2_available_C_stay_unverified_no_third_subtype,"공식 2025Q4 커피·음료 7개, 제과 5개. 매출 상태 complete; 공급·소비 완전관측군의 잔차 보정 초안. 현재 영업·체류·학습 허용 미검증.",218,cafe_complete_exploratory_not_personal_satisfaction
183,3130146,쌍문시장(쌍문역골목시장),전통시장,True,,7.0,3.0,338,True,True,complete,both_cafe_industries_sales_observed,36.71137066979458,,38.20136789186618,6c591a7_residual_size_adjusted_draft_2025Q4,official_inside_counts_no_external_walk_component,complete_sales_observed_only,,False,True,,28.70729874138709,55.38753850274541,21.75572519083969,51.39949109414759,28.70729874138709,55.38753850274541,20.09510911897096,16.616261550823623,C2_bakery|C1_coffee,C2_bakery,only_C1_C2_available_C_stay_unverified_no_third_subtype,"공식 2025Q4 커피·음료 7개, 제과 3개. 매출 상태 complete; 공급·소비 완전관측군의 잔차 보정 초안. 현재 영업·체류·학습 허용 미검증.",218,cafe_complete_exploratory_not_personal_satisfaction
184,3120080,마들역,발달상권,True,,1.0,4.0,294,True,True,complete,both_cafe_industries_sales_observed,35.66333748423515,,36.12947000247833,6c591a7_residual_size_adjusted_draft_2025Q4,official_inside_counts_no_external_walk_component,complete_sales_observed_only,,False,True,,15.958852951995237,81.64046805946163,2.6717557251908395,83.96946564885496,15.958852951995237,81.64046805946163,11.171197066396665,24.49214041783849,C2_bakery|C1_coffee,C2_bakery,only_C1_C2_available_C_stay_unverified_no_third_subtype,"공식 2025Q4 커피·음료 1개, 제과 4개. 매출 상태 complete; 공급·소비 완전관측군의 잔차 보정 초안. 현재 영업·체류·학습 허용 미검증.",218,cafe_complete_exploratory_not_personal_satisfaction
185,3120067,장안동사거리,발달상권,True,,19.0,4.0,987,True,True,complete,both_cafe_industries_sales_observed,35.47120501493207,,40.4061650360488,6c591a7_residual_size_adjusted_draft_2025Q4,official_inside_counts_no_external_walk_component,complete_sales_observed_only,,False,True,,34.83259443388964,36.96129637069774,24.93638676844784,27.989821882951656,34.83259443388964,36.96129637069774,24.382816103722746,11.088388911209321,C2_bakery|C1_coffee,C2_bakery,only_C1_C2_available_C_stay_unverified_no_third_subtype,"공식 2025Q4 커피·음료 19개, 제과 4개. 매출 상태 complete; 공급·소비 완전관측군의 잔차 보정 초안. 현재 영업·체류·학습 허용 미검증.",218,cafe_complete_exploratory_not_personal_satisfaction
186,3120095,홍제역,발달상권,True,,6.0,7.0,425,True,True,complete,both_cafe_industries_sales_observed,34.838386704779715,,38.95921326723294,6c591a7_residual_size_adjusted_draft_2025Q4,official_inside_counts_no_external_walk_component,complete_sales_observed_only,,False,True,,20.023313727943936,69.40689031739655,12.97709923664122,87.40458015267176,20.023313727943936,69.40689031739655,14.016319609560755,20.822067095218962,C2_bakery|C1_coffee,C2_bakery,only_C1_C2_available_C_stay_unverified_no_third_subtype,"공식 2025Q4 커피·음료 6개, 제과 7개. 매출 상태 complete; 공급·소비 완전관측군의 잔차 보정 초안. 현재 영업·체류·학습 허용 미검증.",218,cafe_complete_exploratory_not_personal_satisfaction
187,3111077,길동주민센터(강동도서관),골목상권,True,,21.0,4.0,555,True,True,complete,both_cafe_industries_sales_observed,34.32103447019843,,33.209086154574514,6c591a7_residual_size_adjusted_draft_2025Q4,official_inside_counts_no_external_walk_component,complete_sales_observed_only,,False,True,,33.7182487495402,35.72753448506762,43.51145038167939,39.94910941475827,33.7182487495402,35.72753448506762,23.602774124678138,10.718260345520287,C2_bakery|C1_coffee,C2_bakery,only_C1_C2_available_C_stay_unverified_no_third_subtype,"공식 2025Q4 커피·음료 21개, 제과 4개. 매출 상태 complete; 공급·소비 완전관측군의 잔차 보정 초안. 현재 영업·체류·학습 허용 미검증.",218,cafe_complete_exploratory_not_personal_satisfaction
188,3110167,용마초등학교,골목상권,True,,10.0,2.0,264,True,True,complete,both_cafe_industries_sales_observed,34.290824354432225,,31.72413678824816,6c591a7_residual_size_adjusted_draft_2025Q4,official_inside_counts_no_external_walk_component,complete_sales_observed_only,,False,True,,30.51655100624566,43.09746216686754,38.54961832061068,33.842239185750635,30.51655100624566,43.09746216686754,21.36158570437196,12.929238650060261,C2_bakery|C1_coffee,C2_bakery,only_C1_C2_available_C_stay_unverified_no_third_subtype,"공식 2025Q4 커피·음료 10개, 제과 2개. 매출 상태 complete; 공급·소비 완전관측군의 잔차 보정 초안. 현재 영업·체류·학습 허용 미검증.",218,cafe_complete_exploratory_not_personal_satisfaction
189,3130056,용산용문시장,전통시장,True,,3.0,3.0,279,True,True,complete,both_cafe_industries_sales_observed,33.997870345865564,,41.13858824205981,6c591a7_residual_size_adjusted_draft_2025Q4,official_inside_counts_no_external_walk_component,complete_sales_observed_only,,False,True,,24.35588692582185,56.49583165930092,16.412213740458014,70.22900763358778,24.35588692582185,56.49583165930092,17.049120848075294,16.948749497790274,C2_bakery|C1_coffee,C2_bakery,only_C1_C2_available_C_stay_unverified_no_third_subtype,"공식 2025Q4 커피·음료 3개, 제과 3개. 매출 상태 complete; 공급·소비 완전관측군의 잔차 보정 초안. 현재 영업·체류·학습 허용 미검증.",218,cafe_complete_exploratory_not_personal_satisfaction
190,3120060,강변역(테크노마트),발달상권,True,,12.0,4.0,1058,True,True,complete,both_cafe_industries_sales_observed,33.88879578042043,,44.15146801211192,6c591a7_residual_size_adjusted_draft_2025Q4,official_inside_counts_no_external_walk_component,complete_sales_observed_only,,False,True,,29.31331441053002,44.56491897683139,15.394402035623408,35.75063613231552,29.31331441053002,44.56491897683139,20.51932008737101,13.369475693049418,C2_bakery|C1_coffee,C2_bakery,only_C1_C2_available_C_stay_unverified_no_third_subtype,"공식 2025Q4 커피·음료 12개, 제과 4개. 매출 상태 complete; 공급·소비 완전관측군의 잔차 보정 초안. 현재 영업·체류·학습 허용 미검증.",218,cafe_complete_exploratory_not_personal_satisfaction
191,3120017,동묘앞역(동묘),발달상권,True,,7.0,2.0,488,True,True,complete,both_cafe_industries_sales_observed,33.57368256094326,,41.91412378613862,6c591a7_residual_size_adjusted_draft_2025Q4,official_inside_counts_no_external_walk_component,complete_sales_observed_only,,False,True,,32.768263728512764,35.45299316994776,23.40966921119593,30.53435114503817,32.768263728512764,35.45299316994776,22.937784609958932,10.635897950984328,C2_bakery|C1_coffee,C2_bakery,only_C1_C2_available_C_stay_unverified_no_third_subtype,"공식 2025Q4 커피·음료 7개, 제과 2개. 매출 상태 complete; 공급·소비 완전관측군의 잔차 보정 초안. 현재 영업·체류·학습 허용 미검증.",218,cafe_complete_exploratory_not_personal_satisfaction
192,3130115,우림골목시장,전통시장,True,,5.0,5.0,323,True,True,complete,both_cafe_industries_sales_observed,33.382320507800145,,37.22640242131864,6c591a7_residual_size_adjusted_draft_2025Q4,official_inside_counts_no_external_walk_component,complete_sales_observed_only,,False,True,,19.065908996105467,66.78728070175438,16.793893129770993,83.33333333333334,19.065908996105467,66.78728070175438,13.346136297273826,20.036184210526315,C2_bakery|C1_coffee,C2_bakery,only_C1_C2_available_C_stay_unverified_no_third_subtype,"공식 2025Q4 커피·음료 5개, 제과 5개. 매출 상태 complete; 공급·소비 완전관측군의 잔차 보정 초안. 현재 영업·체류·학습 허용 미검증.",218,cafe_complete_exploratory_not_personal_satisfaction
193,3110226,장안1동주민센터,골목상권,True,,18.0,5.0,665,True,True,complete,both_cafe_industries_sales_observed,32.70839651895064,,31.64842975519573,6c591a7_residual_size_adjusted_draft_2025Q4,official_inside_counts_no_external_walk_component,complete_sales_observed_only,,False,True,,27.65275006351843,44.50490491495914,26.08142493638677,45.67430025445292,27.65275006351843,44.50490491495914,19.356925044462898,13.351471474487742,C2_bakery|C1_coffee,C2_bakery,only_C1_C2_available_C_stay_unverified_no_third_subtype,"공식 2025Q4 커피·음료 18개, 제과 5개. 매출 상태 complete; 공급·소비 완전관측군의 잔차 보정 초안. 현재 영업·체류·학습 허용 미검증.",218,cafe_complete_exploratory_not_personal_satisfaction
194,3130139,강북종합전통시장(강북종합골목시장),전통시장,True,,5.0,4.0,311,True,True,complete,both_cafe_industries_sales_observed,32.511175687680534,,37.16105251695437,6c591a7_residual_size_adjusted_draft_2025Q4,official_inside_counts_no_external_walk_component,complete_sales_observed_only,,False,True,,17.39270865329556,67.78759876791213,18.3206106870229,73.15521628498728,17.39270865329556,67.78759876791213,12.174896057306892,20.33627963037364,C2_bakery|C1_coffee,C2_bakery,only_C1_C2_available_C_stay_unverified_no_third_subtype,"공식 2025Q4 커피·음료 5개, 제과 4개. 매출 상태 complete; 공급·소비 완전관측군의 잔차 보정 초안. 현재 영업·체류·학습 허용 미검증.",218,cafe_complete_exploratory_not_personal_satisfaction
195,3120246,길동역,발달상권,True,,11.0,6.0,1011,True,True,complete,both_cafe_industries_sales_observed,32.13022689550864,,32.13631429447828,6c591a7_residual_size_adjusted_draft_2025Q4,official_inside_counts_no_external_walk_component,complete_sales_observed_only,,False,True,,22.69992093377777,54.134274139547344,6.106870229007633,47.96437659033079,22.69992093377777,54.134274139547344,15.889944653644436,16.240282241864204,C2_bakery|C1_coffee,C2_bakery,only_C1_C2_available_C_stay_unverified_no_third_subtype,"공식 2025Q4 커피·음료 11개, 제과 6개. 매출 상태 complete; 공급·소비 완전관측군의 잔차 보정 초안. 현재 영업·체류·학습 허용 미검증.",218,cafe_complete_exploratory_not_personal_satisfaction
196,3130314,풍납시장,전통시장,True,,5.0,3.0,201,True,True,complete,both_cafe_industries_sales_observed,32.016849775874256,,28.929162134374025,6c591a7_residual_size_adjusted_draft_2025Q4,official_inside_counts_no_external_walk_component,complete_sales_observed_only,,False,True,,20.704457666389843,58.41243136467122,17.8117048346056,62.72264631043257,20.704457666389843,58.41243136467122,14.493120366472889,17.523729409401366,C2_bakery|C1_coffee,C2_bakery,only_C1_C2_available_C_stay_unverified_no_third_subtype,"공식 2025Q4 커피·음료 5개, 제과 3개. 매출 상태 complete; 공급·소비 완전관측군의 잔차 보정 초안. 현재 영업·체류·학습 허용 미검증.",218,cafe_complete_exploratory_not_personal_satisfaction
197,3120069,상봉역,발달상권,True,,12.0,3.0,774,True,True,complete,both_cafe_industries_sales_observed,31.98384611665396,,36.14166485003955,6c591a7_residual_size_adjusted_draft_2025Q4,official_inside_counts_no_external_walk_component,complete_sales_observed_only,,False,True,,27.99150862902584,41.29930025445292,12.08651399491094,22.391857506361323,27.99150862902584,41.29930025445292,19.594056040318087,12.389790076335876,C2_bakery|C1_coffee,C2_bakery,only_C1_C2_available_C_stay_unverified_no_third_subtype,"공식 2025Q4 커피·음료 12개, 제과 3개. 매출 상태 complete; 공급·소비 완전관측군의 잔차 보정 초안. 현재 영업·체류·학습 허용 미검증.",218,cafe_complete_exploratory_not_personal_satisfaction
198,3111078,굽은다리역 4번,골목상권,True,,15.0,3.0,512,True,True,complete,both_cafe_industries_sales_observed,31.81719392650064,,31.31704020388395,6c591a7_residual_size_adjusted_draft_2025Q4,official_inside_counts_no_external_walk_component,complete_sales_observed_only,,False,True,,30.744846285404403,34.31933842239185,32.95165394402035,31.170483460559797,30.744846285404403,34.31933842239185,21.521392399783082,10.295801526717556,C2_bakery|C1_coffee,C2_bakery,only_C1_C2_available_C_stay_unverified_no_third_subtype,"공식 2025Q4 커피·음료 15개, 제과 3개. 매출 상태 complete; 공급·소비 완전관측군의 잔차 보정 초안. 현재 영업·체류·학습 허용 미검증.",218,cafe_complete_exploratory_not_personal_satisfaction
199,3110241,먹골역 5번,골목상권,True,,6.0,3.0,308,True,True,complete,both_cafe_industries_sales_observed,30.48598614230483,,31.98265916892336,6c591a7_residual_size_adjusted_draft_2025Q4,official_inside_counts_no_external_walk_component,complete_sales_observed_only,,False,True,,25.57674884244776,41.940873175304674,19.720101781170484,55.21628498727736,25.57674884244776,41.940873175304674,17.90372418971343,12.582261952591402,C2_bakery|C1_coffee,C2_bakery,only_C1_C2_available_C_stay_unverified_no_third_subtype,"공식 2025Q4 커피·음료 6개, 제과 3개. 매출 상태 complete; 공급·소비 완전관측군의 잔차 보정 초안. 현재 영업·체류·학습 허용 미검증.",218,cafe_complete_exploratory_not_personal_satisfaction
200,3130110,면목골목시장(면목시장),전통시장,True,,2.0,4.0,250,True,True,complete,both_cafe_industries_sales_observed,30.3747934004503,,30.554035177425703,6c591a7_residual_size_adjusted_draft_2025Q4,official_inside_counts_no_external_walk_component,complete_sales_observed_only,,False,True,,14.802802774333244,66.70943819472345,5.343511450381679,82.1882951653944,14.802802774333244,66.70943819472345,10.36196194203327,20.012831458417033,C2_bakery|C1_coffee,C2_bakery,only_C1_C2_available_C_stay_unverified_no_third_subtype,"공식 2025Q4 커피·음료 2개, 제과 4개. 매출 상태 complete; 공급·소비 완전관측군의 잔차 보정 초안. 현재 영업·체류·학습 허용 미검증.",218,cafe_complete_exploratory_not_personal_satisfaction
201,3110415,수락산역 4번,골목상권,True,,8.0,4.0,417,True,True,complete,both_cafe_industries_sales_observed,30.031785523466688,,28.09773304417661,6c591a7_residual_size_adjusted_draft_2025Q4,official_inside_counts_no_external_walk_component,complete_sales_observed_only,,False,True,,23.658089403609363,44.90374313646712,10.687022900763358,51.27226463104325,23.658089403609363,44.90374313646712,16.560662582526554,13.471122940940136,C2_bakery|C1_coffee,C2_bakery,only_C1_C2_available_C_stay_unverified_no_third_subtype,"공식 2025Q4 커피·음료 8개, 제과 4개. 매출 상태 complete; 공급·소비 완전관측군의 잔차 보정 초안. 현재 영업·체류·학습 허용 미검증.",218,cafe_complete_exploratory_not_personal_satisfaction
202,3110273,장스여성병원,골목상권,True,,3.0,1.0,121,True,True,complete,both_cafe_industries_sales_observed,29.994079712782938,,23.96308129792897,6c591a7_residual_size_adjusted_draft_2025Q4,official_inside_counts_no_external_walk_component,complete_sales_observed_only,,False,True,,25.96550645991892,39.39408396946565,23.66412213740458,39.31297709923664,25.96550645991892,39.39408396946565,18.175854521943243,11.818225190839694,C2_bakery|C1_coffee,C2_bakery,only_C1_C2_available_C_stay_unverified_no_third_subtype,"공식 2025Q4 커피·음료 3개, 제과 1개. 매출 상태 complete; 공급·소비 완전관측군의 잔차 보정 초안. 현재 영업·체류·학습 허용 미검증.",218,cafe_complete_exploratory_not_personal_satisfaction
203,3110247,먹골역 1번,골목상권,True,,6.0,2.0,231,True,True,complete,both_cafe_industries_sales_observed,29.02090474091965,,26.051161717466304,6c591a7_residual_size_adjusted_draft_2025Q4,official_inside_counts_no_external_walk_component,complete_sales_observed_only,,False,True,,23.198161568127777,42.60730547743404,17.17557251908397,37.27735368956743,23.198161568127777,42.60730547743404,16.23871309768944,12.782191643230211,C2_bakery|C1_coffee,C2_bakery,only_C1_C2_available_C_stay_unverified_no_third_subtype,"공식 2025Q4 커피·음료 6개, 제과 2개. 매출 상태 complete; 공급·소비 완전관측군의 잔차 보정 초안. 현재 영업·체류·학습 허용 미검증.",218,cafe_complete_exploratory_not_personal_satisfaction
204,3120061,올림픽대교북단,발달상권,True,,2.0,1.0,205,True,True,complete,both_cafe_industries_sales_observed,28.856909725694194,,28.449535438977584,6c591a7_residual_size_adjusted_draft_2025Q4,official_inside_counts_no_external_walk_component,complete_sales_observed_only,,False,True,,20.358239572549422,48.687140083032006,9.16030534351145,32.56997455470738,20.358239572549422,48.687140083032006,14.250767700784595,14.606142024909602,C2_bakery|C1_coffee,C2_bakery,only_C1_C2_available_C_stay_unverified_no_third_subtype,"공식 2025Q4 커피·음료 2개, 제과 1개. 매출 상태 complete; 공급·소비 완전관측군의 잔차 보정 초안. 현재 영업·체류·학습 허용 미검증.",218,cafe_complete_exploratory_not_personal_satisfaction
205,3110403,방학1동주민센터,골목상권,True,,6.0,4.0,304,True,True,complete,both_cafe_industries_sales_observed,28.53559375759052,,26.167131458613635,6c591a7_residual_size_adjusted_draft_2025Q4,official_inside_counts_no_external_walk_component,complete_sales_observed_only,,False,True,,20.1280091618222,48.15329114771661,11.704834605597965,63.10432569974554,20.1280091618222,48.15329114771661,14.089606413275538,14.445987344314982,C2_bakery|C1_coffee,C2_bakery,only_C1_C2_available_C_stay_unverified_no_third_subtype,"공식 2025Q4 커피·음료 6개, 제과 4개. 매출 상태 complete; 공급·소비 완전관측군의 잔차 보정 초안. 현재 영업·체류·학습 허용 미검증.",218,cafe_complete_exploratory_not_personal_satisfaction
206,3120039,신당역,발달상권,True,,32.0,3.0,2716,True,True,complete,both_cafe_industries_sales_observed,28.496924090439062,,42.34982976508567,6c591a7_residual_size_adjusted_draft_2025Q4,official_inside_counts_no_external_walk_component,complete_sales_observed_only,,False,True,,33.66647194002344,16.4346457747422,27.989821882951656,7.124681933842239,33.66647194002344,16.4346457747422,23.566530358016408,4.93039373242266,C1_coffee|C2_bakery,C1_coffee,only_C1_C2_available_C_stay_unverified_no_third_subtype,"공식 2025Q4 커피·음료 32개, 제과 3개. 매출 상태 complete; 공급·소비 완전관측군의 잔차 보정 초안. 현재 영업·체류·학습 허용 미검증.",218,cafe_complete_exploratory_not_personal_satisfaction
207,3120170,삼호가든사거리,발달상권,True,,7.0,1.0,495,True,True,complete,both_cafe_industries_sales_observed,27.55894517795837,,33.40615219579244,6c591a7_residual_size_adjusted_draft_2025Q4,official_inside_counts_no_external_walk_component,complete_sales_observed_only,,False,True,,30.62924843479217,20.39490424534619,15.267175572519085,10.432569974554708,30.62924843479217,20.39490424534619,21.44047390435452,6.1184712736038565,C1_coffee|C2_bakery,C1_coffee,only_C1_C2_available_C_stay_unverified_no_third_subtype,"공식 2025Q4 커피·음료 7개, 제과 1개. 매출 상태 complete; 공급·소비 완전관측군의 잔차 보정 초안. 현재 영업·체류·학습 허용 미검증.",218,cafe_complete_exploratory_not_personal_satisfaction
208,3110335,석계역 7번,골목상권,True,,5.0,2.0,258,True,True,complete,both_cafe_industries_sales_observed,27.29114841168004,,25.038302080672985,6c591a7_residual_size_adjusted_draft_2025Q4,official_inside_counts_no_external_walk_component,complete_sales_observed_only,,False,True,,24.166249151507564,34.582580018749155,10.30534351145038,36.38676844783715,24.166249151507564,34.582580018749155,16.916374406055294,10.374774005624745,C2_bakery|C1_coffee,C2_bakery,only_C1_C2_available_C_stay_unverified_no_third_subtype,"공식 2025Q4 커피·음료 5개, 제과 2개. 매출 상태 complete; 공급·소비 완전관측군의 잔차 보정 초안. 현재 영업·체류·학습 허용 미검증.",218,cafe_complete_exploratory_not_personal_satisfaction
209,3120079,창동역,발달상권,True,,6.0,2.0,499,True,True,complete,both_cafe_industries_sales_observed,27.222678262247577,,33.27592021207665,6c591a7_residual_size_adjusted_draft_2025Q4,official_inside_counts_no_external_walk_component,complete_sales_observed_only,,False,True,,24.027935025388413,34.677079148252304,11.19592875318066,25.572519083969464,24.027935025388413,34.677079148252304,16.819554517771888,10.40312374447569,C2_bakery|C1_coffee,C2_bakery,only_C1_C2_available_C_stay_unverified_no_third_subtype,"공식 2025Q4 커피·음료 6개, 제과 2개. 매출 상태 complete; 공급·소비 완전관측군의 잔차 보정 초안. 현재 영업·체류·학습 허용 미검증.",218,cafe_complete_exploratory_not_personal_satisfaction
210,3120083,등나무근린공원,발달상권,True,,5.0,2.0,573,True,True,complete,both_cafe_industries_sales_observed,27.073585047931715,,28.34246422063921,6c591a7_residual_size_adjusted_draft_2025Q4,official_inside_counts_no_external_walk_component,complete_sales_observed_only,,False,True,,23.273419149573577,35.940638810767375,4.8346055979643765,20.610687022900763,23.273419149573577,35.940638810767375,16.291393404701502,10.782191643230211,C2_bakery|C1_coffee,C2_bakery,only_C1_C2_available_C_stay_unverified_no_third_subtype,"공식 2025Q4 커피·음료 5개, 제과 2개. 매출 상태 complete; 공급·소비 완전관측군의 잔차 보정 초안. 현재 영업·체류·학습 허용 미검증.",218,cafe_complete_exploratory_not_personal_satisfaction
211,3111032,방이역 1번,골목상권,True,,2.0,5.0,206,True,True,complete,both_cafe_industries_sales_observed,26.256609411764465,,25.536111056770324,6c591a7_residual_size_adjusted_draft_2025Q4,official_inside_counts_no_external_walk_component,complete_sales_observed_only,,False,True,,7.382634061804377,70.29588522833801,5.089058524173027,89.56743002544529,7.382634061804377,70.29588522833801,5.167843843263063,21.0887655685014,C2_bakery|C1_coffee,C2_bakery,only_C1_C2_available_C_stay_unverified_no_third_subtype,"공식 2025Q4 커피·음료 2개, 제과 5개. 매출 상태 complete; 공급·소비 완전관측군의 잔차 보정 초안. 현재 영업·체류·학습 허용 미검증.",218,cafe_complete_exploratory_not_personal_satisfaction
212,3110407,도봉역 2번,골목상권,True,,14.0,2.0,296,True,True,complete,both_cafe_industries_sales_observed,25.81680344484435,,26.090894489288747,6c591a7_residual_size_adjusted_draft_2025Q4,official_inside_counts_no_external_walk_component,complete_sales_observed_only,,False,True,,27.781789171909303,21.23183674835945,22.264631043257,18.06615776081425,27.781789171909303,21.23183674835945,19.44725242033651,6.369551024507834,C1_coffee|C2_bakery,C1_coffee,only_C1_C2_available_C_stay_unverified_no_third_subtype,"공식 2025Q4 커피·음료 14개, 제과 2개. 매출 상태 complete; 공급·소비 완전관측군의 잔차 보정 초안. 현재 영업·체류·학습 허용 미검증.",218,cafe_complete_exploratory_not_personal_satisfaction
213,3110243,중랑노인종합복지관,골목상권,True,,6.0,3.0,278,True,True,complete,both_cafe_industries_sales_observed,25.774147998336247,,23.854740934996432,6c591a7_residual_size_adjusted_draft_2025Q4,official_inside_counts_no_external_walk_component,complete_sales_observed_only,,False,True,,14.129694580645651,52.94453930628097,16.539440203562343,53.68956743002544,14.129694580645651,52.94453930628097,9.890786206451954,15.88336179188429,C2_bakery|C1_coffee,C2_bakery,only_C1_C2_available_C_stay_unverified_no_third_subtype,"공식 2025Q4 커피·음료 6개, 제과 3개. 매출 상태 complete; 공급·소비 완전관측군의 잔차 보정 초안. 현재 영업·체류·학습 허용 미검증.",218,cafe_complete_exploratory_not_personal_satisfaction
214,3120066,장한평역(장한평),발달상권,True,,30.0,4.0,1609,True,True,complete,both_cafe_industries_sales_observed,24.740089353912303,,29.41247535538117,6c591a7_residual_size_adjusted_draft_2025Q4,official_inside_counts_no_external_walk_component,complete_sales_observed_only,,False,True,,26.553812432926435,20.50806883621267,17.048346055979643,12.849872773536896,26.553812432926435,20.50806883621267,18.587668703048504,6.1524206508638,C1_coffee|C2_bakery,C1_coffee,only_C1_C2_available_C_stay_unverified_no_third_subtype,"공식 2025Q4 커피·음료 30개, 제과 4개. 매출 상태 complete; 공급·소비 완전관측군의 잔차 보정 초안. 현재 영업·체류·학습 허용 미검증.",218,cafe_complete_exploratory_not_personal_satisfaction
215,3130111,"동원전통종합시장(동원시장, 동원전통시장 상점가)",전통시장,True,,3.0,3.0,428,True,True,complete,both_cafe_industries_sales_observed,24.09955450479876,,24.01390100098682,6c591a7_residual_size_adjusted_draft_2025Q4,official_inside_counts_no_external_walk_component,complete_sales_observed_only,,False,True,,12.356032923402465,51.5011048613901,3.816793893129771,48.854961832061065,12.356032923402465,51.5011048613901,8.649223046381724,15.450331458417029,C2_bakery|C1_coffee,C2_bakery,only_C1_C2_available_C_stay_unverified_no_third_subtype,"공식 2025Q4 커피·음료 3개, 제과 3개. 매출 상태 complete; 공급·소비 완전관측군의 잔차 보정 초안. 현재 영업·체류·학습 허용 미검증.",218,cafe_complete_exploratory_not_personal_satisfaction
216,3110405,방학역 1번,골목상권,True,,4.0,5.0,366,True,True,complete,both_cafe_industries_sales_observed,23.07253896179453,,19.67480030384474,6c591a7_residual_size_adjusted_draft_2025Q4,official_inside_counts_no_external_walk_component,complete_sales_observed_only,,False,True,,10.686907809164095,51.97234498459889,3.0534351145038165,66.53944020356234,10.686907809164095,51.97234498459889,7.480835466414867,15.591703495379667,C2_bakery|C1_coffee,C2_bakery,only_C1_C2_available_C_stay_unverified_no_third_subtype,"공식 2025Q4 커피·음료 4개, 제과 5개. 매출 상태 complete; 공급·소비 완전관측군의 잔차 보정 초안. 현재 영업·체류·학습 허용 미검증.",218,cafe_complete_exploratory_not_personal_satisfaction
217,3120247,굽은다리역,발달상권,True,,3.0,2.0,450,True,True,complete,both_cafe_industries_sales_observed,21.21941217761529,,22.06505974076189,6c591a7_residual_size_adjusted_draft_2025Q4,official_inside_counts_no_external_walk_component,complete_sales_observed_only,,False,True,,12.1691108936948,42.33678184009643,3.1806615776081424,28.24427480916031,12.1691108936948,42.33678184009643,8.518377625586359,12.701034552028927,C2_bakery|C1_coffee,C2_bakery,only_C1_C2_available_C_stay_unverified_no_third_subtype,"공식 2025Q4 커피·음료 3개, 제과 2개. 매출 상태 complete; 공급·소비 완전관측군의 잔차 보정 초안. 현재 영업·체류·학습 허용 미검증.",218,cafe_complete_exploratory_not_personal_satisfaction
218,3110397,도봉산입구,골목상권,True,,11.0,1.0,363,True,True,complete,both_cafe_industries_sales_observed,15.525899057691896,,18.19946019538938,6c591a7_residual_size_adjusted_draft_2025Q4,official_inside_counts_no_external_walk_component,complete_sales_observed_only,,False,True,,15.597895169944977,15.35790812910138,8.015267175572518,4.8346055979643765,15.597895169944977,15.35790812910138,10.918526618961483,4.607372438730414,C1_coffee|C2_bakery,C1_coffee,only_C1_C2_available_C_stay_unverified_no_third_subtype,"공식 2025Q4 커피·음료 11개, 제과 1개. 매출 상태 complete; 공급·소비 완전관측군의 잔차 보정 초안. 현재 영업·체류·학습 허용 미검증.",218,cafe_complete_exploratory_not_personal_satisfaction
