area_code,area_name,area_type_name,area_km2,total_stores_2025q4,recommendation_eligible,exclusion_reason,access_percentile,study_room_stores,study_cafe_contribution,public_contribution,transit_contribution,study_v0_score,study_cafe_weighted_count,public_weighted_count,public_hours_page_weighted_count,study_v0_status,candidate_pairs_euclidean_600,inside_polygon_count,osm_model_le2m_count,assumed_connector_count,unknown_connection_count,zero_candidates_means,S4_included,S3b_role,study_version,actual_entrance_verified,current_operation_verified,counts_scope,study_recommendation_eligible,route_evidence_status,legacy_75pct_sum_reconstructed
3001491,이태원 관광특구,관광특구,0.3722855835534407,1680,False,broad_tourism_zone;prefer_named_subarea,55.78880407124682,5.0,32.82009724473257,0.0,7.438507209499576,40.25860445423215,1.0,0.0,0.0,exploratory_S4_excluded_operation_not_reverified,11,3,0,7,1,zero_in_source_candidate_set_not_verified_no_facilities,False,validation_only_not_scored,facility_accessibility_v0_S4_excluded_OSM_entrance_proxy,False,False,included_source_model_counts_zero_is_not_verified_absence,False,contains_assumed_connectors,30.193953340674113
3001492,명동 남대문 북창동 다동 무교동 관광특구,관광특구,0.9828817971994296,8453,False,broad_tourism_zone;prefer_named_subarea,64.75826972010178,4.0,55.089141004862235,18.572628043660792,8.634435962680238,82.29620501120327,3.5,0.75,0.5,exploratory_S4_excluded_operation_not_reverified,49,12,1,29,7,zero_in_source_candidate_set_not_verified_no_facilities,False,validation_only_not_scored,facility_accessibility_v0_S4_excluded_OSM_entrance_proxy,False,False,included_source_model_counts_zero_is_not_verified_absence,False,contains_assumed_connectors,61.722153758402456
3001493,동대문패션타운 관광특구,관광특구,0.6056013616241605,12590,False,broad_tourism_zone;prefer_named_subarea,90.0763358778626,2.0,0.0,18.572628043660792,12.010178117048348,30.58280616070914,0.0,0.75,0.0,exploratory_S4_excluded_operation_not_reverified,25,5,0,18,2,zero_in_source_candidate_set_not_verified_no_facilities,False,validation_only_not_scored,facility_accessibility_v0_S4_excluded_OSM_entrance_proxy,False,False,included_source_model_counts_zero_is_not_verified_absence,False,contains_assumed_connectors,22.937104620531855
3001494,종로·청계 관광특구,관광특구,0.6526362010529243,4244,False,broad_tourism_zone;prefer_named_subarea,87.91348600508906,11.0,59.80551053484603,25.79345088161209,11.721798134011873,97.32075955047,11.5,1.75,1.25,exploratory_S4_excluded_operation_not_reverified,55,14,1,29,11,zero_in_source_candidate_set_not_verified_no_facilities,False,validation_only_not_scored,facility_accessibility_v0_S4_excluded_OSM_entrance_proxy,False,False,included_source_model_counts_zero_is_not_verified_absence,False,contains_assumed_connectors,72.9905696628525
3001495,잠실 관광특구,관광특구,2.4608282285006786,3030,False,broad_tourism_zone;prefer_named_subarea,38.8676844783715,5.0,55.089141004862235,0.0,5.182357930449533,60.27149893531177,3.5,0.0,0.0,exploratory_S4_excluded_operation_not_reverified,54,7,0,31,16,zero_in_source_candidate_set_not_verified_no_facilities,False,validation_only_not_scored,facility_accessibility_v0_S4_excluded_OSM_entrance_proxy,False,False,included_source_model_counts_zero_is_not_verified_absence,False,contains_assumed_connectors,45.20362420148383
3001496,강남 마이스 관광특구,관광특구,0.2377100963824016,1017,False,broad_tourism_zone;prefer_named_subarea,6.361323155216285,1.0,19.108589951377635,0.0,0.8481764206955046,19.95676637207314,0.5,0.0,0.0,exploratory_S4_excluded_operation_not_reverified,17,4,0,12,1,zero_in_source_candidate_set_not_verified_no_facilities,False,validation_only_not_scored,facility_accessibility_v0_S4_excluded_OSM_entrance_proxy,False,False,included_source_model_counts_zero_is_not_verified_absence,False,contains_assumed_connectors,14.967574779054855
3110002,독립문역 1번,골목상권,0.0315075957912267,62,True,,27.798982188295163,3.0,7.487844408427876,21.09151973131822,3.706530958439355,32.28589509818545,0.25,1.0,0.0,exploratory_S4_excluded_operation_not_reverified,9,2,0,6,1,zero_in_source_candidate_set_not_verified_no_facilities,False,validation_only_not_scored,facility_accessibility_v0_S4_excluded_OSM_entrance_proxy,False,False,included_source_model_counts_zero_is_not_verified_absence,True,contains_assumed_connectors,24.214421323639087
3110004,대신고등학교,골목상권,0.0187667266281941,36,True,,27.798982188295163,0.0,32.82009724473257,6.481947942905122,3.706530958439355,43.00857614607705,1.0,0.25,0.0,exploratory_S4_excluded_operation_not_reverified,10,1,0,5,4,zero_in_source_candidate_set_not_verified_no_facilities,False,validation_only_not_scored,facility_accessibility_v0_S4_excluded_OSM_entrance_proxy,False,False,included_source_model_counts_zero_is_not_verified_absence,True,contains_assumed_connectors,32.256432109557785
3110007,사직공원(한국사회과학도서관),골목상권,0.0801920442395288,50,True,,25.572519083969464,0.0,7.487844408427876,6.481947942905122,3.4096692111959284,17.379461562528927,0.25,0.25,0.0,exploratory_S4_excluded_operation_not_reverified,17,0,0,5,12,zero_in_source_candidate_set_not_verified_no_facilities,False,validation_only_not_scored,facility_accessibility_v0_S4_excluded_OSM_entrance_proxy,False,False,included_source_model_counts_zero_is_not_verified_absence,True,contains_assumed_connectors,13.034596171896695
3110008,배화여자대학교(박노수미술관),골목상권,0.1491530845267322,315,True,,41.03053435114504,0.0,7.487844408427876,6.481947942905122,5.470737913486006,19.440530264819003,0.25,0.25,0.0,exploratory_S4_excluded_operation_not_reverified,7,0,0,6,1,zero_in_source_candidate_set_not_verified_no_facilities,False,validation_only_not_scored,facility_accessibility_v0_S4_excluded_OSM_entrance_proxy,False,False,included_source_model_counts_zero_is_not_verified_absence,True,contains_assumed_connectors,14.580397698614252
3110012,성곡미술관,골목상권,0.1242549095683796,128,True,,48.98218829516539,0.0,19.108589951377635,0.0,6.530958439355386,25.63954839073302,0.5,0.0,0.0,exploratory_S4_excluded_operation_not_reverified,15,0,0,9,6,zero_in_source_candidate_set_not_verified_no_facilities,False,validation_only_not_scored,facility_accessibility_v0_S4_excluded_OSM_entrance_proxy,False,False,included_source_model_counts_zero_is_not_verified_absence,True,contains_assumed_connectors,19.229661293049766
3110013,체부동홍종문가옥,골목상권,0.0170516277786817,37,True,,41.03053435114504,0.0,7.487844408427876,6.481947942905122,5.470737913486006,19.440530264819003,0.25,0.25,0.0,exploratory_S4_excluded_operation_not_reverified,7,0,0,5,2,zero_in_source_candidate_set_not_verified_no_facilities,False,validation_only_not_scored,facility_accessibility_v0_S4_excluded_OSM_entrance_proxy,False,False,included_source_model_counts_zero_is_not_verified_absence,True,contains_assumed_connectors,14.580397698614252
3110015,청와대사랑채,골목상권,0.0693471471155256,22,True,,41.03053435114504,0.0,0.0,15.34844668345928,5.470737913486006,20.819184596945284,0.0,0.5,0.0,exploratory_S4_excluded_operation_not_reverified,7,0,0,4,3,zero_in_source_candidate_set_not_verified_no_facilities,False,validation_only_not_scored,facility_accessibility_v0_S4_excluded_OSM_entrance_proxy,False,False,included_source_model_counts_zero_is_not_verified_absence,True,contains_assumed_connectors,15.614388447708963
3110017,정독도서관,골목상권,0.0837923696433066,57,True,,25.89058524173028,0.0,0.0,6.481947942905122,3.452078032230704,9.934025975135826,0.0,0.25,0.0,exploratory_S4_excluded_operation_not_reverified,2,0,0,2,0,zero_in_source_candidate_set_not_verified_no_facilities,False,validation_only_not_scored,facility_accessibility_v0_S4_excluded_OSM_entrance_proxy,False,False,included_source_model_counts_zero_is_not_verified_absence,True,contains_assumed_connectors,7.45051948135187
3110018,중앙고등학교,골목상권,0.1667471197601167,183,True,,46.81933842239186,1.0,0.0,6.481947942905122,6.242578456318914,12.724526399224036,0.0,0.25,0.0,exploratory_S4_excluded_operation_not_reverified,4,0,0,3,1,zero_in_source_candidate_set_not_verified_no_facilities,False,validation_only_not_scored,facility_accessibility_v0_S4_excluded_OSM_entrance_proxy,False,False,included_source_model_counts_zero_is_not_verified_absence,True,contains_assumed_connectors,9.543394799418028
3110019,창덕궁,골목상권,0.0409680943626428,213,True,,65.45801526717557,0.0,7.487844408427876,6.481947942905122,8.727735368956742,22.69752772028974,0.25,0.25,0.0,exploratory_S4_excluded_operation_not_reverified,10,0,1,7,2,zero_in_source_candidate_set_not_verified_no_facilities,False,validation_only_not_scored,facility_accessibility_v0_S4_excluded_OSM_entrance_proxy,False,False,included_source_model_counts_zero_is_not_verified_absence,True,contains_assumed_connectors,17.023145790217306
3110020,서울국제고등학교,골목상권,0.1335911076583044,128,True,,34.096692111959285,1.0,32.82009724473257,21.09151973131822,4.546225614927905,58.4578425909787,1.0,1.0,0.0,exploratory_S4_excluded_operation_not_reverified,20,1,1,15,3,zero_in_source_candidate_set_not_verified_no_facilities,False,validation_only_not_scored,facility_accessibility_v0_S4_excluded_OSM_entrance_proxy,False,False,included_source_model_counts_zero_is_not_verified_absence,True,contains_assumed_connectors,43.84338194323402
3110021,성균관대학교,골목상권,0.0775971131907636,149,True,,53.88040712468194,0.0,56.0129659643436,18.572628043660792,7.184054283290925,81.76964829129531,3.75,0.75,0.25,exploratory_S4_excluded_operation_not_reverified,27,2,1,21,3,zero_in_source_candidate_set_not_verified_no_facilities,False,validation_only_not_scored,facility_accessibility_v0_S4_excluded_OSM_entrance_proxy,False,False,included_source_model_counts_zero_is_not_verified_absence,True,contains_assumed_connectors,61.327236218471484
3110022,경신고등학교,골목상권,0.0601364861364292,101,True,,47.58269720101781,1.0,32.82009724473257,15.34844668345928,6.344359626802374,54.512903554994224,1.0,0.5,0.0,exploratory_S4_excluded_operation_not_reverified,33,0,1,25,7,zero_in_source_candidate_set_not_verified_no_facilities,False,validation_only_not_scored,facility_accessibility_v0_S4_excluded_OSM_entrance_proxy,False,False,included_source_model_counts_zero_is_not_verified_absence,True,contains_assumed_connectors,40.884677666245665
3110023,서울대병원,골목상권,0.0159569111051518,34,True,,53.88040712468194,0.0,32.82009724473257,6.481947942905122,7.184054283290925,46.48609947092862,1.0,0.25,0.0,exploratory_S4_excluded_operation_not_reverified,26,0,1,18,7,zero_in_source_candidate_set_not_verified_no_facilities,False,validation_only_not_scored,facility_accessibility_v0_S4_excluded_OSM_entrance_proxy,False,False,included_source_model_counts_zero_is_not_verified_absence,True,contains_assumed_connectors,34.864574603196466
3110024,혜회동주민센터,골목상권,0.0528100522585577,92,True,,53.88040712468194,0.0,46.72609400324149,21.09151973131822,7.184054283290925,75.00166801785063,2.0,1.0,0.0,exploratory_S4_excluded_operation_not_reverified,33,2,1,27,3,zero_in_source_candidate_set_not_verified_no_facilities,False,validation_only_not_scored,facility_accessibility_v0_S4_excluded_OSM_entrance_proxy,False,False,included_source_model_counts_zero_is_not_verified_absence,True,contains_assumed_connectors,56.25125101338797
3110025,충신시장옆,골목상권,0.0391542408380709,70,True,,63.80407124681934,0.0,32.82009724473257,15.34844668345928,8.507209499575913,56.675753427767766,1.0,0.5,0.0,exploratory_S4_excluded_operation_not_reverified,9,1,0,4,4,zero_in_source_candidate_set_not_verified_no_facilities,False,validation_only_not_scored,facility_accessibility_v0_S4_excluded_OSM_entrance_proxy,False,False,included_source_model_counts_zero_is_not_verified_absence,True,contains_assumed_connectors,42.50681507082582
3110026,종로5가역 4번,골목상권,0.0164727950307938,31,True,,67.1119592875318,0.0,7.487844408427876,6.481947942905122,8.948261238337574,22.91805358967057,0.25,0.25,0.0,exploratory_S4_excluded_operation_not_reverified,7,0,0,4,3,zero_in_source_candidate_set_not_verified_no_facilities,False,validation_only_not_scored,facility_accessibility_v0_S4_excluded_OSM_entrance_proxy,False,False,included_source_model_counts_zero_is_not_verified_absence,True,contains_assumed_connectors,17.18854019225293
3110027,혜화역 1번,골목상권,0.1175846614271553,77,True,,53.88040712468194,2.0,51.58833063209076,6.481947942905122,7.184054283290925,65.2543328582868,2.75,0.25,0.0,exploratory_S4_excluded_operation_not_reverified,39,2,1,20,16,zero_in_source_candidate_set_not_verified_no_facilities,False,validation_only_not_scored,facility_accessibility_v0_S4_excluded_OSM_entrance_proxy,False,False,included_source_model_counts_zero_is_not_verified_absence,True,contains_assumed_connectors,48.9407496437151
3110028,이화달팽이길,골목상권,0.1590039666466332,171,True,,70.0381679389313,1.0,26.20745542949757,6.481947942905122,9.338422391857506,42.0278257642602,0.75,0.25,0.0,exploratory_S4_excluded_operation_not_reverified,19,0,0,12,7,zero_in_source_candidate_set_not_verified_no_facilities,False,validation_only_not_scored,facility_accessibility_v0_S4_excluded_OSM_entrance_proxy,False,False,included_source_model_counts_zero_is_not_verified_absence,True,contains_assumed_connectors,31.52086932319515
3110029,동대문역 1번,골목상권,0.1531144593227146,134,True,,79.26208651399492,0.0,0.0,6.481947942905122,10.568278201865988,17.05022614477111,0.0,0.25,0.0,exploratory_S4_excluded_operation_not_reverified,16,0,0,7,9,zero_in_source_candidate_set_not_verified_no_facilities,False,validation_only_not_scored,facility_accessibility_v0_S4_excluded_OSM_entrance_proxy,False,False,included_source_model_counts_zero_is_not_verified_absence,True,contains_assumed_connectors,12.787669608578332
3110030,동대문역 3번,골목상권,0.0091540688494183,39,True,,79.26208651399492,0.0,0.0,0.0,10.568278201865988,,0.0,0.0,0.0,insufficient_no_included_source_facility,5,0,0,1,4,zero_in_source_candidate_set_not_verified_no_facilities,False,validation_only_not_scored,facility_accessibility_v0_S4_excluded_OSM_entrance_proxy,False,False,included_source_model_counts_zero_is_not_verified_absence,False,contains_assumed_connectors,7.926208651399492
3110031,창신역 1번,골목상권,0.0328527179857973,46,True,,63.80407124681934,2.0,0.0,6.481947942905122,8.507209499575913,14.989157442481034,0.0,0.25,0.0,exploratory_S4_excluded_operation_not_reverified,6,0,0,2,4,zero_in_source_candidate_set_not_verified_no_facilities,False,validation_only_not_scored,facility_accessibility_v0_S4_excluded_OSM_entrance_proxy,False,False,included_source_model_counts_zero_is_not_verified_absence,True,contains_assumed_connectors,11.241868081860776
3110032,수족관거리,골목상권,0.0093157695304199,20,True,,79.26208651399492,0.0,0.0,6.481947942905122,10.568278201865988,17.05022614477111,0.0,0.25,0.0,exploratory_S4_excluded_operation_not_reverified,7,0,0,4,3,zero_in_source_candidate_set_not_verified_no_facilities,False,validation_only_not_scored,facility_accessibility_v0_S4_excluded_OSM_entrance_proxy,False,False,included_source_model_counts_zero_is_not_verified_absence,True,contains_assumed_connectors,12.787669608578332
3110033,창신역 4번,골목상권,0.0778103394612388,83,True,,79.26208651399492,1.0,0.0,23.879093198992443,10.568278201865988,34.44737140085843,0.0,1.25,0.0,exploratory_S4_excluded_operation_not_reverified,7,1,0,2,4,zero_in_source_candidate_set_not_verified_no_facilities,False,validation_only_not_scored,facility_accessibility_v0_S4_excluded_OSM_entrance_proxy,False,False,included_source_model_counts_zero_is_not_verified_absence,True,contains_assumed_connectors,25.835528550643822
3110034,창신1동주민센터,골목상권,0.0295812148359314,76,True,,79.26208651399492,0.0,0.0,6.481947942905122,10.568278201865988,17.05022614477111,0.0,0.25,0.0,exploratory_S4_excluded_operation_not_reverified,7,0,0,7,0,zero_in_source_candidate_set_not_verified_no_facilities,False,validation_only_not_scored,facility_accessibility_v0_S4_excluded_OSM_entrance_proxy,False,False,included_source_model_counts_zero_is_not_verified_absence,True,contains_assumed_connectors,12.787669608578332
3110035,동묘앞역 2번,골목상권,0.0957061763834788,118,True,,87.91348600508906,0.0,0.0,15.34844668345928,11.721798134011873,27.070244817471153,0.0,0.5,0.0,exploratory_S4_excluded_operation_not_reverified,6,0,0,5,1,zero_in_source_candidate_set_not_verified_no_facilities,False,validation_only_not_scored,facility_accessibility_v0_S4_excluded_OSM_entrance_proxy,False,False,included_source_model_counts_zero_is_not_verified_absence,True,contains_assumed_connectors,20.302683613103365
3110036,동묘앞역 3번,골목상권,0.0184168413733316,47,True,,87.91348600508906,0.0,0.0,6.481947942905122,11.721798134011873,18.203746076916996,0.0,0.25,0.0,exploratory_S4_excluded_operation_not_reverified,7,0,0,6,1,zero_in_source_candidate_set_not_verified_no_facilities,False,validation_only_not_scored,facility_accessibility_v0_S4_excluded_OSM_entrance_proxy,False,False,included_source_model_counts_zero_is_not_verified_absence,True,contains_assumed_connectors,13.652809557687746
3110037,신설동역 12번,골목상권,0.0551897450961715,98,True,,87.91348600508906,0.0,0.0,21.09151973131822,11.721798134011873,32.81331786533009,0.0,1.0,0.0,exploratory_S4_excluded_operation_not_reverified,6,1,0,3,2,zero_in_source_candidate_set_not_verified_no_facilities,False,validation_only_not_scored,facility_accessibility_v0_S4_excluded_OSM_entrance_proxy,False,False,included_source_model_counts_zero_is_not_verified_absence,True,contains_assumed_connectors,24.60998839899757
3110038,경향신문사,골목상권,0.0368657623837425,60,True,,42.43002544529262,0.0,19.108589951377635,0.0,5.657336726039016,24.76592667741665,0.5,0.0,0.0,exploratory_S4_excluded_operation_not_reverified,8,0,0,4,4,zero_in_source_candidate_set_not_verified_no_facilities,False,validation_only_not_scored,facility_accessibility_v0_S4_excluded_OSM_entrance_proxy,False,False,included_source_model_counts_zero_is_not_verified_absence,True,contains_assumed_connectors,18.57444500806249
3110039,회현역 1번,골목상권,0.0099203638991191,20,True,,47.90076335877863,0.0,0.0,6.481947942905122,6.386768447837151,12.868716390742273,0.0,0.25,0.0,exploratory_S4_excluded_operation_not_reverified,9,0,0,3,6,zero_in_source_candidate_set_not_verified_no_facilities,False,validation_only_not_scored,facility_accessibility_v0_S4_excluded_OSM_entrance_proxy,False,False,included_source_model_counts_zero_is_not_verified_absence,True,contains_assumed_connectors,9.651537293056705
3110040,중구회현체육센터(정화예술대남산캠퍼스),골목상권,0.0761845144048914,67,True,,47.90076335877863,0.0,0.0,6.481947942905122,6.386768447837151,12.868716390742273,0.0,0.25,0.0,exploratory_S4_excluded_operation_not_reverified,8,0,0,1,7,zero_in_source_candidate_set_not_verified_no_facilities,False,validation_only_not_scored,facility_accessibility_v0_S4_excluded_OSM_entrance_proxy,False,False,included_source_model_counts_zero_is_not_verified_absence,True,contains_assumed_connectors,9.651537293056705
3110041,남산케이블카,골목상권,0.1304626481130644,179,True,,51.39949109414759,0.0,0.0,0.0,6.8532654792196785,,0.0,0.0,0.0,insufficient_no_included_source_facility,9,0,0,3,6,zero_in_source_candidate_set_not_verified_no_facilities,False,validation_only_not_scored,facility_accessibility_v0_S4_excluded_OSM_entrance_proxy,False,False,included_source_model_counts_zero_is_not_verified_absence,False,contains_assumed_connectors,5.139949109414759
3110042,남산골공원옆,골목상권,0.0725524734106466,61,True,,55.08905852417303,1.0,38.703403565640194,6.481947942905122,7.345207803223071,52.530559311768386,1.25,0.25,0.0,exploratory_S4_excluded_operation_not_reverified,10,1,0,8,1,zero_in_source_candidate_set_not_verified_no_facilities,False,validation_only_not_scored,facility_accessibility_v0_S4_excluded_OSM_entrance_proxy,False,False,included_source_model_counts_zero_is_not_verified_absence,True,contains_assumed_connectors,39.397919483826286
3110043,충무초등학교,골목상권,0.1099750700946959,195,True,,64.18575063613231,0.0,19.108589951377635,25.256087321578505,8.558100084817642,52.92277735777378,0.5,1.5,0.0,exploratory_S4_excluded_operation_not_reverified,14,1,0,10,3,zero_in_source_candidate_set_not_verified_no_facilities,False,validation_only_not_scored,facility_accessibility_v0_S4_excluded_OSM_entrance_proxy,False,False,included_source_model_counts_zero_is_not_verified_absence,True,contains_assumed_connectors,39.69208301833034
3110044,관성묘,골목상권,0.0295525606367088,33,True,,72.01017811704835,0.0,0.0,15.34844668345928,9.601357082273115,24.949803765732394,0.0,0.5,0.0,exploratory_S4_excluded_operation_not_reverified,10,0,0,5,5,zero_in_source_candidate_set_not_verified_no_facilities,False,validation_only_not_scored,facility_accessibility_v0_S4_excluded_OSM_entrance_proxy,False,False,included_source_model_counts_zero_is_not_verified_absence,True,contains_assumed_connectors,18.712352824299295
3110045,동대문역사문화공원역 5번,골목상권,0.044786511600874,117,True,,73.15521628498728,0.0,0.0,6.481947942905122,9.754028837998304,16.235976780903425,0.0,0.25,0.0,exploratory_S4_excluded_operation_not_reverified,9,0,0,7,2,zero_in_source_candidate_set_not_verified_no_facilities,False,validation_only_not_scored,facility_accessibility_v0_S4_excluded_OSM_entrance_proxy,False,False,included_source_model_counts_zero_is_not_verified_absence,True,contains_assumed_connectors,12.176982585677568
3110046,버티고개,골목상권,0.0579696088157988,27,True,,67.8117048346056,0.0,0.0,6.481947942905122,9.04156064461408,15.523508587519203,0.0,0.25,0.0,exploratory_S4_excluded_operation_not_reverified,9,0,0,7,2,zero_in_source_candidate_set_not_verified_no_facilities,False,validation_only_not_scored,facility_accessibility_v0_S4_excluded_OSM_entrance_proxy,False,False,included_source_model_counts_zero_is_not_verified_absence,True,contains_assumed_connectors,11.642631440639402
3110047,다산성곽길,골목상권,0.0853217773594521,51,True,,67.8117048346056,0.0,32.82009724473257,15.34844668345928,9.04156064461408,57.21010457280593,1.0,0.5,0.0,exploratory_S4_excluded_operation_not_reverified,15,0,0,12,3,zero_in_source_candidate_set_not_verified_no_facilities,False,validation_only_not_scored,facility_accessibility_v0_S4_excluded_OSM_entrance_proxy,False,False,included_source_model_counts_zero_is_not_verified_absence,True,contains_assumed_connectors,42.90757842960445
3110048,장충동주민센터,골목상권,0.1355043246488274,123,True,,79.26208651399492,0.0,19.108589951377635,21.09151973131822,10.568278201865988,50.76838788456184,0.5,1.0,0.0,exploratory_S4_excluded_operation_not_reverified,19,1,0,16,2,zero_in_source_candidate_set_not_verified_no_facilities,False,validation_only_not_scored,facility_accessibility_v0_S4_excluded_OSM_entrance_proxy,False,False,included_source_model_counts_zero_is_not_verified_absence,True,contains_assumed_connectors,38.07629091342138
3110049,장충단 고개,골목상권,0.0706392592506431,152,True,,79.26208651399492,2.0,45.02431118314424,18.572628043660792,10.568278201865988,74.16521742867103,1.75,0.75,0.0,exploratory_S4_excluded_operation_not_reverified,14,1,0,12,1,zero_in_source_candidate_set_not_verified_no_facilities,False,validation_only_not_scored,facility_accessibility_v0_S4_excluded_OSM_entrance_proxy,False,False,included_source_model_counts_zero_is_not_verified_absence,True,contains_assumed_connectors,55.62391307150327
3110050,약수역 7번,골목상권,0.0345269828630637,44,True,,67.8117048346056,1.0,7.487844408427876,21.09151973131822,9.04156064461408,37.62092478436017,0.25,1.0,0.0,exploratory_S4_excluded_operation_not_reverified,14,1,0,10,3,zero_in_source_candidate_set_not_verified_no_facilities,False,validation_only_not_scored,facility_accessibility_v0_S4_excluded_OSM_entrance_proxy,False,False,included_source_model_counts_zero_is_not_verified_absence,True,contains_assumed_connectors,28.215693588270128
3110051,한양공고앞 교차로,골목상권,0.0448588178291834,70,True,,82.44274809160305,0.0,0.0,18.572628043660792,10.99236641221374,29.564994455874533,0.0,0.75,0.0,exploratory_S4_excluded_operation_not_reverified,17,0,0,14,3,zero_in_source_candidate_set_not_verified_no_facilities,False,validation_only_not_scored,facility_accessibility_v0_S4_excluded_OSM_entrance_proxy,False,False,included_source_model_counts_zero_is_not_verified_absence,True,contains_assumed_connectors,22.173745841905898
3110052,장충초등학교,골목상권,0.0688411659575551,165,True,,79.26208651399492,0.0,32.82009724473257,25.79345088161209,10.568278201865988,69.18182632821066,1.0,1.75,0.0,exploratory_S4_excluded_operation_not_reverified,19,1,0,14,4,zero_in_source_candidate_set_not_verified_no_facilities,False,validation_only_not_scored,facility_accessibility_v0_S4_excluded_OSM_entrance_proxy,False,False,included_source_model_counts_zero_is_not_verified_absence,True,contains_assumed_connectors,51.886369746157996
3110053,청구역 1번,골목상권,0.0854851663367102,170,True,,82.44274809160305,0.0,7.487844408427876,25.256087321578505,10.99236641221374,43.73629814222012,0.25,1.5,0.0,exploratory_S4_excluded_operation_not_reverified,21,1,0,16,4,zero_in_source_candidate_set_not_verified_no_facilities,False,validation_only_not_scored,facility_accessibility_v0_S4_excluded_OSM_entrance_proxy,False,False,included_source_model_counts_zero_is_not_verified_absence,True,contains_assumed_connectors,32.802223606665095
3110054,청구역 3번,골목상권,0.0691030147736126,209,True,,79.26208651399492,2.0,49.93517017828201,21.09151973131822,10.568278201865988,81.59496811146622,2.5,1.0,0.0,exploratory_S4_excluded_operation_not_reverified,22,2,0,13,7,zero_in_source_candidate_set_not_verified_no_facilities,False,validation_only_not_scored,facility_accessibility_v0_S4_excluded_OSM_entrance_proxy,False,False,included_source_model_counts_zero_is_not_verified_absence,True,contains_assumed_connectors,61.19622608359966
3110055,황학동벼룩시장,골목상권,0.0275546367472384,93,True,,90.0763358778626,0.0,0.0,15.34844668345928,12.010178117048348,27.358624800507627,0.0,0.5,0.0,exploratory_S4_excluded_operation_not_reverified,9,0,0,9,0,zero_in_source_candidate_set_not_verified_no_facilities,False,validation_only_not_scored,facility_accessibility_v0_S4_excluded_OSM_entrance_proxy,False,False,included_source_model_counts_zero_is_not_verified_absence,True,contains_assumed_connectors,20.51896860038072
3110056,신당역 3번,골목상권,0.1295093803868188,268,True,,82.44274809160305,0.0,32.82009724473257,26.633081444164564,10.99236641221374,70.44554510111088,1.0,3.25,0.0,exploratory_S4_excluded_operation_not_reverified,22,3,0,16,3,zero_in_source_candidate_set_not_verified_no_facilities,False,validation_only_not_scored,facility_accessibility_v0_S4_excluded_OSM_entrance_proxy,False,False,included_source_model_counts_zero_is_not_verified_absence,True,contains_assumed_connectors,52.83415882583316
3110057,황학코아루아파트,골목상권,0.0302074367686059,101,True,,76.78117048346056,0.0,42.49594813614263,18.572628043660792,10.237489397794741,71.30606557759816,1.5,0.75,0.0,exploratory_S4_excluded_operation_not_reverified,13,1,0,11,1,zero_in_source_candidate_set_not_verified_no_facilities,False,validation_only_not_scored,facility_accessibility_v0_S4_excluded_OSM_entrance_proxy,False,False,included_source_model_counts_zero_is_not_verified_absence,True,contains_assumed_connectors,53.47954918319862
3110058,성심여자고등학교,골목상권,0.1355194930696753,247,True,,5.343511450381679,2.0,7.487844408427876,23.879093198992443,0.7124681933842238,32.079405800804544,0.25,1.25,0.0,exploratory_S4_excluded_operation_not_reverified,6,1,0,3,2,zero_in_source_candidate_set_not_verified_no_facilities,False,validation_only_not_scored,facility_accessibility_v0_S4_excluded_OSM_entrance_proxy,False,False,included_source_model_counts_zero_is_not_verified_absence,True,contains_assumed_connectors,24.059554350603406
3110060,효창공원앞역 6번,골목상권,0.0946484901613076,163,True,,19.083969465648856,1.0,19.108589951377635,21.09151973131822,2.544529262086514,42.744638944782366,0.5,1.0,0.0,exploratory_S4_excluded_operation_not_reverified,13,1,0,8,4,zero_in_source_candidate_set_not_verified_no_facilities,False,validation_only_not_scored,facility_accessibility_v0_S4_excluded_OSM_entrance_proxy,False,False,included_source_model_counts_zero_is_not_verified_absence,True,contains_assumed_connectors,32.058479208586775
3110061,효창동주민센터,골목상권,0.1001741771520505,111,True,,19.083969465648856,1.0,7.487844408427876,15.34844668345928,2.544529262086514,25.380820353973668,0.25,0.5,0.0,exploratory_S4_excluded_operation_not_reverified,17,0,0,10,7,zero_in_source_candidate_set_not_verified_no_facilities,False,validation_only_not_scored,facility_accessibility_v0_S4_excluded_OSM_entrance_proxy,False,False,included_source_model_counts_zero_is_not_verified_absence,True,contains_assumed_connectors,19.035615265480253
3110062,한강로동땡땡거리(은행나무길),골목상권,0.1325853606103121,333,True,,18.63867684478372,2.0,0.0,0.0,2.4851569126378292,,0.0,0.0,0.0,insufficient_no_included_source_facility,13,0,0,8,5,zero_in_source_candidate_set_not_verified_no_facilities,False,validation_only_not_scored,facility_accessibility_v0_S4_excluded_OSM_entrance_proxy,False,False,included_source_model_counts_zero_is_not_verified_absence,False,contains_assumed_connectors,1.863867684478372
3110063,효창공원앞역 5번,골목상권,0.1102469535873046,235,True,,20.165394402035624,0.0,26.20745542949757,18.572628043660792,2.68871925360475,47.468802726763116,0.75,0.75,0.0,exploratory_S4_excluded_operation_not_reverified,7,0,0,7,0,zero_in_source_candidate_set_not_verified_no_facilities,False,validation_only_not_scored,facility_accessibility_v0_S4_excluded_OSM_entrance_proxy,False,False,included_source_model_counts_zero_is_not_verified_absence,True,contains_assumed_connectors,35.60160204507234
3110064,효창공원앞역 2번,골목상권,0.1314517379660423,168,True,,23.85496183206107,1.0,53.14424635332253,18.572628043660792,3.1806615776081424,74.89753597459146,3.0,0.75,0.0,exploratory_S4_excluded_operation_not_reverified,17,1,0,15,1,zero_in_source_candidate_set_not_verified_no_facilities,False,validation_only_not_scored,facility_accessibility_v0_S4_excluded_OSM_entrance_proxy,False,False,included_source_model_counts_zero_is_not_verified_absence,True,contains_assumed_connectors,56.1731519809436
3110065,남정초등학교,골목상권,0.0180516132820201,70,True,,19.083969465648856,0.0,7.487844408427876,0.0,2.544529262086514,10.03237367051439,0.25,0.0,0.0,exploratory_S4_excluded_operation_not_reverified,6,0,0,6,0,zero_in_source_candidate_set_not_verified_no_facilities,False,validation_only_not_scored,facility_accessibility_v0_S4_excluded_OSM_entrance_proxy,False,False,included_source_model_counts_zero_is_not_verified_absence,True,contains_assumed_connectors,7.524280252885793
3110066,서울역 15번,골목상권,0.1336377162063377,219,True,,45.16539440203562,1.0,19.108589951377635,21.09151973131822,6.022052586938083,46.222162269633934,0.5,1.0,0.0,exploratory_S4_excluded_operation_not_reverified,10,2,0,4,4,zero_in_source_candidate_set_not_verified_no_facilities,False,validation_only_not_scored,facility_accessibility_v0_S4_excluded_OSM_entrance_proxy,False,False,included_source_model_counts_zero_is_not_verified_absence,True,contains_assumed_connectors,34.66662170222545
3110067,배문고등학교,골목상권,0.2047835179977709,180,True,,40.521628498727736,1.0,48.379254457050244,6.481947942905122,5.402883799830365,60.26408619978573,2.25,0.25,0.0,exploratory_S4_excluded_operation_not_reverified,18,0,0,15,3,zero_in_source_candidate_set_not_verified_no_facilities,False,validation_only_not_scored,facility_accessibility_v0_S4_excluded_OSM_entrance_proxy,False,False,included_source_model_counts_zero_is_not_verified_absence,True,contains_assumed_connectors,45.198064649839296
3110068,남영역 1번,골목상권,0.1452040835662006,256,True,,37.21374045801527,1.0,54.06807131280389,21.09151973131822,4.961832061068703,80.12142310519081,3.25,1.0,0.0,exploratory_S4_excluded_operation_not_reverified,16,2,0,14,0,zero_in_source_candidate_set_not_verified_no_facilities,False,validation_only_not_scored,facility_accessibility_v0_S4_excluded_OSM_entrance_proxy,False,False,included_source_model_counts_zero_is_not_verified_absence,True,contains_assumed_connectors,60.09106732889311
3110069,숙대입구,골목상권,0.1734127662783234,439,True,,36.704834605597966,4.0,59.416531604538086,23.879093198992443,4.893977947413062,88.18960275094359,8.0,1.25,0.0,exploratory_S4_excluded_operation_not_reverified,19,9,0,8,2,zero_in_source_candidate_set_not_verified_no_facilities,False,validation_only_not_scored,facility_accessibility_v0_S4_excluded_OSM_entrance_proxy,False,False,included_source_model_counts_zero_is_not_verified_absence,True,contains_assumed_connectors,66.14220206320769
3110071,한강미주맨션아파트,골목상권,0.0277624447436743,61,True,,3.11704834605598,0.0,7.487844408427876,6.481947942905122,0.41560644614079734,14.385398797473796,0.25,0.25,0.0,exploratory_S4_excluded_operation_not_reverified,5,0,0,3,2,zero_in_source_candidate_set_not_verified_no_facilities,False,validation_only_not_scored,facility_accessibility_v0_S4_excluded_OSM_entrance_proxy,False,False,included_source_model_counts_zero_is_not_verified_absence,True,contains_assumed_connectors,10.789049098105346
3110072,열정도,골목상권,0.0180768909789205,66,True,,31.48854961832061,0.0,19.108589951377635,6.481947942905122,4.198473282442748,29.789011176725506,0.5,0.25,0.0,exploratory_S4_excluded_operation_not_reverified,10,0,0,7,3,zero_in_source_candidate_set_not_verified_no_facilities,False,validation_only_not_scored,facility_accessibility_v0_S4_excluded_OSM_entrance_proxy,False,False,included_source_model_counts_zero_is_not_verified_absence,True,contains_assumed_connectors,22.34175838254413
3110073,삼각지역 3번,골목상권,0.0413904828657152,113,True,,29.32569974554708,1.0,7.487844408427876,6.481947942905122,3.9100932994062774,17.879885650739276,0.25,0.25,0.0,exploratory_S4_excluded_operation_not_reverified,8,0,0,4,4,zero_in_source_candidate_set_not_verified_no_facilities,False,validation_only_not_scored,facility_accessibility_v0_S4_excluded_OSM_entrance_proxy,False,False,included_source_model_counts_zero_is_not_verified_absence,True,contains_assumed_connectors,13.409914238054457
3110074,서울역 12번,골목상권,0.1058430359479592,265,True,,45.16539440203562,1.0,7.487844408427876,6.481947942905122,6.022052586938083,19.991844938271083,0.25,0.25,0.0,exploratory_S4_excluded_operation_not_reverified,16,0,0,9,7,zero_in_source_candidate_set_not_verified_no_facilities,False,validation_only_not_scored,facility_accessibility_v0_S4_excluded_OSM_entrance_proxy,False,False,included_source_model_counts_zero_is_not_verified_absence,True,contains_assumed_connectors,14.993883703703311
3110075,숙대입구역 1번,골목상권,0.1288085942556467,154,True,,40.521628498727736,0.0,38.703403565640194,15.34844668345928,5.402883799830365,59.454734048929836,1.25,0.5,0.0,exploratory_S4_excluded_operation_not_reverified,15,0,0,15,0,zero_in_source_candidate_set_not_verified_no_facilities,False,validation_only_not_scored,facility_accessibility_v0_S4_excluded_OSM_entrance_proxy,False,False,included_source_model_counts_zero_is_not_verified_absence,True,contains_assumed_connectors,44.59105053669738
3110076,삼각지역 14번,골목상권,0.008982122958183,27,True,,29.32569974554708,0.0,0.0,0.0,3.9100932994062774,,0.0,0.0,0.0,insufficient_no_included_source_facility,1,0,0,0,1,zero_in_source_candidate_set_not_verified_no_facilities,False,validation_only_not_scored,facility_accessibility_v0_S4_excluded_OSM_entrance_proxy,False,False,included_source_model_counts_zero_is_not_verified_absence,False,contains_unresolved_connections,2.932569974554708
3110077,삼광초등학교,골목상권,0.0457625762122178,75,True,,18.06615776081425,2.0,19.108589951377635,6.481947942905122,2.408821034775233,27.99935892905799,0.5,0.25,0.0,exploratory_S4_excluded_operation_not_reverified,9,0,0,7,2,zero_in_source_candidate_set_not_verified_no_facilities,False,validation_only_not_scored,facility_accessibility_v0_S4_excluded_OSM_entrance_proxy,False,False,included_source_model_counts_zero_is_not_verified_absence,True,contains_assumed_connectors,20.999519196793493
3110079,후암동주민센터,골목상권,0.2928218394247191,415,True,,47.90076335877863,2.0,7.487844408427876,21.09151973131822,6.386768447837151,34.966132587583246,0.25,1.0,0.0,exploratory_S4_excluded_operation_not_reverified,9,1,0,8,0,zero_in_source_candidate_set_not_verified_no_facilities,False,validation_only_not_scored,facility_accessibility_v0_S4_excluded_OSM_entrance_proxy,False,False,included_source_model_counts_zero_is_not_verified_absence,True,contains_assumed_connectors,26.224599440687435
3110081,해방촌 남동측,골목상권,0.1049317763014622,263,True,,13.740458015267176,1.0,0.0,21.09151973131822,1.8320610687022902,22.92358080002051,0.0,1.0,0.0,exploratory_S4_excluded_operation_not_reverified,6,1,0,3,2,zero_in_source_candidate_set_not_verified_no_facilities,False,validation_only_not_scored,facility_accessibility_v0_S4_excluded_OSM_entrance_proxy,False,False,included_source_model_counts_zero_is_not_verified_absence,True,contains_assumed_connectors,17.19268560001538
3110082,용산구청,골목상권,0.071086160561412,178,True,,51.39949109414759,0.0,7.487844408427876,0.0,6.8532654792196785,14.341109887647555,0.25,0.0,0.0,exploratory_S4_excluded_operation_not_reverified,5,0,0,4,1,zero_in_source_candidate_set_not_verified_no_facilities,False,validation_only_not_scored,facility_accessibility_v0_S4_excluded_OSM_entrance_proxy,False,False,included_source_model_counts_zero_is_not_verified_absence,True,contains_assumed_connectors,10.755832415735666
3110084,경리단길북측,골목상권,0.2255559565911681,384,True,,38.23155216284987,3.0,32.82009724473257,23.879093198992443,5.097540288379983,61.796730732105,1.0,1.25,0.0,exploratory_S4_excluded_operation_not_reverified,5,3,0,1,1,zero_in_source_candidate_set_not_verified_no_facilities,False,validation_only_not_scored,facility_accessibility_v0_S4_excluded_OSM_entrance_proxy,False,False,included_source_model_counts_zero_is_not_verified_absence,True,contains_assumed_connectors,46.347548049078746
3110085,경리단길남측,골목상권,0.1816939097520648,348,True,,55.78880407124682,2.0,7.487844408427876,6.481947942905122,7.438507209499576,21.408299560832575,0.25,0.25,0.0,exploratory_S4_excluded_operation_not_reverified,7,0,0,6,1,zero_in_source_candidate_set_not_verified_no_facilities,False,validation_only_not_scored,facility_accessibility_v0_S4_excluded_OSM_entrance_proxy,False,False,included_source_model_counts_zero_is_not_verified_absence,True,contains_assumed_connectors,16.05622467062443
3110086,이태원역 북측,골목상권,0.1336569525568923,42,True,,51.39949109414759,1.0,7.487844408427876,0.0,6.8532654792196785,14.341109887647555,0.25,0.0,0.0,exploratory_S4_excluded_operation_not_reverified,7,0,0,6,1,zero_in_source_candidate_set_not_verified_no_facilities,False,validation_only_not_scored,facility_accessibility_v0_S4_excluded_OSM_entrance_proxy,False,False,included_source_model_counts_zero_is_not_verified_absence,True,contains_assumed_connectors,10.755832415735666
3110087,이태원엔틱가구거리,골목상권,0.0525027079197418,121,True,,51.39949109414759,0.0,7.487844408427876,0.0,6.8532654792196785,14.341109887647555,0.25,0.0,0.0,exploratory_S4_excluded_operation_not_reverified,6,0,0,5,1,zero_in_source_candidate_set_not_verified_no_facilities,False,validation_only_not_scored,facility_accessibility_v0_S4_excluded_OSM_entrance_proxy,False,False,included_source_model_counts_zero_is_not_verified_absence,True,contains_assumed_connectors,10.755832415735666
3110088,오산고등학교,골목상권,0.096487905700601,105,True,,15.267175572519085,0.0,7.487844408427876,15.34844668345928,2.035623409669211,24.871914501556365,0.25,0.5,0.0,exploratory_S4_excluded_operation_not_reverified,4,0,0,4,0,zero_in_source_candidate_set_not_verified_no_facilities,False,validation_only_not_scored,facility_accessibility_v0_S4_excluded_OSM_entrance_proxy,False,False,included_source_model_counts_zero_is_not_verified_absence,True,contains_assumed_connectors,18.653935876167274
3110090,한국폴리텍대학서울정수캠퍼스,골목상권,0.0969865483885944,99,True,,15.267175572519085,0.0,7.487844408427876,6.481947942905122,2.035623409669211,16.005415761002208,0.25,0.25,0.0,exploratory_S4_excluded_operation_not_reverified,5,0,0,5,0,zero_in_source_candidate_set_not_verified_no_facilities,False,validation_only_not_scored,facility_accessibility_v0_S4_excluded_OSM_entrance_proxy,False,False,included_source_model_counts_zero_is_not_verified_absence,True,contains_assumed_connectors,12.004061820751655
3110091,리움미술관,골목상권,0.0550999931323678,94,True,,55.78880407124682,0.0,7.487844408427876,0.0,7.438507209499576,14.926351617927452,0.25,0.0,0.0,exploratory_S4_excluded_operation_not_reverified,3,0,0,3,0,zero_in_source_candidate_set_not_verified_no_facilities,False,validation_only_not_scored,facility_accessibility_v0_S4_excluded_OSM_entrance_proxy,False,False,included_source_model_counts_zero_is_not_verified_absence,True,contains_assumed_connectors,11.194763713445589
3110092,NH농협은행 보광동지점,골목상권,0.1050736326129043,89,True,,40.521628498727736,1.0,7.487844408427876,6.481947942905122,5.402883799830365,19.37267615116336,0.25,0.25,0.0,exploratory_S4_excluded_operation_not_reverified,11,0,0,5,6,zero_in_source_candidate_set_not_verified_no_facilities,False,validation_only_not_scored,facility_accessibility_v0_S4_excluded_OSM_entrance_proxy,False,False,included_source_model_counts_zero_is_not_verified_absence,True,contains_assumed_connectors,14.52950711337252
3110093,우사단길,골목상권,0.2345916093765286,308,True,,51.39949109414759,1.0,32.82009724473257,6.481947942905122,6.8532654792196785,46.155310666857375,1.0,0.25,0.0,exploratory_S4_excluded_operation_not_reverified,13,0,0,12,1,zero_in_source_candidate_set_not_verified_no_facilities,False,validation_only_not_scored,facility_accessibility_v0_S4_excluded_OSM_entrance_proxy,False,False,included_source_model_counts_zero_is_not_verified_absence,True,contains_assumed_connectors,34.616483000143035
3110095,한강진역 3번,골목상권,0.1490798112423067,279,True,,55.78880407124682,0.0,26.20745542949757,0.0,7.438507209499576,33.64596263899715,0.75,0.0,0.0,exploratory_S4_excluded_operation_not_reverified,8,0,0,8,0,zero_in_source_candidate_set_not_verified_no_facilities,False,validation_only_not_scored,facility_accessibility_v0_S4_excluded_OSM_entrance_proxy,False,False,included_source_model_counts_zero_is_not_verified_absence,True,contains_assumed_connectors,25.23447197924786
3110096,한남힐사이드아파트,골목상권,0.0500307248361786,90,True,,56.80661577608143,0.0,0.0,0.0,7.574215436810857,,0.0,0.0,0.0,insufficient_no_included_source_facility,2,0,0,0,2,zero_in_source_candidate_set_not_verified_no_facilities,False,validation_only_not_scored,facility_accessibility_v0_S4_excluded_OSM_entrance_proxy,False,False,included_source_model_counts_zero_is_not_verified_absence,False,contains_unresolved_connections,5.680661577608143
3110097,한남초등학교,골목상권,0.0078085639358808,11,True,,55.78880407124682,0.0,0.0,0.0,7.438507209499576,,0.0,0.0,0.0,insufficient_no_included_source_facility,6,0,0,0,6,zero_in_source_candidate_set_not_verified_no_facilities,False,validation_only_not_scored,facility_accessibility_v0_S4_excluded_OSM_entrance_proxy,False,False,included_source_model_counts_zero_is_not_verified_absence,False,contains_unresolved_connections,5.578880407124682
3110098,서울독일학교,골목상권,0.0413831828399607,83,True,,15.712468193384224,0.0,0.0,0.0,2.0949957591178965,,0.0,0.0,0.0,insufficient_no_included_source_facility,10,0,0,7,3,zero_in_source_candidate_set_not_verified_no_facilities,False,validation_only_not_scored,facility_accessibility_v0_S4_excluded_OSM_entrance_proxy,False,False,included_source_model_counts_zero_is_not_verified_absence,False,contains_assumed_connectors,1.5712468193384224
3110099,유엔빌리지길,골목상권,0.2629885257731711,137,True,,47.20101781170484,0.0,0.0,0.0,6.293469041560645,,0.0,0.0,0.0,insufficient_no_included_source_facility,11,2,0,6,3,zero_in_source_candidate_set_not_verified_no_facilities,False,validation_only_not_scored,facility_accessibility_v0_S4_excluded_OSM_entrance_proxy,False,False,included_source_model_counts_zero_is_not_verified_absence,False,contains_assumed_connectors,4.7201017811704835
3110100,옥수동우편취급국,골목상권,0.026040162923484,34,True,,24.42748091603053,0.0,7.487844408427876,0.0,3.2569974554707373,10.744841863898614,0.25,0.0,0.0,exploratory_S4_excluded_operation_not_reverified,9,0,0,5,4,zero_in_source_candidate_set_not_verified_no_facilities,False,validation_only_not_scored,facility_accessibility_v0_S4_excluded_OSM_entrance_proxy,False,False,included_source_model_counts_zero_is_not_verified_absence,True,contains_assumed_connectors,8.05863139792396
3110101,옥정중학교,골목상권,0.0238002575800851,59,True,,47.20101781170484,0.0,19.108589951377635,0.0,6.293469041560645,25.40205899293828,0.5,0.0,0.0,exploratory_S4_excluded_operation_not_reverified,7,0,0,7,0,zero_in_source_candidate_set_not_verified_no_facilities,False,validation_only_not_scored,facility_accessibility_v0_S4_excluded_OSM_entrance_proxy,False,False,included_source_model_counts_zero_is_not_verified_absence,True,contains_assumed_connectors,19.05154424470371
3110102,옥수역 6번,골목상권,0.034656027872479,147,True,,51.39949109414759,0.0,42.49594813614263,0.0,6.8532654792196785,49.34921361536231,1.5,0.0,0.0,exploratory_S4_excluded_operation_not_reverified,9,1,0,7,1,zero_in_source_candidate_set_not_verified_no_facilities,False,validation_only_not_scored,facility_accessibility_v0_S4_excluded_OSM_entrance_proxy,False,False,included_source_model_counts_zero_is_not_verified_absence,True,contains_assumed_connectors,37.01191021152173
3110103,옥수터널,골목상권,0.0190425348133075,37,True,,52.67175572519084,0.0,32.82009724473257,0.0,7.022900763358779,39.84299800809135,1.0,0.0,0.0,exploratory_S4_excluded_operation_not_reverified,9,0,0,9,0,zero_in_source_candidate_set_not_verified_no_facilities,False,validation_only_not_scored,facility_accessibility_v0_S4_excluded_OSM_entrance_proxy,False,False,included_source_model_counts_zero_is_not_verified_absence,True,contains_assumed_connectors,29.882248506068514
3110104,신금호역 4번,골목상권,0.0667876536686037,86,True,,79.26208651399492,0.0,26.20745542949757,15.34844668345928,10.568278201865988,52.12418031482284,0.75,0.5,0.0,exploratory_S4_excluded_operation_not_reverified,14,0,0,13,1,zero_in_source_candidate_set_not_verified_no_facilities,False,validation_only_not_scored,facility_accessibility_v0_S4_excluded_OSM_entrance_proxy,False,False,included_source_model_counts_zero_is_not_verified_absence,True,contains_assumed_connectors,39.09313523611713
3110105,금동어린이공원,골목상권,0.0689572793789091,113,True,,69.59287531806616,0.0,19.108589951377635,15.34844668345928,9.279050042408821,43.73608667724573,0.5,0.5,0.0,exploratory_S4_excluded_operation_not_reverified,12,0,0,12,0,zero_in_source_candidate_set_not_verified_no_facilities,False,validation_only_not_scored,facility_accessibility_v0_S4_excluded_OSM_entrance_proxy,False,False,included_source_model_counts_zero_is_not_verified_absence,True,contains_assumed_connectors,32.802065007934296
3110106,금북초등학교,골목상권,0.0213500891145584,34,True,,85.36895674300254,0.0,7.487844408427876,15.34844668345928,11.382527565733673,34.21881865762083,0.25,0.5,0.0,exploratory_S4_excluded_operation_not_reverified,9,0,0,8,1,zero_in_source_candidate_set_not_verified_no_facilities,False,validation_only_not_scored,facility_accessibility_v0_S4_excluded_OSM_entrance_proxy,False,False,included_source_model_counts_zero_is_not_verified_absence,True,contains_assumed_connectors,25.664113993215622
3110107,금호사거리,골목상권,0.0221737996311966,51,True,,41.921119592875314,0.0,0.0,15.34844668345928,5.589482612383375,20.937929295842654,0.0,0.5,0.0,exploratory_S4_excluded_operation_not_reverified,5,0,0,5,0,zero_in_source_candidate_set_not_verified_no_facilities,False,validation_only_not_scored,facility_accessibility_v0_S4_excluded_OSM_entrance_proxy,False,False,included_source_model_counts_zero_is_not_verified_absence,True,contains_assumed_connectors,15.703446971881991
3110108,성동구립금호도서관,골목상권,0.0117689041751077,24,True,,85.36895674300254,0.0,19.108589951377635,23.879093198992443,11.382527565733673,54.37021071610375,0.5,1.25,0.0,exploratory_S4_excluded_operation_not_reverified,9,1,0,7,1,zero_in_source_candidate_set_not_verified_no_facilities,False,validation_only_not_scored,facility_accessibility_v0_S4_excluded_OSM_entrance_proxy,False,False,included_source_model_counts_zero_is_not_verified_absence,True,contains_assumed_connectors,40.77765803707781
3110109,금호삼성래미안아파트,골목상권,0.0297659252116047,169,True,,64.75826972010178,0.0,32.82009724473257,18.572628043660792,8.634435962680238,60.0271612510736,1.0,0.75,0.0,exploratory_S4_excluded_operation_not_reverified,10,1,0,8,1,zero_in_source_candidate_set_not_verified_no_facilities,False,validation_only_not_scored,facility_accessibility_v0_S4_excluded_OSM_entrance_proxy,False,False,included_source_model_counts_zero_is_not_verified_absence,True,contains_assumed_connectors,45.0203709383052
3110110,상왕십리역 6번,골목상권,0.0519023206987068,112,True,,75.12722646310432,0.0,32.82009724473257,6.481947942905122,10.016963528413909,49.319008716051606,1.0,0.25,0.0,exploratory_S4_excluded_operation_not_reverified,17,0,0,13,4,zero_in_source_candidate_set_not_verified_no_facilities,False,validation_only_not_scored,facility_accessibility_v0_S4_excluded_OSM_entrance_proxy,False,False,included_source_model_counts_zero_is_not_verified_absence,True,contains_assumed_connectors,36.989256537038706
3110111,대현산장미원,골목상권,0.0194703855450163,14,True,,72.01017811704835,0.0,7.487844408427876,0.0,9.601357082273115,17.08920149070099,0.25,0.0,0.0,exploratory_S4_excluded_operation_not_reverified,4,0,0,2,2,zero_in_source_candidate_set_not_verified_no_facilities,False,validation_only_not_scored,facility_accessibility_v0_S4_excluded_OSM_entrance_proxy,False,False,included_source_model_counts_zero_is_not_verified_absence,True,contains_assumed_connectors,12.816901118025744
3110112,행당역 2번,골목상권,0.0685392407341243,111,True,,82.44274809160305,2.0,42.49594813614263,6.481947942905122,10.99236641221374,59.970262491261494,1.5,0.25,0.0,exploratory_S4_excluded_operation_not_reverified,13,1,0,6,6,zero_in_source_candidate_set_not_verified_no_facilities,False,validation_only_not_scored,facility_accessibility_v0_S4_excluded_OSM_entrance_proxy,False,False,included_source_model_counts_zero_is_not_verified_absence,True,contains_assumed_connectors,44.97769686844612
3110113,응봉산,골목상권,0.0890471285413787,61,True,,30.53435114503817,0.0,7.487844408427876,0.0,4.071246819338422,11.559091227766299,0.25,0.0,0.0,exploratory_S4_excluded_operation_not_reverified,2,0,0,2,0,zero_in_source_candidate_set_not_verified_no_facilities,False,validation_only_not_scored,facility_accessibility_v0_S4_excluded_OSM_entrance_proxy,False,False,included_source_model_counts_zero_is_not_verified_absence,True,contains_assumed_connectors,8.669318420824723
3110114,왕십리파출소,골목상권,0.027037049861497,50,True,,82.44274809160305,1.0,45.02431118314424,0.0,10.99236641221374,56.01667759535798,1.75,0.0,0.0,exploratory_S4_excluded_operation_not_reverified,10,1,0,7,2,zero_in_source_candidate_set_not_verified_no_facilities,False,validation_only_not_scored,facility_accessibility_v0_S4_excluded_OSM_entrance_proxy,False,False,included_source_model_counts_zero_is_not_verified_absence,True,contains_assumed_connectors,42.01250819651849
3110115,상왕십리역 3번,골목상권,0.0808166434626446,179,True,,76.78117048346056,2.0,49.93517017828201,0.0,10.237489397794741,60.17265957607675,2.5,0.0,0.0,exploratory_S4_excluded_operation_not_reverified,16,2,0,10,4,zero_in_source_candidate_set_not_verified_no_facilities,False,validation_only_not_scored,facility_accessibility_v0_S4_excluded_OSM_entrance_proxy,False,False,included_source_model_counts_zero_is_not_verified_absence,True,contains_assumed_connectors,45.12949468205756
3110116,청계천박물관,골목상권,0.0980083077263874,224,True,,85.36895674300254,0.0,19.108589951377635,0.0,11.382527565733673,30.491117517111306,0.5,0.0,0.0,exploratory_S4_excluded_operation_not_reverified,5,0,0,5,0,zero_in_source_candidate_set_not_verified_no_facilities,False,validation_only_not_scored,facility_accessibility_v0_S4_excluded_OSM_entrance_proxy,False,False,included_source_model_counts_zero_is_not_verified_absence,True,contains_assumed_connectors,22.86833813783348
3110117,성동구보건소,골목상권,0.0496976196374309,88,True,,85.36895674300254,0.0,32.82009724473257,6.481947942905122,11.382527565733673,50.68457275337137,1.0,0.25,0.0,exploratory_S4_excluded_operation_not_reverified,9,0,0,9,0,zero_in_source_candidate_set_not_verified_no_facilities,False,validation_only_not_scored,facility_accessibility_v0_S4_excluded_OSM_entrance_proxy,False,False,included_source_model_counts_zero_is_not_verified_absence,True,contains_assumed_connectors,38.01342956502853
3110118,왕십리역 9번,골목상권,0.0635269927882922,158,True,,70.86513994910942,1.0,32.82009724473257,6.481947942905122,9.448685326547922,48.75073051418562,1.0,0.25,0.0,exploratory_S4_excluded_operation_not_reverified,18,0,0,18,0,zero_in_source_candidate_set_not_verified_no_facilities,False,validation_only_not_scored,facility_accessibility_v0_S4_excluded_OSM_entrance_proxy,False,False,included_source_model_counts_zero_is_not_verified_absence,True,contains_assumed_connectors,36.563047885639214
3110119,마장지하차도,골목상권,0.0225066080388566,81,True,,95.61068702290076,0.0,7.487844408427876,6.481947942905122,12.748091603053435,26.717883954386433,0.25,0.25,0.0,exploratory_S4_excluded_operation_not_reverified,12,0,0,12,0,zero_in_source_candidate_set_not_verified_no_facilities,False,validation_only_not_scored,facility_accessibility_v0_S4_excluded_OSM_entrance_proxy,False,False,included_source_model_counts_zero_is_not_verified_absence,True,contains_assumed_connectors,20.038412965789824
3110120,서울숲카페거리,골목상권,0.0348254902205212,178,True,,65.45801526717557,0.0,0.0,6.481947942905122,8.727735368956742,15.209683311861863,0.0,0.25,0.0,exploratory_S4_excluded_operation_not_reverified,11,0,0,5,6,zero_in_source_candidate_set_not_verified_no_facilities,False,validation_only_not_scored,facility_accessibility_v0_S4_excluded_OSM_entrance_proxy,False,False,included_source_model_counts_zero_is_not_verified_absence,True,contains_assumed_connectors,11.407262483896396
3110121,한양대역 4번,골목상권,0.0292445831859834,51,True,,66.34860050890585,2.0,51.58833063209076,0.0,8.846480067854113,60.434810699944876,2.75,0.0,0.0,exploratory_S4_excluded_operation_not_reverified,15,3,0,11,1,zero_in_source_candidate_set_not_verified_no_facilities,False,validation_only_not_scored,facility_accessibility_v0_S4_excluded_OSM_entrance_proxy,False,False,included_source_model_counts_zero_is_not_verified_absence,True,contains_assumed_connectors,45.32610802495866
3110122,마장역 2번,골목상권,0.0802735686412854,196,True,,95.61068702290076,0.0,0.0,6.481947942905122,12.748091603053435,19.230039545958558,0.0,0.25,0.0,exploratory_S4_excluded_operation_not_reverified,14,0,0,9,5,zero_in_source_candidate_set_not_verified_no_facilities,False,validation_only_not_scored,facility_accessibility_v0_S4_excluded_OSM_entrance_proxy,False,False,included_source_model_counts_zero_is_not_verified_absence,True,contains_assumed_connectors,14.422529659468918
3110123,마장역 3번,골목상권,0.1694240348071145,142,True,,95.61068702290076,1.0,26.20745542949757,23.879093198992443,12.748091603053435,62.834640231543446,0.75,1.25,0.0,exploratory_S4_excluded_operation_not_reverified,15,1,0,11,3,zero_in_source_candidate_set_not_verified_no_facilities,False,validation_only_not_scored,facility_accessibility_v0_S4_excluded_OSM_entrance_proxy,False,False,included_source_model_counts_zero_is_not_verified_absence,True,contains_assumed_connectors,47.12598017365758
3110124,뚝섬역교차로,골목상권,0.0795354395863287,203,True,,70.0381679389313,0.0,32.82009724473257,23.879093198992443,9.338422391857506,66.03761283558252,1.0,1.25,1.0,exploratory_S4_excluded_operation_not_reverified,11,1,0,9,1,zero_in_source_candidate_set_not_verified_no_facilities,False,validation_only_not_scored,facility_accessibility_v0_S4_excluded_OSM_entrance_proxy,False,False,included_source_model_counts_zero_is_not_verified_absence,True,contains_assumed_connectors,49.52820962668689
3110125,사근동살곶이상점가,골목상권,0.1288246237584656,112,True,,90.0763358778626,2.0,55.089141004862235,21.09151973131822,12.010178117048348,88.1908388532288,3.5,1.0,0.0,exploratory_S4_excluded_operation_not_reverified,17,3,0,9,5,zero_in_source_candidate_set_not_verified_no_facilities,False,validation_only_not_scored,facility_accessibility_v0_S4_excluded_OSM_entrance_proxy,False,False,included_source_model_counts_zero_is_not_verified_absence,True,contains_assumed_connectors,66.1431291399216
3110126,서울숲역 1번,골목상권,0.0185164297625411,55,True,,70.0381679389313,0.0,19.108589951377635,23.879093198992443,9.338422391857506,52.32610554222758,0.5,1.25,0.0,exploratory_S4_excluded_operation_not_reverified,13,1,0,11,1,zero_in_source_candidate_set_not_verified_no_facilities,False,validation_only_not_scored,facility_accessibility_v0_S4_excluded_OSM_entrance_proxy,False,False,included_source_model_counts_zero_is_not_verified_absence,True,contains_assumed_connectors,39.24457915667068
3110127,성수1가1동주민센터,골목상권,0.0387448903202353,134,True,,58.396946564885496,0.0,7.487844408427876,21.09151973131822,7.786259541984733,36.365623681730824,0.25,1.0,0.0,exploratory_S4_excluded_operation_not_reverified,12,1,0,7,4,zero_in_source_candidate_set_not_verified_no_facilities,False,validation_only_not_scored,facility_accessibility_v0_S4_excluded_OSM_entrance_proxy,False,False,included_source_model_counts_zero_is_not_verified_absence,True,contains_assumed_connectors,27.274217761298118
3110128,성원중학교,골목상권,0.2471513793541441,515,True,,31.043256997455472,1.0,0.0,15.34844668345928,4.139100932994063,19.48754761645334,0.0,0.5,0.0,exploratory_S4_excluded_operation_not_reverified,7,0,0,5,2,zero_in_source_candidate_set_not_verified_no_facilities,False,validation_only_not_scored,facility_accessibility_v0_S4_excluded_OSM_entrance_proxy,False,False,included_source_model_counts_zero_is_not_verified_absence,True,contains_assumed_connectors,14.615660712340006
3110129,성원어린이공원,골목상권,0.0706389164911968,214,True,,70.0381679389313,0.0,26.20745542949757,6.481947942905122,9.338422391857506,42.0278257642602,0.75,0.25,0.25,exploratory_S4_excluded_operation_not_reverified,13,0,1,11,1,zero_in_source_candidate_set_not_verified_no_facilities,False,validation_only_not_scored,facility_accessibility_v0_S4_excluded_OSM_entrance_proxy,False,False,included_source_model_counts_zero_is_not_verified_absence,True,contains_assumed_connectors,31.52086932319515
3110130,답십리역 6번,골목상권,0.0430325570349778,49,True,,95.61068702290076,0.0,0.0,6.481947942905122,12.748091603053435,19.230039545958558,0.0,0.25,0.0,exploratory_S4_excluded_operation_not_reverified,8,0,0,2,6,zero_in_source_candidate_set_not_verified_no_facilities,False,validation_only_not_scored,facility_accessibility_v0_S4_excluded_OSM_entrance_proxy,False,False,included_source_model_counts_zero_is_not_verified_absence,True,contains_assumed_connectors,14.422529659468918
3110131,성수동카페거리,골목상권,0.1317646576062157,569,True,,75.12722646310432,0.0,19.108589951377635,18.572628043660792,10.016963528413909,47.698181523452334,0.5,0.75,0.0,exploratory_S4_excluded_operation_not_reverified,17,0,0,14,3,zero_in_source_candidate_set_not_verified_no_facilities,False,validation_only_not_scored,facility_accessibility_v0_S4_excluded_OSM_entrance_proxy,False,False,included_source_model_counts_zero_is_not_verified_absence,True,contains_assumed_connectors,35.773636142589254
3110132,성수2가3동주민센터,골목상권,0.0763918799902144,146,True,,75.12722646310432,1.0,26.20745542949757,21.09151973131822,10.016963528413909,57.3159386892297,0.75,1.0,0.0,exploratory_S4_excluded_operation_not_reverified,11,1,1,7,2,zero_in_source_candidate_set_not_verified_no_facilities,False,validation_only_not_scored,facility_accessibility_v0_S4_excluded_OSM_entrance_proxy,False,False,included_source_model_counts_zero_is_not_verified_absence,True,contains_assumed_connectors,42.98695401692227
3110133,서울교통공사,골목상권,0.0801261612688167,73,True,,95.61068702290076,0.0,0.0,0.0,12.748091603053435,,0.0,0.0,0.0,insufficient_no_included_source_facility,7,0,0,2,5,zero_in_source_candidate_set_not_verified_no_facilities,False,validation_only_not_scored,facility_accessibility_v0_S4_excluded_OSM_entrance_proxy,False,False,included_source_model_counts_zero_is_not_verified_absence,False,contains_assumed_connectors,9.561068702290076
3110134,성수119안전센터,골목상권,0.2226564474090304,303,True,,8.651399491094146,1.0,0.0,6.481947942905122,1.1535199321458862,7.635467875051008,0.0,0.25,0.0,exploratory_S4_excluded_operation_not_reverified,4,0,0,4,0,zero_in_source_candidate_set_not_verified_no_facilities,False,validation_only_not_scored,facility_accessibility_v0_S4_excluded_OSM_entrance_proxy,False,False,included_source_model_counts_zero_is_not_verified_absence,True,contains_assumed_connectors,5.726600906288256
3110135,성동세무서,골목상권,0.1366573738102531,161,True,,31.043256997455472,1.0,7.487844408427876,15.34844668345928,4.139100932994063,26.975392024881216,0.25,0.5,0.0,exploratory_S4_excluded_operation_not_reverified,18,0,1,17,0,zero_in_source_candidate_set_not_verified_no_facilities,False,validation_only_not_scored,facility_accessibility_v0_S4_excluded_OSM_entrance_proxy,False,False,included_source_model_counts_zero_is_not_verified_absence,True,contains_assumed_connectors,20.231544018660912
3110136,경수초등학교,골목상권,0.2604293531536957,529,True,,79.26208651399492,1.0,19.108589951377635,15.34844668345928,10.568278201865988,45.0253148367029,0.5,0.5,0.0,exploratory_S4_excluded_operation_not_reverified,13,0,0,11,2,zero_in_source_candidate_set_not_verified_no_facilities,False,validation_only_not_scored,facility_accessibility_v0_S4_excluded_OSM_entrance_proxy,False,False,included_source_model_counts_zero_is_not_verified_absence,True,contains_assumed_connectors,33.76898612752717
3110137,성수초등학교,골목상권,0.3307299607080388,640,True,,79.26208651399492,0.0,38.703403565640194,21.09151973131822,10.568278201865988,70.36320149882441,1.25,1.0,0.0,exploratory_S4_excluded_operation_not_reverified,22,1,0,21,0,zero_in_source_candidate_set_not_verified_no_facilities,False,validation_only_not_scored,facility_accessibility_v0_S4_excluded_OSM_entrance_proxy,False,False,included_source_model_counts_zero_is_not_verified_absence,True,contains_assumed_connectors,52.7724011241183
3110138,송정체육공원,골목상권,0.1019957666475365,176,True,,41.348600508905854,2.0,32.82009724473257,15.34844668345928,5.51314673452078,53.68169066271263,1.0,0.5,0.0,exploratory_S4_excluded_operation_not_reverified,15,0,0,13,2,zero_in_source_candidate_set_not_verified_no_facilities,False,validation_only_not_scored,facility_accessibility_v0_S4_excluded_OSM_entrance_proxy,False,False,included_source_model_counts_zero_is_not_verified_absence,True,contains_assumed_connectors,40.26126799703447
3110139,자양4동주민센터,골목상권,0.1557416682020164,299,True,,53.88040712468194,2.0,0.0,21.09151973131822,7.184054283290925,28.27557401460914,0.0,1.0,0.0,exploratory_S4_excluded_operation_not_reverified,10,1,0,7,2,zero_in_source_candidate_set_not_verified_no_facilities,False,validation_only_not_scored,facility_accessibility_v0_S4_excluded_OSM_entrance_proxy,False,False,included_source_model_counts_zero_is_not_verified_absence,True,contains_assumed_connectors,21.206680510956858
3110140,건대입구역 6번,골목상권,0.1796089177476753,392,True,,76.78117048346056,2.0,26.20745542949757,23.879093198992443,10.237489397794741,60.324038026284754,0.75,1.25,0.0,exploratory_S4_excluded_operation_not_reverified,16,1,0,13,2,zero_in_source_candidate_set_not_verified_no_facilities,False,validation_only_not_scored,facility_accessibility_v0_S4_excluded_OSM_entrance_proxy,False,False,included_source_model_counts_zero_is_not_verified_absence,True,contains_assumed_connectors,45.24302851971356
3110141,건대입구역 1번,골목상권,0.0674066913657297,143,True,,76.78117048346056,0.0,32.82009724473257,15.34844668345928,10.237489397794741,58.40603332598659,1.0,0.5,0.0,exploratory_S4_excluded_operation_not_reverified,18,0,0,14,4,zero_in_source_candidate_set_not_verified_no_facilities,False,validation_only_not_scored,facility_accessibility_v0_S4_excluded_OSM_entrance_proxy,False,False,included_source_model_counts_zero_is_not_verified_absence,True,contains_assumed_connectors,43.804524994489945
3110142,화양사거리,골목상권,0.1168029272855529,264,True,,67.8117048346056,2.0,46.72609400324149,25.256087321578505,9.04156064461408,81.02374196943408,2.0,1.5,0.0,exploratory_S4_excluded_operation_not_reverified,22,1,0,18,3,zero_in_source_candidate_set_not_verified_no_facilities,False,validation_only_not_scored,facility_accessibility_v0_S4_excluded_OSM_entrance_proxy,False,False,included_source_model_counts_zero_is_not_verified_absence,True,contains_assumed_connectors,60.76780647707557
3110143,뚝섬유원지역 1번,골목상권,0.008055172250296,27,True,,53.88040712468194,1.0,7.487844408427876,0.0,7.184054283290925,14.671898691718802,0.25,0.0,0.0,exploratory_S4_excluded_operation_not_reverified,9,0,0,4,5,zero_in_source_candidate_set_not_verified_no_facilities,False,validation_only_not_scored,facility_accessibility_v0_S4_excluded_OSM_entrance_proxy,False,False,included_source_model_counts_zero_is_not_verified_absence,True,contains_assumed_connectors,11.003924018789101
3110144,어린이대공원역 4번,골목상권,0.0427967201515514,89,True,,62.913486005089055,1.0,53.14424635332253,23.879093198992443,8.388464800678541,85.41180435299353,3.0,1.25,0.0,exploratory_S4_excluded_operation_not_reverified,17,2,0,14,1,zero_in_source_candidate_set_not_verified_no_facilities,False,validation_only_not_scored,facility_accessibility_v0_S4_excluded_OSM_entrance_proxy,False,False,included_source_model_counts_zero_is_not_verified_absence,True,contains_assumed_connectors,64.05885326474515
3110145,장안초등학교,골목상권,0.0149446169156735,31,True,,60.75063613231551,2.0,42.49594813614263,15.34844668345928,8.100084817642069,65.94447963724397,1.5,0.5,0.0,exploratory_S4_excluded_operation_not_reverified,17,0,0,15,2,zero_in_source_candidate_set_not_verified_no_facilities,False,validation_only_not_scored,facility_accessibility_v0_S4_excluded_OSM_entrance_proxy,False,False,included_source_model_counts_zero_is_not_verified_absence,True,contains_assumed_connectors,49.45835972793298
3110146,신자초등학교,골목상권,0.1068033262394303,197,True,,53.88040712468194,2.0,0.0,15.34844668345928,7.184054283290925,22.532500966750206,0.0,0.5,0.0,exploratory_S4_excluded_operation_not_reverified,12,0,0,6,6,zero_in_source_candidate_set_not_verified_no_facilities,False,validation_only_not_scored,facility_accessibility_v0_S4_excluded_OSM_entrance_proxy,False,False,included_source_model_counts_zero_is_not_verified_absence,True,contains_assumed_connectors,16.899375725062654
3110147,능동우편취급국,골목상권,0.1569084864495397,202,True,,66.34860050890585,0.0,26.20745542949757,21.09151973131822,8.846480067854113,56.1454552286699,0.75,1.0,0.0,exploratory_S4_excluded_operation_not_reverified,18,1,0,13,4,zero_in_source_candidate_set_not_verified_no_facilities,False,validation_only_not_scored,facility_accessibility_v0_S4_excluded_OSM_entrance_proxy,False,False,included_source_model_counts_zero_is_not_verified_absence,True,contains_assumed_connectors,42.10909142150243
3110148,어린이대공원역 3번,골목상권,0.0457219271775131,95,True,,62.913486005089055,0.0,38.703403565640194,6.481947942905122,8.388464800678541,53.57381630922386,1.25,0.25,0.0,exploratory_S4_excluded_operation_not_reverified,16,0,0,14,2,zero_in_source_candidate_set_not_verified_no_facilities,False,validation_only_not_scored,facility_accessibility_v0_S4_excluded_OSM_entrance_proxy,False,False,included_source_model_counts_zero_is_not_verified_absence,True,contains_assumed_connectors,40.1803622319179
3110149,세종대학교,골목상권,0.0459213861440778,44,True,,62.913486005089055,0.0,19.108589951377635,6.481947942905122,8.388464800678541,33.979002694961295,0.5,0.25,0.0,exploratory_S4_excluded_operation_not_reverified,19,1,0,6,12,zero_in_source_candidate_set_not_verified_no_facilities,False,validation_only_not_scored,facility_accessibility_v0_S4_excluded_OSM_entrance_proxy,False,False,included_source_model_counts_zero_is_not_verified_absence,True,contains_assumed_connectors,25.48425202122097
3110150,중곡1동 마을마당,골목상권,0.1593880026837776,251,True,,66.34860050890585,1.0,38.703403565640194,15.34844668345928,8.846480067854113,62.89833031695359,1.25,0.5,0.0,exploratory_S4_excluded_operation_not_reverified,14,1,0,10,3,zero_in_source_candidate_set_not_verified_no_facilities,False,validation_only_not_scored,facility_accessibility_v0_S4_excluded_OSM_entrance_proxy,False,False,included_source_model_counts_zero_is_not_verified_absence,True,contains_assumed_connectors,47.17374773771519
3110151,자양한강도서관,골목상권,0.1074913577474804,239,True,,12.08651399491094,1.0,19.108589951377635,18.572628043660792,1.6115351993214586,39.29275319435988,0.5,0.75,0.0,exploratory_S4_excluded_operation_not_reverified,8,0,0,6,2,zero_in_source_candidate_set_not_verified_no_facilities,False,validation_only_not_scored,facility_accessibility_v0_S4_excluded_OSM_entrance_proxy,False,False,included_source_model_counts_zero_is_not_verified_absence,True,contains_assumed_connectors,29.469564895769913
3110152,중곡어린이공원,골목상권,0.0507666361216236,93,True,,57.50636132315522,0.0,7.487844408427876,6.481947942905122,7.667514843087362,21.63730719442036,0.25,0.25,0.0,exploratory_S4_excluded_operation_not_reverified,8,0,0,5,3,zero_in_source_candidate_set_not_verified_no_facilities,False,validation_only_not_scored,facility_accessibility_v0_S4_excluded_OSM_entrance_proxy,False,False,included_source_model_counts_zero_is_not_verified_absence,True,contains_assumed_connectors,16.22798039581527
3110153,중곡1동주민센터,골목상권,0.0500298256656206,90,True,,66.34860050890585,0.0,26.20745542949757,23.879093198992443,8.846480067854113,58.933028696344124,0.75,1.25,0.0,exploratory_S4_excluded_operation_not_reverified,16,1,0,9,6,zero_in_source_candidate_set_not_verified_no_facilities,False,validation_only_not_scored,facility_accessibility_v0_S4_excluded_OSM_entrance_proxy,False,False,included_source_model_counts_zero_is_not_verified_absence,True,contains_assumed_connectors,44.19977152225809
3110154,광진정말공원,골목상권,0.1020234555142221,243,True,,36.06870229007634,2.0,19.108589951377635,18.572628043660792,4.809160305343512,42.490378300381934,0.5,0.75,0.0,exploratory_S4_excluded_operation_not_reverified,14,0,0,10,4,zero_in_source_candidate_set_not_verified_no_facilities,False,validation_only_not_scored,facility_accessibility_v0_S4_excluded_OSM_entrance_proxy,False,False,included_source_model_counts_zero_is_not_verified_absence,True,contains_assumed_connectors,31.86778372528645
3110155,광진구청,골목상권,0.0972394220594485,145,True,,64.75826972010178,0.0,32.82009724473257,6.481947942905122,8.634435962680238,47.93648115031793,1.0,0.25,0.0,exploratory_S4_excluded_operation_not_reverified,20,1,0,6,13,zero_in_source_candidate_set_not_verified_no_facilities,False,validation_only_not_scored,facility_accessibility_v0_S4_excluded_OSM_entrance_proxy,False,False,included_source_model_counts_zero_is_not_verified_absence,True,contains_assumed_connectors,35.952360862738445
3110156,군자역 5번,골목상권,0.1535782110607594,171,True,,66.34860050890585,1.0,32.82009724473257,21.09151973131822,8.846480067854113,62.75809704390491,1.0,1.0,0.0,exploratory_S4_excluded_operation_not_reverified,19,1,0,8,10,zero_in_source_candidate_set_not_verified_no_facilities,False,validation_only_not_scored,facility_accessibility_v0_S4_excluded_OSM_entrance_proxy,False,False,included_source_model_counts_zero_is_not_verified_absence,True,contains_assumed_connectors,47.06857278292868
3110157,자양동우체국,골목상권,0.1150692315441545,221,True,,11.259541984732824,0.0,38.703403565640194,15.34844668345928,1.5012722646310432,55.553122513730514,1.25,0.5,0.0,exploratory_S4_excluded_operation_not_reverified,7,1,0,3,3,zero_in_source_candidate_set_not_verified_no_facilities,False,validation_only_not_scored,facility_accessibility_v0_S4_excluded_OSM_entrance_proxy,False,False,included_source_model_counts_zero_is_not_verified_absence,True,contains_assumed_connectors,41.66484188529789
3110158,중곡3동주민센터,골목상권,0.1666707615233718,267,True,,82.44274809160305,2.0,7.487844408427876,23.879093198992443,10.99236641221374,42.35930401963406,0.25,1.25,0.0,exploratory_S4_excluded_operation_not_reverified,13,1,0,9,3,zero_in_source_candidate_set_not_verified_no_facilities,False,validation_only_not_scored,facility_accessibility_v0_S4_excluded_OSM_entrance_proxy,False,False,included_source_model_counts_zero_is_not_verified_absence,True,contains_assumed_connectors,31.769478014725543
3110159,구의역 4번,골목상권,0.2107335010857079,418,True,,59.47837150127226,4.0,42.49594813614263,23.879093198992443,7.930449533502967,74.30549086863805,1.5,1.25,0.0,exploratory_S4_excluded_operation_not_reverified,20,2,0,11,7,zero_in_source_candidate_set_not_verified_no_facilities,False,validation_only_not_scored,facility_accessibility_v0_S4_excluded_OSM_entrance_proxy,False,False,included_source_model_counts_zero_is_not_verified_absence,True,contains_assumed_connectors,55.72911815147853
3110160,광진경찰서,골목상권,0.0478112010114906,61,True,,34.9236641221374,1.0,0.0,6.481947942905122,4.65648854961832,11.138436492523443,0.0,0.25,0.0,exploratory_S4_excluded_operation_not_reverified,12,0,0,5,7,zero_in_source_candidate_set_not_verified_no_facilities,False,validation_only_not_scored,facility_accessibility_v0_S4_excluded_OSM_entrance_proxy,False,False,included_source_model_counts_zero_is_not_verified_absence,True,contains_assumed_connectors,8.353827369392583
3110161,중곡역 3번,골목상권,0.141791898842042,276,True,,82.44274809160305,1.0,0.0,25.256087321578505,10.99236641221374,36.248453733792246,0.0,1.5,0.0,exploratory_S4_excluded_operation_not_reverified,10,1,0,7,2,zero_in_source_candidate_set_not_verified_no_facilities,False,validation_only_not_scored,facility_accessibility_v0_S4_excluded_OSM_entrance_proxy,False,False,included_source_model_counts_zero_is_not_verified_absence,True,contains_assumed_connectors,27.186340300344185
3110162,군자역 4번,골목상권,0.0708905446313285,150,True,,66.34860050890585,1.0,32.82009724473257,18.572628043660792,8.846480067854113,60.23920535624748,1.0,0.75,0.0,exploratory_S4_excluded_operation_not_reverified,21,0,0,18,3,zero_in_source_candidate_set_not_verified_no_facilities,False,validation_only_not_scored,facility_accessibility_v0_S4_excluded_OSM_entrance_proxy,False,False,included_source_model_counts_zero_is_not_verified_absence,True,contains_assumed_connectors,45.17940401718561
3110163,성자초등학교,골목상권,0.0664317492980598,173,True,,36.06870229007634,2.0,19.108589951377635,6.481947942905122,4.809160305343512,30.39969819962627,0.5,0.25,0.0,exploratory_S4_excluded_operation_not_reverified,10,0,0,6,4,zero_in_source_candidate_set_not_verified_no_facilities,False,validation_only_not_scored,facility_accessibility_v0_S4_excluded_OSM_entrance_proxy,False,False,included_source_model_counts_zero_is_not_verified_absence,True,contains_assumed_connectors,22.7997736497197
3110164,아차산역 5번,골목상권,0.0849842193221789,76,True,,58.71501272264631,1.0,19.108589951377635,15.34844668345928,7.828668363019507,42.28570499785642,0.5,0.5,0.0,exploratory_S4_excluded_operation_not_reverified,20,0,0,13,7,zero_in_source_candidate_set_not_verified_no_facilities,False,validation_only_not_scored,facility_accessibility_v0_S4_excluded_OSM_entrance_proxy,False,False,included_source_model_counts_zero_is_not_verified_absence,True,contains_assumed_connectors,31.714278748392317
3110165,국립정신건강센터,골목상권,0.0956135630542434,162,True,,69.27480916030534,4.0,46.72609400324149,21.09151973131822,9.236641221374045,77.05425495593376,2.0,1.0,0.0,exploratory_S4_excluded_operation_not_reverified,16,2,0,12,2,zero_in_source_candidate_set_not_verified_no_facilities,False,validation_only_not_scored,facility_accessibility_v0_S4_excluded_OSM_entrance_proxy,False,False,included_source_model_counts_zero_is_not_verified_absence,True,contains_assumed_connectors,57.79069121695032
3110166,구의1동주민센터,골목상권,0.1315184451548985,327,True,,59.47837150127226,1.0,45.02431118314424,23.879093198992443,7.930449533502967,76.83385391563965,1.75,1.25,0.0,exploratory_S4_excluded_operation_not_reverified,21,2,0,9,10,zero_in_source_candidate_set_not_verified_no_facilities,False,validation_only_not_scored,facility_accessibility_v0_S4_excluded_OSM_entrance_proxy,False,False,included_source_model_counts_zero_is_not_verified_absence,True,contains_assumed_connectors,57.62539043672974
3110167,용마초등학교,골목상권,0.1542352283240312,264,True,,62.913486005089055,1.0,42.49594813614263,26.330814441645675,8.388464800678541,77.21522737846684,1.5,2.25,0.0,exploratory_S4_excluded_operation_not_reverified,25,1,0,20,4,zero_in_source_candidate_set_not_verified_no_facilities,False,validation_only_not_scored,facility_accessibility_v0_S4_excluded_OSM_entrance_proxy,False,False,included_source_model_counts_zero_is_not_verified_absence,True,contains_assumed_connectors,57.911420533850126
3110168,대원고등학교,골목상권,0.0584688645314084,116,True,,69.27480916030534,4.0,19.108589951377635,26.330814441645675,9.236641221374045,54.67604561439735,0.5,2.25,0.0,exploratory_S4_excluded_operation_not_reverified,11,2,0,7,2,zero_in_source_candidate_set_not_verified_no_facilities,False,validation_only_not_scored,facility_accessibility_v0_S4_excluded_OSM_entrance_proxy,False,False,included_source_model_counts_zero_is_not_verified_absence,True,contains_assumed_connectors,41.00703421079801
3110169,성동초등학교,골목상권,0.0754421216233291,119,True,,53.11704834605598,1.0,26.20745542949757,0.0,7.082273112807464,33.289728542305035,0.75,0.0,0.0,exploratory_S4_excluded_operation_not_reverified,15,0,0,11,4,zero_in_source_candidate_set_not_verified_no_facilities,False,validation_only_not_scored,facility_accessibility_v0_S4_excluded_OSM_entrance_proxy,False,False,included_source_model_counts_zero_is_not_verified_absence,True,contains_assumed_connectors,24.967296406728778
3110170,동대부여고,골목상권,0.1206341565886115,219,True,,59.47837150127226,0.0,32.82009724473257,23.879093198992443,7.930449533502967,64.62963997722798,1.0,1.25,0.0,exploratory_S4_excluded_operation_not_reverified,22,1,2,14,5,zero_in_source_candidate_set_not_verified_no_facilities,False,validation_only_not_scored,facility_accessibility_v0_S4_excluded_OSM_entrance_proxy,False,False,included_source_model_counts_zero_is_not_verified_absence,True,contains_assumed_connectors,48.472229982920986
3110171,중곡4동주민센터,골목상권,0.0478417862548132,29,True,,44.65648854961832,0.0,26.20745542949757,25.79345088161209,5.9541984732824424,57.955104784392105,0.75,1.75,0.0,exploratory_S4_excluded_operation_not_reverified,11,1,0,8,2,zero_in_source_candidate_set_not_verified_no_facilities,False,validation_only_not_scored,facility_accessibility_v0_S4_excluded_OSM_entrance_proxy,False,False,included_source_model_counts_zero_is_not_verified_absence,True,contains_assumed_connectors,43.466328588294076
3110172,광진초등학교,골목상권,0.0954251727814094,141,True,,57.50636132315522,1.0,7.487844408427876,0.0,7.667514843087362,15.15535925151524,0.25,0.0,0.0,exploratory_S4_excluded_operation_not_reverified,14,2,0,8,4,zero_in_source_candidate_set_not_verified_no_facilities,False,validation_only_not_scored,facility_accessibility_v0_S4_excluded_OSM_entrance_proxy,False,False,included_source_model_counts_zero_is_not_verified_absence,True,contains_assumed_connectors,11.36651943863643
3110173,구남초등학교,골목상권,0.0492291862831634,85,True,,59.47837150127226,0.0,38.703403565640194,6.481947942905122,7.930449533502967,53.11580104204828,1.25,0.25,0.0,exploratory_S4_excluded_operation_not_reverified,16,1,0,9,6,zero_in_source_candidate_set_not_verified_no_facilities,False,validation_only_not_scored,facility_accessibility_v0_S4_excluded_OSM_entrance_proxy,False,False,included_source_model_counts_zero_is_not_verified_absence,True,contains_assumed_connectors,39.836850781536214
3110174,아차산역 1번,골목상권,0.1033789055819646,221,True,,57.50636132315522,1.0,42.49594813614263,25.256087321578505,7.667514843087362,75.4195503008085,1.5,1.5,0.0,exploratory_S4_excluded_operation_not_reverified,13,1,0,10,2,zero_in_source_candidate_set_not_verified_no_facilities,False,validation_only_not_scored,facility_accessibility_v0_S4_excluded_OSM_entrance_proxy,False,False,included_source_model_counts_zero_is_not_verified_absence,True,contains_assumed_connectors,56.56466272560637
3110175,푸른동산공원,골목상권,0.0960408407817767,150,True,,59.47837150127226,1.0,45.02431118314424,18.572628043660792,7.930449533502967,71.527388760308,1.75,0.75,0.0,exploratory_S4_excluded_operation_not_reverified,23,0,2,18,3,zero_in_source_candidate_set_not_verified_no_facilities,False,validation_only_not_scored,facility_accessibility_v0_S4_excluded_OSM_entrance_proxy,False,False,included_source_model_counts_zero_is_not_verified_absence,True,contains_assumed_connectors,53.645541570231
3110176,해오름공원,골목상권,0.135213606968565,206,True,,49.36386768447837,0.0,19.108589951377635,26.330814441645675,6.581849024597116,52.02125341762043,0.5,2.25,0.0,exploratory_S4_excluded_operation_not_reverified,15,1,0,12,2,zero_in_source_candidate_set_not_verified_no_facilities,False,validation_only_not_scored,facility_accessibility_v0_S4_excluded_OSM_entrance_proxy,False,False,included_source_model_counts_zero_is_not_verified_absence,True,contains_assumed_connectors,39.015940063215325
3110177,동의초등학교,골목상권,0.0290566815998045,42,True,,57.50636132315522,0.0,7.487844408427876,15.34844668345928,7.667514843087362,30.503805934974515,0.25,0.5,0.0,exploratory_S4_excluded_operation_not_reverified,9,0,0,8,1,zero_in_source_candidate_set_not_verified_no_facilities,False,validation_only_not_scored,facility_accessibility_v0_S4_excluded_OSM_entrance_proxy,False,False,included_source_model_counts_zero_is_not_verified_absence,True,contains_assumed_connectors,22.87785445123089
3110178,장로회신학대학교,골목상권,0.0458974061392767,54,True,,52.29007633587786,0.0,7.487844408427876,15.34844668345928,6.972010178117048,29.808301270004204,0.25,0.5,0.0,exploratory_S4_excluded_operation_not_reverified,9,0,0,5,4,zero_in_source_candidate_set_not_verified_no_facilities,False,validation_only_not_scored,facility_accessibility_v0_S4_excluded_OSM_entrance_proxy,False,False,included_source_model_counts_zero_is_not_verified_absence,True,contains_assumed_connectors,22.356225952503152
3110179,광나루역 1번,골목상권,0.0420528916767528,103,True,,52.29007633587786,0.0,32.82009724473257,23.879093198992443,6.972010178117048,63.67120062184206,1.0,1.25,0.0,exploratory_S4_excluded_operation_not_reverified,8,2,0,5,1,zero_in_source_candidate_set_not_verified_no_facilities,False,validation_only_not_scored,facility_accessibility_v0_S4_excluded_OSM_entrance_proxy,False,False,included_source_model_counts_zero_is_not_verified_absence,True,contains_assumed_connectors,47.75340046638155
3110180,광진정보도서관,골목상권,0.0746411767564544,203,True,,52.29007633587786,3.0,7.487844408427876,23.879093198992443,6.972010178117048,38.338947785537364,0.25,1.25,0.0,exploratory_S4_excluded_operation_not_reverified,6,1,0,4,1,zero_in_source_candidate_set_not_verified_no_facilities,False,validation_only_not_scored,facility_accessibility_v0_S4_excluded_OSM_entrance_proxy,False,False,included_source_model_counts_zero_is_not_verified_absence,True,contains_assumed_connectors,28.754210839153025
3110181,신설동역 9번,골목상권,0.1416400257823609,171,True,,87.91348600508906,1.0,0.0,0.0,11.721798134011873,,0.0,0.0,0.0,insufficient_no_included_source_facility,13,0,0,9,4,zero_in_source_candidate_set_not_verified_no_facilities,False,validation_only_not_scored,facility_accessibility_v0_S4_excluded_OSM_entrance_proxy,False,False,included_source_model_counts_zero_is_not_verified_absence,False,contains_assumed_connectors,8.791348600508904
3110182,용두희망어린이공원,골목상권,0.059073173023431,101,True,,82.44274809160305,0.0,26.20745542949757,6.481947942905122,10.99236641221374,43.681769784616435,0.75,0.25,0.0,exploratory_S4_excluded_operation_not_reverified,9,0,0,9,0,zero_in_source_candidate_set_not_verified_no_facilities,False,validation_only_not_scored,facility_accessibility_v0_S4_excluded_OSM_entrance_proxy,False,False,included_source_model_counts_zero_is_not_verified_absence,True,contains_assumed_connectors,32.76132733846232
3110183,한국의류시험연구원,골목상권,0.0434081178254476,86,True,,87.91348600508906,0.0,0.0,0.0,11.721798134011873,,0.0,0.0,0.0,insufficient_no_included_source_facility,4,0,0,4,0,zero_in_source_candidate_set_not_verified_no_facilities,False,validation_only_not_scored,facility_accessibility_v0_S4_excluded_OSM_entrance_proxy,False,False,included_source_model_counts_zero_is_not_verified_absence,False,contains_assumed_connectors,8.791348600508904
3110184,용두사거리,골목상권,0.0243606419787138,42,True,,87.91348600508906,0.0,0.0,0.0,11.721798134011873,,0.0,0.0,0.0,insufficient_no_included_source_facility,3,0,0,3,0,zero_in_source_candidate_set_not_verified_no_facilities,False,validation_only_not_scored,facility_accessibility_v0_S4_excluded_OSM_entrance_proxy,False,False,included_source_model_counts_zero_is_not_verified_absence,False,contains_assumed_connectors,8.791348600508904
3110185,용두초등학교,골목상권,0.0288250296487112,31,True,,87.91348600508906,0.0,0.0,0.0,11.721798134011873,,0.0,0.0,0.0,insufficient_no_included_source_facility,3,0,0,1,2,zero_in_source_candidate_set_not_verified_no_facilities,False,validation_only_not_scored,facility_accessibility_v0_S4_excluded_OSM_entrance_proxy,False,False,included_source_model_counts_zero_is_not_verified_absence,False,contains_assumed_connectors,8.791348600508904
3110186,종암초등학교,골목상권,0.0228729815450159,67,True,,62.913486005089055,0.0,26.20745542949757,0.0,8.388464800678541,34.59592023017611,0.75,0.0,0.0,exploratory_S4_excluded_operation_not_reverified,7,0,0,6,1,zero_in_source_candidate_set_not_verified_no_facilities,False,validation_only_not_scored,facility_accessibility_v0_S4_excluded_OSM_entrance_proxy,False,False,included_source_model_counts_zero_is_not_verified_absence,True,contains_assumed_connectors,25.946940172632083
3110187,제기동역 6번,골목상권,0.159859909703987,329,True,,95.61068702290076,0.0,0.0,0.0,12.748091603053435,,0.0,0.0,0.0,insufficient_no_included_source_facility,4,0,0,4,0,zero_in_source_candidate_set_not_verified_no_facilities,False,validation_only_not_scored,facility_accessibility_v0_S4_excluded_OSM_entrance_proxy,False,False,included_source_model_counts_zero_is_not_verified_absence,False,contains_assumed_connectors,9.561068702290076
3110188,용두동신동아아파트,골목상권,0.1524014500740438,196,True,,85.36895674300254,0.0,7.487844408427876,0.0,11.382527565733673,18.87037197416155,0.25,0.0,0.0,exploratory_S4_excluded_operation_not_reverified,8,0,0,4,4,zero_in_source_candidate_set_not_verified_no_facilities,False,validation_only_not_scored,facility_accessibility_v0_S4_excluded_OSM_entrance_proxy,False,False,included_source_model_counts_zero_is_not_verified_absence,True,contains_assumed_connectors,14.152778980621163
3110189,제기동역 1번,골목상권,0.0884322982105113,82,True,,95.61068702290076,0.0,7.487844408427876,0.0,12.748091603053435,20.23593601148131,0.25,0.0,0.0,exploratory_S4_excluded_operation_not_reverified,7,0,0,5,2,zero_in_source_candidate_set_not_verified_no_facilities,False,validation_only_not_scored,facility_accessibility_v0_S4_excluded_OSM_entrance_proxy,False,False,included_source_model_counts_zero_is_not_verified_absence,True,contains_assumed_connectors,15.176952008610982
3110190,고대앞사거리,골목상권,0.1013390382282828,84,True,,85.36895674300254,0.0,26.20745542949757,0.0,11.382527565733673,37.589982995231246,0.75,0.0,0.0,exploratory_S4_excluded_operation_not_reverified,11,0,0,10,1,zero_in_source_candidate_set_not_verified_no_facilities,False,validation_only_not_scored,facility_accessibility_v0_S4_excluded_OSM_entrance_proxy,False,False,included_source_model_counts_zero_is_not_verified_absence,True,contains_assumed_connectors,28.192487246423433
3110191,고려대역 6번,골목상권,0.079112448117574,144,True,,69.27480916030534,0.0,38.703403565640194,0.0,9.236641221374045,47.94004478701424,1.25,0.0,0.0,exploratory_S4_excluded_operation_not_reverified,9,1,0,8,0,zero_in_source_candidate_set_not_verified_no_facilities,False,validation_only_not_scored,facility_accessibility_v0_S4_excluded_OSM_entrance_proxy,False,False,included_source_model_counts_zero_is_not_verified_absence,True,contains_assumed_connectors,35.955033590260676
3110192,동의보감타워,골목상권,0.0332060218425174,107,True,,95.61068702290076,0.0,7.487844408427876,0.0,12.748091603053435,20.23593601148131,0.25,0.0,0.0,exploratory_S4_excluded_operation_not_reverified,3,0,0,3,0,zero_in_source_candidate_set_not_verified_no_facilities,False,validation_only_not_scored,facility_accessibility_v0_S4_excluded_OSM_entrance_proxy,False,False,included_source_model_counts_zero_is_not_verified_absence,True,contains_assumed_connectors,15.176952008610982
3110193,고려대역 4번,골목상권,0.0677286891250741,73,True,,62.913486005089055,1.0,19.108589951377635,0.0,8.388464800678541,27.497054752056176,0.5,0.0,0.0,exploratory_S4_excluded_operation_not_reverified,3,0,0,3,0,zero_in_source_candidate_set_not_verified_no_facilities,False,validation_only_not_scored,facility_accessibility_v0_S4_excluded_OSM_entrance_proxy,False,False,included_source_model_counts_zero_is_not_verified_absence,True,contains_assumed_connectors,20.622791064042133
3110194,홍파초등학교,골목상권,0.0878787070532103,132,True,,87.91348600508906,0.0,0.0,0.0,11.721798134011873,,0.0,0.0,0.0,insufficient_no_included_source_facility,5,0,0,2,3,zero_in_source_candidate_set_not_verified_no_facilities,False,validation_only_not_scored,facility_accessibility_v0_S4_excluded_OSM_entrance_proxy,False,False,included_source_model_counts_zero_is_not_verified_absence,False,contains_assumed_connectors,8.791348600508904
3110195,동대문구청,골목상권,0.1152955773631362,229,True,,95.61068702290076,1.0,32.82009724473257,0.0,12.748091603053435,45.568188847786004,1.0,0.0,0.0,exploratory_S4_excluded_operation_not_reverified,5,1,0,3,1,zero_in_source_candidate_set_not_verified_no_facilities,False,validation_only_not_scored,facility_accessibility_v0_S4_excluded_OSM_entrance_proxy,False,False,included_source_model_counts_zero_is_not_verified_absence,True,contains_assumed_connectors,34.1761416358395
3110196,홍릉근린공원,골목상권,0.0372856784161125,28,True,,70.86513994910942,0.0,0.0,0.0,9.448685326547922,,0.0,0.0,0.0,insufficient_no_included_source_facility,3,0,0,1,2,zero_in_source_candidate_set_not_verified_no_facilities,False,validation_only_not_scored,facility_accessibility_v0_S4_excluded_OSM_entrance_proxy,False,False,included_source_model_counts_zero_is_not_verified_absence,False,contains_assumed_connectors,7.086513994910941
3110197,세종대왕기념관교차로,골목상권,0.0247519417035206,25,True,,61.895674300254456,0.0,0.0,0.0,8.252756573367261,,0.0,0.0,0.0,insufficient_no_included_source_facility,3,0,0,3,0,zero_in_source_candidate_set_not_verified_no_facilities,False,validation_only_not_scored,facility_accessibility_v0_S4_excluded_OSM_entrance_proxy,False,False,included_source_model_counts_zero_is_not_verified_absence,False,contains_assumed_connectors,6.189567430025446
3110198,동대문중앙새마을금고본점,골목상권,0.0161275408825244,36,True,,95.61068702290076,0.0,0.0,0.0,12.748091603053435,,0.0,0.0,0.0,insufficient_no_included_source_facility,4,0,0,2,2,zero_in_source_candidate_set_not_verified_no_facilities,False,validation_only_not_scored,facility_accessibility_v0_S4_excluded_OSM_entrance_proxy,False,False,included_source_model_counts_zero_is_not_verified_absence,False,contains_assumed_connectors,9.561068702290076
3110199,홍릉시장,골목상권,0.0698235332546062,154,True,,95.61068702290076,0.0,0.0,0.0,12.748091603053435,,0.0,0.0,0.0,insufficient_no_included_source_facility,5,0,0,2,3,zero_in_source_candidate_set_not_verified_no_facilities,False,validation_only_not_scored,facility_accessibility_v0_S4_excluded_OSM_entrance_proxy,False,False,included_source_model_counts_zero_is_not_verified_absence,False,contains_assumed_connectors,9.561068702290076
3110200,동대문경찰서,골목상권,0.0353300631972771,33,True,,87.91348600508906,0.0,0.0,0.0,11.721798134011873,,0.0,0.0,0.0,insufficient_no_included_source_facility,3,0,0,1,2,zero_in_source_candidate_set_not_verified_no_facilities,False,validation_only_not_scored,facility_accessibility_v0_S4_excluded_OSM_entrance_proxy,False,False,included_source_model_counts_zero_is_not_verified_absence,False,contains_assumed_connectors,8.791348600508904
3110201,전농119안전센터,골목상권,0.0241304875105393,39,True,,95.61068702290076,0.0,7.487844408427876,0.0,12.748091603053435,20.23593601148131,0.25,0.0,0.0,exploratory_S4_excluded_operation_not_reverified,6,0,0,4,2,zero_in_source_candidate_set_not_verified_no_facilities,False,validation_only_not_scored,facility_accessibility_v0_S4_excluded_OSM_entrance_proxy,False,False,included_source_model_counts_zero_is_not_verified_absence,True,contains_assumed_connectors,15.176952008610982
3110202,전농1동주민센터(전농시장),골목상권,0.0297984669198958,51,True,,95.61068702290076,0.0,7.487844408427876,0.0,12.748091603053435,20.23593601148131,0.25,0.0,0.0,exploratory_S4_excluded_operation_not_reverified,6,0,0,2,4,zero_in_source_candidate_set_not_verified_no_facilities,False,validation_only_not_scored,facility_accessibility_v0_S4_excluded_OSM_entrance_proxy,False,False,included_source_model_counts_zero_is_not_verified_absence,True,contains_assumed_connectors,15.176952008610982
3110203,떡전교사거리,골목상권,0.0461444204305949,87,True,,79.26208651399492,0.0,0.0,0.0,10.568278201865988,,0.0,0.0,0.0,insufficient_no_included_source_facility,5,0,0,3,2,zero_in_source_candidate_set_not_verified_no_facilities,False,validation_only_not_scored,facility_accessibility_v0_S4_excluded_OSM_entrance_proxy,False,False,included_source_model_counts_zero_is_not_verified_absence,False,contains_assumed_connectors,7.926208651399492
3110204,간데메공원,골목상권,0.1224606929465254,222,True,,95.61068702290076,2.0,7.487844408427876,0.0,12.748091603053435,20.23593601148131,0.25,0.0,0.0,exploratory_S4_excluded_operation_not_reverified,13,0,0,7,6,zero_in_source_candidate_set_not_verified_no_facilities,False,validation_only_not_scored,facility_accessibility_v0_S4_excluded_OSM_entrance_proxy,False,False,included_source_model_counts_zero_is_not_verified_absence,True,contains_assumed_connectors,15.176952008610982
3110205,경희대삼거리,골목상권,0.0887479958423762,249,True,,75.12722646310432,0.0,53.14424635332253,0.0,10.016963528413909,63.16120988173644,3.0,0.0,0.0,exploratory_S4_excluded_operation_not_reverified,14,2,1,10,1,zero_in_source_candidate_set_not_verified_no_facilities,False,validation_only_not_scored,facility_accessibility_v0_S4_excluded_OSM_entrance_proxy,False,False,included_source_model_counts_zero_is_not_verified_absence,True,contains_assumed_connectors,47.370907411302326
3110206,텃골근린공원,골목상권,0.1005464312689159,169,True,,95.61068702290076,2.0,7.487844408427876,0.0,12.748091603053435,20.23593601148131,0.25,0.0,0.0,exploratory_S4_excluded_operation_not_reverified,9,0,0,6,3,zero_in_source_candidate_set_not_verified_no_facilities,False,validation_only_not_scored,facility_accessibility_v0_S4_excluded_OSM_entrance_proxy,False,False,included_source_model_counts_zero_is_not_verified_absence,True,contains_assumed_connectors,15.176952008610982
3110207,시립대앞사거리,골목상권,0.0293050178236987,69,True,,85.36895674300254,1.0,7.487844408427876,0.0,11.382527565733673,18.87037197416155,0.25,0.0,0.0,exploratory_S4_excluded_operation_not_reverified,4,0,0,3,1,zero_in_source_candidate_set_not_verified_no_facilities,False,validation_only_not_scored,facility_accessibility_v0_S4_excluded_OSM_entrance_proxy,False,False,included_source_model_counts_zero_is_not_verified_absence,True,contains_assumed_connectors,14.152778980621163
3110208,시조사삼거리,골목상권,0.0421905349934292,37,True,,75.12722646310432,0.0,26.20745542949757,0.0,10.016963528413909,36.22441895791148,0.75,0.0,0.0,exploratory_S4_excluded_operation_not_reverified,14,0,2,12,0,zero_in_source_candidate_set_not_verified_no_facilities,False,validation_only_not_scored,facility_accessibility_v0_S4_excluded_OSM_entrance_proxy,False,False,included_source_model_counts_zero_is_not_verified_absence,True,contains_assumed_connectors,27.16831421843361
3110209,답십리 장령당공원,골목상권,0.0279511850314422,50,True,,95.61068702290076,0.0,0.0,0.0,12.748091603053435,,0.0,0.0,0.0,insufficient_no_included_source_facility,8,0,0,7,1,zero_in_source_candidate_set_not_verified_no_facilities,False,validation_only_not_scored,facility_accessibility_v0_S4_excluded_OSM_entrance_proxy,False,False,included_source_model_counts_zero_is_not_verified_absence,False,contains_assumed_connectors,9.561068702290076
3110210,서울시립대,골목상권,0.1108858612695521,138,True,,85.36895674300254,2.0,38.703403565640194,0.0,11.382527565733673,50.08593113137387,1.25,0.0,0.0,exploratory_S4_excluded_operation_not_reverified,15,2,1,9,3,zero_in_source_candidate_set_not_verified_no_facilities,False,validation_only_not_scored,facility_accessibility_v0_S4_excluded_OSM_entrance_proxy,False,False,included_source_model_counts_zero_is_not_verified_absence,True,contains_assumed_connectors,37.564448348530405
3110211,전곡마을마당공원,골목상권,0.1263069266231812,174,True,,95.61068702290076,1.0,32.82009724473257,0.0,12.748091603053435,45.568188847786004,1.0,0.0,0.0,exploratory_S4_excluded_operation_not_reverified,10,0,0,9,1,zero_in_source_candidate_set_not_verified_no_facilities,False,validation_only_not_scored,facility_accessibility_v0_S4_excluded_OSM_entrance_proxy,False,False,included_source_model_counts_zero_is_not_verified_absence,True,contains_assumed_connectors,34.1761416358395
3110212,답십리초등학교,골목상권,0.0809199521336077,230,True,,95.61068702290076,2.0,53.14424635332253,0.0,12.748091603053435,65.89233795637597,3.0,0.0,0.0,exploratory_S4_excluded_operation_not_reverified,12,2,0,9,1,zero_in_source_candidate_set_not_verified_no_facilities,False,validation_only_not_scored,facility_accessibility_v0_S4_excluded_OSM_entrance_proxy,False,False,included_source_model_counts_zero_is_not_verified_absence,True,contains_assumed_connectors,49.419253467281976
3110213,청량초등학교,골목상권,0.0354284410966298,40,True,,82.44274809160305,0.0,49.93517017828201,0.0,10.99236641221374,60.92753659049575,2.5,0.0,0.0,exploratory_S4_excluded_operation_not_reverified,18,1,2,12,3,zero_in_source_candidate_set_not_verified_no_facilities,False,validation_only_not_scored,facility_accessibility_v0_S4_excluded_OSM_entrance_proxy,False,False,included_source_model_counts_zero_is_not_verified_absence,True,contains_assumed_connectors,45.69565244287181
3110214,경희대후문,골목상권,0.0798010251186227,81,True,,68.63867684478372,1.0,32.82009724473257,0.0,9.151823579304496,41.97192082403707,1.0,0.0,0.0,exploratory_S4_excluded_operation_not_reverified,15,0,2,10,3,zero_in_source_candidate_set_not_verified_no_facilities,False,validation_only_not_scored,facility_accessibility_v0_S4_excluded_OSM_entrance_proxy,False,False,included_source_model_counts_zero_is_not_verified_absence,True,contains_assumed_connectors,31.478940618027803
3110215,회기역 1번,골목상권,0.0514387853945348,64,True,,85.36895674300254,2.0,51.58833063209076,0.0,11.382527565733673,62.970858197824434,2.75,0.0,0.0,exploratory_S4_excluded_operation_not_reverified,19,1,2,14,2,zero_in_source_candidate_set_not_verified_no_facilities,False,validation_only_not_scored,facility_accessibility_v0_S4_excluded_OSM_entrance_proxy,False,False,included_source_model_counts_zero_is_not_verified_absence,True,contains_assumed_connectors,47.228143648368324
3110216,전농중학교,골목상권,0.0650193474167504,146,True,,95.61068702290076,1.0,26.20745542949757,0.0,12.748091603053435,38.95554703255101,0.75,0.0,0.0,exploratory_S4_excluded_operation_not_reverified,7,0,0,7,0,zero_in_source_candidate_set_not_verified_no_facilities,False,validation_only_not_scored,facility_accessibility_v0_S4_excluded_OSM_entrance_proxy,False,False,included_source_model_counts_zero_is_not_verified_absence,True,contains_assumed_connectors,29.216660274413258
3110217,자동차부품상가,골목상권,0.0566057280156147,421,True,,87.91348600508906,0.0,19.108589951377635,0.0,11.721798134011873,30.830388085389508,0.5,0.0,0.0,exploratory_S4_excluded_operation_not_reverified,7,0,0,5,2,zero_in_source_candidate_set_not_verified_no_facilities,False,validation_only_not_scored,facility_accessibility_v0_S4_excluded_OSM_entrance_proxy,False,False,included_source_model_counts_zero_is_not_verified_absence,True,contains_assumed_connectors,23.122791064042133
3110218,답십리사거리,골목상권,0.082097654773404,203,True,,95.61068702290076,2.0,48.379254457050244,0.0,12.748091603053435,61.127346060103676,2.25,0.0,0.0,exploratory_S4_excluded_operation_not_reverified,11,2,0,7,2,zero_in_source_candidate_set_not_verified_no_facilities,False,validation_only_not_scored,facility_accessibility_v0_S4_excluded_OSM_entrance_proxy,False,False,included_source_model_counts_zero_is_not_verified_absence,True,contains_assumed_connectors,45.84550954507776
3110219,삼육보건대학교,골목상권,0.1793076543769617,254,True,,90.0763358778626,2.0,46.72609400324149,0.0,12.010178117048348,58.73627212028984,2.0,0.0,0.0,exploratory_S4_excluded_operation_not_reverified,18,1,1,13,3,zero_in_source_candidate_set_not_verified_no_facilities,False,validation_only_not_scored,facility_accessibility_v0_S4_excluded_OSM_entrance_proxy,False,False,included_source_model_counts_zero_is_not_verified_absence,True,contains_assumed_connectors,44.05220409021738
3110220,외대앞역 1번,골목상권,0.0985497248085467,333,True,,85.36895674300254,5.0,51.58833063209076,0.0,11.382527565733673,62.970858197824434,2.75,0.0,0.0,exploratory_S4_excluded_operation_not_reverified,20,3,2,8,7,zero_in_source_candidate_set_not_verified_no_facilities,False,validation_only_not_scored,facility_accessibility_v0_S4_excluded_OSM_entrance_proxy,False,False,included_source_model_counts_zero_is_not_verified_absence,True,contains_assumed_connectors,47.228143648368324
3110221,의릉,골목상권,0.0470940757816898,43,True,,73.15521628498728,0.0,19.108589951377635,0.0,9.754028837998304,28.862618789375937,0.5,0.0,0.0,exploratory_S4_excluded_operation_not_reverified,3,0,0,3,0,zero_in_source_candidate_set_not_verified_no_facilities,False,validation_only_not_scored,facility_accessibility_v0_S4_excluded_OSM_entrance_proxy,False,False,included_source_model_counts_zero_is_not_verified_absence,True,contains_assumed_connectors,21.64696409203195
3110222,회기역 2번,골목상권,0.0103257161537975,26,True,,90.0763358778626,0.0,38.703403565640194,0.0,12.010178117048348,50.71358168268854,1.25,0.0,0.0,exploratory_S4_excluded_operation_not_reverified,14,0,0,9,5,zero_in_source_candidate_set_not_verified_no_facilities,False,validation_only_not_scored,facility_accessibility_v0_S4_excluded_OSM_entrance_proxy,False,False,included_source_model_counts_zero_is_not_verified_absence,True,contains_assumed_connectors,38.03518626201641
3110223,군자초등학교,골목상권,0.043548025769003,51,True,,68.63867684478372,0.0,7.487844408427876,0.0,9.151823579304496,16.639667987732373,0.25,0.0,0.0,exploratory_S4_excluded_operation_not_reverified,5,0,0,2,3,zero_in_source_candidate_set_not_verified_no_facilities,False,validation_only_not_scored,facility_accessibility_v0_S4_excluded_OSM_entrance_proxy,False,False,included_source_model_counts_zero_is_not_verified_absence,True,contains_assumed_connectors,12.47975099079928
3110224,외대앞역 2번,골목상권,0.0457347555159795,87,True,,90.0763358778626,0.0,19.108589951377635,0.0,12.010178117048348,31.118768068425982,0.5,0.0,0.0,exploratory_S4_excluded_operation_not_reverified,11,0,0,7,4,zero_in_source_candidate_set_not_verified_no_facilities,False,validation_only_not_scored,facility_accessibility_v0_S4_excluded_OSM_entrance_proxy,False,False,included_source_model_counts_zero_is_not_verified_absence,True,contains_assumed_connectors,23.339076051319488
3110225,촬영소사거리,골목상권,0.0547640913030407,132,True,,79.26208651399492,0.0,32.82009724473257,0.0,10.568278201865988,43.38837544659856,1.0,0.0,0.0,exploratory_S4_excluded_operation_not_reverified,9,1,0,2,6,zero_in_source_candidate_set_not_verified_no_facilities,False,validation_only_not_scored,facility_accessibility_v0_S4_excluded_OSM_entrance_proxy,False,False,included_source_model_counts_zero_is_not_verified_absence,True,contains_assumed_connectors,32.54128158494892
3110226,장안1동주민센터,골목상권,0.2856420191430507,665,True,,87.91348600508906,0.0,19.108589951377635,0.0,11.721798134011873,30.830388085389508,0.5,0.0,0.0,exploratory_S4_excluded_operation_not_reverified,11,0,0,9,2,zero_in_source_candidate_set_not_verified_no_facilities,False,validation_only_not_scored,facility_accessibility_v0_S4_excluded_OSM_entrance_proxy,False,False,included_source_model_counts_zero_is_not_verified_absence,True,contains_assumed_connectors,23.122791064042133
3110227,답십리공원,골목상권,0.0554153254727985,119,True,,90.0763358778626,0.0,19.108589951377635,0.0,12.010178117048348,31.118768068425982,0.5,0.0,0.0,exploratory_S4_excluded_operation_not_reverified,7,0,0,7,0,zero_in_source_candidate_set_not_verified_no_facilities,False,validation_only_not_scored,facility_accessibility_v0_S4_excluded_OSM_entrance_proxy,False,False,included_source_model_counts_zero_is_not_verified_absence,True,contains_assumed_connectors,23.339076051319488
3110228,장안근린공원,골목상권,0.1778013246829036,293,True,,87.91348600508906,0.0,32.82009724473257,0.0,11.721798134011873,44.54189537874444,1.0,0.0,0.0,exploratory_S4_excluded_operation_not_reverified,10,0,0,9,1,zero_in_source_candidate_set_not_verified_no_facilities,False,validation_only_not_scored,facility_accessibility_v0_S4_excluded_OSM_entrance_proxy,False,False,included_source_model_counts_zero_is_not_verified_absence,True,contains_assumed_connectors,33.40642153405833
3110229,장평중학교,골목상권,0.2054908375517188,330,True,,67.1119592875318,1.0,32.82009724473257,0.0,8.948261238337574,41.768358483070145,1.0,0.0,0.0,exploratory_S4_excluded_operation_not_reverified,11,1,0,6,4,zero_in_source_candidate_set_not_verified_no_facilities,False,validation_only_not_scored,facility_accessibility_v0_S4_excluded_OSM_entrance_proxy,False,False,included_source_model_counts_zero_is_not_verified_absence,True,contains_assumed_connectors,31.32626886230261
3110230,장안현대홈타운1차아파트,골목상권,0.079734772144026,164,True,,61.00508905852418,0.0,38.703403565640194,0.0,8.13401187446989,46.837415440110085,1.25,0.0,0.0,exploratory_S4_excluded_operation_not_reverified,8,0,0,7,1,zero_in_source_candidate_set_not_verified_no_facilities,False,validation_only_not_scored,facility_accessibility_v0_S4_excluded_OSM_entrance_proxy,False,False,included_source_model_counts_zero_is_not_verified_absence,True,contains_assumed_connectors,35.128061580082566
3110231,장안교,골목상권,0.0082497529832747,11,True,,72.01017811704835,0.0,19.108589951377635,0.0,9.601357082273115,28.70994703365075,0.5,0.0,0.0,exploratory_S4_excluded_operation_not_reverified,4,0,0,4,0,zero_in_source_candidate_set_not_verified_no_facilities,False,validation_only_not_scored,facility_accessibility_v0_S4_excluded_OSM_entrance_proxy,False,False,included_source_model_counts_zero_is_not_verified_absence,True,contains_assumed_connectors,21.532460275238062
3110232,동대부고,골목상권,0.1044546095658428,245,True,,72.01017811704835,1.0,42.49594813614263,0.0,9.601357082273115,52.09730521841574,1.5,0.0,0.0,exploratory_S4_excluded_operation_not_reverified,11,0,0,10,1,zero_in_source_candidate_set_not_verified_no_facilities,False,validation_only_not_scored,facility_accessibility_v0_S4_excluded_OSM_entrance_proxy,False,False,included_source_model_counts_zero_is_not_verified_absence,True,contains_assumed_connectors,39.07297891381181
3110233,중랑역 1번,골목상권,0.1242350532725703,147,True,,95.61068702290076,0.0,7.487844408427876,0.0,12.748091603053435,20.23593601148131,0.25,0.0,0.0,exploratory_S4_excluded_operation_not_reverified,9,0,1,7,1,zero_in_source_candidate_set_not_verified_no_facilities,False,validation_only_not_scored,facility_accessibility_v0_S4_excluded_OSM_entrance_proxy,False,False,included_source_model_counts_zero_is_not_verified_absence,True,contains_assumed_connectors,15.176952008610982
3110234,중랑역 4번,골목상권,0.0583766765967101,88,True,,95.61068702290076,0.0,7.487844408427876,0.0,12.748091603053435,20.23593601148131,0.25,0.0,0.0,exploratory_S4_excluded_operation_not_reverified,7,0,0,7,0,zero_in_source_candidate_set_not_verified_no_facilities,False,validation_only_not_scored,facility_accessibility_v0_S4_excluded_OSM_entrance_proxy,False,False,included_source_model_counts_zero_is_not_verified_absence,True,contains_assumed_connectors,15.176952008610982
3110235,세화어린이공원,골목상권,0.0326056392163437,24,True,,95.61068702290076,0.0,0.0,6.481947942905122,12.748091603053435,19.230039545958558,0.0,0.25,0.0,exploratory_S4_excluded_operation_not_reverified,8,0,1,3,4,zero_in_source_candidate_set_not_verified_no_facilities,False,validation_only_not_scored,facility_accessibility_v0_S4_excluded_OSM_entrance_proxy,False,False,included_source_model_counts_zero_is_not_verified_absence,True,contains_assumed_connectors,14.422529659468918
3110236,신묵초등학교,골목상권,0.1805116211631253,299,True,,95.61068702290076,2.0,32.82009724473257,0.0,12.748091603053435,45.568188847786004,1.0,0.0,0.0,exploratory_S4_excluded_operation_not_reverified,10,0,1,9,0,zero_in_source_candidate_set_not_verified_no_facilities,False,validation_only_not_scored,facility_accessibility_v0_S4_excluded_OSM_entrance_proxy,False,False,included_source_model_counts_zero_is_not_verified_absence,True,contains_assumed_connectors,34.1761416358395
3110237,메가박스 상봉,골목상권,0.1243144554495554,285,True,,95.61068702290076,1.0,19.108589951377635,0.0,12.748091603053435,31.85668155443107,0.5,0.0,0.0,exploratory_S4_excluded_operation_not_reverified,5,1,0,4,0,zero_in_source_candidate_set_not_verified_no_facilities,False,validation_only_not_scored,facility_accessibility_v0_S4_excluded_OSM_entrance_proxy,False,False,included_source_model_counts_zero_is_not_verified_absence,True,contains_assumed_connectors,23.8925111658233
3110238,배꽃어린이공원,골목상권,0.029151456515923,27,True,,95.61068702290076,0.0,7.487844408427876,6.481947942905122,12.748091603053435,26.717883954386433,0.25,0.25,0.0,exploratory_S4_excluded_operation_not_reverified,6,0,1,2,3,zero_in_source_candidate_set_not_verified_no_facilities,False,validation_only_not_scored,facility_accessibility_v0_S4_excluded_OSM_entrance_proxy,False,False,included_source_model_counts_zero_is_not_verified_absence,True,contains_assumed_connectors,20.038412965789824
3110239,중랑역 2번,골목상권,0.0103604971954484,29,True,,95.61068702290076,0.0,7.487844408427876,0.0,12.748091603053435,20.23593601148131,0.25,0.0,0.0,exploratory_S4_excluded_operation_not_reverified,8,0,1,7,0,zero_in_source_candidate_set_not_verified_no_facilities,False,validation_only_not_scored,facility_accessibility_v0_S4_excluded_OSM_entrance_proxy,False,False,included_source_model_counts_zero_is_not_verified_absence,True,contains_assumed_connectors,15.176952008610982
3110240,태릉시장 특화거리,골목상권,0.0455012034941063,136,True,,95.61068702290076,0.0,7.487844408427876,6.481947942905122,12.748091603053435,26.717883954386433,0.25,0.25,0.0,exploratory_S4_excluded_operation_not_reverified,9,0,1,6,2,zero_in_source_candidate_set_not_verified_no_facilities,False,validation_only_not_scored,facility_accessibility_v0_S4_excluded_OSM_entrance_proxy,False,False,included_source_model_counts_zero_is_not_verified_absence,True,contains_assumed_connectors,20.038412965789824
3110241,먹골역 5번,골목상권,0.0990002730364318,308,True,,95.61068702290076,5.0,48.379254457050244,0.0,12.748091603053435,61.127346060103676,2.25,0.0,0.0,exploratory_S4_excluded_operation_not_reverified,10,1,1,8,0,zero_in_source_candidate_set_not_verified_no_facilities,False,validation_only_not_scored,facility_accessibility_v0_S4_excluded_OSM_entrance_proxy,False,False,included_source_model_counts_zero_is_not_verified_absence,True,contains_assumed_connectors,45.84550954507776
3110242,면목5동주민센터,골목상권,0.1049296200184363,125,True,,79.26208651399492,1.0,0.0,0.0,10.568278201865988,,0.0,0.0,0.0,insufficient_no_included_source_facility,2,0,0,1,1,zero_in_source_candidate_set_not_verified_no_facilities,False,validation_only_not_scored,facility_accessibility_v0_S4_excluded_OSM_entrance_proxy,False,False,included_source_model_counts_zero_is_not_verified_absence,False,contains_assumed_connectors,7.926208651399492
3110243,중랑노인종합복지관,골목상권,0.1282032958632375,278,True,,90.0763358778626,0.0,19.108589951377635,0.0,12.010178117048348,31.118768068425982,0.5,0.0,0.0,exploratory_S4_excluded_operation_not_reverified,6,0,0,5,1,zero_in_source_candidate_set_not_verified_no_facilities,False,validation_only_not_scored,facility_accessibility_v0_S4_excluded_OSM_entrance_proxy,False,False,included_source_model_counts_zero_is_not_verified_absence,True,contains_assumed_connectors,23.339076051319488
3110244,중화역 4번,골목상권,0.0630174620019212,171,True,,95.61068702290076,0.0,38.703403565640194,6.481947942905122,12.748091603053435,57.93344311159875,1.25,0.25,0.0,exploratory_S4_excluded_operation_not_reverified,5,2,1,2,0,zero_in_source_candidate_set_not_verified_no_facilities,False,validation_only_not_scored,facility_accessibility_v0_S4_excluded_OSM_entrance_proxy,False,False,included_source_model_counts_zero_is_not_verified_absence,True,contains_assumed_connectors,43.45008233369906
3110245,KB국민은행 중화동지점,골목상권,0.0623260539079282,52,True,,95.61068702290076,0.0,7.487844408427876,0.0,12.748091603053435,20.23593601148131,0.25,0.0,0.0,exploratory_S4_excluded_operation_not_reverified,13,0,1,11,1,zero_in_source_candidate_set_not_verified_no_facilities,False,validation_only_not_scored,facility_accessibility_v0_S4_excluded_OSM_entrance_proxy,False,False,included_source_model_counts_zero_is_not_verified_absence,True,contains_assumed_connectors,15.176952008610982
3110246,월드순복음교회,골목상권,0.087285940276567,178,True,,95.61068702290076,1.0,38.703403565640194,6.481947942905122,12.748091603053435,57.93344311159875,1.25,0.25,0.0,exploratory_S4_excluded_operation_not_reverified,11,1,0,9,1,zero_in_source_candidate_set_not_verified_no_facilities,False,validation_only_not_scored,facility_accessibility_v0_S4_excluded_OSM_entrance_proxy,False,False,included_source_model_counts_zero_is_not_verified_absence,True,contains_assumed_connectors,43.45008233369906
3110247,먹골역 1번,골목상권,0.148325610470121,231,True,,87.91348600508906,3.0,51.58833063209076,0.0,11.721798134011873,63.310128766102636,2.75,0.0,0.0,exploratory_S4_excluded_operation_not_reverified,11,2,0,7,2,zero_in_source_candidate_set_not_verified_no_facilities,False,validation_only_not_scored,facility_accessibility_v0_S4_excluded_OSM_entrance_proxy,False,False,included_source_model_counts_zero_is_not_verified_absence,True,contains_assumed_connectors,47.482596574576974
3110248,먹골파출소,골목상권,0.0376145896753708,44,True,,82.44274809160305,1.0,26.20745542949757,0.0,10.99236641221374,37.19982184171131,0.75,0.0,0.0,exploratory_S4_excluded_operation_not_reverified,13,0,0,11,2,zero_in_source_candidate_set_not_verified_no_facilities,False,validation_only_not_scored,facility_accessibility_v0_S4_excluded_OSM_entrance_proxy,False,False,included_source_model_counts_zero_is_not_verified_absence,True,contains_assumed_connectors,27.899866381283484
3110249,중화역 1번,골목상권,0.1701860947449378,268,True,,95.61068702290076,1.0,19.108589951377635,6.481947942905122,12.748091603053435,38.33862949733619,0.5,0.25,0.0,exploratory_S4_excluded_operation_not_reverified,8,0,1,6,1,zero_in_source_candidate_set_not_verified_no_facilities,False,validation_only_not_scored,facility_accessibility_v0_S4_excluded_OSM_entrance_proxy,False,False,included_source_model_counts_zero_is_not_verified_absence,True,contains_assumed_connectors,28.753972123002143
3110250,화랑대역 7번,골목상권,0.0393363979829653,79,True,,95.61068702290076,2.0,26.20745542949757,0.0,12.748091603053435,38.95554703255101,0.75,0.0,0.0,exploratory_S4_excluded_operation_not_reverified,17,0,0,10,7,zero_in_source_candidate_set_not_verified_no_facilities,False,validation_only_not_scored,facility_accessibility_v0_S4_excluded_OSM_entrance_proxy,False,False,included_source_model_counts_zero_is_not_verified_absence,True,contains_assumed_connectors,29.216660274413258
3110251,장안중학교,골목상권,0.0904868492452987,164,True,,95.61068702290076,0.0,19.108589951377635,6.481947942905122,12.748091603053435,38.33862949733619,0.5,0.25,0.0,exploratory_S4_excluded_operation_not_reverified,11,0,1,7,3,zero_in_source_candidate_set_not_verified_no_facilities,False,validation_only_not_scored,facility_accessibility_v0_S4_excluded_OSM_entrance_proxy,False,False,included_source_model_counts_zero_is_not_verified_absence,True,contains_assumed_connectors,28.753972123002143
3110252,장안제일시장,골목상권,0.1214508709386858,216,True,,95.61068702290076,2.0,0.0,6.481947942905122,12.748091603053435,19.230039545958558,0.0,0.25,0.0,exploratory_S4_excluded_operation_not_reverified,8,0,0,4,4,zero_in_source_candidate_set_not_verified_no_facilities,False,validation_only_not_scored,facility_accessibility_v0_S4_excluded_OSM_entrance_proxy,False,False,included_source_model_counts_zero_is_not_verified_absence,True,contains_assumed_connectors,14.422529659468918
3110253,중곡초등학교,골목상권,0.0864370227763887,174,True,,82.44274809160305,0.0,19.108589951377635,6.481947942905122,10.99236641221374,36.582904306496495,0.5,0.25,0.0,exploratory_S4_excluded_operation_not_reverified,10,0,0,9,1,zero_in_source_candidate_set_not_verified_no_facilities,False,validation_only_not_scored,facility_accessibility_v0_S4_excluded_OSM_entrance_proxy,False,False,included_source_model_counts_zero_is_not_verified_absence,True,contains_assumed_connectors,27.437178229872373
3110254,오거리공원,골목상권,0.1654879295624417,312,True,,85.36895674300254,0.0,38.703403565640194,0.0,11.382527565733673,50.08593113137387,1.25,0.0,0.0,exploratory_S4_excluded_operation_not_reverified,7,0,0,7,0,zero_in_source_candidate_set_not_verified_no_facilities,False,validation_only_not_scored,facility_accessibility_v0_S4_excluded_OSM_entrance_proxy,False,False,included_source_model_counts_zero_is_not_verified_absence,True,contains_assumed_connectors,37.564448348530405
3110255,상봉역 4번,골목상권,0.1910985933563762,315,True,,95.61068702290076,2.0,48.379254457050244,21.09151973131822,12.748091603053435,82.2188657914219,2.25,1.0,0.0,exploratory_S4_excluded_operation_not_reverified,13,3,0,10,0,zero_in_source_candidate_set_not_verified_no_facilities,False,validation_only_not_scored,facility_accessibility_v0_S4_excluded_OSM_entrance_proxy,False,False,included_source_model_counts_zero_is_not_verified_absence,True,contains_assumed_connectors,61.66414934356643
3110256,면목2동체육관,골목상권,0.2216910333220373,291,True,,95.61068702290076,0.0,32.82009724473257,6.481947942905122,12.748091603053435,52.05013679069113,1.0,0.25,0.0,exploratory_S4_excluded_operation_not_reverified,12,0,0,9,3,zero_in_source_candidate_set_not_verified_no_facilities,False,validation_only_not_scored,facility_accessibility_v0_S4_excluded_OSM_entrance_proxy,False,False,included_source_model_counts_zero_is_not_verified_absence,True,contains_assumed_connectors,39.03760259301835
3110257,상봉역 7번,골목상권,0.1142403749816361,133,True,,95.61068702290076,0.0,32.82009724473257,0.0,12.748091603053435,45.568188847786004,1.0,0.0,0.0,exploratory_S4_excluded_operation_not_reverified,15,0,0,12,3,zero_in_source_candidate_set_not_verified_no_facilities,False,validation_only_not_scored,facility_accessibility_v0_S4_excluded_OSM_entrance_proxy,False,False,included_source_model_counts_zero_is_not_verified_absence,True,contains_assumed_connectors,34.1761416358395
3110258,면동초등학교,골목상권,0.1113461098410158,167,True,,90.0763358778626,0.0,7.487844408427876,21.09151973131822,12.010178117048348,40.589542256794445,0.25,1.0,0.0,exploratory_S4_excluded_operation_not_reverified,7,1,0,2,4,zero_in_source_candidate_set_not_verified_no_facilities,False,validation_only_not_scored,facility_accessibility_v0_S4_excluded_OSM_entrance_proxy,False,False,included_source_model_counts_zero_is_not_verified_absence,True,contains_assumed_connectors,30.442156692595834
3110259,사가정역 1번,골목상권,0.0862321141327754,220,True,,85.36895674300254,0.0,32.82009724473257,0.0,11.382527565733673,44.20262481046625,1.0,0.0,0.0,exploratory_S4_excluded_operation_not_reverified,7,0,0,7,0,zero_in_source_candidate_set_not_verified_no_facilities,False,validation_only_not_scored,facility_accessibility_v0_S4_excluded_OSM_entrance_proxy,False,False,included_source_model_counts_zero_is_not_verified_absence,True,contains_assumed_connectors,33.15196860784968
3110260,면목역 3번,골목상권,0.0658904349752958,168,True,,95.61068702290076,2.0,42.49594813614263,6.481947942905122,12.748091603053435,61.72598768210119,1.5,0.25,0.0,exploratory_S4_excluded_operation_not_reverified,10,1,0,6,3,zero_in_source_candidate_set_not_verified_no_facilities,False,validation_only_not_scored,facility_accessibility_v0_S4_excluded_OSM_entrance_proxy,False,False,included_source_model_counts_zero_is_not_verified_absence,True,contains_assumed_connectors,46.294490761575894
3110261,사가정역 4번,골목상권,0.1094184543333116,148,True,,85.36895674300254,1.0,32.82009724473257,0.0,11.382527565733673,44.20262481046625,1.0,0.0,0.0,exploratory_S4_excluded_operation_not_reverified,7,0,0,7,0,zero_in_source_candidate_set_not_verified_no_facilities,False,validation_only_not_scored,facility_accessibility_v0_S4_excluded_OSM_entrance_proxy,False,False,included_source_model_counts_zero_is_not_verified_absence,True,contains_assumed_connectors,33.15196860784968
3110262,상봉역 3번,골목상권,0.1218817002563496,320,True,,95.61068702290076,0.0,46.72609400324149,0.0,12.748091603053435,59.474185606294924,2.0,0.0,0.0,exploratory_S4_excluded_operation_not_reverified,14,1,0,12,1,zero_in_source_candidate_set_not_verified_no_facilities,False,validation_only_not_scored,facility_accessibility_v0_S4_excluded_OSM_entrance_proxy,False,False,included_source_model_counts_zero_is_not_verified_absence,True,contains_assumed_connectors,44.60563920472119
3110263,면목역 1번,골목상권,0.1519865431379663,163,True,,95.61068702290076,0.0,32.82009724473257,6.481947942905122,12.748091603053435,52.05013679069113,1.0,0.25,0.0,exploratory_S4_excluded_operation_not_reverified,15,0,0,13,2,zero_in_source_candidate_set_not_verified_no_facilities,False,validation_only_not_scored,facility_accessibility_v0_S4_excluded_OSM_entrance_proxy,False,False,included_source_model_counts_zero_is_not_verified_absence,True,contains_assumed_connectors,39.03760259301835
3110264,면목역 2번,골목상권,0.216780647979813,322,True,,90.0763358778626,0.0,19.108589951377635,6.481947942905122,12.010178117048348,37.6007160113311,0.5,0.25,0.0,exploratory_S4_excluded_operation_not_reverified,6,0,0,5,1,zero_in_source_candidate_set_not_verified_no_facilities,False,validation_only_not_scored,facility_accessibility_v0_S4_excluded_OSM_entrance_proxy,False,False,included_source_model_counts_zero_is_not_verified_absence,True,contains_assumed_connectors,28.200537008498326
3110265,망우역 1번,골목상권,0.1647188495382376,146,True,,95.61068702290076,0.0,32.82009724473257,0.0,12.748091603053435,45.568188847786004,1.0,0.0,0.0,exploratory_S4_excluded_operation_not_reverified,14,0,0,14,0,zero_in_source_candidate_set_not_verified_no_facilities,False,validation_only_not_scored,facility_accessibility_v0_S4_excluded_OSM_entrance_proxy,False,False,included_source_model_counts_zero_is_not_verified_absence,True,contains_assumed_connectors,34.1761416358395
3110266,면목동우체국,골목상권,0.1139593166580966,163,True,,85.36895674300254,0.0,19.108589951377635,0.0,11.382527565733673,30.491117517111306,0.5,0.0,0.0,exploratory_S4_excluded_operation_not_reverified,8,0,0,7,1,zero_in_source_candidate_set_not_verified_no_facilities,False,validation_only_not_scored,facility_accessibility_v0_S4_excluded_OSM_entrance_proxy,False,False,included_source_model_counts_zero_is_not_verified_absence,True,contains_assumed_connectors,22.86833813783348
3110267,망우역 2번,골목상권,0.1255853213860271,213,True,,79.26208651399492,3.0,26.20745542949757,0.0,10.568278201865988,36.77573363136356,0.75,0.0,0.0,exploratory_S4_excluded_operation_not_reverified,13,0,0,12,1,zero_in_source_candidate_set_not_verified_no_facilities,False,validation_only_not_scored,facility_accessibility_v0_S4_excluded_OSM_entrance_proxy,False,False,included_source_model_counts_zero_is_not_verified_absence,True,contains_assumed_connectors,27.58180022352267
3110268,망우3동주민센터,골목상권,0.0711820170847589,87,True,,50.06361323155216,0.0,19.108589951377635,0.0,6.675148430873621,25.783738382251258,0.5,0.0,0.0,exploratory_S4_excluded_operation_not_reverified,8,0,0,7,1,zero_in_source_candidate_set_not_verified_no_facilities,False,validation_only_not_scored,facility_accessibility_v0_S4_excluded_OSM_entrance_proxy,False,False,included_source_model_counts_zero_is_not_verified_absence,True,contains_assumed_connectors,19.337803786688443
3110269,용마문화복지센터,골목상권,0.0500271978814398,74,True,,45.16539440203562,3.0,32.82009724473257,0.0,6.022052586938083,38.84214983167065,1.0,0.0,0.0,exploratory_S4_excluded_operation_not_reverified,4,1,0,1,2,zero_in_source_candidate_set_not_verified_no_facilities,False,validation_only_not_scored,facility_accessibility_v0_S4_excluded_OSM_entrance_proxy,False,False,included_source_model_counts_zero_is_not_verified_absence,True,contains_assumed_connectors,29.13161237375299
3110270,혜원여고,골목상권,0.0356163680036124,55,True,,46.81933842239186,0.0,7.487844408427876,0.0,6.242578456318914,13.73042286474679,0.25,0.0,0.0,exploratory_S4_excluded_operation_not_reverified,3,0,0,3,0,zero_in_source_candidate_set_not_verified_no_facilities,False,validation_only_not_scored,facility_accessibility_v0_S4_excluded_OSM_entrance_proxy,False,False,included_source_model_counts_zero_is_not_verified_absence,True,contains_assumed_connectors,10.297817148560092
3110271,신내역 1번,골목상권,0.1125087528143553,36,True,,50.31806615776081,0.0,0.0,0.0,6.709075487701441,,0.0,0.0,0.0,insufficient_no_included_source_facility,1,0,0,0,1,zero_in_source_candidate_set_not_verified_no_facilities,False,validation_only_not_scored,facility_accessibility_v0_S4_excluded_OSM_entrance_proxy,False,False,included_source_model_counts_zero_is_not_verified_absence,False,contains_unresolved_connections,5.031806615776081
3110272,신내1동주민센터,골목상권,0.1462391737222117,389,True,,38.23155216284987,8.0,53.14424635332253,0.0,5.097540288379983,58.24178664170251,3.0,0.0,0.0,exploratory_S4_excluded_operation_not_reverified,9,4,0,0,5,zero_in_source_candidate_set_not_verified_no_facilities,False,validation_only_not_scored,facility_accessibility_v0_S4_excluded_OSM_entrance_proxy,False,False,included_source_model_counts_zero_is_not_verified_absence,True,contains_unresolved_connections,43.681339981276885
3110273,장스여성병원,골목상권,0.0691761601215344,121,True,,30.72519083969465,0.0,19.108589951377635,0.0,4.096692111959287,23.205282063336924,0.5,0.0,0.0,exploratory_S4_excluded_operation_not_reverified,11,1,0,8,2,zero_in_source_candidate_set_not_verified_no_facilities,False,validation_only_not_scored,facility_accessibility_v0_S4_excluded_OSM_entrance_proxy,False,False,included_source_model_counts_zero_is_not_verified_absence,True,contains_assumed_connectors,17.403961547502693
3110274,서일대학교,골목상권,0.1639716463826162,262,True,,47.90076335877863,1.0,38.703403565640194,0.0,6.386768447837151,45.09017201347734,1.25,0.0,0.0,exploratory_S4_excluded_operation_not_reverified,3,1,0,2,0,zero_in_source_candidate_set_not_verified_no_facilities,False,validation_only_not_scored,facility_accessibility_v0_S4_excluded_OSM_entrance_proxy,False,False,included_source_model_counts_zero_is_not_verified_absence,True,contains_assumed_connectors,33.81762901010801
3110275,하나은행 망우동지점,골목상권,0.0354499701543451,95,True,,31.806615776081426,0.0,19.108589951377635,0.0,4.2408821034775235,23.34947205485516,0.5,0.0,0.0,exploratory_S4_excluded_operation_not_reverified,9,0,0,7,2,zero_in_source_candidate_set_not_verified_no_facilities,False,validation_only_not_scored,facility_accessibility_v0_S4_excluded_OSM_entrance_proxy,False,False,included_source_model_counts_zero_is_not_verified_absence,True,contains_assumed_connectors,17.51210404114137
3110276,신내IC북측,골목상권,0.1188224675886594,24,True,,31.93384223918575,0.0,0.0,0.0,4.257845631891433,,0.0,0.0,0.0,insufficient_no_included_source_facility,0,0,0,0,0,zero_in_source_candidate_set_not_verified_no_facilities,False,validation_only_not_scored,facility_accessibility_v0_S4_excluded_OSM_entrance_proxy,False,False,included_source_model_counts_zero_is_not_verified_absence,False,no_source_candidate_pairs,3.193384223918575
3110277,러스크서울병원,골목상권,0.1180817161098885,162,True,,19.083969465648856,0.0,0.0,0.0,2.544529262086514,,0.0,0.0,0.0,insufficient_no_included_source_facility,9,0,0,8,1,zero_in_source_candidate_set_not_verified_no_facilities,False,validation_only_not_scored,facility_accessibility_v0_S4_excluded_OSM_entrance_proxy,False,False,included_source_model_counts_zero_is_not_verified_absence,False,contains_assumed_connectors,1.9083969465648856
3110278,망우본동주민센터,골목상권,0.1374168462948286,257,True,,18.3206106870229,1.0,32.82009724473257,6.481947942905122,2.442748091603053,41.744793279240746,1.0,0.25,0.0,exploratory_S4_excluded_operation_not_reverified,13,2,0,7,4,zero_in_source_candidate_set_not_verified_no_facilities,False,validation_only_not_scored,facility_accessibility_v0_S4_excluded_OSM_entrance_proxy,False,False,included_source_model_counts_zero_is_not_verified_absence,True,contains_assumed_connectors,31.308594959430557
3110279,신내역 2번,골목상권,0.4808446174550623,82,True,,34.73282442748092,0.0,0.0,0.0,4.631043256997456,,0.0,0.0,0.0,insufficient_no_included_source_facility,2,0,0,0,2,zero_in_source_candidate_set_not_verified_no_facilities,False,validation_only_not_scored,facility_accessibility_v0_S4_excluded_OSM_entrance_proxy,False,False,included_source_model_counts_zero_is_not_verified_absence,False,contains_unresolved_connections,3.473282442748092
3110280,북정마을,골목상권,0.1509642061475971,22,True,,8.269720101781171,0.0,0.0,0.0,1.1026293469041561,,0.0,0.0,0.0,insufficient_no_included_source_facility,4,0,0,3,1,zero_in_source_candidate_set_not_verified_no_facilities,False,validation_only_not_scored,facility_accessibility_v0_S4_excluded_OSM_entrance_proxy,False,False,included_source_model_counts_zero_is_not_verified_absence,False,contains_assumed_connectors,0.8269720101781171
3110283,성북초등학교앞,골목상권,0.0422099568093369,57,True,,24.42748091603053,0.0,0.0,0.0,3.2569974554707373,,0.0,0.0,0.0,insufficient_no_included_source_facility,8,0,0,3,5,zero_in_source_candidate_set_not_verified_no_facilities,False,validation_only_not_scored,facility_accessibility_v0_S4_excluded_OSM_entrance_proxy,False,False,included_source_model_counts_zero_is_not_verified_absence,False,contains_assumed_connectors,2.442748091603053
3110285,홍대부중,골목상권,0.0900031822053643,95,True,,45.16539440203562,0.0,0.0,0.0,6.022052586938083,,0.0,0.0,0.0,insufficient_no_included_source_facility,9,0,0,8,1,zero_in_source_candidate_set_not_verified_no_facilities,False,validation_only_not_scored,facility_accessibility_v0_S4_excluded_OSM_entrance_proxy,False,False,included_source_model_counts_zero_is_not_verified_absence,False,contains_assumed_connectors,4.516539440203562
3110286,한성대입구역 5번,골목상권,0.1120926744171586,131,True,,48.409669211195926,0.0,45.02431118314424,6.481947942905122,6.45462256149279,57.960881687542155,1.75,0.25,0.0,exploratory_S4_excluded_operation_not_reverified,30,1,1,23,5,zero_in_source_candidate_set_not_verified_no_facilities,False,validation_only_not_scored,facility_accessibility_v0_S4_excluded_OSM_entrance_proxy,False,False,included_source_model_counts_zero_is_not_verified_absence,True,contains_assumed_connectors,43.47066126565662
3110288,동구여중,골목상권,0.0826974634482829,130,True,,48.409669211195926,0.0,38.703403565640194,0.0,6.45462256149279,45.158026127132985,1.25,0.0,0.0,exploratory_S4_excluded_operation_not_reverified,15,0,0,11,4,zero_in_source_candidate_set_not_verified_no_facilities,False,validation_only_not_scored,facility_accessibility_v0_S4_excluded_OSM_entrance_proxy,False,False,included_source_model_counts_zero_is_not_verified_absence,True,contains_assumed_connectors,33.86851959534974
3110291,한성대입구역 3번,골목상권,0.1755499776195828,233,True,,49.36386768447837,0.0,45.02431118314424,21.09151973131822,6.581849024597116,72.69767993905958,1.75,1.0,0.0,exploratory_S4_excluded_operation_not_reverified,30,1,0,14,15,zero_in_source_candidate_set_not_verified_no_facilities,False,validation_only_not_scored,facility_accessibility_v0_S4_excluded_OSM_entrance_proxy,False,False,included_source_model_counts_zero_is_not_verified_absence,True,contains_assumed_connectors,54.52325995429469
3110293,삼선중학교,골목상권,0.0797702621635996,201,True,,48.409669211195926,0.0,49.93517017828201,0.0,6.45462256149279,56.3897927397748,2.5,0.0,0.0,exploratory_S4_excluded_operation_not_reverified,24,0,0,23,1,zero_in_source_candidate_set_not_verified_no_facilities,False,validation_only_not_scored,facility_accessibility_v0_S4_excluded_OSM_entrance_proxy,False,False,included_source_model_counts_zero_is_not_verified_absence,True,contains_assumed_connectors,42.2923445548311
3110295,정릉우체국,골목상권,0.1529854758988045,152,True,,4.007633587786259,3.0,32.82009724473257,15.34844668345928,0.5343511450381678,48.70289507323002,1.0,0.5,0.0,exploratory_S4_excluded_operation_not_reverified,11,0,1,9,1,zero_in_source_candidate_set_not_verified_no_facilities,False,validation_only_not_scored,facility_accessibility_v0_S4_excluded_OSM_entrance_proxy,False,False,included_source_model_counts_zero_is_not_verified_absence,True,contains_assumed_connectors,36.52717130492251
3110296,성신여대입구역 4번,골목상권,0.0594152883932045,145,True,,43.12977099236641,1.0,38.703403565640194,15.34844668345928,5.750636132315521,59.802486381414994,1.25,0.5,0.0,exploratory_S4_excluded_operation_not_reverified,17,0,1,15,1,zero_in_source_candidate_set_not_verified_no_facilities,False,validation_only_not_scored,facility_accessibility_v0_S4_excluded_OSM_entrance_proxy,False,False,included_source_model_counts_zero_is_not_verified_absence,True,contains_assumed_connectors,44.85186478606124
3110297,경동고등학교,골목상권,0.1671365327862268,224,True,,58.14249363867684,0.0,54.06807131280389,15.34844668345928,7.752332485156912,77.16885048142008,3.25,0.5,0.0,exploratory_S4_excluded_operation_not_reverified,29,0,0,24,5,zero_in_source_candidate_set_not_verified_no_facilities,False,validation_only_not_scored,facility_accessibility_v0_S4_excluded_OSM_entrance_proxy,False,False,included_source_model_counts_zero_is_not_verified_absence,True,contains_assumed_connectors,57.87663786106506
3110298,솔숲어린이공원,골목상권,0.0378729021594853,39,True,,4.007633587786259,3.0,0.0,0.0,0.5343511450381678,,0.0,0.0,0.0,insufficient_no_included_source_facility,10,2,1,3,4,zero_in_source_candidate_set_not_verified_no_facilities,False,validation_only_not_scored,facility_accessibility_v0_S4_excluded_OSM_entrance_proxy,False,False,included_source_model_counts_zero_is_not_verified_absence,False,contains_assumed_connectors,0.4007633587786259
3110299,정릉역 1번,골목상권,0.1408039180360215,259,True,,37.849872773536894,0.0,7.487844408427876,18.572628043660792,5.046649703138253,31.10712215522692,0.25,0.75,0.0,exploratory_S4_excluded_operation_not_reverified,9,0,1,7,1,zero_in_source_candidate_set_not_verified_no_facilities,False,validation_only_not_scored,facility_accessibility_v0_S4_excluded_OSM_entrance_proxy,False,False,included_source_model_counts_zero_is_not_verified_absence,True,contains_assumed_connectors,23.330341616420192
3110300,삼선동주민센터,골목상권,0.1555438898187097,244,True,,58.14249363867684,1.0,46.72609400324149,0.0,7.752332485156912,54.478426488398405,2.0,0.0,0.0,exploratory_S4_excluded_operation_not_reverified,25,0,0,20,5,zero_in_source_candidate_set_not_verified_no_facilities,False,validation_only_not_scored,facility_accessibility_v0_S4_excluded_OSM_entrance_proxy,False,False,included_source_model_counts_zero_is_not_verified_absence,True,contains_assumed_connectors,40.8588198662988
3110301,성신여대입구역 7번,골목상권,0.1072925400289165,125,True,,43.12977099236641,0.0,42.49594813614263,6.481947942905122,5.750636132315521,54.72853221136327,1.5,0.25,0.0,exploratory_S4_excluded_operation_not_reverified,17,0,1,15,1,zero_in_source_candidate_set_not_verified_no_facilities,False,validation_only_not_scored,facility_accessibility_v0_S4_excluded_OSM_entrance_proxy,False,False,included_source_model_counts_zero_is_not_verified_absence,True,contains_assumed_connectors,41.046399158522455
3110302,보문역 8번,골목상권,0.0674811155752816,136,True,,60.30534351145038,0.0,19.108589951377635,6.481947942905122,8.040712468193384,33.63125036247614,0.5,0.25,0.0,exploratory_S4_excluded_operation_not_reverified,9,0,0,5,4,zero_in_source_candidate_set_not_verified_no_facilities,False,validation_only_not_scored,facility_accessibility_v0_S4_excluded_OSM_entrance_proxy,False,False,included_source_model_counts_zero_is_not_verified_absence,True,contains_assumed_connectors,25.223437771857103
3110303,성신여대입구역 1번,골목상권,0.109216544305315,139,True,,43.12977099236641,3.0,42.49594813614263,0.0,5.750636132315521,48.24658426845815,1.5,0.0,0.0,exploratory_S4_excluded_operation_not_reverified,15,0,0,13,2,zero_in_source_candidate_set_not_verified_no_facilities,False,validation_only_not_scored,facility_accessibility_v0_S4_excluded_OSM_entrance_proxy,False,False,included_source_model_counts_zero_is_not_verified_absence,True,contains_assumed_connectors,36.18493820134361
3110304,보문역 4번,골목상권,0.0932179393642146,138,True,,58.71501272264631,1.0,46.72609400324149,6.481947942905122,7.828668363019507,61.036710309166125,2.0,0.25,0.0,exploratory_S4_excluded_operation_not_reverified,21,1,0,20,0,zero_in_source_candidate_set_not_verified_no_facilities,False,validation_only_not_scored,facility_accessibility_v0_S4_excluded_OSM_entrance_proxy,False,False,included_source_model_counts_zero_is_not_verified_absence,True,contains_assumed_connectors,45.777532731874594
3110305,보문역 5번,골목상권,0.1473129338836373,168,True,,61.32315521628499,2.0,38.703403565640194,6.481947942905122,8.176420695504666,53.361772204049984,1.25,0.25,0.0,exploratory_S4_excluded_operation_not_reverified,14,1,0,12,1,zero_in_source_candidate_set_not_verified_no_facilities,False,validation_only_not_scored,facility_accessibility_v0_S4_excluded_OSM_entrance_proxy,False,False,included_source_model_counts_zero_is_not_verified_absence,True,contains_assumed_connectors,40.021329153037485
3110306,미아초등학교,골목상권,0.0326005221212482,100,True,,37.849872773536894,2.0,0.0,0.0,5.046649703138253,,0.0,0.0,0.0,insufficient_no_included_source_facility,10,1,0,3,6,zero_in_source_candidate_set_not_verified_no_facilities,False,validation_only_not_scored,facility_accessibility_v0_S4_excluded_OSM_entrance_proxy,False,False,included_source_model_counts_zero_is_not_verified_absence,False,contains_assumed_connectors,3.7849872773536894
3110307,길음역 7번,골목상권,0.0551707464218871,175,True,,37.849872773536894,2.0,7.487844408427876,21.09151973131822,5.046649703138253,33.62601384288435,0.25,1.0,0.0,exploratory_S4_excluded_operation_not_reverified,14,2,1,8,3,zero_in_source_candidate_set_not_verified_no_facilities,False,validation_only_not_scored,facility_accessibility_v0_S4_excluded_OSM_entrance_proxy,False,False,included_source_model_counts_zero_is_not_verified_absence,True,contains_assumed_connectors,25.21951038216326
3110308,길음역 8번,골목상권,0.084904448353221,169,True,,38.8676844783715,1.0,19.108589951377635,15.34844668345928,5.182357930449533,39.639394565286445,0.5,0.5,0.0,exploratory_S4_excluded_operation_not_reverified,16,0,1,12,3,zero_in_source_candidate_set_not_verified_no_facilities,False,validation_only_not_scored,facility_accessibility_v0_S4_excluded_OSM_entrance_proxy,False,False,included_source_model_counts_zero_is_not_verified_absence,True,contains_assumed_connectors,29.729545923964835
3110309,대광초등학교,골목상권,0.0726227201352281,91,True,,82.44274809160305,0.0,26.20745542949757,6.481947942905122,10.99236641221374,43.681769784616435,0.75,0.25,0.0,exploratory_S4_excluded_operation_not_reverified,9,0,0,9,0,zero_in_source_candidate_set_not_verified_no_facilities,False,validation_only_not_scored,facility_accessibility_v0_S4_excluded_OSM_entrance_proxy,False,False,included_source_model_counts_zero_is_not_verified_absence,True,contains_assumed_connectors,32.76132733846232
3110310,길음역 10번,골목상권,0.0219241396078357,12,True,,38.8676844783715,0.0,26.20745542949757,6.481947942905122,5.182357930449533,37.87176130285223,0.75,0.25,0.0,exploratory_S4_excluded_operation_not_reverified,12,0,1,8,3,zero_in_source_candidate_set_not_verified_no_facilities,False,validation_only_not_scored,facility_accessibility_v0_S4_excluded_OSM_entrance_proxy,False,False,included_source_model_counts_zero_is_not_verified_absence,True,contains_assumed_connectors,28.40382097713917
3110311,종암아이파크2차후문,골목상권,0.0262502299079008,8,True,,36.45038167938932,1.0,7.487844408427876,0.0,4.860050890585242,12.347895299013118,0.25,0.0,0.0,exploratory_S4_excluded_operation_not_reverified,9,0,0,7,2,zero_in_source_candidate_set_not_verified_no_facilities,False,validation_only_not_scored,facility_accessibility_v0_S4_excluded_OSM_entrance_proxy,False,False,included_source_model_counts_zero_is_not_verified_absence,True,contains_assumed_connectors,9.260921474259838
3110312,안암역 2번,골목상권,0.0850533300343751,152,True,,57.50636132315522,4.0,42.49594813614263,0.0,7.667514843087362,50.16346297922999,1.5,0.0,0.0,exploratory_S4_excluded_operation_not_reverified,11,1,0,8,2,zero_in_source_candidate_set_not_verified_no_facilities,False,validation_only_not_scored,facility_accessibility_v0_S4_excluded_OSM_entrance_proxy,False,False,included_source_model_counts_zero_is_not_verified_absence,True,contains_assumed_connectors,37.62259723442249
3110313,안암역 3번,골목상권,0.082226772520556,253,True,,61.00508905852418,4.0,54.06807131280389,0.0,8.13401187446989,62.20208318727378,3.25,0.0,0.0,exploratory_S4_excluded_operation_not_reverified,11,4,0,5,2,zero_in_source_candidate_set_not_verified_no_facilities,False,validation_only_not_scored,facility_accessibility_v0_S4_excluded_OSM_entrance_proxy,False,False,included_source_model_counts_zero_is_not_verified_absence,True,contains_assumed_connectors,46.65156239045533
3110314,종암경찰서,골목상권,0.0840304550674432,259,True,,44.02035623409669,5.0,55.089141004862235,6.481947942905122,5.869380831212892,67.44046977898024,3.5,0.25,0.0,exploratory_S4_excluded_operation_not_reverified,13,3,0,7,3,zero_in_source_candidate_set_not_verified_no_facilities,False,validation_only_not_scored,facility_accessibility_v0_S4_excluded_OSM_entrance_proxy,False,False,included_source_model_counts_zero_is_not_verified_absence,True,contains_assumed_connectors,50.58035233423519
3110315,종암아이파크2차,골목상권,0.0927307599733494,176,True,,48.72773536895674,0.0,38.703403565640194,6.481947942905122,6.497031382527566,51.68238289107288,1.25,0.25,0.0,exploratory_S4_excluded_operation_not_reverified,10,0,0,9,1,zero_in_source_candidate_set_not_verified_no_facilities,False,validation_only_not_scored,facility_accessibility_v0_S4_excluded_OSM_entrance_proxy,False,False,included_source_model_counts_zero_is_not_verified_absence,True,contains_assumed_connectors,38.761787168304664
3110316,숭곡초등학교,골목상권,0.1804815197005127,350,True,,46.56488549618321,0.0,42.49594813614263,0.0,6.208651399491094,48.704599535633726,1.5,0.0,0.0,exploratory_S4_excluded_operation_not_reverified,24,0,1,20,3,zero_in_source_candidate_set_not_verified_no_facilities,False,validation_only_not_scored,facility_accessibility_v0_S4_excluded_OSM_entrance_proxy,False,False,included_source_model_counts_zero_is_not_verified_absence,True,contains_assumed_connectors,36.528449651725296
3110317,종암중학교,골목상권,0.0913401250897188,95,True,,56.234096692111954,4.0,7.487844408427876,0.0,7.49787955894826,14.985723967376137,0.25,0.0,0.0,exploratory_S4_excluded_operation_not_reverified,8,0,0,6,2,zero_in_source_candidate_set_not_verified_no_facilities,False,validation_only_not_scored,facility_accessibility_v0_S4_excluded_OSM_entrance_proxy,False,False,included_source_model_counts_zero_is_not_verified_absence,True,contains_assumed_connectors,11.239292975532102
3110318,KT월곡지사,골목상권,0.0768109609564762,72,True,,50.50890585241731,0.0,26.20745542949757,0.0,6.734520780322307,32.94197620981988,0.75,0.0,0.0,exploratory_S4_excluded_operation_not_reverified,18,0,1,13,4,zero_in_source_candidate_set_not_verified_no_facilities,False,validation_only_not_scored,facility_accessibility_v0_S4_excluded_OSM_entrance_proxy,False,False,included_source_model_counts_zero_is_not_verified_absence,True,contains_assumed_connectors,24.70648215736491
3110319,종암동주민센터,골목상권,0.0983010849334345,232,True,,49.36386768447837,2.0,32.82009724473257,21.09151973131822,6.581849024597116,60.49346600064791,1.0,1.0,0.0,exploratory_S4_excluded_operation_not_reverified,10,1,0,8,1,zero_in_source_candidate_set_not_verified_no_facilities,False,validation_only_not_scored,facility_accessibility_v0_S4_excluded_OSM_entrance_proxy,False,False,included_source_model_counts_zero_is_not_verified_absence,True,contains_assumed_connectors,45.370099500485935
3110320,KB국민은행 종암동지점,골목상권,0.0528668231776476,39,True,,53.11704834605598,0.0,7.487844408427876,0.0,7.082273112807464,14.570117521235339,0.25,0.0,0.0,exploratory_S4_excluded_operation_not_reverified,6,0,0,6,0,zero_in_source_candidate_set_not_verified_no_facilities,False,validation_only_not_scored,facility_accessibility_v0_S4_excluded_OSM_entrance_proxy,False,False,included_source_model_counts_zero_is_not_verified_absence,True,contains_assumed_connectors,10.927588140926504
3110321,동덕여대,골목상권,0.0087428609804823,3,True,,46.81933842239186,0.0,7.487844408427876,6.481947942905122,6.242578456318914,20.21237080765191,0.25,0.25,0.0,exploratory_S4_excluded_operation_not_reverified,7,0,0,5,2,zero_in_source_candidate_set_not_verified_no_facilities,False,validation_only_not_scored,facility_accessibility_v0_S4_excluded_OSM_entrance_proxy,False,False,included_source_model_counts_zero_is_not_verified_absence,True,contains_assumed_connectors,15.159278105738935
3110322,장위1동주민센터,골목상권,0.0841980808836018,74,True,,30.216284987277355,0.0,0.0,6.481947942905122,4.028837998303647,10.51078594120877,0.0,0.25,0.0,exploratory_S4_excluded_operation_not_reverified,7,0,0,6,1,zero_in_source_candidate_set_not_verified_no_facilities,False,validation_only_not_scored,facility_accessibility_v0_S4_excluded_OSM_entrance_proxy,False,False,included_source_model_counts_zero_is_not_verified_absence,True,contains_assumed_connectors,7.883089455906577
3110323,상월곡역 1번,골목상권,0.083580684516813,175,True,,55.08905852417303,0.0,38.703403565640194,6.481947942905122,7.345207803223071,52.530559311768386,1.25,0.25,0.0,exploratory_S4_excluded_operation_not_reverified,6,1,0,4,1,zero_in_source_candidate_set_not_verified_no_facilities,False,validation_only_not_scored,facility_accessibility_v0_S4_excluded_OSM_entrance_proxy,False,False,included_source_model_counts_zero_is_not_verified_absence,True,contains_assumed_connectors,39.397919483826286
3110324,월곡역 4번,골목상권,0.0265672156115569,13,True,,55.08905852417303,0.0,19.108589951377635,15.34844668345928,7.345207803223071,41.80224443805998,0.5,0.5,0.0,exploratory_S4_excluded_operation_not_reverified,5,0,0,5,0,zero_in_source_candidate_set_not_verified_no_facilities,False,validation_only_not_scored,facility_accessibility_v0_S4_excluded_OSM_entrance_proxy,False,False,included_source_model_counts_zero_is_not_verified_absence,True,contains_assumed_connectors,31.351683328544986
3110325,장곡초등학교,골목상권,0.104605748965104,157,True,,39.50381679389313,1.0,38.703403565640194,21.09151973131822,5.267175572519084,65.0620988694775,1.25,1.0,0.0,exploratory_S4_excluded_operation_not_reverified,4,2,0,2,0,zero_in_source_candidate_set_not_verified_no_facilities,False,validation_only_not_scored,facility_accessibility_v0_S4_excluded_OSM_entrance_proxy,False,False,included_source_model_counts_zero_is_not_verified_absence,True,contains_assumed_connectors,48.79657415210812
3110326,장위동성당,골목상권,0.0454746270805046,27,True,,50.82697201017812,0.0,0.0,0.0,6.776929601357082,,0.0,0.0,0.0,insufficient_no_included_source_facility,5,0,0,4,1,zero_in_source_candidate_set_not_verified_no_facilities,False,validation_only_not_scored,facility_accessibility_v0_S4_excluded_OSM_entrance_proxy,False,False,included_source_model_counts_zero_is_not_verified_absence,False,contains_assumed_connectors,5.082697201017812
3110327,상월곡역 2번,골목상권,0.1172604622754066,145,True,,61.895674300254456,0.0,7.487844408427876,6.481947942905122,8.252756573367261,22.22254892470026,0.25,0.25,0.0,exploratory_S4_excluded_operation_not_reverified,4,0,0,3,1,zero_in_source_candidate_set_not_verified_no_facilities,False,validation_only_not_scored,facility_accessibility_v0_S4_excluded_OSM_entrance_proxy,False,False,included_source_model_counts_zero_is_not_verified_absence,True,contains_assumed_connectors,16.666911693525194
3110328,상월곡역 3번,골목상권,0.0882300934697988,69,True,,54.4529262086514,0.0,7.487844408427876,21.09151973131822,7.26039016115352,35.839754300899614,0.25,1.0,0.0,exploratory_S4_excluded_operation_not_reverified,5,1,0,2,2,zero_in_source_candidate_set_not_verified_no_facilities,False,validation_only_not_scored,facility_accessibility_v0_S4_excluded_OSM_entrance_proxy,False,False,included_source_model_counts_zero_is_not_verified_absence,True,contains_assumed_connectors,26.87981572567471
3110329,우리은행체육관,골목상권,0.0885422229480156,89,True,,66.34860050890585,0.0,7.487844408427876,0.0,8.846480067854113,16.33432447628199,0.25,0.0,0.0,exploratory_S4_excluded_operation_not_reverified,4,1,0,3,0,zero_in_source_candidate_set_not_verified_no_facilities,False,validation_only_not_scored,facility_accessibility_v0_S4_excluded_OSM_entrance_proxy,False,False,included_source_model_counts_zero_is_not_verified_absence,True,contains_assumed_connectors,12.25074335721149
3110330,돌곶이역 1번,골목상권,0.0724206543103963,112,True,,70.86513994910942,0.0,0.0,0.0,9.448685326547922,,0.0,0.0,0.0,insufficient_no_included_source_facility,4,0,0,3,1,zero_in_source_candidate_set_not_verified_no_facilities,False,validation_only_not_scored,facility_accessibility_v0_S4_excluded_OSM_entrance_proxy,False,False,included_source_model_counts_zero_is_not_verified_absence,False,contains_assumed_connectors,7.086513994910941
3110331,돌곶이역 8번,골목상권,0.1058503330281174,170,True,,73.15521628498728,0.0,26.20745542949757,0.0,9.754028837998304,35.96148426749588,0.75,0.0,0.0,exploratory_S4_excluded_operation_not_reverified,4,0,0,3,1,zero_in_source_candidate_set_not_verified_no_facilities,False,validation_only_not_scored,facility_accessibility_v0_S4_excluded_OSM_entrance_proxy,False,False,included_source_model_counts_zero_is_not_verified_absence,True,contains_assumed_connectors,26.971113200621907
3110332,돌곶이역 3번,골목상권,0.034401595839042,47,True,,73.15521628498728,0.0,19.108589951377635,0.0,9.754028837998304,28.862618789375937,0.5,0.0,0.0,exploratory_S4_excluded_operation_not_reverified,7,0,0,6,1,zero_in_source_candidate_set_not_verified_no_facilities,False,validation_only_not_scored,facility_accessibility_v0_S4_excluded_OSM_entrance_proxy,False,False,included_source_model_counts_zero_is_not_verified_absence,True,contains_assumed_connectors,21.64696409203195
3110333,돌곶이역 5번,골목상권,0.0673215730799951,153,True,,75.12722646310432,1.0,49.93517017828201,0.0,10.016963528413909,59.95213370669592,2.5,0.0,0.0,exploratory_S4_excluded_operation_not_reverified,7,2,0,5,0,zero_in_source_candidate_set_not_verified_no_facilities,False,validation_only_not_scored,facility_accessibility_v0_S4_excluded_OSM_entrance_proxy,False,False,included_source_model_counts_zero_is_not_verified_absence,True,contains_assumed_connectors,44.96410028002194
3110334,석관중앙교회,골목상권,0.0842111560775704,132,True,,79.26208651399492,0.0,26.20745542949757,0.0,10.568278201865988,36.77573363136356,0.75,0.0,0.0,exploratory_S4_excluded_operation_not_reverified,6,0,0,5,1,zero_in_source_candidate_set_not_verified_no_facilities,False,validation_only_not_scored,facility_accessibility_v0_S4_excluded_OSM_entrance_proxy,False,False,included_source_model_counts_zero_is_not_verified_absence,True,contains_assumed_connectors,27.58180022352267
3110335,석계역 7번,골목상권,0.1406534298754752,258,True,,75.12722646310432,2.0,45.02431118314424,21.09151973131822,10.016963528413909,76.13279444287637,1.75,1.0,0.0,exploratory_S4_excluded_operation_not_reverified,7,2,0,5,0,zero_in_source_candidate_set_not_verified_no_facilities,False,validation_only_not_scored,facility_accessibility_v0_S4_excluded_OSM_entrance_proxy,False,False,included_source_model_counts_zero_is_not_verified_absence,True,contains_assumed_connectors,57.09959583215728
3110336,석관고등학교,골목상권,0.0625065033659377,61,True,,79.26208651399492,0.0,19.108589951377635,6.481947942905122,10.568278201865988,36.15881609614875,0.5,0.25,0.0,exploratory_S4_excluded_operation_not_reverified,7,0,0,7,0,zero_in_source_candidate_set_not_verified_no_facilities,False,validation_only_not_scored,facility_accessibility_v0_S4_excluded_OSM_entrance_proxy,False,False,included_source_model_counts_zero_is_not_verified_absence,True,contains_assumed_connectors,27.119112072111562
3110358,인수동 우편취급국,골목상권,0.1113707692073261,112,True,,25.06361323155216,0.0,19.108589951377635,0.0,3.341815097540288,22.450405048917922,0.5,0.0,0.0,exploratory_S4_excluded_operation_not_reverified,10,0,0,10,0,zero_in_source_candidate_set_not_verified_no_facilities,False,validation_only_not_scored,facility_accessibility_v0_S4_excluded_OSM_entrance_proxy,False,False,included_source_model_counts_zero_is_not_verified_absence,True,contains_assumed_connectors,16.83780378668844
3110359,수유시장옆,골목상권,0.1353102846939356,126,True,,25.06361323155216,0.0,26.20745542949757,0.0,3.341815097540288,29.54927052703786,0.75,0.0,0.0,exploratory_S4_excluded_operation_not_reverified,12,0,0,11,1,zero_in_source_candidate_set_not_verified_no_facilities,False,validation_only_not_scored,facility_accessibility_v0_S4_excluded_OSM_entrance_proxy,False,False,included_source_model_counts_zero_is_not_verified_absence,True,contains_assumed_connectors,22.161952895278393
3110360,수유초등학교,골목상권,0.1064457859054139,191,True,,13.231552162849871,0.0,26.20745542949757,6.481947942905122,1.7642069550466495,34.45361032744934,0.75,0.25,0.0,exploratory_S4_excluded_operation_not_reverified,10,0,0,10,0,zero_in_source_candidate_set_not_verified_no_facilities,False,validation_only_not_scored,facility_accessibility_v0_S4_excluded_OSM_entrance_proxy,False,False,included_source_model_counts_zero_is_not_verified_absence,True,contains_assumed_connectors,25.840207745587005
3110361,삼양사거리역 1번,골목상권,0.0747952100885668,73,True,,5.661577608142494,0.0,26.20745542949757,6.481947942905122,0.7548770144189992,33.444280386821696,0.75,0.25,0.0,exploratory_S4_excluded_operation_not_reverified,14,0,0,9,5,zero_in_source_candidate_set_not_verified_no_facilities,False,validation_only_not_scored,facility_accessibility_v0_S4_excluded_OSM_entrance_proxy,False,False,included_source_model_counts_zero_is_not_verified_absence,True,contains_assumed_connectors,25.08321029011627
3110364,미아역 8번,골목상권,0.1270538970449591,159,True,,27.16284987277354,0.0,49.93517017828201,15.34844668345928,3.621713316369805,68.90533017811109,2.5,0.5,0.0,exploratory_S4_excluded_operation_not_reverified,13,2,0,9,2,zero_in_source_candidate_set_not_verified_no_facilities,False,validation_only_not_scored,facility_accessibility_v0_S4_excluded_OSM_entrance_proxy,False,False,included_source_model_counts_zero_is_not_verified_absence,True,contains_assumed_connectors,51.678997633583315
3110365,미아역 5번,골목상권,0.1151412697531049,126,True,,27.48091603053436,0.0,42.49594813614263,23.879093198992443,3.6641221374045814,70.03916347253966,1.5,1.25,0.0,exploratory_S4_excluded_operation_not_reverified,12,1,0,11,0,zero_in_source_candidate_set_not_verified_no_facilities,False,validation_only_not_scored,facility_accessibility_v0_S4_excluded_OSM_entrance_proxy,False,False,included_source_model_counts_zero_is_not_verified_absence,True,contains_assumed_connectors,52.52937260440474
3110366,광산사거리,골목상권,0.0575190424437074,107,True,,21.692111959287537,1.0,7.487844408427876,0.0,2.8922815945716716,10.380126002999548,0.25,0.0,0.0,exploratory_S4_excluded_operation_not_reverified,11,0,0,7,4,zero_in_source_candidate_set_not_verified_no_facilities,False,validation_only_not_scored,facility_accessibility_v0_S4_excluded_OSM_entrance_proxy,False,False,included_source_model_counts_zero_is_not_verified_absence,True,contains_assumed_connectors,7.785094502249661
3110367,강북구청,골목상권,0.0638899378908022,154,True,,25.06361323155216,3.0,19.108589951377635,0.0,3.341815097540288,22.450405048917922,0.5,0.0,0.0,exploratory_S4_excluded_operation_not_reverified,10,0,0,8,2,zero_in_source_candidate_set_not_verified_no_facilities,False,validation_only_not_scored,facility_accessibility_v0_S4_excluded_OSM_entrance_proxy,False,False,included_source_model_counts_zero_is_not_verified_absence,True,contains_assumed_connectors,16.83780378668844
3110368,송천초등학교,골목상권,0.1049959996771701,100,True,,32.50636132315521,0.0,7.487844408427876,6.481947942905122,4.334181509754028,18.303973861087027,0.25,0.25,0.0,exploratory_S4_excluded_operation_not_reverified,15,0,0,13,2,zero_in_source_candidate_set_not_verified_no_facilities,False,validation_only_not_scored,facility_accessibility_v0_S4_excluded_OSM_entrance_proxy,False,False,included_source_model_counts_zero_is_not_verified_absence,True,contains_assumed_connectors,13.727980395815269
3110369,성신여대운정그린캠퍼스,골목상권,0.1338309015963115,262,True,,25.89058524173028,0.0,26.20745542949757,0.0,3.452078032230704,29.659533461728277,0.75,0.0,0.0,exploratory_S4_excluded_operation_not_reverified,12,0,0,11,1,zero_in_source_candidate_set_not_verified_no_facilities,False,validation_only_not_scored,facility_accessibility_v0_S4_excluded_OSM_entrance_proxy,False,False,included_source_model_counts_zero_is_not_verified_absence,True,contains_assumed_connectors,22.24465009629621
3110370,도봉세무서,골목상권,0.1089015558836357,150,True,,27.48091603053436,0.0,7.487844408427876,6.481947942905122,3.6641221374045814,17.63391448873758,0.25,0.25,0.0,exploratory_S4_excluded_operation_not_reverified,11,0,0,10,1,zero_in_source_candidate_set_not_verified_no_facilities,False,validation_only_not_scored,facility_accessibility_v0_S4_excluded_OSM_entrance_proxy,False,False,included_source_model_counts_zero_is_not_verified_absence,True,contains_assumed_connectors,13.225435866553186
3110371,삼양입구사거리,골목상권,0.0627617396713755,132,True,,32.50636132315521,0.0,7.487844408427876,6.481947942905122,4.334181509754028,18.303973861087027,0.25,0.25,0.0,exploratory_S4_excluded_operation_not_reverified,12,0,0,10,2,zero_in_source_candidate_set_not_verified_no_facilities,False,validation_only_not_scored,facility_accessibility_v0_S4_excluded_OSM_entrance_proxy,False,False,included_source_model_counts_zero_is_not_verified_absence,True,contains_assumed_connectors,13.727980395815269
3110372,강북중학교,골목상권,0.0824209800533865,130,True,,19.97455470737913,1.0,7.487844408427876,0.0,2.6632739609838842,10.15111836941176,0.25,0.0,0.0,exploratory_S4_excluded_operation_not_reverified,10,0,0,10,0,zero_in_source_candidate_set_not_verified_no_facilities,False,validation_only_not_scored,facility_accessibility_v0_S4_excluded_OSM_entrance_proxy,False,False,included_source_model_counts_zero_is_not_verified_absence,True,contains_assumed_connectors,7.61333877705882
3110373,수유역 2번,골목상권,0.0846679400399407,159,True,,26.97201017811705,0.0,26.20745542949757,0.0,3.59626802374894,29.803723453246512,0.75,0.0,0.0,exploratory_S4_excluded_operation_not_reverified,7,0,0,6,1,zero_in_source_candidate_set_not_verified_no_facilities,False,validation_only_not_scored,facility_accessibility_v0_S4_excluded_OSM_entrance_proxy,False,False,included_source_model_counts_zero_is_not_verified_absence,True,contains_assumed_connectors,22.352792589934886
3110374,송중초등학교,골목상권,0.2042196088643951,273,True,,32.50636132315521,0.0,19.108589951377635,21.09151973131822,4.334181509754028,44.534291192449885,0.5,1.0,0.0,exploratory_S4_excluded_operation_not_reverified,10,1,0,7,2,zero_in_source_candidate_set_not_verified_no_facilities,False,validation_only_not_scored,facility_accessibility_v0_S4_excluded_OSM_entrance_proxy,False,False,included_source_model_counts_zero_is_not_verified_absence,True,contains_assumed_connectors,33.40071839433742
3110375,서울북부고용노동지청,골목상권,0.058218196007634,62,True,,21.692111959287537,1.0,7.487844408427876,0.0,2.8922815945716716,10.380126002999548,0.25,0.0,0.0,exploratory_S4_excluded_operation_not_reverified,7,0,0,6,1,zero_in_source_candidate_set_not_verified_no_facilities,False,validation_only_not_scored,facility_accessibility_v0_S4_excluded_OSM_entrance_proxy,False,False,included_source_model_counts_zero_is_not_verified_absence,True,contains_assumed_connectors,7.785094502249661
3110376,수송초등학교,골목상권,0.2087700586595968,315,True,,28.37150127226463,1.0,42.49594813614263,0.0,3.7828668363019506,46.27881497244458,1.5,0.0,0.0,exploratory_S4_excluded_operation_not_reverified,12,1,0,10,1,zero_in_source_candidate_set_not_verified_no_facilities,False,validation_only_not_scored,facility_accessibility_v0_S4_excluded_OSM_entrance_proxy,False,False,included_source_model_counts_zero_is_not_verified_absence,True,contains_assumed_connectors,34.70911122933343
3110377,미아사거리역 3번,골목상권,0.0356080764777396,77,True,,34.478371501272264,1.0,32.82009724473257,0.0,4.597116200169635,37.41721344490221,1.0,0.0,0.0,exploratory_S4_excluded_operation_not_reverified,15,0,1,12,2,zero_in_source_candidate_set_not_verified_no_facilities,False,validation_only_not_scored,facility_accessibility_v0_S4_excluded_OSM_entrance_proxy,False,False,included_source_model_counts_zero_is_not_verified_absence,True,contains_assumed_connectors,28.062910083676655
3110378,송중동주민센터,골목상권,0.0531135709612743,88,True,,34.478371501272264,0.0,32.82009724473257,0.0,4.597116200169635,37.41721344490221,1.0,0.0,0.0,exploratory_S4_excluded_operation_not_reverified,10,0,0,6,4,zero_in_source_candidate_set_not_verified_no_facilities,False,validation_only_not_scored,facility_accessibility_v0_S4_excluded_OSM_entrance_proxy,False,False,included_source_model_counts_zero_is_not_verified_absence,True,contains_assumed_connectors,28.062910083676655
3110381,번동주공2단지,골목상권,0.0504454968279538,50,True,,7.315521628498728,0.0,26.20745542949757,0.0,0.9754028837998304,27.1828583132974,0.75,0.0,0.0,exploratory_S4_excluded_operation_not_reverified,6,0,0,5,1,zero_in_source_candidate_set_not_verified_no_facilities,False,validation_only_not_scored,facility_accessibility_v0_S4_excluded_OSM_entrance_proxy,False,False,included_source_model_counts_zero_is_not_verified_absence,True,contains_assumed_connectors,20.38714373497305
3110388,도봉우체국,골목상권,0.055328790059395,57,True,,28.37150127226463,0.0,19.108589951377635,0.0,3.7828668363019506,22.891456787679587,0.5,0.0,0.0,exploratory_S4_excluded_operation_not_reverified,7,0,0,7,0,zero_in_source_candidate_set_not_verified_no_facilities,False,validation_only_not_scored,facility_accessibility_v0_S4_excluded_OSM_entrance_proxy,False,False,included_source_model_counts_zero_is_not_verified_absence,True,contains_assumed_connectors,17.16859259075969
3110389,한일병원,골목상권,0.0528496890281012,65,True,,18.3206106870229,0.0,7.487844408427876,0.0,2.442748091603053,9.93059250003093,0.25,0.0,0.0,exploratory_S4_excluded_operation_not_reverified,10,0,0,8,2,zero_in_source_candidate_set_not_verified_no_facilities,False,validation_only_not_scored,facility_accessibility_v0_S4_excluded_OSM_entrance_proxy,False,False,included_source_model_counts_zero_is_not_verified_absence,True,contains_assumed_connectors,7.447944375023197
3110394,방학중학교,골목상권,0.1576969787828606,233,True,,22.83715012722646,0.0,38.703403565640194,0.0,3.0449533502968613,41.74835691593705,1.25,0.0,0.0,exploratory_S4_excluded_operation_not_reverified,15,1,1,10,3,zero_in_source_candidate_set_not_verified_no_facilities,False,validation_only_not_scored,facility_accessibility_v0_S4_excluded_OSM_entrance_proxy,False,False,included_source_model_counts_zero_is_not_verified_absence,True,contains_assumed_connectors,31.31126768695279
3110396,쌍문역1번(쌍리단길),골목상권,0.0529308428063338,174,True,,28.37150127226463,0.0,26.20745542949757,0.0,3.7828668363019506,29.99032226579952,0.75,0.0,0.0,exploratory_S4_excluded_operation_not_reverified,12,0,0,8,4,zero_in_source_candidate_set_not_verified_no_facilities,False,validation_only_not_scored,facility_accessibility_v0_S4_excluded_OSM_entrance_proxy,False,False,included_source_model_counts_zero_is_not_verified_absence,True,contains_assumed_connectors,22.49274169934964
3110397,도봉산입구,골목상권,0.5416129648006449,363,True,,32.50636132315521,1.0,46.72609400324149,0.0,4.334181509754028,51.06027551299552,2.0,0.0,0.0,exploratory_S4_excluded_operation_not_reverified,8,3,0,4,1,zero_in_source_candidate_set_not_verified_no_facilities,False,validation_only_not_scored,facility_accessibility_v0_S4_excluded_OSM_entrance_proxy,False,False,included_source_model_counts_zero_is_not_verified_absence,True,contains_assumed_connectors,38.295206634746634
3110398,쌍문2동우체국,골목상권,0.1022404117320179,228,True,,2.035623409669211,3.0,49.93517017828201,0.0,0.2714164546225615,50.20658663290457,2.5,0.0,0.0,exploratory_S4_excluded_operation_not_reverified,25,0,1,21,3,zero_in_source_candidate_set_not_verified_no_facilities,False,validation_only_not_scored,facility_accessibility_v0_S4_excluded_OSM_entrance_proxy,False,False,included_source_model_counts_zero_is_not_verified_absence,True,contains_assumed_connectors,37.65493997467843
3110399,창2동주민센터,골목상권,0.1610824924970104,234,True,,8.460559796437659,1.0,38.703403565640194,0.0,1.1280746395250212,39.83147820516521,1.25,0.0,0.0,exploratory_S4_excluded_operation_not_reverified,13,2,0,7,4,zero_in_source_candidate_set_not_verified_no_facilities,False,validation_only_not_scored,facility_accessibility_v0_S4_excluded_OSM_entrance_proxy,False,False,included_source_model_counts_zero_is_not_verified_absence,True,contains_assumed_connectors,29.87360865387391
3110400,도봉구보건소,골목상권,0.1232053255883899,232,True,,2.035623409669211,1.0,57.03403565640194,0.0,0.2714164546225615,57.3054521110245,4.25,0.0,0.0,exploratory_S4_excluded_operation_not_reverified,27,3,1,20,3,zero_in_source_candidate_set_not_verified_no_facilities,False,validation_only_not_scored,facility_accessibility_v0_S4_excluded_OSM_entrance_proxy,False,False,included_source_model_counts_zero_is_not_verified_absence,True,contains_assumed_connectors,42.97908908326838
3110401,도봉구민회관,골목상권,0.044733125221307,53,True,,10.623409669211195,2.0,56.547811993517016,0.0,1.4164546225614927,57.96426661607851,4.0,0.0,0.0,exploratory_S4_excluded_operation_not_reverified,23,2,0,18,3,zero_in_source_candidate_set_not_verified_no_facilities,False,validation_only_not_scored,facility_accessibility_v0_S4_excluded_OSM_entrance_proxy,False,False,included_source_model_counts_zero_is_not_verified_absence,True,contains_assumed_connectors,43.473199962058885
3110402,도봉구 정병원,골목상권,0.1182961325348254,144,True,,22.83715012722646,1.0,51.58833063209076,0.0,3.0449533502968613,54.633283982387624,2.75,0.0,0.0,exploratory_S4_excluded_operation_not_reverified,26,1,1,21,3,zero_in_source_candidate_set_not_verified_no_facilities,False,validation_only_not_scored,facility_accessibility_v0_S4_excluded_OSM_entrance_proxy,False,False,included_source_model_counts_zero_is_not_verified_absence,True,contains_assumed_connectors,40.974962986790715
3110403,방학1동주민센터,골목상권,0.1529379397414316,304,True,,33.651399491094146,0.0,0.0,0.0,4.486853265479219,,0.0,0.0,0.0,insufficient_no_included_source_facility,20,1,0,14,5,zero_in_source_candidate_set_not_verified_no_facilities,False,validation_only_not_scored,facility_accessibility_v0_S4_excluded_OSM_entrance_proxy,False,False,included_source_model_counts_zero_is_not_verified_absence,False,contains_assumed_connectors,3.3651399491094143
3110405,방학역 1번,골목상권,0.1854837012687618,366,True,,33.651399491094146,0.0,19.108589951377635,0.0,4.486853265479219,23.595443216856854,0.5,0.0,0.0,exploratory_S4_excluded_operation_not_reverified,9,0,0,7,2,zero_in_source_candidate_set_not_verified_no_facilities,False,validation_only_not_scored,facility_accessibility_v0_S4_excluded_OSM_entrance_proxy,False,False,included_source_model_counts_zero_is_not_verified_absence,True,contains_assumed_connectors,17.69658241264264
3110406,도봉산역 1번,골목상권,0.247343739920625,132,True,,25.06361323155216,0.0,19.108589951377635,0.0,3.341815097540288,22.450405048917922,0.5,0.0,0.0,exploratory_S4_excluded_operation_not_reverified,6,1,0,4,1,zero_in_source_candidate_set_not_verified_no_facilities,False,validation_only_not_scored,facility_accessibility_v0_S4_excluded_OSM_entrance_proxy,False,False,included_source_model_counts_zero_is_not_verified_absence,True,contains_assumed_connectors,16.83780378668844
3110407,도봉역 2번,골목상권,0.4539944351490694,296,True,,29.32569974554708,1.0,0.0,0.0,3.9100932994062774,,0.0,0.0,0.0,insufficient_no_included_source_facility,14,1,0,9,4,zero_in_source_candidate_set_not_verified_no_facilities,False,validation_only_not_scored,facility_accessibility_v0_S4_excluded_OSM_entrance_proxy,False,False,included_source_model_counts_zero_is_not_verified_absence,False,contains_assumed_connectors,2.932569974554708
3110408,가인초등학교,골목상권,0.0531568296463927,97,True,,2.035623409669211,0.0,55.089141004862235,0.0,0.2714164546225615,55.360557459484795,3.5,0.0,0.0,exploratory_S4_excluded_operation_not_reverified,18,2,0,14,2,zero_in_source_candidate_set_not_verified_no_facilities,False,validation_only_not_scored,facility_accessibility_v0_S4_excluded_OSM_entrance_proxy,False,False,included_source_model_counts_zero_is_not_verified_absence,True,contains_assumed_connectors,41.520418094613596
3110409,창동역 2번,골목상권,0.0775833600105044,235,True,,39.82188295165394,1.0,54.06807131280389,0.0,5.309584393553859,59.37765570635774,3.25,0.0,0.0,exploratory_S4_excluded_operation_not_reverified,25,2,0,16,7,zero_in_source_candidate_set_not_verified_no_facilities,False,validation_only_not_scored,facility_accessibility_v0_S4_excluded_OSM_entrance_proxy,False,False,included_source_model_counts_zero_is_not_verified_absence,True,contains_assumed_connectors,44.533241779768304
3110410,방학역 2번,골목상권,0.1308513556234982,252,True,,33.651399491094146,0.0,48.379254457050244,0.0,4.486853265479219,52.86610772252946,2.25,0.0,0.0,exploratory_S4_excluded_operation_not_reverified,10,3,0,4,3,zero_in_source_candidate_set_not_verified_no_facilities,False,validation_only_not_scored,facility_accessibility_v0_S4_excluded_OSM_entrance_proxy,False,False,included_source_model_counts_zero_is_not_verified_absence,True,contains_assumed_connectors,39.649580791897094
3110411,도봉역 3번,골목상권,0.0902518096543224,125,True,,29.32569974554708,0.0,0.0,0.0,3.9100932994062774,,0.0,0.0,0.0,insufficient_no_included_source_facility,15,0,0,12,3,zero_in_source_candidate_set_not_verified_no_facilities,False,validation_only_not_scored,facility_accessibility_v0_S4_excluded_OSM_entrance_proxy,False,False,included_source_model_counts_zero_is_not_verified_absence,False,contains_assumed_connectors,2.932569974554708
3110412,창동중학교,골목상권,0.0211295248063595,17,True,,17.748091603053435,0.0,0.0,0.0,2.366412213740458,,0.0,0.0,0.0,insufficient_no_included_source_facility,8,0,0,6,2,zero_in_source_candidate_set_not_verified_no_facilities,False,validation_only_not_scored,facility_accessibility_v0_S4_excluded_OSM_entrance_proxy,False,False,included_source_model_counts_zero_is_not_verified_absence,False,contains_assumed_connectors,1.7748091603053435
3110413,누원고등학교,골목상권,0.0742963504537961,80,True,,30.72519083969465,5.0,42.49594813614263,0.0,4.096692111959287,46.592640248101915,1.5,0.0,0.0,exploratory_S4_excluded_operation_not_reverified,13,1,0,7,5,zero_in_source_candidate_set_not_verified_no_facilities,False,validation_only_not_scored,facility_accessibility_v0_S4_excluded_OSM_entrance_proxy,False,False,included_source_model_counts_zero_is_not_verified_absence,True,contains_assumed_connectors,34.94448018607643
3110414,장석교회,골목상권,0.0684303467632884,28,True,,36.45038167938932,0.0,7.487844408427876,0.0,4.860050890585242,12.347895299013118,0.25,0.0,0.0,exploratory_S4_excluded_operation_not_reverified,7,0,0,3,4,zero_in_source_candidate_set_not_verified_no_facilities,False,validation_only_not_scored,facility_accessibility_v0_S4_excluded_OSM_entrance_proxy,False,False,included_source_model_counts_zero_is_not_verified_absence,True,contains_assumed_connectors,9.260921474259838
3110415,수락산역 4번,골목상권,0.1973573798900098,417,True,,15.712468193384224,2.0,56.547811993517016,23.879093198992443,2.0949957591178965,82.52190095162734,4.0,1.25,0.0,exploratory_S4_excluded_operation_not_reverified,16,4,0,6,6,zero_in_source_candidate_set_not_verified_no_facilities,False,validation_only_not_scored,facility_accessibility_v0_S4_excluded_OSM_entrance_proxy,False,False,included_source_model_counts_zero_is_not_verified_absence,True,contains_assumed_connectors,61.89142571372051
3110416,노원초등학교,골목상권,0.0926161049160197,169,True,,9.223918575063614,1.0,26.20745542949757,0.0,1.2298558100084818,27.43731123950605,0.75,0.0,0.0,exploratory_S4_excluded_operation_not_reverified,10,0,0,8,2,zero_in_source_candidate_set_not_verified_no_facilities,False,validation_only_not_scored,facility_accessibility_v0_S4_excluded_OSM_entrance_proxy,False,False,included_source_model_counts_zero_is_not_verified_absence,True,contains_assumed_connectors,20.57798342962954
3110417,월계역 3번,골목상권,0.0298188925068326,65,True,,53.11704834605598,0.0,0.0,0.0,7.082273112807464,,0.0,0.0,0.0,insufficient_no_included_source_facility,6,0,0,2,4,zero_in_source_candidate_set_not_verified_no_facilities,False,validation_only_not_scored,facility_accessibility_v0_S4_excluded_OSM_entrance_proxy,False,False,included_source_model_counts_zero_is_not_verified_absence,False,contains_assumed_connectors,5.311704834605598
3110418,광운대학교 남단,골목상권,0.0881990979511676,76,True,,72.01017811704835,0.0,7.487844408427876,0.0,9.601357082273115,17.08920149070099,0.25,0.0,0.0,exploratory_S4_excluded_operation_not_reverified,12,0,0,10,2,zero_in_source_candidate_set_not_verified_no_facilities,False,validation_only_not_scored,facility_accessibility_v0_S4_excluded_OSM_entrance_proxy,False,False,included_source_model_counts_zero_is_not_verified_absence,True,contains_assumed_connectors,12.816901118025744
3110419,수락산디자인거리,골목상권,0.1258982764127252,314,True,,15.712468193384224,1.0,53.14424635332253,15.34844668345928,2.0949957591178965,70.58768879589971,3.0,0.5,0.0,exploratory_S4_excluded_operation_not_reverified,11,2,0,7,2,zero_in_source_candidate_set_not_verified_no_facilities,False,validation_only_not_scored,facility_accessibility_v0_S4_excluded_OSM_entrance_proxy,False,False,included_source_model_counts_zero_is_not_verified_absence,True,contains_assumed_connectors,52.94076659692478
3110420,광운대역 1번,골목상권,0.050392855330217,147,True,,61.32315521628499,0.0,49.93517017828201,6.481947942905122,8.176420695504666,64.59353881669179,2.5,0.25,0.0,exploratory_S4_excluded_operation_not_reverified,12,3,0,3,6,zero_in_source_candidate_set_not_verified_no_facilities,False,validation_only_not_scored,facility_accessibility_v0_S4_excluded_OSM_entrance_proxy,False,False,included_source_model_counts_zero_is_not_verified_absence,True,contains_assumed_connectors,48.44515411251884
3110421,석계역 1번,골목상권,0.0697402351552099,178,True,,75.12722646310432,3.0,48.379254457050244,15.34844668345928,10.016963528413909,73.74466466892343,2.25,0.5,0.0,exploratory_S4_excluded_operation_not_reverified,7,2,0,4,1,zero_in_source_candidate_set_not_verified_no_facilities,False,validation_only_not_scored,facility_accessibility_v0_S4_excluded_OSM_entrance_proxy,False,False,included_source_model_counts_zero_is_not_verified_absence,True,contains_assumed_connectors,55.308498501692576
3110422,노원역 9번,골목상권,0.0352968479019191,100,True,,41.475826972010175,0.0,32.82009724473257,18.572628043660792,5.53011026293469,56.922835551328056,1.0,0.75,0.0,exploratory_S4_excluded_operation_not_reverified,22,0,0,18,4,zero_in_source_candidate_set_not_verified_no_facilities,False,validation_only_not_scored,facility_accessibility_v0_S4_excluded_OSM_entrance_proxy,False,False,included_source_model_counts_zero_is_not_verified_absence,True,contains_assumed_connectors,42.69212666349604
3110423,석계역 2번,골목상권,0.0581203162103828,140,True,,75.12722646310432,1.0,45.02431118314424,15.34844668345928,10.016963528413909,70.38972139501743,1.75,0.5,0.0,exploratory_S4_excluded_operation_not_reverified,15,0,0,10,5,zero_in_source_candidate_set_not_verified_no_facilities,False,validation_only_not_scored,facility_accessibility_v0_S4_excluded_OSM_entrance_proxy,False,False,included_source_model_counts_zero_is_not_verified_absence,True,contains_assumed_connectors,52.792291046263074
3110424,상계초등학교,골목상권,0.075853369542824,200,True,,40.13994910941476,3.0,51.58833063209076,6.481947942905122,5.351993214588634,63.422271789584514,2.75,0.25,0.0,exploratory_S4_excluded_operation_not_reverified,27,2,1,18,6,zero_in_source_candidate_set_not_verified_no_facilities,False,validation_only_not_scored,facility_accessibility_v0_S4_excluded_OSM_entrance_proxy,False,False,included_source_model_counts_zero_is_not_verified_absence,True,contains_assumed_connectors,47.56670384218839
3110425,계상초등학교,골목상권,0.1041976174025963,228,True,,25.89058524173028,1.0,42.49594813614263,18.572628043660792,3.452078032230704,64.52065421203413,1.5,0.75,0.0,exploratory_S4_excluded_operation_not_reverified,27,0,1,21,5,zero_in_source_candidate_set_not_verified_no_facilities,False,validation_only_not_scored,facility_accessibility_v0_S4_excluded_OSM_entrance_proxy,False,False,included_source_model_counts_zero_is_not_verified_absence,True,contains_assumed_connectors,48.3904906590256
3110426,상계2동주민센터,골목상권,0.12991753151372,216,True,,35.68702290076336,1.0,55.089141004862235,21.09151973131822,4.758269720101781,80.93893045628224,3.5,1.0,0.0,exploratory_S4_excluded_operation_not_reverified,30,3,0,19,8,zero_in_source_candidate_set_not_verified_no_facilities,False,validation_only_not_scored,facility_accessibility_v0_S4_excluded_OSM_entrance_proxy,False,False,included_source_model_counts_zero_is_not_verified_absence,True,contains_assumed_connectors,60.70419784221168
3110427,노원 을지대학교병원,골목상권,0.0306160853470997,38,True,,61.895674300254456,0.0,0.0,6.481947942905122,8.252756573367261,14.734704516272384,0.0,0.25,0.0,exploratory_S4_excluded_operation_not_reverified,11,0,0,3,8,zero_in_source_candidate_set_not_verified_no_facilities,False,validation_only_not_scored,facility_accessibility_v0_S4_excluded_OSM_entrance_proxy,False,False,included_source_model_counts_zero_is_not_verified_absence,True,contains_assumed_connectors,11.051028387204287
3110428,상계5동주민센터,골목상권,0.2175580492738075,417,True,,21.692111959287537,6.0,51.58833063209076,21.09151973131822,2.8922815945716716,75.57213195798064,2.75,1.0,0.0,exploratory_S4_excluded_operation_not_reverified,19,3,1,12,3,zero_in_source_candidate_set_not_verified_no_facilities,False,validation_only_not_scored,facility_accessibility_v0_S4_excluded_OSM_entrance_proxy,False,False,included_source_model_counts_zero_is_not_verified_absence,True,contains_assumed_connectors,56.679098968485484
3110429,공릉동 국수거리,골목상권,0.1604306807970157,438,True,,95.61068702290076,1.0,42.49594813614263,25.79345088161209,12.748091603053435,81.03749062080816,1.5,1.75,0.0,exploratory_S4_excluded_operation_not_reverified,25,3,1,19,2,zero_in_source_candidate_set_not_verified_no_facilities,False,validation_only_not_scored,facility_accessibility_v0_S4_excluded_OSM_entrance_proxy,False,False,included_source_model_counts_zero_is_not_verified_absence,True,contains_assumed_connectors,60.778117965606114
3110430,중계초등학교,골목상권,0.0111765121587222,87,True,,21.692111959287537,0.0,38.703403565640194,6.481947942905122,2.8922815945716716,48.07763310311699,1.25,0.25,0.0,exploratory_S4_excluded_operation_not_reverified,15,0,0,11,4,zero_in_source_candidate_set_not_verified_no_facilities,False,validation_only_not_scored,facility_accessibility_v0_S4_excluded_OSM_entrance_proxy,False,False,included_source_model_counts_zero_is_not_verified_absence,True,contains_assumed_connectors,36.05822482733774
3110431,상계역,골목상권,0.0556646281750619,350,True,,21.692111959287537,1.0,49.93517017828201,6.481947942905122,2.8922815945716716,59.3093997157588,2.5,0.25,0.0,exploratory_S4_excluded_operation_not_reverified,17,1,0,15,1,zero_in_source_candidate_set_not_verified_no_facilities,False,validation_only_not_scored,facility_accessibility_v0_S4_excluded_OSM_entrance_proxy,False,False,included_source_model_counts_zero_is_not_verified_absence,True,contains_assumed_connectors,44.482049786819104
3110432,대진고등학교,골목상권,0.0690463585837646,109,True,,61.895674300254456,0.0,0.0,21.09151973131822,8.252756573367261,29.34427630468548,0.0,1.0,0.0,exploratory_S4_excluded_operation_not_reverified,8,1,0,6,1,zero_in_source_candidate_set_not_verified_no_facilities,False,validation_only_not_scored,facility_accessibility_v0_S4_excluded_OSM_entrance_proxy,False,False,included_source_model_counts_zero_is_not_verified_absence,True,contains_assumed_connectors,22.00820722851411
3110433,공릉역 2번,골목상권,0.0952362582563559,213,True,,73.15521628498728,2.0,51.58833063209076,18.572628043660792,9.754028837998304,79.91498751374985,2.75,0.75,0.25,exploratory_S4_excluded_operation_not_reverified,24,1,1,19,3,zero_in_source_candidate_set_not_verified_no_facilities,False,validation_only_not_scored,facility_accessibility_v0_S4_excluded_OSM_entrance_proxy,False,False,included_source_model_counts_zero_is_not_verified_absence,True,contains_assumed_connectors,59.93624063531239
3110434,태릉입구역 4번,골목상권,0.0380609456748704,96,True,,95.61068702290076,1.0,26.20745542949757,6.481947942905122,12.748091603053435,45.43749497545613,0.75,0.25,0.0,exploratory_S4_excluded_operation_not_reverified,21,0,0,18,3,zero_in_source_candidate_set_not_verified_no_facilities,False,validation_only_not_scored,facility_accessibility_v0_S4_excluded_OSM_entrance_proxy,False,False,included_source_model_counts_zero_is_not_verified_absence,True,contains_assumed_connectors,34.0781212315921
3110435,서울과학기술대,골목상권,0.0178045027821793,67,True,,64.75826972010178,1.0,48.379254457050244,6.481947942905122,8.634435962680238,63.4956383626356,2.25,0.25,0.25,exploratory_S4_excluded_operation_not_reverified,13,1,1,11,0,zero_in_source_candidate_set_not_verified_no_facilities,False,validation_only_not_scored,facility_accessibility_v0_S4_excluded_OSM_entrance_proxy,False,False,included_source_model_counts_zero_is_not_verified_absence,True,contains_assumed_connectors,47.621728771976706
3110436,상계제일중학교,골목상권,0.04151348905998,65,True,,21.692111959287537,3.0,51.58833063209076,6.481947942905122,2.8922815945716716,60.96256016956755,2.75,0.25,0.0,exploratory_S4_excluded_operation_not_reverified,14,2,0,6,6,zero_in_source_candidate_set_not_verified_no_facilities,False,validation_only_not_scored,facility_accessibility_v0_S4_excluded_OSM_entrance_proxy,False,False,included_source_model_counts_zero_is_not_verified_absence,True,contains_assumed_connectors,45.721920127175665
3110437,당고개역 2번,골목상권,0.0836363416152704,123,True,,9.923664122137405,1.0,42.49594813614263,0.0,1.3231552162849873,43.81910335242762,1.5,0.0,0.0,exploratory_S4_excluded_operation_not_reverified,8,1,0,3,4,zero_in_source_candidate_set_not_verified_no_facilities,False,validation_only_not_scored,facility_accessibility_v0_S4_excluded_OSM_entrance_proxy,False,False,included_source_model_counts_zero_is_not_verified_absence,True,contains_assumed_connectors,32.86432751432071
3110438,경춘선숲길 우측,골목상권,0.0999946038950072,290,True,,68.63867684478372,3.0,57.03403565640194,6.481947942905122,9.151823579304496,72.66780717861155,4.25,0.25,0.25,exploratory_S4_excluded_operation_not_reverified,23,3,1,18,1,zero_in_source_candidate_set_not_verified_no_facilities,False,validation_only_not_scored,facility_accessibility_v0_S4_excluded_OSM_entrance_proxy,False,False,included_source_model_counts_zero_is_not_verified_absence,True,contains_assumed_connectors,54.500855383958665
3110439,당고개역 5번,골목상권,0.0989501536163387,106,True,,9.923664122137405,0.0,19.108589951377635,6.481947942905122,1.3231552162849873,26.913693110567745,0.5,0.25,0.0,exploratory_S4_excluded_operation_not_reverified,4,0,0,3,1,zero_in_source_candidate_set_not_verified_no_facilities,False,validation_only_not_scored,facility_accessibility_v0_S4_excluded_OSM_entrance_proxy,False,False,included_source_model_counts_zero_is_not_verified_absence,True,contains_assumed_connectors,20.18526983292581
3110440,상계3동4동주민센터,골목상권,0.0545902629718061,37,True,,9.923664122137405,0.0,0.0,6.481947942905122,1.3231552162849873,7.805103159190109,0.0,0.25,0.0,exploratory_S4_excluded_operation_not_reverified,2,0,0,2,0,zero_in_source_candidate_set_not_verified_no_facilities,False,validation_only_not_scored,facility_accessibility_v0_S4_excluded_OSM_entrance_proxy,False,False,included_source_model_counts_zero_is_not_verified_absence,True,contains_assumed_connectors,5.853827369392581
3110442,화랑대철도공원,골목상권,0.0200344885908788,45,True,,25.89058524173028,1.0,0.0,0.0,3.452078032230704,,0.0,0.0,0.0,insufficient_no_included_source_facility,1,0,0,0,1,zero_in_source_candidate_set_not_verified_no_facilities,False,validation_only_not_scored,facility_accessibility_v0_S4_excluded_OSM_entrance_proxy,False,False,included_source_model_counts_zero_is_not_verified_absence,False,contains_unresolved_connections,2.589058524173028
3110514,서대문우체국,골목상권,0.0918671971736116,55,True,,1.653944020356234,0.0,42.49594813614263,6.481947942905122,0.22052586938083119,49.19842194842858,1.5,0.25,0.25,exploratory_S4_excluded_operation_not_reverified,34,0,1,32,1,zero_in_source_candidate_set_not_verified_no_facilities,False,validation_only_not_scored,facility_accessibility_v0_S4_excluded_OSM_entrance_proxy,False,False,included_source_model_counts_zero_is_not_verified_absence,True,contains_assumed_connectors,36.89881646132144
3110520,경의중앙 신촌역,골목상권,0.0605405853800853,90,True,,10.623409669211195,4.0,51.58833063209076,18.572628043660792,1.4164546225614927,71.57741329831303,2.75,0.75,0.5,exploratory_S4_excluded_operation_not_reverified,37,1,1,34,1,zero_in_source_candidate_set_not_verified_no_facilities,False,validation_only_not_scored,facility_accessibility_v0_S4_excluded_OSM_entrance_proxy,False,False,included_source_model_counts_zero_is_not_verified_absence,True,contains_assumed_connectors,53.68305997373477
3110521,홍제역 4번,골목상권,0.0304051675329361,75,True,,9.223918575063614,0.0,19.108589951377635,0.0,1.2298558100084818,20.338445761386115,0.5,0.0,0.0,exploratory_S4_excluded_operation_not_reverified,10,0,0,5,5,zero_in_source_candidate_set_not_verified_no_facilities,False,validation_only_not_scored,facility_accessibility_v0_S4_excluded_OSM_entrance_proxy,False,False,included_source_model_counts_zero_is_not_verified_absence,True,contains_assumed_connectors,15.253834321039587
3110522,홍제역 3번,골목상권,0.0373919510902827,42,True,,9.223918575063614,0.0,7.487844408427876,0.0,1.2298558100084818,8.717700218436358,0.25,0.0,0.0,exploratory_S4_excluded_operation_not_reverified,10,0,0,4,6,zero_in_source_candidate_set_not_verified_no_facilities,False,validation_only_not_scored,facility_accessibility_v0_S4_excluded_OSM_entrance_proxy,False,False,included_source_model_counts_zero_is_not_verified_absence,True,contains_assumed_connectors,6.538275163827269
3110525,홍은종합사회복지관,골목상권,0.0354930147017823,93,True,,3.753180661577608,0.0,51.58833063209076,23.879093198992443,0.5004240882103478,75.96784791929356,2.75,1.25,0.0,exploratory_S4_excluded_operation_not_reverified,11,3,0,5,3,zero_in_source_candidate_set_not_verified_no_facilities,False,validation_only_not_scored,facility_accessibility_v0_S4_excluded_OSM_entrance_proxy,False,False,included_source_model_counts_zero_is_not_verified_absence,True,contains_assumed_connectors,56.975885939470174
3110527,홍제역 2번,골목상권,0.1059939136041925,130,True,,9.223918575063614,1.0,48.379254457050244,6.481947942905122,1.2298558100084818,56.09105820996385,2.25,0.25,0.0,exploratory_S4_excluded_operation_not_reverified,16,1,0,13,2,zero_in_source_candidate_set_not_verified_no_facilities,False,validation_only_not_scored,facility_accessibility_v0_S4_excluded_OSM_entrance_proxy,False,False,included_source_model_counts_zero_is_not_verified_absence,True,contains_assumed_connectors,42.068293657472886
3110529,홍제3동주민센터,골목상권,0.1134140965881941,186,True,,9.223918575063614,3.0,48.379254457050244,23.879093198992443,1.2298558100084818,73.48820346605117,2.25,1.25,0.0,exploratory_S4_excluded_operation_not_reverified,16,2,0,12,2,zero_in_source_candidate_set_not_verified_no_facilities,False,validation_only_not_scored,facility_accessibility_v0_S4_excluded_OSM_entrance_proxy,False,False,included_source_model_counts_zero_is_not_verified_absence,True,contains_assumed_connectors,55.11615259953838
3110530,아현역 1번,골목상권,0.0174596517724165,72,True,,20.610687022900763,1.0,0.0,6.481947942905122,2.748091603053435,9.230039545958556,0.0,0.25,0.0,exploratory_S4_excluded_operation_not_reverified,11,0,0,6,5,zero_in_source_candidate_set_not_verified_no_facilities,False,validation_only_not_scored,facility_accessibility_v0_S4_excluded_OSM_entrance_proxy,False,False,included_source_model_counts_zero_is_not_verified_absence,True,contains_assumed_connectors,6.922529659468918
3110532,아현역 2번,골목상권,0.0611065879016848,125,True,,34.096692111959285,0.0,7.487844408427876,21.09151973131822,4.546225614927905,33.125589754673996,0.25,1.0,0.0,exploratory_S4_excluded_operation_not_reverified,6,1,0,5,0,zero_in_source_candidate_set_not_verified_no_facilities,False,validation_only_not_scored,facility_accessibility_v0_S4_excluded_OSM_entrance_proxy,False,False,included_source_model_counts_zero_is_not_verified_absence,True,contains_assumed_connectors,24.844192316005497
3110533,충정로역 7번,골목상권,0.0391987549230294,19,True,,37.21374045801527,0.0,0.0,15.34844668345928,4.961832061068703,20.310278744527984,0.0,0.5,0.0,exploratory_S4_excluded_operation_not_reverified,8,0,0,7,1,zero_in_source_candidate_set_not_verified_no_facilities,False,validation_only_not_scored,facility_accessibility_v0_S4_excluded_OSM_entrance_proxy,False,False,included_source_model_counts_zero_is_not_verified_absence,True,contains_assumed_connectors,15.232709058395988
3110534,경기대학교,골목상권,0.0717331029030941,35,True,,42.43002544529262,0.0,19.108589951377635,6.481947942905122,5.657336726039016,31.247874620321774,0.5,0.25,0.0,exploratory_S4_excluded_operation_not_reverified,10,0,0,8,2,zero_in_source_candidate_set_not_verified_no_facilities,False,validation_only_not_scored,facility_accessibility_v0_S4_excluded_OSM_entrance_proxy,False,False,included_source_model_counts_zero_is_not_verified_absence,True,contains_assumed_connectors,23.435905965241332
3110535,영천시장입구,골목상권,0.0346455006334822,57,True,,31.043256997455472,0.0,26.20745542949757,6.481947942905122,4.139100932994063,36.828504305396756,0.75,0.25,0.0,exploratory_S4_excluded_operation_not_reverified,10,0,0,6,4,zero_in_source_candidate_set_not_verified_no_facilities,False,validation_only_not_scored,facility_accessibility_v0_S4_excluded_OSM_entrance_proxy,False,False,included_source_model_counts_zero_is_not_verified_absence,True,contains_assumed_connectors,27.621378229047565
3110536,돈의문센트레빌아파트입구,골목상권,0.021569789630713,43,True,,42.43002544529262,0.0,32.82009724473257,6.481947942905122,5.657336726039016,44.95938191367671,1.0,0.25,0.0,exploratory_S4_excluded_operation_not_reverified,10,0,0,6,4,zero_in_source_candidate_set_not_verified_no_facilities,False,validation_only_not_scored,facility_accessibility_v0_S4_excluded_OSM_entrance_proxy,False,False,included_source_model_counts_zero_is_not_verified_absence,True,contains_assumed_connectors,33.71953643525753
3110537,충정로현대아파트,골목상권,0.0527467187604055,150,True,,42.43002544529262,0.0,26.20745542949757,21.09151973131822,5.657336726039016,52.956311886854806,0.75,1.0,0.0,exploratory_S4_excluded_operation_not_reverified,9,1,0,5,3,zero_in_source_candidate_set_not_verified_no_facilities,False,validation_only_not_scored,facility_accessibility_v0_S4_excluded_OSM_entrance_proxy,False,False,included_source_model_counts_zero_is_not_verified_absence,True,contains_assumed_connectors,39.71723391514111
3110538,충정로역 3번,골목상권,0.0166445547127617,82,True,,37.21374045801527,0.0,0.0,6.481947942905122,4.961832061068703,11.443780003973824,0.0,0.25,0.0,exploratory_S4_excluded_operation_not_reverified,7,0,0,4,3,zero_in_source_candidate_set_not_verified_no_facilities,False,validation_only_not_scored,facility_accessibility_v0_S4_excluded_OSM_entrance_proxy,False,False,included_source_model_counts_zero_is_not_verified_absence,True,contains_assumed_connectors,8.582835002980367
3110539,미근동,골목상권,0.0480160736232092,100,True,,42.43002544529262,0.0,7.487844408427876,6.481947942905122,5.657336726039016,19.627129077372015,0.25,0.25,0.0,exploratory_S4_excluded_operation_not_reverified,10,0,0,7,3,zero_in_source_candidate_set_not_verified_no_facilities,False,validation_only_not_scored,facility_accessibility_v0_S4_excluded_OSM_entrance_proxy,False,False,included_source_model_counts_zero_is_not_verified_absence,True,contains_assumed_connectors,14.72034680802901
3110566,경의선책거리,골목상권,0.1566273143077063,664,True,,0.2544529262086514,5.0,46.72609400324149,15.34844668345928,0.033927056827820185,62.10846774352859,2.0,0.5,0.5,exploratory_S4_excluded_operation_not_reverified,35,3,0,28,4,zero_in_source_candidate_set_not_verified_no_facilities,False,validation_only_not_scored,facility_accessibility_v0_S4_excluded_OSM_entrance_proxy,False,False,included_source_model_counts_zero_is_not_verified_absence,True,contains_assumed_connectors,46.581350807646444
3110569,홍대땡땡거리,골목상권,0.0848707688424441,387,True,,6.806615776081425,3.0,19.108589951377635,15.34844668345928,0.90754877014419,35.3645854049811,0.5,0.5,0.5,exploratory_S4_excluded_operation_not_reverified,31,0,0,28,3,zero_in_source_candidate_set_not_verified_no_facilities,False,validation_only_not_scored,facility_accessibility_v0_S4_excluded_OSM_entrance_proxy,False,False,included_source_model_counts_zero_is_not_verified_absence,True,contains_assumed_connectors,26.523439053735824
3110571,신수동주민센터,골목상권,0.075494087802896,110,True,,4.89821882951654,1.0,26.20745542949757,6.481947942905122,0.6530958439355387,33.34249921633823,0.75,0.25,0.0,exploratory_S4_excluded_operation_not_reverified,11,0,0,11,0,zero_in_source_candidate_set_not_verified_no_facilities,False,validation_only_not_scored,facility_accessibility_v0_S4_excluded_OSM_entrance_proxy,False,False,included_source_model_counts_zero_is_not_verified_absence,True,contains_assumed_connectors,25.006874412253673
3110572,서강대역 1번,골목상권,0.1481149863403561,294,True,,11.450381679389311,2.0,48.379254457050244,6.481947942905122,1.526717557251908,56.387919957207274,2.25,0.25,0.25,exploratory_S4_excluded_operation_not_reverified,37,1,1,32,3,zero_in_source_candidate_set_not_verified_no_facilities,False,validation_only_not_scored,facility_accessibility_v0_S4_excluded_OSM_entrance_proxy,False,False,included_source_model_counts_zero_is_not_verified_absence,True,contains_assumed_connectors,42.29093996790546
3110573,신촌역 6번,골목상권,0.0093596843977279,33,True,,6.806615776081425,2.0,38.703403565640194,6.481947942905122,0.90754877014419,46.092900278689505,1.25,0.25,0.25,exploratory_S4_excluded_operation_not_reverified,27,1,0,24,2,zero_in_source_candidate_set_not_verified_no_facilities,False,validation_only_not_scored,facility_accessibility_v0_S4_excluded_OSM_entrance_proxy,False,False,included_source_model_counts_zero_is_not_verified_absence,True,contains_assumed_connectors,34.56967520901713
3110574,서강대학교,골목상권,0.0162918047834564,47,True,,5.661577608142494,3.0,45.02431118314424,0.0,0.7548770144189992,45.77918819756324,1.75,0.0,0.0,exploratory_S4_excluded_operation_not_reverified,12,1,1,10,0,zero_in_source_candidate_set_not_verified_no_facilities,False,validation_only_not_scored,facility_accessibility_v0_S4_excluded_OSM_entrance_proxy,False,False,included_source_model_counts_zero_is_not_verified_absence,True,contains_assumed_connectors,34.33439114817243
3110575,대흥동주민센터,골목상권,0.07147845908019,90,True,,10.623409669211195,1.0,38.703403565640194,25.256087321578505,1.4164546225614927,65.3759455097802,1.25,1.5,0.5,exploratory_S4_excluded_operation_not_reverified,39,1,1,33,4,zero_in_source_candidate_set_not_verified_no_facilities,False,validation_only_not_scored,facility_accessibility_v0_S4_excluded_OSM_entrance_proxy,False,False,included_source_model_counts_zero_is_not_verified_absence,True,contains_assumed_connectors,49.031959132335146
3110576,대흥역 3번,골목상권,0.0759837439411874,254,True,,13.8676844783715,2.0,45.02431118314424,0.0,1.8490245971161998,46.87333578026044,1.75,0.0,0.0,exploratory_S4_excluded_operation_not_reverified,18,1,1,14,2,zero_in_source_candidate_set_not_verified_no_facilities,False,validation_only_not_scored,facility_accessibility_v0_S4_excluded_OSM_entrance_proxy,False,False,included_source_model_counts_zero_is_not_verified_absence,True,contains_assumed_connectors,35.15500183519533
3110577,용강동주민센터,골목상권,0.0260208773423419,123,True,,7.697201017811704,0.0,19.108589951377635,21.09151973131822,1.0262934690415606,41.226403151737415,0.5,1.0,0.0,exploratory_S4_excluded_operation_not_reverified,13,1,0,9,3,zero_in_source_candidate_set_not_verified_no_facilities,False,validation_only_not_scored,facility_accessibility_v0_S4_excluded_OSM_entrance_proxy,False,False,included_source_model_counts_zero_is_not_verified_absence,True,contains_assumed_connectors,30.91980236380306
3110578,대흥역 2번,골목상권,0.1118669050006477,273,True,,8.460559796437659,3.0,45.02431118314424,21.09151973131822,1.1280746395250212,67.24390555398749,1.75,1.0,0.0,exploratory_S4_excluded_operation_not_reverified,19,2,1,10,6,zero_in_source_candidate_set_not_verified_no_facilities,False,validation_only_not_scored,facility_accessibility_v0_S4_excluded_OSM_entrance_proxy,False,False,included_source_model_counts_zero_is_not_verified_absence,True,contains_assumed_connectors,50.43292916549062
3110579,마포역 4번,골목상권,0.0550052663555293,82,True,,6.043256997455471,0.0,0.0,0.0,0.8057675996607294,,0.0,0.0,0.0,insufficient_no_included_source_facility,10,0,0,8,2,zero_in_source_candidate_set_not_verified_no_facilities,False,validation_only_not_scored,facility_accessibility_v0_S4_excluded_OSM_entrance_proxy,False,False,included_source_model_counts_zero_is_not_verified_absence,False,contains_assumed_connectors,0.6043256997455471
3110580,양원초등학교,골목상권,0.0393306556872001,83,True,,11.641221374045802,1.0,7.487844408427876,6.481947942905122,1.5521628498727735,15.521955201205772,0.25,0.25,0.0,exploratory_S4_excluded_operation_not_reverified,24,0,1,14,9,zero_in_source_candidate_set_not_verified_no_facilities,False,validation_only_not_scored,facility_accessibility_v0_S4_excluded_OSM_entrance_proxy,False,False,included_source_model_counts_zero_is_not_verified_absence,True,contains_assumed_connectors,11.64146640090433
3110581,염리초등학교,골목상권,0.0137378761633384,22,True,,16.603053435114504,1.0,0.0,0.0,2.213740458015267,,0.0,0.0,0.0,insufficient_no_included_source_facility,17,0,0,10,7,zero_in_source_candidate_set_not_verified_no_facilities,False,validation_only_not_scored,facility_accessibility_v0_S4_excluded_OSM_entrance_proxy,False,False,included_source_model_counts_zero_is_not_verified_absence,False,contains_assumed_connectors,1.6603053435114503
3110582,이대역 5번,골목상권,0.0535592443522617,160,True,,10.623409669211195,3.0,19.108589951377635,6.481947942905122,1.4164546225614927,27.00699251684425,0.5,0.25,0.0,exploratory_S4_excluded_operation_not_reverified,17,0,1,13,3,zero_in_source_candidate_set_not_verified_no_facilities,False,validation_only_not_scored,facility_accessibility_v0_S4_excluded_OSM_entrance_proxy,False,False,included_source_model_counts_zero_is_not_verified_absence,True,contains_assumed_connectors,20.255244387633187
3110583,공덕래미안3차아파트,골목상권,0.0079664508870829,70,True,,6.361323155216285,2.0,0.0,6.481947942905122,0.8481764206955046,7.330124363600627,0.0,0.25,0.0,exploratory_S4_excluded_operation_not_reverified,8,0,0,5,3,zero_in_source_candidate_set_not_verified_no_facilities,False,validation_only_not_scored,facility_accessibility_v0_S4_excluded_OSM_entrance_proxy,False,False,included_source_model_counts_zero_is_not_verified_absence,True,contains_assumed_connectors,5.49759327270047
3110584,아현역 4번,골목상권,0.0141660062643117,71,True,,22.83715012722646,0.0,0.0,6.481947942905122,3.0449533502968613,9.526901293201984,0.0,0.25,0.0,exploratory_S4_excluded_operation_not_reverified,12,1,0,6,5,zero_in_source_candidate_set_not_verified_no_facilities,False,validation_only_not_scored,facility_accessibility_v0_S4_excluded_OSM_entrance_proxy,False,False,included_source_model_counts_zero_is_not_verified_absence,True,contains_assumed_connectors,7.145175969901488
3110585,마포경찰서,골목상권,0.0182021822061654,35,True,,20.928753180661577,0.0,0.0,0.0,2.79050042408821,,0.0,0.0,0.0,insufficient_no_included_source_facility,8,1,0,5,2,zero_in_source_candidate_set_not_verified_no_facilities,False,validation_only_not_scored,facility_accessibility_v0_S4_excluded_OSM_entrance_proxy,False,False,included_source_model_counts_zero_is_not_verified_absence,False,contains_assumed_connectors,2.0928753180661577
3110586,서울서부지방법원,골목상권,0.1320411124587204,338,True,,21.692111959287537,2.0,7.487844408427876,6.481947942905122,2.8922815945716716,16.86207394590467,0.25,0.25,0.0,exploratory_S4_excluded_operation_not_reverified,12,0,0,7,5,zero_in_source_candidate_set_not_verified_no_facilities,False,validation_only_not_scored,facility_accessibility_v0_S4_excluded_OSM_entrance_proxy,False,False,included_source_model_counts_zero_is_not_verified_absence,True,contains_assumed_connectors,12.646555459428502
3110587,공덕동주민센터,골목상권,0.0765719626138079,148,True,,11.83206106870229,1.0,7.487844408427876,0.0,1.5776081424936386,9.065452550921515,0.25,0.0,0.0,exploratory_S4_excluded_operation_not_reverified,11,0,0,8,3,zero_in_source_candidate_set_not_verified_no_facilities,False,validation_only_not_scored,facility_accessibility_v0_S4_excluded_OSM_entrance_proxy,False,False,included_source_model_counts_zero_is_not_verified_absence,True,contains_assumed_connectors,6.799089413191137
3110589,애오개역 3번,골목상권,0.0311905001382272,41,True,,22.83715012722646,1.0,32.82009724473257,0.0,3.0449533502968613,35.86505059502943,1.0,0.0,0.0,exploratory_S4_excluded_operation_not_reverified,7,1,0,4,2,zero_in_source_candidate_set_not_verified_no_facilities,False,validation_only_not_scored,facility_accessibility_v0_S4_excluded_OSM_entrance_proxy,False,False,included_source_model_counts_zero_is_not_verified_absence,True,contains_assumed_connectors,26.898787946272073
3110591,충정로역 6번,골목상권,0.0509998997427732,80,True,,37.21374045801527,0.0,0.0,6.481947942905122,4.961832061068703,11.443780003973824,0.0,0.25,0.0,exploratory_S4_excluded_operation_not_reverified,10,0,0,8,2,zero_in_source_candidate_set_not_verified_no_facilities,False,validation_only_not_scored,facility_accessibility_v0_S4_excluded_OSM_entrance_proxy,False,False,included_source_model_counts_zero_is_not_verified_absence,True,contains_assumed_connectors,8.582835002980367
3110832,노량진초등학교,골목상권,0.1007824295469508,116,True,,0.2544529262086514,4.0,57.471636952998374,6.481947942905122,0.033927056827820185,63.98751195273132,4.5,0.25,0.0,exploratory_S4_excluded_operation_not_reverified,30,1,0,27,2,zero_in_source_candidate_set_not_verified_no_facilities,False,validation_only_not_scored,facility_accessibility_v0_S4_excluded_OSM_entrance_proxy,False,False,included_source_model_counts_zero_is_not_verified_absence,True,contains_assumed_connectors,47.990633964548486
3110927,잠원역,골목상권,0.0601910384784654,100,True,,20.41984732824428,0.0,7.487844408427876,6.481947942905122,2.722646310432571,16.692438661765568,0.25,0.25,0.0,exploratory_S4_excluded_operation_not_reverified,7,0,0,4,3,zero_in_source_candidate_set_not_verified_no_facilities,False,validation_only_not_scored,facility_accessibility_v0_S4_excluded_OSM_entrance_proxy,False,False,included_source_model_counts_zero_is_not_verified_absence,True,contains_assumed_connectors,12.519328996324177
3110949,한남IC,골목상권,0.062079246366503,145,True,,15.267175572519085,1.0,7.487844408427876,0.0,2.035623409669211,9.523467818097087,0.25,0.0,0.0,exploratory_S4_excluded_operation_not_reverified,7,0,0,6,1,zero_in_source_candidate_set_not_verified_no_facilities,False,validation_only_not_scored,facility_accessibility_v0_S4_excluded_OSM_entrance_proxy,False,False,included_source_model_counts_zero_is_not_verified_absence,True,contains_assumed_connectors,7.142600863572815
3110950,논현역 7번,골목상권,0.0461290122490573,33,True,,35.30534351145038,0.0,7.487844408427876,0.0,4.707379134860051,12.195223543287927,0.25,0.0,0.0,exploratory_S4_excluded_operation_not_reverified,8,0,0,7,1,zero_in_source_candidate_set_not_verified_no_facilities,False,validation_only_not_scored,facility_accessibility_v0_S4_excluded_OSM_entrance_proxy,False,False,included_source_model_counts_zero_is_not_verified_absence,True,contains_assumed_connectors,9.146417657465946
3110951,신사은행나무공원,골목상권,0.028978293542992,96,True,,3.307888040712468,0.0,7.487844408427876,0.0,0.44105173876166237,7.928896147189539,0.25,0.0,0.0,exploratory_S4_excluded_operation_not_reverified,11,0,0,8,3,zero_in_source_candidate_set_not_verified_no_facilities,False,validation_only_not_scored,facility_accessibility_v0_S4_excluded_OSM_entrance_proxy,False,False,included_source_model_counts_zero_is_not_verified_absence,True,contains_assumed_connectors,5.946672110392154
3110952,논현목련공원,골목상권,0.021612666271559,38,True,,13.486005089058525,0.0,0.0,0.0,1.79813401187447,,0.0,0.0,0.0,insufficient_no_included_source_facility,5,0,0,5,0,zero_in_source_candidate_set_not_verified_no_facilities,False,validation_only_not_scored,facility_accessibility_v0_S4_excluded_OSM_entrance_proxy,False,False,included_source_model_counts_zero_is_not_verified_absence,False,contains_assumed_connectors,1.3486005089058524
3110953,학동근린공원,골목상권,0.0928762500037293,86,True,,34.9236641221374,0.0,0.0,6.481947942905122,4.65648854961832,11.138436492523443,0.0,0.25,0.0,exploratory_S4_excluded_operation_not_reverified,10,0,0,9,1,zero_in_source_candidate_set_not_verified_no_facilities,False,validation_only_not_scored,facility_accessibility_v0_S4_excluded_OSM_entrance_proxy,False,False,included_source_model_counts_zero_is_not_verified_absence,True,contains_assumed_connectors,8.353827369392583
3110955,논현초등학교,골목상권,0.190768141499033,407,True,,23.40966921119593,3.0,0.0,6.481947942905122,3.121289228159457,9.60323717106458,0.0,0.25,0.0,exploratory_S4_excluded_operation_not_reverified,12,0,0,8,4,zero_in_source_candidate_set_not_verified_no_facilities,False,validation_only_not_scored,facility_accessibility_v0_S4_excluded_OSM_entrance_proxy,False,False,included_source_model_counts_zero_is_not_verified_absence,True,contains_assumed_connectors,7.202427878298435
3110957,언북중학교,골목상권,0.0947434026566621,243,True,,24.42748091603053,1.0,0.0,15.34844668345928,3.2569974554707373,18.605444138930018,0.0,0.5,0.0,exploratory_S4_excluded_operation_not_reverified,10,0,0,8,2,zero_in_source_candidate_set_not_verified_no_facilities,False,validation_only_not_scored,facility_accessibility_v0_S4_excluded_OSM_entrance_proxy,False,False,included_source_model_counts_zero_is_not_verified_absence,True,contains_assumed_connectors,13.954083104197514
3110959,신구중학교,골목상권,0.0359326418466982,45,True,,29.32569974554708,0.0,7.487844408427876,0.0,3.9100932994062774,11.397937707834153,0.25,0.0,0.0,exploratory_S4_excluded_operation_not_reverified,11,0,0,9,2,zero_in_source_candidate_set_not_verified_no_facilities,False,validation_only_not_scored,facility_accessibility_v0_S4_excluded_OSM_entrance_proxy,False,False,included_source_model_counts_zero_is_not_verified_absence,True,contains_assumed_connectors,8.548453280875615
3110961,언주역 3번,골목상권,0.0629835052893028,126,True,,22.83715012722646,1.0,0.0,0.0,3.0449533502968613,,0.0,0.0,0.0,insufficient_no_included_source_facility,6,0,0,5,1,zero_in_source_candidate_set_not_verified_no_facilities,False,validation_only_not_scored,facility_accessibility_v0_S4_excluded_OSM_entrance_proxy,False,False,included_source_model_counts_zero_is_not_verified_absence,False,contains_assumed_connectors,2.283715012722646
3110962,도산공원북측,골목상권,0.0100363624216496,43,True,,7.697201017811704,0.0,0.0,0.0,1.0262934690415606,,0.0,0.0,0.0,insufficient_no_included_source_facility,12,0,0,7,5,zero_in_source_candidate_set_not_verified_no_facilities,False,validation_only_not_scored,facility_accessibility_v0_S4_excluded_OSM_entrance_proxy,False,False,included_source_model_counts_zero_is_not_verified_absence,False,contains_assumed_connectors,0.7697201017811705
3110966,논현2동주민센터,골목상권,0.0934738399676504,331,True,,32.50636132315521,2.0,0.0,6.481947942905122,4.334181509754028,10.816129452659151,0.0,0.25,0.0,exploratory_S4_excluded_operation_not_reverified,9,0,0,6,3,zero_in_source_candidate_set_not_verified_no_facilities,False,validation_only_not_scored,facility_accessibility_v0_S4_excluded_OSM_entrance_proxy,False,False,included_source_model_counts_zero_is_not_verified_absence,True,contains_assumed_connectors,8.112097089494362
3110968,강남구청역 2번,골목상권,0.0437165440454674,57,True,,32.50636132315521,1.0,32.82009724473257,6.481947942905122,4.334181509754028,43.63622669739172,1.0,0.25,0.0,exploratory_S4_excluded_operation_not_reverified,5,1,0,4,0,zero_in_source_candidate_set_not_verified_no_facilities,False,validation_only_not_scored,facility_accessibility_v0_S4_excluded_OSM_entrance_proxy,False,False,included_source_model_counts_zero_is_not_verified_absence,True,contains_assumed_connectors,32.72717002304379
3110970,학동초등학교,골목상권,0.0499760766574499,57,True,,19.65648854961832,0.0,7.487844408427876,0.0,2.6208651399491094,10.108709548376986,0.25,0.0,0.0,exploratory_S4_excluded_operation_not_reverified,5,0,0,4,1,zero_in_source_candidate_set_not_verified_no_facilities,False,validation_only_not_scored,facility_accessibility_v0_S4_excluded_OSM_entrance_proxy,False,False,included_source_model_counts_zero_is_not_verified_absence,True,contains_assumed_connectors,7.581532161282739
3110971,선정릉역 4번,골목상권,0.1331207011191988,172,True,,1.4631043256997456,1.0,7.487844408427876,6.481947942905122,0.19508057675996607,14.164872928092965,0.25,0.25,0.25,exploratory_S4_excluded_operation_not_reverified,12,0,0,10,2,zero_in_source_candidate_set_not_verified_no_facilities,False,validation_only_not_scored,facility_accessibility_v0_S4_excluded_OSM_entrance_proxy,False,False,included_source_model_counts_zero_is_not_verified_absence,True,contains_assumed_connectors,10.623654696069725
3110973,강남구청역 4번,골목상권,0.0660861270109799,187,True,,32.50636132315521,1.0,7.487844408427876,6.481947942905122,4.334181509754028,18.303973861087027,0.25,0.25,0.0,exploratory_S4_excluded_operation_not_reverified,9,0,0,7,2,zero_in_source_candidate_set_not_verified_no_facilities,False,validation_only_not_scored,facility_accessibility_v0_S4_excluded_OSM_entrance_proxy,False,False,included_source_model_counts_zero_is_not_verified_absence,True,contains_assumed_connectors,13.727980395815269
3110974,언주중학교,골목상권,0.0351240892680903,70,True,,19.65648854961832,0.0,0.0,0.0,2.6208651399491094,,0.0,0.0,0.0,insufficient_no_included_source_facility,7,0,0,3,4,zero_in_source_candidate_set_not_verified_no_facilities,False,validation_only_not_scored,facility_accessibility_v0_S4_excluded_OSM_entrance_proxy,False,False,included_source_model_counts_zero_is_not_verified_absence,False,contains_assumed_connectors,1.965648854961832
3110976,언북초등학교,골목상권,0.0556820212110945,149,True,,19.65648854961832,0.0,7.487844408427876,6.481947942905122,2.6208651399491094,16.59065749128211,0.25,0.25,0.0,exploratory_S4_excluded_operation_not_reverified,11,0,0,8,3,zero_in_source_candidate_set_not_verified_no_facilities,False,validation_only_not_scored,facility_accessibility_v0_S4_excluded_OSM_entrance_proxy,False,False,included_source_model_counts_zero_is_not_verified_absence,True,contains_assumed_connectors,12.442993118461581
3110982,강남구보훈회관,골목상권,0.0198500533215776,102,True,,31.48854961832061,0.0,7.487844408427876,0.0,4.198473282442748,11.686317690870624,0.25,0.0,0.0,exploratory_S4_excluded_operation_not_reverified,4,0,0,4,0,zero_in_source_candidate_set_not_verified_no_facilities,False,validation_only_not_scored,facility_accessibility_v0_S4_excluded_OSM_entrance_proxy,False,False,included_source_model_counts_zero_is_not_verified_absence,True,contains_assumed_connectors,8.764738268152968
3110985,청담근린공원,골목상권,0.0432324972585148,57,True,,46.0559796437659,0.0,0.0,0.0,6.140797285835453,,0.0,0.0,0.0,insufficient_no_included_source_facility,9,0,0,5,4,zero_in_source_candidate_set_not_verified_no_facilities,False,validation_only_not_scored,facility_accessibility_v0_S4_excluded_OSM_entrance_proxy,False,False,included_source_model_counts_zero_is_not_verified_absence,False,contains_assumed_connectors,4.60559796437659
3110988,청담역 3번,골목상권,0.0791250215947088,59,True,,46.0559796437659,0.0,7.487844408427876,0.0,6.140797285835453,13.62864169426333,0.25,0.0,0.0,exploratory_S4_excluded_operation_not_reverified,10,0,0,5,5,zero_in_source_candidate_set_not_verified_no_facilities,False,validation_only_not_scored,facility_accessibility_v0_S4_excluded_OSM_entrance_proxy,False,False,included_source_model_counts_zero_is_not_verified_absence,True,contains_assumed_connectors,10.221481270697497
3110990,청담역 12번,골목상권,0.0100996541818893,29,True,,46.0559796437659,0.0,0.0,0.0,6.140797285835453,,0.0,0.0,0.0,insufficient_no_included_source_facility,6,0,0,3,3,zero_in_source_candidate_set_not_verified_no_facilities,False,validation_only_not_scored,facility_accessibility_v0_S4_excluded_OSM_entrance_proxy,False,False,included_source_model_counts_zero_is_not_verified_absence,False,contains_assumed_connectors,4.60559796437659
3111004,삼전역 1번,골목상권,0.2453723283299328,627,True,,7.315521628498728,5.0,57.811993517017825,0.0,0.9754028837998304,58.787396400817656,4.75,0.0,0.0,exploratory_S4_excluded_operation_not_reverified,27,2,0,21,4,zero_in_source_candidate_set_not_verified_no_facilities,False,validation_only_not_scored,facility_accessibility_v0_S4_excluded_OSM_entrance_proxy,False,False,included_source_model_counts_zero_is_not_verified_absence,True,contains_assumed_connectors,44.09054730061324
3111010,석촌역 7번,골목상권,0.200023309440052,393,True,,11.641221374045802,1.0,7.487844408427876,0.0,1.5521628498727735,9.04000725830065,0.25,0.0,0.0,exploratory_S4_excluded_operation_not_reverified,13,0,0,11,2,zero_in_source_candidate_set_not_verified_no_facilities,False,validation_only_not_scored,facility_accessibility_v0_S4_excluded_OSM_entrance_proxy,False,False,included_source_model_counts_zero_is_not_verified_absence,True,contains_assumed_connectors,6.7800054437254875
3111011,잠실나루역,골목상권,0.0258193896573705,117,True,,41.921119592875314,2.0,0.0,0.0,5.589482612383375,,0.0,0.0,0.0,insufficient_no_included_source_facility,10,0,0,4,6,zero_in_source_candidate_set_not_verified_no_facilities,False,validation_only_not_scored,facility_accessibility_v0_S4_excluded_OSM_entrance_proxy,False,False,included_source_model_counts_zero_is_not_verified_absence,False,contains_assumed_connectors,4.192111959287532
3111012,석촌역 6번,골목상권,0.1206611099897302,262,True,,2.735368956743003,1.0,48.379254457050244,0.0,0.36471586089906705,48.74397031794931,2.25,0.0,0.0,exploratory_S4_excluded_operation_not_reverified,14,1,0,13,0,zero_in_source_candidate_set_not_verified_no_facilities,False,validation_only_not_scored,facility_accessibility_v0_S4_excluded_OSM_entrance_proxy,False,False,included_source_model_counts_zero_is_not_verified_absence,True,contains_assumed_connectors,36.557977738461986
3111013,송파나루역 1번(송리단길),골목상권,0.1913747685030363,577,True,,2.735368956743003,1.0,7.487844408427876,0.0,0.36471586089906705,7.852560269326943,0.25,0.0,0.0,exploratory_S4_excluded_operation_not_reverified,18,1,0,12,5,zero_in_source_candidate_set_not_verified_no_facilities,False,validation_only_not_scored,facility_accessibility_v0_S4_excluded_OSM_entrance_proxy,False,False,included_source_model_counts_zero_is_not_verified_absence,True,contains_assumed_connectors,5.8894202019952075
3111014,송파나루역 2번,골목상권,0.072657857043091,139,True,,8.078880407124682,0.0,7.487844408427876,0.0,1.077184054283291,8.565028462711167,0.25,0.0,0.0,exploratory_S4_excluded_operation_not_reverified,13,0,0,10,3,zero_in_source_candidate_set_not_verified_no_facilities,False,validation_only_not_scored,facility_accessibility_v0_S4_excluded_OSM_entrance_proxy,False,False,included_source_model_counts_zero_is_not_verified_absence,True,contains_assumed_connectors,6.423771347033375
3111015,석촌역 3번,골목상권,0.2264086744851089,418,True,,2.735368956743003,2.0,51.58833063209076,0.0,0.36471586089906705,51.95304649298983,2.75,0.0,0.0,exploratory_S4_excluded_operation_not_reverified,24,0,0,22,2,zero_in_source_candidate_set_not_verified_no_facilities,False,validation_only_not_scored,facility_accessibility_v0_S4_excluded_OSM_entrance_proxy,False,False,included_source_model_counts_zero_is_not_verified_absence,True,contains_assumed_connectors,38.964784869742374
3111018,풍납초등학교(풍납백제문화공원),골목상권,0.0270801370482058,45,True,,1.7811704834605595,0.0,0.0,0.0,0.23748939779474126,,0.0,0.0,0.0,insufficient_no_included_source_facility,4,0,0,3,1,zero_in_source_candidate_set_not_verified_no_facilities,False,validation_only_not_scored,facility_accessibility_v0_S4_excluded_OSM_entrance_proxy,False,False,included_source_model_counts_zero_is_not_verified_absence,False,contains_assumed_connectors,0.17811704834605596
3111019,한성백제역 3번,골목상권,0.1826565738512957,315,True,,7.697201017811704,0.0,26.20745542949757,0.0,1.0262934690415606,27.233748898539133,0.75,0.0,0.0,exploratory_S4_excluded_operation_not_reverified,12,0,0,11,1,zero_in_source_candidate_set_not_verified_no_facilities,False,validation_only_not_scored,facility_accessibility_v0_S4_excluded_OSM_entrance_proxy,False,False,included_source_model_counts_zero_is_not_verified_absence,True,contains_assumed_connectors,20.42531167390435
3111020,방이동고분군(방산고등학교),골목상권,0.0289746487912472,150,True,,4.89821882951654,2.0,46.72609400324149,0.0,0.6530958439355387,47.37918984717703,2.0,0.0,0.0,exploratory_S4_excluded_operation_not_reverified,15,2,0,12,1,zero_in_source_candidate_set_not_verified_no_facilities,False,validation_only_not_scored,facility_accessibility_v0_S4_excluded_OSM_entrance_proxy,False,False,included_source_model_counts_zero_is_not_verified_absence,True,contains_assumed_connectors,35.53439238538277
3111021,방이역 4번,골목상권,0.324026928449671,647,True,,4.89821882951654,9.0,56.547811993517016,0.0,0.6530958439355387,57.200907837452554,4.0,0.0,0.0,exploratory_S4_excluded_operation_not_reverified,18,3,0,14,1,zero_in_source_candidate_set_not_verified_no_facilities,False,validation_only_not_scored,facility_accessibility_v0_S4_excluded_OSM_entrance_proxy,False,False,included_source_model_counts_zero_is_not_verified_absence,True,contains_assumed_connectors,42.90068087808942
3111022,석촌중학교(방이육교),골목상권,0.0804726189266222,80,True,,0.9541984732824428,0.0,26.20745542949757,0.0,0.1272264631043257,26.334681892601896,0.75,0.0,0.0,exploratory_S4_excluded_operation_not_reverified,15,0,0,12,3,zero_in_source_candidate_set_not_verified_no_facilities,False,validation_only_not_scored,facility_accessibility_v0_S4_excluded_OSM_entrance_proxy,False,False,included_source_model_counts_zero_is_not_verified_absence,True,contains_assumed_connectors,19.751011419451423
3111029,오금역 4번,골목상권,0.043055293256851,88,True,,0.9541984732824428,0.0,7.487844408427876,0.0,0.1272264631043257,7.615070871532202,0.25,0.0,0.0,exploratory_S4_excluded_operation_not_reverified,4,0,0,3,1,zero_in_source_candidate_set_not_verified_no_facilities,False,validation_only_not_scored,facility_accessibility_v0_S4_excluded_OSM_entrance_proxy,False,False,included_source_model_counts_zero_is_not_verified_absence,True,contains_assumed_connectors,5.711303153649151
3111030,방이역 2번,골목상권,0.0508718679465197,176,True,,4.89821882951654,5.0,46.72609400324149,0.0,0.6530958439355387,47.37918984717703,2.0,0.0,0.0,exploratory_S4_excluded_operation_not_reverified,10,1,0,8,1,zero_in_source_candidate_set_not_verified_no_facilities,False,validation_only_not_scored,facility_accessibility_v0_S4_excluded_OSM_entrance_proxy,False,False,included_source_model_counts_zero_is_not_verified_absence,True,contains_assumed_connectors,35.53439238538277
3111032,방이역 1번,골목상권,0.0778521031918219,206,True,,4.89821882951654,6.0,46.72609400324149,0.0,0.6530958439355387,47.37918984717703,2.0,0.0,0.0,exploratory_S4_excluded_operation_not_reverified,13,1,0,10,2,zero_in_source_candidate_set_not_verified_no_facilities,False,validation_only_not_scored,facility_accessibility_v0_S4_excluded_OSM_entrance_proxy,False,False,included_source_model_counts_zero_is_not_verified_absence,True,contains_assumed_connectors,35.53439238538277
3111035,오금공원(오주중학교),골목상권,0.0949674752537834,142,True,,0.9541984732824428,1.0,0.0,6.481947942905122,0.1272264631043257,6.609174406009448,0.0,0.25,0.0,exploratory_S4_excluded_operation_not_reverified,5,0,0,5,0,zero_in_source_candidate_set_not_verified_no_facilities,False,validation_only_not_scored,facility_accessibility_v0_S4_excluded_OSM_entrance_proxy,False,False,included_source_model_counts_zero_is_not_verified_absence,True,contains_assumed_connectors,4.956880804507086
3111048,천호역 1번(천호문구완구거리),골목상권,0.0692109717933286,98,True,,44.02035623409669,0.0,19.108589951377635,0.0,5.869380831212892,24.977970782590525,0.5,0.0,0.0,exploratory_S4_excluded_operation_not_reverified,8,0,0,7,1,zero_in_source_candidate_set_not_verified_no_facilities,False,validation_only_not_scored,facility_accessibility_v0_S4_excluded_OSM_entrance_proxy,False,False,included_source_model_counts_zero_is_not_verified_absence,True,contains_assumed_connectors,18.733478086942895
3111049,천호지구대(천호동자전거거리),골목상권,0.110338842403215,196,True,,44.02035623409669,0.0,26.20745542949757,0.0,5.869380831212892,32.076836260710465,0.75,0.0,0.0,exploratory_S4_excluded_operation_not_reverified,10,0,0,8,2,zero_in_source_candidate_set_not_verified_no_facilities,False,validation_only_not_scored,facility_accessibility_v0_S4_excluded_OSM_entrance_proxy,False,False,included_source_model_counts_zero_is_not_verified_absence,True,contains_assumed_connectors,24.05762719553285
3111050,강동구청(강동구청역 2번),골목상권,0.0195494057557165,46,True,,14.122137404580156,0.0,32.82009724473257,0.0,1.8829516539440208,34.70304889867659,1.0,0.0,0.0,exploratory_S4_excluded_operation_not_reverified,11,0,0,7,4,zero_in_source_candidate_set_not_verified_no_facilities,False,validation_only_not_scored,facility_accessibility_v0_S4_excluded_OSM_entrance_proxy,False,False,included_source_model_counts_zero_is_not_verified_absence,True,contains_assumed_connectors,26.027286674007442
3111051,천호역 6번,골목상권,0.1595231048398986,316,True,,44.02035623409669,1.0,38.703403565640194,0.0,5.869380831212892,44.57278439685309,1.25,0.0,0.0,exploratory_S4_excluded_operation_not_reverified,18,0,0,13,5,zero_in_source_candidate_set_not_verified_no_facilities,False,validation_only_not_scored,facility_accessibility_v0_S4_excluded_OSM_entrance_proxy,False,False,included_source_model_counts_zero_is_not_verified_absence,True,contains_assumed_connectors,33.42958829763982
3111052,암사역 3번(천호동자전거거리),골목상권,0.1291948555298473,291,True,,12.786259541984732,0.0,32.82009724473257,0.0,1.7048346055979642,34.52493185033054,1.0,0.0,0.0,exploratory_S4_excluded_operation_not_reverified,10,0,0,7,3,zero_in_source_candidate_set_not_verified_no_facilities,False,validation_only_not_scored,facility_accessibility_v0_S4_excluded_OSM_entrance_proxy,False,False,included_source_model_counts_zero_is_not_verified_absence,True,contains_assumed_connectors,25.893698887747902
3111053,성내천어린이공원(하니사랑길),골목상권,0.1397367307431585,197,True,,14.122137404580156,1.0,26.20745542949757,0.0,1.8829516539440208,28.09040708344159,0.75,0.0,0.0,exploratory_S4_excluded_operation_not_reverified,19,1,0,14,4,zero_in_source_candidate_set_not_verified_no_facilities,False,validation_only_not_scored,facility_accessibility_v0_S4_excluded_OSM_entrance_proxy,False,False,included_source_model_counts_zero_is_not_verified_absence,True,contains_assumed_connectors,21.067805312581193
3111054,암사역 4번(삼성광나루아파트),골목상권,0.0155259060792445,41,True,,12.786259541984732,0.0,32.82009724473257,0.0,1.7048346055979642,34.52493185033054,1.0,0.0,0.0,exploratory_S4_excluded_operation_not_reverified,10,0,0,9,1,zero_in_source_candidate_set_not_verified_no_facilities,False,validation_only_not_scored,facility_accessibility_v0_S4_excluded_OSM_entrance_proxy,False,False,included_source_model_counts_zero_is_not_verified_absence,True,contains_assumed_connectors,25.893698887747902
3111056,천호태영아파트,골목상권,0.031960042383596,82,True,,44.02035623409669,0.0,19.108589951377635,0.0,5.869380831212892,24.977970782590525,0.5,0.0,0.0,exploratory_S4_excluded_operation_not_reverified,12,0,0,7,5,zero_in_source_candidate_set_not_verified_no_facilities,False,validation_only_not_scored,facility_accessibility_v0_S4_excluded_OSM_entrance_proxy,False,False,included_source_model_counts_zero_is_not_verified_absence,True,contains_assumed_connectors,18.733478086942895
3111057,천호공원(해공체육문화센터),골목상권,0.1160707125765865,222,True,,12.340966921119591,0.0,19.108589951377635,0.0,1.6454622561492789,20.754052207526914,0.5,0.0,0.0,exploratory_S4_excluded_operation_not_reverified,13,0,0,6,7,zero_in_source_candidate_set_not_verified_no_facilities,False,validation_only_not_scored,facility_accessibility_v0_S4_excluded_OSM_entrance_proxy,False,False,included_source_model_counts_zero_is_not_verified_absence,True,contains_assumed_connectors,15.565539155645187
3111058,성내중학교,골목상권,0.0396635189317969,69,True,,12.08651399491094,2.0,42.49594813614263,0.0,1.6115351993214586,44.10748333546409,1.5,0.0,0.0,exploratory_S4_excluded_operation_not_reverified,14,1,0,9,4,zero_in_source_candidate_set_not_verified_no_facilities,False,validation_only_not_scored,facility_accessibility_v0_S4_excluded_OSM_entrance_proxy,False,False,included_source_model_counts_zero_is_not_verified_absence,True,contains_assumed_connectors,33.08061250159807
3111059,강동역 4번(강풀만화거리),골목상권,0.282081034729625,529,True,,44.02035623409669,0.0,49.93517017828201,0.0,5.869380831212892,55.8045510094949,2.5,0.0,0.0,exploratory_S4_excluded_operation_not_reverified,24,2,0,14,8,zero_in_source_candidate_set_not_verified_no_facilities,False,validation_only_not_scored,facility_accessibility_v0_S4_excluded_OSM_entrance_proxy,False,False,included_source_model_counts_zero_is_not_verified_absence,True,contains_assumed_connectors,41.853413257121176
3111060,암사역 2번(서울강동초등학교),골목상권,0.2190504596698758,446,True,,12.786259541984732,1.0,38.703403565640194,0.0,1.7048346055979642,40.40823817123816,1.25,0.0,0.0,exploratory_S4_excluded_operation_not_reverified,11,0,0,10,1,zero_in_source_candidate_set_not_verified_no_facilities,False,validation_only_not_scored,facility_accessibility_v0_S4_excluded_OSM_entrance_proxy,False,False,included_source_model_counts_zero_is_not_verified_absence,True,contains_assumed_connectors,30.30617862842862
3111061,암사역 1번,골목상권,0.1751950857327215,324,True,,12.786259541984732,0.0,45.02431118314424,0.0,1.7048346055979642,46.72914578874221,1.75,0.0,0.0,exploratory_S4_excluded_operation_not_reverified,11,0,0,10,1,zero_in_source_candidate_set_not_verified_no_facilities,False,validation_only_not_scored,facility_accessibility_v0_S4_excluded_OSM_entrance_proxy,False,False,included_source_model_counts_zero_is_not_verified_absence,True,contains_assumed_connectors,35.046859341556654
3111062,둔촌동역 3번(성내3동주민센터),골목상권,0.1067280273226065,186,True,,23.85496183206107,0.0,42.49594813614263,0.0,3.1806615776081424,45.67660971375077,1.5,0.0,0.0,exploratory_S4_excluded_operation_not_reverified,9,1,0,6,2,zero_in_source_candidate_set_not_verified_no_facilities,False,validation_only_not_scored,facility_accessibility_v0_S4_excluded_OSM_entrance_proxy,False,False,included_source_model_counts_zero_is_not_verified_absence,True,contains_assumed_connectors,34.25745728531308
3111063,강동구립 천호도서관,골목상권,0.1504049067224535,199,True,,38.8676844783715,0.0,26.20745542949757,0.0,5.182357930449533,31.389813359947105,0.75,0.0,0.0,exploratory_S4_excluded_operation_not_reverified,19,0,0,14,5,zero_in_source_candidate_set_not_verified_no_facilities,False,validation_only_not_scored,facility_accessibility_v0_S4_excluded_OSM_entrance_proxy,False,False,included_source_model_counts_zero_is_not_verified_absence,True,contains_assumed_connectors,23.542360019960327
3111064,둔촌동역 4번,골목상권,0.0510887265410409,139,True,,23.85496183206107,0.0,38.703403565640194,0.0,3.1806615776081424,41.884065143248336,1.25,0.0,0.0,exploratory_S4_excluded_operation_not_reverified,10,0,0,8,2,zero_in_source_candidate_set_not_verified_no_facilities,False,validation_only_not_scored,facility_accessibility_v0_S4_excluded_OSM_entrance_proxy,False,False,included_source_model_counts_zero_is_not_verified_absence,True,contains_assumed_connectors,31.41304885743625
3111066,암사동성당(효정하나플러스아파트),골목상권,0.1064792120559996,187,True,,8.078880407124682,0.0,26.20745542949757,0.0,1.077184054283291,27.28463948378086,0.75,0.0,0.0,exploratory_S4_excluded_operation_not_reverified,13,0,0,9,4,zero_in_source_candidate_set_not_verified_no_facilities,False,validation_only_not_scored,facility_accessibility_v0_S4_excluded_OSM_entrance_proxy,False,False,included_source_model_counts_zero_is_not_verified_absence,True,contains_assumed_connectors,20.463479612835645
3111067,강동구립성내도서관,골목상권,0.2038069724034054,297,True,,38.8676844783715,0.0,32.82009724473257,0.0,5.182357930449533,38.00245517518211,1.0,0.0,0.0,exploratory_S4_excluded_operation_not_reverified,23,0,0,18,5,zero_in_source_candidate_set_not_verified_no_facilities,False,validation_only_not_scored,facility_accessibility_v0_S4_excluded_OSM_entrance_proxy,False,False,included_source_model_counts_zero_is_not_verified_absence,True,contains_assumed_connectors,28.50184138138658
3111068,강동성심병원,골목상권,0.0196311859562933,27,True,,38.8676844783715,0.0,19.108589951377635,0.0,5.182357930449533,24.29094788182717,0.5,0.0,0.0,exploratory_S4_excluded_operation_not_reverified,11,0,0,9,2,zero_in_source_candidate_set_not_verified_no_facilities,False,validation_only_not_scored,facility_accessibility_v0_S4_excluded_OSM_entrance_proxy,False,False,included_source_model_counts_zero_is_not_verified_absence,True,contains_assumed_connectors,18.218210911370377
3111069,천호1동주민센터,골목상권,0.1104047005374646,109,True,,14.69465648854962,0.0,7.487844408427876,0.0,1.959287531806616,9.447131940234492,0.25,0.0,0.0,exploratory_S4_excluded_operation_not_reverified,14,0,0,11,3,zero_in_source_candidate_set_not_verified_no_facilities,False,validation_only_not_scored,facility_accessibility_v0_S4_excluded_OSM_entrance_proxy,False,False,included_source_model_counts_zero_is_not_verified_absence,True,contains_assumed_connectors,7.085348955175869
3111070,천호초등학교,골목상권,0.0590335471842071,57,True,,14.69465648854962,0.0,7.487844408427876,0.0,1.959287531806616,9.447131940234492,0.25,0.0,0.0,exploratory_S4_excluded_operation_not_reverified,13,0,0,9,4,zero_in_source_candidate_set_not_verified_no_facilities,False,validation_only_not_scored,facility_accessibility_v0_S4_excluded_OSM_entrance_proxy,False,False,included_source_model_counts_zero_is_not_verified_absence,True,contains_assumed_connectors,7.085348955175869
3111071,천동초등학교,골목상권,0.0354727303106187,51,True,,26.52671755725191,0.0,32.82009724473257,0.0,3.5368956743002546,36.35699291903283,1.0,0.0,0.0,exploratory_S4_excluded_operation_not_reverified,13,0,0,11,2,zero_in_source_candidate_set_not_verified_no_facilities,False,validation_only_not_scored,facility_accessibility_v0_S4_excluded_OSM_entrance_proxy,False,False,included_source_model_counts_zero_is_not_verified_absence,True,contains_assumed_connectors,27.267744689274622
3111072,굽은다리역 1번(십자성마을),골목상권,0.1531349588172852,206,True,,26.52671755725191,0.0,42.49594813614263,0.0,3.5368956743002546,46.032843810442884,1.5,0.0,0.0,exploratory_S4_excluded_operation_not_reverified,16,0,0,15,1,zero_in_source_candidate_set_not_verified_no_facilities,False,validation_only_not_scored,facility_accessibility_v0_S4_excluded_OSM_entrance_proxy,False,False,included_source_model_counts_zero_is_not_verified_absence,True,contains_assumed_connectors,34.52463285783216
3111073,둔촌동역 1번(한산중학교),골목상권,0.1797337334675332,360,True,,23.85496183206107,1.0,32.82009724473257,0.0,3.1806615776081424,36.000758822340714,1.0,0.0,0.0,exploratory_S4_excluded_operation_not_reverified,19,0,0,15,4,zero_in_source_candidate_set_not_verified_no_facilities,False,validation_only_not_scored,facility_accessibility_v0_S4_excluded_OSM_entrance_proxy,False,False,included_source_model_counts_zero_is_not_verified_absence,True,contains_assumed_connectors,27.000569116755536
3111074,명일역 1번,골목상권,0.0493972398587117,80,True,,11.259541984732824,0.0,51.58833063209076,0.0,1.5012722646310432,53.0896028967218,2.75,0.0,0.0,exploratory_S4_excluded_operation_not_reverified,18,1,0,14,3,zero_in_source_candidate_set_not_verified_no_facilities,False,validation_only_not_scored,facility_accessibility_v0_S4_excluded_OSM_entrance_proxy,False,False,included_source_model_counts_zero_is_not_verified_absence,True,contains_assumed_connectors,39.81720217254135
3111075,굽은다리역 2번,골목상권,0.0877136202088711,134,True,,14.69465648854962,1.0,55.089141004862235,0.0,1.959287531806616,57.04842853666885,3.5,0.0,0.0,exploratory_S4_excluded_operation_not_reverified,19,1,0,17,1,zero_in_source_candidate_set_not_verified_no_facilities,False,validation_only_not_scored,facility_accessibility_v0_S4_excluded_OSM_entrance_proxy,False,False,included_source_model_counts_zero_is_not_verified_absence,True,contains_assumed_connectors,42.78632140250164
3111076,둔촌2동주민센터,골목상권,0.0600213387916273,138,True,,3.498727735368957,4.0,49.93517017828201,0.0,0.46649703138252757,50.40166720966454,2.5,0.0,0.0,exploratory_S4_excluded_operation_not_reverified,12,2,0,10,0,zero_in_source_candidate_set_not_verified_no_facilities,False,validation_only_not_scored,facility_accessibility_v0_S4_excluded_OSM_entrance_proxy,False,False,included_source_model_counts_zero_is_not_verified_absence,True,contains_assumed_connectors,37.8012504072484
3111077,길동주민센터(강동도서관),골목상권,0.2470102341690204,555,True,,26.52671755725191,2.0,55.089141004862235,0.0,3.5368956743002546,58.62603667916249,3.5,0.0,0.0,exploratory_S4_excluded_operation_not_reverified,18,2,0,14,2,zero_in_source_candidate_set_not_verified_no_facilities,False,validation_only_not_scored,facility_accessibility_v0_S4_excluded_OSM_entrance_proxy,False,False,included_source_model_counts_zero_is_not_verified_absence,True,contains_assumed_connectors,43.969527509371865
3111078,굽은다리역 4번,골목상권,0.2071663133693092,512,True,,26.52671755725191,3.0,53.14424635332253,0.0,3.5368956743002546,56.68114202762278,3.0,0.0,0.0,exploratory_S4_excluded_operation_not_reverified,22,2,0,19,1,zero_in_source_candidate_set_not_verified_no_facilities,False,validation_only_not_scored,facility_accessibility_v0_S4_excluded_OSM_entrance_proxy,False,False,included_source_model_counts_zero_is_not_verified_absence,True,contains_assumed_connectors,42.510856520717084
3111080,굽은다리역 3번,골목상권,0.0834841254861266,169,True,,14.69465648854962,2.0,56.0129659643436,0.0,1.959287531806616,57.972253496150216,3.75,0.0,0.0,exploratory_S4_excluded_operation_not_reverified,20,1,0,18,1,zero_in_source_candidate_set_not_verified_no_facilities,False,validation_only_not_scored,facility_accessibility_v0_S4_excluded_OSM_entrance_proxy,False,False,included_source_model_counts_zero_is_not_verified_absence,True,contains_assumed_connectors,43.47919012211266
3120001,서대문역,발달상권,0.1481814110194253,381,True,,42.43002544529262,4.0,57.471636952998374,15.34844668345928,5.657336726039016,78.47742036249667,4.5,0.5,0.0,exploratory_S4_excluded_operation_not_reverified,11,4,0,6,1,zero_in_source_candidate_set_not_verified_no_facilities,False,validation_only_not_scored,facility_accessibility_v0_S4_excluded_OSM_entrance_proxy,False,False,included_source_model_counts_zero_is_not_verified_absence,True,contains_assumed_connectors,58.858065271872505
3120002,서촌(경복궁역),발달상권,0.1765049327736606,628,True,,47.45547073791349,3.0,32.82009724473257,15.34844668345928,6.327396098388465,54.495940026580314,1.0,0.5,0.0,exploratory_S4_excluded_operation_not_reverified,12,2,0,6,4,zero_in_source_candidate_set_not_verified_no_facilities,False,validation_only_not_scored,facility_accessibility_v0_S4_excluded_OSM_entrance_proxy,False,False,included_source_model_counts_zero_is_not_verified_absence,True,contains_assumed_connectors,40.871955019935235
3120003,광화문역,발달상권,0.3942269485656003,1840,True,,58.71501272264631,3.0,38.703403565640194,6.481947942905122,7.828668363019507,53.01401987156483,1.25,0.25,0.25,exploratory_S4_excluded_operation_not_reverified,29,4,0,21,4,zero_in_source_candidate_set_not_verified_no_facilities,False,validation_only_not_scored,facility_accessibility_v0_S4_excluded_OSM_entrance_proxy,False,False,included_source_model_counts_zero_is_not_verified_absence,True,contains_assumed_connectors,39.760514903673624
3120004,종로구청,발달상권,0.1239745268476526,489,True,,58.71501272264631,0.0,19.108589951377635,0.0,7.828668363019507,26.93725831439714,0.5,0.0,0.0,exploratory_S4_excluded_operation_not_reverified,31,1,1,19,10,zero_in_source_candidate_set_not_verified_no_facilities,False,validation_only_not_scored,facility_accessibility_v0_S4_excluded_OSM_entrance_proxy,False,False,included_source_model_counts_zero_is_not_verified_absence,True,contains_assumed_connectors,20.202943735797856
3120005,삼청동,발달상권,0.2514544612950112,433,True,,48.98218829516539,2.0,0.0,6.481947942905122,6.530958439355386,13.012906382260507,0.0,0.25,0.0,exploratory_S4_excluded_operation_not_reverified,7,0,0,3,4,zero_in_source_candidate_set_not_verified_no_facilities,False,validation_only_not_scored,facility_accessibility_v0_S4_excluded_OSM_entrance_proxy,False,False,included_source_model_counts_zero_is_not_verified_absence,True,contains_assumed_connectors,9.75967978669538
3120006,종각역,발달상권,0.2701237119002433,1696,True,,65.45801526717557,7.0,59.70826580226903,23.879093198992443,8.727735368956742,92.31509437021822,9.75,1.25,1.25,exploratory_S4_excluded_operation_not_reverified,40,13,1,19,7,zero_in_source_candidate_set_not_verified_no_facilities,False,validation_only_not_scored,facility_accessibility_v0_S4_excluded_OSM_entrance_proxy,False,False,included_source_model_counts_zero_is_not_verified_absence,True,contains_assumed_connectors,69.23632077766366
3120007,북촌(안국역),발달상권,0.1975265453737354,554,True,,52.67175572519084,2.0,0.0,0.0,7.022900763358779,,0.0,0.0,0.0,insufficient_no_included_source_facility,7,1,0,4,2,zero_in_source_candidate_set_not_verified_no_facilities,False,validation_only_not_scored,facility_accessibility_v0_S4_excluded_OSM_entrance_proxy,False,False,included_source_model_counts_zero_is_not_verified_absence,False,contains_assumed_connectors,5.2671755725190845
3120008,인사동,발달상권,0.1821820285401519,1215,True,,65.45801526717557,0.0,48.379254457050244,15.34844668345928,8.727735368956742,72.45543650946627,2.25,0.5,0.25,exploratory_S4_excluded_operation_not_reverified,29,1,1,23,4,zero_in_source_candidate_set_not_verified_no_facilities,False,validation_only_not_scored,facility_accessibility_v0_S4_excluded_OSM_entrance_proxy,False,False,included_source_model_counts_zero_is_not_verified_absence,True,contains_assumed_connectors,54.3415773820997
3120009,종로3가역,발달상권,0.4012185177336677,4123,True,,72.01017811704835,6.0,59.22204213938411,26.062132661628883,9.601357082273115,94.8855318832861,6.75,2.0,1.0,exploratory_S4_excluded_operation_not_reverified,34,7,0,22,5,zero_in_source_candidate_set_not_verified_no_facilities,False,validation_only_not_scored,facility_accessibility_v0_S4_excluded_OSM_entrance_proxy,False,False,included_source_model_counts_zero_is_not_verified_absence,True,contains_assumed_connectors,71.16414891246458
3120010,원남동사거리,발달상권,0.0990457868654798,271,True,,60.30534351145038,1.0,7.487844408427876,0.0,8.040712468193384,15.52855687662126,0.25,0.0,0.0,exploratory_S4_excluded_operation_not_reverified,11,0,0,6,5,zero_in_source_candidate_set_not_verified_no_facilities,False,validation_only_not_scored,facility_accessibility_v0_S4_excluded_OSM_entrance_proxy,False,False,included_source_model_counts_zero_is_not_verified_absence,True,contains_assumed_connectors,11.646417657465944
3120011,종로4가,발달상권,0.1159012569743261,663,True,,73.91857506361323,0.0,7.487844408427876,0.0,9.855810008481765,17.34365441690964,0.25,0.0,0.0,exploratory_S4_excluded_operation_not_reverified,15,1,1,8,5,zero_in_source_candidate_set_not_verified_no_facilities,False,validation_only_not_scored,facility_accessibility_v0_S4_excluded_OSM_entrance_proxy,False,False,included_source_model_counts_zero_is_not_verified_absence,True,contains_assumed_connectors,13.00774081268223
3120012,대학로(혜화역),발달상권,0.2566946381480262,985,True,,53.88040712468194,7.0,60.0,25.256087321578505,7.184054283290925,92.44014160486942,15.25,1.5,1.0,exploratory_S4_excluded_operation_not_reverified,38,19,0,15,4,zero_in_source_candidate_set_not_verified_no_facilities,False,validation_only_not_scored,facility_accessibility_v0_S4_excluded_OSM_entrance_proxy,False,False,included_source_model_counts_zero_is_not_verified_absence,True,contains_assumed_connectors,69.33010620365206
3120013,이화사거리,발달상권,0.1341823352353747,193,True,,60.30534351145038,0.0,7.487844408427876,15.34844668345928,8.040712468193384,30.87700356008054,0.25,0.5,0.0,exploratory_S4_excluded_operation_not_reverified,14,1,0,9,4,zero_in_source_candidate_set_not_verified_no_facilities,False,validation_only_not_scored,facility_accessibility_v0_S4_excluded_OSM_entrance_proxy,False,False,included_source_model_counts_zero_is_not_verified_absence,True,contains_assumed_connectors,23.157752670060404
3120014,종로5가역,발달상권,0.1359236266809117,636,True,,68.63867684478372,2.0,7.487844408427876,21.09151973131822,9.151823579304496,37.73118771905059,0.25,1.0,0.0,exploratory_S4_excluded_operation_not_reverified,12,1,0,5,6,zero_in_source_candidate_set_not_verified_no_facilities,False,validation_only_not_scored,facility_accessibility_v0_S4_excluded_OSM_entrance_proxy,False,False,included_source_model_counts_zero_is_not_verified_absence,True,contains_assumed_connectors,28.298390789287943
3120015,종로6가,발달상권,0.053899167436495,179,True,,70.86513994910942,0.0,0.0,6.481947942905122,9.448685326547922,15.930633269453043,0.0,0.25,0.0,exploratory_S4_excluded_operation_not_reverified,8,0,0,6,2,zero_in_source_candidate_set_not_verified_no_facilities,False,validation_only_not_scored,facility_accessibility_v0_S4_excluded_OSM_entrance_proxy,False,False,included_source_model_counts_zero_is_not_verified_absence,True,contains_assumed_connectors,11.947974952089783
3120016,동대문역,발달상권,0.0587433646189142,282,True,,82.44274809160305,0.0,0.0,0.0,10.99236641221374,,0.0,0.0,0.0,insufficient_no_included_source_facility,8,0,0,6,2,zero_in_source_candidate_set_not_verified_no_facilities,False,validation_only_not_scored,facility_accessibility_v0_S4_excluded_OSM_entrance_proxy,False,False,included_source_model_counts_zero_is_not_verified_absence,False,contains_assumed_connectors,8.244274809160304
3120017,동묘앞역(동묘),발달상권,0.0711442824066116,488,True,,79.26208651399492,0.0,0.0,6.481947942905122,10.568278201865988,17.05022614477111,0.0,0.25,0.0,exploratory_S4_excluded_operation_not_reverified,5,0,0,3,2,zero_in_source_candidate_set_not_verified_no_facilities,False,validation_only_not_scored,facility_accessibility_v0_S4_excluded_OSM_entrance_proxy,False,False,included_source_model_counts_zero_is_not_verified_absence,True,contains_assumed_connectors,12.787669608578332
3120018,중림동,발달상권,0.1445748253754032,390,True,,51.972010178117046,2.0,46.72609400324149,6.481947942905122,6.929601357082273,60.137643303228884,2.0,0.25,0.0,exploratory_S4_excluded_operation_not_reverified,14,2,0,7,5,zero_in_source_candidate_set_not_verified_no_facilities,False,validation_only_not_scored,facility_accessibility_v0_S4_excluded_OSM_entrance_proxy,False,False,included_source_model_counts_zero_is_not_verified_absence,True,contains_assumed_connectors,45.10323247742166
3120019,경찰청앞교차로,발달상권,0.0907595904161892,108,True,,49.74554707379134,0.0,19.108589951377635,0.0,6.632739609838846,25.74132956121648,0.5,0.0,0.0,exploratory_S4_excluded_operation_not_reverified,13,0,0,12,1,zero_in_source_candidate_set_not_verified_no_facilities,False,validation_only_not_scored,facility_accessibility_v0_S4_excluded_OSM_entrance_proxy,False,False,included_source_model_counts_zero_is_not_verified_absence,True,contains_assumed_connectors,19.305997170912363
3120020,시청역_1번,발달상권,0.0583828117231853,216,True,,56.42493638676845,1.0,0.0,0.0,7.523324851569127,,0.0,0.0,0.0,insufficient_no_included_source_facility,14,0,0,9,5,zero_in_source_candidate_set_not_verified_no_facilities,False,validation_only_not_scored,facility_accessibility_v0_S4_excluded_OSM_entrance_proxy,False,False,included_source_model_counts_zero_is_not_verified_absence,False,contains_assumed_connectors,5.642493638676845
3120021,시청역_8번,발달상권,0.1325897309466503,356,True,,56.42493638676845,3.0,7.487844408427876,0.0,7.523324851569127,15.011169259997004,0.25,0.0,0.0,exploratory_S4_excluded_operation_not_reverified,14,1,0,10,3,zero_in_source_candidate_set_not_verified_no_facilities,False,validation_only_not_scored,facility_accessibility_v0_S4_excluded_OSM_entrance_proxy,False,False,included_source_model_counts_zero_is_not_verified_absence,True,contains_assumed_connectors,11.258376944997753
3120022,북창동(시청역_6번),발달상권,0.1084361264665277,394,True,,62.913486005089055,0.0,7.487844408427876,0.0,8.388464800678541,15.876309209106417,0.25,0.0,0.0,exploratory_S4_excluded_operation_not_reverified,19,2,0,10,7,zero_in_source_candidate_set_not_verified_no_facilities,False,validation_only_not_scored,facility_accessibility_v0_S4_excluded_OSM_entrance_proxy,False,False,included_source_model_counts_zero_is_not_verified_absence,True,contains_assumed_connectors,11.907231906829812
3120023,서울시청,발달상권,0.088749515728105,601,True,,63.61323155216285,0.0,7.487844408427876,6.481947942905122,8.481764206955047,22.451556558288047,0.25,0.25,0.25,exploratory_S4_excluded_operation_not_reverified,27,3,0,17,7,zero_in_source_candidate_set_not_verified_no_facilities,False,validation_only_not_scored,facility_accessibility_v0_S4_excluded_OSM_entrance_proxy,False,False,included_source_model_counts_zero_is_not_verified_absence,True,contains_assumed_connectors,16.838667418716035
3120024,회현역,발달상권,0.1067866043674542,244,True,,48.98218829516539,0.0,7.487844408427876,21.09151973131822,6.530958439355386,35.11032257910148,0.25,1.0,0.0,exploratory_S4_excluded_operation_not_reverified,12,1,0,6,5,zero_in_source_candidate_set_not_verified_no_facilities,False,validation_only_not_scored,facility_accessibility_v0_S4_excluded_OSM_entrance_proxy,False,False,included_source_model_counts_zero_is_not_verified_absence,True,contains_assumed_connectors,26.33274193432611
3120025,롯데백화점(시청광장 지하쇼핑센터),발달상권,0.0752043033130028,1084,True,,62.913486005089055,0.0,0.0,0.0,8.388464800678541,,0.0,0.0,0.0,insufficient_no_included_source_facility,26,1,0,19,6,zero_in_source_candidate_set_not_verified_no_facilities,False,validation_only_not_scored,facility_accessibility_v0_S4_excluded_OSM_entrance_proxy,False,False,included_source_model_counts_zero_is_not_verified_absence,False,contains_assumed_connectors,6.291348600508906
3120026,을지로입구역,발달상권,0.2001561183848667,758,True,,64.75826972010178,0.0,53.14424635332253,6.481947942905122,8.634435962680238,68.2606302589079,3.0,0.25,0.25,exploratory_S4_excluded_operation_not_reverified,40,2,1,30,7,zero_in_source_candidate_set_not_verified_no_facilities,False,validation_only_not_scored,facility_accessibility_v0_S4_excluded_OSM_entrance_proxy,False,False,included_source_model_counts_zero_is_not_verified_absence,True,contains_assumed_connectors,51.19547269418092
3120027,명동역(명동재미로),발달상권,0.1570379254146197,826,True,,52.67175572519084,0.0,0.0,6.481947942905122,7.022900763358779,13.5048487062639,0.0,0.25,0.0,exploratory_S4_excluded_operation_not_reverified,17,1,0,12,4,zero_in_source_candidate_set_not_verified_no_facilities,False,validation_only_not_scored,facility_accessibility_v0_S4_excluded_OSM_entrance_proxy,False,False,included_source_model_counts_zero_is_not_verified_absence,True,contains_assumed_connectors,10.128636529697925
3120028,명동(명동거리),발달상권,0.2213490778651317,1712,True,,62.913486005089055,3.0,7.487844408427876,6.481947942905122,8.388464800678541,22.35825715201154,0.25,0.25,0.25,exploratory_S4_excluded_operation_not_reverified,35,2,0,27,6,zero_in_source_candidate_set_not_verified_no_facilities,False,validation_only_not_scored,facility_accessibility_v0_S4_excluded_OSM_entrance_proxy,False,False,included_source_model_counts_zero_is_not_verified_absence,True,contains_assumed_connectors,16.768692864008656
3120029,을지로2가,발달상권,0.0568336642298498,143,True,,64.18575063613231,0.0,32.82009724473257,0.0,8.558100084817642,41.37819732955022,1.0,0.0,0.0,exploratory_S4_excluded_operation_not_reverified,35,0,0,21,14,zero_in_source_candidate_set_not_verified_no_facilities,False,validation_only_not_scored,facility_accessibility_v0_S4_excluded_OSM_entrance_proxy,False,False,included_source_model_counts_zero_is_not_verified_absence,True,contains_assumed_connectors,31.033647997162664
3120030,중부경찰서(영화인의거리),발달상권,0.1378510247876365,431,True,,64.18575063613231,0.0,26.20745542949757,6.481947942905122,8.558100084817642,41.24750345722033,0.75,0.25,0.25,exploratory_S4_excluded_operation_not_reverified,28,1,0,16,11,zero_in_source_candidate_set_not_verified_no_facilities,False,validation_only_not_scored,facility_accessibility_v0_S4_excluded_OSM_entrance_proxy,False,False,included_source_model_counts_zero_is_not_verified_absence,True,contains_assumed_connectors,30.93562759291525
3120031,을지로3가역,발달상권,0.2545827169630655,1192,True,,72.01017811704835,4.0,57.811993517017825,15.34844668345928,9.601357082273115,82.76179728275021,4.75,0.5,0.25,exploratory_S4_excluded_operation_not_reverified,39,3,1,31,4,zero_in_source_candidate_set_not_verified_no_facilities,False,validation_only_not_scored,facility_accessibility_v0_S4_excluded_OSM_entrance_proxy,False,False,included_source_model_counts_zero_is_not_verified_absence,True,contains_assumed_connectors,62.07134796206266
3120032,충무로역,발달상권,0.2363385050017294,1152,True,,67.8117048346056,6.0,56.0129659643436,26.330814441645675,9.04156064461408,91.38534105060336,3.75,2.25,1.0,exploratory_S4_excluded_operation_not_reverified,17,6,0,8,3,zero_in_source_candidate_set_not_verified_no_facilities,False,validation_only_not_scored,facility_accessibility_v0_S4_excluded_OSM_entrance_proxy,False,False,included_source_model_counts_zero_is_not_verified_absence,True,contains_assumed_connectors,68.53900578795252
3120033,을지로4가역,발달상권,0.0854633490698267,239,True,,72.01017811704835,0.0,7.487844408427876,6.481947942905122,9.601357082273115,23.571149433606113,0.25,0.25,0.0,exploratory_S4_excluded_operation_not_reverified,17,1,0,15,1,zero_in_source_candidate_set_not_verified_no_facilities,False,validation_only_not_scored,facility_accessibility_v0_S4_excluded_OSM_entrance_proxy,False,False,included_source_model_counts_zero_is_not_verified_absence,True,contains_assumed_connectors,17.678362075204586
3120034,중구청(퇴계로4가),발달상권,0.0951414358719149,203,True,,67.8117048346056,1.0,19.108589951377635,23.879093198992443,9.04156064461408,52.029243794984154,0.5,1.25,0.0,exploratory_S4_excluded_operation_not_reverified,16,1,0,12,3,zero_in_source_candidate_set_not_verified_no_facilities,False,validation_only_not_scored,facility_accessibility_v0_S4_excluded_OSM_entrance_proxy,False,False,included_source_model_counts_zero_is_not_verified_absence,True,contains_assumed_connectors,39.021932846238116
3120035,퇴계로5가,발달상권,0.0489142758214046,169,True,,72.01017811704835,0.0,0.0,15.34844668345928,9.601357082273115,24.949803765732394,0.0,0.5,0.0,exploratory_S4_excluded_operation_not_reverified,11,0,0,9,2,zero_in_source_candidate_set_not_verified_no_facilities,False,validation_only_not_scored,facility_accessibility_v0_S4_excluded_OSM_entrance_proxy,False,False,included_source_model_counts_zero_is_not_verified_absence,True,contains_assumed_connectors,18.712352824299295
3120036,장충동족발거리(남소영길),발달상권,0.0881355433632804,119,True,,73.15521628498728,1.0,7.487844408427876,18.572628043660792,9.754028837998304,35.81450129008697,0.25,0.75,0.0,exploratory_S4_excluded_operation_not_reverified,18,1,0,14,3,zero_in_source_candidate_set_not_verified_no_facilities,False,validation_only_not_scored,facility_accessibility_v0_S4_excluded_OSM_entrance_proxy,False,False,included_source_model_counts_zero_is_not_verified_absence,True,contains_assumed_connectors,26.860875967565228
3120037,동대문역사문화공원역,발달상권,0.3703586806534191,2144,True,,85.36895674300254,2.0,0.0,21.09151973131822,11.382527565733673,32.47404729705189,0.0,1.0,0.0,exploratory_S4_excluded_operation_not_reverified,20,4,0,12,4,zero_in_source_candidate_set_not_verified_no_facilities,False,validation_only_not_scored,facility_accessibility_v0_S4_excluded_OSM_entrance_proxy,False,False,included_source_model_counts_zero_is_not_verified_absence,True,contains_assumed_connectors,24.355535472788915
3120038,약수역,발달상권,0.1367339337511763,542,True,,70.0381679389313,0.0,45.02431118314424,25.79345088161209,9.338422391857506,80.15618445661384,1.75,1.75,0.0,exploratory_S4_excluded_operation_not_reverified,21,3,0,9,9,zero_in_source_candidate_set_not_verified_no_facilities,False,validation_only_not_scored,facility_accessibility_v0_S4_excluded_OSM_entrance_proxy,False,False,included_source_model_counts_zero_is_not_verified_absence,True,contains_assumed_connectors,60.11713834246038
3120039,신당역,발달상권,0.1988254682002035,2716,True,,82.44274809160305,1.0,7.487844408427876,23.879093198992443,10.99236641221374,42.35930401963406,0.25,1.25,0.0,exploratory_S4_excluded_operation_not_reverified,22,2,0,18,2,zero_in_source_candidate_set_not_verified_no_facilities,False,validation_only_not_scored,facility_accessibility_v0_S4_excluded_OSM_entrance_proxy,False,False,included_source_model_counts_zero_is_not_verified_absence,True,contains_assumed_connectors,31.769478014725543
3120040,용산전자상가(용산역),발달상권,0.3647530050172379,2580,True,,21.692111959287537,0.0,0.0,6.481947942905122,2.8922815945716716,9.374229537476793,0.0,0.25,0.0,exploratory_S4_excluded_operation_not_reverified,19,1,0,12,6,zero_in_source_candidate_set_not_verified_no_facilities,False,validation_only_not_scored,facility_accessibility_v0_S4_excluded_OSM_entrance_proxy,False,False,included_source_model_counts_zero_is_not_verified_absence,True,contains_assumed_connectors,7.030672153107595
3120041,신용산역(용산역),발달상권,1.030655016703545,1863,True,,29.32569974554708,6.0,53.14424635332253,23.879093198992443,3.9100932994062774,80.93343285172125,3.0,1.25,0.0,exploratory_S4_excluded_operation_not_reverified,20,10,0,4,6,zero_in_source_candidate_set_not_verified_no_facilities,False,validation_only_not_scored,facility_accessibility_v0_S4_excluded_OSM_entrance_proxy,False,False,included_source_model_counts_zero_is_not_verified_absence,True,contains_assumed_connectors,60.70007463879094
3120042,"숙대입구역(남영역, 남영동)",발달상권,0.0870890949458693,243,True,,36.06870229007634,0.0,42.49594813614263,6.481947942905122,4.809160305343512,53.78705638439126,1.5,0.25,0.0,exploratory_S4_excluded_operation_not_reverified,15,1,0,12,2,zero_in_source_candidate_set_not_verified_no_facilities,False,validation_only_not_scored,facility_accessibility_v0_S4_excluded_OSM_entrance_proxy,False,False,included_source_model_counts_zero_is_not_verified_absence,True,contains_assumed_connectors,40.34029228829345
3120043,서울역,발달상권,0.4351296111240818,877,True,,54.64376590330788,5.0,45.02431118314424,15.34844668345928,7.285835453774384,67.6585933203779,1.75,0.5,0.0,exploratory_S4_excluded_operation_not_reverified,25,2,0,17,6,zero_in_source_candidate_set_not_verified_no_facilities,False,validation_only_not_scored,facility_accessibility_v0_S4_excluded_OSM_entrance_proxy,False,False,included_source_model_counts_zero_is_not_verified_absence,True,contains_assumed_connectors,50.743944990283424
3120044,삼각지역,발달상권,0.1343187267681394,430,True,,29.32569974554708,1.0,0.0,0.0,3.9100932994062774,,0.0,0.0,0.0,insufficient_no_included_source_facility,4,0,0,3,1,zero_in_source_candidate_set_not_verified_no_facilities,False,validation_only_not_scored,facility_accessibility_v0_S4_excluded_OSM_entrance_proxy,False,False,included_source_model_counts_zero_is_not_verified_absence,False,contains_assumed_connectors,2.932569974554708
3120045,남영동 먹자골목,발달상권,0.0668198450222151,295,True,,36.06870229007634,1.0,32.82009724473257,6.481947942905122,4.809160305343512,44.111205492981206,1.0,0.25,0.0,exploratory_S4_excluded_operation_not_reverified,14,0,0,12,2,zero_in_source_candidate_set_not_verified_no_facilities,False,validation_only_not_scored,facility_accessibility_v0_S4_excluded_OSM_entrance_proxy,False,False,included_source_model_counts_zero_is_not_verified_absence,True,contains_assumed_connectors,33.0834041197359
3120046,이태원(이태원역),발달상권,0.2832161178472999,1389,True,,55.78880407124682,5.0,32.82009724473257,0.0,7.438507209499576,40.25860445423215,1.0,0.0,0.0,exploratory_S4_excluded_operation_not_reverified,10,3,0,5,2,zero_in_source_candidate_set_not_verified_no_facilities,False,validation_only_not_scored,facility_accessibility_v0_S4_excluded_OSM_entrance_proxy,False,False,included_source_model_counts_zero_is_not_verified_absence,True,contains_assumed_connectors,30.193953340674113
3120047,한남오거리,발달상권,0.156092487095066,613,True,,5.661577608142494,2.0,42.49594813614263,21.09151973131822,0.7548770144189992,64.34234488187984,1.5,1.0,0.0,exploratory_S4_excluded_operation_not_reverified,7,2,0,5,0,zero_in_source_candidate_set_not_verified_no_facilities,False,validation_only_not_scored,facility_accessibility_v0_S4_excluded_OSM_entrance_proxy,False,False,included_source_model_counts_zero_is_not_verified_absence,True,contains_assumed_connectors,48.256758661409876
3120048,금호역,발달상권,0.0609852935694319,284,True,,68.63867684478372,3.0,32.82009724473257,15.34844668345928,9.151823579304496,57.32036750749635,1.0,0.5,0.0,exploratory_S4_excluded_operation_not_reverified,13,1,0,10,2,zero_in_source_candidate_set_not_verified_no_facilities,False,validation_only_not_scored,facility_accessibility_v0_S4_excluded_OSM_entrance_proxy,False,False,included_source_model_counts_zero_is_not_verified_absence,True,contains_assumed_connectors,42.990275630622264
3120049,왕십리역(왕십리),발달상권,0.1935775786423285,643,True,,82.44274809160305,1.0,58.05510534846029,23.879093198992443,10.99236641221374,92.92656495966646,5.0,1.25,0.0,exploratory_S4_excluded_operation_not_reverified,24,7,0,17,0,zero_in_source_candidate_set_not_verified_no_facilities,False,validation_only_not_scored,facility_accessibility_v0_S4_excluded_OSM_entrance_proxy,False,False,included_source_model_counts_zero_is_not_verified_absence,True,contains_assumed_connectors,69.69492371974985
3120050,서울숲역,발달상권,0.0588680204784052,224,True,,50.31806615776081,1.0,19.108589951377635,21.09151973131822,6.709075487701441,46.90918517039729,0.5,1.0,0.25,exploratory_S4_excluded_operation_not_reverified,10,0,0,10,0,zero_in_source_candidate_set_not_verified_no_facilities,False,validation_only_not_scored,facility_accessibility_v0_S4_excluded_OSM_entrance_proxy,False,False,included_source_model_counts_zero_is_not_verified_absence,True,contains_assumed_connectors,35.181888877797974
3120051,뚝섬역,발달상권,0.2179968678909574,864,True,,75.12722646310432,1.0,48.379254457050244,26.330814441645675,10.016963528413909,84.72703242710983,2.25,2.25,0.5,exploratory_S4_excluded_operation_not_reverified,18,4,1,12,1,zero_in_source_candidate_set_not_verified_no_facilities,False,validation_only_not_scored,facility_accessibility_v0_S4_excluded_OSM_entrance_proxy,False,False,included_source_model_counts_zero_is_not_verified_absence,True,contains_assumed_connectors,63.545274320332375
3120052,성수역,발달상권,0.2987112480533986,1526,True,,75.12722646310432,5.0,38.703403565640194,15.34844668345928,10.016963528413909,64.06881377751338,1.25,0.5,0.0,exploratory_S4_excluded_operation_not_reverified,20,3,0,16,1,zero_in_source_candidate_set_not_verified_no_facilities,False,validation_only_not_scored,facility_accessibility_v0_S4_excluded_OSM_entrance_proxy,False,False,included_source_model_counts_zero_is_not_verified_absence,True,contains_assumed_connectors,48.05161033313504
3120053,건대입구역(건대),발달상권,0.2748718649144815,1545,True,,76.78117048346056,5.0,56.0129659643436,15.34844668345928,10.237489397794741,81.59890204559763,3.75,0.5,0.0,exploratory_S4_excluded_operation_not_reverified,27,8,0,19,0,zero_in_source_candidate_set_not_verified_no_facilities,False,validation_only_not_scored,facility_accessibility_v0_S4_excluded_OSM_entrance_proxy,False,False,included_source_model_counts_zero_is_not_verified_absence,True,contains_assumed_connectors,61.199176534198216
3120054,어린이대공원역,발달상권,0.1450910444302478,625,True,,62.913486005089055,7.0,58.88168557536466,18.572628043660792,8.388464800678541,85.84277841970399,6.25,0.75,0.0,exploratory_S4_excluded_operation_not_reverified,19,7,0,10,2,zero_in_source_candidate_set_not_verified_no_facilities,False,validation_only_not_scored,facility_accessibility_v0_S4_excluded_OSM_entrance_proxy,False,False,included_source_model_counts_zero_is_not_verified_absence,True,contains_assumed_connectors,64.38208381477799
3120055,군자역,발달상권,0.2884717492795102,1117,True,,66.34860050890585,7.0,58.88168557536466,25.79345088161209,8.846480067854113,93.52161652483088,6.25,1.75,0.0,exploratory_S4_excluded_operation_not_reverified,25,9,0,12,4,zero_in_source_candidate_set_not_verified_no_facilities,False,validation_only_not_scored,facility_accessibility_v0_S4_excluded_OSM_entrance_proxy,False,False,included_source_model_counts_zero_is_not_verified_absence,True,contains_assumed_connectors,70.14121239362316
3120056,구의역,발달상권,0.1586119681481813,735,True,,59.47837150127226,1.0,56.547811993517016,21.09151973131822,7.930449533502967,85.5697812583382,4.0,1.0,0.0,exploratory_S4_excluded_operation_not_reverified,27,5,0,16,6,zero_in_source_candidate_set_not_verified_no_facilities,False,validation_only_not_scored,facility_accessibility_v0_S4_excluded_OSM_entrance_proxy,False,False,included_source_model_counts_zero_is_not_verified_absence,True,contains_assumed_connectors,64.17733594375365
3120057,아차산역,발달상권,0.2011027079340528,525,True,,57.50636132315522,2.0,42.49594813614263,25.256087321578505,7.667514843087362,75.4195503008085,1.5,1.5,0.0,exploratory_S4_excluded_operation_not_reverified,20,3,2,12,3,zero_in_source_candidate_set_not_verified_no_facilities,False,validation_only_not_scored,facility_accessibility_v0_S4_excluded_OSM_entrance_proxy,False,False,included_source_model_counts_zero_is_not_verified_absence,True,contains_assumed_connectors,56.56466272560637
3120058,구의사거리,발달상권,0.0925856406376635,198,True,,45.16539440203562,3.0,26.20745542949757,15.34844668345928,6.022052586938083,47.57795469989493,0.75,0.5,0.0,exploratory_S4_excluded_operation_not_reverified,19,0,2,14,3,zero_in_source_candidate_set_not_verified_no_facilities,False,validation_only_not_scored,facility_accessibility_v0_S4_excluded_OSM_entrance_proxy,False,False,included_source_model_counts_zero_is_not_verified_absence,True,contains_assumed_connectors,35.6834660249212
3120059,구삼강변맛길,발달상권,0.108877415642917,373,True,,59.47837150127226,11.0,55.089141004862235,26.330814441645675,7.930449533502967,89.35040498001088,3.5,2.25,0.0,exploratory_S4_excluded_operation_not_reverified,23,4,0,14,5,zero_in_source_candidate_set_not_verified_no_facilities,False,validation_only_not_scored,facility_accessibility_v0_S4_excluded_OSM_entrance_proxy,False,False,included_source_model_counts_zero_is_not_verified_absence,True,contains_assumed_connectors,67.01280373500816
3120060,강변역(테크노마트),발달상권,0.1270103610671587,1058,True,,53.11704834605598,0.0,32.82009724473257,15.34844668345928,7.082273112807464,55.250817040999316,1.0,0.5,0.0,exploratory_S4_excluded_operation_not_reverified,14,0,0,11,3,zero_in_source_candidate_set_not_verified_no_facilities,False,validation_only_not_scored,facility_accessibility_v0_S4_excluded_OSM_entrance_proxy,False,False,included_source_model_counts_zero_is_not_verified_absence,True,contains_assumed_connectors,41.438112780749485
3120061,올림픽대교북단,발달상권,0.0471514721990557,205,True,,46.0559796437659,4.0,56.547811993517016,6.481947942905122,6.140797285835453,69.17055722225759,4.0,0.25,0.0,exploratory_S4_excluded_operation_not_reverified,17,4,0,10,3,zero_in_source_candidate_set_not_verified_no_facilities,False,validation_only_not_scored,facility_accessibility_v0_S4_excluded_OSM_entrance_proxy,False,False,included_source_model_counts_zero_is_not_verified_absence,True,contains_assumed_connectors,51.87791791669319
3120062,신설동역,발달상권,0.2716938298011346,830,True,,87.91348600508906,4.0,0.0,15.34844668345928,11.721798134011873,27.070244817471153,0.0,0.5,0.0,exploratory_S4_excluded_operation_not_reverified,9,1,0,7,1,zero_in_source_candidate_set_not_verified_no_facilities,False,validation_only_not_scored,facility_accessibility_v0_S4_excluded_OSM_entrance_proxy,False,False,included_source_model_counts_zero_is_not_verified_absence,True,contains_assumed_connectors,20.302683613103365
3120063,청량리역(청량리),발달상권,0.3166915961977297,1010,True,,95.61068702290076,2.0,42.49594813614263,0.0,12.748091603053435,55.24403973919607,1.5,0.0,0.0,exploratory_S4_excluded_operation_not_reverified,9,2,0,6,1,zero_in_source_candidate_set_not_verified_no_facilities,False,validation_only_not_scored,facility_accessibility_v0_S4_excluded_OSM_entrance_proxy,False,False,included_source_model_counts_zero_is_not_verified_absence,True,contains_assumed_connectors,41.43302980439705
3120064,경희대학교(경희대),발달상권,0.0485297167267939,330,True,,70.86513994910942,6.0,38.703403565640194,0.0,9.448685326547922,48.15208889218812,1.25,0.0,0.0,exploratory_S4_excluded_operation_not_reverified,14,2,1,9,2,zero_in_source_candidate_set_not_verified_no_facilities,False,validation_only_not_scored,facility_accessibility_v0_S4_excluded_OSM_entrance_proxy,False,False,included_source_model_counts_zero_is_not_verified_absence,True,contains_assumed_connectors,36.11406666914109
3120065,회기역,발달상권,0.1271055173477748,348,True,,90.0763358778626,1.0,55.089141004862235,0.0,12.010178117048348,67.09931912191058,3.5,0.0,0.0,exploratory_S4_excluded_operation_not_reverified,21,2,2,15,2,zero_in_source_candidate_set_not_verified_no_facilities,False,validation_only_not_scored,facility_accessibility_v0_S4_excluded_OSM_entrance_proxy,False,False,included_source_model_counts_zero_is_not_verified_absence,True,contains_assumed_connectors,50.32448934143294
3120066,장한평역(장한평),발달상권,0.4497304430328177,1609,True,,87.91348600508906,0.0,26.20745542949757,21.09151973131822,11.721798134011873,59.02077329482766,0.75,1.0,1.0,exploratory_S4_excluded_operation_not_reverified,8,2,0,4,2,zero_in_source_candidate_set_not_verified_no_facilities,False,validation_only_not_scored,facility_accessibility_v0_S4_excluded_OSM_entrance_proxy,False,False,included_source_model_counts_zero_is_not_verified_absence,True,contains_assumed_connectors,44.265579971120744
3120067,장안동사거리,발달상권,0.2194195724861226,987,True,,82.44274809160305,9.0,57.03403565640194,0.0,10.99236641221374,68.02640206861568,4.25,0.0,0.0,exploratory_S4_excluded_operation_not_reverified,11,6,0,3,2,zero_in_source_candidate_set_not_verified_no_facilities,False,validation_only_not_scored,facility_accessibility_v0_S4_excluded_OSM_entrance_proxy,False,False,included_source_model_counts_zero_is_not_verified_absence,True,contains_assumed_connectors,51.01980155146176
3120068,사가정역,발달상권,0.0356845193240033,217,True,,85.36895674300254,1.0,45.02431118314424,0.0,11.382527565733673,56.40683874887792,1.75,0.0,0.0,exploratory_S4_excluded_operation_not_reverified,7,2,0,5,0,zero_in_source_candidate_set_not_verified_no_facilities,False,validation_only_not_scored,facility_accessibility_v0_S4_excluded_OSM_entrance_proxy,False,False,included_source_model_counts_zero_is_not_verified_absence,True,contains_assumed_connectors,42.305129061658434
3120069,상봉역,발달상권,0.2056699497566519,774,True,,95.61068702290076,3.0,54.06807131280389,6.481947942905122,12.748091603053435,73.29811085876244,3.25,0.25,0.0,exploratory_S4_excluded_operation_not_reverified,17,4,0,12,1,zero_in_source_candidate_set_not_verified_no_facilities,False,validation_only_not_scored,facility_accessibility_v0_S4_excluded_OSM_entrance_proxy,False,False,included_source_model_counts_zero_is_not_verified_absence,True,contains_assumed_connectors,54.97358314407183
3120070,한성대입구역,발달상권,0.080004360486842,344,True,,48.409669211195926,6.0,58.54132901134521,6.481947942905122,6.45462256149279,71.47789951574312,5.5,0.25,0.0,exploratory_S4_excluded_operation_not_reverified,31,5,0,18,8,zero_in_source_candidate_set_not_verified_no_facilities,False,validation_only_not_scored,facility_accessibility_v0_S4_excluded_OSM_entrance_proxy,False,False,included_source_model_counts_zero_is_not_verified_absence,True,contains_assumed_connectors,53.60842463680734
3120071,성북구청,발달상권,0.0500016598739593,238,True,,58.14249363867684,3.0,57.471636952998374,0.0,7.752332485156912,65.22396943815528,4.5,0.0,0.0,exploratory_S4_excluded_operation_not_reverified,25,3,0,19,3,zero_in_source_candidate_set_not_verified_no_facilities,False,validation_only_not_scored,facility_accessibility_v0_S4_excluded_OSM_entrance_proxy,False,False,included_source_model_counts_zero_is_not_verified_absence,True,contains_assumed_connectors,48.91797707861646
3120072,성신여대,발달상권,0.197137426561376,1177,True,,45.16539440203562,10.0,58.54132901134521,0.0,6.022052586938083,64.5633815982833,5.5,0.0,0.0,exploratory_S4_excluded_operation_not_reverified,24,7,1,13,3,zero_in_source_candidate_set_not_verified_no_facilities,False,validation_only_not_scored,facility_accessibility_v0_S4_excluded_OSM_entrance_proxy,False,False,included_source_model_counts_zero_is_not_verified_absence,True,contains_assumed_connectors,48.42253619871248
3120073,미아사거리,발달상권,0.0904345567263946,470,True,,41.66666666666667,0.0,48.379254457050244,6.481947942905122,5.555555555555556,60.416757955510924,2.25,0.25,0.0,exploratory_S4_excluded_operation_not_reverified,20,4,0,14,2,zero_in_source_candidate_set_not_verified_no_facilities,False,validation_only_not_scored,facility_accessibility_v0_S4_excluded_OSM_entrance_proxy,False,False,included_source_model_counts_zero_is_not_verified_absence,True,contains_assumed_connectors,45.312568466633195
3120074,안암역,발달상권,0.027596368287638,125,True,,57.50636132315522,0.0,32.82009724473257,0.0,7.667514843087362,40.48761208781993,1.0,0.0,0.0,exploratory_S4_excluded_operation_not_reverified,9,1,0,8,0,zero_in_source_candidate_set_not_verified_no_facilities,False,validation_only_not_scored,facility_accessibility_v0_S4_excluded_OSM_entrance_proxy,False,False,included_source_model_counts_zero_is_not_verified_absence,True,contains_assumed_connectors,30.365709065864948
3120075,월곡역,발달상권,0.0944439190927174,305,True,,55.08905852417303,2.0,38.703403565640194,6.481947942905122,7.345207803223071,52.530559311768386,1.25,0.25,0.0,exploratory_S4_excluded_operation_not_reverified,12,2,0,5,5,zero_in_source_candidate_set_not_verified_no_facilities,False,validation_only_not_scored,facility_accessibility_v0_S4_excluded_OSM_entrance_proxy,False,False,included_source_model_counts_zero_is_not_verified_absence,True,contains_assumed_connectors,39.397919483826286
3120076,수유역,발달상권,0.2971135276979249,1575,True,,25.06361323155216,5.0,49.93517017828201,0.0,3.341815097540288,53.2769852758223,2.5,0.0,0.0,exploratory_S4_excluded_operation_not_reverified,13,5,0,7,1,zero_in_source_candidate_set_not_verified_no_facilities,False,validation_only_not_scored,facility_accessibility_v0_S4_excluded_OSM_entrance_proxy,False,False,included_source_model_counts_zero_is_not_verified_absence,True,contains_assumed_connectors,39.95773895686672
3120077,미아역,발달상권,0.0932776138789567,448,True,,27.16284987277354,3.0,49.93517017828201,15.34844668345928,3.621713316369805,68.90533017811109,2.5,0.5,0.0,exploratory_S4_excluded_operation_not_reverified,9,3,0,5,1,zero_in_source_candidate_set_not_verified_no_facilities,False,validation_only_not_scored,facility_accessibility_v0_S4_excluded_OSM_entrance_proxy,False,False,included_source_model_counts_zero_is_not_verified_absence,True,contains_assumed_connectors,51.678997633583315
3120078,미아사거리역,발달상권,0.0941069382615871,513,True,,40.13994910941476,0.0,51.58833063209076,6.481947942905122,5.351993214588634,63.422271789584514,2.75,0.25,0.0,exploratory_S4_excluded_operation_not_reverified,15,2,1,11,1,zero_in_source_candidate_set_not_verified_no_facilities,False,validation_only_not_scored,facility_accessibility_v0_S4_excluded_OSM_entrance_proxy,False,False,included_source_model_counts_zero_is_not_verified_absence,True,contains_assumed_connectors,47.56670384218839
3120079,창동역,발달상권,0.0960234584028343,499,True,,39.82188295165394,4.0,57.03403565640194,0.0,5.309584393553859,62.3436200499558,4.25,0.0,0.0,exploratory_S4_excluded_operation_not_reverified,22,5,0,11,6,zero_in_source_candidate_set_not_verified_no_facilities,False,validation_only_not_scored,facility_accessibility_v0_S4_excluded_OSM_entrance_proxy,False,False,included_source_model_counts_zero_is_not_verified_absence,True,contains_assumed_connectors,46.75771503746685
3120080,마들역,발달상권,0.0389460931460183,294,True,,34.096692111959285,0.0,53.14424635332253,0.0,4.546225614927905,57.690471968250435,3.0,0.0,0.0,exploratory_S4_excluded_operation_not_reverified,10,3,0,5,2,zero_in_source_candidate_set_not_verified_no_facilities,False,validation_only_not_scored,facility_accessibility_v0_S4_excluded_OSM_entrance_proxy,False,False,included_source_model_counts_zero_is_not_verified_absence,True,contains_assumed_connectors,43.26785397618782
3120081,노원역,발달상권,0.2674887709227367,2306,True,,50.06361323155216,11.0,58.29821717990275,26.330814441645675,6.675148430873621,91.30418005242204,5.25,2.25,0.0,exploratory_S4_excluded_operation_not_reverified,29,10,0,16,3,zero_in_source_candidate_set_not_verified_no_facilities,False,validation_only_not_scored,facility_accessibility_v0_S4_excluded_OSM_entrance_proxy,False,False,included_source_model_counts_zero_is_not_verified_absence,True,contains_assumed_connectors,68.47813503931653
3120082,상계백병원,발달상권,0.0388523839079087,156,True,,56.80661577608143,0.0,7.487844408427876,0.0,7.574215436810857,15.062059845238734,0.25,0.0,0.0,exploratory_S4_excluded_operation_not_reverified,14,1,1,11,1,zero_in_source_candidate_set_not_verified_no_facilities,False,validation_only_not_scored,facility_accessibility_v0_S4_excluded_OSM_entrance_proxy,False,False,included_source_model_counts_zero_is_not_verified_absence,True,contains_assumed_connectors,11.29654488392905
3120083,등나무근린공원,발달상권,0.1257233662584766,573,True,,61.895674300254456,2.0,45.02431118314424,15.34844668345928,8.252756573367261,68.62551443997079,1.75,0.5,0.25,exploratory_S4_excluded_operation_not_reverified,12,1,1,10,0,zero_in_source_candidate_set_not_verified_no_facilities,False,validation_only_not_scored,facility_accessibility_v0_S4_excluded_OSM_entrance_proxy,False,False,included_source_model_counts_zero_is_not_verified_absence,True,contains_assumed_connectors,51.469135829978086
3120084,공릉역,발달상권,0.0809779350242889,249,True,,68.63867684478372,3.0,57.471636952998374,25.79345088161209,9.151823579304496,92.41691141391496,4.5,1.75,0.25,exploratory_S4_excluded_operation_not_reverified,22,6,1,13,2,zero_in_source_candidate_set_not_verified_no_facilities,False,validation_only_not_scored,facility_accessibility_v0_S4_excluded_OSM_entrance_proxy,False,False,included_source_model_counts_zero_is_not_verified_absence,True,contains_assumed_connectors,69.31268356043623
3120086,태릉입구역,발달상권,0.072424068844499,321,True,,95.61068702290076,0.0,42.49594813614263,0.0,12.748091603053435,55.24403973919607,1.5,0.0,0.0,exploratory_S4_excluded_operation_not_reverified,17,2,0,15,0,zero_in_source_candidate_set_not_verified_no_facilities,False,validation_only_not_scored,facility_accessibility_v0_S4_excluded_OSM_entrance_proxy,False,False,included_source_model_counts_zero_is_not_verified_absence,True,contains_assumed_connectors,41.43302980439705
3120094,"신촌역(신촌역, 신촌로터리)",발달상권,0.3435744377341374,2031,True,,6.806615776081425,20.0,58.88168557536466,26.633081444164564,0.90754877014419,86.42231578967342,6.25,3.25,3.0,exploratory_S4_excluded_operation_not_reverified,47,17,1,26,3,zero_in_source_candidate_set_not_verified_no_facilities,False,validation_only_not_scored,facility_accessibility_v0_S4_excluded_OSM_entrance_proxy,False,False,included_source_model_counts_zero_is_not_verified_absence,True,contains_assumed_connectors,64.81673684225507
3120095,홍제역,발달상권,0.1005396022257897,425,True,,17.111959287531807,4.0,58.54132901134521,15.34844668345928,2.2815945716709076,76.17137026647539,5.5,0.5,0.0,exploratory_S4_excluded_operation_not_reverified,13,6,0,6,1,zero_in_source_candidate_set_not_verified_no_facilities,False,validation_only_not_scored,facility_accessibility_v0_S4_excluded_OSM_entrance_proxy,False,False,included_source_model_counts_zero_is_not_verified_absence,True,contains_assumed_connectors,57.12852769985655
3120096,"이화여대(이대역, 이대)",발달상권,0.1513048895278378,559,True,,10.623409669211195,3.0,51.58833063209076,15.34844668345928,1.4164546225614927,68.35323193811153,2.75,0.5,0.25,exploratory_S4_excluded_operation_not_reverified,43,1,2,37,3,zero_in_source_candidate_set_not_verified_no_facilities,False,validation_only_not_scored,facility_accessibility_v0_S4_excluded_OSM_entrance_proxy,False,False,included_source_model_counts_zero_is_not_verified_absence,True,contains_assumed_connectors,51.26492395358365
3120097,충정로역,발달상권,0.0595049224153323,117,True,,37.21374045801527,0.0,0.0,6.481947942905122,4.961832061068703,11.443780003973824,0.0,0.25,0.0,exploratory_S4_excluded_operation_not_reverified,10,0,0,8,2,zero_in_source_candidate_set_not_verified_no_facilities,False,validation_only_not_scored,facility_accessibility_v0_S4_excluded_OSM_entrance_proxy,False,False,included_source_model_counts_zero_is_not_verified_absence,True,contains_assumed_connectors,8.582835002980367
3120102,서교동(홍대),발달상권,0.2462473499719262,895,True,,0.2544529262086514,5.0,42.49594813614263,15.34844668345928,0.033927056827820185,57.87832187642973,1.5,0.5,0.5,exploratory_S4_excluded_operation_not_reverified,22,2,0,19,1,zero_in_source_candidate_set_not_verified_no_facilities,False,validation_only_not_scored,facility_accessibility_v0_S4_excluded_OSM_entrance_proxy,False,False,included_source_model_counts_zero_is_not_verified_absence,True,contains_assumed_connectors,43.408741407322296
3120103,홍대입구역(홍대),발달상권,0.4615829428010732,2981,True,,0.9541984732824428,15.0,54.06807131280389,23.879093198992443,0.1272264631043257,78.07439097490065,3.25,1.25,1.25,exploratory_S4_excluded_operation_not_reverified,34,5,0,24,5,zero_in_source_candidate_set_not_verified_no_facilities,False,validation_only_not_scored,facility_accessibility_v0_S4_excluded_OSM_entrance_proxy,False,False,included_source_model_counts_zero_is_not_verified_absence,True,contains_assumed_connectors,58.555793231175485
3120106,마포역,발달상권,0.1366223999600533,776,True,,16.603053435114504,1.0,0.0,6.481947942905122,2.213740458015267,8.695688400920389,0.0,0.25,0.0,exploratory_S4_excluded_operation_not_reverified,15,2,0,11,2,zero_in_source_candidate_set_not_verified_no_facilities,False,validation_only_not_scored,facility_accessibility_v0_S4_excluded_OSM_entrance_proxy,False,False,included_source_model_counts_zero_is_not_verified_absence,True,contains_assumed_connectors,6.521766300690292
3120107,공덕역(공덕오거리),발달상권,0.1920756922518944,836,True,,16.603053435114504,2.0,7.487844408427876,18.572628043660792,2.213740458015267,28.274212910103934,0.25,0.75,0.25,exploratory_S4_excluded_operation_not_reverified,25,4,0,15,6,zero_in_source_candidate_set_not_verified_no_facilities,False,validation_only_not_scored,facility_accessibility_v0_S4_excluded_OSM_entrance_proxy,False,False,included_source_model_counts_zero_is_not_verified_absence,True,contains_assumed_connectors,21.205659682577952
3120153,노량진역(노량진),발달상권,0.4434975212713991,1625,True,,0.5089058524173028,44.0,59.90275526742301,0.0,0.06785411365564037,59.97060938107865,14.25,0.0,0.0,exploratory_S4_excluded_operation_not_reverified,35,17,0,9,9,zero_in_source_candidate_set_not_verified_no_facilities,False,validation_only_not_scored,facility_accessibility_v0_S4_excluded_OSM_entrance_proxy,False,False,included_source_model_counts_zero_is_not_verified_absence,True,contains_assumed_connectors,44.97795703580899
3120167,고속터미널(고속터미널역),발달상권,0.3205734440746637,2268,True,,16.0941475826972,7.0,59.3192868719611,6.481947942905122,2.1458863443596266,67.94712115922584,7.75,0.25,0.0,exploratory_S4_excluded_operation_not_reverified,30,11,0,11,8,zero_in_source_candidate_set_not_verified_no_facilities,False,validation_only_not_scored,facility_accessibility_v0_S4_excluded_OSM_entrance_proxy,False,False,included_source_model_counts_zero_is_not_verified_absence,True,contains_assumed_connectors,50.96034086941938
3120170,삼호가든사거리,발달상권,0.1007822578750222,495,True,,16.0941475826972,6.0,48.379254457050244,21.09151973131822,2.1458863443596266,71.61666053272809,2.25,1.0,0.0,exploratory_S4_excluded_operation_not_reverified,11,3,0,5,3,zero_in_source_candidate_set_not_verified_no_facilities,False,validation_only_not_scored,facility_accessibility_v0_S4_excluded_OSM_entrance_proxy,False,False,included_source_model_counts_zero_is_not_verified_absence,True,contains_assumed_connectors,53.71249539954607
3120174,논현역 5번,발달상권,0.0702251339213652,82,True,,35.30534351145038,0.0,7.487844408427876,6.481947942905122,4.707379134860051,18.67717148619305,0.25,0.25,0.0,exploratory_S4_excluded_operation_not_reverified,6,0,0,5,1,zero_in_source_candidate_set_not_verified_no_facilities,False,validation_only_not_scored,facility_accessibility_v0_S4_excluded_OSM_entrance_proxy,False,False,included_source_model_counts_zero_is_not_verified_absence,True,contains_assumed_connectors,14.007878614644788
3120176,논현역 4번,발달상권,0.13040841609032,257,True,,17.748091603053435,0.0,7.487844408427876,0.0,2.366412213740458,9.854256622168334,0.25,0.0,0.0,exploratory_S4_excluded_operation_not_reverified,8,0,0,8,0,zero_in_source_candidate_set_not_verified_no_facilities,False,validation_only_not_scored,facility_accessibility_v0_S4_excluded_OSM_entrance_proxy,False,False,included_source_model_counts_zero_is_not_verified_absence,True,contains_assumed_connectors,7.39069246662625
3120177,신논현역 1번,발달상권,0.1404288146842193,328,True,,13.486005089058525,4.0,19.108589951377635,0.0,1.79813401187447,20.906723963252105,0.5,0.0,0.0,exploratory_S4_excluded_operation_not_reverified,14,0,0,11,3,zero_in_source_candidate_set_not_verified_no_facilities,False,validation_only_not_scored,facility_accessibility_v0_S4_excluded_OSM_entrance_proxy,False,False,included_source_model_counts_zero_is_not_verified_absence,True,contains_assumed_connectors,15.680042972439079
3120178,신사역,발달상권,0.3527995446368653,1850,True,,35.30534351145038,4.0,7.487844408427876,6.481947942905122,4.707379134860051,18.67717148619305,0.25,0.25,0.0,exploratory_S4_excluded_operation_not_reverified,13,3,0,8,2,zero_in_source_candidate_set_not_verified_no_facilities,False,validation_only_not_scored,facility_accessibility_v0_S4_excluded_OSM_entrance_proxy,False,False,included_source_model_counts_zero_is_not_verified_absence,True,contains_assumed_connectors,14.007878614644788
3120185,논현역,발달상권,0.3209396527694187,1491,True,,35.30534351145038,2.0,32.82009724473257,0.0,4.707379134860051,37.52747637959262,1.0,0.0,0.0,exploratory_S4_excluded_operation_not_reverified,17,2,0,15,0,zero_in_source_candidate_set_not_verified_no_facilities,False,validation_only_not_scored,facility_accessibility_v0_S4_excluded_OSM_entrance_proxy,False,False,included_source_model_counts_zero_is_not_verified_absence,True,contains_assumed_connectors,28.145607284694464
3120186,가로수길,발달상권,0.2564935155481949,1502,True,,18.3206106870229,11.0,38.703403565640194,21.09151973131822,2.442748091603053,62.237671388561466,1.25,1.0,0.0,exploratory_S4_excluded_operation_not_reverified,12,4,0,8,0,zero_in_source_candidate_set_not_verified_no_facilities,False,validation_only_not_scored,facility_accessibility_v0_S4_excluded_OSM_entrance_proxy,False,False,included_source_model_counts_zero_is_not_verified_absence,True,contains_assumed_connectors,46.6782535414211
3120187,신논현역,발달상권,0.3821027846256797,2169,True,,5.661577608142494,8.0,51.58833063209076,0.0,0.7548770144189992,52.34320764650976,2.75,0.0,0.0,exploratory_S4_excluded_operation_not_reverified,21,7,0,13,1,zero_in_source_candidate_set_not_verified_no_facilities,False,validation_only_not_scored,facility_accessibility_v0_S4_excluded_OSM_entrance_proxy,False,False,included_source_model_counts_zero_is_not_verified_absence,True,contains_assumed_connectors,39.25740573488232
3120188,압구정역,발달상권,0.2515553125665566,1612,True,,29.32569974554708,13.0,48.379254457050244,0.0,3.9100932994062774,52.28934775645652,2.25,0.0,0.0,exploratory_S4_excluded_operation_not_reverified,15,5,0,9,1,zero_in_source_candidate_set_not_verified_no_facilities,False,validation_only_not_scored,facility_accessibility_v0_S4_excluded_OSM_entrance_proxy,False,False,included_source_model_counts_zero_is_not_verified_absence,True,contains_assumed_connectors,39.21701081734239
3120190,강남을지병원,발달상권,0.294971646748385,1239,True,,43.12977099236641,1.0,7.487844408427876,0.0,5.750636132315521,13.238480540743398,0.25,0.0,0.0,exploratory_S4_excluded_operation_not_reverified,18,1,0,14,3,zero_in_source_candidate_set_not_verified_no_facilities,False,validation_only_not_scored,facility_accessibility_v0_S4_excluded_OSM_entrance_proxy,False,False,included_source_model_counts_zero_is_not_verified_absence,True,contains_assumed_connectors,9.928860405557549
3120191,학동역,발달상권,0.3660091242139766,1255,True,,26.52671755725191,3.0,0.0,23.879093198992443,3.5368956743002546,27.415988873292697,0.0,1.25,0.0,exploratory_S4_excluded_operation_not_reverified,12,3,0,9,0,zero_in_source_candidate_set_not_verified_no_facilities,False,validation_only_not_scored,facility_accessibility_v0_S4_excluded_OSM_entrance_proxy,False,False,included_source_model_counts_zero_is_not_verified_absence,True,contains_assumed_connectors,20.561991654969525
3120193,도산공원교차로,발달상권,0.1848828842036462,558,True,,39.50381679389313,1.0,0.0,6.481947942905122,5.267175572519084,11.749123515424206,0.0,0.25,0.0,exploratory_S4_excluded_operation_not_reverified,16,0,0,12,4,zero_in_source_candidate_set_not_verified_no_facilities,False,validation_only_not_scored,facility_accessibility_v0_S4_excluded_OSM_entrance_proxy,False,False,included_source_model_counts_zero_is_not_verified_absence,True,contains_assumed_connectors,8.811842636568155
3120194,언주역(차병원),발달상권,0.2422625098307379,931,True,,22.83715012722646,0.0,0.0,0.0,3.0449533502968613,,0.0,0.0,0.0,insufficient_no_included_source_facility,12,0,0,9,3,zero_in_source_candidate_set_not_verified_no_facilities,False,validation_only_not_scored,facility_accessibility_v0_S4_excluded_OSM_entrance_proxy,False,False,included_source_model_counts_zero_is_not_verified_absence,False,contains_assumed_connectors,2.283715012722646
3120195,성수대교남단,발달상권,0.1267335963608988,656,True,,29.898218829516537,8.0,7.487844408427876,0.0,3.9864291772688714,11.474273585696748,0.25,0.0,0.0,exploratory_S4_excluded_operation_not_reverified,13,2,0,9,2,zero_in_source_candidate_set_not_verified_no_facilities,False,validation_only_not_scored,facility_accessibility_v0_S4_excluded_OSM_entrance_proxy,False,False,included_source_model_counts_zero_is_not_verified_absence,True,contains_assumed_connectors,8.60570518927256
3120196,서울세관,발달상권,0.1853392010859372,517,True,,33.20610687022901,2.0,7.487844408427876,21.09151973131822,4.427480916030534,33.00684505577663,0.25,1.0,0.0,exploratory_S4_excluded_operation_not_reverified,10,1,0,8,1,zero_in_source_candidate_set_not_verified_no_facilities,False,validation_only_not_scored,facility_accessibility_v0_S4_excluded_OSM_entrance_proxy,False,False,included_source_model_counts_zero_is_not_verified_absence,True,contains_assumed_connectors,24.75513379183247
3120200,학동사거리,발달상권,0.2663947080420891,1417,True,,33.20610687022901,2.0,0.0,6.481947942905122,4.427480916030534,10.909428858935655,0.0,0.25,0.0,exploratory_S4_excluded_operation_not_reverified,16,1,0,12,3,zero_in_source_candidate_set_not_verified_no_facilities,False,validation_only_not_scored,facility_accessibility_v0_S4_excluded_OSM_entrance_proxy,False,False,included_source_model_counts_zero_is_not_verified_absence,True,contains_assumed_connectors,8.182071644201741
3120203,강남구청역,발달상권,0.1731200559890376,1243,True,,32.50636132315521,6.0,7.487844408427876,6.481947942905122,4.334181509754028,18.303973861087027,0.25,0.25,0.0,exploratory_S4_excluded_operation_not_reverified,10,2,0,6,2,zero_in_source_candidate_set_not_verified_no_facilities,False,validation_only_not_scored,facility_accessibility_v0_S4_excluded_OSM_entrance_proxy,False,False,included_source_model_counts_zero_is_not_verified_absence,True,contains_assumed_connectors,13.727980395815269
3120207,선정릉역,발달상권,0.3232290356255783,1205,True,,19.65648854961832,4.0,32.82009724473257,0.0,2.6208651399491094,35.44096238468168,1.0,0.0,0.0,exploratory_S4_excluded_operation_not_reverified,16,1,0,12,3,zero_in_source_candidate_set_not_verified_no_facilities,False,validation_only_not_scored,facility_accessibility_v0_S4_excluded_OSM_entrance_proxy,False,False,included_source_model_counts_zero_is_not_verified_absence,True,contains_assumed_connectors,26.580721788511262
3120208,청담사거리(청담동명품거리),발달상권,0.3310845580004111,1455,True,,31.48854961832061,1.0,0.0,23.879093198992443,4.198473282442748,28.07756648143519,0.0,1.25,0.0,exploratory_S4_excluded_operation_not_reverified,12,4,0,6,2,zero_in_source_candidate_set_not_verified_no_facilities,False,validation_only_not_scored,facility_accessibility_v0_S4_excluded_OSM_entrance_proxy,False,False,included_source_model_counts_zero_is_not_verified_absence,True,contains_assumed_connectors,21.058174861076395
3120209,"강남구청(청담역_8번, 강남세무서)",발달상권,0.1340463186494407,542,True,,46.0559796437659,2.0,46.72609400324149,21.09151973131822,6.140797285835453,73.95841102039516,2.0,1.0,0.0,exploratory_S4_excluded_operation_not_reverified,12,3,0,7,2,zero_in_source_candidate_set_not_verified_no_facilities,False,validation_only_not_scored,facility_accessibility_v0_S4_excluded_OSM_entrance_proxy,False,False,included_source_model_counts_zero_is_not_verified_absence,True,contains_assumed_connectors,55.468808265296374
3120213,삼성중앙역,발달상권,0.2287508783412215,797,True,,31.48854961832061,3.0,38.703403565640194,0.0,4.198473282442748,42.90187684808294,1.25,0.0,0.0,exploratory_S4_excluded_operation_not_reverified,18,1,0,8,9,zero_in_source_candidate_set_not_verified_no_facilities,False,validation_only_not_scored,facility_accessibility_v0_S4_excluded_OSM_entrance_proxy,False,False,included_source_model_counts_zero_is_not_verified_absence,True,contains_assumed_connectors,32.17640763606221
3120214,영동대교남단교차로,발달상권,0.0890678956395079,214,True,,46.0559796437659,0.0,32.82009724473257,6.481947942905122,6.140797285835453,45.44284247347315,1.0,0.25,0.0,exploratory_S4_excluded_operation_not_reverified,6,1,0,4,1,zero_in_source_candidate_set_not_verified_no_facilities,False,validation_only_not_scored,facility_accessibility_v0_S4_excluded_OSM_entrance_proxy,False,False,included_source_model_counts_zero_is_not_verified_absence,True,contains_assumed_connectors,34.08213185510486
3120215,포스코사거리,발달상권,0.3183828525232976,2108,True,,4.3893129770992365,5.0,46.72609400324149,6.481947942905122,0.5852417302798982,53.79328367642651,2.0,0.25,0.25,exploratory_S4_excluded_operation_not_reverified,45,1,0,37,7,zero_in_source_candidate_set_not_verified_no_facilities,False,validation_only_not_scored,facility_accessibility_v0_S4_excluded_OSM_entrance_proxy,False,False,included_source_model_counts_zero_is_not_verified_absence,True,contains_assumed_connectors,40.344962757319884
3120216,경기고교사거리(경기고교앞사거리),발달상권,0.0716402698938749,264,True,,46.0559796437659,1.0,0.0,0.0,6.140797285835453,,0.0,0.0,0.0,insufficient_no_included_source_facility,7,1,0,3,3,zero_in_source_candidate_set_not_verified_no_facilities,False,validation_only_not_scored,facility_accessibility_v0_S4_excluded_OSM_entrance_proxy,False,False,included_source_model_counts_zero_is_not_verified_absence,False,contains_assumed_connectors,4.60559796437659
3120218,코엑스,발달상권,0.1452850502706948,387,True,,6.361323155216285,1.0,19.108589951377635,0.0,0.8481764206955046,19.95676637207314,0.5,0.0,0.0,exploratory_S4_excluded_operation_not_reverified,16,2,0,11,3,zero_in_source_candidate_set_not_verified_no_facilities,False,validation_only_not_scored,facility_accessibility_v0_S4_excluded_OSM_entrance_proxy,False,False,included_source_model_counts_zero_is_not_verified_absence,True,contains_assumed_connectors,14.967574779054855
3120222,삼성역,발달상권,0.3560643567445971,1397,True,,4.3893129770992365,2.0,0.0,0.0,0.5852417302798982,,0.0,0.0,0.0,insufficient_no_included_source_facility,23,7,0,9,7,zero_in_source_candidate_set_not_verified_no_facilities,False,validation_only_not_scored,facility_accessibility_v0_S4_excluded_OSM_entrance_proxy,False,False,included_source_model_counts_zero_is_not_verified_absence,False,contains_assumed_connectors,0.4389312977099237
3120223,휘문고교사거리,발달상권,0.1334675750184676,161,True,,4.198473282442748,0.0,32.82009724473257,6.481947942905122,0.5597964376590331,39.86184162529673,1.0,0.25,0.0,exploratory_S4_excluded_operation_not_reverified,33,0,0,26,7,zero_in_source_candidate_set_not_verified_no_facilities,False,validation_only_not_scored,facility_accessibility_v0_S4_excluded_OSM_entrance_proxy,False,False,included_source_model_counts_zero_is_not_verified_absence,True,contains_assumed_connectors,29.896381218972543
3120225,잠실새내역(신천),발달상권,0.2378645015826352,1917,True,,17.36641221374046,14.0,59.61102106969206,0.0,2.315521628498728,61.92654269819079,9.25,0.0,0.0,exploratory_S4_excluded_operation_not_reverified,22,12,0,8,2,zero_in_source_candidate_set_not_verified_no_facilities,False,validation_only_not_scored,facility_accessibility_v0_S4_excluded_OSM_entrance_proxy,False,False,included_source_model_counts_zero_is_not_verified_absence,True,contains_assumed_connectors,46.44490702364309
3120227,잠실역,발달상권,0.5264609141199128,2251,True,,43.12977099236641,10.0,55.089141004862235,0.0,5.750636132315521,60.839777137177755,3.5,0.0,0.0,exploratory_S4_excluded_operation_not_reverified,22,7,0,13,2,zero_in_source_candidate_set_not_verified_no_facilities,False,validation_only_not_scored,facility_accessibility_v0_S4_excluded_OSM_entrance_proxy,False,False,included_source_model_counts_zero_is_not_verified_absence,True,contains_assumed_connectors,45.62983285288332
3120228,석촌역(석촌호수),발달상권,0.2279735884416076,849,True,,12.08651399491094,3.0,53.14424635332253,0.0,1.6115351993214586,54.75578155264399,3.0,0.0,0.0,exploratory_S4_excluded_operation_not_reverified,21,3,0,14,4,zero_in_source_candidate_set_not_verified_no_facilities,False,validation_only_not_scored,facility_accessibility_v0_S4_excluded_OSM_entrance_proxy,False,False,included_source_model_counts_zero_is_not_verified_absence,True,contains_assumed_connectors,41.06683616448299
3120229,방이동먹자골목,발달상권,0.1465806054379109,909,True,,20.41984732824428,4.0,48.379254457050244,0.0,2.722646310432571,51.10190076748282,2.25,0.0,0.0,exploratory_S4_excluded_operation_not_reverified,16,2,0,9,5,zero_in_source_candidate_set_not_verified_no_facilities,False,validation_only_not_scored,facility_accessibility_v0_S4_excluded_OSM_entrance_proxy,False,False,included_source_model_counts_zero_is_not_verified_absence,True,contains_assumed_connectors,38.32642557561211
3120230,송파사거리(송파역),발달상권,0.1022620742735971,441,True,,0.9541984732824428,1.0,58.29821717990275,0.0,0.1272264631043257,58.42544364300708,5.25,0.0,0.0,exploratory_S4_excluded_operation_not_reverified,16,5,0,11,0,zero_in_source_candidate_set_not_verified_no_facilities,False,validation_only_not_scored,facility_accessibility_v0_S4_excluded_OSM_entrance_proxy,False,False,included_source_model_counts_zero_is_not_verified_absence,True,contains_assumed_connectors,43.81908273225531
3120232,송파나루역,발달상권,0.0608645685379562,225,True,,1.4631043256997456,0.0,7.487844408427876,0.0,0.19508057675996607,7.682924985187842,0.25,0.0,0.0,exploratory_S4_excluded_operation_not_reverified,14,0,0,12,2,zero_in_source_candidate_set_not_verified_no_facilities,False,validation_only_not_scored,facility_accessibility_v0_S4_excluded_OSM_entrance_proxy,False,False,included_source_model_counts_zero_is_not_verified_absence,True,contains_assumed_connectors,5.762193738890882
3120233,몽촌토성역,발달상권,0.1149135772327244,523,True,,13.486005089058525,0.0,42.49594813614263,0.0,1.79813401187447,44.2940821480171,1.5,0.0,0.0,exploratory_S4_excluded_operation_not_reverified,10,3,0,3,4,zero_in_source_candidate_set_not_verified_no_facilities,False,validation_only_not_scored,facility_accessibility_v0_S4_excluded_OSM_entrance_proxy,False,False,included_source_model_counts_zero_is_not_verified_absence,True,contains_assumed_connectors,33.220561611012826
3120238,방이역,발달상권,0.0455745238778518,291,True,,4.89821882951654,7.0,58.05510534846029,0.0,0.6530958439355387,58.708201192395826,5.0,0.0,0.0,exploratory_S4_excluded_operation_not_reverified,15,5,0,8,2,zero_in_source_candidate_set_not_verified_no_facilities,False,validation_only_not_scored,facility_accessibility_v0_S4_excluded_OSM_entrance_proxy,False,False,included_source_model_counts_zero_is_not_verified_absence,True,contains_assumed_connectors,44.03115089429687
3120239,오금역,발달상권,0.1515323325741472,519,True,,0.9541984732824428,2.0,48.379254457050244,0.0,0.1272264631043257,48.50648092015457,2.25,0.0,0.0,exploratory_S4_excluded_operation_not_reverified,15,2,0,4,9,zero_in_source_candidate_set_not_verified_no_facilities,False,validation_only_not_scored,facility_accessibility_v0_S4_excluded_OSM_entrance_proxy,False,False,included_source_model_counts_zero_is_not_verified_absence,True,contains_assumed_connectors,36.37986069011593
3120242,강동구청역,발달상권,0.2055509010035976,634,True,,14.122137404580156,5.0,53.14424635332253,0.0,1.8829516539440208,55.02719800726655,3.0,0.0,0.0,exploratory_S4_excluded_operation_not_reverified,16,4,0,11,1,zero_in_source_candidate_set_not_verified_no_facilities,False,validation_only_not_scored,facility_accessibility_v0_S4_excluded_OSM_entrance_proxy,False,False,included_source_model_counts_zero_is_not_verified_absence,True,contains_assumed_connectors,41.27039850544991
3120243,천호역,발달상권,0.2151027499788514,1711,True,,44.02035623409669,2.0,57.471636952998374,0.0,5.869380831212892,63.34101778421127,4.5,0.0,0.0,exploratory_S4_excluded_operation_not_reverified,16,6,0,8,2,zero_in_source_candidate_set_not_verified_no_facilities,False,validation_only_not_scored,facility_accessibility_v0_S4_excluded_OSM_entrance_proxy,False,False,included_source_model_counts_zero_is_not_verified_absence,True,contains_assumed_connectors,47.50576333815845
3120244,암사역,발달상권,0.0805427279126898,399,True,,12.786259541984732,6.0,58.05510534846029,0.0,1.7048346055979642,59.759939954058254,5.0,0.0,0.0,exploratory_S4_excluded_operation_not_reverified,10,6,0,3,1,zero_in_source_candidate_set_not_verified_no_facilities,False,validation_only_not_scored,facility_accessibility_v0_S4_excluded_OSM_entrance_proxy,False,False,included_source_model_counts_zero_is_not_verified_absence,True,contains_assumed_connectors,44.81995496554369
3120245,둔촌역,발달상권,0.1652914811329073,856,True,,23.85496183206107,13.0,56.0129659643436,0.0,3.1806615776081424,59.19362754195174,3.75,0.0,0.0,exploratory_S4_excluded_operation_not_reverified,12,4,0,6,2,zero_in_source_candidate_set_not_verified_no_facilities,False,validation_only_not_scored,facility_accessibility_v0_S4_excluded_OSM_entrance_proxy,False,False,included_source_model_counts_zero_is_not_verified_absence,True,contains_assumed_connectors,44.395220656463806
3120246,길동역,발달상권,0.2424850293233832,1011,True,,38.8676844783715,5.0,56.547811993517016,0.0,5.182357930449533,61.73016992396655,4.0,0.0,0.0,exploratory_S4_excluded_operation_not_reverified,23,6,0,15,2,zero_in_source_candidate_set_not_verified_no_facilities,False,validation_only_not_scored,facility_accessibility_v0_S4_excluded_OSM_entrance_proxy,False,False,included_source_model_counts_zero_is_not_verified_absence,True,contains_assumed_connectors,46.297627442974914
3120247,굽은다리역,발달상권,0.0944780118085977,450,True,,14.69465648854962,5.0,55.089141004862235,0.0,1.959287531806616,57.04842853666885,3.5,0.0,0.0,exploratory_S4_excluded_operation_not_reverified,20,3,0,16,1,zero_in_source_candidate_set_not_verified_no_facilities,False,validation_only_not_scored,facility_accessibility_v0_S4_excluded_OSM_entrance_proxy,False,False,included_source_model_counts_zero_is_not_verified_absence,True,contains_assumed_connectors,42.78632140250164
3120248,명일역,발달상권,0.1429870972968356,667,True,,17.111959287531807,12.0,59.513776337115075,0.0,2.2815945716709076,61.79537090878598,8.25,0.0,0.0,exploratory_S4_excluded_operation_not_reverified,21,8,0,11,2,zero_in_source_candidate_set_not_verified_no_facilities,False,validation_only_not_scored,facility_accessibility_v0_S4_excluded_OSM_entrance_proxy,False,False,included_source_model_counts_zero_is_not_verified_absence,True,contains_assumed_connectors,46.34652818158949
3120249,고덕역,발달상권,0.0923344585743433,572,True,,2.735368956743003,4.0,51.58833063209076,0.0,0.36471586089906705,51.95304649298983,2.75,0.0,0.0,exploratory_S4_excluded_operation_not_reverified,9,3,0,5,1,zero_in_source_candidate_set_not_verified_no_facilities,False,validation_only_not_scored,facility_accessibility_v0_S4_excluded_OSM_entrance_proxy,False,False,included_source_model_counts_zero_is_not_verified_absence,True,contains_assumed_connectors,38.964784869742374
3130001,통인시장,전통시장,0.0382516342247539,184,True,,22.83715012722646,2.0,7.487844408427876,23.879093198992443,3.0449533502968613,34.411890957717176,0.25,1.25,0.0,exploratory_S4_excluded_operation_not_reverified,7,1,0,5,1,zero_in_source_candidate_set_not_verified_no_facilities,False,validation_only_not_scored,facility_accessibility_v0_S4_excluded_OSM_entrance_proxy,False,False,included_source_model_counts_zero_is_not_verified_absence,True,contains_assumed_connectors,25.808918218287882
3130002,세종마을음식문화거리(금천교시장),전통시장,0.0495198489582525,238,True,,41.03053435114504,0.0,7.487844408427876,6.481947942905122,5.470737913486006,19.440530264819003,0.25,0.25,0.0,exploratory_S4_excluded_operation_not_reverified,8,0,0,6,2,zero_in_source_candidate_set_not_verified_no_facilities,False,validation_only_not_scored,facility_accessibility_v0_S4_excluded_OSM_entrance_proxy,False,False,included_source_model_counts_zero_is_not_verified_absence,True,contains_assumed_connectors,14.580397698614252
3130004,낙원시장(낙원지하시장(대일상가)),전통시장,0.0086823172379084,230,True,,65.45801526717557,0.0,32.82009724473257,15.34844668345928,8.727735368956742,56.896279297148595,1.0,0.5,0.25,exploratory_S4_excluded_operation_not_reverified,21,0,1,19,1,zero_in_source_candidate_set_not_verified_no_facilities,False,validation_only_not_scored,facility_accessibility_v0_S4_excluded_OSM_entrance_proxy,False,False,included_source_model_counts_zero_is_not_verified_absence,True,contains_assumed_connectors,42.67220947286145
3130005,세운상가가동,전통시장,0.0170969405191279,267,True,,72.01017811704835,0.0,19.108589951377635,0.0,9.601357082273115,28.70994703365075,0.5,0.0,0.0,exploratory_S4_excluded_operation_not_reverified,14,0,1,9,4,zero_in_source_candidate_set_not_verified_no_facilities,False,validation_only_not_scored,facility_accessibility_v0_S4_excluded_OSM_entrance_proxy,False,False,included_source_model_counts_zero_is_not_verified_absence,True,contains_assumed_connectors,21.532460275238062
3130007,광장시장(광장전통시장),전통시장,0.0663227165100925,580,True,,73.91857506361323,1.0,0.0,6.481947942905122,9.855810008481765,16.337757951386887,0.0,0.25,0.0,exploratory_S4_excluded_operation_not_reverified,8,1,0,6,1,zero_in_source_candidate_set_not_verified_no_facilities,False,validation_only_not_scored,facility_accessibility_v0_S4_excluded_OSM_entrance_proxy,False,False,included_source_model_counts_zero_is_not_verified_absence,True,contains_assumed_connectors,12.253318463540165
3130009,마전교지하쇼핑센터(구 한일상가),전통시장,0.0044655641036424,22,True,,64.18575063613231,0.0,0.0,0.0,8.558100084817642,,0.0,0.0,0.0,insufficient_no_included_source_facility,7,0,0,3,4,zero_in_source_candidate_set_not_verified_no_facilities,False,validation_only_not_scored,facility_accessibility_v0_S4_excluded_OSM_entrance_proxy,False,False,included_source_model_counts_zero_is_not_verified_absence,False,contains_assumed_connectors,6.418575063613232
3130010,종로신진시장,전통시장,0.0450834910565771,272,True,,76.78117048346056,0.0,0.0,0.0,10.237489397794741,,0.0,0.0,0.0,insufficient_no_included_source_facility,9,0,0,7,2,zero_in_source_candidate_set_not_verified_no_facilities,False,validation_only_not_scored,facility_accessibility_v0_S4_excluded_OSM_entrance_proxy,False,False,included_source_model_counts_zero_is_not_verified_absence,False,contains_assumed_connectors,7.678117048346056
3130011,충신시장,전통시장,0.017920418431998,42,True,,65.45801526717557,0.0,7.487844408427876,15.34844668345928,8.727735368956742,31.5640264608439,0.25,0.5,0.0,exploratory_S4_excluded_operation_not_reverified,9,0,0,3,6,zero_in_source_candidate_set_not_verified_no_facilities,False,validation_only_not_scored,facility_accessibility_v0_S4_excluded_OSM_entrance_proxy,False,False,included_source_model_counts_zero_is_not_verified_absence,True,contains_assumed_connectors,23.673019845632922
3130012,"동대문종합시장(동대문종합시장 신관, 동대문종합시장D동상가)",전통시장,0.039325351701663,319,True,,76.78117048346056,0.0,0.0,0.0,10.237489397794741,,0.0,0.0,0.0,insufficient_no_included_source_facility,8,0,0,6,2,zero_in_source_candidate_set_not_verified_no_facilities,False,validation_only_not_scored,facility_accessibility_v0_S4_excluded_OSM_entrance_proxy,False,False,included_source_model_counts_zero_is_not_verified_absence,False,contains_assumed_connectors,7.678117048346056
3130013,동대문상가A동,전통시장,0.0044826289851538,80,True,,73.15521628498728,0.0,0.0,0.0,9.754028837998304,,0.0,0.0,0.0,insufficient_no_included_source_facility,7,0,0,5,2,zero_in_source_candidate_set_not_verified_no_facilities,False,validation_only_not_scored,facility_accessibility_v0_S4_excluded_OSM_entrance_proxy,False,False,included_source_model_counts_zero_is_not_verified_absence,False,contains_assumed_connectors,7.315521628498727
3130014,동문시장,전통시장,0.0081708192072541,143,True,,73.91857506361323,0.0,0.0,0.0,9.855810008481765,,0.0,0.0,0.0,insufficient_no_included_source_facility,6,0,0,5,1,zero_in_source_candidate_set_not_verified_no_facilities,False,validation_only_not_scored,facility_accessibility_v0_S4_excluded_OSM_entrance_proxy,False,False,included_source_model_counts_zero_is_not_verified_absence,False,contains_assumed_connectors,7.391857506361323
3130015,창신골목시장,전통시장,0.024569814065431,138,True,,79.26208651399492,1.0,0.0,0.0,10.568278201865988,,0.0,0.0,0.0,insufficient_no_included_source_facility,5,0,0,4,1,zero_in_source_candidate_set_not_verified_no_facilities,False,validation_only_not_scored,facility_accessibility_v0_S4_excluded_OSM_entrance_proxy,False,False,included_source_model_counts_zero_is_not_verified_absence,False,contains_assumed_connectors,7.926208651399492
3130016,동대문상가B동,전통시장,0.004837369084511,87,True,,73.91857506361323,0.0,0.0,0.0,9.855810008481765,,0.0,0.0,0.0,insufficient_no_included_source_facility,7,0,0,4,3,zero_in_source_candidate_set_not_verified_no_facilities,False,validation_only_not_scored,facility_accessibility_v0_S4_excluded_OSM_entrance_proxy,False,False,included_source_model_counts_zero_is_not_verified_absence,False,contains_assumed_connectors,7.391857506361323
3130017,동대문상가C동,전통시장,0.0068910471175774,164,True,,79.26208651399492,0.0,0.0,0.0,10.568278201865988,,0.0,0.0,0.0,insufficient_no_included_source_facility,5,0,0,5,0,zero_in_source_candidate_set_not_verified_no_facilities,False,validation_only_not_scored,facility_accessibility_v0_S4_excluded_OSM_entrance_proxy,False,False,included_source_model_counts_zero_is_not_verified_absence,False,contains_assumed_connectors,7.926208651399492
3130018,동대문문구완구거리(동대문문구완구시장),전통시장,0.038556638992328,152,True,,79.26208651399492,0.0,0.0,6.481947942905122,10.568278201865988,17.05022614477111,0.0,0.25,0.0,exploratory_S4_excluded_operation_not_reverified,6,0,0,5,1,zero_in_source_candidate_set_not_verified_no_facilities,False,validation_only_not_scored,facility_accessibility_v0_S4_excluded_OSM_entrance_proxy,False,False,included_source_model_counts_zero_is_not_verified_absence,True,contains_assumed_connectors,12.787669608578332
3130019,동대문상가D동,전통시장,0.0084879798893274,56,True,,85.36895674300254,0.0,0.0,6.481947942905122,11.382527565733673,17.864475508638794,0.0,0.25,0.0,exploratory_S4_excluded_operation_not_reverified,7,0,0,6,1,zero_in_source_candidate_set_not_verified_no_facilities,False,validation_only_not_scored,facility_accessibility_v0_S4_excluded_OSM_entrance_proxy,False,False,included_source_model_counts_zero_is_not_verified_absence,True,contains_assumed_connectors,13.398356631479096
3130020,동묘시장(동묘벼룩시장),전통시장,0.0311898393773041,142,True,,82.44274809160305,0.0,0.0,6.481947942905122,10.99236641221374,17.47431435511886,0.0,0.25,0.0,exploratory_S4_excluded_operation_not_reverified,8,0,0,7,1,zero_in_source_candidate_set_not_verified_no_facilities,False,validation_only_not_scored,facility_accessibility_v0_S4_excluded_OSM_entrance_proxy,False,False,included_source_model_counts_zero_is_not_verified_absence,True,contains_assumed_connectors,13.105735766339144
3130021,신설종합시장,전통시장,0.009792121275826,9,True,,87.91348600508906,0.0,0.0,6.481947942905122,11.721798134011873,18.203746076916996,0.0,0.25,0.0,exploratory_S4_excluded_operation_not_reverified,7,0,0,5,2,zero_in_source_candidate_set_not_verified_no_facilities,False,validation_only_not_scored,facility_accessibility_v0_S4_excluded_OSM_entrance_proxy,False,False,included_source_model_counts_zero_is_not_verified_absence,True,contains_assumed_connectors,13.652809557687746
3130022,숭례문수입상가(남대문시장),전통시장,0.0076788681959725,167,True,,50.82697201017812,0.0,7.487844408427876,0.0,6.776929601357082,14.264774009784958,0.25,0.0,0.0,exploratory_S4_excluded_operation_not_reverified,10,0,0,6,4,zero_in_source_candidate_set_not_verified_no_facilities,False,validation_only_not_scored,facility_accessibility_v0_S4_excluded_OSM_entrance_proxy,False,False,included_source_model_counts_zero_is_not_verified_absence,True,contains_assumed_connectors,10.698580507338718
3130024,남대문시장(자유상가),전통시장,0.0780099796691923,2406,True,,54.64376590330788,0.0,7.487844408427876,6.481947942905122,7.285835453774384,21.25562780510738,0.25,0.25,0.0,exploratory_S4_excluded_operation_not_reverified,13,0,0,9,4,zero_in_source_candidate_set_not_verified_no_facilities,False,validation_only_not_scored,facility_accessibility_v0_S4_excluded_OSM_entrance_proxy,False,False,included_source_model_counts_zero_is_not_verified_absence,True,contains_assumed_connectors,15.941720853830535
3130025,삼익패션타운(남대문시장),전통시장,0.0178153965290276,586,True,,49.87277353689568,0.0,0.0,6.481947942905122,6.649703138252757,13.13165108115788,0.0,0.25,0.0,exploratory_S4_excluded_operation_not_reverified,12,0,0,8,4,zero_in_source_candidate_set_not_verified_no_facilities,False,validation_only_not_scored,facility_accessibility_v0_S4_excluded_OSM_entrance_proxy,False,False,included_source_model_counts_zero_is_not_verified_absence,True,contains_assumed_connectors,9.84873831086841
3130031,청계천공구상가,전통시장,0.0293194521156211,89,True,,67.1119592875318,0.0,46.72609400324149,0.0,8.948261238337574,55.674355241579065,2.0,0.0,0.0,exploratory_S4_excluded_operation_not_reverified,28,0,1,22,5,zero_in_source_candidate_set_not_verified_no_facilities,False,validation_only_not_scored,facility_accessibility_v0_S4_excluded_OSM_entrance_proxy,False,False,included_source_model_counts_zero_is_not_verified_absence,True,contains_assumed_connectors,41.7557664311843
3130032,인현시장,전통시장,0.0197076655676576,135,True,,67.1119592875318,1.0,26.20745542949757,18.572628043660792,8.948261238337574,53.728344711495936,0.75,0.75,0.25,exploratory_S4_excluded_operation_not_reverified,12,0,0,10,2,zero_in_source_candidate_set_not_verified_no_facilities,False,validation_only_not_scored,facility_accessibility_v0_S4_excluded_OSM_entrance_proxy,False,False,included_source_model_counts_zero_is_not_verified_absence,True,contains_assumed_connectors,40.29625853362195
3130033,대림상가(청계상가),전통시장,0.010996772890784,202,True,,72.01017811704835,0.0,0.0,0.0,9.601357082273115,,0.0,0.0,0.0,insufficient_no_included_source_facility,15,0,0,12,3,zero_in_source_candidate_set_not_verified_no_facilities,False,validation_only_not_scored,facility_accessibility_v0_S4_excluded_OSM_entrance_proxy,False,False,included_source_model_counts_zero_is_not_verified_absence,False,contains_assumed_connectors,7.201017811704836
3130034,필동 골목형상점가,전통시장,0.0022100880133227,10,True,,55.08905852417303,0.0,26.20745542949757,6.481947942905122,7.345207803223071,40.03461117562576,0.75,0.25,0.0,exploratory_S4_excluded_operation_not_reverified,9,0,0,9,0,zero_in_source_candidate_set_not_verified_no_facilities,False,validation_only_not_scored,facility_accessibility_v0_S4_excluded_OSM_entrance_proxy,False,False,included_source_model_counts_zero_is_not_verified_absence,True,contains_assumed_connectors,30.02595838171932
3130035,방산종합시장(방산시장),전통시장,0.0996520631933882,432,True,,79.26208651399492,1.0,0.0,6.481947942905122,10.568278201865988,17.05022614477111,0.0,0.25,0.0,exploratory_S4_excluded_operation_not_reverified,11,0,0,8,3,zero_in_source_candidate_set_not_verified_no_facilities,False,validation_only_not_scored,facility_accessibility_v0_S4_excluded_OSM_entrance_proxy,False,False,included_source_model_counts_zero_is_not_verified_absence,True,contains_assumed_connectors,12.787669608578332
3130036,중부시장(신중부시장),전통시장,0.0921733713359783,650,True,,73.91857506361323,1.0,7.487844408427876,15.34844668345928,9.855810008481765,32.692101100368916,0.25,0.5,0.0,exploratory_S4_excluded_operation_not_reverified,13,0,0,9,4,zero_in_source_candidate_set_not_verified_no_facilities,False,validation_only_not_scored,facility_accessibility_v0_S4_excluded_OSM_entrance_proxy,False,False,included_source_model_counts_zero_is_not_verified_absence,True,contains_assumed_connectors,24.519075825276687
3130038,"평화시장(통일상가, 동화상가)",전통시장,0.1335097899513563,2127,True,,85.36895674300254,0.0,0.0,0.0,11.382527565733673,,0.0,0.0,0.0,insufficient_no_included_source_facility,11,1,0,8,2,zero_in_source_candidate_set_not_verified_no_facilities,False,validation_only_not_scored,facility_accessibility_v0_S4_excluded_OSM_entrance_proxy,False,False,included_source_model_counts_zero_is_not_verified_absence,False,contains_assumed_connectors,8.536895674300254
3130042,약수시장,전통시장,0.0281513219342963,152,True,,67.8117048346056,0.0,19.108589951377635,15.34844668345928,9.04156064461408,43.49859727945099,0.5,0.5,0.0,exploratory_S4_excluded_operation_not_reverified,12,1,0,10,1,zero_in_source_candidate_set_not_verified_no_facilities,False,validation_only_not_scored,facility_accessibility_v0_S4_excluded_OSM_entrance_proxy,False,False,included_source_model_counts_zero_is_not_verified_absence,True,contains_assumed_connectors,32.62394795958824
3130046,team204(팀204),전통시장,0.0042183685905987,119,True,,79.26208651399492,0.0,0.0,0.0,10.568278201865988,,0.0,0.0,0.0,insufficient_no_included_source_facility,8,0,0,6,2,zero_in_source_candidate_set_not_verified_no_facilities,False,validation_only_not_scored,facility_accessibility_v0_S4_excluded_OSM_entrance_proxy,False,False,included_source_model_counts_zero_is_not_verified_absence,False,contains_assumed_connectors,7.926208651399492
3130047,테크노상가(엘리시움),전통시장,0.0101673269254052,849,True,,76.78117048346056,0.0,0.0,0.0,10.237489397794741,,0.0,0.0,0.0,insufficient_no_included_source_facility,7,0,0,5,2,zero_in_source_candidate_set_not_verified_no_facilities,False,validation_only_not_scored,facility_accessibility_v0_S4_excluded_OSM_entrance_proxy,False,False,included_source_model_counts_zero_is_not_verified_absence,False,contains_assumed_connectors,7.678117048346056
3130048,동평화시장,전통시장,0.0086260833999182,748,True,,76.78117048346056,0.0,0.0,0.0,10.237489397794741,,0.0,0.0,0.0,insufficient_no_included_source_facility,5,0,0,5,0,zero_in_source_candidate_set_not_verified_no_facilities,False,validation_only_not_scored,facility_accessibility_v0_S4_excluded_OSM_entrance_proxy,False,False,included_source_model_counts_zero_is_not_verified_absence,False,contains_assumed_connectors,7.678117048346056
3130049,신당 미래유산 먹거리 골목형상점가,전통시장,0.0101885456738884,51,True,,82.44274809160305,0.0,7.487844408427876,23.879093198992443,10.99236641221374,42.35930401963406,0.25,1.25,0.0,exploratory_S4_excluded_operation_not_reverified,10,1,0,9,0,zero_in_source_candidate_set_not_verified_no_facilities,False,validation_only_not_scored,facility_accessibility_v0_S4_excluded_OSM_entrance_proxy,False,False,included_source_model_counts_zero_is_not_verified_absence,True,contains_assumed_connectors,31.769478014725543
3130050,청평화시장,전통시장,0.014428724535415,2483,True,,85.36895674300254,0.0,0.0,0.0,11.382527565733673,,0.0,0.0,0.0,insufficient_no_included_source_facility,6,0,0,6,0,zero_in_source_candidate_set_not_verified_no_facilities,False,validation_only_not_scored,facility_accessibility_v0_S4_excluded_OSM_entrance_proxy,False,False,included_source_model_counts_zero_is_not_verified_absence,False,contains_assumed_connectors,8.536895674300254
3130051,동화동 골목형상점가,전통시장,0.0601605655295025,231,True,,82.44274809160305,1.0,32.82009724473257,23.879093198992443,10.99236641221374,67.69155685593876,1.0,1.25,0.0,exploratory_S4_excluded_operation_not_reverified,15,1,0,11,3,zero_in_source_candidate_set_not_verified_no_facilities,False,validation_only_not_scored,facility_accessibility_v0_S4_excluded_OSM_entrance_proxy,False,False,included_source_model_counts_zero_is_not_verified_absence,True,contains_assumed_connectors,50.76866764195407
3130052,서울중앙시장(신중앙시장),전통시장,0.0699493456019377,473,True,,82.44274809160305,0.0,26.20745542949757,15.34844668345928,10.99236641221374,52.54826852517059,0.75,0.5,0.0,exploratory_S4_excluded_operation_not_reverified,14,0,0,14,0,zero_in_source_candidate_set_not_verified_no_facilities,False,validation_only_not_scored,facility_accessibility_v0_S4_excluded_OSM_entrance_proxy,False,False,included_source_model_counts_zero_is_not_verified_absence,True,contains_assumed_connectors,39.411201393877946
3130053,백학시장,전통시장,0.0421803698751961,218,True,,82.44274809160305,0.0,26.20745542949757,21.09151973131822,10.99236641221374,58.29134157302953,0.75,1.0,0.0,exploratory_S4_excluded_operation_not_reverified,14,0,0,13,1,zero_in_source_candidate_set_not_verified_no_facilities,False,validation_only_not_scored,facility_accessibility_v0_S4_excluded_OSM_entrance_proxy,False,False,included_source_model_counts_zero_is_not_verified_absence,True,contains_assumed_connectors,43.71850617977215
3130054,황학동주방가구거리상점가,전통시장,0.0728288823367212,199,True,,85.36895674300254,1.0,42.49594813614263,15.34844668345928,11.382527565733673,69.22692238533558,1.5,0.5,0.0,exploratory_S4_excluded_operation_not_reverified,12,1,0,11,0,zero_in_source_candidate_set_not_verified_no_facilities,False,validation_only_not_scored,facility_accessibility_v0_S4_excluded_OSM_entrance_proxy,False,False,included_source_model_counts_zero_is_not_verified_absence,True,contains_assumed_connectors,51.92019178900169
3130055,"황학시장(서울중앙시장, 신중앙시장)",전통시장,0.0396792500789066,178,True,,82.44274809160305,0.0,26.20745542949757,25.256087321578505,10.99236641221374,62.45590916328982,0.75,1.5,0.0,exploratory_S4_excluded_operation_not_reverified,14,1,0,12,1,zero_in_source_candidate_set_not_verified_no_facilities,False,validation_only_not_scored,facility_accessibility_v0_S4_excluded_OSM_entrance_proxy,False,False,included_source_model_counts_zero_is_not_verified_absence,True,contains_assumed_connectors,46.84193187246736
3130056,용산용문시장,전통시장,0.0402161403668229,279,True,,19.083969465648856,0.0,7.487844408427876,6.481947942905122,2.544529262086514,16.51432161341951,0.25,0.25,0.0,exploratory_S4_excluded_operation_not_reverified,8,0,0,7,1,zero_in_source_candidate_set_not_verified_no_facilities,False,validation_only_not_scored,facility_accessibility_v0_S4_excluded_OSM_entrance_proxy,False,False,included_source_model_counts_zero_is_not_verified_absence,True,contains_assumed_connectors,12.385741210064634
3130058,이촌종합시장,전통시장,0.0074801999242283,107,True,,3.11704834605598,1.0,0.0,6.481947942905122,0.41560644614079734,6.897554389045919,0.0,0.25,0.0,exploratory_S4_excluded_operation_not_reverified,7,0,0,5,2,zero_in_source_candidate_set_not_verified_no_facilities,False,validation_only_not_scored,facility_accessibility_v0_S4_excluded_OSM_entrance_proxy,False,False,included_source_model_counts_zero_is_not_verified_absence,True,contains_assumed_connectors,5.17316579178444
3130059,후암시장,전통시장,0.033265147764549,115,True,,40.521628498727736,0.0,7.487844408427876,6.481947942905122,5.402883799830365,19.37267615116336,0.25,0.25,0.0,exploratory_S4_excluded_operation_not_reverified,5,0,0,4,1,zero_in_source_candidate_set_not_verified_no_facilities,False,validation_only_not_scored,facility_accessibility_v0_S4_excluded_OSM_entrance_proxy,False,False,included_source_model_counts_zero_is_not_verified_absence,True,contains_assumed_connectors,14.52950711337252
3130061,이태원시장,전통시장,0.0105649838933268,151,True,,51.39949109414759,0.0,0.0,0.0,6.8532654792196785,,0.0,0.0,0.0,insufficient_no_included_source_facility,6,0,0,4,2,zero_in_source_candidate_set_not_verified_no_facilities,False,validation_only_not_scored,facility_accessibility_v0_S4_excluded_OSM_entrance_proxy,False,False,included_source_model_counts_zero_is_not_verified_absence,False,contains_assumed_connectors,5.139949109414759
3130062,보광시장,전통시장,0.0104978108924284,17,True,,6.043256997455471,0.0,7.487844408427876,6.481947942905122,0.8057675996607294,14.775559950993728,0.25,0.25,0.0,exploratory_S4_excluded_operation_not_reverified,2,0,0,2,0,zero_in_source_candidate_set_not_verified_no_facilities,False,validation_only_not_scored,facility_accessibility_v0_S4_excluded_OSM_entrance_proxy,False,False,included_source_model_counts_zero_is_not_verified_absence,True,contains_assumed_connectors,11.081669963245297
3130063,신금호역 골목형상점가,전통시장,0.0150121890060124,110,True,,79.26208651399492,1.0,19.108589951377635,15.34844668345928,10.568278201865988,45.0253148367029,0.5,0.5,0.0,exploratory_S4_excluded_operation_not_reverified,11,0,0,10,1,zero_in_source_candidate_set_not_verified_no_facilities,False,validation_only_not_scored,facility_accessibility_v0_S4_excluded_OSM_entrance_proxy,False,False,included_source_model_counts_zero_is_not_verified_absence,True,contains_assumed_connectors,33.76898612752717
3130064,금남시장,전통시장,0.0112655286290822,111,True,,60.30534351145038,0.0,7.487844408427876,15.34844668345928,8.040712468193384,30.87700356008054,0.25,0.5,0.0,exploratory_S4_excluded_operation_not_reverified,6,0,0,6,0,zero_in_source_candidate_set_not_verified_no_facilities,False,validation_only_not_scored,facility_accessibility_v0_S4_excluded_OSM_entrance_proxy,False,False,included_source_model_counts_zero_is_not_verified_absence,True,contains_assumed_connectors,23.157752670060404
3130065,무학봉상점가,전통시장,0.0692855578450274,198,True,,90.0763358778626,2.0,38.703403565640194,0.0,12.010178117048348,50.71358168268854,1.25,0.0,0.0,exploratory_S4_excluded_operation_not_reverified,16,0,0,15,1,zero_in_source_candidate_set_not_verified_no_facilities,False,validation_only_not_scored,facility_accessibility_v0_S4_excluded_OSM_entrance_proxy,False,False,included_source_model_counts_zero_is_not_verified_absence,True,contains_assumed_connectors,38.03518626201641
3130066,행당시장상점가,전통시장,0.0809461304154074,308,True,,90.0763358778626,0.0,26.20745542949757,15.34844668345928,12.010178117048348,53.5660802300052,0.75,0.5,0.0,exploratory_S4_excluded_operation_not_reverified,20,0,0,18,2,zero_in_source_candidate_set_not_verified_no_facilities,False,validation_only_not_scored,facility_accessibility_v0_S4_excluded_OSM_entrance_proxy,False,False,included_source_model_counts_zero_is_not_verified_absence,True,contains_assumed_connectors,40.1745601725039
3130067,왕십리도선동상점가,전통시장,0.0866292233445056,483,True,,95.61068702290076,1.0,45.02431118314424,0.0,12.748091603053435,57.772402786197674,1.75,0.0,0.0,exploratory_S4_excluded_operation_not_reverified,17,2,0,11,4,zero_in_source_candidate_set_not_verified_no_facilities,False,validation_only_not_scored,facility_accessibility_v0_S4_excluded_OSM_entrance_proxy,False,False,included_source_model_counts_zero_is_not_verified_absence,True,contains_assumed_connectors,43.32930208964825
3130068,마장축산물시장,전통시장,0.2181374413035573,1233,True,,95.61068702290076,0.0,7.487844408427876,0.0,12.748091603053435,20.23593601148131,0.25,0.0,0.0,exploratory_S4_excluded_operation_not_reverified,13,0,0,7,6,zero_in_source_candidate_set_not_verified_no_facilities,False,validation_only_not_scored,facility_accessibility_v0_S4_excluded_OSM_entrance_proxy,False,False,included_source_model_counts_zero_is_not_verified_absence,True,contains_assumed_connectors,15.176952008610982
3130069,"한양대앞상점가(한양시장, 왕십리맛골목)",전통시장,0.0232255264300394,190,True,,70.86513994910942,1.0,51.58833063209076,0.0,9.448685326547922,61.03701595863868,2.75,0.0,0.0,exploratory_S4_excluded_operation_not_reverified,20,1,0,15,4,zero_in_source_candidate_set_not_verified_no_facilities,False,validation_only_not_scored,facility_accessibility_v0_S4_excluded_OSM_entrance_proxy,False,False,included_source_model_counts_zero_is_not_verified_absence,True,contains_assumed_connectors,45.777761968979014
3130070,뚝섬역상점가,전통시장,0.0561236815485681,350,True,,70.0381679389313,3.0,55.089141004862235,15.34844668345928,9.338422391857506,79.77601008017902,3.5,0.5,0.25,exploratory_S4_excluded_operation_not_reverified,15,3,1,10,1,zero_in_source_candidate_set_not_verified_no_facilities,False,validation_only_not_scored,facility_accessibility_v0_S4_excluded_OSM_entrance_proxy,False,False,included_source_model_counts_zero_is_not_verified_absence,True,contains_assumed_connectors,59.832007560134265
3130071,성수역 골목형상점가,전통시장,0.0106508423574354,62,True,,75.12722646310432,0.0,7.487844408427876,6.481947942905122,10.016963528413909,23.98675587974691,0.25,0.25,0.0,exploratory_S4_excluded_operation_not_reverified,12,0,0,11,1,zero_in_source_candidate_set_not_verified_no_facilities,False,validation_only_not_scored,facility_accessibility_v0_S4_excluded_OSM_entrance_proxy,False,False,included_source_model_counts_zero_is_not_verified_absence,True,contains_assumed_connectors,17.99006690981018
3130072,성동용답상가시장,전통시장,0.1179751034526193,302,True,,95.61068702290076,1.0,0.0,6.481947942905122,12.748091603053435,19.230039545958558,0.0,0.25,0.0,exploratory_S4_excluded_operation_not_reverified,7,0,0,2,5,zero_in_source_candidate_set_not_verified_no_facilities,False,validation_only_not_scored,facility_accessibility_v0_S4_excluded_OSM_entrance_proxy,False,False,included_source_model_counts_zero_is_not_verified_absence,True,contains_assumed_connectors,14.422529659468918
3130073,뚝도시장,전통시장,0.0214394991102216,199,True,,3.753180661577608,0.0,0.0,6.481947942905122,0.5004240882103478,6.98237203111547,0.0,0.25,0.0,exploratory_S4_excluded_operation_not_reverified,3,0,0,3,0,zero_in_source_candidate_set_not_verified_no_facilities,False,validation_only_not_scored,facility_accessibility_v0_S4_excluded_OSM_entrance_proxy,False,False,included_source_model_counts_zero_is_not_verified_absence,True,contains_assumed_connectors,5.236779023336602
3130074,영동교골목시장,전통시장,0.0142502443567265,44,True,,60.30534351145038,0.0,0.0,6.481947942905122,8.040712468193384,14.522660411098506,0.0,0.25,0.0,exploratory_S4_excluded_operation_not_reverified,8,0,0,6,2,zero_in_source_candidate_set_not_verified_no_facilities,False,validation_only_not_scored,facility_accessibility_v0_S4_excluded_OSM_entrance_proxy,False,False,included_source_model_counts_zero_is_not_verified_absence,True,contains_assumed_connectors,10.89199530832388
3130075,노룬산시장(노룬산골목시장),전통시장,0.0108072674356225,38,True,,47.20101781170484,0.0,0.0,6.481947942905122,6.293469041560645,12.775416984465767,0.0,0.25,0.0,exploratory_S4_excluded_operation_not_reverified,8,0,0,7,1,zero_in_source_candidate_set_not_verified_no_facilities,False,validation_only_not_scored,facility_accessibility_v0_S4_excluded_OSM_entrance_proxy,False,False,included_source_model_counts_zero_is_not_verified_absence,True,contains_assumed_connectors,9.581562738349326
3130076,능동로골목시장,전통시장,0.0289676954423432,131,True,,60.75063613231551,1.0,7.487844408427876,6.481947942905122,8.100084817642069,22.06987716897507,0.25,0.25,0.0,exploratory_S4_excluded_operation_not_reverified,11,0,0,8,3,zero_in_source_candidate_set_not_verified_no_facilities,False,validation_only_not_scored,facility_accessibility_v0_S4_excluded_OSM_entrance_proxy,False,False,included_source_model_counts_zero_is_not_verified_absence,True,contains_assumed_connectors,16.5524078767313
3130077,조양시장,전통시장,0.0053244142195222,22,True,,76.78117048346056,0.0,19.108589951377635,6.481947942905122,10.237489397794741,35.8280272920775,0.5,0.25,0.0,exploratory_S4_excluded_operation_not_reverified,11,0,0,7,4,zero_in_source_candidate_set_not_verified_no_facilities,False,validation_only_not_scored,facility_accessibility_v0_S4_excluded_OSM_entrance_proxy,False,False,included_source_model_counts_zero_is_not_verified_absence,True,contains_assumed_connectors,26.871020469058124
3130078,화양제일골목시장,전통시장,0.0186014209039275,94,True,,76.78117048346056,0.0,32.82009724473257,0.0,10.237489397794741,43.05758664252731,1.0,0.0,0.0,exploratory_S4_excluded_operation_not_reverified,22,0,0,18,4,zero_in_source_candidate_set_not_verified_no_facilities,False,validation_only_not_scored,facility_accessibility_v0_S4_excluded_OSM_entrance_proxy,False,False,included_source_model_counts_zero_is_not_verified_absence,True,contains_assumed_connectors,32.29318998189548
3130079,한아름시장,전통시장,0.0110311529122781,39,True,,76.78117048346056,0.0,19.108589951377635,0.0,10.237489397794741,29.346079349172378,0.5,0.0,0.0,exploratory_S4_excluded_operation_not_reverified,22,0,0,17,5,zero_in_source_candidate_set_not_verified_no_facilities,False,validation_only_not_scored,facility_accessibility_v0_S4_excluded_OSM_entrance_proxy,False,False,included_source_model_counts_zero_is_not_verified_absence,True,contains_assumed_connectors,22.00955951187928
3130080,자양종합시장(기능상실),전통시장,0.0061554842672193,7,True,,9.223918575063614,0.0,7.487844408427876,21.09151973131822,1.2298558100084818,29.809219949754574,0.25,1.0,0.0,exploratory_S4_excluded_operation_not_reverified,6,1,0,3,2,zero_in_source_candidate_set_not_verified_no_facilities,False,validation_only_not_scored,facility_accessibility_v0_S4_excluded_OSM_entrance_proxy,False,False,included_source_model_counts_zero_is_not_verified_absence,True,contains_assumed_connectors,22.35691496231593
3130081,자양골목전통시장(자양골목시장),전통시장,0.0436544619176779,158,True,,51.972010178117046,0.0,19.108589951377635,15.34844668345928,6.929601357082273,41.38663799191919,0.5,0.5,0.0,exploratory_S4_excluded_operation_not_reverified,15,0,0,9,6,zero_in_source_candidate_set_not_verified_no_facilities,False,validation_only_not_scored,facility_accessibility_v0_S4_excluded_OSM_entrance_proxy,False,False,included_source_model_counts_zero_is_not_verified_absence,True,contains_assumed_connectors,31.03997849393939
3130082,면곡골목시장,전통시장,0.0077867781361269,35,True,,59.47837150127226,0.0,0.0,6.481947942905122,7.930449533502967,14.412397476408088,0.0,0.25,0.0,exploratory_S4_excluded_operation_not_reverified,4,0,0,3,1,zero_in_source_candidate_set_not_verified_no_facilities,False,validation_only_not_scored,facility_accessibility_v0_S4_excluded_OSM_entrance_proxy,False,False,included_source_model_counts_zero_is_not_verified_absence,True,contains_assumed_connectors,10.809298107306066
3130083,"중곡제일시장(중곡제일골목시장, 광성시장)",전통시장,0.041718669353915,225,True,,69.27480916030534,0.0,0.0,15.34844668345928,9.236641221374045,24.585087904833323,0.0,0.5,0.0,exploratory_S4_excluded_operation_not_reverified,13,0,0,10,3,zero_in_source_candidate_set_not_verified_no_facilities,False,validation_only_not_scored,facility_accessibility_v0_S4_excluded_OSM_entrance_proxy,False,False,included_source_model_counts_zero_is_not_verified_absence,True,contains_assumed_connectors,18.43881592862499
3130084,신성시장(신성골목시장),전통시장,0.0161683260257604,100,True,,49.61832061068702,0.0,7.487844408427876,18.572628043660792,6.6157760814249365,32.6762485335136,0.25,0.75,0.0,exploratory_S4_excluded_operation_not_reverified,11,0,0,10,1,zero_in_source_candidate_set_not_verified_no_facilities,False,validation_only_not_scored,facility_accessibility_v0_S4_excluded_OSM_entrance_proxy,False,False,included_source_model_counts_zero_is_not_verified_absence,True,contains_assumed_connectors,24.5071864001352
3130085,용두시장,전통시장,0.0055228006390463,7,True,,75.12722646310432,0.0,0.0,0.0,10.016963528413909,,0.0,0.0,0.0,insufficient_no_included_source_facility,3,0,0,3,0,zero_in_source_candidate_set_not_verified_no_facilities,False,validation_only_not_scored,facility_accessibility_v0_S4_excluded_OSM_entrance_proxy,False,False,included_source_model_counts_zero_is_not_verified_absence,False,contains_assumed_connectors,7.512722646310431
3130086,서울약령시장,전통시장,0.1651877462166154,580,True,,95.61068702290076,0.0,0.0,0.0,12.748091603053435,,0.0,0.0,0.0,insufficient_no_included_source_facility,6,0,0,6,0,zero_in_source_candidate_set_not_verified_no_facilities,False,validation_only_not_scored,facility_accessibility_v0_S4_excluded_OSM_entrance_proxy,False,False,included_source_model_counts_zero_is_not_verified_absence,False,contains_assumed_connectors,9.561068702290076
3130087,경동광성상가(경동시장),전통시장,0.0209598230898152,157,True,,95.61068702290076,0.0,0.0,0.0,12.748091603053435,,0.0,0.0,0.0,insufficient_no_included_source_facility,4,0,0,3,1,zero_in_source_candidate_set_not_verified_no_facilities,False,validation_only_not_scored,facility_accessibility_v0_S4_excluded_OSM_entrance_proxy,False,False,included_source_model_counts_zero_is_not_verified_absence,False,contains_assumed_connectors,9.561068702290076
3130088,경동시장,전통시장,0.0213064841161416,391,True,,95.61068702290076,0.0,0.0,0.0,12.748091603053435,,0.0,0.0,0.0,insufficient_no_included_source_facility,4,1,0,2,1,zero_in_source_candidate_set_not_verified_no_facilities,False,validation_only_not_scored,facility_accessibility_v0_S4_excluded_OSM_entrance_proxy,False,False,included_source_model_counts_zero_is_not_verified_absence,False,contains_assumed_connectors,9.561068702290076
3130089,청량리수산시장,전통시장,0.030304937375497,114,True,,95.61068702290076,0.0,19.108589951377635,0.0,12.748091603053435,31.85668155443107,0.5,0.0,0.0,exploratory_S4_excluded_operation_not_reverified,5,0,0,3,2,zero_in_source_candidate_set_not_verified_no_facilities,False,validation_only_not_scored,facility_accessibility_v0_S4_excluded_OSM_entrance_proxy,False,False,included_source_model_counts_zero_is_not_verified_absence,True,contains_assumed_connectors,23.8925111658233
3130090,청량리종합시장,전통시장,0.0243305360505593,182,True,,95.61068702290076,0.0,7.487844408427876,0.0,12.748091603053435,20.23593601148131,0.25,0.0,0.0,exploratory_S4_excluded_operation_not_reverified,5,0,0,3,2,zero_in_source_candidate_set_not_verified_no_facilities,False,validation_only_not_scored,facility_accessibility_v0_S4_excluded_OSM_entrance_proxy,False,False,included_source_model_counts_zero_is_not_verified_absence,True,contains_assumed_connectors,15.176952008610982
3130091,청량종합도매시장,전통시장,0.0456436571204841,139,True,,95.61068702290076,0.0,7.487844408427876,0.0,12.748091603053435,20.23593601148131,0.25,0.0,0.0,exploratory_S4_excluded_operation_not_reverified,4,0,0,2,2,zero_in_source_candidate_set_not_verified_no_facilities,False,validation_only_not_scored,facility_accessibility_v0_S4_excluded_OSM_entrance_proxy,False,False,included_source_model_counts_zero_is_not_verified_absence,True,contains_assumed_connectors,15.176952008610982
3130092,청량리농수산물시장,전통시장,0.0324519232349238,253,True,,95.61068702290076,0.0,7.487844408427876,0.0,12.748091603053435,20.23593601148131,0.25,0.0,0.0,exploratory_S4_excluded_operation_not_reverified,5,0,0,2,3,zero_in_source_candidate_set_not_verified_no_facilities,False,validation_only_not_scored,facility_accessibility_v0_S4_excluded_OSM_entrance_proxy,False,False,included_source_model_counts_zero_is_not_verified_absence,True,contains_assumed_connectors,15.176952008610982
3130093,동서시장,전통시장,0.0045758472473069,67,True,,95.61068702290076,0.0,7.487844408427876,0.0,12.748091603053435,20.23593601148131,0.25,0.0,0.0,exploratory_S4_excluded_operation_not_reverified,5,0,0,3,2,zero_in_source_candidate_set_not_verified_no_facilities,False,validation_only_not_scored,facility_accessibility_v0_S4_excluded_OSM_entrance_proxy,False,False,included_source_model_counts_zero_is_not_verified_absence,True,contains_assumed_connectors,15.176952008610982
3130094,청량리청과물시장,전통시장,0.0282753973136889,272,True,,95.61068702290076,0.0,7.487844408427876,0.0,12.748091603053435,20.23593601148131,0.25,0.0,0.0,exploratory_S4_excluded_operation_not_reverified,6,0,0,4,2,zero_in_source_candidate_set_not_verified_no_facilities,False,validation_only_not_scored,facility_accessibility_v0_S4_excluded_OSM_entrance_proxy,False,False,included_source_model_counts_zero_is_not_verified_absence,True,contains_assumed_connectors,15.176952008610982
3130095,청량리전통시장,전통시장,0.0308655026619541,183,True,,95.61068702290076,0.0,7.487844408427876,0.0,12.748091603053435,20.23593601148131,0.25,0.0,0.0,exploratory_S4_excluded_operation_not_reverified,4,0,0,2,2,zero_in_source_candidate_set_not_verified_no_facilities,False,validation_only_not_scored,facility_accessibility_v0_S4_excluded_OSM_entrance_proxy,False,False,included_source_model_counts_zero_is_not_verified_absence,True,contains_assumed_connectors,15.176952008610982
3130096,동부시장,전통시장,0.0066119141768,25,True,,90.0763358778626,0.0,7.487844408427876,6.481947942905122,12.010178117048348,25.979970468381346,0.25,0.25,0.0,exploratory_S4_excluded_operation_not_reverified,7,0,0,5,2,zero_in_source_candidate_set_not_verified_no_facilities,False,validation_only_not_scored,facility_accessibility_v0_S4_excluded_OSM_entrance_proxy,False,False,included_source_model_counts_zero_is_not_verified_absence,True,contains_assumed_connectors,19.48497785128601
3130097,답십리 건축자재시장,전통시장,0.0519033314137548,61,True,,95.61068702290076,0.0,7.487844408427876,0.0,12.748091603053435,20.23593601148131,0.25,0.0,0.0,exploratory_S4_excluded_operation_not_reverified,9,0,0,6,3,zero_in_source_candidate_set_not_verified_no_facilities,False,validation_only_not_scored,facility_accessibility_v0_S4_excluded_OSM_entrance_proxy,False,False,included_source_model_counts_zero_is_not_verified_absence,True,contains_assumed_connectors,15.176952008610982
3130098,회기시장,전통시장,0.0321870102270408,141,True,,82.44274809160305,1.0,54.06807131280389,0.0,10.99236641221374,65.06043772501762,3.25,0.0,0.0,exploratory_S4_excluded_operation_not_reverified,17,3,2,10,2,zero_in_source_candidate_set_not_verified_no_facilities,False,validation_only_not_scored,facility_accessibility_v0_S4_excluded_OSM_entrance_proxy,False,False,included_source_model_counts_zero_is_not_verified_absence,True,contains_assumed_connectors,48.79532829376322
3130099,전농로터리시장,전통시장,0.0217924858442396,103,True,,95.61068702290076,3.0,26.20745542949757,0.0,12.748091603053435,38.95554703255101,0.75,0.0,0.0,exploratory_S4_excluded_operation_not_reverified,7,0,0,7,0,zero_in_source_candidate_set_not_verified_no_facilities,False,validation_only_not_scored,facility_accessibility_v0_S4_excluded_OSM_entrance_proxy,False,False,included_source_model_counts_zero_is_not_verified_absence,True,contains_assumed_connectors,29.216660274413258
3130100,답십리시장,전통시장,0.0221723589394752,111,True,,95.61068702290076,0.0,38.703403565640194,0.0,12.748091603053435,51.451495168693626,1.25,0.0,0.0,exploratory_S4_excluded_operation_not_reverified,7,0,0,7,0,zero_in_source_candidate_set_not_verified_no_facilities,False,validation_only_not_scored,facility_accessibility_v0_S4_excluded_OSM_entrance_proxy,False,False,included_source_model_counts_zero_is_not_verified_absence,True,contains_assumed_connectors,38.58862137652022
3130101,답십리현대시장,전통시장,0.0183295141235589,93,True,,90.0763358778626,0.0,26.20745542949757,0.0,12.010178117048348,38.21763354654592,0.75,0.0,0.0,exploratory_S4_excluded_operation_not_reverified,8,0,0,6,2,zero_in_source_candidate_set_not_verified_no_facilities,False,validation_only_not_scored,facility_accessibility_v0_S4_excluded_OSM_entrance_proxy,False,False,included_source_model_counts_zero_is_not_verified_absence,True,contains_assumed_connectors,28.663225159909437
3130102,이문제일시장,전통시장,0.0072857337906479,25,True,,70.86513994910942,0.0,7.487844408427876,0.0,9.448685326547922,16.9365297349758,0.25,0.0,0.0,exploratory_S4_excluded_operation_not_reverified,3,0,0,3,0,zero_in_source_candidate_set_not_verified_no_facilities,False,validation_only_not_scored,facility_accessibility_v0_S4_excluded_OSM_entrance_proxy,False,False,included_source_model_counts_zero_is_not_verified_absence,True,contains_assumed_connectors,12.70239730123185
3130103,이경시장,전통시장,0.0116132411115624,22,True,,90.0763358778626,0.0,0.0,0.0,12.010178117048348,,0.0,0.0,0.0,insufficient_no_included_source_facility,7,0,0,4,3,zero_in_source_candidate_set_not_verified_no_facilities,False,validation_only_not_scored,facility_accessibility_v0_S4_excluded_OSM_entrance_proxy,False,False,included_source_model_counts_zero_is_not_verified_absence,False,contains_assumed_connectors,9.00763358778626
3130104,전곡시장,전통시장,0.0264276808055001,71,True,,79.26208651399492,0.0,19.108589951377635,0.0,10.568278201865988,29.676868153243625,0.5,0.0,0.0,exploratory_S4_excluded_operation_not_reverified,6,0,0,6,0,zero_in_source_candidate_set_not_verified_no_facilities,False,validation_only_not_scored,facility_accessibility_v0_S4_excluded_OSM_entrance_proxy,False,False,included_source_model_counts_zero_is_not_verified_absence,True,contains_assumed_connectors,22.25765111493272
3130105,장미제일시장(중화동제일시장),전통시장,0.0268460980631689,74,True,,95.61068702290076,0.0,7.487844408427876,6.481947942905122,12.748091603053435,26.717883954386433,0.25,0.25,0.0,exploratory_S4_excluded_operation_not_reverified,5,0,1,4,0,zero_in_source_candidate_set_not_verified_no_facilities,False,validation_only_not_scored,facility_accessibility_v0_S4_excluded_OSM_entrance_proxy,False,False,included_source_model_counts_zero_is_not_verified_absence,True,contains_assumed_connectors,20.038412965789824
3130106,중랑동부시장,전통시장,0.0504293862988218,253,True,,95.61068702290076,2.0,38.703403565640194,6.481947942905122,12.748091603053435,57.93344311159875,1.25,0.25,0.0,exploratory_S4_excluded_operation_not_reverified,6,1,0,4,1,zero_in_source_candidate_set_not_verified_no_facilities,False,validation_only_not_scored,facility_accessibility_v0_S4_excluded_OSM_entrance_proxy,False,False,included_source_model_counts_zero_is_not_verified_absence,True,contains_assumed_connectors,43.45008233369906
3130107,중랑동부시장(중랑교종합상가),전통시장,0.0078805293906763,42,True,,95.61068702290076,0.0,7.487844408427876,6.481947942905122,12.748091603053435,26.717883954386433,0.25,0.25,0.0,exploratory_S4_excluded_operation_not_reverified,6,0,0,5,1,zero_in_source_candidate_set_not_verified_no_facilities,False,validation_only_not_scored,facility_accessibility_v0_S4_excluded_OSM_entrance_proxy,False,False,included_source_model_counts_zero_is_not_verified_absence,True,contains_assumed_connectors,20.038412965789824
3130108,태능엔터피아(태릉시장),전통시장,0.0044393713977066,38,True,,95.61068702290076,0.0,7.487844408427876,6.481947942905122,12.748091603053435,26.717883954386433,0.25,0.25,0.0,exploratory_S4_excluded_operation_not_reverified,5,0,1,3,1,zero_in_source_candidate_set_not_verified_no_facilities,False,validation_only_not_scored,facility_accessibility_v0_S4_excluded_OSM_entrance_proxy,False,False,included_source_model_counts_zero_is_not_verified_absence,True,contains_assumed_connectors,20.038412965789824
3130109,묵1동도깨비시장,전통시장,0.0289776024907963,93,True,,95.61068702290076,0.0,26.20745542949757,0.0,12.748091603053435,38.95554703255101,0.75,0.0,0.0,exploratory_S4_excluded_operation_not_reverified,16,0,0,10,6,zero_in_source_candidate_set_not_verified_no_facilities,False,validation_only_not_scored,facility_accessibility_v0_S4_excluded_OSM_entrance_proxy,False,False,included_source_model_counts_zero_is_not_verified_absence,True,contains_assumed_connectors,29.216660274413258
3130110,면목골목시장(면목시장),전통시장,0.0600069250299442,250,True,,85.36895674300254,0.0,45.02431118314424,0.0,11.382527565733673,56.40683874887792,1.75,0.0,0.0,exploratory_S4_excluded_operation_not_reverified,7,1,0,5,1,zero_in_source_candidate_set_not_verified_no_facilities,False,validation_only_not_scored,facility_accessibility_v0_S4_excluded_OSM_entrance_proxy,False,False,included_source_model_counts_zero_is_not_verified_absence,True,contains_assumed_connectors,42.305129061658434
3130111,"동원전통종합시장(동원시장, 동원전통시장 상점가)",전통시장,0.0907801376975038,428,True,,90.0763358778626,0.0,19.108589951377635,6.481947942905122,12.010178117048348,37.6007160113311,0.5,0.25,0.0,exploratory_S4_excluded_operation_not_reverified,7,0,0,6,1,zero_in_source_candidate_set_not_verified_no_facilities,False,validation_only_not_scored,facility_accessibility_v0_S4_excluded_OSM_entrance_proxy,False,False,included_source_model_counts_zero_is_not_verified_absence,True,contains_assumed_connectors,28.200537008498326
3130112,사가정시장,전통시장,0.0590683087295724,292,True,,85.36895674300254,0.0,32.82009724473257,0.0,11.382527565733673,44.20262481046625,1.0,0.0,0.0,exploratory_S4_excluded_operation_not_reverified,8,0,0,8,0,zero_in_source_candidate_set_not_verified_no_facilities,False,validation_only_not_scored,facility_accessibility_v0_S4_excluded_OSM_entrance_proxy,False,False,included_source_model_counts_zero_is_not_verified_absence,True,contains_assumed_connectors,33.15196860784968
3130113,신아타운,전통시장,0.0058122944742325,183,True,,28.37150127226463,1.0,26.20745542949757,0.0,3.7828668363019506,29.99032226579952,0.75,0.0,0.0,exploratory_S4_excluded_operation_not_reverified,4,0,0,4,0,zero_in_source_candidate_set_not_verified_no_facilities,False,validation_only_not_scored,facility_accessibility_v0_S4_excluded_OSM_entrance_proxy,False,False,included_source_model_counts_zero_is_not_verified_absence,True,contains_assumed_connectors,22.49274169934964
3130114,유영시장,전통시장,0.0057799636891919,6,True,,35.68702290076336,0.0,7.487844408427876,0.0,4.758269720101781,12.246114128529658,0.25,0.0,0.0,exploratory_S4_excluded_operation_not_reverified,3,0,0,3,0,zero_in_source_candidate_set_not_verified_no_facilities,False,validation_only_not_scored,facility_accessibility_v0_S4_excluded_OSM_entrance_proxy,False,False,included_source_model_counts_zero_is_not_verified_absence,True,contains_assumed_connectors,9.184585596397245
3130115,우림골목시장,전통시장,0.0782492085160699,323,True,,50.63613231552163,2.0,19.108589951377635,0.0,6.751484308736217,25.86007426011385,0.5,0.0,0.0,exploratory_S4_excluded_operation_not_reverified,9,0,0,8,1,zero_in_source_candidate_set_not_verified_no_facilities,False,validation_only_not_scored,facility_accessibility_v0_S4_excluded_OSM_entrance_proxy,False,False,included_source_model_counts_zero_is_not_verified_absence,True,contains_assumed_connectors,19.39505569508539
3130116,동성타워프라자,전통시장,0.0041044615651282,51,True,,30.216284987277355,0.0,7.487844408427876,0.0,4.028837998303647,11.516682406731523,0.25,0.0,0.0,exploratory_S4_excluded_operation_not_reverified,4,0,0,4,0,zero_in_source_candidate_set_not_verified_no_facilities,False,validation_only_not_scored,facility_accessibility_v0_S4_excluded_OSM_entrance_proxy,False,False,included_source_model_counts_zero_is_not_verified_absence,True,contains_assumed_connectors,8.637511805048643
3130120,돈암시장(돈암제일시장),전통시장,0.0203162831648891,177,True,,45.16539440203562,0.0,51.58833063209076,0.0,6.022052586938083,57.61038321902884,2.75,0.0,0.0,exploratory_S4_excluded_operation_not_reverified,16,1,0,12,3,zero_in_source_candidate_set_not_verified_no_facilities,False,validation_only_not_scored,facility_accessibility_v0_S4_excluded_OSM_entrance_proxy,False,False,included_source_model_counts_zero_is_not_verified_absence,True,contains_assumed_connectors,43.20778741427163
3130121,길음시장,전통시장,0.0079401345271212,70,True,,37.849872773536894,0.0,0.0,6.481947942905122,5.046649703138253,11.528597646043375,0.0,0.25,0.0,exploratory_S4_excluded_operation_not_reverified,6,0,0,3,3,zero_in_source_candidate_set_not_verified_no_facilities,False,validation_only_not_scored,facility_accessibility_v0_S4_excluded_OSM_entrance_proxy,False,False,included_source_model_counts_zero_is_not_verified_absence,True,contains_assumed_connectors,8.646448234532532
3130122,밤나무골시장,전통시장,0.0067456631266148,19,True,,20.165394402035624,0.0,19.108589951377635,0.0,2.68871925360475,21.797309204982383,0.5,0.0,0.0,exploratory_S4_excluded_operation_not_reverified,10,0,0,6,4,zero_in_source_candidate_set_not_verified_no_facilities,False,validation_only_not_scored,facility_accessibility_v0_S4_excluded_OSM_entrance_proxy,False,False,included_source_model_counts_zero_is_not_verified_absence,True,contains_assumed_connectors,16.347981903736788
3130123,꿈의숲 장곡 골목형상점가,전통시장,0.0127519972195152,50,True,,30.216284987277355,0.0,19.108589951377635,6.481947942905122,4.028837998303647,29.619375892586405,0.5,0.25,0.0,exploratory_S4_excluded_operation_not_reverified,4,0,0,4,0,zero_in_source_candidate_set_not_verified_no_facilities,False,validation_only_not_scored,facility_accessibility_v0_S4_excluded_OSM_entrance_proxy,False,False,included_source_model_counts_zero_is_not_verified_absence,True,contains_assumed_connectors,22.214531919439803
3130124,번동시장,전통시장,0.0074200050261158,3,True,,30.216284987277355,0.0,0.0,0.0,4.028837998303647,,0.0,0.0,0.0,insufficient_no_included_source_facility,5,0,0,4,1,zero_in_source_candidate_set_not_verified_no_facilities,False,validation_only_not_scored,facility_accessibility_v0_S4_excluded_OSM_entrance_proxy,False,False,included_source_model_counts_zero_is_not_verified_absence,False,contains_assumed_connectors,3.0216284987277353
3130125,장위전통시장,전통시장,0.0588437102782146,92,True,,61.895674300254456,0.0,0.0,0.0,8.252756573367261,,0.0,0.0,0.0,insufficient_no_included_source_facility,4,0,0,2,2,zero_in_source_candidate_set_not_verified_no_facilities,False,validation_only_not_scored,facility_accessibility_v0_S4_excluded_OSM_entrance_proxy,False,False,included_source_model_counts_zero_is_not_verified_absence,False,contains_assumed_connectors,6.189567430025446
3130126,새석관시장,전통시장,0.0073211567894353,22,True,,61.32315521628499,0.0,0.0,0.0,8.176420695504666,,0.0,0.0,0.0,insufficient_no_included_source_facility,3,0,0,2,1,zero_in_source_candidate_set_not_verified_no_facilities,False,validation_only_not_scored,facility_accessibility_v0_S4_excluded_OSM_entrance_proxy,False,False,included_source_model_counts_zero_is_not_verified_absence,False,contains_assumed_connectors,6.132315521628499
3130127,석관시장,전통시장,0.0078727163766235,13,True,,75.12722646310432,0.0,26.20745542949757,0.0,10.016963528413909,36.22441895791148,0.75,0.0,0.0,exploratory_S4_excluded_operation_not_reverified,4,0,0,4,0,zero_in_source_candidate_set_not_verified_no_facilities,False,validation_only_not_scored,facility_accessibility_v0_S4_excluded_OSM_entrance_proxy,False,False,included_source_model_counts_zero_is_not_verified_absence,True,contains_assumed_connectors,27.16831421843361
3130128,돌곶이시장(석관황금시장),전통시장,0.0481382816014447,97,True,,79.26208651399492,0.0,26.20745542949757,0.0,10.568278201865988,36.77573363136356,0.75,0.0,0.0,exploratory_S4_excluded_operation_not_reverified,7,0,0,6,1,zero_in_source_candidate_set_not_verified_no_facilities,False,validation_only_not_scored,facility_accessibility_v0_S4_excluded_OSM_entrance_proxy,False,False,included_source_model_counts_zero_is_not_verified_absence,True,contains_assumed_connectors,27.58180022352267
3130132,삼양골목시장(삼양시장),전통시장,0.047528365125527,120,True,,18.63867684478372,2.0,32.82009724473257,6.481947942905122,2.4851569126378292,41.78720210027552,1.0,0.25,0.0,exploratory_S4_excluded_operation_not_reverified,14,1,0,12,1,zero_in_source_candidate_set_not_verified_no_facilities,False,validation_only_not_scored,facility_accessibility_v0_S4_excluded_OSM_entrance_proxy,False,False,included_source_model_counts_zero_is_not_verified_absence,True,contains_assumed_connectors,31.34040157520664
3130135,수유중앙골목시장(수유중앙시장),전통시장,0.030735001585916,103,True,,25.06361323155216,1.0,7.487844408427876,0.0,3.341815097540288,10.829659505968165,0.25,0.0,0.0,exploratory_S4_excluded_operation_not_reverified,9,0,0,9,0,zero_in_source_candidate_set_not_verified_no_facilities,False,validation_only_not_scored,facility_accessibility_v0_S4_excluded_OSM_entrance_proxy,False,False,included_source_model_counts_zero_is_not_verified_absence,True,contains_assumed_connectors,8.122244629476123
3130136,수유재래시장,전통시장,0.0109521894823413,29,True,,3.498727735368957,0.0,19.108589951377635,6.481947942905122,0.46649703138252757,26.057034925665285,0.5,0.25,0.0,exploratory_S4_excluded_operation_not_reverified,7,0,0,7,0,zero_in_source_candidate_set_not_verified_no_facilities,False,validation_only_not_scored,facility_accessibility_v0_S4_excluded_OSM_entrance_proxy,False,False,included_source_model_counts_zero_is_not_verified_absence,True,contains_assumed_connectors,19.542776194248965
3130137,"수유전통시장(수유시장, 수유골목시장)",전통시장,0.036994570784425,270,True,,17.748091603053435,0.0,19.108589951377635,0.0,2.366412213740458,21.47500216511809,0.5,0.0,0.0,exploratory_S4_excluded_operation_not_reverified,11,0,0,10,1,zero_in_source_candidate_set_not_verified_no_facilities,False,validation_only_not_scored,facility_accessibility_v0_S4_excluded_OSM_entrance_proxy,False,False,included_source_model_counts_zero_is_not_verified_absence,True,contains_assumed_connectors,16.106251623838567
3130138,수유프라자,전통시장,0.0020636943758129,33,True,,2.417302798982188,0.0,0.0,0.0,0.3223070398642917,,0.0,0.0,0.0,insufficient_no_included_source_facility,8,0,0,7,1,zero_in_source_candidate_set_not_verified_no_facilities,False,validation_only_not_scored,facility_accessibility_v0_S4_excluded_OSM_entrance_proxy,False,False,included_source_model_counts_zero_is_not_verified_absence,False,contains_assumed_connectors,0.24173027989821877
3130139,강북종합전통시장(강북종합골목시장),전통시장,0.0748439337503617,311,True,,25.06361323155216,1.0,19.108589951377635,0.0,3.341815097540288,22.450405048917922,0.5,0.0,0.0,exploratory_S4_excluded_operation_not_reverified,11,0,0,7,4,zero_in_source_candidate_set_not_verified_no_facilities,False,validation_only_not_scored,facility_accessibility_v0_S4_excluded_OSM_entrance_proxy,False,False,included_source_model_counts_zero_is_not_verified_absence,True,contains_assumed_connectors,16.83780378668844
3130140,숭인시장,전통시장,0.0324254440040522,126,True,,33.20610687022901,2.0,26.20745542949757,0.0,4.427480916030534,30.634936345528104,0.75,0.0,0.0,exploratory_S4_excluded_operation_not_reverified,13,0,1,10,2,zero_in_source_candidate_set_not_verified_no_facilities,False,validation_only_not_scored,facility_accessibility_v0_S4_excluded_OSM_entrance_proxy,False,False,included_source_model_counts_zero_is_not_verified_absence,True,contains_assumed_connectors,22.976202259146078
3130141,강북북부골목시장,전통시장,0.0302707772904155,68,True,,27.48091603053436,0.0,7.487844408427876,0.0,3.6641221374045814,11.151966545832458,0.25,0.0,0.0,exploratory_S4_excluded_operation_not_reverified,7,0,0,6,1,zero_in_source_candidate_set_not_verified_no_facilities,False,validation_only_not_scored,facility_accessibility_v0_S4_excluded_OSM_entrance_proxy,False,False,included_source_model_counts_zero_is_not_verified_absence,True,contains_assumed_connectors,8.363974909374344
3130142,강북북부시장,전통시장,0.0042054829987037,22,True,,20.928753180661577,0.0,0.0,0.0,2.79050042408821,,0.0,0.0,0.0,insufficient_no_included_source_facility,6,0,0,5,1,zero_in_source_candidate_set_not_verified_no_facilities,False,validation_only_not_scored,facility_accessibility_v0_S4_excluded_OSM_entrance_proxy,False,False,included_source_model_counts_zero_is_not_verified_absence,False,contains_assumed_connectors,2.0928753180661577
3130143,방천골목시장,전통시장,0.0202269668520313,69,True,,34.478371501272264,0.0,32.82009724473257,0.0,4.597116200169635,37.41721344490221,1.0,0.0,0.0,exploratory_S4_excluded_operation_not_reverified,11,0,1,10,0,zero_in_source_candidate_set_not_verified_no_facilities,False,validation_only_not_scored,facility_accessibility_v0_S4_excluded_OSM_entrance_proxy,False,False,included_source_model_counts_zero_is_not_verified_absence,True,contains_assumed_connectors,28.062910083676655
3130145,쌍문역둘리상점가,전통시장,0.0323957816533591,96,True,,28.37150127226463,0.0,19.108589951377635,0.0,3.7828668363019506,22.891456787679587,0.5,0.0,0.0,exploratory_S4_excluded_operation_not_reverified,10,0,0,9,1,zero_in_source_candidate_set_not_verified_no_facilities,False,validation_only_not_scored,facility_accessibility_v0_S4_excluded_OSM_entrance_proxy,False,False,included_source_model_counts_zero_is_not_verified_absence,True,contains_assumed_connectors,17.16859259075969
3130146,쌍문시장(쌍문역골목시장),전통시장,0.1089117449194538,338,True,,28.37150127226463,1.0,45.02431118314424,0.0,3.7828668363019506,48.80717801944619,1.75,0.0,0.0,exploratory_S4_excluded_operation_not_reverified,13,1,0,10,2,zero_in_source_candidate_set_not_verified_no_facilities,False,validation_only_not_scored,facility_accessibility_v0_S4_excluded_OSM_entrance_proxy,False,False,included_source_model_counts_zero_is_not_verified_absence,True,contains_assumed_connectors,36.605383514584645
3130147,쌍문역동측상점가,전통시장,0.0338310624102905,158,True,,28.37150127226463,0.0,19.108589951377635,0.0,3.7828668363019506,22.891456787679587,0.5,0.0,0.0,exploratory_S4_excluded_operation_not_reverified,10,0,0,9,1,zero_in_source_candidate_set_not_verified_no_facilities,False,validation_only_not_scored,facility_accessibility_v0_S4_excluded_OSM_entrance_proxy,False,False,included_source_model_counts_zero_is_not_verified_absence,True,contains_assumed_connectors,17.16859259075969
3130148,방학동도깨비시장,전통시장,0.0425135865228783,174,True,,10.623409669211195,0.0,38.703403565640194,0.0,1.4164546225614927,40.11985818820169,1.25,0.0,0.0,exploratory_S4_excluded_operation_not_reverified,13,0,1,11,1,zero_in_source_candidate_set_not_verified_no_facilities,False,validation_only_not_scored,facility_accessibility_v0_S4_excluded_OSM_entrance_proxy,False,False,included_source_model_counts_zero_is_not_verified_absence,True,contains_assumed_connectors,30.089893641151267
3130151,신도봉시장,전통시장,0.0084789937625145,29,True,,33.651399491094146,0.0,0.0,0.0,4.486853265479219,,0.0,0.0,0.0,insufficient_no_included_source_facility,8,0,0,6,2,zero_in_source_candidate_set_not_verified_no_facilities,False,validation_only_not_scored,facility_accessibility_v0_S4_excluded_OSM_entrance_proxy,False,False,included_source_model_counts_zero_is_not_verified_absence,False,contains_assumed_connectors,3.3651399491094143
3130152,오!도봉거리 상점가,전통시장,0.024415596242598,55,True,,20.737913486005088,0.0,0.0,0.0,2.765055131467345,,0.0,0.0,0.0,insufficient_no_included_source_facility,7,0,0,4,3,zero_in_source_candidate_set_not_verified_no_facilities,False,validation_only_not_scored,facility_accessibility_v0_S4_excluded_OSM_entrance_proxy,False,False,included_source_model_counts_zero_is_not_verified_absence,False,contains_assumed_connectors,2.0737913486005084
3130153,창동역상점가,전통시장,0.0336021646911002,233,True,,39.82188295165394,2.0,32.82009724473257,0.0,5.309584393553859,38.12968163828643,1.0,0.0,0.0,exploratory_S4_excluded_operation_not_reverified,13,0,0,8,5,zero_in_source_candidate_set_not_verified_no_facilities,False,validation_only_not_scored,facility_accessibility_v0_S4_excluded_OSM_entrance_proxy,False,False,included_source_model_counts_zero_is_not_verified_absence,True,contains_assumed_connectors,28.59726122871482
3130154,상계주공1단지(가)상가,전통시장,0.0067532905086906,54,True,,41.66666666666667,1.0,0.0,0.0,5.555555555555556,,0.0,0.0,0.0,insufficient_no_included_source_facility,6,0,0,0,6,zero_in_source_candidate_set_not_verified_no_facilities,False,validation_only_not_scored,facility_accessibility_v0_S4_excluded_OSM_entrance_proxy,False,False,included_source_model_counts_zero_is_not_verified_absence,False,contains_unresolved_connections,4.166666666666667
3130155,시영B상가(중계 그린아파트 B 상가),전통시장,0.0085098907989308,73,True,,56.80661577608143,1.0,38.703403565640194,6.481947942905122,7.574215436810857,52.75956694535618,1.25,0.25,0.25,exploratory_S4_excluded_operation_not_reverified,8,1,1,4,2,zero_in_source_candidate_set_not_verified_no_facilities,False,validation_only_not_scored,facility_accessibility_v0_S4_excluded_OSM_entrance_proxy,False,False,included_source_model_counts_zero_is_not_verified_absence,True,contains_assumed_connectors,39.569675209017134
3130156,시영2단지 무지개종합상가(중계 무지개2단지아파트상가),전통시장,0.0157522024570448,46,True,,56.80661577608143,1.0,38.703403565640194,21.09151973131822,7.574215436810857,67.36913873376928,1.25,1.0,1.0,exploratory_S4_excluded_operation_not_reverified,9,2,0,5,2,zero_in_source_candidate_set_not_verified_no_facilities,False,validation_only_not_scored,facility_accessibility_v0_S4_excluded_OSM_entrance_proxy,False,False,included_source_model_counts_zero_is_not_verified_absence,True,contains_assumed_connectors,50.52685405032696
3130157,상계중앙시장,전통시장,0.0524224874815248,203,True,,21.692111959287537,0.0,32.82009724473257,15.34844668345928,2.8922815945716716,51.06082552276352,1.0,0.5,0.0,exploratory_S4_excluded_operation_not_reverified,22,0,1,16,5,zero_in_source_candidate_set_not_verified_no_facilities,False,validation_only_not_scored,facility_accessibility_v0_S4_excluded_OSM_entrance_proxy,False,False,included_source_model_counts_zero_is_not_verified_absence,True,contains_assumed_connectors,38.29561914207264
3130158,상계역전종합상가,전통시장,0.0119313443774572,29,True,,21.692111959287537,0.0,42.49594813614263,0.0,2.8922815945716716,45.3882297307143,1.5,0.0,0.0,exploratory_S4_excluded_operation_not_reverified,15,0,0,12,3,zero_in_source_candidate_set_not_verified_no_facilities,False,validation_only_not_scored,facility_accessibility_v0_S4_excluded_OSM_entrance_proxy,False,False,included_source_model_counts_zero_is_not_verified_absence,True,contains_assumed_connectors,34.041172298035725
3130159,공릉동 도깨비시장,전통시장,0.0576753461820069,229,True,,95.61068702290076,0.0,38.703403565640194,15.34844668345928,12.748091603053435,66.79994185215291,1.25,0.5,0.0,exploratory_S4_excluded_operation_not_reverified,22,0,1,19,2,zero_in_source_candidate_set_not_verified_no_facilities,False,validation_only_not_scored,facility_accessibility_v0_S4_excluded_OSM_entrance_proxy,False,False,included_source_model_counts_zero_is_not_verified_absence,True,contains_assumed_connectors,50.09995638911468
3130175,신촌 상인회(신촌상점가),전통시장,0.0061427347636718,42,True,,6.806615776081425,0.0,38.703403565640194,15.34844668345928,0.90754877014419,54.95939901924366,1.25,0.5,0.5,exploratory_S4_excluded_operation_not_reverified,26,1,0,24,1,zero_in_source_candidate_set_not_verified_no_facilities,False,validation_only_not_scored,facility_accessibility_v0_S4_excluded_OSM_entrance_proxy,False,False,included_source_model_counts_zero_is_not_verified_absence,True,contains_assumed_connectors,41.21954926443274
3130176,유진상가,전통시장,0.0185173318823154,68,True,,9.223918575063614,0.0,26.20745542949757,6.481947942905122,1.2298558100084818,33.919259182411174,0.75,0.25,0.0,exploratory_S4_excluded_operation_not_reverified,12,0,0,10,2,zero_in_source_candidate_set_not_verified_no_facilities,False,validation_only_not_scored,facility_accessibility_v0_S4_excluded_OSM_entrance_proxy,False,False,included_source_model_counts_zero_is_not_verified_absence,True,contains_assumed_connectors,25.439444386808383
3130177,인왕시장(홍제골목형상점가),전통시장,0.022759028004566,195,True,,9.223918575063614,1.0,32.82009724473257,6.481947942905122,1.2298558100084818,40.531900997646176,1.0,0.25,0.0,exploratory_S4_excluded_operation_not_reverified,14,0,0,13,1,zero_in_source_candidate_set_not_verified_no_facilities,False,validation_only_not_scored,facility_accessibility_v0_S4_excluded_OSM_entrance_proxy,False,False,included_source_model_counts_zero_is_not_verified_absence,True,contains_assumed_connectors,30.398925748234632
3130178,이대 앞 스타트업 상점가,전통시장,0.0075204086883309,111,True,,10.623409669211195,3.0,49.93517017828201,0.0,1.4164546225614927,51.3516248008435,2.5,0.0,0.0,exploratory_S4_excluded_operation_not_reverified,23,1,0,20,2,zero_in_source_candidate_set_not_verified_no_facilities,False,validation_only_not_scored,facility_accessibility_v0_S4_excluded_OSM_entrance_proxy,False,False,included_source_model_counts_zero_is_not_verified_absence,True,contains_assumed_connectors,38.51371860063263
3130179,"이화여대 3,5,7길 상점가",전통시장,0.0555963509411456,445,True,,10.623409669211195,8.0,58.88168557536466,6.481947942905122,1.4164546225614927,66.78008814083127,6.25,0.25,0.0,exploratory_S4_excluded_operation_not_reverified,26,7,0,17,2,zero_in_source_candidate_set_not_verified_no_facilities,False,validation_only_not_scored,facility_accessibility_v0_S4_excluded_OSM_entrance_proxy,False,False,included_source_model_counts_zero_is_not_verified_absence,True,contains_assumed_connectors,50.085066105623454
3130181,아현가구거리상점가,전통시장,0.0457819674925887,114,True,,37.21374045801527,0.0,0.0,6.481947942905122,4.961832061068703,11.443780003973824,0.0,0.25,0.0,exploratory_S4_excluded_operation_not_reverified,7,0,0,6,1,zero_in_source_candidate_set_not_verified_no_facilities,False,validation_only_not_scored,facility_accessibility_v0_S4_excluded_OSM_entrance_proxy,False,False,included_source_model_counts_zero_is_not_verified_absence,True,contains_assumed_connectors,8.582835002980367
3130182,영천시장,전통시장,0.0417719588773036,156,True,,36.704834605597966,0.0,19.108589951377635,21.09151973131822,4.893977947413062,45.094087630108916,0.5,1.0,0.0,exploratory_S4_excluded_operation_not_reverified,12,1,0,6,5,zero_in_source_candidate_set_not_verified_no_facilities,False,validation_only_not_scored,facility_accessibility_v0_S4_excluded_OSM_entrance_proxy,False,False,included_source_model_counts_zero_is_not_verified_absence,True,contains_assumed_connectors,33.82056572258169
3130194,용강동 상점가,전통시장,0.0541575342795334,167,True,,7.124681933842239,1.0,7.487844408427876,6.481947942905122,0.9499575911789652,14.919749942511963,0.25,0.25,0.0,exploratory_S4_excluded_operation_not_reverified,11,0,0,8,3,zero_in_source_candidate_set_not_verified_no_facilities,False,validation_only_not_scored,facility_accessibility_v0_S4_excluded_OSM_entrance_proxy,False,False,included_source_model_counts_zero_is_not_verified_absence,True,contains_assumed_connectors,11.189812456883972
3130195,도화동 상점가,전통시장,0.101804146504786,552,True,,16.603053435114504,1.0,38.703403565640194,6.481947942905122,2.213740458015267,47.39909196656058,1.25,0.25,0.0,exploratory_S4_excluded_operation_not_reverified,17,1,0,11,5,zero_in_source_candidate_set_not_verified_no_facilities,False,validation_only_not_scored,facility_accessibility_v0_S4_excluded_OSM_entrance_proxy,False,False,included_source_model_counts_zero_is_not_verified_absence,True,contains_assumed_connectors,35.54931897492044
3130196,공덕시장,전통시장,0.007420166239188,95,True,,16.603053435114504,0.0,0.0,0.0,2.213740458015267,,0.0,0.0,0.0,insufficient_no_included_source_facility,10,0,0,7,3,zero_in_source_candidate_set_not_verified_no_facilities,False,validation_only_not_scored,facility_accessibility_v0_S4_excluded_OSM_entrance_proxy,False,False,included_source_model_counts_zero_is_not_verified_absence,False,contains_assumed_connectors,1.6603053435114503
3130197,마포시장,전통시장,0.0096939933720299,86,True,,16.603053435114504,0.0,0.0,6.481947942905122,2.213740458015267,8.695688400920389,0.0,0.25,0.0,exploratory_S4_excluded_operation_not_reverified,11,0,0,7,4,zero_in_source_candidate_set_not_verified_no_facilities,False,validation_only_not_scored,facility_accessibility_v0_S4_excluded_OSM_entrance_proxy,False,False,included_source_model_counts_zero_is_not_verified_absence,True,contains_assumed_connectors,6.521766300690292
3130198,아현시장,전통시장,0.0276503594079518,169,True,,22.83715012722646,1.0,0.0,6.481947942905122,3.0449533502968613,9.526901293201984,0.0,0.25,0.0,exploratory_S4_excluded_operation_not_reverified,9,0,0,7,2,zero_in_source_candidate_set_not_verified_no_facilities,False,validation_only_not_scored,facility_accessibility_v0_S4_excluded_OSM_entrance_proxy,False,False,included_source_model_counts_zero_is_not_verified_absence,True,contains_assumed_connectors,7.145175969901488
3130302,강남시장(강남구 강남시장),전통시장,0.0039579556025951,45,True,,15.712468193384224,0.0,0.0,0.0,2.0949957591178965,,0.0,0.0,0.0,insufficient_no_included_source_facility,7,0,0,6,1,zero_in_source_candidate_set_not_verified_no_facilities,False,validation_only_not_scored,facility_accessibility_v0_S4_excluded_OSM_entrance_proxy,False,False,included_source_model_counts_zero_is_not_verified_absence,False,contains_assumed_connectors,1.5712468193384224
3130303,영동전통시장,전통시장,0.0390679007263592,229,True,,17.748091603053435,0.0,7.487844408427876,0.0,2.366412213740458,9.854256622168334,0.25,0.0,0.0,exploratory_S4_excluded_operation_not_reverified,10,0,0,9,1,zero_in_source_candidate_set_not_verified_no_facilities,False,validation_only_not_scored,facility_accessibility_v0_S4_excluded_OSM_entrance_proxy,False,False,included_source_model_counts_zero_is_not_verified_absence,True,contains_assumed_connectors,7.39069246662625
3130311,새마을시장,전통시장,0.0793144184612367,410,True,,17.36641221374046,5.0,59.124797406807126,0.0,2.315521628498728,61.440319035305855,6.5,0.0,0.0,exploratory_S4_excluded_operation_not_reverified,24,5,0,15,4,zero_in_source_candidate_set_not_verified_no_facilities,False,validation_only_not_scored,facility_accessibility_v0_S4_excluded_OSM_entrance_proxy,False,False,included_source_model_counts_zero_is_not_verified_absence,True,contains_assumed_connectors,46.08023927647939
3130313,방이시장,전통시장,0.1435333303719193,418,True,,7.697201017811704,1.0,32.82009724473257,0.0,1.0262934690415606,33.846390713774134,1.0,0.0,0.0,exploratory_S4_excluded_operation_not_reverified,14,0,0,12,2,zero_in_source_candidate_set_not_verified_no_facilities,False,validation_only_not_scored,facility_accessibility_v0_S4_excluded_OSM_entrance_proxy,False,False,included_source_model_counts_zero_is_not_verified_absence,True,contains_assumed_connectors,25.384793035330603
3130314,풍납시장,전통시장,0.1207190686913481,201,True,,44.02035623409669,1.0,7.487844408427876,0.0,5.869380831212892,13.35722523964077,0.25,0.0,0.0,exploratory_S4_excluded_operation_not_reverified,12,0,0,9,3,zero_in_source_candidate_set_not_verified_no_facilities,False,validation_only_not_scored,facility_accessibility_v0_S4_excluded_OSM_entrance_proxy,False,False,included_source_model_counts_zero_is_not_verified_absence,True,contains_assumed_connectors,10.017918929730577
3130318,로데오거리상점가,전통시장,0.0565202028004,433,True,,44.02035623409669,0.0,19.108589951377635,0.0,5.869380831212892,24.977970782590525,0.5,0.0,0.0,exploratory_S4_excluded_operation_not_reverified,13,0,0,8,5,zero_in_source_candidate_set_not_verified_no_facilities,False,validation_only_not_scored,facility_accessibility_v0_S4_excluded_OSM_entrance_proxy,False,False,included_source_model_counts_zero_is_not_verified_absence,True,contains_assumed_connectors,18.733478086942895
3130319,성내전통시장,전통시장,0.0316259852956876,119,True,,38.8676844783715,0.0,32.82009724473257,0.0,5.182357930449533,38.00245517518211,1.0,0.0,0.0,exploratory_S4_excluded_operation_not_reverified,16,0,0,9,7,zero_in_source_candidate_set_not_verified_no_facilities,False,validation_only_not_scored,facility_accessibility_v0_S4_excluded_OSM_entrance_proxy,False,False,included_source_model_counts_zero_is_not_verified_absence,True,contains_assumed_connectors,28.50184138138658
3130320,암사종합시장,전통시장,0.0371718823855718,218,True,,12.786259541984732,0.0,42.49594813614263,0.0,1.7048346055979642,44.200782741740596,1.5,0.0,0.0,exploratory_S4_excluded_operation_not_reverified,11,0,0,9,2,zero_in_source_candidate_set_not_verified_no_facilities,False,validation_only_not_scored,facility_accessibility_v0_S4_excluded_OSM_entrance_proxy,False,False,included_source_model_counts_zero_is_not_verified_absence,True,contains_assumed_connectors,33.15058705630545
3130321,장신구 특화거리 상점가,전통시장,0.0384575342871928,89,True,,2.2900763358778624,0.0,7.487844408427876,0.0,0.30534351145038163,7.793187919878258,0.25,0.0,0.0,exploratory_S4_excluded_operation_not_reverified,14,0,0,10,4,zero_in_source_candidate_set_not_verified_no_facilities,False,validation_only_not_scored,facility_accessibility_v0_S4_excluded_OSM_entrance_proxy,False,False,included_source_model_counts_zero_is_not_verified_absence,True,contains_assumed_connectors,5.8448909399086935
3130323,둔촌역전통시장,전통시장,0.0365849434530917,170,True,,23.85496183206107,0.0,38.703403565640194,0.0,3.1806615776081424,41.884065143248336,1.25,0.0,0.0,exploratory_S4_excluded_operation_not_reverified,9,0,0,7,2,zero_in_source_candidate_set_not_verified_no_facilities,False,validation_only_not_scored,facility_accessibility_v0_S4_excluded_OSM_entrance_proxy,False,False,included_source_model_counts_zero_is_not_verified_absence,True,contains_assumed_connectors,31.41304885743625
3130324,길동복조리시장,전통시장,0.0294407285777592,135,True,,26.52671755725191,0.0,32.82009724473257,0.0,3.5368956743002546,36.35699291903283,1.0,0.0,0.0,exploratory_S4_excluded_operation_not_reverified,14,0,0,11,3,zero_in_source_candidate_set_not_verified_no_facilities,False,validation_only_not_scored,facility_accessibility_v0_S4_excluded_OSM_entrance_proxy,False,False,included_source_model_counts_zero_is_not_verified_absence,True,contains_assumed_connectors,27.267744689274622
3130325,명일전통시장,전통시장,0.02752560012558,103,True,,14.69465648854962,1.0,55.089141004862235,0.0,1.959287531806616,57.04842853666885,3.5,0.0,0.0,exploratory_S4_excluded_operation_not_reverified,18,1,0,16,1,zero_in_source_candidate_set_not_verified_no_facilities,False,validation_only_not_scored,facility_accessibility_v0_S4_excluded_OSM_entrance_proxy,False,False,included_source_model_counts_zero_is_not_verified_absence,True,contains_assumed_connectors,42.78632140250164
3130327,"평화시장(남평화시장, 제일평화시장, 신평화패션타운)",전통시장,0.0361856336225233,2576,True,,85.36895674300254,0.0,0.0,0.0,11.382527565733673,,0.0,0.0,0.0,insufficient_no_included_source_facility,8,0,0,7,1,zero_in_source_candidate_set_not_verified_no_facilities,False,validation_only_not_scored,facility_accessibility_v0_S4_excluded_OSM_entrance_proxy,False,False,included_source_model_counts_zero_is_not_verified_absence,False,contains_assumed_connectors,8.536895674300254
