{
"type": "FeatureCollection",
"name": "commercial_area_candidates_25pct",
"crs": { "type": "name", "properties": { "name": "urn:ogc:def:crs:OGC:1.3:CRS84" } },
"features": [
{ "type": "Feature", "properties": { "area_type_code": "A", "area_type_name": "골목상권", "area_code": "3110430", "area_name": "중계초등학교", "source_admin_code": "11350624", "source_admin_name": "중계4동", "minimum_period_ratio": 0.53293413173652693, "mean_period_ratio": 0.58383233532934131, "access_tier": "base_50pct_all_periods" }, "geometry": { "type": "Polygon", "coordinates": [ [ [ 127.074748384023209, 37.656607350083199 ], [ 127.074746621715079, 37.6566016200536 ], [ 127.074606606615347, 37.656634495423411 ], [ 127.074567497533408, 37.656648070920312 ], [ 127.07437677339783, 37.656714240512308 ], [ 127.074237627741766, 37.656762516280892 ], [ 127.073909614857598, 37.656876311747816 ], [ 127.073966686430836, 37.656970026748887 ], [ 127.074056671031613, 37.657253488570291 ], [ 127.07417199432021, 37.657616796507106 ], [ 127.074179883566501, 37.657642326271798 ], [ 127.074348605655928, 37.658187923985658 ], [ 127.074367241197848, 37.65821603187824 ], [ 127.074423116067891, 37.658300247439769 ], [ 127.074451266829627, 37.658277318611965 ], [ 127.074580447553174, 37.65817320966007 ], [ 127.074692974077067, 37.658082522224767 ], [ 127.07496530503191, 37.657890148440536 ], [ 127.075039262683063, 37.657787057032444 ], [ 127.075074632596184, 37.657775891184642 ], [ 127.074990577881593, 37.657522255202643 ], [ 127.074940030895604, 37.657331315214599 ], [ 127.074878580359183, 37.657099182921492 ], [ 127.07486661403739, 37.657053961225621 ], [ 127.074818214316764, 37.6568711394562 ], [ 127.074788272043435, 37.65675803745853 ], [ 127.074748384023209, 37.656607350083199 ] ] ] } },
{ "type": "Feature", "properties": { "area_type_code": "R", "area_type_name": "전통시장", "area_code": "3130158", "area_name": "상계역전종합상가", "source_admin_code": "11350670", "source_admin_name": "상계5동", "minimum_period_ratio": 0.53293413173652693, "mean_period_ratio": 0.58383233532934131, "access_tier": "base_50pct_all_periods" }, "geometry": { "type": "Polygon", "coordinates": [ [ [ 127.07414219800124, 37.661826419707737 ], [ 127.074205056346756, 37.661710977106431 ], [ 127.074203525051828, 37.661709691468573 ], [ 127.073394086694051, 37.660985348557062 ], [ 127.072891778738352, 37.660535836079703 ], [ 127.072700394011292, 37.660308214022869 ], [ 127.072694592677848, 37.660302554930013 ], [ 127.072519766966437, 37.660132034677339 ], [ 127.072410568468499, 37.659960862126475 ], [ 127.072410307411729, 37.65996045684507 ], [ 127.072404746074952, 37.659953305564976 ], [ 127.072257113402529, 37.66012414739253 ], [ 127.072016216554957, 37.660338321044804 ], [ 127.072315090885525, 37.660618583070971 ], [ 127.072749851415011, 37.661026266571646 ], [ 127.072998117496894, 37.661259069113179 ], [ 127.073379743816673, 37.661616917409042 ], [ 127.073535939446771, 37.661763380047127 ], [ 127.073586609878291, 37.661734363883269 ], [ 127.073970592350818, 37.662141651907838 ], [ 127.07414219800124, 37.661826419707737 ] ] ] } },
{ "type": "Feature", "properties": { "area_type_code": "R", "area_type_name": "전통시장", "area_code": "3130157", "area_name": "상계중앙시장", "source_admin_code": "11350670", "source_admin_name": "상계5동", "minimum_period_ratio": 0.53293413173652693, "mean_period_ratio": 0.58383233532934131, "access_tier": "base_50pct_all_periods" }, "geometry": { "type": "MultiPolygon", "coordinates": [ [ [ [ 127.06826181008698, 37.659788068878235 ], [ 127.068282160934473, 37.659771876372773 ], [ 127.06842369237458, 37.659890031065217 ], [ 127.068631735698929, 37.659729115639323 ], [ 127.068124178105236, 37.659301999522022 ], [ 127.068321440821322, 37.659150162836966 ], [ 127.068379402490024, 37.659105549582954 ], [ 127.068484541383299, 37.659021564854399 ], [ 127.068295080527733, 37.658859857493532 ], [ 127.068272672692885, 37.65888315183053 ], [ 127.068144967401068, 37.658978266623187 ], [ 127.067769248150711, 37.659271475087188 ], [ 127.067740722476898, 37.659297313604299 ], [ 127.067730857582319, 37.659304157719198 ], [ 127.067677308491596, 37.659341298083405 ], [ 127.067176709160918, 37.659741367763594 ], [ 127.067197502293297, 37.659814525530422 ], [ 127.067239792787049, 37.659848099032061 ], [ 127.067245101314214, 37.659879592517427 ], [ 127.067297577967196, 37.659950659040504 ], [ 127.067376350824276, 37.659888470676755 ], [ 127.067765419260056, 37.659581304125865 ], [ 127.067881161699631, 37.659489916790825 ], [ 127.067914457099121, 37.659463635815577 ], [ 127.067951625111235, 37.659495922708452 ], [ 127.068104565331808, 37.659623603601801 ], [ 127.068078278916829, 37.659644313420237 ], [ 127.068060645905845, 37.659658198711007 ], [ 127.067900843317489, 37.659777956468382 ], [ 127.067721822518649, 37.659926366342624 ], [ 127.067699141713803, 37.659949138154133 ], [ 127.067741107829079, 37.659974620847585 ], [ 127.067879448880475, 37.660085723336373 ], [ 127.067880785426169, 37.660084875644678 ], [ 127.06823459632372, 37.65980970908047 ], [ 127.06826181008698, 37.659788068878235 ] ] ], [ [ [ 127.070029943833489, 37.660904913416758 ], [ 127.070216808383137, 37.660758864076328 ], [ 127.070401928163051, 37.660614177761722 ], [ 127.0705959123393, 37.660462564509473 ], [ 127.070634921948653, 37.660463134903509 ], [ 127.070652059206424, 37.660463388627917 ], [ 127.070973306549817, 37.660486551018778 ], [ 127.0708760379067, 37.65996699999657 ], [ 127.071109020497772, 37.659938049095103 ], [ 127.071163821242479, 37.659931241567563 ], [ 127.071094598196552, 37.659591335780192 ], [ 127.071039663289682, 37.659321499675301 ], [ 127.07098045684927, 37.658880903956479 ], [ 127.07097361189976, 37.658829914316172 ], [ 127.070972778646023, 37.658823670113733 ], [ 127.070970810035092, 37.658811693648133 ], [ 127.070994029127618, 37.658793873575895 ], [ 127.071044311779403, 37.65875384061863 ], [ 127.071115318803066, 37.658704078060182 ], [ 127.071116445681128, 37.6587032872199 ], [ 127.071117121807276, 37.658702811994942 ], [ 127.071129657912465, 37.658694027974065 ], [ 127.070884469657472, 37.658627065044556 ], [ 127.07045686348188, 37.658510243157473 ], [ 127.070433126140742, 37.658503761255027 ], [ 127.070400490156032, 37.658494869126976 ], [ 127.07023674401691, 37.658460367238916 ], [ 127.069877105628919, 37.658384597434562 ], [ 127.069608942702757, 37.658328099547688 ], [ 127.069434811799624, 37.658291161913198 ], [ 127.069301301096189, 37.658367010285254 ], [ 127.069249729693809, 37.658408781252767 ], [ 127.069283138508467, 37.658432413306343 ], [ 127.069805026349911, 37.658801511722864 ], [ 127.069607092518481, 37.658958620232873 ], [ 127.069545492239854, 37.659014930977641 ], [ 127.069414630171195, 37.659121371639074 ], [ 127.069270895519011, 37.659239891064864 ], [ 127.069832381082179, 37.659653591662618 ], [ 127.069877449968644, 37.659684262314748 ], [ 127.069876934708034, 37.659684686081292 ], [ 127.069875360611078, 37.659685976318286 ], [ 127.069835068275438, 37.659719040072275 ], [ 127.069566922317733, 37.659931176937725 ], [ 127.069562569059556, 37.65993462215522 ], [ 127.069388122394599, 37.660072632727648 ], [ 127.069382234601051, 37.660077291562118 ], [ 127.069243337249645, 37.660187172183363 ], [ 127.069242013341494, 37.660188189267579 ], [ 127.069202507831918, 37.660218508852537 ], [ 127.069201838516562, 37.660219023705586 ], [ 127.069013265303596, 37.660363734494105 ], [ 127.069004918628423, 37.6603701345432 ], [ 127.068998709016896, 37.660374894456488 ], [ 127.068912006508697, 37.660302775626846 ], [ 127.068910820141312, 37.660301789745255 ], [ 127.06881804420486, 37.660224624392484 ], [ 127.068717598365467, 37.660142780132396 ], [ 127.068714824183203, 37.660140523888934 ], [ 127.068711852651418, 37.660138102880751 ], [ 127.06849480886585, 37.659961270942702 ], [ 127.068100932700872, 37.660278289480949 ], [ 127.068054882227244, 37.660315353602755 ], [ 127.068048173349666, 37.660320755252897 ], [ 127.06804023118363, 37.66032714508966 ], [ 127.06796621153336, 37.660388038245095 ], [ 127.067960054271822, 37.660393110714111 ], [ 127.067957878785862, 37.660394899514586 ], [ 127.067890625538965, 37.660450211648623 ], [ 127.067773045087606, 37.660543492996581 ], [ 127.067772100574103, 37.660544242254772 ], [ 127.067774471442263, 37.660545431990016 ], [ 127.068026605698634, 37.660705230872459 ], [ 127.068028397320816, 37.660706284888406 ], [ 127.068244724959541, 37.660832560408821 ], [ 127.068258457364308, 37.660841038806581 ], [ 127.068397504093085, 37.660926887557302 ], [ 127.068572507414487, 37.661046130840958 ], [ 127.068619416814201, 37.661062879834155 ], [ 127.068806829421661, 37.660893244719738 ], [ 127.0688388113944, 37.660918302172568 ], [ 127.069320714292857, 37.661295795112608 ], [ 127.069405419552922, 37.66135739945188 ], [ 127.069434785618952, 37.661381856424654 ], [ 127.069435044210749, 37.661382060795177 ], [ 127.069610772148295, 37.661239082316953 ], [ 127.069756147355136, 37.661118898334315 ], [ 127.069813635663905, 37.661073969326701 ], [ 127.070029943833489, 37.660904913416758 ] ] ] ] } },
{ "type": "Feature", "properties": { "area_type_code": "D", "area_type_name": "발달상권", "area_code": "3120083", "area_name": "등나무근린공원", "source_admin_code": "11350625", "source_admin_name": "중계2·3동", "minimum_period_ratio": 0.91916167664670656, "mean_period_ratio": 0.9271457085828344, "access_tier": "core_80pct_all_periods" }, "geometry": { "type": "Polygon", "coordinates": [ [ [ 127.068815886903224, 37.640563883940047 ], [ 127.06881616962616, 37.640563306244118 ], [ 127.068823627971014, 37.640565385870595 ], [ 127.069346030635202, 37.639399618631352 ], [ 127.069340998763224, 37.639398190825204 ], [ 127.069325438491617, 37.63939377343187 ], [ 127.069239273384127, 37.639369317248402 ], [ 127.068463282560359, 37.639149416279366 ], [ 127.068418422157578, 37.639136703280343 ], [ 127.067156534659858, 37.638779092271669 ], [ 127.066981106290399, 37.638730132476169 ], [ 127.066958593697137, 37.638723850074449 ], [ 127.066783124788813, 37.638674878294218 ], [ 127.065491119448751, 37.638307659281857 ], [ 127.064702577690682, 37.638083527490792 ], [ 127.064596070184834, 37.638053365017818 ], [ 127.06459514746885, 37.638055444095066 ], [ 127.064551035579484, 37.638154691897121 ], [ 127.064501087175941, 37.638269233485438 ], [ 127.064392952184235, 37.638510432126203 ], [ 127.064166019781013, 37.63901661997626 ], [ 127.064068604103227, 37.63923391203911 ], [ 127.063983478992157, 37.639423785792118 ], [ 127.063769816174243, 37.639900356550477 ], [ 127.063520508907516, 37.640456422824172 ], [ 127.064359923138483, 37.640693258379066 ], [ 127.064422306848812, 37.640710860201168 ], [ 127.065700976518045, 37.641071624608429 ], [ 127.065911082635537, 37.64113088949609 ], [ 127.06607948802322, 37.641178879028381 ], [ 127.067321196276936, 37.641532541374531 ], [ 127.067387450725619, 37.641551411606812 ], [ 127.068107594319315, 37.641756520704163 ], [ 127.068278910169226, 37.641796119950023 ], [ 127.068513516605066, 37.641242048879064 ], [ 127.068815886903224, 37.640563883940047 ] ] ] } },
{ "type": "Feature", "properties": { "area_type_code": "A", "area_type_name": "골목상권", "area_code": "3110417", "area_name": "월계역 3번", "source_admin_code": "11350570", "source_admin_name": "월계2동", "minimum_period_ratio": 0.8413173652694611, "mean_period_ratio": 0.84730538922155685, "access_tier": "core_80pct_all_periods" }, "geometry": { "type": "Polygon", "coordinates": [ [ [ 127.05882886826754, 37.632821038147078 ], [ 127.058825814278151, 37.632745278486212 ], [ 127.058822763769754, 37.632669615228025 ], [ 127.05881364688922, 37.63244341199043 ], [ 127.05881362955347, 37.632442977723933 ], [ 127.058810030361286, 37.632353886443383 ], [ 127.058811421973289, 37.632219278476612 ], [ 127.05881157149534, 37.63220487704546 ], [ 127.058754079348574, 37.632203542496697 ], [ 127.058706462608754, 37.632203580614018 ], [ 127.058667098445596, 37.632201447738261 ], [ 127.058677476204807, 37.632593902058495 ], [ 127.058680106868124, 37.632761112885149 ], [ 127.058633292504723, 37.632741773074713 ], [ 127.058481993828892, 37.632577904804222 ], [ 127.058470291771684, 37.632564494025445 ], [ 127.058303192131092, 37.632373072195541 ], [ 127.058283610556316, 37.632350611285219 ], [ 127.058163362528759, 37.632212652217326 ], [ 127.058117508354684, 37.632160043727872 ], [ 127.058104388956465, 37.632144895608334 ], [ 127.057986277155308, 37.632008470582726 ], [ 127.058019215963284, 37.63198943728284 ], [ 127.058127029066711, 37.631927138712548 ], [ 127.058044866367069, 37.63182849057894 ], [ 127.058059172517687, 37.631811024236654 ], [ 127.058011878906598, 37.631757145119707 ], [ 127.057964587629584, 37.631703265982132 ], [ 127.057876700140298, 37.631616770334261 ], [ 127.057755395313421, 37.631501431502876 ], [ 127.057876313274107, 37.631433456837001 ], [ 127.058670400027083, 37.630987055895083 ], [ 127.058746437012445, 37.630951688599943 ], [ 127.058774522635716, 37.630722108789818 ], [ 127.058696103982783, 37.630763899517319 ], [ 127.058613425119162, 37.630807923150151 ], [ 127.058301865317546, 37.630986486247878 ], [ 127.058124840830743, 37.631089961725188 ], [ 127.057824491889932, 37.631265521352191 ], [ 127.057584293200449, 37.631407324264245 ], [ 127.057569789825919, 37.631415890707657 ], [ 127.05756952937449, 37.63141603589348 ], [ 127.057512286767277, 37.6314657324588 ], [ 127.057463005222473, 37.631508525369142 ], [ 127.057241032640164, 37.631726361005015 ], [ 127.05713549312847, 37.631863079998531 ], [ 127.05706659793897, 37.632053317753936 ], [ 127.057044879764348, 37.63211330688091 ], [ 127.057027973330904, 37.632169328439282 ], [ 127.057000378806251, 37.632233833434746 ], [ 127.056999394933541, 37.632236121512939 ], [ 127.057030345624611, 37.632296832998179 ], [ 127.057062418491142, 37.632359752248036 ], [ 127.057079339169022, 37.632383060674059 ], [ 127.057241496980382, 37.632606463519828 ], [ 127.0572449667157, 37.632610444193354 ], [ 127.057315198323138, 37.632691021290036 ], [ 127.057435975666465, 37.632825921206312 ], [ 127.057436519926398, 37.632826525502772 ], [ 127.057463211238684, 37.632854543973174 ], [ 127.057506792010813, 37.632900290109895 ], [ 127.05750729202046, 37.632900806131005 ], [ 127.057578051021139, 37.632974085727099 ], [ 127.057622275630607, 37.633014228276217 ], [ 127.057626572345299, 37.633019568121696 ], [ 127.057651351324566, 37.63305036071641 ], [ 127.057688010122391, 37.633110601619677 ], [ 127.057728264297509, 37.633249225600423 ], [ 127.057731953843387, 37.633259024716764 ], [ 127.057746280629729, 37.633297058219519 ], [ 127.057754313617338, 37.633312516101817 ], [ 127.057765204689431, 37.633333492923121 ], [ 127.057863733426089, 37.633452323386841 ], [ 127.057867577605961, 37.633456961577274 ], [ 127.057970766842899, 37.63359683398312 ], [ 127.058004660366137, 37.633640595312997 ], [ 127.058109593645966, 37.633776060916169 ], [ 127.058157337761173, 37.633826240306377 ], [ 127.058318667953003, 37.633995807238136 ], [ 127.058407446649056, 37.634089126143664 ], [ 127.058617202170751, 37.634305609118762 ], [ 127.058665114189523, 37.63436674419836 ], [ 127.058690799689458, 37.634399528195495 ], [ 127.058745387070942, 37.634521124151753 ], [ 127.058780298977197, 37.634517594722922 ], [ 127.058868789734916, 37.634508647967451 ], [ 127.058910950678296, 37.634504385084703 ], [ 127.059057641680766, 37.634475986571104 ], [ 127.059141997130354, 37.63436980102535 ], [ 127.059147679902978, 37.634362653362125 ], [ 127.059156742393654, 37.634327165308832 ], [ 127.059156822582281, 37.634326850824706 ], [ 127.058870695210757, 37.634199751364058 ], [ 127.058855562159621, 37.633719286768226 ], [ 127.058855550594515, 37.633718987646795 ], [ 127.05885502503078, 37.633701890807245 ], [ 127.058854979631846, 37.633700350144608 ], [ 127.058853762277991, 37.633659369424073 ], [ 127.058853462013843, 37.633649262317903 ], [ 127.058850060228863, 37.633534803709637 ], [ 127.058847864076228, 37.633460824879187 ], [ 127.05884743685094, 37.633446311115463 ], [ 127.058840401811793, 37.633209697784608 ], [ 127.058839599976494, 37.633182735288699 ], [ 127.058832615775813, 37.632947313925428 ], [ 127.058831760328886, 37.632918444068316 ], [ 127.058831677868866, 37.63291587720127 ], [ 127.058829456001405, 37.632840847826195 ], [ 127.05882886826754, 37.632821038147078 ] ] ] } },
{ "type": "Feature", "properties": { "area_type_code": "A", "area_type_name": "골목상권", "area_code": "3110416", "area_name": "노원초등학교", "source_admin_code": "11350630", "source_admin_name": "상계1동", "minimum_period_ratio": 0.38323353293413176, "mean_period_ratio": 0.45508982035928147, "access_tier": "exploration_25pct_all_periods" }, "geometry": { "type": "Polygon", "coordinates": [ [ [ 127.059349537551171, 37.674295332042156 ], [ 127.059370745068705, 37.674205944218507 ], [ 127.059405949558794, 37.674176465368518 ], [ 127.059413835108089, 37.674083496544718 ], [ 127.059407808282231, 37.674049584915274 ], [ 127.059407486641234, 37.673973162204931 ], [ 127.059377080235535, 37.673965339896668 ], [ 127.059359933198991, 37.673960930124849 ], [ 127.0593005679019, 37.673958066041699 ], [ 127.059183043691945, 37.673942717423529 ], [ 127.059146714941022, 37.673958142394568 ], [ 127.058980759020471, 37.673976520787974 ], [ 127.058952883120128, 37.673959200782228 ], [ 127.058912892451559, 37.673943814016596 ], [ 127.058889861236338, 37.67391782235218 ], [ 127.058786851925504, 37.673879355969483 ], [ 127.058744445029959, 37.67386301441163 ], [ 127.058685072624513, 37.673849556306358 ], [ 127.058615885100835, 37.673673378058155 ], [ 127.058607163825513, 37.673636006161367 ], [ 127.058277388594661, 37.673740832741615 ], [ 127.058261815772454, 37.67372289923199 ], [ 127.058220902831607, 37.673675786498038 ], [ 127.058204043446892, 37.673659256440615 ], [ 127.058190892406316, 37.673646362706158 ], [ 127.058163805219394, 37.673622557774685 ], [ 127.058129637694762, 37.673599751007963 ], [ 127.058072854353753, 37.673568546527591 ], [ 127.058021607609092, 37.673540786443553 ], [ 127.057956203655721, 37.673510715975361 ], [ 127.057870642875656, 37.673475544106005 ], [ 127.057842160473939, 37.673464866154276 ], [ 127.057844572582397, 37.673445845294836 ], [ 127.057846802166168, 37.673428250775288 ], [ 127.057876143576351, 37.673421172702049 ], [ 127.057865986912191, 37.673346342330269 ], [ 127.057846885688775, 37.673166418887043 ], [ 127.057836653093375, 37.673025804427652 ], [ 127.057850846531707, 37.67300915277098 ], [ 127.057846998345951, 37.672940656788029 ], [ 127.057743440540804, 37.672924783620147 ], [ 127.057752562826181, 37.672887902961804 ], [ 127.057752418404334, 37.67269716746025 ], [ 127.057789320419502, 37.672575084670562 ], [ 127.057805895506021, 37.672494421754926 ], [ 127.05784289648868, 37.672424145224355 ], [ 127.057859196768931, 37.672356097950797 ], [ 127.057893808803627, 37.672229692443445 ], [ 127.058057641743474, 37.672300439724999 ], [ 127.058261548541367, 37.672366258452776 ], [ 127.05851021281569, 37.672304310137129 ], [ 127.058587319179622, 37.672285099915896 ], [ 127.058556406529547, 37.672240778959619 ], [ 127.058496746831665, 37.672168658112703 ], [ 127.058462908518209, 37.672122644740227 ], [ 127.058445180217518, 37.672096230495526 ], [ 127.058406425135402, 37.6720231189747 ], [ 127.058358053818807, 37.671920003267807 ], [ 127.058282903216934, 37.671775642210868 ], [ 127.05827222458278, 37.671758309033393 ], [ 127.058226915639239, 37.671684773622637 ], [ 127.058238343191533, 37.671619046914586 ], [ 127.058235914749687, 37.671567647219 ], [ 127.05824695649045, 37.671569570764355 ], [ 127.058483363252819, 37.671610765504589 ], [ 127.058514082750634, 37.671480219024737 ], [ 127.058548403926082, 37.671504914966874 ], [ 127.058590983683132, 37.671621778827074 ], [ 127.058687215335169, 37.671679553161042 ], [ 127.058733843134576, 37.671638221832282 ], [ 127.058810736316389, 37.671565270830349 ], [ 127.058845340917117, 37.671532439888267 ], [ 127.059046284894194, 37.671326966531581 ], [ 127.059216076826445, 37.671158045904164 ], [ 127.058622941614843, 37.670812193851312 ], [ 127.058436800981355, 37.670975486107089 ], [ 127.058367847471686, 37.671012882081456 ], [ 127.058104819616872, 37.671210431044585 ], [ 127.058079167562155, 37.671197262344172 ], [ 127.058014757365129, 37.671164175827002 ], [ 127.057855848077679, 37.671082577358227 ], [ 127.057740196570933, 37.671023190985231 ], [ 127.057694754040924, 37.670999855319984 ], [ 127.0576114834424, 37.670957094074055 ], [ 127.057585626317021, 37.670943816347283 ], [ 127.057566656237825, 37.670937853012028 ], [ 127.057408416298969, 37.670888132079753 ], [ 127.057328811727004, 37.67086311905328 ], [ 127.057315832466628, 37.670859040318433 ], [ 127.057141448168935, 37.670804239938917 ], [ 127.056967095870391, 37.670749446493389 ], [ 127.056248234210742, 37.670523548238364 ], [ 127.056247032438122, 37.67052317039991 ], [ 127.05609772511211, 37.671194958939104 ], [ 127.056095150513627, 37.67120641431999 ], [ 127.055965112895251, 37.671711577069217 ], [ 127.055739432004998, 37.672564027827747 ], [ 127.055737339665299, 37.672571764627435 ], [ 127.055727359124575, 37.672609676258396 ], [ 127.055680447301839, 37.672786685042446 ], [ 127.055594300987224, 37.673018543214532 ], [ 127.055591958195564, 37.6730248718981 ], [ 127.055535248639089, 37.673262526556464 ], [ 127.055382213757028, 37.673903855324376 ], [ 127.055374898611547, 37.673956602093227 ], [ 127.055368453202746, 37.674003688500314 ], [ 127.055560799296458, 37.674040854446815 ], [ 127.055579923598586, 37.674043017697635 ], [ 127.055610496407951, 37.674046472057313 ], [ 127.055693306530614, 37.674053948052787 ], [ 127.055935139603491, 37.67408814470889 ], [ 127.056024567857463, 37.674100790756434 ], [ 127.056644535078604, 37.674220799710696 ], [ 127.056737352487403, 37.674226972755996 ], [ 127.056754151121353, 37.67422650607535 ], [ 127.056861721323997, 37.674223527883505 ], [ 127.05760218332307, 37.674341700520806 ], [ 127.057951636282993, 37.674399277606405 ], [ 127.05801199499399, 37.674411050763084 ], [ 127.058001734660749, 37.674453861336474 ], [ 127.057954458695377, 37.67465128733771 ], [ 127.057936581867608, 37.674725966579913 ], [ 127.057936773392726, 37.674800261235937 ], [ 127.057937022118637, 37.674902927699328 ], [ 127.05805093888975, 37.674854913461473 ], [ 127.058062916519887, 37.674849862081807 ], [ 127.058225515254833, 37.674781310203493 ], [ 127.058308952012666, 37.67474657497538 ], [ 127.058632630051719, 37.674611822624719 ], [ 127.058703227623113, 37.674582425494158 ], [ 127.058716688528733, 37.674576814702483 ], [ 127.058722854102186, 37.674574251950744 ], [ 127.058816076070968, 37.674534987673468 ], [ 127.058884772914894, 37.674506049980238 ], [ 127.058998213399263, 37.674492247949502 ], [ 127.059294448848945, 37.674469141541316 ], [ 127.059371029808176, 37.674462300623141 ], [ 127.059347627149123, 37.674303376946902 ], [ 127.059349537551171, 37.674295332042156 ] ] ] } },
{ "type": "Feature", "properties": { "area_type_code": "A", "area_type_name": "골목상권", "area_code": "3110432", "area_name": "대진고등학교", "source_admin_code": "11350611", "source_admin_name": "하계1동", "minimum_period_ratio": 0.91916167664670656, "mean_period_ratio": 0.9271457085828344, "access_tier": "core_80pct_all_periods" }, "geometry": { "type": "Polygon", "coordinates": [ [ [ 127.075334446983277, 37.636671916606431 ], [ 127.075448312550506, 37.636628616388236 ], [ 127.075590723089917, 37.636661467949764 ], [ 127.075854870351975, 37.636751839304409 ], [ 127.075912138082813, 37.636764937031273 ], [ 127.075945901517372, 37.636772657466928 ], [ 127.076081208013377, 37.636803574989315 ], [ 127.076169269952047, 37.636846739321534 ], [ 127.07619711820405, 37.636869966752329 ], [ 127.076229945421616, 37.636852836743479 ], [ 127.076356646548419, 37.636786706307539 ], [ 127.076381833695592, 37.636776923327098 ], [ 127.076517236032984, 37.636724347809889 ], [ 127.076563657772354, 37.636706324123246 ], [ 127.076654966077513, 37.636675849383714 ], [ 127.076755166161462, 37.636642414459367 ], [ 127.076796045733005, 37.636634684436231 ], [ 127.076848133545454, 37.636618000317945 ], [ 127.076892320188051, 37.636597052459152 ], [ 127.076925861457212, 37.636579371288789 ], [ 127.077051461322441, 37.636513168743342 ], [ 127.077076021890818, 37.63650022356606 ], [ 127.077174463392495, 37.636443976492451 ], [ 127.077295935503699, 37.636374557165745 ], [ 127.07729684135839, 37.636374061931498 ], [ 127.077314437624736, 37.636364481940959 ], [ 127.07742114853805, 37.636306345281504 ], [ 127.077443420109262, 37.636294213316887 ], [ 127.077499981740559, 37.636275491549142 ], [ 127.077484027498471, 37.636240650123426 ], [ 127.077466178058842, 37.636201660002463 ], [ 127.077435066555623, 37.636156414034005 ], [ 127.077425477796993, 37.636152609159922 ], [ 127.077409168978889, 37.636146140877351 ], [ 127.07730049040677, 37.636195594221469 ], [ 127.07719181694037, 37.636251217407569 ], [ 127.077005539234932, 37.636354229824462 ], [ 127.076938274720035, 37.636397483147896 ], [ 127.07681146786453, 37.636434603463783 ], [ 127.076661334744486, 37.636451159402533 ], [ 127.076575925677716, 37.636477963310284 ], [ 127.076498311522712, 37.636517115508155 ], [ 127.076495194660808, 37.636519243853677 ], [ 127.076389657087688, 37.636591263093536 ], [ 127.076286156930408, 37.636642765492134 ], [ 127.076258221748702, 37.636657475012633 ], [ 127.076246583572683, 37.636608328395738 ], [ 127.076237497661538, 37.636569962215944 ], [ 127.075976579812576, 37.636522159376561 ], [ 127.075774432955342, 37.636434747867227 ], [ 127.075655945775296, 37.636392387508479 ], [ 127.075591368410443, 37.636375827349198 ], [ 127.075547554464094, 37.636429410864586 ], [ 127.075334412476707, 37.636328023252204 ], [ 127.075212730952458, 37.636289212566197 ], [ 127.075276619921155, 37.636230003230281 ], [ 127.075317285437364, 37.636182010634045 ], [ 127.075173869949566, 37.63601541624957 ], [ 127.075199429075511, 37.635938653148344 ], [ 127.075081729432199, 37.635854785123634 ], [ 127.075073502041903, 37.63578619926075 ], [ 127.075071086716378, 37.635766053868579 ], [ 127.075095163326907, 37.635715674377515 ], [ 127.075146390397038, 37.635673671169712 ], [ 127.07503652785266, 37.635581937909429 ], [ 127.074911576886706, 37.635488962657689 ], [ 127.074856936494783, 37.635478138663572 ], [ 127.074677421872565, 37.635442591426468 ], [ 127.074629275627899, 37.635446530363787 ], [ 127.074486353566428, 37.635421716546752 ], [ 127.074309160238229, 37.635421013787514 ], [ 127.074267059149776, 37.635417887748488 ], [ 127.074193959844962, 37.635437842808713 ], [ 127.074128223899237, 37.635447920201692 ], [ 127.074075128146902, 37.635453367568736 ], [ 127.074070258110183, 37.635453867970014 ], [ 127.073982477205817, 37.635476446774199 ], [ 127.073944759561144, 37.635484847779161 ], [ 127.073861372215006, 37.635483457533155 ], [ 127.073650538386659, 37.635441645765781 ], [ 127.073650860740557, 37.635439955316279 ], [ 127.073621699278846, 37.635435924488661 ], [ 127.07352709677744, 37.63542284441386 ], [ 127.07350061704787, 37.635455657675308 ], [ 127.073334496064788, 37.635447026894205 ], [ 127.073156179978781, 37.635430188258042 ], [ 127.07312331837484, 37.635421560071833 ], [ 127.073036050875345, 37.635378600189064 ], [ 127.072866404194812, 37.635365124531589 ], [ 127.072779977012175, 37.635357618609774 ], [ 127.072655533852412, 37.635355874415779 ], [ 127.072415885842432, 37.635371338495418 ], [ 127.07235822371095, 37.635375058901865 ], [ 127.072230269204312, 37.635230180491533 ], [ 127.071988984666561, 37.634877168756852 ], [ 127.071929311440243, 37.634731112183644 ], [ 127.071824920354302, 37.63471558783089 ], [ 127.071821419154261, 37.634775170319948 ], [ 127.071823780406206, 37.634876619829072 ], [ 127.071871151856271, 37.635134179973257 ], [ 127.071865840272935, 37.635134985986554 ], [ 127.071216972713017, 37.635229315250832 ], [ 127.071211761903726, 37.635230075223575 ], [ 127.071097868381415, 37.635485758827713 ], [ 127.071021361978453, 37.635657502952796 ], [ 127.071011741142456, 37.635679105358633 ], [ 127.070934014484621, 37.63585358014106 ], [ 127.07092793219104, 37.635867242732679 ], [ 127.070922674036524, 37.63587903168041 ], [ 127.070855461021694, 37.63602989517544 ], [ 127.070680083199392, 37.636423534443715 ], [ 127.070679483943451, 37.636424815102501 ], [ 127.070675899961444, 37.636432736007272 ], [ 127.07078935345028, 37.636468510078657 ], [ 127.070824432303525, 37.636482950737985 ], [ 127.071360510917046, 37.636700751696871 ], [ 127.071418332852986, 37.636722008788652 ], [ 127.07141874086588, 37.636722160808155 ], [ 127.071448265008712, 37.636733027732966 ], [ 127.071539193749558, 37.636766489276987 ], [ 127.07176445317765, 37.636807513077251 ], [ 127.072150262541285, 37.636895767118695 ], [ 127.072167560811152, 37.636893549125922 ], [ 127.072262286687021, 37.636881428759963 ], [ 127.072287261485499, 37.636993350935121 ], [ 127.072462338643604, 37.636957783472411 ], [ 127.07306681506779, 37.636872500948243 ], [ 127.07311092112343, 37.636647816616623 ], [ 127.073186930682695, 37.636669915703862 ], [ 127.07326182740772, 37.636691700989275 ], [ 127.073625309603301, 37.636792740938688 ], [ 127.07369005890628, 37.636829749920111 ], [ 127.074187226511555, 37.636961139836117 ], [ 127.074247391057099, 37.636981013758053 ], [ 127.074291742114497, 37.636995663785932 ], [ 127.074466908209615, 37.637053569582484 ], [ 127.074833823273991, 37.637173784702767 ], [ 127.074936982143001, 37.637096597618928 ], [ 127.075045581078896, 37.636975240700821 ], [ 127.075127561623546, 37.636894280076866 ], [ 127.075224494818798, 37.636788535478004 ], [ 127.075228886037422, 37.636783884496573 ], [ 127.075334446983277, 37.636671916606431 ] ] ] } },
{ "type": "Feature", "properties": { "area_type_code": "A", "area_type_name": "골목상권", "area_code": "3110419", "area_name": "수락산디자인거리", "source_admin_code": "11350630", "source_admin_name": "상계1동", "minimum_period_ratio": 0.46407185628742514, "mean_period_ratio": 0.5119760479041916, "access_tier": "exploration_25pct_all_periods" }, "geometry": { "type": "MultiPolygon", "coordinates": [ [ [ [ 127.060885244382675, 37.675398320927677 ], [ 127.060798020546187, 37.674729673571292 ], [ 127.060781786448118, 37.674605220662613 ], [ 127.06086410256448, 37.674600467893335 ], [ 127.061380471588393, 37.674514291020778 ], [ 127.061427791600352, 37.674512038263352 ], [ 127.061421627680033, 37.674461481218572 ], [ 127.061414490629474, 37.674410240836437 ], [ 127.061409906591265, 37.674364838371112 ], [ 127.061396971742511, 37.674324874058861 ], [ 127.061374354272189, 37.674280815327897 ], [ 127.061291047069773, 37.674179907518365 ], [ 127.061169570893313, 37.674062733346979 ], [ 127.061133419697967, 37.674026108358852 ], [ 127.061113965728211, 37.674006400507217 ], [ 127.061116515423564, 37.674028979530902 ], [ 127.061113901319914, 37.674078516730617 ], [ 127.061060184348847, 37.674107582215676 ], [ 127.060976095616738, 37.67413132868316 ], [ 127.060848479934791, 37.67415467499508 ], [ 127.060797108345753, 37.674084027765488 ], [ 127.060755940086054, 37.674013763579289 ], [ 127.060640980186037, 37.674059105063201 ], [ 127.06059436803487, 37.674070056998083 ], [ 127.060473340018547, 37.674098481043316 ], [ 127.06036467683353, 37.674110534148568 ], [ 127.060318582442832, 37.674115648264141 ], [ 127.060135883888094, 37.674133677352842 ], [ 127.060144344434704, 37.674210733802227 ], [ 127.060150416410778, 37.674222913748359 ], [ 127.060200769150669, 37.674323912167687 ], [ 127.060169796637368, 37.674461776005124 ], [ 127.060153576163103, 37.674533960829287 ], [ 127.059894330120272, 37.674501717874769 ], [ 127.059502911892537, 37.674453033361978 ], [ 127.059491144595427, 37.67445157070172 ], [ 127.059371029808176, 37.674462300623141 ], [ 127.059294448848945, 37.674469141541316 ], [ 127.058998213399263, 37.674492247949502 ], [ 127.058884772914894, 37.674506049980238 ], [ 127.058816076070968, 37.674534987673468 ], [ 127.058722854102186, 37.674574251950744 ], [ 127.058716688528733, 37.674576814702483 ], [ 127.058703227623113, 37.674582425494158 ], [ 127.058632630051719, 37.674611822624719 ], [ 127.058308952012666, 37.67474657497538 ], [ 127.058225515254833, 37.674781310203493 ], [ 127.058062916519887, 37.674849862081807 ], [ 127.05805093888975, 37.674854913461473 ], [ 127.058248782338438, 37.675326486645751 ], [ 127.058294929296309, 37.675361343452934 ], [ 127.05865327837077, 37.675299829831729 ], [ 127.058939232438973, 37.675329757460702 ], [ 127.058978297930864, 37.675422711774388 ], [ 127.059141806219841, 37.675656971869437 ], [ 127.060547954455359, 37.675448361956121 ], [ 127.060885244382675, 37.675398320927677 ] ] ], [ [ [ 127.056649973764877, 37.678817264001481 ], [ 127.056638891900931, 37.678492535887557 ], [ 127.05656881804002, 37.678499499846637 ], [ 127.05657115298574, 37.678470778228679 ], [ 127.056548807017379, 37.678413428135649 ], [ 127.056541236836438, 37.678393998555237 ], [ 127.056500248183781, 37.678305805173679 ], [ 127.056481326244565, 37.678222152054545 ], [ 127.056478188192941, 37.678193398820753 ], [ 127.056465492172237, 37.67807705881043 ], [ 127.056445803012352, 37.678019005559527 ], [ 127.056418256863338, 37.677957833271023 ], [ 127.056374855929164, 37.677882611483845 ], [ 127.056362262227722, 37.677860783182773 ], [ 127.056316633295907, 37.677787756320988 ], [ 127.056314834361089, 37.677783351393593 ], [ 127.056306789133671, 37.677763659837986 ], [ 127.056298528127755, 37.677743437708259 ], [ 127.056294302821584, 37.677714374148465 ], [ 127.056292952505771, 37.677705091107235 ], [ 127.056306266348813, 37.677646396793165 ], [ 127.056340857662917, 37.677571317925228 ], [ 127.056367490400461, 37.677460796540018 ], [ 127.056369094004324, 37.677449756079668 ], [ 127.05637922309738, 37.677380034394595 ], [ 127.056378384139464, 37.677309484545795 ], [ 127.056374923874984, 37.677272772211325 ], [ 127.056371552753717, 37.67723701216859 ], [ 127.056394986151773, 37.677235534172397 ], [ 127.056423029822881, 37.677231063617121 ], [ 127.056488435266587, 37.677223721766502 ], [ 127.056536872361605, 37.677215190613865 ], [ 127.056574602359987, 37.677209093616895 ], [ 127.056603662636576, 37.677201381709949 ], [ 127.05663541563348, 37.677188327499913 ], [ 127.056680786682861, 37.677171287113687 ], [ 127.056725134097491, 37.677149790960655 ], [ 127.056768462191698, 37.677129510702066 ], [ 127.056803816065241, 37.677109926220126 ], [ 127.056835420029969, 37.677093297844507 ], [ 127.056854788759054, 37.677081943382802 ], [ 127.056857324879545, 37.677064518128986 ], [ 127.056846594948681, 37.677036971365851 ], [ 127.056804197011488, 37.676959838265134 ], [ 127.056772025459566, 37.676899480958831 ], [ 127.056736198248529, 37.676837723478499 ], [ 127.05670197928049, 37.676768048311324 ], [ 127.056672281354238, 37.676704715654971 ], [ 127.056635447279334, 37.676621516226916 ], [ 127.056577474000491, 37.676513813992976 ], [ 127.056609116468081, 37.676495908970665 ], [ 127.056664551763561, 37.676521699002578 ], [ 127.056784931021937, 37.676586876490013 ], [ 127.056835285819488, 37.676612719342053 ], [ 127.0568970503994, 37.676680581932203 ], [ 127.056929731934972, 37.676737800850717 ], [ 127.056932793085707, 37.676748843573236 ], [ 127.056936504369617, 37.676760664427633 ], [ 127.057041609646774, 37.676913608876902 ], [ 127.057145266347476, 37.676918370827302 ], [ 127.057205177313477, 37.676936532548766 ], [ 127.05728645584027, 37.676926179592606 ], [ 127.057396972276322, 37.676900602028887 ], [ 127.057418882212716, 37.676883190758033 ], [ 127.057426201642059, 37.67684927614895 ], [ 127.057421836803627, 37.676832350681622 ], [ 127.057412383334778, 37.676802163479124 ], [ 127.05736724013974, 37.676734783209497 ], [ 127.057369880470063, 37.676729203964456 ], [ 127.057431071997996, 37.676599941363392 ], [ 127.057433059550789, 37.676559287322647 ], [ 127.057451236338139, 37.676553386067305 ], [ 127.057451891126192, 37.676535205794238 ], [ 127.057511108997446, 37.676520735141004 ], [ 127.057471672109202, 37.676429632952072 ], [ 127.057541491169374, 37.676447642816278 ], [ 127.057791227965808, 37.676512267765148 ], [ 127.057906505699975, 37.676533313052403 ], [ 127.057897408535467, 37.676512549952655 ], [ 127.057926786596056, 37.676027615097091 ], [ 127.057571236785265, 37.676042262514258 ], [ 127.057417316334053, 37.676048606558922 ], [ 127.057364021475564, 37.676051024591423 ], [ 127.057365267605789, 37.676026442573338 ], [ 127.057367628092379, 37.675979861707951 ], [ 127.05736928177943, 37.675906016657727 ], [ 127.057376414332481, 37.675731088094992 ], [ 127.057369608509461, 37.675660496988371 ], [ 127.057366245594622, 37.675625613613121 ], [ 127.057343673233675, 37.675594872369963 ], [ 127.057377116156516, 37.675575248096386 ], [ 127.057438896114263, 37.675532664780548 ], [ 127.057586941122722, 37.675430605352823 ], [ 127.057724483647149, 37.675323053103341 ], [ 127.05789464446751, 37.67516545511198 ], [ 127.058006512455563, 37.675044950038036 ], [ 127.057981275813134, 37.674993354357056 ], [ 127.057937022118637, 37.674902927699328 ], [ 127.057936773392726, 37.674800261235937 ], [ 127.057936581867608, 37.674725966579913 ], [ 127.057954458695377, 37.67465128733771 ], [ 127.058001734660749, 37.674453861336474 ], [ 127.05801199499399, 37.674411050763084 ], [ 127.057951636282993, 37.674399277606405 ], [ 127.05760218332307, 37.674341700520806 ], [ 127.056861721323997, 37.674223527883505 ], [ 127.056754151121353, 37.67422650607535 ], [ 127.05675833603722, 37.674275489407655 ], [ 127.05671069766602, 37.674598165630712 ], [ 127.056680065137854, 37.674805663269694 ], [ 127.056593886986121, 37.674830402295989 ], [ 127.056074262762479, 37.674960454566033 ], [ 127.055657905193428, 37.675064658119958 ], [ 127.055648429371317, 37.675067029463648 ], [ 127.055704214378537, 37.674478333006356 ], [ 127.055718714676317, 37.674325318243682 ], [ 127.05574786396113, 37.674319782367213 ], [ 127.055700570608892, 37.674206127245888 ], [ 127.055899134567284, 37.67419609910683 ], [ 127.055935139603491, 37.67408814470889 ], [ 127.055693306530614, 37.674053948052787 ], [ 127.055610496407951, 37.674046472057313 ], [ 127.055579923598586, 37.674043017697635 ], [ 127.055560799296458, 37.674040854446815 ], [ 127.055368453202746, 37.674003688500314 ], [ 127.055314139613017, 37.674397087880557 ], [ 127.055274607225343, 37.674732911311636 ], [ 127.055268805201393, 37.674782598532765 ], [ 127.055268991068246, 37.675112647866101 ], [ 127.055269050648178, 37.6751242019957 ], [ 127.055276801995703, 37.67551403043489 ], [ 127.055276862771933, 37.675516499089312 ], [ 127.055276941532, 37.675518761411062 ], [ 127.055300555073941, 37.675974527750071 ], [ 127.055304421612945, 37.676049307201012 ], [ 127.055333477464671, 37.676609991746581 ], [ 127.055301051784554, 37.677272995912382 ], [ 127.055304486314057, 37.677474281091342 ], [ 127.055308518411152, 37.67771088705598 ], [ 127.05530974857281, 37.67778295036883 ], [ 127.055309814093206, 37.677811656423977 ], [ 127.055309968342328, 37.678086622463553 ], [ 127.055335107760058, 37.678283120443716 ], [ 127.055367775580791, 37.678549830850912 ], [ 127.055371365176228, 37.67857658823285 ], [ 127.055384971309849, 37.678678107726022 ], [ 127.055420534026808, 37.678942367881156 ], [ 127.055420707390269, 37.679160179380425 ], [ 127.055421001789853, 37.679539168670395 ], [ 127.055420973283418, 37.679551136381768 ], [ 127.055421057932904, 37.679667974336986 ], [ 127.055419532214515, 37.680713537111359 ], [ 127.055627788212874, 37.680717480856266 ], [ 127.056137703424525, 37.680717381597283 ], [ 127.056135732140476, 37.680317341823596 ], [ 127.056138274449893, 37.680182898413989 ], [ 127.056138216174134, 37.680156712404262 ], [ 127.056137008401166, 37.679614507729767 ], [ 127.056447320365834, 37.679608756433147 ], [ 127.056797762466246, 37.679600225303645 ], [ 127.056795996090315, 37.679366506012684 ], [ 127.056793857739038, 37.679083499758029 ], [ 127.056882524848874, 37.679078547594706 ], [ 127.056859207211033, 37.678922013803387 ], [ 127.056843711929147, 37.678817991576047 ], [ 127.056649973764877, 37.678817264001481 ] ] ] ] } },
{ "type": "Feature", "properties": { "area_type_code": "A", "area_type_name": "골목상권", "area_code": "3110428", "area_name": "상계5동주민센터", "source_admin_code": "11350670", "source_admin_name": "상계5동", "minimum_period_ratio": 0.53293413173652693, "mean_period_ratio": 0.58383233532934131, "access_tier": "base_50pct_all_periods" }, "geometry": { "type": "Polygon", "coordinates": [ [ [ 127.070988673313778, 37.666845345145525 ], [ 127.071253258378903, 37.666653280383272 ], [ 127.071504167136979, 37.666473930741908 ], [ 127.072222003254311, 37.665961626552281 ], [ 127.072736773505284, 37.665594166963878 ], [ 127.072811233807229, 37.665541014524536 ], [ 127.072813862603851, 37.665539139763105 ], [ 127.072864238868135, 37.665500785444507 ], [ 127.073069965572216, 37.665344155143558 ], [ 127.073241686590336, 37.665213412754746 ], [ 127.073279049420194, 37.665184966312282 ], [ 127.073473438738517, 37.665036967430787 ], [ 127.073590395411429, 37.664947919975255 ], [ 127.073724919759854, 37.664845497176721 ], [ 127.073842544028693, 37.664755940898111 ], [ 127.073870572039183, 37.664734601639786 ], [ 127.073896859793138, 37.66471505821859 ], [ 127.073961365584225, 37.664667100029938 ], [ 127.074156005954364, 37.66452239564191 ], [ 127.07429044281929, 37.66442244633987 ], [ 127.074496038120728, 37.664269592321737 ], [ 127.07487003267542, 37.663991538095182 ], [ 127.074864418336105, 37.663991957911783 ], [ 127.074766136839926, 37.663973368142983 ], [ 127.074633570989008, 37.663948288601176 ], [ 127.074438621367179, 37.663911404001112 ], [ 127.074390365481676, 37.66390227056791 ], [ 127.074205708557116, 37.663824657458903 ], [ 127.074166036243199, 37.663807978224689 ], [ 127.073989574507749, 37.663706807982571 ], [ 127.07393944062116, 37.663678062089566 ], [ 127.073811510709263, 37.663542732891315 ], [ 127.073811431185902, 37.663542543735062 ], [ 127.073694621840886, 37.663272547737122 ], [ 127.073676474823088, 37.663230601291204 ], [ 127.073593576918512, 37.663097443004503 ], [ 127.073541941737062, 37.663038677189576 ], [ 127.073509812786497, 37.663028003473094 ], [ 127.073539676492231, 37.6629689534848 ], [ 127.073612723071875, 37.662824496883651 ], [ 127.073485864788822, 37.662675043765091 ], [ 127.073384655812973, 37.662580645217183 ], [ 127.073347678357493, 37.662603151297404 ], [ 127.073307643772978, 37.662627516187875 ], [ 127.073204436826089, 37.662693385236047 ], [ 127.073174185357061, 37.662713180540102 ], [ 127.072635046874424, 37.662258037192117 ], [ 127.07246518003592, 37.662103073807693 ], [ 127.072400974558022, 37.66202952109392 ], [ 127.072386274736218, 37.66200939138492 ], [ 127.07229198521371, 37.661880277341943 ], [ 127.072216098891985, 37.661763634148713 ], [ 127.072047782791742, 37.661504915806368 ], [ 127.071896961833602, 37.66138933084838 ], [ 127.071781369940197, 37.661300733878782 ], [ 127.071620516701955, 37.661145375442807 ], [ 127.071599692582794, 37.660847795759956 ], [ 127.071523136963236, 37.660776698914916 ], [ 127.071389062518875, 37.660895897974385 ], [ 127.071342127865833, 37.660927910305979 ], [ 127.071287207238896, 37.660965359461592 ], [ 127.07128237218717, 37.660968651866284 ], [ 127.071277388550726, 37.66097300661751 ], [ 127.071113506819927, 37.661116151628839 ], [ 127.071069432861648, 37.661153350877441 ], [ 127.070896725243401, 37.661299103835624 ], [ 127.070721807555842, 37.661446704874201 ], [ 127.070623319656264, 37.661529814529928 ], [ 127.07061064655484, 37.66154050685325 ], [ 127.07051819484559, 37.661620288185837 ], [ 127.070373199681697, 37.661745401237752 ], [ 127.07035480728446, 37.661760512654013 ], [ 127.07030992756097, 37.661797361613949 ], [ 127.070155355497789, 37.661924299183603 ], [ 127.070078516031657, 37.66198740272884 ], [ 127.070048109074833, 37.662012368958031 ], [ 127.069935419708273, 37.662109739986363 ], [ 127.069925035305545, 37.662118719914872 ], [ 127.069811913023926, 37.662216461383444 ], [ 127.069786490461993, 37.662236683631519 ], [ 127.069687463773292, 37.662315485223623 ], [ 127.069314123343688, 37.662634753413542 ], [ 127.069295515839471, 37.66264936114051 ], [ 127.06922052966604, 37.66270821850916 ], [ 127.069123629940478, 37.662784290203284 ], [ 127.069019969264829, 37.662879680103593 ], [ 127.068928110851175, 37.662955108087615 ], [ 127.068908191238378, 37.6629714635217 ], [ 127.068853941467722, 37.663015443252959 ], [ 127.068696973273646, 37.663142679411607 ], [ 127.068671843531902, 37.663164019363414 ], [ 127.068362435015246, 37.663426675568566 ], [ 127.068210790731115, 37.663553798066737 ], [ 127.068052573988311, 37.663681465648978 ], [ 127.067979033262574, 37.663735511948836 ], [ 127.068053460589482, 37.663798492646528 ], [ 127.06807066719594, 37.663813042569416 ], [ 127.068371648478077, 37.663994166569502 ], [ 127.068594508451838, 37.664089210492072 ], [ 127.068596622267435, 37.664095434139497 ], [ 127.068756456356169, 37.664566236900612 ], [ 127.068831109725664, 37.664777888701899 ], [ 127.06894853087887, 37.665107007845215 ], [ 127.06897315718011, 37.665142384870265 ], [ 127.06899273316769, 37.665170502939709 ], [ 127.069023283726708, 37.66521438895402 ], [ 127.069114907015162, 37.665513215813618 ], [ 127.069240232503901, 37.665906787944948 ], [ 127.069253591343667, 37.665978065684648 ], [ 127.069293588051522, 37.665951049718196 ], [ 127.069380998337763, 37.665892076008355 ], [ 127.069385857611778, 37.66588880259053 ], [ 127.069542973720004, 37.666029363940261 ], [ 127.069706212962558, 37.66621096832948 ], [ 127.06978162800425, 37.666321139782902 ], [ 127.069914137197813, 37.666546469514543 ], [ 127.069804841999613, 37.666631521030261 ], [ 127.069701139006341, 37.666698559441052 ], [ 127.069692891634887, 37.666702761982229 ], [ 127.069654974090028, 37.666722066262288 ], [ 127.069646704045766, 37.666726269714587 ], [ 127.069645682493373, 37.666724692701031 ], [ 127.069619827057323, 37.66668482156026 ], [ 127.06939918389115, 37.666284069329848 ], [ 127.069355984035965, 37.666289184377938 ], [ 127.069255703912688, 37.666293886953 ], [ 127.069043291474799, 37.666330169628232 ], [ 127.069084475908539, 37.666401818512796 ], [ 127.069103717119233, 37.666429081723244 ], [ 127.069124392867081, 37.666458376701712 ], [ 127.069177160475945, 37.666533145165864 ], [ 127.069388391972197, 37.666481786838965 ], [ 127.069364515499757, 37.666621946592564 ], [ 127.069369094997498, 37.666672397002962 ], [ 127.069368340246484, 37.666754106462477 ], [ 127.069377249845203, 37.666790393615337 ], [ 127.069209699817918, 37.666818820672212 ], [ 127.069196284799986, 37.666872719786014 ], [ 127.069158676869677, 37.667021941495541 ], [ 127.069179085662796, 37.667030851035477 ], [ 127.069398439244466, 37.667072889865366 ], [ 127.069448729991606, 37.667084511744051 ], [ 127.069303860610646, 37.667726366149061 ], [ 127.069584893504313, 37.667662893310215 ], [ 127.069983261490776, 37.667504271591852 ], [ 127.0700544057663, 37.667467921654065 ], [ 127.070063229828946, 37.667463410610317 ], [ 127.070142204570942, 37.667423092555353 ], [ 127.070319177579222, 37.667312727010639 ], [ 127.070359130135344, 37.667287819009225 ], [ 127.070562282481674, 37.667151184712495 ], [ 127.07058250128182, 37.667137585831306 ], [ 127.07074549431016, 37.66702351776965 ], [ 127.070776148318146, 37.666995416722159 ], [ 127.070777655596899, 37.666994037317735 ], [ 127.070778245718259, 37.666993623413624 ], [ 127.070955530463664, 37.666868697777339 ], [ 127.0709677303783, 37.666860101391464 ], [ 127.070988673313778, 37.666845345145525 ] ] ] } },
{ "type": "Feature", "properties": { "area_type_code": "A", "area_type_name": "골목상권", "area_code": "3110427", "area_name": "노원 을지대학교병원", "source_admin_code": "11350611", "source_admin_name": "하계1동", "minimum_period_ratio": 0.91916167664670656, "mean_period_ratio": 0.9271457085828344, "access_tier": "core_80pct_all_periods" }, "geometry": { "type": "Polygon", "coordinates": [ [ [ 127.070779415019402, 37.633341420381122 ], [ 127.070702583531855, 37.633319175162526 ], [ 127.070675914450462, 37.633379862606219 ], [ 127.070495301850173, 37.63379119395843 ], [ 127.070434433988368, 37.633929817191948 ], [ 127.070371316131485, 37.634073478241469 ], [ 127.070302662697969, 37.63422691554112 ], [ 127.070077152171379, 37.634730915856736 ], [ 127.070029978281042, 37.6348363465356 ], [ 127.070011052928805, 37.634880189801834 ], [ 127.069930503447594, 37.635066441500157 ], [ 127.069993188857524, 37.635104931361781 ], [ 127.07018247567747, 37.635322605077526 ], [ 127.07028439620926, 37.635447466911778 ], [ 127.070285631441791, 37.635447808550353 ], [ 127.070527567568902, 37.63553184502971 ], [ 127.070712582377496, 37.635573740923505 ], [ 127.070799552524363, 37.635593439264383 ], [ 127.070910508766687, 37.635625485545603 ], [ 127.071011741142456, 37.635679105358633 ], [ 127.071021361978453, 37.635657502952796 ], [ 127.071097868381415, 37.635485758827713 ], [ 127.071211761903726, 37.635230075223575 ], [ 127.071216972713017, 37.635229315250832 ], [ 127.071865840272935, 37.635134985986554 ], [ 127.071871151856271, 37.635134179973257 ], [ 127.071823780406206, 37.634876619829072 ], [ 127.071821419154261, 37.634775170319948 ], [ 127.071824920354302, 37.63471558783089 ], [ 127.071829445940139, 37.634638578759983 ], [ 127.071847205157056, 37.634487293406849 ], [ 127.071873802780615, 37.634340057097717 ], [ 127.07189714068339, 37.634219672130556 ], [ 127.071935146515131, 37.63403702192317 ], [ 127.071976693938169, 37.633884010157225 ], [ 127.072030481847364, 37.633737481600093 ], [ 127.072032154842503, 37.633733621657932 ], [ 127.071962124810014, 37.633668099676811 ], [ 127.071330590478368, 37.633493668550905 ], [ 127.071278391198504, 37.633479249189904 ], [ 127.070779415019402, 37.633341420381122 ] ] ] } },
{ "type": "Feature", "properties": { "area_type_code": "A", "area_type_name": "골목상권", "area_code": "3110426", "area_name": "상계2동주민센터", "source_admin_code": "11350640", "source_admin_name": "상계2동", "minimum_period_ratio": 0.63772455089820357, "mean_period_ratio": 0.6696606786427145, "access_tier": "base_50pct_all_periods" }, "geometry": { "type": "Polygon", "coordinates": [ [ [ 127.070926885597601, 37.656139584485395 ], [ 127.070965272073224, 37.656106974679879 ], [ 127.071165750570486, 37.656264092391353 ], [ 127.071489149986988, 37.656517545808704 ], [ 127.07153499104885, 37.656553467200446 ], [ 127.071602074152324, 37.65649974689498 ], [ 127.071737755260855, 37.656397036303566 ], [ 127.071867657155934, 37.656298680818665 ], [ 127.07199328377591, 37.656203564125967 ], [ 127.072006383136895, 37.65602284345691 ], [ 127.072031972166258, 37.655669805930444 ], [ 127.072032941633267, 37.655473283114482 ], [ 127.072033571706314, 37.655347749785953 ], [ 127.072029646317631, 37.655271684059514 ], [ 127.072023130839668, 37.655177366014037 ], [ 127.072021971173584, 37.655160571512873 ], [ 127.072010355510315, 37.65501868471744 ], [ 127.071969608535383, 37.654698050001841 ], [ 127.071943649894266, 37.654583401425036 ], [ 127.07192417498743, 37.654497384807918 ], [ 127.07179921370286, 37.654595626556024 ], [ 127.071694454917193, 37.654677985992009 ], [ 127.07168281516384, 37.65468713713468 ], [ 127.071188578650293, 37.655075550746837 ], [ 127.071149277971543, 37.655038958539592 ], [ 127.070819494704509, 37.654731857165167 ], [ 127.070727504406179, 37.654646193801547 ], [ 127.07055252345458, 37.654483245113404 ], [ 127.070473732047049, 37.654411448781183 ], [ 127.070325875501482, 37.654276714022373 ], [ 127.070236610154183, 37.65419537065673 ], [ 127.070223587639177, 37.65418033110317 ], [ 127.070218641363283, 37.654174604700692 ], [ 127.070093899193012, 37.654030358629136 ], [ 127.069984670930737, 37.653921873121611 ], [ 127.069952315383219, 37.653894438477558 ], [ 127.069404078325249, 37.654283481235481 ], [ 127.069397273014985, 37.654288079348113 ], [ 127.069019392777406, 37.654543218676103 ], [ 127.069190056823288, 37.654687208294902 ], [ 127.069150684231587, 37.654726986323723 ], [ 127.069060463831647, 37.654884954338257 ], [ 127.068975975294478, 37.655077549081398 ], [ 127.069231613089983, 37.65521007706996 ], [ 127.069317861799902, 37.655254790820486 ], [ 127.069313312608003, 37.655348296524558 ], [ 127.069315854499393, 37.655399514967058 ], [ 127.069049661477905, 37.655612773183918 ], [ 127.068824698266909, 37.655793000166398 ], [ 127.068670033717993, 37.655668482671047 ], [ 127.068513536816369, 37.655633560600599 ], [ 127.068330832439273, 37.655596119043039 ], [ 127.068130917736383, 37.65555514898633 ], [ 127.068096498269071, 37.655552266796803 ], [ 127.067636165068706, 37.655513722724997 ], [ 127.067269198659631, 37.655487880657823 ], [ 127.067264779940331, 37.655487684060439 ], [ 127.06707864853432, 37.655479291082635 ], [ 127.067053828629341, 37.655558017698795 ], [ 127.067031295834795, 37.65562946938018 ], [ 127.066993826243603, 37.65574832210168 ], [ 127.066974423487778, 37.655744187700378 ], [ 127.066897972940438, 37.656008064772614 ], [ 127.066842630621721, 37.656220815310689 ], [ 127.066841303426202, 37.656225708395318 ], [ 127.066833051119687, 37.656256166264647 ], [ 127.066998323180556, 37.656292113597544 ], [ 127.067190103132305, 37.65631879251756 ], [ 127.067197663783205, 37.656372333573771 ], [ 127.067231392244167, 37.656439248311017 ], [ 127.067269330741482, 37.656487203975402 ], [ 127.067314254728842, 37.65651506374229 ], [ 127.067460516881809, 37.656569608530752 ], [ 127.06773151545697, 37.656701215552438 ], [ 127.067785292430813, 37.656731115284408 ], [ 127.067646802167729, 37.657197988124175 ], [ 127.067583248614284, 37.657427412740404 ], [ 127.067570000371305, 37.657452196430391 ], [ 127.067514267188955, 37.657556505279643 ], [ 127.067913738534244, 37.657739198710907 ], [ 127.067914509485547, 37.657739547847989 ], [ 127.067950969955433, 37.657756204925583 ], [ 127.068123045736272, 37.657856809316314 ], [ 127.068129168268712, 37.657859860108729 ], [ 127.068336367548355, 37.657963121613406 ], [ 127.068576569157329, 37.658068020476499 ], [ 127.068579754975559, 37.658069407037331 ], [ 127.06882475333633, 37.658150958166758 ], [ 127.068914457083153, 37.658180819290514 ], [ 127.06909232581765, 37.658218567289296 ], [ 127.069399323663148, 37.658283630767997 ], [ 127.069403221825667, 37.658284457377746 ], [ 127.069434811799624, 37.658291161913198 ], [ 127.069608942702757, 37.658328099547688 ], [ 127.069877105628919, 37.658384597434562 ], [ 127.07023674401691, 37.658460367238916 ], [ 127.070400490156032, 37.658494869126976 ], [ 127.070433126140742, 37.658503761255027 ], [ 127.07045686348188, 37.658510243157473 ], [ 127.070884469657472, 37.658627065044556 ], [ 127.071129657912465, 37.658694027974065 ], [ 127.071134167692549, 37.658690867313894 ], [ 127.071175600577092, 37.658661835216655 ], [ 127.071177561003566, 37.658660460036707 ], [ 127.071590000078913, 37.658371409780798 ], [ 127.071607981281829, 37.658358807647375 ], [ 127.07192603703615, 37.658135902273379 ], [ 127.071915887067917, 37.658051079227796 ], [ 127.071915348036498, 37.658028009918404 ], [ 127.071671718636637, 37.658010802583 ], [ 127.071670099047225, 37.658010677429566 ], [ 127.071560411478842, 37.658002426157516 ], [ 127.071242709810733, 37.657978524405024 ], [ 127.071026890899674, 37.657960576350895 ], [ 127.07102568978749, 37.657959567974501 ], [ 127.070535001591026, 37.657549102989748 ], [ 127.070426163647568, 37.657458058931688 ], [ 127.070427749089731, 37.657456841659638 ], [ 127.070458088800976, 37.657433569200123 ], [ 127.070499607720024, 37.657392911012906 ], [ 127.070554476112335, 37.657338549902668 ], [ 127.070613520457357, 37.657291268885345 ], [ 127.070804153708806, 37.657138640006025 ], [ 127.070652404273631, 37.657008952655737 ], [ 127.070680958036661, 37.656444484763078 ], [ 127.070683774555107, 37.65634444253697 ], [ 127.0708143745142, 37.65623514626634 ], [ 127.070926885597601, 37.656139584485395 ] ] ] } },
{ "type": "Feature", "properties": { "area_type_code": "A", "area_type_name": "골목상권", "area_code": "3110425", "area_name": "계상초등학교", "source_admin_code": "11350670", "source_admin_name": "상계5동", "minimum_period_ratio": 0.55389221556886226, "mean_period_ratio": 0.59880239520958078, "access_tier": "base_50pct_all_periods" }, "geometry": { "type": "Polygon", "coordinates": [ [ [ 127.068526512075564, 37.662090330854738 ], [ 127.068626889697555, 37.662037584021334 ], [ 127.068686995518277, 37.662092672866372 ], [ 127.069097065145215, 37.66246032378524 ], [ 127.069229112531318, 37.662586105309899 ], [ 127.069295515839471, 37.66264936114051 ], [ 127.069314123343688, 37.662634753413542 ], [ 127.069687463773292, 37.662315485223623 ], [ 127.069786490461993, 37.662236683631519 ], [ 127.069811913023926, 37.662216461383444 ], [ 127.069925035305545, 37.662118719914872 ], [ 127.069935419708273, 37.662109739986363 ], [ 127.070048109074833, 37.662012368958031 ], [ 127.070078516031657, 37.66198740272884 ], [ 127.070155355497789, 37.661924299183603 ], [ 127.07030992756097, 37.661797361613949 ], [ 127.07035480728446, 37.661760512654013 ], [ 127.070373199681697, 37.661745401237752 ], [ 127.07051819484559, 37.661620288185837 ], [ 127.07061064655484, 37.66154050685325 ], [ 127.070623319656264, 37.661529814529928 ], [ 127.070721807555842, 37.661446704874201 ], [ 127.070896725243401, 37.661299103835624 ], [ 127.071069432861648, 37.661153350877441 ], [ 127.071113506819927, 37.661116151628839 ], [ 127.071277388550726, 37.66097300661751 ], [ 127.07128237218717, 37.660968651866284 ], [ 127.071287207238896, 37.660965359461592 ], [ 127.071342127865833, 37.660927910305979 ], [ 127.071389062518875, 37.660895897974385 ], [ 127.071523136963236, 37.660776698914916 ], [ 127.07169218053626, 37.660626410813414 ], [ 127.071619952833601, 37.660544281583974 ], [ 127.071558934513519, 37.660447462215821 ], [ 127.071521661434403, 37.660388111048029 ], [ 127.071505450249944, 37.660324189037333 ], [ 127.071494792612455, 37.660291242102069 ], [ 127.07148119778067, 37.660249223161621 ], [ 127.07146107647749, 37.660185066554583 ], [ 127.071409632738849, 37.65996616191854 ], [ 127.071407501774885, 37.659936240712909 ], [ 127.071402652851901, 37.659868175398394 ], [ 127.071390528483491, 37.659801744361822 ], [ 127.071359095522226, 37.659627216233673 ], [ 127.071171057219104, 37.658856572528812 ], [ 127.071127189317366, 37.658723442909931 ], [ 127.071116445681128, 37.6587032872199 ], [ 127.071115318803066, 37.658704078060182 ], [ 127.071044311779403, 37.65875384061863 ], [ 127.070994029127618, 37.658793873575895 ], [ 127.070970810035092, 37.658811693648133 ], [ 127.070972778646023, 37.658823670113733 ], [ 127.07097361189976, 37.658829914316172 ], [ 127.07098045684927, 37.658880903956479 ], [ 127.071039663289682, 37.659321499675301 ], [ 127.071094598196552, 37.659591335780192 ], [ 127.071163821242479, 37.659931241567563 ], [ 127.071109020497772, 37.659938049095103 ], [ 127.0708760379067, 37.65996699999657 ], [ 127.070973306549817, 37.660486551018778 ], [ 127.070652059206424, 37.660463388627917 ], [ 127.070634921948653, 37.660463134903509 ], [ 127.0705959123393, 37.660462564509473 ], [ 127.070401928163051, 37.660614177761722 ], [ 127.070216808383137, 37.660758864076328 ], [ 127.070029943833489, 37.660904913416758 ], [ 127.069813635663905, 37.661073969326701 ], [ 127.069756147355136, 37.661118898334315 ], [ 127.069610772148295, 37.661239082316953 ], [ 127.069435044210749, 37.661382060795177 ], [ 127.069434785618952, 37.661381856424654 ], [ 127.069405419552922, 37.66135739945188 ], [ 127.069320714292857, 37.661295795112608 ], [ 127.0688388113944, 37.660918302172568 ], [ 127.068806829421661, 37.660893244719738 ], [ 127.068619416814201, 37.661062879834155 ], [ 127.068572507414487, 37.661046130840958 ], [ 127.068397504093085, 37.660926887557302 ], [ 127.068258457364308, 37.660841038806581 ], [ 127.068244724959541, 37.660832560408821 ], [ 127.068028397320816, 37.660706284888406 ], [ 127.068026605698634, 37.660705230872459 ], [ 127.067774471442263, 37.660545431990016 ], [ 127.067772100574103, 37.660544242254772 ], [ 127.067773045087606, 37.660543492996581 ], [ 127.067890625538965, 37.660450211648623 ], [ 127.067957878785862, 37.660394899514586 ], [ 127.067960054271822, 37.660393110714111 ], [ 127.06796621153336, 37.660388038245095 ], [ 127.06804023118363, 37.66032714508966 ], [ 127.068048173349666, 37.660320755252897 ], [ 127.068054882227244, 37.660315353602755 ], [ 127.068100932700872, 37.660278289480949 ], [ 127.06849480886585, 37.659961270942702 ], [ 127.068487965406007, 37.659955807760582 ], [ 127.068494714798121, 37.659950166400527 ], [ 127.068466882200909, 37.659926091214501 ], [ 127.06842369237458, 37.659890031065217 ], [ 127.068282160934473, 37.659771876372773 ], [ 127.06826181008698, 37.659788068878235 ], [ 127.06823459632372, 37.65980970908047 ], [ 127.067880785426169, 37.660084875644678 ], [ 127.067879448880475, 37.660085723336373 ], [ 127.067741107829079, 37.659974620847585 ], [ 127.067699141713803, 37.659949138154133 ], [ 127.067721822518649, 37.659926366342624 ], [ 127.067900843317489, 37.659777956468382 ], [ 127.068060645905845, 37.659658198711007 ], [ 127.068078278916829, 37.659644313420237 ], [ 127.068104565331808, 37.659623603601801 ], [ 127.067951625111235, 37.659495922708452 ], [ 127.067914457099121, 37.659463635815577 ], [ 127.067881161699631, 37.659489916790825 ], [ 127.067765419260056, 37.659581304125865 ], [ 127.067376350824276, 37.659888470676755 ], [ 127.067297577967196, 37.659950659040504 ], [ 127.06726597070795, 37.65997560722635 ], [ 127.06722908366126, 37.660004730858113 ], [ 127.066993462727908, 37.66019075000127 ], [ 127.066968252865124, 37.6602106489768 ], [ 127.066963575848746, 37.660214660098404 ], [ 127.066843877979878, 37.660317257874297 ], [ 127.066686034111541, 37.660452555694327 ], [ 127.066587630260273, 37.660536902599723 ], [ 127.066519829837517, 37.660595016312357 ], [ 127.066477297842994, 37.660337748828397 ], [ 127.066475247899959, 37.66032530743 ], [ 127.066429632306722, 37.660078052459809 ], [ 127.066412620635774, 37.659985845683039 ], [ 127.066402064980778, 37.659928668131997 ], [ 127.066386325527048, 37.65989182684757 ], [ 127.066359759520466, 37.659879181203429 ], [ 127.066272970856843, 37.659837938913711 ], [ 127.066118743361784, 37.659818587686388 ], [ 127.065538973603182, 37.659745845234376 ], [ 127.065582699562952, 37.659788824780364 ], [ 127.065855276266475, 37.65999237673028 ], [ 127.065915335083261, 37.66003822206347 ], [ 127.06616098319283, 37.66017618247637 ], [ 127.066177841977762, 37.660216471217169 ], [ 127.066205789677852, 37.660322374012615 ], [ 127.066210039381914, 37.660402476985588 ], [ 127.066255851498568, 37.660457007489754 ], [ 127.066184361765337, 37.660484317627123 ], [ 127.066175822839597, 37.660529776929998 ], [ 127.066193027041223, 37.660568410369549 ], [ 127.06616733522786, 37.660634340582682 ], [ 127.066090195532382, 37.660734389157362 ], [ 127.06601873969467, 37.660800344067127 ], [ 127.065927271109189, 37.660868581493681 ], [ 127.065798517066952, 37.660816375742343 ], [ 127.065749893004508, 37.660823224185066 ], [ 127.065564563171307, 37.660857197933709 ], [ 127.065559746041473, 37.660857952029538 ], [ 127.065597987614296, 37.661022317519105 ], [ 127.06561317052342, 37.661087570756436 ], [ 127.065617859871281, 37.661107725803106 ], [ 127.065651391819799, 37.661251808294118 ], [ 127.065644921472781, 37.661254243643612 ], [ 127.065549341336691, 37.661290220722151 ], [ 127.065568384826847, 37.661395891639124 ], [ 127.065599448351207, 37.661568263618342 ], [ 127.065616293894905, 37.661661738260833 ], [ 127.065703416240027, 37.662145160781968 ], [ 127.065727438748496, 37.662299406183564 ], [ 127.065799313098111, 37.662760891880488 ], [ 127.065836611562119, 37.66300037255408 ], [ 127.065969278748085, 37.66298511600116 ], [ 127.066102158281637, 37.662966547173703 ], [ 127.066450679747192, 37.662917837125377 ], [ 127.066891239764416, 37.662856264642066 ], [ 127.066937621315972, 37.662849778296739 ], [ 127.068018968641724, 37.662332925473493 ], [ 127.068297878283317, 37.66219961281714 ], [ 127.068526512075564, 37.662090330854738 ] ] ] } },
{ "type": "Feature", "properties": { "area_type_code": "A", "area_type_name": "골목상권", "area_code": "3110424", "area_name": "상계초등학교", "source_admin_code": "11350640", "source_admin_name": "상계2동", "minimum_period_ratio": 0.68263473053892221, "mean_period_ratio": 0.70059880239520966, "access_tier": "base_50pct_all_periods" }, "geometry": { "type": "Polygon", "coordinates": [ [ [ 127.067176709160918, 37.659741367763594 ], [ 127.067677308491596, 37.659341298083405 ], [ 127.067730857582319, 37.659304157719198 ], [ 127.067740722476898, 37.659297313604299 ], [ 127.067769248150711, 37.659271475087188 ], [ 127.068144967401068, 37.658978266623187 ], [ 127.068272672692885, 37.65888315183053 ], [ 127.068295080527733, 37.658859857493532 ], [ 127.068484541383299, 37.659021564854399 ], [ 127.068379402490024, 37.659105549582954 ], [ 127.068321440821322, 37.659150162836966 ], [ 127.068124178105236, 37.659301999522022 ], [ 127.068631735698929, 37.659729115639323 ], [ 127.06842369237458, 37.659890031065217 ], [ 127.068466882200909, 37.659926091214501 ], [ 127.068494714798121, 37.659950166400527 ], [ 127.068487965406007, 37.659955807760582 ], [ 127.06849480886585, 37.659961270942702 ], [ 127.068711852651418, 37.660138102880751 ], [ 127.068714824183203, 37.660140523888934 ], [ 127.068717598365467, 37.660142780132396 ], [ 127.06881804420486, 37.660224624392484 ], [ 127.068910820141312, 37.660301789745255 ], [ 127.068912006508697, 37.660302775626846 ], [ 127.068998709016896, 37.660374894456488 ], [ 127.069004918628423, 37.6603701345432 ], [ 127.069013265303596, 37.660363734494105 ], [ 127.069201838516562, 37.660219023705586 ], [ 127.069202507831918, 37.660218508852537 ], [ 127.069242013341494, 37.660188189267579 ], [ 127.069243337249645, 37.660187172183363 ], [ 127.069382234601051, 37.660077291562118 ], [ 127.069388122394599, 37.660072632727648 ], [ 127.069562569059556, 37.65993462215522 ], [ 127.069566922317733, 37.659931176937725 ], [ 127.069835068275438, 37.659719040072275 ], [ 127.069875360611078, 37.659685976318286 ], [ 127.069876934708034, 37.659684686081292 ], [ 127.069877449968644, 37.659684262314748 ], [ 127.069832381082179, 37.659653591662618 ], [ 127.069270895519011, 37.659239891064864 ], [ 127.069414630171195, 37.659121371639074 ], [ 127.069545492239854, 37.659014930977641 ], [ 127.069607092518481, 37.658958620232873 ], [ 127.069805026349911, 37.658801511722864 ], [ 127.069283138508467, 37.658432413306343 ], [ 127.069249729693809, 37.658408781252767 ], [ 127.069301301096189, 37.658367010285254 ], [ 127.069434811799624, 37.658291161913198 ], [ 127.069403221825667, 37.658284457377746 ], [ 127.069399323663148, 37.658283630767997 ], [ 127.06909232581765, 37.658218567289296 ], [ 127.068914457083153, 37.658180819290514 ], [ 127.06882475333633, 37.658150958166758 ], [ 127.068579754975559, 37.658069407037331 ], [ 127.068576569157329, 37.658068020476499 ], [ 127.068336367548355, 37.657963121613406 ], [ 127.068129168268712, 37.657859860108729 ], [ 127.068123045736272, 37.657856809316314 ], [ 127.067950969955433, 37.657756204925583 ], [ 127.067914509485547, 37.657739547847989 ], [ 127.067913738534244, 37.657739198710907 ], [ 127.067514267188955, 37.657556505279643 ], [ 127.067512237776626, 37.65755557933079 ], [ 127.067489592281575, 37.657544019177081 ], [ 127.067137569226603, 37.657364249825044 ], [ 127.067073452868513, 37.657331507676687 ], [ 127.066692503177038, 37.657148470255095 ], [ 127.066599794954982, 37.657114770948887 ], [ 127.066430957081948, 37.657303923690755 ], [ 127.066239615070515, 37.65751251399324 ], [ 127.066235686390655, 37.657516796764106 ], [ 127.06612913400275, 37.657632864266112 ], [ 127.066095711774153, 37.657669272753544 ], [ 127.065985080691348, 37.657785829839021 ], [ 127.065945725114361, 37.657828125013182 ], [ 127.065944275888086, 37.657829684521914 ], [ 127.065609734707493, 37.658189237565374 ], [ 127.065608082791314, 37.658191005309391 ], [ 127.065547702027459, 37.658255294192898 ], [ 127.065429709637087, 37.658380923218019 ], [ 127.065349815568766, 37.658465986845002 ], [ 127.065292129103952, 37.658527419792122 ], [ 127.065012119251236, 37.658825567835223 ], [ 127.065057073117856, 37.658948061240885 ], [ 127.065185083724117, 37.658920311514599 ], [ 127.065356217239966, 37.658883212604806 ], [ 127.065535002873787, 37.65886572536845 ], [ 127.065566552905366, 37.658860631705494 ], [ 127.065695701421902, 37.658839785014834 ], [ 127.065692687755003, 37.658803522180925 ], [ 127.06589841529177, 37.658746544676319 ], [ 127.065972259996215, 37.658726093462299 ], [ 127.066017478270368, 37.658802471410802 ], [ 127.066205997522133, 37.658813119872043 ], [ 127.066240713301269, 37.658813699535472 ], [ 127.066273568174211, 37.658814248699841 ], [ 127.06628913577326, 37.658809804419803 ], [ 127.066593505350141, 37.658811275474477 ], [ 127.066607883598124, 37.658811346642956 ], [ 127.066615605405801, 37.659197639962215 ], [ 127.066603431631279, 37.659501063197382 ], [ 127.066607818245146, 37.659590642613708 ], [ 127.066611313761001, 37.659662101090063 ], [ 127.066574570591285, 37.659693815660361 ], [ 127.066512579397738, 37.659674702971103 ], [ 127.066343738464525, 37.659622646537393 ], [ 127.066200296828512, 37.659569768330478 ], [ 127.065936002582731, 37.659550325415076 ], [ 127.065871407003485, 37.659562919385081 ], [ 127.065823470972276, 37.659567676296881 ], [ 127.06575577235833, 37.659582849643243 ], [ 127.065709183691652, 37.659586180404695 ], [ 127.065414548231232, 37.659508324564101 ], [ 127.065374593526073, 37.659487851185276 ], [ 127.065360427567114, 37.659474118165349 ], [ 127.065191564104836, 37.65931450181148 ], [ 127.06521459951712, 37.659398475879669 ], [ 127.065211832635399, 37.659400526241413 ], [ 127.065213862636824, 37.659408578993528 ], [ 127.065214476745311, 37.659411004096455 ], [ 127.06525653252605, 37.659577792170346 ], [ 127.065286281026403, 37.659695777262939 ], [ 127.065286801935741, 37.659697891578304 ], [ 127.065291217936689, 37.659715410522104 ], [ 127.065298607353981, 37.659715647894878 ], [ 127.065421028987473, 37.659731016579855 ], [ 127.065538973603182, 37.659745845234376 ], [ 127.066118743361784, 37.659818587686388 ], [ 127.066272970856843, 37.659837938913711 ], [ 127.066359759520466, 37.659879181203429 ], [ 127.066386325527048, 37.65989182684757 ], [ 127.066402064980778, 37.659928668131997 ], [ 127.066412620635774, 37.659985845683039 ], [ 127.066429632306722, 37.660078052459809 ], [ 127.066475247899959, 37.66032530743 ], [ 127.066477297842994, 37.660337748828397 ], [ 127.066519829837517, 37.660595016312357 ], [ 127.066587630260273, 37.660536902599723 ], [ 127.066686034111541, 37.660452555694327 ], [ 127.066843877979878, 37.660317257874297 ], [ 127.066963575848746, 37.660214660098404 ], [ 127.066968252865124, 37.6602106489768 ], [ 127.066993462727908, 37.66019075000127 ], [ 127.06722908366126, 37.660004730858113 ], [ 127.06726597070795, 37.65997560722635 ], [ 127.067297577967196, 37.659950659040504 ], [ 127.067245101314214, 37.659879592517427 ], [ 127.067239792787049, 37.659848099032061 ], [ 127.067197502293297, 37.659814525530422 ], [ 127.067176709160918, 37.659741367763594 ] ] ] } },
{ "type": "Feature", "properties": { "area_type_code": "A", "area_type_name": "골목상권", "area_code": "3110415", "area_name": "수락산역 4번", "source_admin_code": "11350630", "source_admin_name": "상계1동", "minimum_period_ratio": 0.46407185628742514, "mean_period_ratio": 0.5119760479041916, "access_tier": "exploration_25pct_all_periods" }, "geometry": { "type": "Polygon", "coordinates": [ [ [ 127.055421001789853, 37.679539168670395 ], [ 127.055420707390269, 37.679160179380425 ], [ 127.055420534026808, 37.678942367881156 ], [ 127.055384971309849, 37.678678107726022 ], [ 127.055371365176228, 37.67857658823285 ], [ 127.055367775580791, 37.678549830850912 ], [ 127.055335107760058, 37.678283120443716 ], [ 127.055309968342328, 37.678086622463553 ], [ 127.055309814093206, 37.677811656423977 ], [ 127.05530974857281, 37.67778295036883 ], [ 127.055308518411152, 37.67771088705598 ], [ 127.055304486314057, 37.677474281091342 ], [ 127.055301051784554, 37.677272995912382 ], [ 127.055333477464671, 37.676609991746581 ], [ 127.055304421612945, 37.676049307201012 ], [ 127.055300555073941, 37.675974527750071 ], [ 127.055276941532, 37.675518761411062 ], [ 127.055276862771933, 37.675516499089312 ], [ 127.055276801995703, 37.67551403043489 ], [ 127.055269050648178, 37.6751242019957 ], [ 127.055268991068246, 37.675112647866101 ], [ 127.055268805201393, 37.674782598532765 ], [ 127.055274607225343, 37.674732911311636 ], [ 127.055314139613017, 37.674397087880557 ], [ 127.055368453202746, 37.674003688500314 ], [ 127.055374898611547, 37.673956602093227 ], [ 127.055198715821817, 37.673927065881969 ], [ 127.054488729197956, 37.673807980208764 ], [ 127.054431071961659, 37.673798259134898 ], [ 127.054193413301093, 37.673758193900582 ], [ 127.053930019552169, 37.67371379002833 ], [ 127.053907846188423, 37.673710052090414 ], [ 127.053562592017485, 37.673651812403008 ], [ 127.053502323056719, 37.673641643373045 ], [ 127.053232178011669, 37.673596061621453 ], [ 127.053166340190046, 37.673585975120112 ], [ 127.052737562689586, 37.673520289803633 ], [ 127.052560159439579, 37.673493121571845 ], [ 127.052139810514078, 37.673428719626308 ], [ 127.052121234304295, 37.67338167147971 ], [ 127.052079504659133, 37.673276023036486 ], [ 127.052123991793778, 37.673154273843195 ], [ 127.052129518662269, 37.67309894134624 ], [ 127.052101598803276, 37.672994928386053 ], [ 127.052221282465538, 37.672839945712617 ], [ 127.052229666277242, 37.672808089669147 ], [ 127.052257404266143, 37.672702712324273 ], [ 127.052307499129483, 37.672627441202835 ], [ 127.052349203289992, 37.672514540765562 ], [ 127.052357750923122, 37.672486889510495 ], [ 127.05239368530782, 37.672370663397103 ], [ 127.052471590651095, 37.672237835174386 ], [ 127.052549516427206, 37.672135983470895 ], [ 127.052600260886052, 37.67204896225239 ], [ 127.052623015579016, 37.672009930671479 ], [ 127.052558465161439, 37.6719989882235 ], [ 127.052436036965759, 37.671978235489675 ], [ 127.052214162064004, 37.67193773126926 ], [ 127.052140720028348, 37.672196522425125 ], [ 127.052014912361585, 37.672643046724275 ], [ 127.051939442397597, 37.672630510416042 ], [ 127.051912541002977, 37.672640584399673 ], [ 127.051882466139247, 37.672654444788485 ], [ 127.051795553671781, 37.672643940625122 ], [ 127.051793794036982, 37.672658005689584 ], [ 127.051761916939284, 37.672652396669676 ], [ 127.05175422126959, 37.67266833927701 ], [ 127.051575278263854, 37.672641989225291 ], [ 127.051587924426158, 37.672600449435429 ], [ 127.051548334423131, 37.672589141430926 ], [ 127.051524513928641, 37.672496017574993 ], [ 127.051472249397506, 37.672467091919131 ], [ 127.051402528321077, 37.672397909068529 ], [ 127.051381830347594, 37.672226749970449 ], [ 127.051368982778087, 37.671949878198305 ], [ 127.051383153833839, 37.671831565278389 ], [ 127.051389335470134, 37.671779935545032 ], [ 127.051133387158444, 37.671728779233206 ], [ 127.051133242762972, 37.671767782709274 ], [ 127.051131606153163, 37.672222314169737 ], [ 127.051117284617604, 37.672637505313617 ], [ 127.051104272140321, 37.673014685333882 ], [ 127.051099707149774, 37.673308449887273 ], [ 127.051098978542711, 37.673355093912143 ], [ 127.051098836247675, 37.673364129897237 ], [ 127.051017374311783, 37.673370390930003 ], [ 127.050604979705, 37.673402079446866 ], [ 127.05052371647507, 37.673398932926425 ], [ 127.050532978296587, 37.673452139906743 ], [ 127.050575395849876, 37.673695942088017 ], [ 127.050625817962498, 37.673985410553826 ], [ 127.050643462269861, 37.674115144913742 ], [ 127.050661009767126, 37.674244112576254 ], [ 127.051316133370861, 37.674256007899338 ], [ 127.051304073161532, 37.674301343219661 ], [ 127.051267042109785, 37.674608427495343 ], [ 127.051299841767928, 37.674767436981334 ], [ 127.051344873720254, 37.674985757098973 ], [ 127.051226239454266, 37.675006205953892 ], [ 127.051223733075091, 37.675083548902933 ], [ 127.051238809644417, 37.675087397644305 ], [ 127.051277690329186, 37.675087372638046 ], [ 127.051294816018057, 37.675087435467567 ], [ 127.051288210439807, 37.675141209681954 ], [ 127.05127542433776, 37.675245465745341 ], [ 127.051203892719656, 37.675253650683487 ], [ 127.051154128056353, 37.67526590667444 ], [ 127.050997573406747, 37.67536868249622 ], [ 127.050883253083981, 37.675447736034023 ], [ 127.050882049990392, 37.675516878596362 ], [ 127.050902016054565, 37.675622535015918 ], [ 127.051064991953226, 37.675820978201934 ], [ 127.05119983002777, 37.675908495816671 ], [ 127.051195105419922, 37.675944897423655 ], [ 127.051214656686128, 37.676026777124171 ], [ 127.051376346867656, 37.676199345206278 ], [ 127.051444180015977, 37.676215010693795 ], [ 127.051495900387295, 37.676226954927088 ], [ 127.051514481357344, 37.676231243582016 ], [ 127.051507491856711, 37.676305126917406 ], [ 127.051563426974468, 37.676498992264307 ], [ 127.051591900214973, 37.676546811887746 ], [ 127.050924569251833, 37.676562876252525 ], [ 127.05116462890912, 37.677175312818392 ], [ 127.051165025220769, 37.677176320841873 ], [ 127.051368143670615, 37.677878666308153 ], [ 127.051379620303422, 37.677918351227561 ], [ 127.051618363436532, 37.678850610407274 ], [ 127.051764514668719, 37.678824535097334 ], [ 127.052088594597294, 37.678766725272133 ], [ 127.052702163115725, 37.678657205423335 ], [ 127.053296937510439, 37.678572175872702 ], [ 127.053315484766159, 37.678656700914615 ], [ 127.053315533512446, 37.678727986325747 ], [ 127.053339183535257, 37.678765501393947 ], [ 127.053199441072181, 37.679021537049834 ], [ 127.053349764403038, 37.678999524010855 ], [ 127.053636333485997, 37.678958396803317 ], [ 127.054248547674845, 37.678870529957081 ], [ 127.054568512224577, 37.678816093881302 ], [ 127.054574180700854, 37.678815163250455 ], [ 127.054573211543229, 37.678857049295537 ], [ 127.054557851375264, 37.679524487833618 ], [ 127.054557797082339, 37.679527748500121 ], [ 127.05513513901262, 37.679523857178737 ], [ 127.055401104827567, 37.679537998637599 ], [ 127.0554205358806, 37.679539177899109 ], [ 127.055421001789853, 37.679539168670395 ] ], [ [ 127.051827719901482, 37.677561547745668 ], [ 127.052037587542188, 37.677540591368164 ], [ 127.052050408490061, 37.677608879006982 ], [ 127.052108319268456, 37.677619143514789 ], [ 127.052173745010279, 37.677594366503492 ], [ 127.052415781184507, 37.677421428914904 ], [ 127.052423418109839, 37.677368223618608 ], [ 127.052493163254454, 37.677344551812226 ], [ 127.052513660231526, 37.677298863958825 ], [ 127.052510400209101, 37.677218668377193 ], [ 127.052506554205181, 37.677124097936534 ], [ 127.052503250393471, 37.677042868047977 ], [ 127.052495328846661, 37.676848043885762 ], [ 127.052354251284029, 37.67684212229176 ], [ 127.052344599151482, 37.676584323151523 ], [ 127.052342543972898, 37.676529440026194 ], [ 127.052627746572384, 37.676527501240621 ], [ 127.053043534688882, 37.676524716553452 ], [ 127.053051378958855, 37.676524667976359 ], [ 127.053071542807345, 37.676524534569708 ], [ 127.053258958448566, 37.67652328872601 ], [ 127.053498338949595, 37.676521696474396 ], [ 127.05351019943727, 37.676521619916592 ], [ 127.053740738149259, 37.676520121282081 ], [ 127.053858864331175, 37.67651891054151 ], [ 127.053867379991033, 37.676569475000235 ], [ 127.053883761284581, 37.676666744417574 ], [ 127.053899651818099, 37.676743690672531 ], [ 127.053925645392624, 37.676874706359754 ], [ 127.053985951891619, 37.677015909923561 ], [ 127.054025711611928, 37.677109005186736 ], [ 127.054110359131855, 37.677114948881879 ], [ 127.054259934487604, 37.677164219571011 ], [ 127.054406686921851, 37.677211247934736 ], [ 127.054537453584814, 37.677254912946438 ], [ 127.054627138408208, 37.67728486052367 ], [ 127.054286366704304, 37.67770481815473 ], [ 127.054150734428532, 37.677833250166024 ], [ 127.053866994988823, 37.678101892500599 ], [ 127.053565450149506, 37.678263046455889 ], [ 127.053230751379317, 37.678302881600658 ], [ 127.053156190309068, 37.678295138881573 ], [ 127.052736132279946, 37.678251509254359 ], [ 127.052341380211274, 37.678148481590483 ], [ 127.052170858105711, 37.678108032019637 ], [ 127.051841695328989, 37.678029948780882 ], [ 127.051840744851845, 37.677947733982798 ], [ 127.051837613199993, 37.677676309182729 ], [ 127.051766716560905, 37.677568907603856 ], [ 127.051766488022224, 37.677567917528414 ], [ 127.051827719901482, 37.677561547745668 ] ] ] } },
{ "type": "Feature", "properties": { "area_type_code": "A", "area_type_name": "골목상권", "area_code": "3110423", "area_name": "석계역 2번", "source_admin_code": "11350560", "source_admin_name": "월계1동", "minimum_period_ratio": 0.97904191616766467, "mean_period_ratio": 0.98203592814371243, "access_tier": "core_80pct_all_periods" }, "geometry": { "type": "Polygon", "coordinates": [ [ [ 127.061498728564175, 37.62324512670331 ], [ 127.06158202450672, 37.623096260907836 ], [ 127.061700182413048, 37.622885074463404 ], [ 127.061952165254155, 37.622443255074103 ], [ 127.062060052928388, 37.62225408746059 ], [ 127.062325723211998, 37.621793613194093 ], [ 127.062469047482324, 37.621823407839798 ], [ 127.062512990549649, 37.62172281996353 ], [ 127.062553076006353, 37.621631066493528 ], [ 127.062499387109, 37.621509913039333 ], [ 127.062676833299477, 37.621183387574689 ], [ 127.062921499827581, 37.620726931533568 ], [ 127.062937795594166, 37.620696530732218 ], [ 127.062997771685673, 37.62058464563134 ], [ 127.063088941593961, 37.620580073965911 ], [ 127.063205485812162, 37.620318918018839 ], [ 127.06323226066128, 37.620263738006841 ], [ 127.06329575979511, 37.620123746352327 ], [ 127.063319220021384, 37.62007504349468 ], [ 127.063476531664236, 37.620118327115506 ], [ 127.063491940275213, 37.620084067781889 ], [ 127.0636375548833, 37.619757022732408 ], [ 127.063766133845675, 37.619458229053087 ], [ 127.063782481413213, 37.619420243586227 ], [ 127.063975236308707, 37.61898874631045 ], [ 127.064037591501261, 37.618847770067866 ], [ 127.064124074146903, 37.618870595580631 ], [ 127.064213679188825, 37.618693973967218 ], [ 127.064227655990535, 37.618665613174912 ], [ 127.06430445698831, 37.61848545757266 ], [ 127.064408627859422, 37.61825412888733 ], [ 127.06454632577757, 37.617943253364906 ], [ 127.064613217524965, 37.617790338924905 ], [ 127.064670999267889, 37.617675784494274 ], [ 127.06476724863424, 37.61748409426481 ], [ 127.064846922833141, 37.617286827835542 ], [ 127.064888878966286, 37.617209663978308 ], [ 127.064928777980242, 37.617136283584891 ], [ 127.064933540935712, 37.617128569407349 ], [ 127.064953800163977, 37.617122444152898 ], [ 127.064955485130426, 37.617121935068162 ], [ 127.064956560849737, 37.617121573179837 ], [ 127.065044874378714, 37.617083225334014 ], [ 127.065048430741683, 37.617081682684109 ], [ 127.065061758315878, 37.617075889191447 ], [ 127.065070075083838, 37.617256089423861 ], [ 127.065121692176916, 37.617269315385208 ], [ 127.06571460938477, 37.617436282148994 ], [ 127.065780599385775, 37.617454864299361 ], [ 127.065935760990726, 37.617111318365062 ], [ 127.065964889808043, 37.617052353140004 ], [ 127.065986827678628, 37.617007931172935 ], [ 127.065948664264937, 37.616826535853164 ], [ 127.065934722692319, 37.616760261552834 ], [ 127.065861276860673, 37.616756982425805 ], [ 127.065840031061725, 37.616581762903358 ], [ 127.065805024384332, 37.616293063477023 ], [ 127.065910241045174, 37.616285150843439 ], [ 127.066048969570119, 37.616274712814942 ], [ 127.066236838805537, 37.616258491538581 ], [ 127.066207374648812, 37.616044687355156 ], [ 127.06617560765757, 37.615852236968436 ], [ 127.066235298434563, 37.615709462613566 ], [ 127.066272675375771, 37.615697548583555 ], [ 127.066403530656572, 37.615712344032474 ], [ 127.066431612114229, 37.615636960558504 ], [ 127.066432616133469, 37.615633698415721 ], [ 127.066541474157603, 37.615281075854753 ], [ 127.066571264322675, 37.61524237601995 ], [ 127.066571653499707, 37.615241870345947 ], [ 127.066595229230984, 37.615141369813614 ], [ 127.06640140208998, 37.615099311880272 ], [ 127.066232085180545, 37.615062098003648 ], [ 127.066187417763061, 37.615052280667797 ], [ 127.066063881031624, 37.615026552792273 ], [ 127.06598442701879, 37.615010324494747 ], [ 127.065951438727751, 37.615003592730631 ], [ 127.065880388166093, 37.614989081455036 ], [ 127.065830497177416, 37.614978037951843 ], [ 127.065808431409693, 37.614973155189212 ], [ 127.065645969754371, 37.614937195328295 ], [ 127.065541965069514, 37.614917232275374 ], [ 127.065469737243959, 37.614902015031205 ], [ 127.065464602065376, 37.614900932189009 ], [ 127.06515135536884, 37.614834932452162 ], [ 127.064962535595626, 37.614793631624252 ], [ 127.064906673838564, 37.614781517038523 ], [ 127.064856184994369, 37.614771652845583 ], [ 127.064836785841138, 37.614765781853158 ], [ 127.064807098317615, 37.614906602827006 ], [ 127.06479251595627, 37.614964385814105 ], [ 127.064745191592735, 37.61515178673649 ], [ 127.064725055595019, 37.615231537053752 ], [ 127.064715505252124, 37.615269516247331 ], [ 127.064679121382198, 37.615385789818376 ], [ 127.064642737399211, 37.615502063376006 ], [ 127.064631000669465, 37.615539686066327 ], [ 127.064469822211223, 37.616017345764583 ], [ 127.064312358639071, 37.616483974184163 ], [ 127.064311001856922, 37.61648808433057 ], [ 127.064301624798517, 37.61651595700414 ], [ 127.064199974721163, 37.616818037986725 ], [ 127.064183151797636, 37.6168542200083 ], [ 127.064152387779245, 37.61692043323324 ], [ 127.064149641677474, 37.616926416386043 ], [ 127.063923503342068, 37.617845094587921 ], [ 127.063884323278572, 37.618004445611639 ], [ 127.063797438752772, 37.618294796325571 ], [ 127.063769636219916, 37.618380097063813 ], [ 127.063647965263229, 37.61875344471828 ], [ 127.063556652785792, 37.619033636266806 ], [ 127.063421080299406, 37.619449636683605 ], [ 127.063242127289854, 37.619930233957248 ], [ 127.063180711997589, 37.620095170115803 ], [ 127.062841769270534, 37.620669811768593 ], [ 127.062841372292951, 37.620670533670996 ], [ 127.062624774882281, 37.621066718417829 ], [ 127.062298775117426, 37.621663004078236 ], [ 127.062086486802883, 37.622051295551323 ], [ 127.061865755051173, 37.622420460382259 ], [ 127.061426264609125, 37.623155478385435 ], [ 127.061306940807626, 37.623141573337868 ], [ 127.061289086434542, 37.62313902380928 ], [ 127.061272753053998, 37.623209249824129 ], [ 127.061498728564175, 37.62324512670331 ] ] ] } },
{ "type": "Feature", "properties": { "area_type_code": "A", "area_type_name": "골목상권", "area_code": "3110436", "area_name": "상계제일중학교", "source_admin_code": "11350624", "source_admin_name": "중계4동", "minimum_period_ratio": 0.53293413173652693, "mean_period_ratio": 0.58383233532934131, "access_tier": "base_50pct_all_periods" }, "geometry": { "type": "Polygon", "coordinates": [ [ [ 127.076771251250278, 37.660575345424562 ], [ 127.076986073521624, 37.660375677688457 ], [ 127.076992828523672, 37.660421047602576 ], [ 127.077091820929766, 37.660371601961181 ], [ 127.077199671211773, 37.660317731125893 ], [ 127.077171612313606, 37.660300138903715 ], [ 127.077145643374877, 37.660262928240172 ], [ 127.077122296114808, 37.660205171678747 ], [ 127.077117300508206, 37.660162515277193 ], [ 127.077133322017104, 37.660059305489476 ], [ 127.07692990421944, 37.660003856783213 ], [ 127.076900335544792, 37.6600023786321 ], [ 127.076897955822361, 37.659666397890113 ], [ 127.076889331646868, 37.659666727865194 ], [ 127.076775211411572, 37.659671035007143 ], [ 127.076068163079483, 37.659689864086666 ], [ 127.075897261475887, 37.659691954528 ], [ 127.075791323006854, 37.659692264105594 ], [ 127.075789142176873, 37.659642882711232 ], [ 127.075782984875602, 37.659503505729099 ], [ 127.075822960077303, 37.659507885840156 ], [ 127.07593325766193, 37.659442576621437 ], [ 127.07606318855747, 37.659204033730227 ], [ 127.076108015830783, 37.65908348321468 ], [ 127.076026071034988, 37.658873364079767 ], [ 127.076068461487708, 37.658821594278294 ], [ 127.076110889794464, 37.658808072908684 ], [ 127.076235291557538, 37.658695515832136 ], [ 127.076246443058949, 37.658535783498735 ], [ 127.076503953962586, 37.658540116273798 ], [ 127.076784094552863, 37.658544442768523 ], [ 127.076894738914163, 37.658546151035345 ], [ 127.076895174060553, 37.658970259020215 ], [ 127.076895381517474, 37.659172501318572 ], [ 127.077248496586947, 37.659151320080383 ], [ 127.077261223096542, 37.659659349999394 ], [ 127.077391149117204, 37.659657846684667 ], [ 127.077828593667647, 37.659646212816639 ], [ 127.077873487070136, 37.659639192472767 ], [ 127.077923684621808, 37.659631329794273 ], [ 127.077945259373223, 37.659627955780259 ], [ 127.077953328373809, 37.659626692678053 ], [ 127.077961703482501, 37.659582187667368 ], [ 127.077999556973523, 37.659425941460306 ], [ 127.078006756725699, 37.659334798814356 ], [ 127.078007702163035, 37.659289553599429 ], [ 127.078009448098328, 37.659193769096802 ], [ 127.077976258869484, 37.659120831356091 ], [ 127.077961148920068, 37.659087624855893 ], [ 127.077866547815574, 37.658962108527895 ], [ 127.077852579392172, 37.658935614473172 ], [ 127.077696816412242, 37.658640170874868 ], [ 127.077687128311354, 37.658619950217833 ], [ 127.07762159613813, 37.658592378270384 ], [ 127.077273979029954, 37.658446115890499 ], [ 127.077097060441687, 37.658371675419168 ], [ 127.077035300811247, 37.658345690010648 ], [ 127.077006601363919, 37.658341374126486 ], [ 127.076909207679634, 37.658352762104592 ], [ 127.076750927259454, 37.658359259461612 ], [ 127.0762670175002, 37.658320313043575 ], [ 127.076247858737702, 37.658318771235486 ], [ 127.076200798273163, 37.658314983284441 ], [ 127.075660243446777, 37.658275753808979 ], [ 127.075326963050486, 37.658251564012943 ], [ 127.075192670584357, 37.658241818179128 ], [ 127.075205408860214, 37.658326157263069 ], [ 127.075237594094673, 37.658539246837933 ], [ 127.075267002481112, 37.65873393021225 ], [ 127.075281348548899, 37.658828967411779 ], [ 127.075344987846591, 37.659250549224829 ], [ 127.075380935726955, 37.659488680005815 ], [ 127.075410228616875, 37.659682719184715 ], [ 127.075411527102489, 37.659691393905376 ], [ 127.07541181243576, 37.659693375882249 ], [ 127.075416159771038, 37.659722448676519 ], [ 127.075444222890681, 37.659908346456021 ], [ 127.075503201957474, 37.66029899949379 ], [ 127.075565353265716, 37.660710336074231 ], [ 127.075567566790397, 37.660725001731336 ], [ 127.075580743019245, 37.660812333518173 ], [ 127.075629194535551, 37.661133437423779 ], [ 127.075629707689785, 37.661136545480147 ], [ 127.075733272194114, 37.661136814199054 ], [ 127.076348806678837, 37.661138417579487 ], [ 127.076353089431436, 37.661138296778859 ], [ 127.076697883157848, 37.661128463228934 ], [ 127.076755635119056, 37.661126817412466 ], [ 127.076760459216544, 37.661109809152954 ], [ 127.076787451072477, 37.661017712200163 ], [ 127.076817162175402, 37.660921650953249 ], [ 127.076822206837107, 37.66090534621339 ], [ 127.0768572302363, 37.660792145731214 ], [ 127.076835386282525, 37.660686446021309 ], [ 127.076828552220022, 37.660653368240034 ], [ 127.076771251250278, 37.660575345424562 ] ] ] } },
{ "type": "Feature", "properties": { "area_type_code": "A", "area_type_name": "골목상권", "area_code": "3110431", "area_name": "상계역", "source_admin_code": "11350624", "source_admin_name": "중계4동", "minimum_period_ratio": 0.53293413173652693, "mean_period_ratio": 0.58383233532934131, "access_tier": "base_50pct_all_periods" }, "geometry": { "type": "Polygon", "coordinates": [ [ [ 127.075850997846246, 37.662462706230265 ], [ 127.075741954447935, 37.661809223519271 ], [ 127.075599973259571, 37.661823630290812 ], [ 127.075409792325246, 37.661842917696596 ], [ 127.075286670227271, 37.661855404655903 ], [ 127.075285509826472, 37.661855549553515 ], [ 127.075263725093194, 37.66178640504215 ], [ 127.075223076669275, 37.661657393347383 ], [ 127.075239286587504, 37.661615549551307 ], [ 127.075253181214137, 37.66158170884384 ], [ 127.075195842381049, 37.661507919910811 ], [ 127.0752229199163, 37.661498676598782 ], [ 127.075148530101913, 37.661399057471364 ], [ 127.075095941283635, 37.66142984956079 ], [ 127.07497896548854, 37.661311193566817 ], [ 127.074954996940647, 37.661322891823474 ], [ 127.074910034854383, 37.661251563571447 ], [ 127.074834924444062, 37.661201163503961 ], [ 127.074913063127951, 37.661183888945942 ], [ 127.075032212529223, 37.661151822074828 ], [ 127.074928552407641, 37.660907594097907 ], [ 127.074916110692016, 37.660878278662651 ], [ 127.075106526357033, 37.660822063380017 ], [ 127.075207722460789, 37.660789323013923 ], [ 127.075428612189114, 37.660737990917767 ], [ 127.075435433225593, 37.660736400828732 ], [ 127.075567566790397, 37.660725001731336 ], [ 127.075565353265716, 37.660710336074231 ], [ 127.075503201957474, 37.66029899949379 ], [ 127.075444222890681, 37.659908346456021 ], [ 127.075416159771038, 37.659722448676519 ], [ 127.07541181243576, 37.659693375882249 ], [ 127.075411527102489, 37.659691393905376 ], [ 127.075280702312398, 37.65974008451866 ], [ 127.075108003467108, 37.659804377823839 ], [ 127.075098226617101, 37.659808015003911 ], [ 127.074789585352434, 37.659914468342649 ], [ 127.074760179632918, 37.659849381161315 ], [ 127.074696667419403, 37.6596966428678 ], [ 127.074589529124793, 37.659663335605252 ], [ 127.074552545540129, 37.659651836332742 ], [ 127.074445147239175, 37.659632676314658 ], [ 127.074305532251387, 37.659607769314363 ], [ 127.074231015039743, 37.65959447269443 ], [ 127.074193521807089, 37.659587783069199 ], [ 127.07403225362529, 37.659548874594861 ], [ 127.073953282561519, 37.6595298197186 ], [ 127.073923804880536, 37.659522709629591 ], [ 127.073831708178048, 37.659500539193729 ], [ 127.073747490153849, 37.659471340609436 ], [ 127.073556325940388, 37.659405067539275 ], [ 127.07345840688869, 37.659408545980597 ], [ 127.073455834365319, 37.659408636779744 ], [ 127.073453143438797, 37.659398978131271 ], [ 127.073422858429808, 37.659346468860278 ], [ 127.073372407908366, 37.659292189984292 ], [ 127.073311664780576, 37.659211417813388 ], [ 127.072890660037984, 37.659557397046107 ], [ 127.072756059105558, 37.659664496924925 ], [ 127.072722472630645, 37.659684662681201 ], [ 127.072697464836978, 37.659699678536867 ], [ 127.072566319377643, 37.659798005913395 ], [ 127.072565616105649, 37.65979853702413 ], [ 127.072549107806623, 37.659810911347321 ], [ 127.072488578473255, 37.659856294056191 ], [ 127.072404746074952, 37.659953305564976 ], [ 127.072410307411729, 37.65996045684507 ], [ 127.072410568468499, 37.659960862126475 ], [ 127.072519766966437, 37.660132034677339 ], [ 127.072694592677848, 37.660302554930013 ], [ 127.072700394011292, 37.660308214022869 ], [ 127.072891778738352, 37.660535836079703 ], [ 127.073394086694051, 37.660985348557062 ], [ 127.074203525051828, 37.661709691468573 ], [ 127.074205056346756, 37.661710977106431 ], [ 127.074341602928257, 37.661825852723219 ], [ 127.074330491517983, 37.661829179841142 ], [ 127.074283935432604, 37.661900350641552 ], [ 127.074280551492805, 37.661905136982469 ], [ 127.074330654146749, 37.66194909042013 ], [ 127.074694923014135, 37.662268608605658 ], [ 127.074904188427396, 37.662452164325465 ], [ 127.074949584134558, 37.662490760548337 ], [ 127.075154589089721, 37.662665046527586 ], [ 127.075239146766677, 37.662736933255047 ], [ 127.075246298318589, 37.662736981851097 ], [ 127.075310502527074, 37.662737463446035 ], [ 127.075340243251603, 37.662737680511178 ], [ 127.075480688105984, 37.662743267805752 ], [ 127.075489171648968, 37.662743604749615 ], [ 127.075552592314651, 37.662745930121368 ], [ 127.07571685860951, 37.662751950563035 ], [ 127.075777201271919, 37.662754462490888 ], [ 127.07577239861574, 37.662746059423156 ], [ 127.075640976531247, 37.662565225878964 ], [ 127.07573662727313, 37.662560660499274 ], [ 127.075927457219294, 37.66255150458322 ], [ 127.075894435213115, 37.662513158457266 ], [ 127.07587796961387, 37.662494041222317 ], [ 127.075850997846246, 37.662462706230265 ] ] ] } },
{ "type": "Feature", "properties": { "area_type_code": "R", "area_type_name": "전통시장", "area_code": "3130194", "area_name": "용강동 상점가", "source_admin_code": "11440590", "source_admin_name": "용강동", "minimum_period_ratio": 0.3473053892215569, "mean_period_ratio": 0.39221556886227549, "access_tier": "exploration_25pct_all_periods" }, "geometry": { "type": "Polygon", "coordinates": [ [ [ 126.940894974542601, 37.541779804380454 ], [ 126.941100049402777, 37.54163553967674 ], [ 126.941268066584342, 37.541774844922209 ], [ 126.94128962260838, 37.541797372522652 ], [ 126.941524451667249, 37.541794667110203 ], [ 126.941781085664871, 37.542050433627331 ], [ 126.942201329166309, 37.54176644497182 ], [ 126.942391477823747, 37.541636853407645 ], [ 126.942340680719724, 37.541592212014216 ], [ 126.942249251053909, 37.541511870246921 ], [ 126.942006291785987, 37.541298365623057 ], [ 126.941893837471468, 37.541205705593669 ], [ 126.94181505616335, 37.541140811942377 ], [ 126.94182010663188, 37.541137246471905 ], [ 126.942015705736424, 37.540999214915331 ], [ 126.942121561176748, 37.540924629829014 ], [ 126.942505773158217, 37.54065394725356 ], [ 126.942764369303958, 37.540664618175704 ], [ 126.942786043739815, 37.540684875045194 ], [ 126.942803976545861, 37.540672198556287 ], [ 126.942826178594828, 37.54065647695041 ], [ 126.942842432330409, 37.54064959397229 ], [ 126.942878163471732, 37.54063581695474 ], [ 126.942917156079972, 37.540622907363755 ], [ 126.942983232616825, 37.540597927531586 ], [ 126.943022720918393, 37.540581872754665 ], [ 126.943078545311778, 37.540559179164433 ], [ 126.943160863629828, 37.540526449452003 ], [ 126.943190318558109, 37.540509192360297 ], [ 126.943202024682122, 37.540502332372668 ], [ 126.943258237034883, 37.540475204162604 ], [ 126.943328754546314, 37.54044118203398 ], [ 126.943495563172775, 37.540363661555645 ], [ 126.94362229369429, 37.540302510900645 ], [ 126.94364471509185, 37.540292645743513 ], [ 126.943743608465866, 37.540249112434822 ], [ 126.943846510929831, 37.540199157721354 ], [ 126.94388500111198, 37.540187283720634 ], [ 126.943919444037334, 37.540219034198877 ], [ 126.943984805052168, 37.540282919981728 ], [ 126.94420137599613, 37.540468285199097 ], [ 126.944335882038047, 37.540583409058215 ], [ 126.944475058713735, 37.540699416136015 ], [ 126.944486184467209, 37.540709098104543 ], [ 126.944529401827012, 37.540746684698398 ], [ 126.944544634603147, 37.540759932044644 ], [ 126.94462667104365, 37.540830853995672 ], [ 126.944628853469425, 37.540832738108556 ], [ 126.944728275276375, 37.540912000584598 ], [ 126.9447391642138, 37.540920683209407 ], [ 126.944757241134596, 37.540933147988973 ], [ 126.944778260765901, 37.540947640490351 ], [ 126.944867013550535, 37.541008834615631 ], [ 126.944868214111224, 37.541007266535608 ], [ 126.944912024254293, 37.540950173507902 ], [ 126.944897345092571, 37.540927147016411 ], [ 126.944860820861692, 37.540864275323273 ], [ 126.944837767342847, 37.540810619030211 ], [ 126.944818555332034, 37.540750829619768 ], [ 126.944812820779276, 37.540701776511447 ], [ 126.944807094128606, 37.540628198191527 ], [ 126.944799011200573, 37.540575234545713 ], [ 126.944791211477551, 37.540520306851676 ], [ 126.944781982167825, 37.540455323330043 ], [ 126.944778669772077, 37.540316351565728 ], [ 126.944775352498581, 37.540185543755584 ], [ 126.944768558291557, 37.54011741597742 ], [ 126.944750660028646, 37.540082374927373 ], [ 126.944730969812795, 37.540043824542174 ], [ 126.944679699203562, 37.539956601764715 ], [ 126.94458738831301, 37.539858457614002 ], [ 126.944555314400233, 37.53982548308101 ], [ 126.944540288245335, 37.539810031985333 ], [ 126.944457447753351, 37.539724876488165 ], [ 126.944276204487792, 37.539550392650746 ], [ 126.944193756302909, 37.539471009857017 ], [ 126.944231784271921, 37.539444124863536 ], [ 126.944141777814934, 37.539351199135581 ], [ 126.943841837221541, 37.539083539161879 ], [ 126.943550948797736, 37.539282091698077 ], [ 126.943156079249661, 37.53955216804016 ], [ 126.943128728165476, 37.539570876749387 ], [ 126.942782505541203, 37.539817126679317 ], [ 126.942651911699471, 37.539927712426895 ], [ 126.942649488719454, 37.539929765529969 ], [ 126.942592477032733, 37.539981400261389 ], [ 126.942302299686204, 37.540189573614462 ], [ 126.942204551612477, 37.540259692980484 ], [ 126.941967803547385, 37.540424822045125 ], [ 126.941818202957251, 37.540529166201871 ], [ 126.941514203098109, 37.54074197093523 ], [ 126.941452195169433, 37.540785366595088 ], [ 126.941380148237229, 37.540831848569226 ], [ 126.941029160254573, 37.541079883925626 ], [ 126.940468886668654, 37.541478275346172 ], [ 126.940443257283064, 37.541493011787274 ], [ 126.940406419215165, 37.541460593254854 ], [ 126.940345928373716, 37.541404798942231 ], [ 126.940071958324751, 37.541166497175297 ], [ 126.9399715876458, 37.541078264453446 ], [ 126.939923438179846, 37.541109360497572 ], [ 126.939705432067512, 37.541266970284987 ], [ 126.939662176048031, 37.541298244414932 ], [ 126.939562428715149, 37.541357729662707 ], [ 126.939526157065202, 37.541381089331615 ], [ 126.939539528504099, 37.541453635661206 ], [ 126.939565649527992, 37.541595420425317 ], [ 126.93959756468756, 37.541753263957219 ], [ 126.93964837793439, 37.542016029527083 ], [ 126.939690943812238, 37.542223973139023 ], [ 126.939709465090644, 37.542307864752146 ], [ 126.939719317623855, 37.542352515209409 ], [ 126.939738231384837, 37.542442308563331 ], [ 126.939831846746543, 37.542519842256851 ], [ 126.939606112079474, 37.542677893878235 ], [ 126.939779821957046, 37.54270703261718 ], [ 126.939791646087812, 37.542721688897799 ], [ 126.939798197534259, 37.542737387648629 ], [ 126.939806712326714, 37.542769827969728 ], [ 126.939823728926498, 37.5428551153394 ], [ 126.939846605411887, 37.542995853195201 ], [ 126.93985937513331, 37.54304486505778 ], [ 126.939862610819787, 37.543058209605938 ], [ 126.939880327529607, 37.543131370768961 ], [ 126.93990914054784, 37.543250668744115 ], [ 126.939930086895899, 37.543343445396005 ], [ 126.939940483585744, 37.543374472092502 ], [ 126.939974609680931, 37.543348091064011 ], [ 126.939999006683806, 37.543320298622447 ], [ 126.940029906513786, 37.543267291406757 ], [ 126.940069689657804, 37.543200684501464 ], [ 126.940082658729736, 37.543178979700379 ], [ 126.940083581044561, 37.543177436756409 ], [ 126.940172239234229, 37.543009997631209 ], [ 126.940218191127812, 37.542922342847334 ], [ 126.940257644753075, 37.542847087915213 ], [ 126.940304565728638, 37.542754319512568 ], [ 126.940314789471344, 37.542734115262562 ], [ 126.940374571664705, 37.542619685193664 ], [ 126.940401404342495, 37.542572171016417 ], [ 126.940477031640683, 37.542452900610073 ], [ 126.940515439804173, 37.542405393140733 ], [ 126.940558644527712, 37.542346446280128 ], [ 126.94058907603916, 37.542312223612548 ], [ 126.940595915561062, 37.542305856986715 ], [ 126.940643048505564, 37.542271607566548 ], [ 126.940680425644985, 37.542241236535055 ], [ 126.940740571595896, 37.542192118109249 ], [ 126.940823458665179, 37.5421190904135 ], [ 126.940844335057236, 37.54209091850808 ], [ 126.940850281944591, 37.54208288457091 ], [ 126.940925878067645, 37.542000158394146 ], [ 126.94094051896667, 37.541974298920536 ], [ 126.940934847361817, 37.541963302987917 ], [ 126.940895078140755, 37.541930946214194 ], [ 126.940795399108524, 37.541849850466328 ], [ 126.940822085188628, 37.541831078902028 ], [ 126.940894974542601, 37.541779804380454 ] ] ] } },
{ "type": "Feature", "properties": { "area_type_code": "D", "area_type_name": "발달상권", "area_code": "3120107", "area_name": "공덕역(공덕오거리)", "source_admin_code": "11440585", "source_admin_name": "도화동", "minimum_period_ratio": 0.47005988023952094, "mean_period_ratio": 0.50199600798403188, "access_tier": "exploration_25pct_all_periods" }, "geometry": { "type": "Polygon", "coordinates": [ [ [ 126.954521101506344, 37.546544539135077 ], [ 126.954483094538944, 37.546449550192392 ], [ 126.95440363476591, 37.546250975405009 ], [ 126.954387479913095, 37.546208605094769 ], [ 126.954372556538402, 37.546169477953242 ], [ 126.954305287457885, 37.54619977866605 ], [ 126.954059121899576, 37.54630640287489 ], [ 126.953820102641643, 37.546424299959313 ], [ 126.953770069680928, 37.546448975861857 ], [ 126.95368327174657, 37.546494512572508 ], [ 126.953659515721966, 37.546445778130227 ], [ 126.953070532007843, 37.545645673741433 ], [ 126.953044966328534, 37.545600208175088 ], [ 126.953011860290005, 37.545541349855291 ], [ 126.952812122610226, 37.545267798958449 ], [ 126.952605964603876, 37.544985460392915 ], [ 126.952483847140925, 37.544828755490855 ], [ 126.952457119667031, 37.544794460812639 ], [ 126.952392595745962, 37.5447116600199 ], [ 126.952294574943096, 37.544565388287637 ], [ 126.952189657401306, 37.544408833276819 ], [ 126.952158466759656, 37.544313431852537 ], [ 126.952174207728604, 37.544225231300992 ], [ 126.95218471229164, 37.544166363360702 ], [ 126.951806507907747, 37.544109867422421 ], [ 126.951334823034927, 37.544035029785334 ], [ 126.951150336923064, 37.544116247173562 ], [ 126.951140796963216, 37.544121079790862 ], [ 126.95102322425619, 37.543958479097412 ], [ 126.9510296645187, 37.543955899504347 ], [ 126.951305983047249, 37.543845232300278 ], [ 126.951739134726125, 37.543649919391534 ], [ 126.952264582008183, 37.543386309537063 ], [ 126.952319662013778, 37.543358681019079 ], [ 126.952489367210063, 37.54325922862818 ], [ 126.952690311737626, 37.543163337548236 ], [ 126.952967178229784, 37.543040034647589 ], [ 126.953019327650537, 37.543016808719599 ], [ 126.953136855578649, 37.54296446590444 ], [ 126.953730769887997, 37.542690994481362 ], [ 126.953935707385625, 37.542601452180214 ], [ 126.954104406236667, 37.542527744024987 ], [ 126.953894208360239, 37.542228151865565 ], [ 126.953719157047786, 37.541978650656716 ], [ 126.953775148983595, 37.541952274199673 ], [ 126.953819968264966, 37.541934903343581 ], [ 126.953871605518842, 37.541912996798757 ], [ 126.953884257054824, 37.541907629079283 ], [ 126.953974693211748, 37.541863697381388 ], [ 126.954099988640451, 37.54180617497488 ], [ 126.954208204335586, 37.541738012214815 ], [ 126.954288007696235, 37.541689481954599 ], [ 126.954372670051882, 37.541649692313506 ], [ 126.954459934733151, 37.541608190814614 ], [ 126.954496786148752, 37.541664157100882 ], [ 126.954526737133335, 37.541650051775235 ], [ 126.954536741541531, 37.541645342497986 ], [ 126.954606802217299, 37.541613528121417 ], [ 126.954726893058435, 37.541536973031647 ], [ 126.954756708865361, 37.541517965256148 ], [ 126.954711106101001, 37.541469538863161 ], [ 126.954751888557823, 37.541446848403211 ], [ 126.954799688264259, 37.541419233948837 ], [ 126.954867646090904, 37.541385807623776 ], [ 126.954879869772313, 37.541380405395628 ], [ 126.954915972982036, 37.54136762588967 ], [ 126.954937703757665, 37.541358355688949 ], [ 126.954989767554835, 37.541335309951918 ], [ 126.955026552341891, 37.541318025673156 ], [ 126.95506152522141, 37.541303172491666 ], [ 126.955093329563155, 37.541288768594761 ], [ 126.955131585601492, 37.541270945143758 ], [ 126.955139734698164, 37.541267342438822 ], [ 126.955207644155365, 37.541236736929022 ], [ 126.955284155892642, 37.541201447636951 ], [ 126.955314263895318, 37.541187224138852 ], [ 126.955347878080431, 37.541171739658211 ], [ 126.955448293616683, 37.541125880657376 ], [ 126.955452346681355, 37.541124027928902 ], [ 126.955456589325522, 37.54112113912209 ], [ 126.955527840792314, 37.541087107284753 ], [ 126.955536215121143, 37.541083337051191 ], [ 126.955576847668056, 37.541064611548308 ], [ 126.955587599687576, 37.541060199792675 ], [ 126.955627780253351, 37.541042285902982 ], [ 126.955648604343665, 37.541033283728112 ], [ 126.955683917114186, 37.54101726009047 ], [ 126.955748318812965, 37.540987914351561 ], [ 126.955852673257596, 37.540939120122921 ], [ 126.955966874414017, 37.540883843176147 ], [ 126.956027581784952, 37.540954196940596 ], [ 126.956088359949774, 37.540909820989867 ], [ 126.956110297719434, 37.540896340277463 ], [ 126.956121593161413, 37.540889397766605 ], [ 126.956157300971441, 37.540876708734004 ], [ 126.956248280999574, 37.540844516417017 ], [ 126.956316852700283, 37.540823584547269 ], [ 126.956428768572408, 37.540786226292646 ], [ 126.956444114741075, 37.540783241535529 ], [ 126.956462467419556, 37.540780111922942 ], [ 126.956508797237561, 37.540772201998571 ], [ 126.956538819180224, 37.540767139521662 ], [ 126.956554051556381, 37.540765245819152 ], [ 126.956576107632429, 37.540762168908344 ], [ 126.956582589454527, 37.540761264885873 ], [ 126.956520177124062, 37.540705479943917 ], [ 126.95652057899234, 37.540705166543937 ], [ 126.956517573904009, 37.540702866986884 ], [ 126.956639941238606, 37.540608871024048 ], [ 126.956659077910828, 37.540594170127612 ], [ 126.956656663711158, 37.540591454528972 ], [ 126.956613384549684, 37.540542768425695 ], [ 126.956572181532465, 37.540496426570321 ], [ 126.956513541468212, 37.540429649910159 ], [ 126.956460226220173, 37.540368974051781 ], [ 126.956453601112727, 37.540361436546853 ], [ 126.956436798068466, 37.54034231203277 ], [ 126.956412002835094, 37.540314119606585 ], [ 126.956408978058533, 37.540310686581478 ], [ 126.956343197407719, 37.540236074806458 ], [ 126.956319927726014, 37.540209453367261 ], [ 126.956305965475607, 37.540189209040975 ], [ 126.956267428567969, 37.540133341790906 ], [ 126.956261525258824, 37.540126044208208 ], [ 126.956250076852783, 37.540116138879178 ], [ 126.956163565946582, 37.540167771934051 ], [ 126.95600153290205, 37.540265332310618 ], [ 126.955835646271822, 37.540369304339166 ], [ 126.955619628302799, 37.540504809417079 ], [ 126.955575596260132, 37.540532445447319 ], [ 126.955245290825388, 37.540731445294696 ], [ 126.954883695336051, 37.540969336530559 ], [ 126.954667249088445, 37.541115020985323 ], [ 126.95460418541856, 37.541157468986746 ], [ 126.954328591489642, 37.541326936278139 ], [ 126.954234243612419, 37.541366802325577 ], [ 126.954078450555627, 37.541432630151547 ], [ 126.954012001563584, 37.54145904773295 ], [ 126.953912343653727, 37.541487010149076 ], [ 126.953775550462751, 37.541527409766317 ], [ 126.953691514691059, 37.541560045288257 ], [ 126.953535169381936, 37.541619096660881 ], [ 126.95342544130898, 37.54166214554602 ], [ 126.953388602300251, 37.541676600164493 ], [ 126.953204907176186, 37.541754307210894 ], [ 126.953111091426393, 37.541790056802228 ], [ 126.952923489452147, 37.541853762125392 ], [ 126.952825774725937, 37.541883283126424 ], [ 126.95259324727914, 37.541936084090594 ], [ 126.952484988469237, 37.541962437166013 ], [ 126.952376335751836, 37.541988882786136 ], [ 126.952071503083914, 37.542057212901788 ], [ 126.951910936490719, 37.542096085221807 ], [ 126.951776435241285, 37.542128653765282 ], [ 126.951483312829382, 37.542196978132218 ], [ 126.951387236522891, 37.542211056382143 ], [ 126.95135630989995, 37.542215592793447 ], [ 126.951307233602392, 37.542218194475964 ], [ 126.951035873416131, 37.54223257484788 ], [ 126.950776685009345, 37.542250438429825 ], [ 126.950475097085402, 37.542271230837898 ], [ 126.950360557086356, 37.542278723210373 ], [ 126.950360802262537, 37.542185407688009 ], [ 126.950336777199169, 37.542126237052244 ], [ 126.950168929875488, 37.542006097333079 ], [ 126.94984618262778, 37.541775971531841 ], [ 126.949675829177323, 37.541654504670163 ], [ 126.949519825012885, 37.541543272744718 ], [ 126.94950542917438, 37.541532416751721 ], [ 126.949208754156047, 37.541308668602703 ], [ 126.948682413735582, 37.540919692089666 ], [ 126.948452405682374, 37.5411195904313 ], [ 126.948264469125149, 37.541285938210905 ], [ 126.948269520230781, 37.541294122402185 ], [ 126.948310368743535, 37.541325949183367 ], [ 126.948105120159354, 37.541472750044996 ], [ 126.947799475843667, 37.541694813562131 ], [ 126.9478603429055, 37.541753253160856 ], [ 126.948539365089445, 37.542252150688306 ], [ 126.948602086869684, 37.542313545986318 ], [ 126.948516146275267, 37.542363665392202 ], [ 126.947891775814739, 37.54267151174033 ], [ 126.947419091088889, 37.542904564670863 ], [ 126.947307334986888, 37.542959664131651 ], [ 126.947655441546075, 37.543256862247389 ], [ 126.947709078372654, 37.543301846782661 ], [ 126.94779125777778, 37.543370764549095 ], [ 126.947801696487304, 37.543365676715275 ], [ 126.947918702299077, 37.543308653670245 ], [ 126.948806675190085, 37.542864593360079 ], [ 126.948892497470567, 37.542822590800263 ], [ 126.948944704931634, 37.542903387987181 ], [ 126.948992473594387, 37.542977335636785 ], [ 126.94906834962913, 37.543098337474561 ], [ 126.949191919980734, 37.543282067549526 ], [ 126.949014564074744, 37.543318951003201 ], [ 126.949041158648626, 37.543315990986805 ], [ 126.949097845647827, 37.543319708632566 ], [ 126.94913947759099, 37.543331440464449 ], [ 126.949145641456937, 37.543334313703213 ], [ 126.949172169047628, 37.543346681430371 ], [ 126.949199200074858, 37.543365885250566 ], [ 126.949224639488378, 37.543392745974053 ], [ 126.949273137908079, 37.54345935067294 ], [ 126.949371534226856, 37.543598336915721 ], [ 126.949404675238853, 37.543645148126032 ], [ 126.949566542927656, 37.543873787387831 ], [ 126.949566974181238, 37.543873594758139 ], [ 126.949582633431959, 37.543894333439475 ], [ 126.949581745641495, 37.543895296228705 ], [ 126.949524811240309, 37.543920499886887 ], [ 126.949379250004853, 37.54398368412506 ], [ 126.949021037237699, 37.544140516535812 ], [ 126.948939583413079, 37.544176178033325 ], [ 126.948899210757006, 37.544193853491848 ], [ 126.948663661820731, 37.544296822035761 ], [ 126.948612800744613, 37.544319169922886 ], [ 126.948514341788197, 37.544362437168076 ], [ 126.948766677460711, 37.544731352027981 ], [ 126.948757994629815, 37.544735072090084 ], [ 126.948832914184393, 37.544842004526295 ], [ 126.94890441908575, 37.544810996066865 ], [ 126.94926190084503, 37.544655940485079 ], [ 126.94930547570543, 37.544637040919838 ], [ 126.94939330657634, 37.544604247083484 ], [ 126.949506582577769, 37.544561958523019 ], [ 126.949762230372968, 37.544669352241741 ], [ 126.949824487890552, 37.544764439533459 ], [ 126.949826389247264, 37.54476734516274 ], [ 126.949880501133492, 37.544849998777437 ], [ 126.949941790085234, 37.544940365258796 ], [ 126.950092609738789, 37.545162738023542 ], [ 126.950176717740604, 37.545286748317366 ], [ 126.950210237900848, 37.545335335317738 ], [ 126.950310630197549, 37.54548085381996 ], [ 126.950420261344064, 37.545542348038865 ], [ 126.950480500830096, 37.545566862471055 ], [ 126.950635521364475, 37.545571551306104 ], [ 126.950699028602457, 37.545550216051147 ], [ 126.950740992972015, 37.545535372485531 ], [ 126.950905907487851, 37.545477036602904 ], [ 126.951116240080893, 37.545399587485257 ], [ 126.951222016864179, 37.545352799095703 ], [ 126.951277102262338, 37.545436191284168 ], [ 126.951767318941521, 37.546139560118924 ], [ 126.951892227707305, 37.546303068505715 ], [ 126.952041741082823, 37.546498783948458 ], [ 126.952129678654146, 37.5466138943125 ], [ 126.952203895826813, 37.546705962316175 ], [ 126.952224394033024, 37.546731963528707 ], [ 126.95239529509287, 37.546961860246483 ], [ 126.95258993447078, 37.547231832758364 ], [ 126.952610897229576, 37.547260911900025 ], [ 126.952646810168446, 37.5473107272148 ], [ 126.95272026654176, 37.547412625376168 ], [ 126.952768893036875, 37.547480785572702 ], [ 126.952976398662841, 37.547771640513041 ], [ 126.953110238629336, 37.547959237522583 ], [ 126.953116397916475, 37.547968466195066 ], [ 126.953172319406349, 37.547939196917142 ], [ 126.953520690611867, 37.547771953321124 ], [ 126.953734213613231, 37.547676147482562 ], [ 126.953726210931293, 37.547664991784089 ], [ 126.953577304813095, 37.547462747409568 ], [ 126.953598915341829, 37.547460728656333 ], [ 126.953798444377867, 37.547380568446656 ], [ 126.954064540531917, 37.547273664237125 ], [ 126.954200889347035, 37.547234813872961 ], [ 126.954294150182719, 37.547208236304918 ], [ 126.954451209717391, 37.547144778377593 ], [ 126.954638821133713, 37.547070296547183 ], [ 126.954684850060957, 37.547057727266264 ], [ 126.954671353677256, 37.546960072730343 ], [ 126.954668605729026, 37.546940195640325 ], [ 126.954643573885448, 37.546868584548086 ], [ 126.954604580820146, 37.546757052931049 ], [ 126.954570416241481, 37.546670039337336 ], [ 126.954523033617122, 37.546549351213507 ], [ 126.954521101506344, 37.546544539135077 ] ] ] } },
{ "type": "Feature", "properties": { "area_type_code": "D", "area_type_name": "발달상권", "area_code": "3120106", "area_name": "마포역", "source_admin_code": "11440590", "source_admin_name": "용강동", "minimum_period_ratio": 0.47005988023952094, "mean_period_ratio": 0.50199600798403188, "access_tier": "exploration_25pct_all_periods" }, "geometry": { "type": "Polygon", "coordinates": [ [ [ 126.947212330825252, 37.543008948717457 ], [ 126.947282161929266, 37.542938181178101 ], [ 126.947307334986888, 37.542959664131651 ], [ 126.947419091088889, 37.542904564670863 ], [ 126.947891775814739, 37.54267151174033 ], [ 126.948516146275267, 37.542363665392202 ], [ 126.948602086869684, 37.542313545986318 ], [ 126.948539365089445, 37.542252150688306 ], [ 126.9478603429055, 37.541753253160856 ], [ 126.947799475843667, 37.541694813562131 ], [ 126.948105120159354, 37.541472750044996 ], [ 126.948310368743535, 37.541325949183367 ], [ 126.948269520230781, 37.541294122402185 ], [ 126.948264469125149, 37.541285938210905 ], [ 126.948452405682374, 37.5411195904313 ], [ 126.948682413735582, 37.540919692089666 ], [ 126.948997005814434, 37.540646273131856 ], [ 126.948966771339798, 37.54063045653276 ], [ 126.948899278257272, 37.540596819151276 ], [ 126.948736854355715, 37.540527865514655 ], [ 126.948630695792289, 37.540482399079941 ], [ 126.948622958553983, 37.540479089044553 ], [ 126.948523813119564, 37.540437040353858 ], [ 126.948423668622738, 37.540398355476732 ], [ 126.94842282021942, 37.540398027142253 ], [ 126.948388804887742, 37.540384893722724 ], [ 126.948287550468706, 37.540349565370292 ], [ 126.948282706384134, 37.540348087411139 ], [ 126.948272108676761, 37.540344854486882 ], [ 126.948144107032036, 37.540305821093327 ], [ 126.94808503732439, 37.540282269132014 ], [ 126.948002782331656, 37.540243587255418 ], [ 126.947855140919799, 37.540171270071959 ], [ 126.947797670796859, 37.540142024353429 ], [ 126.947756002183766, 37.540120823418661 ], [ 126.947665315936803, 37.540068696459187 ], [ 126.947623133246552, 37.54003843929943 ], [ 126.947534476821488, 37.539998017127942 ], [ 126.947489510544713, 37.539980939411123 ], [ 126.947377343243787, 37.539938334353636 ], [ 126.946863743351358, 37.53974546607725 ], [ 126.946862664625755, 37.539704588125147 ], [ 126.946860407672631, 37.539617955963458 ], [ 126.946848300482614, 37.539447681340647 ], [ 126.946843906580952, 37.539436974581982 ], [ 126.94678776172303, 37.538897569229214 ], [ 126.946773696729181, 37.538850738817473 ], [ 126.946759778802885, 37.538807151169316 ], [ 126.946410977960582, 37.538854642789467 ], [ 126.946399716591159, 37.53885899761795 ], [ 126.946332884007788, 37.538884852095535 ], [ 126.946247565916337, 37.538922320122289 ], [ 126.945836434796192, 37.538646657797393 ], [ 126.945673154607405, 37.538537182458931 ], [ 126.945460217160957, 37.538394409132906 ], [ 126.945392826611069, 37.538349219862098 ], [ 126.945312476920137, 37.538295347019329 ], [ 126.944884684776028, 37.538035360050522 ], [ 126.944805464171026, 37.537987208738421 ], [ 126.944767798194661, 37.537955655219449 ], [ 126.944741063170412, 37.537925902497172 ], [ 126.944733040147796, 37.53791793750473 ], [ 126.944666056571023, 37.537851434845926 ], [ 126.944574861061525, 37.537761732645102 ], [ 126.944444709515167, 37.537629224451187 ], [ 126.944396172589819, 37.537581149461339 ], [ 126.944525765255548, 37.537497987716861 ], [ 126.944536147002196, 37.537491091832109 ], [ 126.944628846858933, 37.537429471775077 ], [ 126.944703943542962, 37.537384385768824 ], [ 126.944713871781161, 37.537364905384742 ], [ 126.944710649430533, 37.537343386186869 ], [ 126.944727990389595, 37.537320112456491 ], [ 126.944760648965911, 37.537296926979515 ], [ 126.944949436756815, 37.537185501931006 ], [ 126.945001552733785, 37.537153262293266 ], [ 126.945023082820143, 37.537139946523396 ], [ 126.945016873631488, 37.537136529742305 ], [ 126.945001743070975, 37.53712518811237 ], [ 126.944986630699802, 37.537106034815977 ], [ 126.94495372588986, 37.537064204056605 ], [ 126.944920819468976, 37.537023075166324 ], [ 126.94486480842437, 37.536939409165527 ], [ 126.944833698330285, 37.536889776546232 ], [ 126.944819472669224, 37.536863541778942 ], [ 126.944803480649369, 37.536825259809106 ], [ 126.944797910993529, 37.536800047214903 ], [ 126.944747626424117, 37.53678859000388 ], [ 126.944690497737767, 37.53677557894445 ], [ 126.944499876115742, 37.536696704234949 ], [ 126.944394584283145, 37.536668056050097 ], [ 126.944354957391567, 37.536657575868922 ], [ 126.944320546026148, 37.536649244316592 ], [ 126.944306429552555, 37.536642326085847 ], [ 126.944301115936796, 37.536639727797585 ], [ 126.944292856515474, 37.536622785093961 ], [ 126.944290762969786, 37.536595899154939 ], [ 126.944269737790123, 37.536508529134444 ], [ 126.944251355818423, 37.536459019494302 ], [ 126.944244468941292, 37.536440464643924 ], [ 126.944220840471758, 37.53629679977562 ], [ 126.944201983115647, 37.536129196669556 ], [ 126.944193459419068, 37.5360616085948 ], [ 126.944186250627325, 37.536004436705994 ], [ 126.944178381508166, 37.535952770518243 ], [ 126.944154722113808, 37.535849433493233 ], [ 126.944137384920083, 37.535766253032698 ], [ 126.944085281115704, 37.53560871635797 ], [ 126.944075812109645, 37.535578465285077 ], [ 126.944073696187758, 37.535575625230251 ], [ 126.944050516062177, 37.535544432422526 ], [ 126.943931912024041, 37.535449870220539 ], [ 126.943457494376176, 37.535101545140932 ], [ 126.943403081234351, 37.535189181932857 ], [ 126.943304386425737, 37.535348144081944 ], [ 126.943747444823188, 37.536976944963605 ], [ 126.943766401661492, 37.537101400160161 ], [ 126.943887970093442, 37.53762351197593 ], [ 126.943960247454058, 37.537814764677847 ], [ 126.944154487400823, 37.538003041400955 ], [ 126.944351818409558, 37.538211065575311 ], [ 126.944278939653032, 37.538385198144638 ], [ 126.944335591092795, 37.538428366550711 ], [ 126.944362698359825, 37.538449023941283 ], [ 126.944483459383605, 37.53854103955095 ], [ 126.944553817254985, 37.538594099166389 ], [ 126.944551587598241, 37.53859496848559 ], [ 126.944323798750247, 37.538760244383127 ], [ 126.943908412832357, 37.539038089222338 ], [ 126.943841837221541, 37.539083539161879 ], [ 126.944141777814934, 37.539351199135581 ], [ 126.944231784271921, 37.539444124863536 ], [ 126.944193756302909, 37.539471009857017 ], [ 126.944276204487792, 37.539550392650746 ], [ 126.944457447753351, 37.539724876488165 ], [ 126.944540288245335, 37.539810031985333 ], [ 126.944555314400233, 37.53982548308101 ], [ 126.94458738831301, 37.539858457614002 ], [ 126.944679699203562, 37.539956601764715 ], [ 126.944730969812795, 37.540043824542174 ], [ 126.944750660028646, 37.540082374927373 ], [ 126.944768558291557, 37.54011741597742 ], [ 126.944775352498581, 37.540185543755584 ], [ 126.944778669772077, 37.540316351565728 ], [ 126.944781982167825, 37.540455323330043 ], [ 126.944791211477551, 37.540520306851676 ], [ 126.944799011200573, 37.540575234545713 ], [ 126.944807094128606, 37.540628198191527 ], [ 126.944812820779276, 37.540701776511447 ], [ 126.944818555332034, 37.540750829619768 ], [ 126.944837767342847, 37.540810619030211 ], [ 126.944860820861692, 37.540864275323273 ], [ 126.944897345092571, 37.540927147016411 ], [ 126.944912024254293, 37.540950173507902 ], [ 126.944955028798489, 37.541017607263939 ], [ 126.944974064830248, 37.541056890714486 ], [ 126.945131384946677, 37.541182230810136 ], [ 126.945162640684956, 37.541207193109926 ], [ 126.945439944525091, 37.54142867195641 ], [ 126.945516837223977, 37.541464225766518 ], [ 126.945595167676203, 37.54150044692858 ], [ 126.945902205546673, 37.541752111050364 ], [ 126.945917365813912, 37.541764537373524 ], [ 126.945979704352197, 37.541815633665458 ], [ 126.946648873871951, 37.542387203160381 ], [ 126.946723312301884, 37.54245352240288 ], [ 126.946753493901056, 37.542480412831914 ], [ 126.946651729049734, 37.542534452100583 ], [ 126.946591031366367, 37.542568941053894 ], [ 126.946395258188559, 37.542708017125051 ], [ 126.946436233000512, 37.542745157798201 ], [ 126.946686418273032, 37.542971927344489 ], [ 126.946841008606441, 37.542895703106716 ], [ 126.946983209441129, 37.543063858394682 ], [ 126.947017892862036, 37.543104871237666 ], [ 126.947208888500711, 37.543010785217476 ], [ 126.947212330825252, 37.543008948717457 ] ] ] } },
{ "type": "Feature", "properties": { "area_type_code": "D", "area_type_name": "발달상권", "area_code": "3120103", "area_name": "홍대입구역(홍대)", "source_admin_code": "11440660", "source_admin_name": "서교동", "minimum_period_ratio": 0.26047904191616766, "mean_period_ratio": 0.30638722554890219, "access_tier": "exploration_25pct_all_periods" }, "geometry": { "type": "Polygon", "coordinates": [ [ [ 126.924732669236391, 37.55665331292002 ], [ 126.924666879920352, 37.556611185380596 ], [ 126.924643737596057, 37.556631694429448 ], [ 126.924589562997767, 37.556596809267141 ], [ 126.924551099056998, 37.556571250431894 ], [ 126.924277589936338, 37.556363366633484 ], [ 126.924027569626972, 37.556174229045361 ], [ 126.923801069990276, 37.556005531714 ], [ 126.9233694160217, 37.555690287997159 ], [ 126.923302852613077, 37.555643094682715 ], [ 126.923254031045118, 37.555608490787641 ], [ 126.922858724239958, 37.555313695317608 ], [ 126.922474101872183, 37.555030833832411 ], [ 126.922149310418362, 37.554785456904774 ], [ 126.922070017503216, 37.554725541419721 ], [ 126.922089081674841, 37.554708939606151 ], [ 126.922132682313375, 37.554670956182655 ], [ 126.922464608658714, 37.554386628770729 ], [ 126.922383769265551, 37.554323045416623 ], [ 126.922260476391187, 37.554125051168569 ], [ 126.922158002126238, 37.553962822099344 ], [ 126.922145848282909, 37.553940361224484 ], [ 126.922108674342056, 37.553949680053073 ], [ 126.922013874119088, 37.553990070469744 ], [ 126.921975576311439, 37.554001595057287 ], [ 126.921954927110662, 37.55397554347919 ], [ 126.92191935145091, 37.553950903801919 ], [ 126.921709994313517, 37.553793764525906 ], [ 126.921370252284873, 37.553545825669808 ], [ 126.921157112597953, 37.553384790574533 ], [ 126.920881487429966, 37.553175203517625 ], [ 126.9208273705501, 37.553133640255751 ], [ 126.920788057224499, 37.553110484374557 ], [ 126.920745634824556, 37.553085498268864 ], [ 126.920692748736798, 37.553045601715745 ], [ 126.920534390601929, 37.552921751306961 ], [ 126.920451787898457, 37.55286025664504 ], [ 126.92041245871313, 37.552830974742967 ], [ 126.920376932171493, 37.552802640538744 ], [ 126.920273042714186, 37.552719786755482 ], [ 126.920230430289905, 37.55269295238832 ], [ 126.920212143114981, 37.552681434289987 ], [ 126.920180085329235, 37.552658428168058 ], [ 126.920177574985104, 37.552656543385524 ], [ 126.920152844691259, 37.552637993138852 ], [ 126.920129292556751, 37.552598180134567 ], [ 126.920076247494578, 37.552508549013751 ], [ 126.920034386945474, 37.552434882115392 ], [ 126.920023189028342, 37.552409340251252 ], [ 126.920012000680686, 37.5523748514834 ], [ 126.919991217813532, 37.552316101350087 ], [ 126.919993270493094, 37.552302524702682 ], [ 126.920002787375012, 37.552261788926707 ], [ 126.920027706070513, 37.552178005792918 ], [ 126.920039553183415, 37.552138207728198 ], [ 126.920144722046572, 37.552167526194694 ], [ 126.920255199153701, 37.552195254287234 ], [ 126.920295581923028, 37.55217104470956 ], [ 126.920327522204218, 37.552061884237773 ], [ 126.920342566097233, 37.552016809351812 ], [ 126.920354261909822, 37.551979696126139 ], [ 126.920370955228364, 37.551947885038395 ], [ 126.920432631568772, 37.551894885767133 ], [ 126.920446520871863, 37.55188192165614 ], [ 126.920537667257065, 37.551796840524126 ], [ 126.920550301714897, 37.551770874155295 ], [ 126.920574273238117, 37.551779098374126 ], [ 126.920696725199747, 37.551804832993128 ], [ 126.92080526150464, 37.551817250412441 ], [ 126.920966791685046, 37.551821478905211 ], [ 126.920992632688254, 37.551827668034946 ], [ 126.920996797860226, 37.551847474757373 ], [ 126.921002117945491, 37.551867786811137 ], [ 126.921068874369439, 37.551847586931586 ], [ 126.921187166955619, 37.551805239755232 ], [ 126.921275480767633, 37.551765520509278 ], [ 126.921338210219261, 37.551764987479196 ], [ 126.9214463644918, 37.551764060274586 ], [ 126.921448752441222, 37.551774738689389 ], [ 126.921476108885244, 37.551897327749217 ], [ 126.921516921924649, 37.551998636064745 ], [ 126.921584785767323, 37.552308335220729 ], [ 126.921623593890288, 37.552400937620327 ], [ 126.921627533635572, 37.552410337643408 ], [ 126.921678483948227, 37.55240758736705 ], [ 126.921706087366019, 37.552406092898167 ], [ 126.921837199119167, 37.552399478140877 ], [ 126.921891680722808, 37.552397388739557 ], [ 126.922117017689274, 37.552388747451758 ], [ 126.922155973046799, 37.552387250453904 ], [ 126.922346644220013, 37.552380693302673 ], [ 126.92242902152168, 37.552377856147686 ], [ 126.922680844378732, 37.552365915508673 ], [ 126.922747786922429, 37.552362743663927 ], [ 126.922849743201823, 37.552357999897943 ], [ 126.922848030849863, 37.552394335123523 ], [ 126.92284318064435, 37.552497325023346 ], [ 126.922843149323626, 37.55252770665146 ], [ 126.922845479138246, 37.552582919521669 ], [ 126.922852282522385, 37.552752319673409 ], [ 126.922854804814435, 37.552819535760285 ], [ 126.922862019660798, 37.552845597331277 ], [ 126.922867701120495, 37.552866115862386 ], [ 126.922894055066735, 37.552913174171515 ], [ 126.922901661223946, 37.552921928728118 ], [ 126.922921532907807, 37.552944763075601 ], [ 126.92295182838609, 37.552976652042013 ], [ 126.923004300720564, 37.553055738916903 ], [ 126.923038703040774, 37.553110903311449 ], [ 126.923043126424929, 37.553122320935543 ], [ 126.923046164005029, 37.553151938712567 ], [ 126.923046074314755, 37.553236965814506 ], [ 126.923039209364944, 37.553275541163657 ], [ 126.923023782057669, 37.553342627509458 ], [ 126.923002199652231, 37.553430361608129 ], [ 126.923002171685837, 37.553456444573492 ], [ 126.92300237869577, 37.553583033988417 ], [ 126.923008161000325, 37.553594723699369 ], [ 126.923053484375586, 37.553659949438817 ], [ 126.923081777847784, 37.553680078142449 ], [ 126.92311043411307, 37.553700693614296 ], [ 126.923187817398386, 37.553756381489485 ], [ 126.92317864269198, 37.553764052020952 ], [ 126.922921510228008, 37.553989813216475 ], [ 126.922667547897646, 37.554212782826355 ], [ 126.922542290708819, 37.554320078915133 ], [ 126.922608780506621, 37.554413872215477 ], [ 126.922841684522879, 37.554664231668276 ], [ 126.922992160183441, 37.554822889254339 ], [ 126.92310157781138, 37.554938243199175 ], [ 126.923140420707526, 37.554979200807189 ], [ 126.92334802077508, 37.55519726092605 ], [ 126.923525257055502, 37.55537493542333 ], [ 126.923579209262968, 37.555425652362715 ], [ 126.923664377655228, 37.555505707018312 ], [ 126.9236516128652, 37.55536367634059 ], [ 126.923648749305983, 37.55533177917907 ], [ 126.923599522899096, 37.555067431618362 ], [ 126.923564539705794, 37.554872768286749 ], [ 126.923563129377882, 37.554858558642771 ], [ 126.923562300368815, 37.554850268928824 ], [ 126.923560776439928, 37.554726787130676 ], [ 126.923558417670634, 37.554536469690596 ], [ 126.923555877202631, 37.554422114333327 ], [ 126.9235538236872, 37.554329616590074 ], [ 126.923585749940472, 37.554284759466206 ], [ 126.92364761355725, 37.554247527017068 ], [ 126.923707144350004, 37.554211697683201 ], [ 126.923802161062852, 37.554137014077952 ], [ 126.924097588319597, 37.553877903539828 ], [ 126.92413077613449, 37.553905387278753 ], [ 126.924159630507262, 37.553920731786214 ], [ 126.924232978396645, 37.553951422707456 ], [ 126.924327955765406, 37.553989794937138 ], [ 126.924398905529983, 37.554019528259538 ], [ 126.924471046547765, 37.554046389019675 ], [ 126.924538376879141, 37.554074201718713 ], [ 126.924611728931893, 37.554101063166655 ], [ 126.924712728367254, 37.554138474863386 ], [ 126.924764426456122, 37.554159583052112 ], [ 126.924830562188518, 37.554182609624434 ], [ 126.924872647339129, 37.554196044155454 ], [ 126.924923148789375, 37.554214267419702 ], [ 126.924972453353405, 37.55422866156281 ], [ 126.925000651683177, 37.554237175885135 ], [ 126.925016950238827, 37.554242097574793 ], [ 126.925054231594075, 37.554250742890822 ], [ 126.925116755590352, 37.554264191207281 ], [ 126.925178106455789, 37.554273807705258 ], [ 126.925264691710026, 37.554286316130721 ], [ 126.925351293092518, 37.5542940302945 ], [ 126.925424667606052, 37.554298860957999 ], [ 126.925510066837901, 37.554298916667243 ], [ 126.92555498398039, 37.554299584704196 ], [ 126.925577424448079, 37.554299915100856 ], [ 126.925660427292001, 37.554297103117428 ], [ 126.925724190796515, 37.554293314907014 ], [ 126.925813209689139, 37.554283794168157 ], [ 126.925909447009303, 37.554276188006902 ], [ 126.925931098605474, 37.554274292377194 ], [ 126.925982572366749, 37.554269775518982 ], [ 126.925983692570526, 37.554336341024744 ], [ 126.925998236387272, 37.554761968787304 ], [ 126.926004619586095, 37.554796022386263 ], [ 126.926010499689738, 37.554822685687583 ], [ 126.926019241521985, 37.554862353077098 ], [ 126.925998463423753, 37.55487343043508 ], [ 126.925944791347504, 37.554902056614885 ], [ 126.925508299260613, 37.555146936256143 ], [ 126.925467751502993, 37.55516870579708 ], [ 126.925495355901518, 37.555200140100254 ], [ 126.925726074398156, 37.555462837923415 ], [ 126.925842053925152, 37.55559585299563 ], [ 126.925894279657356, 37.555655757064336 ], [ 126.926041659227877, 37.555829498702167 ], [ 126.926054602105069, 37.555844075936456 ], [ 126.926254115771869, 37.556068694124676 ], [ 126.926286774475386, 37.556105457190398 ], [ 126.926384502074598, 37.556216612035541 ], [ 126.926400518929796, 37.556235767313012 ], [ 126.926439833651429, 37.556282814863714 ], [ 126.926559181737431, 37.556219578779434 ], [ 126.926965348822378, 37.555993822739303 ], [ 126.926995673307587, 37.555976965812121 ], [ 126.927085457781345, 37.5559281439863 ], [ 126.927461778821055, 37.555723504289347 ], [ 126.927508782004111, 37.555697945730948 ], [ 126.927537714251955, 37.555682214956626 ], [ 126.927919906166494, 37.555466188784926 ], [ 126.92802421930638, 37.555407230778457 ], [ 126.928040185418553, 37.555398203505575 ], [ 126.928476681874358, 37.555152282872385 ], [ 126.928536210021576, 37.555118744145673 ], [ 126.928492256654081, 37.555069450990402 ], [ 126.928463418332555, 37.555037105730563 ], [ 126.928359642697075, 37.554917336278201 ], [ 126.928285318926612, 37.554828732109975 ], [ 126.928240691743071, 37.554775527219078 ], [ 126.928095778961449, 37.55461078175189 ], [ 126.928062859233194, 37.554573352279881 ], [ 126.927863405129358, 37.554345313335773 ], [ 126.927801745359091, 37.554269527876791 ], [ 126.927790125099776, 37.554255249869186 ], [ 126.927647136433635, 37.554092360168575 ], [ 126.927590503154462, 37.554038662030266 ], [ 126.927561400739677, 37.554011054729621 ], [ 126.927570309861878, 37.554006079479898 ], [ 126.927432863694861, 37.553974358355276 ], [ 126.92662252898478, 37.553782909109849 ], [ 126.926536101224244, 37.553762501829297 ], [ 126.92650475817608, 37.55375599333847 ], [ 126.926475851200195, 37.553749993617984 ], [ 126.926418254169647, 37.553754496064109 ], [ 126.926118447760487, 37.553784354420152 ], [ 126.926011418279046, 37.553798538481736 ], [ 126.925968636357396, 37.553804206872123 ], [ 126.92596504576359, 37.553748973461438 ], [ 126.925958510118548, 37.553599154165184 ], [ 126.925956972343585, 37.553553183395373 ], [ 126.925950733245415, 37.553366754037476 ], [ 126.925947667460008, 37.553275258493684 ], [ 126.925941084664885, 37.553184599571424 ], [ 126.926010573156276, 37.553177830691205 ], [ 126.926012509128896, 37.553172475472429 ], [ 126.926131556680303, 37.553157961953971 ], [ 126.92618949417178, 37.553150899224157 ], [ 126.926190229898936, 37.553150774445371 ], [ 126.92617765950493, 37.553074529558259 ], [ 126.926161504399545, 37.552989771601744 ], [ 126.926141755680305, 37.552890631468436 ], [ 126.926148333184727, 37.552875625859549 ], [ 126.926149038662118, 37.552874041445577 ], [ 126.926158934143047, 37.552856891734372 ], [ 126.926172483793678, 37.552843250089772 ], [ 126.926258267592559, 37.552761431822418 ], [ 126.926277227967333, 37.55274535274139 ], [ 126.926339523041392, 37.552692530976145 ], [ 126.926361625359192, 37.552672592164505 ], [ 126.926197503137161, 37.552530091483781 ], [ 126.926188041483428, 37.552486080831969 ], [ 126.926096064472134, 37.552378506317261 ], [ 126.926084231288257, 37.552362732347632 ], [ 126.926010146435829, 37.552401769434802 ], [ 126.925932301405936, 37.552443733260773 ], [ 126.925832783498507, 37.552498080253713 ], [ 126.925708332654864, 37.552565511085696 ], [ 126.925623488796333, 37.552612146481955 ], [ 126.92559369577252, 37.55262936289985 ], [ 126.925565707013661, 37.552653041503341 ], [ 126.925494367374327, 37.55271907389136 ], [ 126.925442889240628, 37.552772190360244 ], [ 126.925403162549742, 37.552811673123536 ], [ 126.925334535706355, 37.55287841981621 ], [ 126.92526499073324, 37.552948768977402 ], [ 126.925218036771369, 37.552993986458588 ], [ 126.925154822391136, 37.553058582186644 ], [ 126.925146848626142, 37.553066329317154 ], [ 126.925134786589553, 37.553078049057341 ], [ 126.925122312991917, 37.553066765160239 ], [ 126.925112865083378, 37.553058215907207 ], [ 126.925105408291898, 37.553051469011002 ], [ 126.925118789304776, 37.553039200501559 ], [ 126.925018397358897, 37.552940039645677 ], [ 126.925004095286113, 37.552917158732626 ], [ 126.924955580110222, 37.55288270888979 ], [ 126.924836729034865, 37.552797578195076 ], [ 126.924796472965255, 37.552766648336089 ], [ 126.924716889582513, 37.552748001025996 ], [ 126.924656517846145, 37.55273385108999 ], [ 126.924634782790335, 37.552728006861784 ], [ 126.924613831779538, 37.552722382072638 ], [ 126.924588974107607, 37.552715697013291 ], [ 126.924505318012237, 37.552696910908629 ], [ 126.92445535269168, 37.552685697567895 ], [ 126.9243994626393, 37.552671462069888 ], [ 126.924329973190282, 37.552653755296021 ], [ 126.924310784652292, 37.552648867697819 ], [ 126.924288348053778, 37.552644088836523 ], [ 126.924194340903014, 37.552620474634061 ], [ 126.92419457567334, 37.552613266801821 ], [ 126.924204486139232, 37.552551556611292 ], [ 126.924197570321141, 37.55245217300525 ], [ 126.924162907111736, 37.55237583622452 ], [ 126.924156050039329, 37.55236484775466 ], [ 126.924186669187392, 37.552354563606237 ], [ 126.924227563005317, 37.552340829815833 ], [ 126.924183740163841, 37.552256468279886 ], [ 126.924180327129804, 37.552274215747516 ], [ 126.924142396609454, 37.552293022241848 ], [ 126.924120145991196, 37.552250028541799 ], [ 126.924059647803105, 37.552134596139098 ], [ 126.924034646411343, 37.552086893839359 ], [ 126.924038986899006, 37.55208195555899 ], [ 126.924051189204718, 37.552068074524882 ], [ 126.92407169639057, 37.551945393414677 ], [ 126.924084439482925, 37.551869158258164 ], [ 126.924104208637885, 37.551795648629579 ], [ 126.924139676920888, 37.551699271843475 ], [ 126.924196130941297, 37.55154586543307 ], [ 126.924198860408282, 37.551533703711812 ], [ 126.924201720869959, 37.551520699641372 ], [ 126.924223418706106, 37.551422086717686 ], [ 126.924234654398532, 37.551281900430475 ], [ 126.924224148314565, 37.551175370486931 ], [ 126.92422110257084, 37.551144491327534 ], [ 126.924229037059519, 37.551144133317194 ], [ 126.924248715404531, 37.551143246747181 ], [ 126.924259548977389, 37.551062616168416 ], [ 126.924243355141101, 37.550965027683496 ], [ 126.924221167009421, 37.550948949550225 ], [ 126.924219370667799, 37.550928096597623 ], [ 126.924205025583618, 37.550761682943929 ], [ 126.924203001657801, 37.550738722409641 ], [ 126.924192856392111, 37.550623551211658 ], [ 126.924190448253512, 37.55058888015656 ], [ 126.924162398954167, 37.550573221717222 ], [ 126.924069940422157, 37.550521588260473 ], [ 126.923913771956649, 37.550434306246146 ], [ 126.923882218007947, 37.5504164443429 ], [ 126.923837534220439, 37.550391160549651 ], [ 126.923737918177267, 37.550343090167537 ], [ 126.923656769122971, 37.550298959994542 ], [ 126.923476016618821, 37.55019598413169 ], [ 126.923401001307624, 37.550150876569873 ], [ 126.923266970895241, 37.550074383092635 ], [ 126.923164915422987, 37.550023372484247 ], [ 126.923060489382621, 37.55002400726535 ], [ 126.922978566252382, 37.55002901656529 ], [ 126.922935046142243, 37.549996229674576 ], [ 126.922921814818096, 37.549986399256177 ], [ 126.922853183536731, 37.549929361789928 ], [ 126.922839610809092, 37.549931284661682 ], [ 126.922724751194451, 37.549843023440864 ], [ 126.922721344607538, 37.549825800431066 ], [ 126.922651352820125, 37.549772595703466 ], [ 126.922550580831526, 37.549718917546642 ], [ 126.922494377119321, 37.549681128839246 ], [ 126.922448714252738, 37.549649273795296 ], [ 126.922338224917425, 37.549561999856067 ], [ 126.922249090653906, 37.549515440673808 ], [ 126.92224199956452, 37.549489498965173 ], [ 126.922225855776546, 37.549470758379414 ], [ 126.922203018485561, 37.549444246775792 ], [ 126.92219385192594, 37.549433605351503 ], [ 126.922113685850036, 37.549368860818376 ], [ 126.922012842940561, 37.549277701521412 ], [ 126.921944699615153, 37.54918809905859 ], [ 126.921916295951078, 37.549138835311204 ], [ 126.921913659480097, 37.549134261000873 ], [ 126.921907538220381, 37.549123635082644 ], [ 126.921859882692075, 37.549095451860836 ], [ 126.921820919591468, 37.549072409165056 ], [ 126.921725224041069, 37.549025690267818 ], [ 126.921574231027847, 37.548950012529119 ], [ 126.921525544952345, 37.548922779040524 ], [ 126.92143154813445, 37.548862259539277 ], [ 126.921362737543205, 37.548818542339468 ], [ 126.921282593544305, 37.548767472605114 ], [ 126.921238060851323, 37.548739098398976 ], [ 126.921165661749328, 37.548693549662971 ], [ 126.921145310309001, 37.548680834698608 ], [ 126.921074571122219, 37.548636643017559 ], [ 126.920989731387621, 37.548585444705502 ], [ 126.920716455933785, 37.548515398111832 ], [ 126.920612792995556, 37.548488826493575 ], [ 126.920609339229344, 37.548490995577836 ], [ 126.920595794793499, 37.548499509916169 ], [ 126.920594468203021, 37.548503013908189 ], [ 126.920565556375308, 37.548491148134183 ], [ 126.92049493508965, 37.548462164137504 ], [ 126.920452174552068, 37.548443800019186 ], [ 126.920404814940099, 37.548423460499563 ], [ 126.920317074468059, 37.548378591063816 ], [ 126.920256089263603, 37.548347404177733 ], [ 126.920250887606386, 37.548344878769932 ], [ 126.920223283445807, 37.548337830533029 ], [ 126.920217864608048, 37.548325665194021 ], [ 126.920215643258842, 37.548321388455214 ], [ 126.920213287524078, 37.548316851236947 ], [ 126.920188052039109, 37.548268251441847 ], [ 126.920089522704174, 37.548027528995974 ], [ 126.92007792641229, 37.548004745706208 ], [ 126.920064925330067, 37.547979210715624 ], [ 126.920060548352865, 37.547970611325276 ], [ 126.920004948588357, 37.547861417694996 ], [ 126.920003240373376, 37.547857745869536 ], [ 126.91989281590952, 37.54786725763288 ], [ 126.919369573123916, 37.547887599239274 ], [ 126.918764328334404, 37.547911124834378 ], [ 126.918523079511104, 37.547920506498251 ], [ 126.918385668889186, 37.547929113447545 ], [ 126.918342981281953, 37.547931786029892 ], [ 126.918283432523936, 37.54793550830572 ], [ 126.917760494084348, 37.548045718497519 ], [ 126.917694763316817, 37.548060618463424 ], [ 126.917440165134579, 37.548118345199583 ], [ 126.917188509527577, 37.548175396799863 ], [ 126.91714609788302, 37.548184177011791 ], [ 126.916958578722642, 37.548223029688984 ], [ 126.916379882769263, 37.548342914505469 ], [ 126.916349945474366, 37.548349109289674 ], [ 126.916333271628503, 37.548352566320595 ], [ 126.916043539949939, 37.548415426061425 ], [ 126.915992050833765, 37.548426597861706 ], [ 126.915723499920375, 37.548484855167231 ], [ 126.91576639416931, 37.54860462216088 ], [ 126.915798196960367, 37.548689599985707 ], [ 126.915888547310956, 37.548944574848733 ], [ 126.915907308090624, 37.548997484925202 ], [ 126.915916041941614, 37.549003630547837 ], [ 126.915725870322419, 37.549043022673843 ], [ 126.915743373953291, 37.54910079006136 ], [ 126.915772055135747, 37.549195470311886 ], [ 126.91584216072215, 37.549402307525128 ], [ 126.915803528096916, 37.54941092055823 ], [ 126.915705919759674, 37.549453853765492 ], [ 126.915622844847675, 37.549534070676586 ], [ 126.915630478963251, 37.549539049642128 ], [ 126.915833565658403, 37.549693374304169 ], [ 126.916048683229803, 37.549858249748169 ], [ 126.916186883193504, 37.549963693539972 ], [ 126.916210499959192, 37.549973486131826 ], [ 126.916226921845308, 37.55000235675714 ], [ 126.916191372544645, 37.55006568882466 ], [ 126.916177442234726, 37.550085609017039 ], [ 126.916141681301355, 37.550136759422692 ], [ 126.916094694720314, 37.55019562339529 ], [ 126.916057655920454, 37.550245870967224 ], [ 126.916037702164417, 37.550287609036289 ], [ 126.916010637329848, 37.550344234642566 ], [ 126.915999829104251, 37.550355129032035 ], [ 126.915987150388489, 37.550367914185806 ], [ 126.915898656361506, 37.550446137117355 ], [ 126.915737020165082, 37.550588231824278 ], [ 126.915554140242861, 37.550748988805999 ], [ 126.915556108880466, 37.550750394869951 ], [ 126.915604117003866, 37.550786866457948 ], [ 126.915823862282693, 37.550953790855452 ], [ 126.915883548617686, 37.551000073512448 ], [ 126.916053362449432, 37.551131758100503 ], [ 126.916493252324059, 37.55144792659312 ], [ 126.916633543272539, 37.55154875009552 ], [ 126.916674735539914, 37.551579854592312 ], [ 126.916759842965774, 37.551644119737354 ], [ 126.91686111543558, 37.55172058580505 ], [ 126.917030057879941, 37.551848144492823 ], [ 126.917111694564312, 37.551909785939742 ], [ 126.917889494808065, 37.552494559850793 ], [ 126.918112628568068, 37.552667437897362 ], [ 126.918187588689577, 37.552719973884194 ], [ 126.918323035765468, 37.552814907586708 ], [ 126.918504316511331, 37.552951705202432 ], [ 126.918730012347282, 37.553122015994909 ], [ 126.919151860909125, 37.553440342482673 ], [ 126.919881364004539, 37.553968370274532 ], [ 126.919910594959134, 37.553989527510126 ], [ 126.920726696718248, 37.554599707640719 ], [ 126.921364289061273, 37.555077675291017 ], [ 126.921522778486263, 37.555190982961136 ], [ 126.921734113527108, 37.555342087161684 ], [ 126.922716028707555, 37.556074287974553 ], [ 126.922762572725361, 37.556109412276967 ], [ 126.923544925536945, 37.556699692668914 ], [ 126.924093303612636, 37.557101390293646 ], [ 126.924098709392908, 37.557105358156491 ], [ 126.924883983815349, 37.557681035310324 ], [ 126.924898516126092, 37.55769189255998 ], [ 126.924954596203264, 37.557733770523079 ], [ 126.925137510903625, 37.55763471749497 ], [ 126.925291530156883, 37.557591083353621 ], [ 126.925357858594737, 37.557573890130165 ], [ 126.925498640204239, 37.557537346305097 ], [ 126.925605575567545, 37.557508331346646 ], [ 126.925684096040968, 37.557485757658135 ], [ 126.925749062979136, 37.557471788927316 ], [ 126.925761164539793, 37.557468761077658 ], [ 126.925822159079402, 37.557453528412765 ], [ 126.925860058978415, 37.557443856587099 ], [ 126.925969713506262, 37.557411600316961 ], [ 126.925999488442386, 37.557401925153783 ], [ 126.926010038079525, 37.557400300059449 ], [ 126.926010221146043, 37.557365099116346 ], [ 126.926022962868771, 37.557040768837837 ], [ 126.926032036316926, 37.556987949956969 ], [ 126.925698079787836, 37.556899086649075 ], [ 126.924972136103932, 37.556707942328266 ], [ 126.924732669236391, 37.55665331292002 ] ] ] } },
{ "type": "Feature", "properties": { "area_type_code": "A", "area_type_name": "골목상권", "area_code": "3110577", "area_name": "용강동주민센터", "source_admin_code": "11440590", "source_admin_name": "용강동", "minimum_period_ratio": 0.3592814371257485, "mean_period_ratio": 0.40219560878243515, "access_tier": "exploration_25pct_all_periods" }, "geometry": { "type": "MultiPolygon", "coordinates": [ [ [ [ 126.944205029549622, 37.542706560178068 ], [ 126.944401007322114, 37.542576290600813 ], [ 126.944448403757477, 37.542610290499319 ], [ 126.94489908245707, 37.542293366038066 ], [ 126.944941978485403, 37.542263200759187 ], [ 126.944775579336422, 37.542111684853367 ], [ 126.944745760154078, 37.54208551578764 ], [ 126.944684076233656, 37.542031389992871 ], [ 126.944620487704213, 37.542074092797051 ], [ 126.944181897203421, 37.542385138394515 ], [ 126.944093532996988, 37.542447669207952 ], [ 126.943862168225948, 37.542611386383562 ], [ 126.94392589129265, 37.542662186179491 ], [ 126.944083167734362, 37.542787562756224 ], [ 126.944205029549622, 37.542706560178068 ] ] ], [ [ [ 126.945529066812156, 37.544490682244145 ], [ 126.945465298328699, 37.544425591657586 ], [ 126.945398948505712, 37.54435787613253 ], [ 126.945197866300589, 37.544173331317801 ], [ 126.945072178835559, 37.544057979251669 ], [ 126.94505799069249, 37.544044957716494 ], [ 126.944973561899531, 37.543967473009893 ], [ 126.944879925254526, 37.5438814911248 ], [ 126.944872875882822, 37.54387502046103 ], [ 126.944753170208941, 37.543765107472154 ], [ 126.944672678347445, 37.543691201356147 ], [ 126.944423665862885, 37.543459597866658 ], [ 126.944357391882136, 37.54339883028878 ], [ 126.944248337263829, 37.543298849910428 ], [ 126.944093340714218, 37.543156749391422 ], [ 126.944050156497539, 37.543117157043966 ], [ 126.94398330870392, 37.543054333801244 ], [ 126.943875495141441, 37.54295300126158 ], [ 126.943794931693503, 37.54287728799973 ], [ 126.94371817932111, 37.542804747115582 ], [ 126.94365979509611, 37.542756677081549 ], [ 126.943532895697743, 37.542652190628452 ], [ 126.943470274346353, 37.542597794357881 ], [ 126.943384515878549, 37.542523298278013 ], [ 126.94335204284387, 37.54249508862798 ], [ 126.943346412619348, 37.542490197103589 ], [ 126.943344068481679, 37.542488162423027 ], [ 126.943320108092536, 37.542467345044003 ], [ 126.943250802944632, 37.542407135802186 ], [ 126.943234057657108, 37.542391791840743 ], [ 126.943173468706576, 37.542336262029067 ], [ 126.942925505326158, 37.542108998652878 ], [ 126.942876185790126, 37.542063797785588 ], [ 126.942849715163689, 37.542039539078999 ], [ 126.942805323328429, 37.542000530433512 ], [ 126.942721488041926, 37.541926860112106 ], [ 126.942382197771394, 37.5421535009717 ], [ 126.942418134827165, 37.542181995492925 ], [ 126.942804349937532, 37.542488212185582 ], [ 126.943061819761638, 37.542692350828347 ], [ 126.942872802560373, 37.542840820835266 ], [ 126.942861465416144, 37.543036817867765 ], [ 126.942902218313009, 37.543036458259195 ], [ 126.942973234616048, 37.543035817727571 ], [ 126.943045064074738, 37.543037222814171 ], [ 126.943080164106419, 37.543037906477913 ], [ 126.943115223350219, 37.543046106248767 ], [ 126.943142584650758, 37.543058832528089 ], [ 126.943179719071139, 37.543076104541143 ], [ 126.943161300304666, 37.543088799768839 ], [ 126.943187523313625, 37.543110445384016 ], [ 126.943173062480085, 37.543269517979837 ], [ 126.943175347721805, 37.543285069428052 ], [ 126.943177768066562, 37.543301521940592 ], [ 126.943161897590542, 37.54346761263659 ], [ 126.943159293557471, 37.543494876524825 ], [ 126.943176878736963, 37.543513138334141 ], [ 126.943296260970541, 37.543522108406563 ], [ 126.943288771410039, 37.543563685028985 ], [ 126.943492110526677, 37.54357863278004 ], [ 126.943494011209822, 37.543534089182693 ], [ 126.943574241661977, 37.543528181852402 ], [ 126.943581678450229, 37.543554918056564 ], [ 126.943620856174647, 37.543550486732428 ], [ 126.943656290961059, 37.543571289700253 ], [ 126.943670718330338, 37.543605804858245 ], [ 126.943678643051655, 37.543624766565415 ], [ 126.943783121677782, 37.543620356404055 ], [ 126.943883767073274, 37.54374663518292 ], [ 126.943728827659484, 37.54385941702126 ], [ 126.943646610489594, 37.543989246049975 ], [ 126.943779035165306, 37.544033856378938 ], [ 126.943783566141349, 37.54405920004173 ], [ 126.943806832770463, 37.544040312656122 ], [ 126.94389904432694, 37.543965450123473 ], [ 126.943924955306969, 37.543966263419051 ], [ 126.943949533378955, 37.543965473198533 ], [ 126.943991280212131, 37.543960674462582 ], [ 126.944013156665079, 37.543956124879337 ], [ 126.944061984950352, 37.54393899479534 ], [ 126.944097626848972, 37.543928334832223 ], [ 126.944189936273034, 37.543900728629716 ], [ 126.944219891488729, 37.543895381837679 ], [ 126.944295527382565, 37.543887454509935 ], [ 126.944313460484778, 37.543908537341856 ], [ 126.944312066722276, 37.543926364757695 ], [ 126.944311385512989, 37.543959846471225 ], [ 126.944313992871841, 37.543982336643104 ], [ 126.944323147774028, 37.544039375115688 ], [ 126.944336911091327, 37.544083321536995 ], [ 126.944341299575427, 37.544099676742348 ], [ 126.944356563925595, 37.544156573029831 ], [ 126.944374904434497, 37.544235579483527 ], [ 126.944377122869028, 37.544248520679751 ], [ 126.944386021380666, 37.544300458467411 ], [ 126.944390593045057, 37.544345969190879 ], [ 126.944397105259995, 37.544412932718146 ], [ 126.944400377132908, 37.544441190495306 ], [ 126.944400633820791, 37.54444752464066 ], [ 126.944401339524475, 37.544464816048901 ], [ 126.944626628153003, 37.544458227484327 ], [ 126.944666378550281, 37.54467161714458 ], [ 126.944980279021323, 37.544952647605939 ], [ 126.945212984875596, 37.544801439301949 ], [ 126.945271927064184, 37.544763139931739 ], [ 126.945513747350901, 37.544604589407207 ], [ 126.945593410076185, 37.544565345276006 ], [ 126.945529066812156, 37.544490682244145 ] ] ] ] } },
{ "type": "Feature", "properties": { "area_type_code": "A", "area_type_name": "골목상권", "area_code": "3110576", "area_name": "대흥역 3번", "source_admin_code": "11440600", "source_admin_name": "대흥동", "minimum_period_ratio": 0.44311377245508982, "mean_period_ratio": 0.48403193612774453, "access_tier": "exploration_25pct_all_periods" }, "geometry": { "type": "Polygon", "coordinates": [ [ [ 126.946488054597523, 37.545264938442543 ], [ 126.946657998553803, 37.545188778195318 ], [ 126.946662222952256, 37.545186886203403 ], [ 126.947083347620762, 37.544998164085875 ], [ 126.947143511141874, 37.544974242474211 ], [ 126.947182301078172, 37.544955646089491 ], [ 126.947132576931807, 37.544881020206788 ], [ 126.946995037277546, 37.544676819165154 ], [ 126.946975566544097, 37.544639787465691 ], [ 126.946929476805153, 37.544672968580976 ], [ 126.94647079472459, 37.54489446320369 ], [ 126.946021044027304, 37.545120256983395 ], [ 126.945598113436361, 37.544570803894118 ], [ 126.945593410076185, 37.544565345276006 ], [ 126.945513747350901, 37.544604589407207 ], [ 126.945271927064184, 37.544763139931739 ], [ 126.945212984875596, 37.544801439301949 ], [ 126.944980279021323, 37.544952647605939 ], [ 126.944949089233461, 37.544972913659002 ], [ 126.944844732947672, 37.545040721909579 ], [ 126.944817040199084, 37.545058718141995 ], [ 126.944646434487069, 37.545163061385892 ], [ 126.944583272702644, 37.545203478511802 ], [ 126.94456167721718, 37.545182679622698 ], [ 126.94452661312944, 37.545148910827876 ], [ 126.94443868929109, 37.545199558799013 ], [ 126.944290723149592, 37.545289012354615 ], [ 126.944290392578878, 37.545289213121464 ], [ 126.944225611004299, 37.545328379605145 ], [ 126.943988540637164, 37.545471705542688 ], [ 126.943733789365552, 37.54562572464345 ], [ 126.943731585168848, 37.545627056170716 ], [ 126.943473398665517, 37.545743353645634 ], [ 126.94337433483966, 37.545773534698903 ], [ 126.94319509978439, 37.545828141053924 ], [ 126.943189065894003, 37.54582997889208 ], [ 126.942840979736104, 37.545936023375255 ], [ 126.942838626562192, 37.545936807907282 ], [ 126.942799956004549, 37.545949630218864 ], [ 126.942758070783583, 37.545963674516038 ], [ 126.942754246160391, 37.545964956585493 ], [ 126.942244434777479, 37.546135918857843 ], [ 126.941804767705776, 37.546283356896964 ], [ 126.941801005303759, 37.546284618243149 ], [ 126.941476409397993, 37.546393398494217 ], [ 126.941464654688048, 37.546397337241011 ], [ 126.941322658594174, 37.546444924201815 ], [ 126.941301922283174, 37.546451872310243 ], [ 126.94123915303652, 37.546472907346484 ], [ 126.941195434697136, 37.54648755744897 ], [ 126.940765620163191, 37.546631591640086 ], [ 126.940905005718392, 37.546776908801796 ], [ 126.940972743009453, 37.546859248926154 ], [ 126.941020664662801, 37.546917495416174 ], [ 126.941065869886344, 37.546976569449356 ], [ 126.941088908312011, 37.547006674305926 ], [ 126.941138207209178, 37.547053542720036 ], [ 126.941166621591904, 37.547081226553985 ], [ 126.941240603777374, 37.54715332527573 ], [ 126.94131835162743, 37.547228914488969 ], [ 126.94136229610767, 37.547278581351975 ], [ 126.941387541487046, 37.547307111397906 ], [ 126.941488672430935, 37.547421409097076 ], [ 126.941490888434146, 37.547423912268648 ], [ 126.941565825734529, 37.547505499673633 ], [ 126.941615709026237, 37.547559808621315 ], [ 126.941764985089435, 37.547722325196396 ], [ 126.941765821777466, 37.547723235617717 ], [ 126.941826500513343, 37.547791262998153 ], [ 126.941912845104241, 37.547887641185802 ], [ 126.942061972599546, 37.547825637444049 ], [ 126.942362092924071, 37.547688351384807 ], [ 126.942553708851378, 37.547600699198853 ], [ 126.942714002750861, 37.547527376309993 ], [ 126.942802162201758, 37.54748893018256 ], [ 126.94286428581232, 37.547461832087237 ], [ 126.943357096050832, 37.547246882176083 ], [ 126.943643670276444, 37.547119398222719 ], [ 126.943756392300799, 37.547069250115612 ], [ 126.943782871690686, 37.547057473155597 ], [ 126.943813944663873, 37.547043654009109 ], [ 126.943829170985438, 37.547036878534065 ], [ 126.944018413619872, 37.546952689874935 ], [ 126.944107364688634, 37.54691311689561 ], [ 126.944759371705459, 37.546639728191948 ], [ 126.945178940941915, 37.546460289775062 ], [ 126.945372120811811, 37.546377662196193 ], [ 126.945406916932512, 37.546362784776377 ], [ 126.94577001374968, 37.546204401503033 ], [ 126.945796456126871, 37.546192871847239 ], [ 126.946049990149746, 37.546082276806153 ], [ 126.946131524156996, 37.546046915581719 ], [ 126.94636794178453, 37.545944375085291 ], [ 126.946290847504343, 37.545837401373824 ], [ 126.946202619549823, 37.545714979414903 ], [ 126.946193258225549, 37.545701981842583 ], [ 126.946028004897912, 37.545472666138942 ], [ 126.946448522642271, 37.545282653985488 ], [ 126.946488054597523, 37.545264938442543 ] ] ] } },
{ "type": "Feature", "properties": { "area_type_code": "A", "area_type_name": "골목상권", "area_code": "3110581", "area_name": "염리초등학교", "source_admin_code": "11440590", "source_admin_name": "용강동", "minimum_period_ratio": 0.47005988023952094, "mean_period_ratio": 0.50199600798403188, "access_tier": "exploration_25pct_all_periods" }, "geometry": { "type": "Polygon", "coordinates": [ [ [ 126.947871695589029, 37.543427092725359 ], [ 126.947801696487304, 37.543365676715275 ], [ 126.94779125777778, 37.543370764549095 ], [ 126.947709078372654, 37.543301846782661 ], [ 126.947655441546075, 37.543256862247389 ], [ 126.947307334986888, 37.542959664131651 ], [ 126.947282161929266, 37.542938181178101 ], [ 126.947212330825252, 37.543008948717457 ], [ 126.947208888500711, 37.543010785217476 ], [ 126.947017892862036, 37.543104871237666 ], [ 126.946983209441129, 37.543063858394682 ], [ 126.946841008606441, 37.542895703106716 ], [ 126.946686418273032, 37.542971927344489 ], [ 126.946436233000512, 37.542745157798201 ], [ 126.946395258188559, 37.542708017125051 ], [ 126.945957559682924, 37.543018953461257 ], [ 126.945938042958161, 37.543032817216179 ], [ 126.945880683330401, 37.543067865949013 ], [ 126.945844748402678, 37.543093464888287 ], [ 126.945899985716451, 37.543145513914588 ], [ 126.945974289523406, 37.543258956729161 ], [ 126.946014421054841, 37.543317008454473 ], [ 126.946110233745046, 37.543455598894298 ], [ 126.946162793114212, 37.543532839415768 ], [ 126.946190859935001, 37.543574090949363 ], [ 126.946213668738068, 37.543607069808118 ], [ 126.94640269613015, 37.543880391012117 ], [ 126.946440640838063, 37.543937118026136 ], [ 126.946491876287169, 37.544013716283033 ], [ 126.94656131377495, 37.544081319069562 ], [ 126.946649456117697, 37.544037769480582 ], [ 126.946664511008706, 37.544030568287077 ], [ 126.946668687955963, 37.544028479855264 ], [ 126.94703953140808, 37.543842334518438 ], [ 126.94713948463415, 37.543792024254309 ], [ 126.947444206385114, 37.543640257186105 ], [ 126.947795609239449, 37.543465579539557 ], [ 126.947834728448854, 37.543445640591955 ], [ 126.947871695589029, 37.543427092725359 ] ] ] } },
{ "type": "Feature", "properties": { "area_type_code": "D", "area_type_name": "발달상권", "area_code": "3120153", "area_name": "노량진역(노량진)", "source_admin_code": "11590510", "source_admin_name": "노량진1동", "minimum_period_ratio": 0.25449101796407186, "mean_period_ratio": 0.29640718562874252, "access_tier": "exploration_25pct_all_periods" }, "geometry": { "type": "Polygon", "coordinates": [ [ [ 126.943458351165546, 37.515827909226616 ], [ 126.943932493804951, 37.515417756927334 ], [ 126.944010117907538, 37.515350607707582 ], [ 126.944149068914797, 37.515238435464177 ], [ 126.944633952135902, 37.514846394658029 ], [ 126.944694981841437, 37.514794112773643 ], [ 126.944915496648335, 37.514605214059387 ], [ 126.944954660179761, 37.514571664519984 ], [ 126.945204545588822, 37.514357603994519 ], [ 126.945312219211161, 37.514345734516503 ], [ 126.945841447067579, 37.514398023946207 ], [ 126.945902698635933, 37.514346975009403 ], [ 126.945919149740703, 37.51432474666931 ], [ 126.945524436002913, 37.514027096162387 ], [ 126.945525941456197, 37.514025610200285 ], [ 126.945162980783621, 37.51377761752584 ], [ 126.945214712514399, 37.513772028276954 ], [ 126.945233582051884, 37.51376829876228 ], [ 126.945312452857863, 37.513752701986228 ], [ 126.945541308088906, 37.513707312430654 ], [ 126.945891663558768, 37.513630891713731 ], [ 126.946233761961238, 37.513555098702895 ], [ 126.946491951088476, 37.513498645511774 ], [ 126.946505154212844, 37.513495760170422 ], [ 126.946786727457237, 37.513434262290147 ], [ 126.946828234436367, 37.513424443820767 ], [ 126.947112865231247, 37.513357108032658 ], [ 126.947194780181562, 37.513338224498781 ], [ 126.947371939754447, 37.513297490788098 ], [ 126.947380751286516, 37.5132954683558 ], [ 126.947537784087203, 37.513259363796827 ], [ 126.947902954149555, 37.513180964180144 ], [ 126.948347884921802, 37.513076108820329 ], [ 126.94838809049493, 37.513066647832602 ], [ 126.948848324793786, 37.512958357237693 ], [ 126.949328165213331, 37.512845039349877 ], [ 126.949148627380936, 37.512609876712048 ], [ 126.949064593943476, 37.512434199663176 ], [ 126.948850809182275, 37.512193525658503 ], [ 126.948653934580989, 37.512096021868636 ], [ 126.948531227760185, 37.512017875728851 ], [ 126.948450183473554, 37.512128541365421 ], [ 126.948381851403241, 37.512192872054051 ], [ 126.9483443416066, 37.512213902212615 ], [ 126.948308853894986, 37.51221563733899 ], [ 126.948292684347635, 37.512210171077569 ], [ 126.948275372557831, 37.512197936871488 ], [ 126.94825430472244, 37.512160743201996 ], [ 126.948231598726949, 37.511960333703826 ], [ 126.948231679035544, 37.51184897051975 ], [ 126.947982677555927, 37.512081855407445 ], [ 126.947951221446985, 37.512131900441751 ], [ 126.947657536480406, 37.512025395409253 ], [ 126.947563735493731, 37.511995718877081 ], [ 126.947538585909982, 37.511987760852882 ], [ 126.947493567717359, 37.511973513993787 ], [ 126.947329584485331, 37.511944155646894 ], [ 126.947264867609178, 37.511926592328706 ], [ 126.946972006168011, 37.512477939732996 ], [ 126.946922021903873, 37.512464294100397 ], [ 126.946738267874252, 37.512401139295221 ], [ 126.946657710406328, 37.512374954902342 ], [ 126.946585609274734, 37.512351512430314 ], [ 126.946367937397866, 37.512270321622324 ], [ 126.946343750275503, 37.512264116234185 ], [ 126.946340615497022, 37.512263308411448 ], [ 126.946288777398479, 37.512250013059898 ], [ 126.946277468207782, 37.51224775540647 ], [ 126.946258123629946, 37.512242607279006 ], [ 126.946248598353392, 37.512240073826163 ], [ 126.946192654474231, 37.512225189895645 ], [ 126.946147420491613, 37.512213906729478 ], [ 126.94608190545874, 37.512203730634148 ], [ 126.946045635776827, 37.512198090905606 ], [ 126.945960823299913, 37.512175526129745 ], [ 126.945892979675122, 37.512146212436846 ], [ 126.945662021752, 37.512001907005143 ], [ 126.945553835715486, 37.511909541198889 ], [ 126.945491681251809, 37.511837431295739 ], [ 126.945370206929567, 37.511684203558502 ], [ 126.945348027424387, 37.511667561661383 ], [ 126.945322162661782, 37.511648141159164 ], [ 126.945310856365694, 37.511643630903741 ], [ 126.945253342048574, 37.511613276458093 ], [ 126.945253002859602, 37.511613095199031 ], [ 126.945199980981755, 37.511907924243197 ], [ 126.94515303723891, 37.512102105797439 ], [ 126.945098090995131, 37.512351679143379 ], [ 126.945071664367333, 37.512455112942462 ], [ 126.945062306441343, 37.512475812763903 ], [ 126.945048404399614, 37.512506510715156 ], [ 126.944990963233479, 37.512591489209981 ], [ 126.944923377063958, 37.512696683279124 ], [ 126.944807666537386, 37.512872146662055 ], [ 126.944805175357544, 37.512875923407982 ], [ 126.944598111224892, 37.513214031843404 ], [ 126.944594273756337, 37.513219694655525 ], [ 126.94452808211814, 37.513317407203985 ], [ 126.944418270213063, 37.513491938615289 ], [ 126.944283391424591, 37.513707570906632 ], [ 126.944234403902399, 37.51378589098006 ], [ 126.944235752719933, 37.513713712193479 ], [ 126.944243873420703, 37.513293375159463 ], [ 126.944264404936931, 37.513111052274702 ], [ 126.94425542111432, 37.512584241779308 ], [ 126.944282376784059, 37.512049151748045 ], [ 126.944294668324076, 37.511849624762085 ], [ 126.944306839604138, 37.511652024058371 ], [ 126.944404460458344, 37.511348153201119 ], [ 126.944418679125775, 37.511303890849078 ], [ 126.944412543045672, 37.511302424730651 ], [ 126.944303953906854, 37.511276494933547 ], [ 126.944229325846777, 37.511258673896684 ], [ 126.944196186548893, 37.511306035753826 ], [ 126.944182076155826, 37.511326233206859 ], [ 126.944068869611002, 37.511523709525143 ], [ 126.944039306686136, 37.511601174680202 ], [ 126.943996984154936, 37.511704266447119 ], [ 126.943964345728546, 37.511796815636259 ], [ 126.943896875770491, 37.511972453298526 ], [ 126.943930737501404, 37.512018406173993 ], [ 126.944019983522367, 37.512081179117139 ], [ 126.943981146147692, 37.512127475922668 ], [ 126.943913716573064, 37.512207987388749 ], [ 126.943905947113521, 37.512215636828579 ], [ 126.943890064294479, 37.512217399758022 ], [ 126.943854042159941, 37.512207654499285 ], [ 126.943844019587971, 37.512207747944245 ], [ 126.943833828473586, 37.512213894254081 ], [ 126.943778790677484, 37.512288527075604 ], [ 126.943655112096678, 37.512556985389239 ], [ 126.943648346907594, 37.512566233671926 ], [ 126.943624131865562, 37.512573259859984 ], [ 126.943560737847235, 37.512714529550863 ], [ 126.943286284800536, 37.512637099152215 ], [ 126.943333646247069, 37.512516641418273 ], [ 126.943361966471713, 37.512462595656146 ], [ 126.943466761601556, 37.512241902551814 ], [ 126.943478937578192, 37.512219546356967 ], [ 126.94348292449645, 37.512212232111033 ], [ 126.94347528320597, 37.512192352303181 ], [ 126.943455508005286, 37.512167565224246 ], [ 126.943414759618065, 37.512148237191752 ], [ 126.943391638308228, 37.512149451478862 ], [ 126.943415521120386, 37.51205796324669 ], [ 126.943115214372682, 37.512007146530308 ], [ 126.942684652388607, 37.511935295045753 ], [ 126.942678054549205, 37.511966709859877 ], [ 126.942666702436469, 37.512020763699745 ], [ 126.942656246008866, 37.512070529193032 ], [ 126.942649674236222, 37.512101844907036 ], [ 126.942609949768723, 37.512273012796413 ], [ 126.94259986289147, 37.512315707381745 ], [ 126.942592927217888, 37.512345085755562 ], [ 126.942578749599605, 37.512394633189651 ], [ 126.942566373358858, 37.51242553972255 ], [ 126.9422430205654, 37.512385608129314 ], [ 126.94180015163117, 37.512396070350391 ], [ 126.941678053907083, 37.512350454458257 ], [ 126.941566490017294, 37.51233105386099 ], [ 126.941522388732466, 37.512325760260808 ], [ 126.941489917825052, 37.511886480329665 ], [ 126.941436894524387, 37.511888886764254 ], [ 126.941374558742908, 37.511891719233368 ], [ 126.941208219604519, 37.511895775771698 ], [ 126.940805056940221, 37.511905605297024 ], [ 126.940741148802985, 37.511907162623963 ], [ 126.940715266924485, 37.511909357096826 ], [ 126.940661969319265, 37.511913878603622 ], [ 126.940223134032067, 37.511938620559107 ], [ 126.940223023013885, 37.511930327660529 ], [ 126.940221681688001, 37.511830889457258 ], [ 126.940221653716534, 37.511829088335723 ], [ 126.940213712080208, 37.511241058319165 ], [ 126.940212459419072, 37.511148185767354 ], [ 126.940210843057812, 37.511071703199299 ], [ 126.940210808307683, 37.511069893064054 ], [ 126.940195057394561, 37.511053959839252 ], [ 126.939848253331078, 37.51112283220656 ], [ 126.939815650289589, 37.511130032643692 ], [ 126.939797346433068, 37.511134068825427 ], [ 126.939667245117846, 37.511170039913523 ], [ 126.939641904087424, 37.511175073492296 ], [ 126.939610682840154, 37.511181272662093 ], [ 126.939407057809362, 37.511223964284312 ], [ 126.939378620338331, 37.51122704013784 ], [ 126.939344844903403, 37.511230688985286 ], [ 126.939238731780577, 37.511230631745285 ], [ 126.939244641133527, 37.511270276269933 ], [ 126.93923990259519, 37.511336476021967 ], [ 126.939222341393375, 37.511398165956706 ], [ 126.939222466671353, 37.511493353515455 ], [ 126.939211453992399, 37.511612622788022 ], [ 126.939215036512252, 37.511663713372585 ], [ 126.939155069602407, 37.511834768779046 ], [ 126.939153335256933, 37.511842238111349 ], [ 126.939173133943996, 37.511847375022327 ], [ 126.939193217606046, 37.511852584156983 ], [ 126.939182189286498, 37.511853002852185 ], [ 126.939109549799241, 37.511951361391773 ], [ 126.939033142418637, 37.512023400509996 ], [ 126.938981037297452, 37.512073144172966 ], [ 126.938919945484571, 37.512131461626176 ], [ 126.938803412352243, 37.512163714921236 ], [ 126.938603171527177, 37.51221913989297 ], [ 126.938527102335442, 37.51223785202653 ], [ 126.938484385237388, 37.512248358921639 ], [ 126.938280749973231, 37.512297805217727 ], [ 126.938221063168086, 37.512311080043993 ], [ 126.938222262168523, 37.512312387127047 ], [ 126.93823352004604, 37.512321727417046 ], [ 126.93830317794918, 37.512527571175866 ], [ 126.938312270583708, 37.512556623395113 ], [ 126.938320132457932, 37.512581729474043 ], [ 126.938325739198476, 37.512599662382549 ], [ 126.938358428795226, 37.512745352880557 ], [ 126.938387093987984, 37.512781101656465 ], [ 126.93833622477851, 37.512786137852878 ], [ 126.938136708156321, 37.512779832817223 ], [ 126.938044810714857, 37.512775566150424 ], [ 126.93786613076476, 37.512780534135487 ], [ 126.937719188345937, 37.512785104126976 ], [ 126.937588613195061, 37.512789160002555 ], [ 126.937589361013181, 37.512786241144632 ], [ 126.937634346275942, 37.512558358633889 ], [ 126.93765411273435, 37.512458205346839 ], [ 126.937551049184819, 37.512484368319363 ], [ 126.937070246246364, 37.512596731443161 ], [ 126.937040390904841, 37.512603850584611 ], [ 126.936928833251542, 37.512630441868566 ], [ 126.936079869508674, 37.51282357162502 ], [ 126.935923417350054, 37.512734764089792 ], [ 126.935949875878734, 37.512782279372274 ], [ 126.935958588342601, 37.512805150677401 ], [ 126.935956352608898, 37.512825827507463 ], [ 126.935906773609204, 37.513283425944167 ], [ 126.935903178040249, 37.513283207752139 ], [ 126.934995303474537, 37.513228459454737 ], [ 126.934363197038863, 37.513219933281974 ], [ 126.934360045839, 37.513225062748347 ], [ 126.934354937298281, 37.51327214006853 ], [ 126.93434566777681, 37.513357576218738 ], [ 126.934352449807506, 37.513357610622371 ], [ 126.934371555548651, 37.513368810807179 ], [ 126.934343034352096, 37.513441765462474 ], [ 126.93432686639045, 37.513483113454861 ], [ 126.934318466163461, 37.513514869171793 ], [ 126.934340937001693, 37.513515695271479 ], [ 126.934340935809828, 37.513517055786721 ], [ 126.934340578668895, 37.51352963990972 ], [ 126.934383598701331, 37.513572538086407 ], [ 126.934426028849686, 37.513614862881177 ], [ 126.934474485967229, 37.513663188085872 ], [ 126.934476170971465, 37.513664868491858 ], [ 126.934482611505459, 37.513671294420114 ], [ 126.934545510466734, 37.513734040963911 ], [ 126.934565853739073, 37.513754333832431 ], [ 126.93457839920643, 37.513766835903276 ], [ 126.934579555310449, 37.513767998838574 ], [ 126.934594332756873, 37.513782742039488 ], [ 126.934608744053023, 37.513797116525232 ], [ 126.934631929615335, 37.513820243711798 ], [ 126.934627896044688, 37.513942202261646 ], [ 126.934624285541304, 37.514051140636731 ], [ 126.93462351380866, 37.514074844719147 ], [ 126.93432804759064, 37.514237897652364 ], [ 126.934051891549615, 37.514300723954449 ], [ 126.93397953349762, 37.514309372813223 ], [ 126.933906229276332, 37.514318637384818 ], [ 126.933857957319475, 37.514314212564393 ], [ 126.933756853307585, 37.514307325396274 ], [ 126.933609196774668, 37.514297176480142 ], [ 126.933348506639149, 37.51430416201076 ], [ 126.933307274851771, 37.514308536536603 ], [ 126.933237160393432, 37.514341804333498 ], [ 126.933157756777419, 37.51437932137199 ], [ 126.933072164756325, 37.514419375681115 ], [ 126.933015190439889, 37.514446094185999 ], [ 126.933012031044143, 37.514447577248418 ], [ 126.932991661826605, 37.514457829028395 ], [ 126.932966234807395, 37.514468733865293 ], [ 126.932913243479504, 37.514493731861926 ], [ 126.932878691664541, 37.514509765416271 ], [ 126.932756123915638, 37.514566648148602 ], [ 126.932642557372958, 37.514618534414794 ], [ 126.932591184254193, 37.51464124554056 ], [ 126.932577777450064, 37.514668546410405 ], [ 126.932542490725893, 37.514739352363094 ], [ 126.93253009647772, 37.514765130208062 ], [ 126.93252963751506, 37.514766085009825 ], [ 126.932518021794351, 37.514790244194458 ], [ 126.932502916767703, 37.514820455227799 ], [ 126.932500542325627, 37.514844563828774 ], [ 126.932493489789067, 37.514912379246844 ], [ 126.932487242916707, 37.514952217158132 ], [ 126.932472145247146, 37.515045768748635 ], [ 126.932450011814495, 37.515179624512264 ], [ 126.932436474299692, 37.515263922778573 ], [ 126.932414429015907, 37.515398977816723 ], [ 126.932411596019946, 37.515417258459848 ], [ 126.932385695485493, 37.515575176951884 ], [ 126.93241335444479, 37.515580844777226 ], [ 126.932526673073184, 37.515602586809656 ], [ 126.932658941697198, 37.515628016534329 ], [ 126.932865135265047, 37.515667659135737 ], [ 126.932920969646148, 37.51567841280027 ], [ 126.933038725163229, 37.515701095706603 ], [ 126.933242675283296, 37.515740380480317 ], [ 126.933568379460837, 37.515802971225149 ], [ 126.933803293619945, 37.515848893015487 ], [ 126.934137641252335, 37.515913335892854 ], [ 126.934707681862562, 37.515892513933728 ], [ 126.935233023262242, 37.51593299332977 ], [ 126.935486820647228, 37.515950326975009 ], [ 126.93575529608438, 37.515960711411118 ], [ 126.936284737320818, 37.515979104762636 ], [ 126.936337766856397, 37.515980947977717 ], [ 126.936455748901949, 37.515985048005021 ], [ 126.937181298013513, 37.516012933837985 ], [ 126.937502333812247, 37.516025489336691 ], [ 126.937925728896658, 37.516039124945117 ], [ 126.938071143137407, 37.516040905074249 ], [ 126.938428744152944, 37.516046854844859 ], [ 126.938530077765407, 37.516051637893256 ], [ 126.938652688392665, 37.516056066100148 ], [ 126.938728529927488, 37.51572974575889 ], [ 126.938728595788064, 37.515729434045788 ], [ 126.938732797684153, 37.515715921171612 ], [ 126.938750510358119, 37.515658858087384 ], [ 126.938764833788937, 37.515661746022502 ], [ 126.938807525881828, 37.515670345702027 ], [ 126.938916583195876, 37.51569217220014 ], [ 126.939066546800845, 37.515719650979705 ], [ 126.93921711900488, 37.515749994172374 ], [ 126.939333999446205, 37.515774653461662 ], [ 126.939470956798843, 37.515803106239481 ], [ 126.939502339864418, 37.515809033802228 ], [ 126.939607293477323, 37.515827081454283 ], [ 126.939776439473349, 37.515857281159306 ], [ 126.939812418404145, 37.515860372821599 ], [ 126.939865089607139, 37.515867563528666 ], [ 126.940043306308624, 37.515899263135026 ], [ 126.940204953011545, 37.515929710700199 ], [ 126.940279462147345, 37.51594100283188 ], [ 126.940502365240874, 37.515979230477541 ], [ 126.940664074001475, 37.516004612904368 ], [ 126.941374722056679, 37.516123702012123 ], [ 126.942040207316381, 37.516227806229082 ], [ 126.942054130387646, 37.516229452886812 ], [ 126.942181811415978, 37.516245447000898 ], [ 126.942415129210332, 37.51627545087203 ], [ 126.942632771363378, 37.51630310225859 ], [ 126.942687647911058, 37.516310075635907 ], [ 126.943024080581935, 37.516357086079942 ], [ 126.943185058565547, 37.516104247426917 ], [ 126.943458351165546, 37.515827909226616 ] ] ] } },
{ "type": "Feature", "properties": { "area_type_code": "A", "area_type_name": "골목상권", "area_code": "3110832", "area_name": "노량진초등학교", "source_admin_code": "11590510", "source_admin_name": "노량진1동", "minimum_period_ratio": 0.25149700598802394, "mean_period_ratio": 0.29640718562874252, "access_tier": "exploration_25pct_all_periods" }, "geometry": { "type": "Polygon", "coordinates": [ [ [ 126.943844019587971, 37.512207747944245 ], [ 126.943854042159941, 37.512207654499285 ], [ 126.943890064294479, 37.512217399758022 ], [ 126.943905947113521, 37.512215636828579 ], [ 126.943913716573064, 37.512207987388749 ], [ 126.943981146147692, 37.512127475922668 ], [ 126.944019983522367, 37.512081179117139 ], [ 126.943930737501404, 37.512018406173993 ], [ 126.943896875770491, 37.511972453298526 ], [ 126.943964345728546, 37.511796815636259 ], [ 126.943996984154936, 37.511704266447119 ], [ 126.944039306686136, 37.511601174680202 ], [ 126.944068869611002, 37.511523709525143 ], [ 126.944182076155826, 37.511326233206859 ], [ 126.944196186548893, 37.511306035753826 ], [ 126.944229325846777, 37.511258673896684 ], [ 126.944303953906854, 37.511276494933547 ], [ 126.944412543045672, 37.511302424730651 ], [ 126.944418679125775, 37.511303890849078 ], [ 126.944451629587149, 37.511201324307308 ], [ 126.944484291733318, 37.511116818250549 ], [ 126.944496588504066, 37.511089532608509 ], [ 126.944645431520442, 37.510759250111896 ], [ 126.944643965785971, 37.51075602833437 ], [ 126.944591457954132, 37.510640702185029 ], [ 126.944372760713748, 37.510742183134411 ], [ 126.944279482349629, 37.510796958978361 ], [ 126.94425394772135, 37.510811954058951 ], [ 126.944016381639528, 37.510870403382164 ], [ 126.943982778583361, 37.510884550338517 ], [ 126.943513215129471, 37.51067644339048 ], [ 126.943479136684672, 37.51066103703306 ], [ 126.943428415907434, 37.51063810922092 ], [ 126.943230272954793, 37.510543947498036 ], [ 126.943127089510241, 37.510516518140733 ], [ 126.942995935167446, 37.51048165362478 ], [ 126.942885551106315, 37.510386597496684 ], [ 126.942823581358283, 37.510286420874458 ], [ 126.9428157187061, 37.510259188714187 ], [ 126.942652620593407, 37.510233340015517 ], [ 126.942572752560565, 37.510140379723119 ], [ 126.942476552114485, 37.510061053531466 ], [ 126.942475691330131, 37.510019860088818 ], [ 126.942442095986095, 37.509979892283837 ], [ 126.942438106382696, 37.50997599709936 ], [ 126.942447049414497, 37.509965884978712 ], [ 126.942459955687923, 37.509951276973659 ], [ 126.942486812792836, 37.509927152143135 ], [ 126.942490212643563, 37.509921350428534 ], [ 126.942492485854842, 37.509918650323812 ], [ 126.942411873579402, 37.509854376637847 ], [ 126.942386667989695, 37.509829695744394 ], [ 126.942207637584971, 37.50968695044098 ], [ 126.942200834027602, 37.509681522163852 ], [ 126.94219068351245, 37.50967342707694 ], [ 126.942144310053038, 37.509631886083824 ], [ 126.942049397263006, 37.509556227257008 ], [ 126.941998553279731, 37.509490878571299 ], [ 126.942015525691971, 37.509482057059365 ], [ 126.941728610772429, 37.509394382374715 ], [ 126.941722745472887, 37.50939259008608 ], [ 126.941664747476636, 37.509364348301681 ], [ 126.941663814724606, 37.509363893734729 ], [ 126.941660767730909, 37.509362413681409 ], [ 126.941573674730222, 37.509319992785976 ], [ 126.94145538254439, 37.509240926025576 ], [ 126.941371426692271, 37.509184810364168 ], [ 126.941201011439261, 37.509070906251132 ], [ 126.941144626189214, 37.509027520927127 ], [ 126.941142989437111, 37.509026269517172 ], [ 126.941137092397412, 37.509021741733505 ], [ 126.941136304543761, 37.509021135865794 ], [ 126.941348728757248, 37.50884408329658 ], [ 126.941399656758463, 37.508803564264305 ], [ 126.941518486163247, 37.508713525391855 ], [ 126.941542159011462, 37.508698454291462 ], [ 126.941575065605818, 37.50867751320321 ], [ 126.94158638289133, 37.508668509654541 ], [ 126.941622098382609, 37.508642462146547 ], [ 126.9416542841753, 37.508618988856632 ], [ 126.941798554032658, 37.508537972309711 ], [ 126.941829104821863, 37.508521067391385 ], [ 126.941863614754936, 37.50850196596226 ], [ 126.941942822446592, 37.508456956485631 ], [ 126.941986820669399, 37.50842445183217 ], [ 126.941935261216571, 37.508393143615045 ], [ 126.941912308621582, 37.508369300755326 ], [ 126.941880442402834, 37.508333857574804 ], [ 126.941853188289926, 37.508259340080407 ], [ 126.941845786781755, 37.508236153584697 ], [ 126.941836011877385, 37.508197603788837 ], [ 126.941838209076437, 37.508149977759366 ], [ 126.941866041098834, 37.508112178092183 ], [ 126.941903883106107, 37.507970109157789 ], [ 126.941917978314336, 37.507881899611021 ], [ 126.941921537306555, 37.507842886050973 ], [ 126.941863931050875, 37.507876817485517 ], [ 126.941834622606365, 37.50789635486155 ], [ 126.941803750463038, 37.507891923831281 ], [ 126.941757811667543, 37.50791712842296 ], [ 126.941740400407795, 37.507908920693247 ], [ 126.941731707279558, 37.507888734798989 ], [ 126.941694499992323, 37.507886192725074 ], [ 126.941685821598284, 37.507847084832768 ], [ 126.941667868867867, 37.507803657448072 ], [ 126.941579721095735, 37.507819559869148 ], [ 126.941417096909134, 37.507986260722191 ], [ 126.941343332008827, 37.507944345413527 ], [ 126.941296100072648, 37.507917813488298 ], [ 126.94116620821066, 37.507841928410137 ], [ 126.941023836607272, 37.507759369522496 ], [ 126.941041419856489, 37.507735699893431 ], [ 126.941049911304532, 37.507724442472167 ], [ 126.941055499090652, 37.507696369950388 ], [ 126.941058428676413, 37.507681648993348 ], [ 126.941066707069808, 37.507611934270926 ], [ 126.941023745342122, 37.507451273575533 ], [ 126.940919312812241, 37.507459545773088 ], [ 126.940874817292041, 37.507463062657095 ], [ 126.939986375427551, 37.507513330383304 ], [ 126.939996852762135, 37.507564620000608 ], [ 126.940045640470757, 37.507803048846888 ], [ 126.940103459706577, 37.508144756309974 ], [ 126.940103944886957, 37.508147620850089 ], [ 126.940110860572119, 37.508210532507974 ], [ 126.940145677709666, 37.508249003235512 ], [ 126.940153065579821, 37.508547871143143 ], [ 126.940159398432542, 37.508804013761328 ], [ 126.940168438847763, 37.509169483836146 ], [ 126.940168481513297, 37.509171293975982 ], [ 126.940170283913034, 37.509244152823058 ], [ 126.940170418703332, 37.509249574235909 ], [ 126.940179160954784, 37.509603296834229 ], [ 126.940182885301212, 37.509753752058664 ], [ 126.940183024506737, 37.509759312227978 ], [ 126.940183515501886, 37.509779002128042 ], [ 126.940188367681259, 37.510008631885022 ], [ 126.940188733936012, 37.510025898019038 ], [ 126.940189386835826, 37.510056725316325 ], [ 126.94019069479485, 37.510118510557106 ], [ 126.940201664579092, 37.510637742427789 ], [ 126.940202157465123, 37.510660746219862 ], [ 126.94020231717036, 37.510667551586693 ], [ 126.940202662647863, 37.510683932020946 ], [ 126.940392278323429, 37.510609068800711 ], [ 126.940539511806833, 37.510728185506743 ], [ 126.940618832557377, 37.510784295811064 ], [ 126.940763681463494, 37.510929015776675 ], [ 126.940780459802667, 37.510925922932735 ], [ 126.940910505453161, 37.510901958273635 ], [ 126.941234270343031, 37.510847203577534 ], [ 126.941357535963633, 37.510823467511671 ], [ 126.941485769005894, 37.510804220779569 ], [ 126.941502197037352, 37.510832527661066 ], [ 126.941545369255493, 37.510906908921925 ], [ 126.94168727863017, 37.51113842905287 ], [ 126.941349999846935, 37.511306103848106 ], [ 126.941345703514358, 37.511316913766066 ], [ 126.941248900090685, 37.511396206290975 ], [ 126.941228551294813, 37.51139733233444 ], [ 126.941207480110151, 37.511410972062954 ], [ 126.941149654884001, 37.511404400174314 ], [ 126.94106967275323, 37.511424262581258 ], [ 126.941042160163974, 37.511445006187969 ], [ 126.941022875565778, 37.511459224318898 ], [ 126.941065550324964, 37.511570590821641 ], [ 126.941097794335747, 37.511592880630538 ], [ 126.941129138522314, 37.511614547388149 ], [ 126.941249943865628, 37.511716818355112 ], [ 126.941156604069661, 37.511748863861094 ], [ 126.941197861723452, 37.511866292461924 ], [ 126.941208219604519, 37.511895775771698 ], [ 126.941374558742908, 37.511891719233368 ], [ 126.941436894524387, 37.511888886764254 ], [ 126.941489917825052, 37.511886480329665 ], [ 126.941522388732466, 37.512325760260808 ], [ 126.941566490017294, 37.51233105386099 ], [ 126.941678053907083, 37.512350454458257 ], [ 126.94180015163117, 37.512396070350391 ], [ 126.9422430205654, 37.512385608129314 ], [ 126.942566373358858, 37.51242553972255 ], [ 126.942578749599605, 37.512394633189651 ], [ 126.942592927217888, 37.512345085755562 ], [ 126.94259986289147, 37.512315707381745 ], [ 126.942609949768723, 37.512273012796413 ], [ 126.942649674236222, 37.512101844907036 ], [ 126.942656246008866, 37.512070529193032 ], [ 126.942666702436469, 37.512020763699745 ], [ 126.942678054549205, 37.511966709859877 ], [ 126.942684652388607, 37.511935295045753 ], [ 126.943115214372682, 37.512007146530308 ], [ 126.943415521120386, 37.51205796324669 ], [ 126.943391638308228, 37.512149451478862 ], [ 126.943414759618065, 37.512148237191752 ], [ 126.943455508005286, 37.512167565224246 ], [ 126.94347528320597, 37.512192352303181 ], [ 126.94348292449645, 37.512212232111033 ], [ 126.943478937578192, 37.512219546356967 ], [ 126.943466761601556, 37.512241902551814 ], [ 126.943361966471713, 37.512462595656146 ], [ 126.943333646247069, 37.512516641418273 ], [ 126.943286284800536, 37.512637099152215 ], [ 126.943560737847235, 37.512714529550863 ], [ 126.943624131865562, 37.512573259859984 ], [ 126.943648346907594, 37.512566233671926 ], [ 126.943655112096678, 37.512556985389239 ], [ 126.943778790677484, 37.512288527075604 ], [ 126.943833828473586, 37.512213894254081 ], [ 126.943844019587971, 37.512207747944245 ] ] ] } }
]
}
