area_type_code,area_type_name,area_code,area_name,source_admin_code,source_admin_name,primary_admin_code,primary_admin_name,primary_district_name,primary_admin_overlap_share,ratio_08,ratio_14,ratio_19,minimum_period_ratio,mean_period_ratio,access_tier,access_buffer_m,store_count_total,store_공부,store_생활서비스,store_쇼핑,store_식사,store_여가문화,store_카페,sales_amount_total,sales_count_total,sales_amount_공부,sales_amount_생활서비스,sales_amount_쇼핑,sales_amount_식사,sales_amount_여가문화,sales_amount_카페,sales_count_공부,sales_count_생활서비스,sales_count_쇼핑,sales_count_식사,sales_count_여가문화,sales_count_카페
R,전통시장,3130094,청량리청과물시장,11230545,제기동,11230545,제기동,동대문구,0.7867686296600591,1.0,1.0,1.0,1.0,1.0,core_80pct_all_periods,400,1088,4.0,164.0,652.0,207.0,28.0,33.0,795280929324.0,37007541.0,0.0,12931454695.0,763351748327.0,16797689979.0,1760962272.0,439074051.0,0.0,449753.0,35529402.0,953803.0,41771.0,32812.0
R,전통시장,3130090,청량리종합시장,11230545,제기동,11230545,제기동,동대문구,0.9777376964017273,1.0,1.0,1.0,1.0,1.0,core_80pct_all_periods,400,712,0.0,71.0,532.0,94.0,7.0,8.0,772908923938.0,29653492.0,0.0,482581976.0,757928801997.0,14497539965.0,0.0,0.0,0.0,32726.0,29174866.0,445900.0,0.0,0.0
R,전통시장,3130093,동서시장,11230545,제기동,11230545,제기동,동대문구,1.0000000000000002,1.0,1.0,1.0,1.0,1.0,core_80pct_all_periods,400,269,0.0,0.0,265.0,0.0,4.0,0.0,580491073586.0,25138232.0,0.0,0.0,580491073586.0,0.0,0.0,0.0,0.0,0.0,25138232.0,0.0,0.0,0.0
R,전통시장,3130088,경동시장,11230545,제기동,11230545,제기동,동대문구,0.9740020688544886,1.0,1.0,1.0,1.0,1.0,core_80pct_all_periods,400,1558,12.0,376.0,888.0,256.0,16.0,10.0,405146654987.0,14504317.0,0.0,3059438556.0,394687742283.0,7399474148.0,0.0,0.0,0.0,134298.0,14110498.0,259521.0,0.0,0.0
R,전통시장,3130092,청량리농수산물시장,11230545,제기동,11230545,제기동,동대문구,0.9999999999999998,1.0,1.0,1.0,1.0,1.0,core_80pct_all_periods,400,977,0.0,48.0,672.0,239.0,18.0,0.0,386633892693.0,11135429.0,0.0,0.0,360038556341.0,26595336352.0,0.0,0.0,0.0,0.0,10066963.0,1068466.0,0.0,0.0
R,전통시장,3130087,경동광성상가(경동시장),11230545,제기동,11230545,제기동,동대문구,1.0,1.0,1.0,1.0,1.0,1.0,core_80pct_all_periods,400,632,0.0,77.0,451.0,96.0,4.0,4.0,342814476732.0,8889713.0,0.0,895828552.0,330872311875.0,11046336305.0,0.0,0.0,0.0,3633.0,8466194.0,419886.0,0.0,0.0
R,전통시장,3130086,서울약령시장,11230545,제기동,11230545,제기동,동대문구,0.9977989476130855,1.0,1.0,1.0,1.0,1.0,core_80pct_all_periods,400,2347,33.0,1347.0,530.0,337.0,56.0,44.0,209720740692.0,2821649.0,43284298.0,67495002714.0,121771244031.0,20293323513.0,81886136.0,36000000.0,229.0,447312.0,2168746.0,198915.0,2539.0,3908.0
D,발달상권,3120063,청량리역(청량리),11230560,전농1동,11230560,전농1동,동대문구,0.8099371415592556,1.0,1.0,1.0,1.0,1.0,core_80pct_all_periods,400,4067,111.0,1173.0,1813.0,629.0,236.0,105.0,206839047875.0,9348714.0,147036703.0,70516167075.0,102285933180.0,24835660046.0,6909847751.0,2144403120.0,13445.0,2259291.0,5231257.0,1185422.0,195042.0,464257.0
R,전통시장,3130089,청량리수산시장,11230536,용신동,11230533,용두동,동대문구,1.0000000000000002,1.0,1.0,1.0,1.0,1.0,core_80pct_all_periods,400,445,0.0,20.0,386.0,27.0,12.0,0.0,165303066393.0,4144561.0,0.0,0.0,165299698909.0,3367484.0,0.0,0.0,0.0,0.0,4144435.0,126.0,0.0,0.0
D,발달상권,3120069,상봉역,11260590,상봉2동,11260590,상봉2동,중랑구,0.6531945576971301,1.0,1.0,1.0,1.0,1.0,core_80pct_all_periods,400,3094,108.0,1140.0,798.0,522.0,478.0,48.0,144703634804.0,8387866.0,7798640260.0,24853094998.0,23339656788.0,72566150510.0,11491324251.0,4654767997.0,37794.0,513667.0,3069795.0,3134756.0,811637.0,820217.0
R,전통시장,3130067,왕십리도선동상점가,11200535,왕십리도선동,11200535,왕십리도선동,성동구,1.0000000000000002,1.0,1.0,1.0,1.0,1.0,core_80pct_all_periods,400,1956,61.0,717.0,356.0,483.0,279.0,60.0,82842465273.0,1949406.0,0.0,6598386142.0,36450757918.0,27412271962.0,11349300273.0,1031748978.0,0.0,153630.0,792238.0,609376.0,202414.0,191748.0
R,전통시장,3130072,성동용답상가시장,11200790,용답동,11200790,용답동,성동구,0.9999999999999999,1.0,1.0,1.0,1.0,1.0,core_80pct_all_periods,400,1220,47.0,381.0,257.0,364.0,125.0,46.0,79169840254.0,4603447.0,393722094.0,26923094285.0,23062985921.0,24401996940.0,3063070865.0,1324970149.0,1742.0,1542046.0,1787912.0,954513.0,76025.0,241209.0
R,전통시장,3130091,청량종합도매시장,11230545,제기동,11230545,제기동,동대문구,0.9999999999999999,1.0,1.0,1.0,1.0,1.0,core_80pct_all_periods,400,556,0.0,88.0,172.0,239.0,49.0,8.0,71749785792.0,974876.0,0.0,0.0,26753295888.0,44757401568.0,239088336.0,0.0,0.0,0.0,420672.0,551481.0,2723.0,0.0
R,전통시장,3130095,청량리전통시장,11230545,제기동,11230545,제기동,동대문구,0.7122150239264318,1.0,1.0,1.0,1.0,1.0,core_80pct_all_periods,400,749,16.0,72.0,168.0,392.0,87.0,14.0,66899006406.0,2661053.0,11084173519.0,7792809027.0,18332106793.0,28226059653.0,1240127800.0,223729614.0,283178.0,259452.0,1108001.0,975200.0,22302.0,12920.0
A,골목상권,3110249,중화역 1번,11260600,중화1동,11260600,중화1동,중랑구,0.7646237774448238,1.0,1.0,1.0,1.0,1.0,core_80pct_all_periods,400,1083,117.0,506.0,237.0,126.0,65.0,32.0,51925079802.0,2242034.0,2756362213.0,6385639750.0,39259854659.0,2544144743.0,854327589.0,124750848.0,7632.0,203929.0,1954291.0,56481.0,4771.0,14930.0
R,전통시장,3130106,중랑동부시장,11260520,면목2동,11260520,면목2동,중랑구,0.5401694690822278,1.0,1.0,1.0,1.0,1.0,core_80pct_all_periods,400,1018,14.0,281.0,222.0,294.0,186.0,21.0,48363091039.0,2745131.0,0.0,21292590150.0,10392805566.0,9928874417.0,5113289554.0,1635531352.0,0.0,1104071.0,496288.0,418035.0,473661.0,253076.0
R,전통시장,3130159,공릉동 도깨비시장,11350595,공릉1동,11350595,공릉1동,노원구,1.0000000000000007,1.0,1.0,1.0,1.0,1.0,core_80pct_all_periods,400,927,12.0,270.0,299.0,250.0,43.0,53.0,44288282648.0,2348846.0,0.0,4200775802.0,15456214807.0,24397492909.0,160980432.0,72818698.0,0.0,141194.0,666358.0,1533178.0,1539.0,6577.0
D,발달상권,3120086,태릉입구역,11350595,공릉1동,11350595,공릉1동,노원구,1.0000000000000004,1.0,1.0,1.0,1.0,1.0,core_80pct_all_periods,400,1285,67.0,622.0,206.0,202.0,132.0,56.0,44134108097.0,2376331.0,672337340.0,11518876026.0,4901641059.0,18561784007.0,6537496484.0,1941973181.0,5263.0,737789.0,653474.0,509943.0,139594.0,330268.0
A,골목상권,3110262,상봉역 3번,11260590,상봉2동,11260590,상봉2동,중랑구,0.9999306017734843,1.0,1.0,1.0,1.0,1.0,core_80pct_all_periods,400,1307,37.0,429.0,116.0,435.0,266.0,24.0,43047332491.0,1538187.0,0.0,2776500645.0,7176109800.0,25905223117.0,6917600527.0,271898402.0,0.0,57726.0,867216.0,442079.0,154412.0,16754.0
A,골목상권,3110429,공릉동 국수거리,11350595,공릉1동,11350595,공릉1동,노원구,1.0,1.0,1.0,1.0,1.0,1.0,core_80pct_all_periods,400,1702,116.0,807.0,308.0,338.0,74.0,59.0,42709340379.0,1802394.0,1681832818.0,19754907572.0,9587858030.0,10391862646.0,946316963.0,346562350.0,6670.0,699551.0,745925.0,308240.0,17907.0,24101.0
A,골목상권,3110241,먹골역 5번,11260630,묵2동,11260630,묵2동,중랑구,0.9987042500376356,1.0,1.0,1.0,1.0,1.0,core_80pct_all_periods,400,1232,66.0,530.0,242.0,224.0,149.0,21.0,41550326861.0,3070408.0,0.0,3800077343.0,29001154007.0,6100043651.0,2101989806.0,547062054.0,0.0,70934.0,2637770.0,214932.0,34071.0,112701.0
A,골목상권,3110187,제기동역 6번,11230536,용신동,11230533,용두동,동대문구,0.978753586507576,1.0,1.0,1.0,1.0,1.0,core_80pct_all_periods,400,1324,34.0,641.0,300.0,253.0,65.0,31.0,39903250216.0,1623233.0,467509772.0,13357288989.0,10755333995.0,14796405294.0,217087557.0,309624609.0,1005.0,602632.0,470642.0,501755.0,2867.0,44332.0
A,골목상권,3110237,메가박스 상봉,11260520,면목2동,11260520,면목2동,중랑구,0.6719425176062737,1.0,1.0,1.0,1.0,1.0,core_80pct_all_periods,400,1129,25.0,358.0,147.0,314.0,237.0,48.0,39500360518.0,1228302.0,52593361.0,18463935489.0,2200497064.0,12216908904.0,5951957524.0,614468176.0,74.0,502568.0,228217.0,271291.0,141249.0,84903.0
A,골목상권,3110204,간데메공원,11230600,답십리1동,11230600,답십리1동,동대문구,0.6267716141296448,1.0,1.0,1.0,1.0,1.0,core_80pct_all_periods,400,908,98.0,348.0,182.0,167.0,74.0,39.0,37504828091.0,909215.0,166612759.0,3511636324.0,27129155207.0,5228345010.0,115588025.0,1353490766.0,768.0,94000.0,496096.0,164129.0,2683.0,151539.0
A,골목상권,3110244,중화역 4번,11260610,중화2동,11260610,중화2동,중랑구,0.9521852165572228,1.0,1.0,1.0,1.0,1.0,core_80pct_all_periods,400,701,20.0,232.0,165.0,175.0,94.0,15.0,36810164971.0,1070320.0,0.0,6459473915.0,5073210274.0,23228342617.0,1924742391.0,124395774.0,0.0,435381.0,287973.0,269699.0,52895.0,24372.0
A,골목상권,3110255,상봉역 4번,11260590,상봉2동,11260590,상봉2동,중랑구,0.9306658242987551,1.0,1.0,1.0,1.0,1.0,core_80pct_all_periods,400,1260,35.0,490.0,251.0,291.0,143.0,50.0,34028228242.0,1713022.0,45880564.0,3980445418.0,20832158756.0,8121409036.0,923944341.0,124390127.0,83.0,94849.0,1294436.0,291394.0,23384.0,8876.0
R,전통시장,3130097,답십리 건축자재시장,11230600,답십리1동,11230600,답십리1동,동대문구,1.0000000000000007,1.0,1.0,1.0,1.0,1.0,core_80pct_all_periods,400,248,0.0,115.0,92.0,29.0,4.0,8.0,32200336310.0,466638.0,0.0,414771873.0,31434400370.0,351164067.0,0.0,0.0,0.0,4593.0,453846.0,8199.0,0.0,0.0
A,골목상권,3110122,마장역 2번,11200540,마장동,11200540,마장동,성동구,0.9917339191497289,1.0,1.0,1.0,1.0,1.0,core_80pct_all_periods,400,803,58.0,181.0,391.0,92.0,65.0,16.0,26234836850.0,1186898.0,828025036.0,2517462589.0,7792359963.0,12222170777.0,2330181051.0,544637434.0,4513.0,130166.0,710911.0,201386.0,54734.0,85188.0
A,골목상권,3110218,답십리사거리,11230610,답십리2동,11230610,답십리2동,동대문구,0.9465719381259926,1.0,1.0,1.0,1.0,1.0,core_80pct_all_periods,400,811,64.0,325.0,166.0,172.0,64.0,20.0,25787528394.0,806060.0,1464668530.0,2436479402.0,901266124.0,20621159374.0,147673054.0,216281910.0,4928.0,98835.0,49285.0,632349.0,2061.0,18602.0
A,골목상권,3110256,면목2동체육관,11260520,면목2동,11260520,면목2동,중랑구,0.9942801706099675,1.0,1.0,1.0,1.0,1.0,core_80pct_all_periods,400,1181,40.0,586.0,269.0,192.0,60.0,34.0,25674778929.0,1607361.0,295481783.0,11636158121.0,7297871812.0,6082955144.0,330125080.0,32186989.0,806.0,749283.0,772055.0,80233.0,4503.0,481.0
A,골목상권,3110252,장안제일시장,11260550,면목5동,11260550,면목5동,중랑구,0.9997609404128057,1.0,1.0,1.0,1.0,1.0,core_80pct_all_periods,400,878,28.0,383.0,171.0,193.0,60.0,43.0,24334312738.0,789100.0,537121600.0,10944251313.0,5657407344.0,6719923179.0,475609302.0,0.0,44186.0,63172.0,490523.0,181774.0,9445.0,0.0
A,골목상권,3110195,동대문구청,11230536,용신동,11230533,용두동,동대문구,0.9999999791033211,1.0,1.0,1.0,1.0,1.0,core_80pct_all_periods,400,914,32.0,342.0,231.0,204.0,73.0,32.0,23694604775.0,1037951.0,0.0,7156173697.0,7065308040.0,7835859978.0,1369218882.0,268044178.0,0.0,331961.0,425793.0,223674.0,19405.0,37118.0
A,골목상권,3110240,태릉시장 특화거리,11260610,중화2동,11260610,중화2동,중랑구,1.0000000000000002,1.0,1.0,1.0,1.0,1.0,core_80pct_all_periods,400,562,12.0,146.0,99.0,198.0,93.0,14.0,20176551393.0,711285.0,0.0,9583579919.0,1766319598.0,7560082031.0,1143224481.0,123345364.0,0.0,454095.0,77434.0,147637.0,22721.0,9398.0
R,전통시장,3130068,마장축산물시장,11200540,마장동,11200540,마장동,성동구,0.9713022335701498,1.0,1.0,1.0,1.0,1.0,core_80pct_all_periods,400,5005,16.0,197.0,4432.0,307.0,44.0,9.0,19432837285.0,569665.0,0.0,1443941433.0,2714655135.0,14314637353.0,649728857.0,309874507.0,0.0,5909.0,333055.0,179804.0,11664.0,39233.0
R,전통시장,3130100,답십리시장,11230610,답십리2동,11230610,답십리2동,동대문구,0.9778300609530886,1.0,1.0,1.0,1.0,1.0,core_80pct_all_periods,400,446,16.0,108.0,122.0,132.0,60.0,8.0,16636770481.0,758104.0,0.0,5805441704.0,5687532889.0,4345744396.0,678026711.0,120024781.0,0.0,263819.0,188177.0,258300.0,23850.0,23958.0
A,골목상권,3110260,면목역 3번,11260565,면목본동,11260565,면목본동,중랑구,0.9766572922448331,1.0,1.0,1.0,1.0,1.0,core_80pct_all_periods,400,692,72.0,315.0,110.0,141.0,46.0,8.0,15120899258.0,867025.0,709474079.0,8471528075.0,1023625334.0,4248441448.0,353982712.0,313847610.0,2674.0,594881.0,99458.0,116543.0,7141.0,46328.0
A,골목상권,3110189,제기동역 1번,11230545,제기동,11230545,제기동,동대문구,0.8540181323892456,1.0,1.0,1.0,1.0,1.0,core_80pct_all_periods,400,315,34.0,160.0,81.0,16.0,20.0,4.0,14324476269.0,263112.0,7423112010.0,5238786228.0,1662578031.0,0.0,0.0,0.0,36829.0,8407.0,217876.0,0.0,0.0,0.0
R,전통시장,3130099,전농로터리시장,11230560,전농1동,11230560,전농1동,동대문구,0.9406196098157426,1.0,1.0,1.0,1.0,1.0,core_80pct_all_periods,400,412,25.0,88.0,153.0,109.0,21.0,16.0,13954052085.0,455663.0,453121227.0,4384479729.0,5660117743.0,2674733741.0,273277086.0,508322559.0,941.0,146877.0,164013.0,75984.0,6791.0,61057.0
A,골목상권,3110233,중랑역 1번,11260610,중화2동,11260610,중화2동,중랑구,1.0000000000000007,1.0,1.0,1.0,1.0,1.0,core_80pct_all_periods,400,583,18.0,276.0,147.0,109.0,29.0,4.0,13737826020.0,995932.0,0.0,271649117.0,8853331708.0,4316258154.0,296587041.0,0.0,0.0,15421.0,911170.0,64303.0,5038.0,0.0
A,골목상권,3110265,망우역 1번,11260580,상봉1동,11260580,상봉1동,중랑구,0.8407604793223913,1.0,1.0,1.0,1.0,1.0,core_80pct_all_periods,400,576,21.0,238.0,128.0,117.0,50.0,22.0,13014298030.0,368810.0,0.0,5154525665.0,1324437376.0,4460122299.0,2036315398.0,38897292.0,0.0,174493.0,6134.0,136876.0,42821.0,8486.0
A,골목상권,3110212,답십리초등학교,11230600,답십리1동,11230600,답십리1동,동대문구,0.9999999999999997,1.0,1.0,1.0,1.0,1.0,core_80pct_all_periods,400,918,122.0,360.0,133.0,177.0,84.0,42.0,12580178570.0,600527.0,3179229862.0,804273151.0,1235047615.0,5451267719.0,242205772.0,1668154451.0,14661.0,29226.0,165895.0,129399.0,2240.0,259106.0
A,골목상권,3110216,전농중학교,11230570,전농2동,11230570,전농2동,동대문구,0.9999999999999996,1.0,1.0,1.0,1.0,1.0,core_80pct_all_periods,400,574,70.0,200.0,94.0,129.0,56.0,25.0,12550333646.0,644637.0,904887375.0,6897613899.0,63605386.0,4127880165.0,477306177.0,79040644.0,34925.0,404876.0,10990.0,149441.0,35349.0,9056.0
A,골목상권,3110199,홍릉시장,11230545,제기동,11230545,제기동,동대문구,0.6977948001166949,1.0,1.0,1.0,1.0,1.0,core_80pct_all_periods,400,608,9.0,234.0,134.0,129.0,90.0,12.0,11581561590.0,512617.0,0.0,5713732750.0,2780455716.0,3001114808.0,86258316.0,0.0,0.0,289412.0,153079.0,66920.0,3206.0,0.0
A,골목상권,3110211,전곡마을마당공원,11230560,전농1동,11230560,전농1동,동대문구,0.9795746214629784,1.0,1.0,1.0,1.0,1.0,core_80pct_all_periods,400,707,44.0,226.0,170.0,168.0,81.0,18.0,11357672749.0,445852.0,349805063.0,3795747515.0,4133532793.0,2713366133.0,358512320.0,6708925.0,515.0,25186.0,322950.0,87208.0,9077.0,916.0
A,골목상권,3110236,신묵초등학교,11260630,묵2동,11260630,묵2동,중랑구,0.997923636282293,1.0,1.0,1.0,1.0,1.0,core_80pct_all_periods,400,1204,112.0,507.0,262.0,191.0,100.0,32.0,9857776784.0,306643.0,264653960.0,1560102753.0,1921848025.0,5539381894.0,544197793.0,27592359.0,1105.0,18805.0,118151.0,156972.0,9583.0,2027.0
R,전통시장,3130109,묵1동도깨비시장,11260620,묵1동,11260620,묵1동,중랑구,0.9999999999999999,1.0,1.0,1.0,1.0,1.0,core_80pct_all_periods,400,369,23.0,110.0,70.0,113.0,45.0,8.0,9713132939.0,348085.0,0.0,331119232.0,1860311942.0,6931272270.0,430885359.0,159544136.0,0.0,6853.0,145215.0,172621.0,6175.0,17221.0
A,골목상권,3110192,동의보감타워,11230536,용신동,11230533,용두동,동대문구,0.9999999999999996,1.0,1.0,1.0,1.0,1.0,core_80pct_all_periods,400,424,4.0,183.0,86.0,81.0,66.0,4.0,9551506377.0,335871.0,0.0,2120722278.0,911857627.0,5356854696.0,722482988.0,439588788.0,0.0,89234.0,6358.0,137730.0,27761.0,74788.0
A,골목상권,3110123,마장역 3번,11200540,마장동,11200540,마장동,성동구,0.9503507303735577,1.0,1.0,1.0,1.0,1.0,core_80pct_all_periods,400,573,14.0,196.0,229.0,86.0,40.0,8.0,7770980516.0,366356.0,29702586.0,275067464.0,121100659.0,7165995228.0,179114579.0,0.0,96.0,1727.0,18783.0,345364.0,386.0,0.0
A,골목상권,3110263,면목역 1번,11260565,면목본동,11260565,면목본동,중랑구,0.9979294937543666,1.0,1.0,1.0,1.0,1.0,core_80pct_all_periods,400,657,20.0,346.0,170.0,63.0,46.0,12.0,7633122592.0,876099.0,0.0,232102262.0,6612407918.0,144802902.0,312000000.0,331809510.0,0.0,7323.0,822550.0,2575.0,2060.0,41591.0
R,전통시장,3130105,장미제일시장(중화동제일시장),11260610,중화2동,11260610,중화2동,중랑구,0.7869031259953638,1.0,1.0,1.0,1.0,1.0,core_80pct_all_periods,400,295,0.0,61.0,113.0,77.0,20.0,24.0,6868167705.0,338099.0,0.0,55593603.0,5822491320.0,957436775.0,0.0,32646007.0,0.0,1807.0,270276.0,62088.0,0.0,3928.0
A,골목상권,3110234,중랑역 4번,11260610,중화2동,11260610,중화2동,중랑구,0.9972047735208661,1.0,1.0,1.0,1.0,1.0,core_80pct_all_periods,400,355,8.0,167.0,75.0,60.0,32.0,13.0,6772955484.0,160365.0,0.0,1926266974.0,161730967.0,4558355968.0,86884853.0,39716722.0,0.0,5426.0,447.0,149606.0,1524.0,3362.0
A,골목상권,3110206,텃골근린공원,11230560,전농1동,11230560,전농1동,동대문구,0.9999999999999997,1.0,1.0,1.0,1.0,1.0,core_80pct_all_periods,400,672,69.0,294.0,160.0,78.0,34.0,37.0,5724208374.0,494790.0,128524230.0,1599075224.0,3207213574.0,508340730.0,94344481.0,186710135.0,405.0,85238.0,364932.0,30541.0,1882.0,11792.0
A,골목상권,3110251,장안중학교,11260600,중화1동,11260600,중화1동,중랑구,0.9999999999999993,1.0,1.0,1.0,1.0,1.0,core_80pct_all_periods,400,657,71.0,299.0,150.0,81.0,36.0,20.0,5671991317.0,272994.0,244436417.0,1060183036.0,1910764482.0,2067021665.0,343172514.0,46413203.0,872.0,24221.0,175603.0,57916.0,6015.0,8367.0
A,골목상권,3110246,월드순복음교회,11260590,상봉2동,11260590,상봉2동,중랑구,0.6772430133635169,1.0,1.0,1.0,1.0,1.0,core_80pct_all_periods,400,740,31.0,429.0,102.0,111.0,49.0,18.0,5370121298.0,306619.0,0.0,649934622.0,1261678499.0,2165830909.0,727338196.0,565339072.0,0.0,13221.0,154817.0,55593.0,13304.0,69684.0
A,골목상권,3110245,KB국민은행 중화동지점,11260610,중화2동,11260610,중화2동,중랑구,0.9423268236872214,1.0,1.0,1.0,1.0,1.0,core_80pct_all_periods,400,211,16.0,72.0,74.0,25.0,20.0,4.0,5052740830.0,351607.0,37583299.0,392706715.0,3019144273.0,1603306543.0,0.0,0.0,192.0,10078.0,270122.0,71215.0,0.0,0.0
A,골목상권,3110250,화랑대역 7번,11260620,묵1동,11260620,묵1동,중랑구,1.0,1.0,1.0,1.0,1.0,1.0,core_80pct_all_periods,400,316,80.0,115.0,63.0,27.0,20.0,11.0,3269306573.0,155365.0,196021285.0,96847157.0,404634727.0,2571803404.0,0.0,0.0,9089.0,3666.0,58416.0,84194.0,0.0,0.0
A,골목상권,3110239,중랑역 2번,11260610,중화2동,11260610,중화2동,중랑구,0.9999999999999998,1.0,1.0,1.0,1.0,1.0,core_80pct_all_periods,400,114,0.0,16.0,12.0,52.0,26.0,8.0,3024194006.0,81733.0,0.0,0.0,0.0,2640376217.0,383817789.0,0.0,0.0,0.0,0.0,76504.0,5229.0,0.0
A,골목상권,3110133,서울교통공사,11200790,용답동,11200790,용답동,성동구,0.9981804689853326,1.0,1.0,1.0,1.0,1.0,core_80pct_all_periods,400,295,16.0,166.0,44.0,52.0,8.0,9.0,2908564876.0,66901.0,0.0,390506371.0,0.0,2488946734.0,0.0,29111771.0,0.0,1095.0,0.0,62854.0,0.0,2952.0
A,골목상권,3110257,상봉역 7번,11260580,상봉1동,11260580,상봉1동,중랑구,0.8963425664034188,1.0,1.0,1.0,1.0,1.0,core_80pct_all_periods,400,539,27.0,240.0,94.0,117.0,39.0,22.0,2049113300.0,174856.0,0.0,725966631.0,880015463.0,326642255.0,116488951.0,0.0,0.0,38276.0,122502.0,10130.0,3948.0,0.0
R,전통시장,3130107,중랑동부시장(중랑교종합상가),11260590,상봉2동,11260590,상봉2동,중랑구,0.9974385630746969,1.0,1.0,1.0,1.0,1.0,core_80pct_all_periods,400,175,0.0,31.0,101.0,28.0,13.0,2.0,1916659925.0,37113.0,0.0,0.0,1833897076.0,0.0,82762849.0,0.0,0.0,0.0,35337.0,0.0,1776.0,0.0
A,골목상권,3110434,태릉입구역 4번,11350595,공릉1동,11350595,공릉1동,노원구,1.0,1.0,1.0,1.0,1.0,1.0,core_80pct_all_periods,400,397,25.0,182.0,49.0,82.0,20.0,39.0,1773235918.0,89021.0,0.0,552033876.0,212310371.0,847562346.0,36831258.0,124498067.0,0.0,14959.0,20349.0,36202.0,850.0,16661.0
A,골목상권,3110130,답십리역 6번,11200790,용답동,11200790,용답동,성동구,0.9999999999999997,1.0,1.0,1.0,1.0,1.0,core_80pct_all_periods,400,199,12.0,74.0,72.0,35.0,0.0,6.0,1404030532.0,18874.0,0.0,87212911.0,0.0,1316817621.0,0.0,0.0,0.0,2641.0,0.0,16233.0,0.0,0.0
A,골목상권,3110202,전농1동주민센터(전농시장),11230560,전농1동,11230560,전농1동,동대문구,0.9999999999999999,1.0,1.0,1.0,1.0,1.0,core_80pct_all_periods,400,209,12.0,81.0,54.0,42.0,20.0,0.0,1073467017.0,7500.0,0.0,0.0,809094628.0,264372389.0,0.0,0.0,0.0,0.0,2258.0,5242.0,0.0,0.0
A,골목상권,3110238,배꽃어린이공원,11260610,중화2동,11260610,중화2동,중랑구,1.0000000000000002,1.0,1.0,1.0,1.0,1.0,core_80pct_all_periods,400,108,8.0,45.0,43.0,8.0,0.0,4.0,932345235.0,1421.0,0.0,0.0,932345235.0,0.0,0.0,0.0,0.0,0.0,1421.0,0.0,0.0,0.0
A,골목상권,3110201,전농119안전센터,11230560,전농1동,11230560,전농1동,동대문구,0.9665180497455531,1.0,1.0,1.0,1.0,1.0,core_80pct_all_periods,400,156,8.0,55.0,41.0,28.0,16.0,8.0,929551905.0,15275.0,0.0,0.0,0.0,929551905.0,0.0,0.0,0.0,0.0,0.0,15275.0,0.0,0.0
R,전통시장,3130108,태능엔터피아(태릉시장),11260610,중화2동,11260610,중화2동,중랑구,0.9999999999999993,1.0,1.0,1.0,1.0,1.0,core_80pct_all_periods,400,149,4.0,55.0,37.0,22.0,27.0,4.0,678697982.0,25636.0,0.0,0.0,0.0,590363663.0,88334319.0,0.0,0.0,0.0,0.0,22990.0,2646.0,0.0
A,골목상권,3110198,동대문중앙새마을금고본점,11230545,제기동,11230545,제기동,동대문구,1.0000000000000002,1.0,1.0,1.0,1.0,1.0,core_80pct_all_periods,400,148,0.0,20.0,56.0,28.0,44.0,0.0,579567981.0,17651.0,0.0,0.0,45737990.0,256134987.0,277695004.0,0.0,0.0,0.0,5769.0,8550.0,3332.0,0.0
A,골목상권,3110209,답십리 장령당공원,11230600,답십리1동,11230600,답십리1동,동대문구,1.0,1.0,1.0,1.0,1.0,1.0,core_80pct_all_periods,400,192,16.0,112.0,36.0,12.0,12.0,4.0,172883514.0,1151.0,0.0,172883514.0,0.0,0.0,0.0,0.0,0.0,1151.0,0.0,0.0,0.0,0.0
A,골목상권,3110119,마장지하차도,11200540,마장동,11200540,마장동,성동구,0.9999999999999999,1.0,1.0,1.0,1.0,1.0,core_80pct_all_periods,400,331,2.0,24.0,263.0,18.0,20.0,4.0,0.0,0.0,0.0,0.0,0.0,0.0,0.0,0.0,0.0,0.0,0.0,0.0,0.0,0.0
A,골목상권,3110235,세화어린이공원,11260610,중화2동,11260610,중화2동,중랑구,1.0000000000000004,1.0,1.0,1.0,1.0,1.0,core_80pct_all_periods,400,98,4.0,38.0,19.0,33.0,0.0,4.0,0.0,0.0,0.0,0.0,0.0,0.0,0.0,0.0,0.0,0.0,0.0,0.0,0.0,0.0
U,관광특구,3001493,동대문패션타운 관광특구,11140590,광희동,11140615,신당동,중구,0.5177380236435346,1.0,0.9970059880239521,1.0,0.9970059880239521,0.999001996007984,core_80pct_all_periods,400,51743,188.0,2328.0,47551.0,1123.0,250.0,303.0,547611473770.0,16200152.0,260967235.0,37623778442.0,419366121152.0,70842976577.0,9747600749.0,9770029615.0,6086.0,1411529.0,9605673.0,3150314.0,474498.0,1552052.0
R,전통시장,3130111,"동원전통종합시장(동원시장, 동원전통시장 상점가)",11260565,면목본동,11260565,면목본동,중랑구,0.9996915621527973,1.0,0.9970059880239521,1.0,0.9970059880239521,0.999001996007984,core_80pct_all_periods,400,1717,28.0,418.0,597.0,516.0,146.0,12.0,133182440085.0,5765502.0,64466476.0,17785821179.0,57814437195.0,53200925736.0,3658944414.0,657845085.0,169.0,796334.0,2423078.0,2180333.0,218054.0,147534.0
R,전통시장,3130066,행당시장상점가,11200560,행당1동,11200560,행당1동,성동구,0.7809545329759824,1.0,0.9970059880239521,1.0,0.9970059880239521,0.999001996007984,core_80pct_all_periods,400,1236,29.0,457.0,168.0,404.0,154.0,24.0,80004355389.0,2523076.0,0.0,32271440630.0,9582176580.0,30637522864.0,5934402352.0,1578812963.0,0.0,728179.0,498624.0,909114.0,268912.0,118247.0
D,발달상권,3120065,회기역,11230720,휘경1동,11230720,휘경1동,동대문구,0.889704509965067,0.9970059880239521,1.0,1.0,0.9970059880239521,0.999001996007984,core_80pct_all_periods,400,1423,69.0,582.0,232.0,278.0,208.0,54.0,38608118000.0,2493289.0,263568233.0,7379654047.0,6530615866.0,17993711636.0,4571734628.0,1868833590.0,1598.0,333745.0,581260.0,1075990.0,105400.0,395296.0
A,골목상권,3110219,삼육보건대학교,11230730,휘경2동,11230730,휘경2동,동대문구,0.9542666381808443,0.9970059880239521,0.9970059880239521,1.0,0.9970059880239521,0.9980039920159681,core_80pct_all_periods,400,1020,76.0,432.0,145.0,228.0,73.0,66.0,38563485700.0,1557858.0,8373905.0,27923767838.0,5623956482.0,4143017393.0,448312228.0,416057854.0,36.0,766310.0,646939.0,101450.0,9517.0,33606.0
A,골목상권,3110264,면목역 2번,11260565,면목본동,11260565,면목본동,중랑구,0.9999020236584489,1.0,0.9970059880239521,1.0,0.9970059880239521,0.999001996007984,core_80pct_all_periods,400,1302,47.0,565.0,287.0,230.0,133.0,40.0,36878006461.0,3390930.0,0.0,5870363526.0,12432663213.0,15836085051.0,2738894671.0,0.0,0.0,274273.0,1455090.0,1624111.0,37456.0,0.0
A,골목상권,3110243,중랑노인종합복지관,11260520,면목2동,11260520,면목2동,중랑구,0.9791303031484344,1.0,1.0,0.9970059880239521,0.9970059880239521,0.999001996007984,core_80pct_all_periods,400,1119,112.0,393.0,203.0,307.0,81.0,23.0,24057222211.0,1032477.0,2659283984.0,3353622808.0,10079410000.0,7149157155.0,768510569.0,47237695.0,14221.0,146733.0,592839.0,244511.0,26349.0,7824.0
R,전통시장,3130065,무학봉상점가,11200520,왕십리2동,11200520,왕십리2동,성동구,0.8755539329516743,1.0,0.9970059880239521,1.0,0.9970059880239521,0.999001996007984,core_80pct_all_periods,400,803,56.0,294.0,180.0,177.0,52.0,44.0,18921694000.0,739907.0,1533653680.0,4951333661.0,5187865405.0,6672159136.0,525373447.0,51308671.0,4750.0,129789.0,297454.0,291430.0,10017.0,6467.0
A,골목상권,3110227,답십리공원,11230610,답십리2동,11230660,장안2동,동대문구,0.5794865058996445,1.0,0.9970059880239521,0.9970059880239521,0.9970059880239521,0.9980039920159681,core_80pct_all_periods,400,477,58.0,223.0,114.0,46.0,24.0,12.0,10929846046.0,182134.0,3619937344.0,5978510857.0,394226666.0,493829352.0,24905535.0,418436292.0,11481.0,59121.0,1335.0,16992.0,115.0,93090.0
A,골목상권,3110224,외대앞역 2번,11230720,휘경1동,11230720,휘경1동,동대문구,0.5176424490512936,0.9970059880239521,0.9970059880239521,0.9970059880239521,0.9970059880239521,0.9970059880239521,core_80pct_all_periods,400,343,16.0,128.0,74.0,99.0,15.0,11.0,10887247002.0,504459.0,0.0,205107173.0,7086491326.0,3466441120.0,81207383.0,48000000.0,0.0,9120.0,411585.0,72923.0,378.0,10453.0
A,골목상권,3110125,사근동살곶이상점가,11200550,사근동,11200550,사근동,성동구,0.9938531783269251,0.9970059880239521,1.0,1.0,0.9970059880239521,0.999001996007984,core_80pct_all_periods,400,446,33.0,160.0,56.0,122.0,23.0,52.0,8641593222.0,839775.0,32577460.0,653761524.0,3170651878.0,3899902038.0,20657508.0,864042814.0,173.0,41488.0,474871.0,220708.0,468.0,102067.0
R,전통시장,3130101,답십리현대시장,11230610,답십리2동,11230610,답십리2동,동대문구,0.9019210667435457,0.9970059880239521,0.9970059880239521,1.0,0.9970059880239521,0.9980039920159681,core_80pct_all_periods,400,364,12.0,113.0,106.0,100.0,29.0,4.0,8569137077.0,470028.0,0.0,27514664.0,6340397643.0,1726099208.0,475125562.0,0.0,0.0,396.0,388322.0,70775.0,10535.0,0.0
A,골목상권,3110258,면동초등학교,11260565,면목본동,11260565,면목본동,중랑구,0.9420740974693204,1.0,0.9970059880239521,1.0,0.9970059880239521,0.999001996007984,core_80pct_all_periods,400,679,36.0,338.0,135.0,98.0,52.0,20.0,8094825935.0,470015.0,79058455.0,2672483637.0,2275082929.0,1192178047.0,1779524493.0,96498374.0,417.0,134090.0,230107.0,41692.0,41212.0,22497.0
A,골목상권,3110055,황학동벼룩시장,11140670,황학동,11140670,황학동,중구,0.9985116056465789,1.0,0.9970059880239521,1.0,0.9970059880239521,0.999001996007984,core_80pct_all_periods,400,372,3.0,90.0,215.0,42.0,18.0,4.0,5577194730.0,38015.0,0.0,4397284731.0,298130185.0,778828936.0,102950878.0,0.0,0.0,11757.0,1809.0,22237.0,2212.0,0.0
R,전통시장,3130096,동부시장,11230600,답십리1동,11230600,답십리1동,동대문구,0.9849231289508698,1.0,0.9970059880239521,1.0,0.9970059880239521,0.999001996007984,core_80pct_all_periods,400,96,0.0,32.0,25.0,24.0,15.0,0.0,3061660262.0,111165.0,0.0,0.0,517913843.0,2543746419.0,0.0,0.0,0.0,0.0,4129.0,107036.0,0.0,0.0
A,골목상권,3110222,회기역 2번,11230720,휘경1동,11230720,휘경1동,동대문구,1.0000000000000002,0.9970059880239521,0.9970059880239521,1.0,0.9970059880239521,0.9980039920159681,core_80pct_all_periods,400,104,0.0,43.0,12.0,35.0,14.0,0.0,132000000.0,2438.0,0.0,0.0,0.0,132000000.0,0.0,0.0,0.0,0.0,0.0,2438.0,0.0,0.0
R,전통시장,3130103,이경시장,11230720,휘경1동,11230720,휘경1동,동대문구,0.9999999999999999,0.9970059880239521,0.9970059880239521,0.9970059880239521,0.9970059880239521,0.9970059880239521,core_80pct_all_periods,400,104,4.0,42.0,41.0,10.0,0.0,7.0,120000000.0,4551.0,0.0,0.0,120000000.0,0.0,0.0,0.0,0.0,0.0,4551.0,0.0,0.0,0.0
U,관광특구,3001494,종로·청계 관광특구,11110615,종로1·2·3·4가동,11110615,종로1·2·3·4가동,종로구,0.5778143421953396,0.9940119760479041,0.9940119760479041,0.9970059880239521,0.9940119760479041,0.9950099800399202,core_80pct_all_periods,400,17078,707.0,4083.0,8017.0,2672.0,1147.0,452.0,978727867459.0,27910035.0,116187385963.0,117785679446.0,399115635539.0,251097885328.0,63492834264.0,31048446919.0,5016460.0,2472694.0,8645978.0,6414428.0,1717260.0,3643215.0
D,발달상권,3120066,장한평역(장한평),11230650,장안1동,11230650,장안1동,동대문구,0.6113421834584107,0.9970059880239521,0.9940119760479041,1.0,0.9940119760479041,0.9970059880239521,core_80pct_all_periods,400,6465,114.0,3237.0,1828.0,835.0,330.0,121.0,339736379240.0,7417664.0,2585062948.0,197605690834.0,58400611011.0,65682782001.0,12080768241.0,3381464205.0,55601.0,1135539.0,3326547.0,2047212.0,214408.0,638357.0
D,발달상권,3120062,신설동역,11230536,용신동,11230515,신설동,동대문구,0.7273327975351912,0.9940119760479041,1.0,1.0,0.9940119760479041,0.9980039920159681,core_80pct_all_periods,400,3339,160.0,1112.0,859.0,790.0,327.0,91.0,143418083751.0,6074395.0,36642706841.0,7695586280.0,28382782056.0,56212549700.0,10795016240.0,3689442634.0,366772.0,357449.0,2424303.0,2127757.0,195198.0,602916.0
A,골목상권,3110226,장안1동주민센터,11230650,장안1동,11230650,장안1동,동대문구,0.9964789500413457,0.9940119760479041,1.0,1.0,0.9940119760479041,0.9980039920159681,core_80pct_all_periods,400,2703,82.0,1088.0,721.0,605.0,139.0,68.0,142690551384.0,4288662.0,920919918.0,64933893173.0,56569414126.0,16295359746.0,3241368672.0,729595749.0,2050.0,577415.0,3013046.0,542790.0,66538.0,86823.0
A,골목상권,3110228,장안근린공원,11230660,장안2동,11230660,장안2동,동대문구,1.0000000000000002,0.9970059880239521,0.9940119760479041,0.9970059880239521,0.9940119760479041,0.9960079840319361,core_80pct_all_periods,400,1188,31.0,451.0,296.0,312.0,68.0,30.0,34494438981.0,2023875.0,232401775.0,1917640224.0,18750205167.0,12719480580.0,785466434.0,89244801.0,784.0,95733.0,1345844.0,557650.0,11242.0,12622.0
A,골목상권,3110247,먹골역 1번,11260620,묵1동,11260620,묵1동,중랑구,0.9989224042276641,1.0,0.9940119760479041,0.9970059880239521,0.9940119760479041,0.9970059880239521,core_80pct_all_periods,400,919,70.0,402.0,259.0,105.0,59.0,24.0,26674926051.0,1439212.0,1490949675.0,7530958805.0,12716646832.0,4468099237.0,143300153.0,324971349.0,4304.0,315050.0,755045.0,308667.0,1012.0,55134.0
A,골목상권,3110194,홍파초등학교,11230545,제기동,11230545,제기동,동대문구,0.9995485120193532,0.9940119760479041,1.0,1.0,0.9940119760479041,0.9980039920159681,core_80pct_all_periods,400,527,8.0,118.0,172.0,201.0,20.0,8.0,20578013002.0,604663.0,0.0,29219825.0,13363233231.0,7185559946.0,0.0,0.0,0.0,1580.0,555906.0,47177.0,0.0,0.0
A,골목상권,3110035,동묘앞역 2번,11110710,숭인2동,11110710,숭인2동,종로구,0.687929179384332,0.9940119760479041,0.9970059880239521,1.0,0.9940119760479041,0.9970059880239521,core_80pct_all_periods,400,477,20.0,190.0,129.0,76.0,45.0,17.0,5275113686.0,262443.0,0.0,2240664587.0,759427016.0,1467366162.0,521342064.0,286313857.0,0.0,37551.0,93301.0,50561.0,10815.0,70215.0
A,골목상권,3110037,신설동역 12번,11110710,숭인2동,11290610,보문동,성북구,0.5107326578567964,0.9940119760479041,0.9970059880239521,1.0,0.9940119760479041,0.9970059880239521,core_80pct_all_periods,400,406,4.0,127.0,109.0,105.0,45.0,16.0,3084951553.0,291579.0,0.0,60271465.0,1731769722.0,979682037.0,290336362.0,22891967.0,0.0,2270.0,234125.0,47690.0,2443.0,5051.0
A,골목상권,3110181,신설동역 9번,11230536,용신동,11230515,신설동,동대문구,0.9519862472678821,0.9940119760479041,1.0,1.0,0.9940119760479041,0.9980039920159681,core_80pct_all_periods,400,696,28.0,303.0,260.0,78.0,15.0,12.0,2627026154.0,207915.0,0.0,318911173.0,898282481.0,1409832500.0,0.0,0.0,0.0,2438.0,138977.0,66500.0,0.0,0.0
A,골목상권,3110200,동대문경찰서,11230705,청량리동,11230705,청량리동,동대문구,1.0000000000000002,0.9940119760479041,0.9970059880239521,1.0,0.9940119760479041,0.9970059880239521,core_80pct_all_periods,400,138,0.0,70.0,8.0,44.0,12.0,4.0,2406402149.0,80725.0,0.0,0.0,0.0,2406402149.0,0.0,0.0,0.0,0.0,0.0,80725.0,0.0,0.0
A,골목상권,3110184,용두사거리,11230536,용신동,11230515,신설동,동대문구,0.8669054948310811,0.9940119760479041,1.0,1.0,0.9940119760479041,0.9980039920159681,core_80pct_all_periods,400,169,12.0,57.0,35.0,29.0,28.0,8.0,2027682357.0,55779.0,0.0,89239475.0,0.0,1854442882.0,84000000.0,0.0,0.0,6396.0,0.0,45240.0,4143.0,0.0
A,골목상권,3110183,한국의류시험연구원,11230536,용신동,11230515,신설동,동대문구,0.9747468935567783,0.9940119760479041,1.0,1.0,0.9940119760479041,0.9980039920159681,core_80pct_all_periods,400,355,4.0,123.0,67.0,101.0,29.0,31.0,1623546906.0,55951.0,0.0,0.0,9845790.0,1548386511.0,0.0,65314605.0,0.0,0.0,328.0,50473.0,0.0,5150.0
A,골목상권,3110217,자동차부품상가,11230610,답십리2동,11230610,답십리2동,동대문구,0.9633771253575328,0.9970059880239521,0.9940119760479041,1.0,0.9940119760479041,0.9970059880239521,core_80pct_all_periods,400,1702,4.0,1600.0,54.0,28.0,12.0,4.0,1089769009.0,18868.0,0.0,793140761.0,0.0,296628248.0,0.0,0.0,0.0,5904.0,0.0,12964.0,0.0,0.0
A,골목상권,3110036,동묘앞역 3번,11110710,숭인2동,11110710,숭인2동,종로구,1.0,0.9940119760479041,0.9970059880239521,0.9970059880239521,0.9940119760479041,0.9960079840319361,core_80pct_all_periods,400,183,12.0,52.0,77.0,18.0,16.0,8.0,851419706.0,16412.0,6427102.0,0.0,359929509.0,485063095.0,0.0,0.0,53.0,0.0,2979.0,13380.0,0.0,0.0
A,골목상권,3110185,용두초등학교,11230536,용신동,11230515,신설동,동대문구,0.9937326422997831,0.9940119760479041,1.0,1.0,0.9940119760479041,0.9980039920159681,core_80pct_all_periods,400,123,0.0,27.0,52.0,36.0,8.0,0.0,838184307.0,30883.0,0.0,0.0,95356117.0,742828190.0,0.0,0.0,0.0,0.0,11391.0,19492.0,0.0,0.0
R,전통시장,3130021,신설종합시장,11110710,숭인2동,11110710,숭인2동,종로구,1.0,0.9940119760479041,0.9970059880239521,0.9970059880239521,0.9940119760479041,0.9960079840319361,core_80pct_all_periods,400,33,0.0,14.0,19.0,0.0,0.0,0.0,0.0,0.0,0.0,0.0,0.0,0.0,0.0,0.0,0.0,0.0,0.0,0.0,0.0,0.0
D,발달상권,3120037,동대문역사문화공원역,11140590,광희동,11140590,광희동,중구,0.8503512521947949,0.9910179640718563,0.9940119760479041,1.0,0.9910179640718563,0.9950099800399202,core_80pct_all_periods,400,8694,131.0,1703.0,5559.0,867.0,272.0,162.0,375184343911.0,12576840.0,3270679872.0,36921578715.0,235447774222.0,76771273634.0,12582014565.0,10191022903.0,136794.0,1416457.0,6032467.0,3076868.0,550870.0,1363384.0
D,발달상권,3120068,사가정역,11260575,면목3·8동,11260570,면목7동,중랑구,0.5504102814630851,1.0,0.9910179640718563,0.9970059880239521,0.9910179640718563,0.9960079840319361,core_80pct_all_periods,400,881,24.0,353.0,130.0,162.0,176.0,36.0,80831944448.0,4280018.0,388509709.0,45393165510.0,7764483788.0,18202688522.0,5981150072.0,3101946847.0,1102.0,2076020.0,323553.0,812771.0,512383.0,554189.0
R,전통시장,3130327,"평화시장(남평화시장, 제일평화시장, 신평화패션타운)",11140615,신당동,11140615,신당동,중구,0.8169374450025706,0.9910179640718563,0.9940119760479041,1.0,0.9910179640718563,0.9950099800399202,core_80pct_all_periods,400,10657,4.0,158.0,10446.0,30.0,2.0,17.0,69035046470.0,452780.0,0.0,0.0,69035046470.0,0.0,0.0,0.0,0.0,0.0,452780.0,0.0,0.0,0.0
R,전통시장,3130112,사가정시장,11260575,면목3·8동,11260575,면목3·8동,중랑구,0.7494802964013044,1.0,0.9910179640718563,0.9970059880239521,0.9910179640718563,0.9960079840319361,core_80pct_all_periods,400,1190,12.0,420.0,307.0,305.0,122.0,24.0,54365888077.0,2151591.0,258710828.0,34705622307.0,11513954405.0,5752540190.0,1933259622.0,201800725.0,1464.0,1290801.0,485955.0,305070.0,36027.0,32274.0
R,전통시장,3130110,면목골목시장(면목시장),11260570,면목7동,11260570,면목7동,중랑구,0.9999999999999998,1.0,0.9910179640718563,0.9970059880239521,0.9910179640718563,0.9960079840319361,core_80pct_all_periods,400,1017,16.0,243.0,310.0,332.0,106.0,10.0,50040326191.0,1843582.0,599609136.0,9828679460.0,25730543469.0,12366117239.0,980190383.0,535186504.0,1608.0,146330.0,1147128.0,452512.0,34362.0,61642.0
A,골목상권,3110220,외대앞역 1번,11230740,이문1동,11230740,이문1동,동대문구,0.9994663643348413,0.9910179640718563,0.9970059880239521,1.0,0.9910179640718563,0.9960079840319361,core_80pct_all_periods,400,1328,103.0,450.0,148.0,433.0,156.0,38.0,49210862030.0,3995285.0,820104975.0,13157669120.0,6938284842.0,20292651540.0,1975401053.0,6026750500.0,9340.0,651618.0,1084469.0,931792.0,164362.0,1153704.0
A,골목상권,3110259,사가정역 1번,11260575,면목3·8동,11260575,면목3·8동,중랑구,0.9626531051243816,1.0,0.9910179640718563,0.9970059880239521,0.9910179640718563,0.9960079840319361,core_80pct_all_periods,400,893,19.0,349.0,125.0,218.0,142.0,40.0,29720921497.0,920819.0,117000000.0,12703114121.0,1719848875.0,11942121570.0,3169091078.0,69745853.0,358.0,436858.0,134666.0,277287.0,60154.0,11496.0
A,골목상권,3110254,오거리공원,11260570,면목7동,11260540,면목4동,중랑구,0.5044888087360937,1.0,0.9910179640718563,0.9970059880239521,0.9910179640718563,0.9960079840319361,core_80pct_all_periods,400,1282,100.0,578.0,241.0,228.0,115.0,20.0,26881279373.0,1016865.0,1485441321.0,15196826067.0,6179288412.0,2590611140.0,846606199.0,582506234.0,9204.0,225295.0,597726.0,91370.0,8025.0,85245.0
R,전통시장,3130054,황학동주방가구거리상점가,11140670,황학동,11140670,황학동,중구,0.9378084124224924,0.9940119760479041,0.9910179640718563,0.9970059880239521,0.9910179640718563,0.9940119760479043,core_80pct_all_periods,400,782,15.0,373.0,305.0,55.0,20.0,14.0,17579283501.0,304710.0,0.0,1673222295.0,14616342659.0,1289718547.0,0.0,0.0,0.0,94855.0,178282.0,31573.0,0.0,0.0
A,골목상권,3110188,용두동신동아아파트,11230536,용신동,11230515,신설동,동대문구,0.9745081806390513,0.9910179640718563,1.0,1.0,0.9910179640718563,0.9970059880239521,core_80pct_all_periods,400,783,44.0,357.0,187.0,115.0,59.0,21.0,16778300499.0,954524.0,371551538.0,984154157.0,13243294914.0,930453288.0,1108264036.0,140582566.0,878.0,9186.0,854713.0,28372.0,34913.0,26462.0
A,골목상권,3110210,서울시립대,11230560,전농1동,11230560,전농1동,동대문구,0.6933259836972705,0.9910179640718563,0.9970059880239521,0.9940119760479041,0.9910179640718563,0.9940119760479043,core_80pct_all_periods,400,548,24.0,208.0,90.0,130.0,54.0,42.0,12221548914.0,1530837.0,0.0,253727469.0,5924779594.0,4176436170.0,434984371.0,1431621310.0,0.0,9192.0,872852.0,286707.0,5907.0,356179.0
A,골목상권,3110261,사가정역 4번,11260570,면목7동,11260570,면목7동,중랑구,0.7747399506669601,1.0,0.9910179640718563,0.9970059880239521,0.9910179640718563,0.9960079840319361,core_80pct_all_periods,400,600,62.0,285.0,96.0,95.0,37.0,25.0,6974260642.0,600920.0,449420283.0,1461145225.0,2842396340.0,1608438745.0,84820508.0,528039541.0,4773.0,65002.0,358442.0,59033.0,1680.0,111990.0
A,골목상권,3110190,고대앞사거리,11230545,제기동,11230545,제기동,동대문구,0.9701208895279353,0.9910179640718563,0.9940119760479041,1.0,0.9910179640718563,0.9950099800399202,core_80pct_all_periods,400,354,9.0,98.0,67.0,117.0,21.0,42.0,6894712546.0,456821.0,0.0,104653104.0,2710822733.0,4037075315.0,0.0,42161394.0,0.0,2453.0,333518.0,113561.0,0.0,7289.0
A,골목상권,3110266,면목동우체국,11260575,면목3·8동,11260575,면목3·8동,중랑구,0.7233037221137882,1.0,0.9910179640718563,0.9970059880239521,0.9910179640718563,0.9960079840319361,core_80pct_all_periods,400,662,64.0,257.0,137.0,149.0,39.0,16.0,6626179377.0,509577.0,424515223.0,394567451.0,3455897394.0,1525504131.0,513634935.0,312060243.0,4490.0,17696.0,342536.0,60677.0,7762.0,76416.0
R,전통시장,3130050,청평화시장,11140615,신당동,11140615,신당동,중구,0.9999999999999997,0.9940119760479041,0.9910179640718563,0.9940119760479041,0.9910179640718563,0.9930139720558881,core_80pct_all_periods,400,10254,0.0,118.0,10123.0,8.0,0.0,5.0,6467092166.0,180872.0,0.0,0.0,6467092166.0,0.0,0.0,0.0,0.0,0.0,180872.0,0.0,0.0,0.0
A,골목상권,3110106,금북초등학교,11200590,금호1가동,11200590,금호1가동,성동구,0.9496285383193425,0.9910179640718563,0.9970059880239521,1.0,0.9910179640718563,0.9960079840319361,core_80pct_all_periods,400,138,25.0,34.0,24.0,43.0,8.0,4.0,3776246684.0,24877.0,3401605850.0,248595079.0,0.0,126045755.0,0.0,0.0,10804.0,5399.0,0.0,8674.0,0.0,0.0
A,골목상권,3110117,성동구보건소,11200540,마장동,11200540,마장동,성동구,0.6781586712846469,0.9910179640718563,0.9970059880239521,0.9970059880239521,0.9910179640718563,0.9950099800399202,core_80pct_all_periods,400,356,0.0,72.0,195.0,55.0,30.0,4.0,3026908343.0,30435.0,0.0,511114203.0,25016000.0,1669406395.0,821371745.0,0.0,0.0,7274.0,893.0,12141.0,10127.0,0.0
A,골목상권,3110207,시립대앞사거리,11230560,전농1동,11230560,전농1동,동대문구,1.0000000000000002,0.9910179640718563,0.9970059880239521,0.9940119760479041,0.9910179640718563,0.9940119760479043,core_80pct_all_periods,400,286,16.0,73.0,55.0,92.0,38.0,12.0,2685554245.0,143984.0,0.0,0.0,81114263.0,1457820931.0,763613973.0,383005078.0,0.0,0.0,11835.0,69582.0,20925.0,41642.0
A,골목상권,3110215,회기역 1번,11230720,휘경1동,11230720,휘경1동,동대문구,0.9957181367533112,0.9910179640718563,0.9970059880239521,1.0,0.9910179640718563,0.9960079840319361,core_80pct_all_periods,400,255,18.0,120.0,29.0,40.0,32.0,16.0,2480423949.0,291950.0,0.0,90722958.0,1122034846.0,930620455.0,111113285.0,225932405.0,0.0,3995.0,188711.0,32418.0,2010.0,64816.0
A,골목상권,3110108,성동구립금호도서관,11200590,금호1가동,11200590,금호1가동,성동구,1.0000000000000004,0.9910179640718563,0.9970059880239521,1.0,0.9910179640718563,0.9960079840319361,core_80pct_all_periods,400,96,11.0,36.0,24.0,12.0,13.0,0.0,1731840610.0,31053.0,0.0,0.0,0.0,1731840610.0,0.0,0.0,0.0,0.0,0.0,31053.0,0.0,0.0
A,골목상권,3110116,청계천박물관,11200540,마장동,11200540,마장동,성동구,0.9761769077286461,0.9910179640718563,1.0,1.0,0.9910179640718563,0.9970059880239521,core_80pct_all_periods,400,914,12.0,69.0,810.0,8.0,8.0,7.0,944348849.0,59596.0,0.0,14163424.0,432103233.0,498082192.0,0.0,0.0,0.0,319.0,37590.0,21687.0,0.0,0.0
R,전통시장,3130038,"평화시장(통일상가, 동화상가)",11140590,광희동,11140605,을지로동,중구,0.5409265295718799,0.9910179640718563,0.9940119760479041,1.0,0.9910179640718563,0.9950099800399202,core_80pct_all_periods,400,8641,98.0,396.0,7734.0,301.0,8.0,104.0,10309529.0,330.0,0.0,10309529.0,0.0,0.0,0.0,0.0,0.0,330.0,0.0,0.0,0.0,0.0
R,전통시장,3130019,동대문상가D동,11110670,창신1동,11140615,신당동,중구,0.8409386133557822,0.9940119760479041,0.9910179640718563,0.9940119760479041,0.9910179640718563,0.9930139720558881,core_80pct_all_periods,400,231,0.0,47.0,176.0,0.0,8.0,0.0,0.0,0.0,0.0,0.0,0.0,0.0,0.0,0.0,0.0,0.0,0.0,0.0,0.0,0.0
D,발달상권,3120067,장안동사거리,11230660,장안2동,11230660,장안2동,동대문구,0.717179474872009,0.9910179640718563,0.9880239520958084,0.9970059880239521,0.9880239520958084,0.9920159680638724,core_80pct_all_periods,400,3934,453.0,1366.0,880.0,655.0,499.0,81.0,262091247495.0,8899804.0,23625187663.0,116222395699.0,57398187434.0,48768774225.0,12354680909.0,3722021565.0,105598.0,2614942.0,3444285.0,1877046.0,268701.0,589232.0
D,발달상권,3120039,신당역,11140615,신당동,11140615,신당동,중구,0.7278523344759044,0.9910179640718563,0.9880239520958084,0.9940119760479041,0.9880239520958084,0.9910179640718563,core_80pct_all_periods,400,11127,48.0,1033.0,8895.0,757.0,276.0,118.0,154081720938.0,6177148.0,41458762.0,15372950961.0,81222201762.0,47499522342.0,7711006473.0,2234580638.0,189.0,492999.0,3238679.0,1807363.0,196735.0,441183.0
R,전통시장,3130052,서울중앙시장(신중앙시장),11140670,황학동,11140670,황학동,중구,0.8982847879181404,0.9910179640718563,0.9880239520958084,0.9940119760479041,0.9880239520958084,0.9910179640718563,core_80pct_all_periods,400,1932,12.0,303.0,897.0,568.0,127.0,25.0,139904571881.0,3722698.0,0.0,5818612640.0,75575107643.0,56358997675.0,2000378196.0,151475727.0,0.0,260115.0,1736081.0,1604973.0,85674.0,35855.0
D,발달상권,3120049,왕십리역(왕십리),11200560,행당1동,11200560,행당1동,성동구,0.7130703706402863,1.0,0.9880239520958084,0.9970059880239521,0.9880239520958084,0.9950099800399202,core_80pct_all_periods,400,2623,99.0,767.0,892.0,588.0,169.0,108.0,83234569950.0,3722516.0,9618202023.0,24191663818.0,13115724053.0,28055132223.0,6101314346.0,2152533487.0,152241.0,575427.0,1794098.0,770046.0,164682.0,266022.0
R,전통시장,3130053,백학시장,11140650,신당5동,11140650,신당5동,중구,0.7450959124519823,0.9910179640718563,0.9880239520958084,0.9940119760479041,0.9880239520958084,0.9910179640718563,core_80pct_all_periods,400,877,12.0,271.0,165.0,284.0,137.0,8.0,63220296376.0,3278037.0,0.0,21014769738.0,21165351440.0,12643569605.0,8396605593.0,0.0,0.0,1183121.0,1499416.0,421012.0,174488.0,0.0
D,발달상권,3120016,동대문역,11110670,창신1동,11110670,창신1동,종로구,0.7860428874125889,0.9910179640718563,0.9880239520958084,0.9910179640718563,0.9880239520958084,0.9900199600798403,core_80pct_all_periods,400,1158,8.0,220.0,533.0,247.0,119.0,31.0,37213074900.0,1859841.0,0.0,9658888041.0,7344220015.0,15776802880.0,3806884335.0,626279629.0,0.0,603076.0,559864.0,530837.0,53398.0,112666.0
A,골목상권,3110158,중곡3동주민센터,11215760,중곡3동,11215760,중곡3동,광진구,0.9895331664673161,0.9910179640718563,0.9880239520958084,0.9940119760479041,0.9880239520958084,0.9910179640718563,core_80pct_all_periods,400,1100,58.0,418.0,236.0,207.0,162.0,19.0,20919802130.0,1215919.0,535422599.0,9948406677.0,3179317332.0,4454761748.0,2493826463.0,308067311.0,1485.0,467427.0,249947.0,201709.0,226463.0,68888.0
A,골목상권,3110056,신당역 3번,11140650,신당5동,11140650,신당5동,중구,0.6124165804193542,0.9910179640718563,0.9880239520958084,0.9940119760479041,0.9880239520958084,0.9910179640718563,core_80pct_all_periods,400,1083,40.0,358.0,354.0,232.0,55.0,44.0,20855096659.0,675669.0,0.0,6214969966.0,4983707858.0,8309167089.0,925375503.0,421876243.0,0.0,185845.0,272100.0,152936.0,17657.0,47131.0
R,전통시장,3130055,"황학시장(서울중앙시장, 신중앙시장)",11140670,황학동,11140670,황학동,중구,1.0000000000000002,0.9910179640718563,0.9880239520958084,0.9940119760479041,0.9880239520958084,0.9910179640718563,core_80pct_all_periods,400,716,8.0,149.0,263.0,235.0,43.0,18.0,16899191926.0,699276.0,0.0,133431996.0,8003029131.0,6990314005.0,1504040282.0,268376512.0,0.0,4128.0,412230.0,178613.0,22918.0,81387.0
A,골목상권,3110112,행당역 2번,11200560,행당1동,11200570,행당2동,성동구,0.8610947665276061,1.0,0.9880239520958084,0.9970059880239521,0.9880239520958084,0.9950099800399202,core_80pct_all_periods,400,449,85.0,174.0,59.0,91.0,24.0,16.0,16262039826.0,310905.0,7879524756.0,1040059761.0,26828418.0,6553546545.0,446960314.0,315120032.0,18129.0,22675.0,507.0,208656.0,8431.0,52507.0
A,골목상권,3110161,중곡역 3번,11215760,중곡3동,11215760,중곡3동,광진구,0.9831868991349898,0.9910179640718563,0.9880239520958084,0.9940119760479041,0.9880239520958084,0.9910179640718563,core_80pct_all_periods,400,1103,51.0,532.0,204.0,174.0,114.0,28.0,16029422173.0,1035198.0,0.0,5809805303.0,2238401787.0,6790477351.0,889794307.0,300943425.0,0.0,266302.0,252752.0,479343.0,23527.0,13274.0
R,전통시장,3130051,동화동 골목형상점가,11140665,동화동,11140665,동화동,중구,0.9999781819374857,0.9910179640718563,0.9880239520958084,0.9940119760479041,0.9880239520958084,0.9910179640718563,core_80pct_all_periods,400,921,46.0,260.0,330.0,202.0,54.0,29.0,15312622328.0,735099.0,55724536.0,1119864341.0,6638245201.0,6493585544.0,689929570.0,315273136.0,196.0,38527.0,401175.0,232094.0,21198.0,41909.0
A,골목상권,3110053,청구역 1번,11140615,신당동,11140615,신당동,중구,0.907128263928971,0.9910179640718563,0.9880239520958084,0.9940119760479041,0.9880239520958084,0.9910179640718563,core_80pct_all_periods,400,690,27.0,236.0,259.0,141.0,4.0,23.0,14802070682.0,648635.0,0.0,370606742.0,10944489595.0,3442695198.0,44279147.0,0.0,0.0,8528.0,521239.0,117564.0,1304.0,0.0
R,전통시장,3130020,동묘시장(동묘벼룩시장),11110710,숭인2동,11110710,숭인2동,종로구,0.7214695368511731,0.9910179640718563,0.9880239520958084,0.9910179640718563,0.9880239520958084,0.9900199600798403,core_80pct_all_periods,400,555,4.0,145.0,288.0,72.0,36.0,10.0,13214090201.0,438874.0,0.0,23665166.0,6589383814.0,6083945613.0,492788386.0,24307222.0,0.0,2072.0,201380.0,223236.0,8032.0,4154.0
A,골목상권,3110114,왕십리파출소,11200535,왕십리도선동,11200535,왕십리도선동,성동구,0.9464890067078967,0.9880239520958084,0.9940119760479041,0.9970059880239521,0.9880239520958084,0.9930139720558883,core_80pct_all_periods,400,201,4.0,70.0,77.0,30.0,12.0,8.0,11181839732.0,89818.0,0.0,0.0,6999806281.0,4182033451.0,0.0,0.0,0.0,0.0,30301.0,59517.0,0.0,0.0
A,골목상권,3110253,중곡초등학교,11260540,면목4동,11260540,면목4동,중랑구,1.0000000000000009,0.9910179640718563,0.9880239520958084,0.9880239520958084,0.9880239520958084,0.9890219560878243,core_80pct_all_periods,400,705,68.0,286.0,123.0,151.0,56.0,21.0,10921956461.0,698509.0,752622959.0,1994955732.0,4785763417.0,2760090779.0,628523574.0,0.0,4171.0,80014.0,524258.0,82043.0,8023.0,0.0
R,전통시장,3130098,회기시장,11230710,회기동,11230710,회기동,동대문구,0.8369953841312832,0.9880239520958084,0.9910179640718563,0.9940119760479041,0.9880239520958084,0.9910179640718563,core_80pct_all_periods,400,575,27.0,207.0,107.0,156.0,36.0,42.0,9863694560.0,431559.0,1299446309.0,2226919856.0,689302440.0,3940017644.0,1291431112.0,416577199.0,5077.0,101775.0,88402.0,173595.0,4570.0,58140.0
A,골목상권,3110248,먹골파출소,11260620,묵1동,11260620,묵1동,중랑구,0.999999999999999,0.9940119760479041,0.9880239520958084,0.9910179640718563,0.9880239520958084,0.9910179640718563,core_80pct_all_periods,400,182,8.0,102.0,36.0,24.0,4.0,8.0,9429398284.0,486653.0,0.0,1779337089.0,7071905032.0,578156163.0,0.0,0.0,0.0,12937.0,452831.0,20885.0,0.0,0.0
R,전통시장,3130049,신당 미래유산 먹거리 골목형상점가,11140615,신당동,11140615,신당동,중구,0.9721690738453044,0.9910179640718563,0.9880239520958084,0.9940119760479041,0.9880239520958084,0.9910179640718563,core_80pct_all_periods,400,202,0.0,72.0,48.0,70.0,12.0,0.0,9042328175.0,278125.0,0.0,0.0,156366230.0,8885961945.0,0.0,0.0,0.0,0.0,2443.0,275682.0,0.0,0.0
A,골목상권,3110051,한양공고앞 교차로,11140615,신당동,11140615,신당동,중구,0.9941200473223416,0.9910179640718563,0.9880239520958084,0.9940119760479041,0.9880239520958084,0.9910179640718563,core_80pct_all_periods,400,285,2.0,80.0,121.0,61.0,8.0,13.0,7160438390.0,108993.0,0.0,0.0,6333714081.0,826638185.0,0.0,86124.0,0.0,0.0,87582.0,21392.0,0.0,19.0
A,골목상권,3110182,용두희망어린이공원,11230536,용신동,11230515,신설동,동대문구,0.994699966505384,0.9880239520958084,0.9940119760479041,1.0,0.9880239520958084,0.9940119760479043,core_80pct_all_periods,400,404,16.0,164.0,161.0,28.0,24.0,11.0,2260536257.0,149314.0,0.0,843091470.0,1417444787.0,0.0,0.0,0.0,0.0,68344.0,80970.0,0.0,0.0,0.0
A,골목상권,3110309,대광초등학교,11290600,안암동,11290600,안암동,성북구,0.9070586908414499,0.9880239520958084,0.9940119760479041,1.0,0.9880239520958084,0.9940119760479043,core_80pct_all_periods,400,348,24.0,148.0,130.0,9.0,12.0,25.0,1464070564.0,31115.0,0.0,408381030.0,793062957.0,0.0,0.0,262626577.0,0.0,2486.0,7668.0,0.0,0.0,20961.0
A,골목상권,3110213,청량초등학교,11230740,이문1동,11230740,이문1동,동대문구,0.7694544343410752,0.9880239520958084,0.9910179640718563,0.9940119760479041,0.9880239520958084,0.9910179640718563,core_80pct_all_periods,400,161,24.0,56.0,16.0,38.0,2.0,25.0,588028177.0,29248.0,254350029.0,0.0,0.0,204625636.0,0.0,129052512.0,504.0,0.0,0.0,13339.0,0.0,15405.0
R,전통시장,3130035,방산종합시장(방산시장),11140605,을지로동,11140605,을지로동,중구,1.0000000000000004,0.9850299401197605,0.9910179640718563,0.9940119760479041,0.9850299401197605,0.9900199600798403,core_80pct_all_periods,400,1695,146.0,522.0,580.0,299.0,64.0,84.0,166591200464.0,2197868.0,35689862159.0,21294324766.0,73195372785.0,33474030827.0,1530903192.0,1406706735.0,219694.0,113407.0,1010406.0,696333.0,41200.0,116828.0
A,골목상권,3110137,성수초등학교,11200690,성수2가3동,11200690,성수2가3동,성동구,0.9985989195354089,0.9850299401197605,0.9850299401197605,0.9970059880239521,0.9850299401197605,0.9890219560878245,core_80pct_all_periods,400,2555,77.0,1096.0,749.0,406.0,62.0,165.0,112840129013.0,6551148.0,15566953217.0,12374226424.0,60389028697.0,16866743807.0,1090111696.0,6553065172.0,386083.0,166833.0,4484883.0,714225.0,25966.0,773158.0
R,전통시장,3130018,동대문문구완구거리(동대문문구완구시장),11110670,창신1동,11110670,창신1동,종로구,1.0000000000000004,0.9910179640718563,0.9850299401197605,0.9910179640718563,0.9850299401197605,0.9890219560878243,core_80pct_all_periods,400,614,179.0,127.0,155.0,99.0,33.0,21.0,109901105832.0,4966542.0,100067540249.0,1310939835.0,4599541986.0,3282443455.0,626810160.0,13830147.0,4701484.0,15649.0,94928.0,141732.0,11576.0,1173.0
D,발달상권,3120017,동묘앞역(동묘),11110670,창신1동,11110670,창신1동,종로구,0.9606342527341276,0.9910179640718563,0.9850299401197605,0.9910179640718563,0.9850299401197605,0.9890219560878243,core_80pct_all_periods,400,1945,32.0,741.0,848.0,163.0,136.0,25.0,97590606434.0,3198996.0,628107149.0,61647216959.0,15637062428.0,15193464237.0,2581303438.0,1903452223.0,9555.0,1717134.0,569108.0,580660.0,93667.0,228872.0
R,전통시장,3130046,team204(팀204),11140615,신당동,11140615,신당동,중구,0.9999999999999998,0.9850299401197605,0.9850299401197605,0.9910179640718563,0.9850299401197605,0.9870259481037924,core_80pct_all_periods,400,496,0.0,24.0,468.0,0.0,0.0,4.0,59128312308.0,2029651.0,0.0,0.0,59014312308.0,0.0,0.0,114000000.0,0.0,0.0,2015251.0,0.0,0.0,14400.0
A,골목상권,3110136,경수초등학교,11200670,성수2가1동,11200670,성수2가1동,성동구,0.5972013243408527,0.9850299401197605,0.9850299401197605,0.9970059880239521,0.9850299401197605,0.9890219560878245,core_80pct_all_periods,400,2049,58.0,608.0,696.0,432.0,71.0,184.0,45320313851.0,1180378.0,0.0,4685490734.0,17802520293.0,20711454440.0,634031689.0,1486816695.0,0.0,15229.0,291890.0,696925.0,18064.0,158270.0
A,골목상권,3110052,장충초등학교,11140625,다산동,11140625,다산동,중구,0.7168595960384363,0.9850299401197605,0.9880239520958084,0.9940119760479041,0.9850299401197605,0.9890219560878243,core_80pct_all_periods,400,667,28.0,250.0,231.0,114.0,36.0,8.0,36586349790.0,598267.0,17675975.0,29112515677.0,943850371.0,6279098337.0,233209430.0,0.0,1527.0,369773.0,32837.0,184795.0,9335.0,0.0
R,전통시장,3130015,창신골목시장,11110680,창신2동,11110680,창신2동,종로구,0.7965256898407606,0.9910179640718563,0.9850299401197605,0.9910179640718563,0.9850299401197605,0.9890219560878243,core_80pct_all_periods,400,555,7.0,107.0,116.0,237.0,76.0,12.0,21744019355.0,927417.0,0.0,356356226.0,8901728083.0,12122021483.0,229011211.0,134902352.0,0.0,9920.0,573870.0,318798.0,5067.0,19762.0
A,골목상권,3110054,청구역 3번,11140645,청구동,11140645,청구동,중구,1.0,0.9850299401197605,0.9880239520958084,0.9940119760479041,0.9850299401197605,0.9890219560878243,core_80pct_all_periods,400,843,97.0,211.0,323.0,109.0,79.0,24.0,19656415725.0,466746.0,5926165187.0,1224443325.0,7587614791.0,3208447712.0,773788042.0,935956668.0,16088.0,19780.0,236852.0,78066.0,5949.0,110011.0
A,골목상권,3110049,장충단 고개,11140625,다산동,11140625,다산동,중구,0.89225018767081,0.9850299401197605,0.9880239520958084,0.9940119760479041,0.9850299401197605,0.9890219560878243,core_80pct_all_periods,400,601,35.0,169.0,185.0,125.0,41.0,46.0,18213138990.0,568993.0,182340003.0,0.0,8117940044.0,8957631687.0,695592860.0,259634396.0,505.0,0.0,351701.0,168086.0,15000.0,33701.0
A,골목상권,3110048,장충동주민센터,11140580,장충동,11140580,장충동,중구,0.6964212714283178,0.9850299401197605,0.9880239520958084,0.9940119760479041,0.9850299401197605,0.9890219560878243,core_80pct_all_periods,400,489,30.0,124.0,279.0,36.0,4.0,16.0,17141814784.0,272016.0,0.0,0.0,16128046530.0,968124543.0,0.0,45643711.0,0.0,0.0,249954.0,14552.0,0.0,7510.0
R,전통시장,3130104,전곡시장,11230660,장안2동,11230660,장안2동,동대문구,1.0,0.9850299401197605,0.9850299401197605,0.9940119760479041,0.9850299401197605,0.9880239520958084,core_80pct_all_periods,400,278,12.0,59.0,111.0,68.0,24.0,4.0,16689707669.0,825590.0,0.0,61336156.0,13629882246.0,2683451461.0,315037806.0,0.0,0.0,1206.0,669148.0,153466.0,1770.0,0.0
R,전통시장,3130063,신금호역 골목형상점가,11200615,금호2·3가동,11200615,금호2·3가동,성동구,0.9999999999999996,0.9850299401197605,0.9910179640718563,0.9940119760479041,0.9850299401197605,0.9900199600798403,core_80pct_all_periods,400,429,23.0,114.0,84.0,137.0,63.0,8.0,12141541387.0,592071.0,575921837.0,539484261.0,2653577626.0,7550231100.0,590485297.0,231841266.0,1168.0,12171.0,217766.0,313980.0,16365.0,30621.0
A,골목상권,3110267,망우역 2번,11260580,상봉1동,11260580,상봉1동,중랑구,0.8988658667770529,1.0,0.9850299401197605,0.9940119760479041,0.9850299401197605,0.9930139720558883,core_80pct_all_periods,400,854,165.0,302.0,178.0,135.0,33.0,41.0,11853505666.0,596961.0,2589257829.0,2980710750.0,4573697535.0,1204525141.0,174824116.0,330490295.0,10422.0,131510.0,315824.0,85930.0,3678.0,49597.0
A,골목상권,3110029,동대문역 1번,11110680,창신2동,11110680,창신2동,종로구,0.7214202247028615,0.9910179640718563,0.9850299401197605,0.9910179640718563,0.9850299401197605,0.9890219560878243,core_80pct_all_periods,400,549,24.0,225.0,136.0,105.0,27.0,32.0,9816437871.0,609555.0,0.0,28601040.0,7351502053.0,2179241731.0,255415791.0,1677256.0,0.0,1789.0,537170.0,56888.0,13454.0,254.0
R,전통시장,3130128,돌곶이시장(석관황금시장),11290810,석관동,11290810,석관동,성북구,0.9999999999999996,0.9880239520958084,0.9880239520958084,0.9850299401197605,0.9850299401197605,0.9870259481037924,core_80pct_all_periods,400,384,8.0,106.0,123.0,119.0,28.0,0.0,8490187344.0,310733.0,0.0,344497061.0,4872765165.0,3168858757.0,104066361.0,0.0,0.0,8922.0,110550.0,189214.0,2047.0,0.0
A,골목상권,3110225,촬영소사거리,11230610,답십리2동,11230610,답십리2동,동대문구,0.866495323621832,0.9850299401197605,1.0,1.0,0.9850299401197605,0.9950099800399202,core_80pct_all_periods,400,534,46.0,245.0,111.0,90.0,30.0,12.0,7947061307.0,263865.0,1423976048.0,697622179.0,1133604541.0,3711468389.0,420000000.0,560390150.0,4378.0,4510.0,14937.0,167218.0,2142.0,70680.0
A,골목상권,3110334,석관중앙교회,11290810,석관동,11290810,석관동,성북구,0.9999999999999998,0.9880239520958084,0.9880239520958084,0.9850299401197605,0.9850299401197605,0.9870259481037924,core_80pct_all_periods,400,540,22.0,253.0,132.0,109.0,16.0,8.0,7647014384.0,136495.0,0.0,670086355.0,4730257665.0,2246670364.0,0.0,0.0,0.0,21979.0,22724.0,91792.0,0.0,0.0
A,골목상권,3110104,신금호역 4번,11200615,금호2·3가동,11200615,금호2·3가동,성동구,0.9999999999999996,0.9850299401197605,0.9910179640718563,0.9940119760479041,0.9850299401197605,0.9900199600798403,core_80pct_all_periods,400,353,82.0,115.0,61.0,57.0,28.0,10.0,4910639372.0,129778.0,1228059939.0,1345279665.0,99858878.0,1636748807.0,588033016.0,12659067.0,5256.0,13585.0,35967.0,47395.0,25619.0,1956.0
A,골목상권,3110030,동대문역 3번,11110670,창신1동,11110680,창신2동,종로구,0.653548202408914,0.9910179640718563,0.9850299401197605,0.9910179640718563,0.9850299401197605,0.9890219560878243,core_80pct_all_periods,400,154,0.0,35.0,36.0,72.0,11.0,0.0,4186431056.0,91286.0,0.0,0.0,87461580.0,4098969476.0,0.0,0.0,0.0,0.0,1328.0,89958.0,0.0,0.0
A,골목상권,3110242,면목5동주민센터,11260550,면목5동,11260550,면목5동,중랑구,0.9999999999999998,0.9970059880239521,0.9910179640718563,0.9850299401197605,0.9850299401197605,0.9910179640718564,core_80pct_all_periods,400,504,16.0,208.0,118.0,89.0,60.0,13.0,3906764353.0,263668.0,0.0,515336303.0,1531353604.0,1527434154.0,332640292.0,0.0,0.0,8978.0,177262.0,70647.0,6781.0,0.0
A,골목상권,3110033,창신역 4번,11110700,숭인1동,11110700,숭인1동,종로구,0.9751666714296575,0.9910179640718563,0.9850299401197605,0.9910179640718563,0.9850299401197605,0.9890219560878243,core_80pct_all_periods,400,328,36.0,160.0,67.0,52.0,11.0,2.0,3304773728.0,98551.0,683015720.0,188620977.0,0.0,2362790361.0,70346670.0,0.0,2326.0,6409.0,0.0,88573.0,1243.0,0.0
A,골목상권,3110203,떡전교사거리,11230705,청량리동,11230705,청량리동,동대문구,0.9999999999999992,0.9850299401197605,0.9910179640718563,0.9910179640718563,0.9850299401197605,0.9890219560878243,core_80pct_all_periods,400,350,4.0,131.0,77.0,95.0,27.0,16.0,2684793910.0,204707.0,0.0,102361553.0,1191737235.0,963687682.0,218980495.0,208026945.0,0.0,3303.0,142927.0,25516.0,10665.0,22296.0
A,골목상권,3110336,석관고등학교,11290810,석관동,11290810,석관동,성북구,0.9999999999999997,0.9940119760479041,0.9910179640718563,0.9850299401197605,0.9850299401197605,0.9900199600798403,core_80pct_all_periods,400,251,8.0,92.0,39.0,68.0,32.0,12.0,1184886897.0,48701.0,0.0,13337309.0,0.0,1123076881.0,48472707.0,0.0,0.0,566.0,0.0,47859.0,276.0,0.0
A,골목상권,3110034,창신1동주민센터,11110670,창신1동,11110670,창신1동,종로구,0.7516704859121595,0.9910179640718563,0.9850299401197605,0.9910179640718563,0.9850299401197605,0.9890219560878243,core_80pct_all_periods,400,295,0.0,70.0,170.0,51.0,0.0,4.0,1096902199.0,31685.0,0.0,168000000.0,494826786.0,434075413.0,0.0,0.0,0.0,6383.0,10746.0,14556.0,0.0,0.0
A,골목상권,3110032,수족관거리,11110670,창신1동,11110670,창신1동,종로구,0.9999999999999998,0.9910179640718563,0.9850299401197605,0.9910179640718563,0.9850299401197605,0.9890219560878243,core_80pct_all_periods,400,85,0.0,16.0,34.0,21.0,9.0,5.0,368310968.0,9049.0,0.0,0.0,0.0,368310968.0,0.0,0.0,0.0,0.0,0.0,9049.0,0.0,0.0
R,전통시장,3130017,동대문상가C동,11110670,창신1동,11140615,신당동,중구,0.6535449819481565,0.9910179640718563,0.9850299401197605,0.9910179640718563,0.9850299401197605,0.9890219560878243,core_80pct_all_periods,400,678,4.0,12.0,661.0,1.0,0.0,0.0,0.0,0.0,0.0,0.0,0.0,0.0,0.0,0.0,0.0,0.0,0.0,0.0,0.0,0.0
D,발달상권,3120053,건대입구역(건대),11215710,화양동,11215710,화양동,광진구,0.4643443528211118,0.9940119760479041,0.9820359281437125,0.9910179640718563,0.9820359281437125,0.9890219560878243,core_80pct_all_periods,400,6210,130.0,1569.0,1825.0,1417.0,918.0,351.0,314816116597.0,15024095.0,1585755490.0,62647148154.0,66416638503.0,112915181070.0,40266482900.0,30984910480.0,180064.0,1447778.0,3336831.0,4465251.0,1945588.0,3648583.0
R,전통시장,3130010,종로신진시장,11110630,종로5·6가동,11110630,종로5·6가동,종로구,0.9887404670777586,0.9820359281437125,0.9880239520958084,0.9940119760479041,0.9820359281437125,0.9880239520958084,core_80pct_all_periods,400,1088,60.0,204.0,349.0,351.0,77.0,47.0,61748979621.0,1325785.0,1039188188.0,4829463924.0,32728990364.0,19502966991.0,2923570501.0,724799653.0,7892.0,59628.0,536869.0,504884.0,90707.0,125805.0
R,전통시장,3130048,동평화시장,11140615,신당동,11140615,신당동,중구,0.9999999999999998,0.9820359281437125,0.9880239520958084,0.9940119760479041,0.9820359281437125,0.9880239520958084,core_80pct_all_periods,400,3073,4.0,47.0,2976.0,36.0,0.0,10.0,45639704834.0,949341.0,0.0,0.0,42751331852.0,1510384785.0,0.0,1377988197.0,0.0,0.0,509766.0,81150.0,0.0,358425.0
A,골목상권,3110140,건대입구역 6번,11215847,자양4동,11215847,자양4동,광진구,0.9979509581739726,0.9940119760479041,0.9820359281437125,0.9910179640718563,0.9820359281437125,0.9890219560878243,core_80pct_all_periods,400,1574,56.0,550.0,248.0,481.0,177.0,62.0,32797129340.0,1557511.0,173000543.0,2901388410.0,5549179974.0,20445208787.0,3398302331.0,330049295.0,1137.0,179326.0,836238.0,480224.0,38313.0,22273.0
A,골목상권,3110115,상왕십리역 3번,11200535,왕십리도선동,11200535,왕십리도선동,성동구,1.0,0.9820359281437125,0.9940119760479041,0.9970059880239521,0.9820359281437125,0.9910179640718563,core_80pct_all_periods,400,718,55.0,248.0,186.0,128.0,62.0,39.0,17380397928.0,474262.0,0.0,840825644.0,6314822150.0,9406901021.0,471448865.0,346400248.0,0.0,11294.0,288192.0,117646.0,7557.0,49573.0
A,골목상권,3110141,건대입구역 1번,11215710,화양동,11215710,화양동,광진구,0.9999999999999998,0.9940119760479041,0.9820359281437125,0.9910179640718563,0.9820359281437125,0.9890219560878243,core_80pct_all_periods,400,563,24.0,184.0,72.0,128.0,124.0,31.0,12434307796.0,543279.0,489764371.0,424926449.0,2018871408.0,5069941310.0,4204558124.0,226246134.0,6941.0,19407.0,270462.0,138574.0,81195.0,26700.0
R,전통시장,3130047,테크노상가(엘리시움),11140615,신당동,11140615,신당동,중구,1.0,0.9820359281437125,0.9880239520958084,0.9940119760479041,0.9820359281437125,0.9880239520958084,core_80pct_all_periods,400,3501,0.0,22.0,3448.0,23.0,4.0,4.0,11786270710.0,212471.0,0.0,0.0,11786270710.0,0.0,0.0,0.0,0.0,0.0,212471.0,0.0,0.0,0.0
R,전통시장,3130078,화양제일골목시장,11215710,화양동,11215710,화양동,광진구,0.9999999999999998,0.9940119760479041,0.9820359281437125,0.9910179640718563,0.9820359281437125,0.9890219560878243,core_80pct_all_periods,400,378,4.0,93.0,104.0,136.0,35.0,6.0,11030417726.0,538978.0,0.0,0.0,6349289128.0,4389376458.0,184483701.0,107268439.0,0.0,0.0,306285.0,204212.0,6467.0,22014.0
A,골목상권,3110057,황학코아루아파트,11140670,황학동,11140670,황학동,중구,0.9985653934214075,0.9820359281437125,0.9880239520958084,0.9940119760479041,0.9820359281437125,0.9880239520958084,core_80pct_all_periods,400,408,24.0,206.0,71.0,25.0,70.0,12.0,10458879334.0,249023.0,0.0,2257534123.0,647588534.0,6235870806.0,467513508.0,850372363.0,0.0,20368.0,28231.0,132040.0,3039.0,65345.0
R,전통시장,3130012,"동대문종합시장(동대문종합시장 신관, 동대문종합시장D동상가)",11110630,종로5·6가동,11110630,종로5·6가동,종로구,0.9842758358300339,0.9820359281437125,0.9880239520958084,0.9940119760479041,0.9820359281437125,0.9880239520958084,core_80pct_all_periods,400,1284,22.0,835.0,329.0,49.0,0.0,49.0,5211126022.0,126380.0,0.0,4209226350.0,0.0,1001899672.0,0.0,0.0,0.0,43132.0,0.0,83248.0,0.0,0.0
R,전통시장,3130079,한아름시장,11215710,화양동,11215710,화양동,광진구,1.0000000000000002,0.9940119760479041,0.9820359281437125,0.9910179640718563,0.9820359281437125,0.9890219560878243,core_80pct_all_periods,400,158,12.0,43.0,36.0,44.0,19.0,4.0,3234022738.0,89691.0,411903389.0,1430238765.0,0.0,842416031.0,549464553.0,0.0,853.0,48035.0,0.0,16144.0,24659.0,0.0
R,전통시장,3130077,조양시장,11215847,자양4동,11215847,자양4동,광진구,0.9999999999999998,0.9940119760479041,0.9820359281437125,0.9910179640718563,0.9820359281437125,0.9890219560878243,core_80pct_all_periods,400,94,0.0,40.0,16.0,27.0,8.0,3.0,1688246.0,13.0,0.0,0.0,1688246.0,0.0,0.0,0.0,0.0,0.0,13.0,0.0,0.0,0.0
D,발달상권,3120052,성수역,11200690,성수2가3동,11200690,성수2가3동,성동구,0.975345096198684,0.9790419161676647,0.9820359281437125,0.9940119760479041,0.9790419161676647,0.9850299401197605,core_80pct_all_periods,400,6091,215.0,2459.0,1799.0,1046.0,347.0,225.0,252753910293.0,12980443.0,1926919682.0,48417106099.0,82132478828.0,88488337080.0,19559264538.0,12229804066.0,6925.0,1861975.0,5226882.0,3776465.0,631019.0,1477177.0
A,골목상권,3110131,성수동카페거리,11200670,성수2가1동,11200670,성수2가1동,성동구,0.5782489310036227,0.9820359281437125,0.9790419161676647,0.9910179640718563,0.9790419161676647,0.9840319361277445,core_80pct_all_periods,400,2232,38.0,443.0,839.0,625.0,127.0,160.0,194380782326.0,4031400.0,2879688005.0,411552809.0,154655971994.0,28196261178.0,2925657854.0,5311650486.0,26233.0,25106.0,2259968.0,1054235.0,154778.0,511080.0
D,발달상권,3120051,뚝섬역,11200660,성수1가2동,11200660,성수1가2동,성동구,0.6004835327555345,0.9820359281437125,0.9790419161676647,0.9910179640718563,0.9790419161676647,0.9840319361277445,core_80pct_all_periods,400,3424,165.0,1061.0,800.0,946.0,207.0,245.0,133083507259.0,4962655.0,474458566.0,11937937731.0,39587810505.0,60033818103.0,6761632410.0,14287849944.0,8939.0,232589.0,1260396.0,2004392.0,203116.0,1253223.0
A,골목상권,3110335,석계역 7번,11290810,석관동,11290810,석관동,성북구,0.9327277299547306,0.9940119760479041,0.9880239520958084,0.9790419161676647,0.9790419161676647,0.9870259481037924,core_80pct_all_periods,400,1057,31.0,355.0,146.0,334.0,171.0,20.0,54947221666.0,1846982.0,71480917.0,4938050128.0,5678153592.0,36798222054.0,5533551236.0,1927763739.0,228.0,112030.0,773077.0,610712.0,107198.0,243737.0
A,골목상권,3110421,석계역 1번,11350560,월계1동,11350560,월계1동,노원구,0.9543998821009635,0.9880239520958084,0.9790419161676647,0.9790419161676647,0.9790419161676647,0.9820359281437124,core_80pct_all_periods,400,720,41.0,215.0,105.0,238.0,105.0,16.0,33673508026.0,1539824.0,501543546.0,10990120874.0,2196505838.0,15881608474.0,2994687087.0,1109042207.0,1228.0,619565.0,232587.0,510338.0,47687.0,128419.0
A,골목상권,3110205,경희대삼거리,11230710,회기동,11230710,회기동,동대문구,0.9302931440491115,0.9790419161676647,0.9880239520958084,0.9910179640718563,0.9790419161676647,0.9860279441117764,core_80pct_all_periods,400,1005,20.0,284.0,184.0,310.0,117.0,90.0,19068066610.0,669582.0,0.0,1350826556.0,3147985911.0,8572970546.0,5343770328.0,652513269.0,0.0,21266.0,225486.0,249461.0,111583.0,61786.0
A,골목상권,3110333,돌곶이역 5번,11290810,석관동,11290810,석관동,성북구,1.0000000000000013,0.9850299401197605,0.9850299401197605,0.9790419161676647,0.9790419161676647,0.9830339321357285,core_80pct_all_periods,400,606,48.0,237.0,124.0,104.0,71.0,22.0,17210060640.0,455621.0,189318385.0,6886137258.0,2074450725.0,6431537913.0,1455562257.0,173054102.0,719.0,178518.0,40886.0,187422.0,23876.0,24200.0
A,골목상권,3110423,석계역 2번,11350560,월계1동,11350560,월계1동,노원구,0.7468619183250849,0.9880239520958084,0.9790419161676647,0.9790419161676647,0.9790419161676647,0.9820359281437124,core_80pct_all_periods,400,550,8.0,175.0,105.0,153.0,95.0,14.0,6853282832.0,275474.0,0.0,254488862.0,639492535.0,4624663444.0,1253174268.0,81463723.0,0.0,6072.0,108597.0,118046.0,34039.0,8720.0
A,골목상권,3110110,상왕십리역 6번,11200520,왕십리2동,11200520,왕십리2동,성동구,0.6423481387407199,0.9790419161676647,0.9910179640718563,0.9940119760479041,0.9790419161676647,0.9880239520958084,core_80pct_all_periods,400,447,44.0,202.0,114.0,50.0,32.0,5.0,4866972867.0,240317.0,12000000.0,475940010.0,1884885672.0,2441162012.0,0.0,52985173.0,63.0,12658.0,140965.0,80760.0,0.0,5871.0
A,골목상권,3110132,성수2가3동주민센터,11200690,성수2가3동,11200690,성수2가3동,성동구,0.9571603447455258,0.9790419161676647,0.9790419161676647,0.9910179640718563,0.9790419161676647,0.9830339321357285,core_80pct_all_periods,400,528,40.0,145.0,169.0,85.0,26.0,63.0,3357696503.0,176465.0,0.0,0.0,909487763.0,1186913064.0,1474831.0,1259820845.0,0.0,0.0,15398.0,53663.0,4.0,107400.0
R,전통시장,3130127,석관시장,11290810,석관동,11290810,석관동,성북구,0.9999999999999994,0.9850299401197605,0.9850299401197605,0.9790419161676647,0.9790419161676647,0.9830339321357285,core_80pct_all_periods,400,55,0.0,4.0,26.0,13.0,8.0,4.0,1626595712.0,111904.0,0.0,0.0,0.0,1626595712.0,0.0,0.0,0.0,0.0,0.0,111904.0,0.0,0.0
A,골목상권,3110208,시조사삼거리,11230710,회기동,11230710,회기동,동대문구,0.7257816726831884,0.9790419161676647,0.9850299401197605,0.9850299401197605,0.9790419161676647,0.9830339321357285,core_80pct_all_periods,400,158,20.0,60.0,28.0,12.0,28.0,10.0,531700394.0,18720.0,176360294.0,0.0,209941870.0,0.0,145398230.0,0.0,1057.0,0.0,16778.0,0.0,885.0,0.0
R,전통시장,3130071,성수역 골목형상점가,11200690,성수2가3동,11200690,성수2가3동,성동구,0.9999999999999998,0.9790419161676647,0.9790419161676647,0.9910179640718563,0.9790419161676647,0.9830339321357285,core_80pct_all_periods,400,244,4.0,88.0,100.0,44.0,4.0,4.0,372000000.0,23567.0,0.0,0.0,0.0,372000000.0,0.0,0.0,0.0,0.0,0.0,23567.0,0.0,0.0
R,전통시장,3130085,용두시장,11230536,용신동,11230515,신설동,동대문구,0.879538757738578,0.9790419161676647,0.9910179640718563,0.9970059880239521,0.9790419161676647,0.9890219560878243,core_80pct_all_periods,400,29,0.0,4.0,12.0,13.0,0.0,0.0,75208410.0,3724.0,0.0,0.0,0.0,75208410.0,0.0,0.0,0.0,0.0,0.0,3724.0,0.0,0.0
R,전통시장,3130036,중부시장(신중부시장),11140590,광희동,11140590,광희동,중구,0.5300343130899736,0.9760479041916168,0.9850299401197605,0.9910179640718563,0.9760479041916168,0.9840319361277445,core_80pct_all_periods,400,2615,54.0,248.0,1959.0,235.0,71.0,48.0,281593117704.0,4082093.0,469690947.0,1455221268.0,241853477753.0,34677688730.0,1542187017.0,1594851989.0,33970.0,63306.0,3035482.0,695567.0,18694.0,235074.0
R,전통시장,3130007,광장시장(광장전통시장),11110615,종로1·2·3·4가동,11110615,종로1·2·3·4가동,종로구,0.7139770568591213,0.9760479041916168,0.9850299401197605,0.9910179640718563,0.9760479041916168,0.9840319361277445,core_80pct_all_periods,400,2323,12.0,719.0,1142.0,390.0,36.0,24.0,104671499842.0,3782722.0,0.0,34624078426.0,37055314127.0,28612635995.0,2975131590.0,1404339704.0,0.0,525228.0,1898861.0,1067564.0,102038.0,189031.0
D,발달상권,3120011,종로4가,11110615,종로1·2·3·4가동,11110615,종로1·2·3·4가동,종로구,0.9607740007173253,0.9760479041916168,0.9850299401197605,0.9910179640718563,0.9760479041916168,0.9840319361277445,core_80pct_all_periods,400,2656,41.0,429.0,1981.0,127.0,44.0,34.0,79622872253.0,1896587.0,0.0,26669269013.0,42238038152.0,7172470355.0,1432927232.0,2110167501.0,0.0,361524.0,1047183.0,200480.0,55806.0,231594.0
R,전통시장,3130014,동문시장,11110670,창신1동,11110670,창신1동,종로구,1.0,0.9760479041916168,0.9850299401197605,0.9910179640718563,0.9760479041916168,0.9840319361277445,core_80pct_all_periods,400,585,4.0,24.0,496.0,42.0,19.0,0.0,19254832040.0,220198.0,0.0,0.0,17881431775.0,1373400265.0,0.0,0.0,0.0,0.0,164655.0,55543.0,0.0,0.0
R,전통시장,3130016,동대문상가B동,11110670,창신1동,11110670,창신1동,종로구,0.5110459042521226,0.9760479041916168,0.9850299401197605,0.9910179640718563,0.9760479041916168,0.9840319361277445,core_80pct_all_periods,400,342,0.0,24.0,309.0,1.0,0.0,8.0,4001935249.0,116830.0,0.0,0.0,4001935249.0,0.0,0.0,0.0,0.0,0.0,116830.0,0.0,0.0,0.0
D,발달상권,3120036,장충동족발거리(남소영길),11140580,장충동,11140580,장충동,중구,0.9999999999999993,0.9730538922155688,0.9850299401197605,0.9850299401197605,0.9730538922155688,0.9810379241516967,core_80pct_all_periods,400,465,29.0,81.0,106.0,191.0,31.0,27.0,31465453266.0,848426.0,463377558.0,0.0,1843162621.0,22673155372.0,1464871118.0,5020886597.0,9147.0,0.0,7386.0,572652.0,48723.0,210518.0
A,골목상권,3110045,동대문역사문화공원역 5번,11140580,장충동,11140580,장충동,중구,0.5774946176193848,0.9730538922155688,0.9850299401197605,0.9850299401197605,0.9730538922155688,0.9810379241516967,core_80pct_all_periods,400,460,20.0,72.0,98.0,210.0,36.0,24.0,22426679384.0,806558.0,0.0,35718254.0,2976602775.0,18402196190.0,999027826.0,13134339.0,0.0,2617.0,404773.0,379908.0,17418.0,1842.0
R,전통시장,3130013,동대문상가A동,11110670,창신1동,11110670,창신1동,종로구,0.7578156468922099,0.9730538922155688,0.9850299401197605,0.9910179640718563,0.9730538922155688,0.9830339321357285,core_80pct_all_periods,400,328,3.0,52.0,273.0,0.0,0.0,0.0,22204631943.0,399302.0,0.0,0.0,22204631943.0,0.0,0.0,0.0,0.0,0.0,399302.0,0.0,0.0,0.0
A,골목상권,3110331,돌곶이역 8번,11290810,석관동,11290810,석관동,성북구,1.0000000000000004,0.9790419161676647,0.9730538922155688,0.9760479041916168,0.9730538922155688,0.9760479041916167,core_80pct_all_periods,400,675,25.0,263.0,112.0,152.0,71.0,52.0,21218458507.0,1090719.0,0.0,12103779936.0,886596176.0,6024429241.0,1406126435.0,797526719.0,0.0,593203.0,102735.0,274435.0,26891.0,93455.0
A,골목상권,3110332,돌곶이역 3번,11290770,장위2동,11290770,장위2동,성북구,0.5241709176882583,0.9790419161676647,0.9730538922155688,0.9760479041916168,0.9730538922155688,0.9760479041916167,core_80pct_all_periods,400,189,0.0,72.0,61.0,38.0,10.0,8.0,3801952129.0,114301.0,0.0,0.0,238191297.0,3563760832.0,0.0,0.0,0.0,0.0,24735.0,89566.0,0.0,0.0
A,골목상권,3110221,의릉,11290810,석관동,11290810,석관동,성북구,0.5411529472245594,0.9760479041916168,0.9730538922155688,0.9730538922155688,0.9730538922155688,0.9740518962075848,core_80pct_all_periods,400,177,0.0,80.0,28.0,41.0,16.0,12.0,2890706596.0,107085.0,0.0,40655868.0,0.0,2191351982.0,405148011.0,253550735.0,0.0,1185.0,0.0,39638.0,8993.0,57269.0
A,골목상권,3110433,공릉역 2번,11350595,공릉1동,11350595,공릉1동,노원구,0.9867272486886112,0.9910179640718563,0.9730538922155688,0.9790419161676647,0.9730538922155688,0.9810379241516965,core_80pct_all_periods,400,848,63.0,310.0,156.0,190.0,36.0,93.0,2825227313.0,220933.0,38761482.0,454525122.0,459223150.0,980967204.0,184741279.0,707009076.0,1614.0,19360.0,29498.0,125660.0,4240.0,40561.0
D,발달상권,3120009,종로3가역,11110615,종로1·2·3·4가동,11110615,종로1·2·3·4가동,종로구,0.980319530527998,0.9700598802395209,0.9790419161676647,0.9850299401197605,0.9700598802395209,0.9780439121756488,core_80pct_all_periods,400,16598,328.0,1974.0,10364.0,2227.0,1220.0,485.0,1269283939350.0,19138580.0,4358504647.0,47954456459.0,911004983419.0,186450900726.0,90365838382.0,29149255717.0,118257.0,996208.0,7635212.0,4950061.0,2292931.0,3145911.0
D,발달상권,3120031,을지로3가역,11140605,을지로동,11140605,을지로동,중구,0.7327351286830555,0.9700598802395209,0.9790419161676647,0.9850299401197605,0.9700598802395209,0.9780439121756488,core_80pct_all_periods,400,4736,296.0,1455.0,1069.0,1139.0,495.0,282.0,384681062457.0,20594084.0,72008804731.0,7801921371.0,90666771035.0,163024205857.0,28528642179.0,22650717284.0,644417.0,459850.0,4400029.0,12135335.0,513083.0,2441370.0
D,발달상권,3120033,을지로4가역,11140605,을지로동,11140605,을지로동,중구,0.9332752736001185,0.9700598802395209,0.9790419161676647,0.9850299401197605,0.9700598802395209,0.9780439121756488,core_80pct_all_periods,400,968,26.0,185.0,523.0,148.0,34.0,52.0,151529081220.0,1718540.0,5002482895.0,171831112.0,142263686154.0,3393700205.0,324000000.0,373380854.0,15082.0,2373.0,1596107.0,74112.0,4792.0,26074.0
A,골목상권,3110232,동대부고,11230660,장안2동,11230660,장안2동,동대문구,1.0000000000000002,0.9730538922155688,0.9700598802395209,0.9850299401197605,0.9700598802395209,0.9760479041916167,core_80pct_all_periods,400,998,148.0,406.0,218.0,150.0,37.0,39.0,89509931730.0,1457084.0,12457841032.0,15352789316.0,56577677860.0,4614514169.0,70849093.0,436260260.0,103145.0,234753.0,846049.0,212421.0,391.0,60325.0
R,전통시장,3130033,대림상가(청계상가),11140605,을지로동,11140605,을지로동,중구,1.0000000000000002,0.9700598802395209,0.9790419161676647,0.9850299401197605,0.9700598802395209,0.9780439121756488,core_80pct_all_periods,400,816,23.0,88.0,626.0,32.0,12.0,35.0,72799000958.0,538694.0,0.0,538239906.0,71948761052.0,0.0,0.0,312000000.0,0.0,3371.0,509830.0,0.0,0.0,25493.0
D,발달상권,3120035,퇴계로5가,11140590,광희동,11140590,광희동,중구,0.8526930848947127,0.9700598802395209,0.9850299401197605,0.9850299401197605,0.9700598802395209,0.9800399201596807,core_80pct_all_periods,400,666,24.0,334.0,198.0,59.0,15.0,36.0,11232144288.0,932255.0,0.0,0.0,5666172103.0,4849606981.0,0.0,716365204.0,0.0,0.0,700445.0,135384.0,0.0,96426.0
R,전통시장,3130005,세운상가가동,11110615,종로1·2·3·4가동,11110615,종로1·2·3·4가동,종로구,0.8042523814843738,0.9700598802395209,0.9790419161676647,0.9850299401197605,0.9700598802395209,0.9780439121756488,core_80pct_all_periods,400,1078,8.0,55.0,1011.0,0.0,0.0,4.0,6212984402.0,33158.0,0.0,0.0,6212984402.0,0.0,0.0,0.0,0.0,0.0,33158.0,0.0,0.0,0.0
A,골목상권,3110418,광운대학교 남단,11350560,월계1동,11350560,월계1동,노원구,0.5554297808936379,0.9760479041916168,0.9700598802395209,0.9700598802395209,0.9700598802395209,0.9720558882235529,core_80pct_all_periods,400,303,39.0,79.0,66.0,95.0,12.0,12.0,2440874151.0,170367.0,237156463.0,176867149.0,689873347.0,1057119868.0,0.0,279857324.0,1122.0,2239.0,85351.0,46658.0,0.0,34997.0
A,골목상권,3110044,관성묘,11140580,장충동,11140580,장충동,중구,1.0000000000000002,0.9700598802395209,0.9790419161676647,0.9850299401197605,0.9700598802395209,0.9780439121756488,core_80pct_all_periods,400,137,13.0,48.0,49.0,23.0,4.0,0.0,1524429665.0,20412.0,0.0,0.0,0.0,1524429665.0,0.0,0.0,0.0,0.0,0.0,20412.0,0.0,0.0
A,골목상권,3110111,대현산장미원,11200580,응봉동,11200580,응봉동,성동구,0.8786006589729117,0.9880239520958084,0.9700598802395209,0.9910179640718563,0.9700598802395209,0.9830339321357285,core_80pct_all_periods,400,56,4.0,28.0,16.0,4.0,0.0,4.0,0.0,0.0,0.0,0.0,0.0,0.0,0.0,0.0,0.0,0.0,0.0,0.0,0.0,0.0
A,골목상권,3110231,장안교,11230660,장안2동,11230660,장안2동,동대문구,0.9439691345387742,0.9700598802395209,0.9730538922155688,0.9760479041916168,0.9700598802395209,0.9730538922155688,core_80pct_all_periods,400,47,0.0,24.0,16.0,4.0,3.0,0.0,0.0,0.0,0.0,0.0,0.0,0.0,0.0,0.0,0.0,0.0,0.0,0.0,0.0,0.0
D,발달상권,3120064,경희대학교(경희대),11230710,회기동,11230710,회기동,동대문구,1.0000000000000002,0.9670658682634731,0.9730538922155688,0.9730538922155688,0.9670658682634731,0.9710578842315369,core_80pct_all_periods,400,1321,40.0,202.0,64.0,617.0,275.0,123.0,74118999468.0,4659768.0,122037254.0,18783239613.0,6410756834.0,31396410421.0,6316041922.0,11090513424.0,432.0,401965.0,826543.0,1463652.0,519837.0,1447339.0
R,전통시장,3130069,"한양대앞상점가(한양시장, 왕십리맛골목)",11200550,사근동,11200550,사근동,성동구,0.9999999999999996,0.9970059880239521,0.9670658682634731,0.9880239520958084,0.9670658682634731,0.9840319361277445,core_80pct_all_periods,400,745,4.0,88.0,36.0,371.0,208.0,38.0,45454613273.0,3815873.0,0.0,3375656.0,1119950855.0,24381553296.0,18610293434.0,1339440032.0,0.0,98.0,179346.0,820302.0,2656999.0,159128.0
D,발달상권,3120015,종로6가,11110630,종로5·6가동,11110630,종로5·6가동,종로구,0.9999999999999998,0.9670658682634731,0.9820359281437125,0.9880239520958084,0.9670658682634731,0.9790419161676648,core_80pct_all_periods,400,717,24.0,299.0,185.0,135.0,28.0,46.0,25698153777.0,1250648.0,52316364.0,10228512195.0,6680405148.0,7019895707.0,346288555.0,1370735808.0,5604.0,213759.0,501804.0,301767.0,5325.0,222389.0
A,골목상권,3110118,왕십리역 9번,11200560,행당1동,11200560,행당1동,성동구,0.9999999999999996,0.9970059880239521,0.9670658682634731,0.9880239520958084,0.9670658682634731,0.9840319361277445,core_80pct_all_periods,400,630,124.0,256.0,112.0,88.0,38.0,12.0,25290499708.0,1038454.0,3237844173.0,12793479891.0,5143426261.0,2921894431.0,201895778.0,991959174.0,12662.0,536508.0,228508.0,81399.0,494.0,178883.0
A,골목상권,3110330,돌곶이역 1번,11290770,장위2동,11290770,장위2동,성북구,0.9895123962321241,0.9790419161676647,0.9670658682634731,0.9670658682634731,0.9670658682634731,0.9710578842315369,core_80pct_all_periods,400,435,11.0,236.0,88.0,73.0,18.0,9.0,4810267494.0,87737.0,0.0,249448826.0,228047622.0,3973992862.0,251229522.0,107548662.0,0.0,4252.0,25500.0,36573.0,3898.0,17514.0
R,전통시장,3130102,이문제일시장,11230750,이문2동,11230750,이문2동,동대문구,0.999997206873881,0.9760479041916168,0.9670658682634731,0.9700598802395209,0.9670658682634731,0.9710578842315369,core_80pct_all_periods,400,98,4.0,28.0,32.0,26.0,8.0,0.0,586888213.0,5060.0,0.0,0.0,0.0,586888213.0,0.0,0.0,0.0,0.0,0.0,5060.0,0.0,0.0
A,골목상권,3110196,홍릉근린공원,11230705,청량리동,11230705,청량리동,동대문구,0.882131309586347,0.9670658682634731,0.9850299401197605,0.9910179640718563,0.9670658682634731,0.9810379241516967,core_80pct_all_periods,400,112,4.0,60.0,20.0,20.0,8.0,0.0,0.0,0.0,0.0,0.0,0.0,0.0,0.0,0.0,0.0,0.0,0.0,0.0,0.0,0.0
R,전통시장,3130070,뚝섬역상점가,11200660,성수1가2동,11200660,성수1가2동,성동구,1.0,0.9640718562874252,0.9640718562874252,0.9820359281437125,0.9640718562874252,0.9700598802395209,core_80pct_all_periods,400,1393,118.0,522.0,300.0,259.0,113.0,81.0,161180439757.0,3719631.0,2492950327.0,12712791000.0,122697220436.0,19409013573.0,1436105511.0,2432358910.0,16763.0,500857.0,1969669.0,784951.0,47230.0,400161.0
D,발달상권,3120038,약수역,11140625,다산동,11140625,다산동,중구,0.6703587387251573,0.9640718562874252,0.9790419161676647,0.9820359281437125,0.9640718562874252,0.9750499001996008,core_80pct_all_periods,400,2185,87.0,896.0,422.0,415.0,276.0,89.0,145380316941.0,5640665.0,8312122306.0,62468770112.0,23046241563.0,42301055347.0,7934217939.0,1317909674.0,353754.0,1888558.0,1435756.0,1592627.0,192575.0,177395.0
A,골목상권,3110028,이화달팽이길,11110640,이화동,11110640,이화동,종로구,0.5145924282910468,0.9640718562874252,0.9790419161676647,0.9880239520958084,0.9640718562874252,0.9770459081836328,core_80pct_all_periods,400,668,57.0,206.0,171.0,126.0,46.0,62.0,18551475005.0,1881351.0,480557693.0,99535430.0,15495711986.0,1857384422.0,289393457.0,328892017.0,1347.0,5452.0,1772100.0,71351.0,3072.0,28029.0
A,골목상권,3110124,뚝섬역교차로,11200660,성수1가2동,11200660,성수1가2동,성동구,1.0,0.9640718562874252,0.9640718562874252,0.9820359281437125,0.9640718562874252,0.9700598802395209,core_80pct_all_periods,400,803,56.0,332.0,208.0,143.0,24.0,40.0,8371955847.0,904495.0,0.0,8125198.0,4088610512.0,2114569124.0,0.0,2160651013.0,0.0,51.0,633853.0,110685.0,0.0,159906.0
A,골목상권,3110129,성원어린이공원,11200660,성수1가2동,11200660,성수1가2동,성동구,1.0,0.9640718562874252,0.9640718562874252,0.9820359281437125,0.9640718562874252,0.9700598802395209,core_80pct_all_periods,400,861,38.0,408.0,245.0,87.0,27.0,56.0,7202173202.0,167832.0,1765869648.0,1461462325.0,168458480.0,3038382749.0,672000000.0,96000000.0,1566.0,13484.0,15361.0,112039.0,13600.0,11782.0
A,골목상권,3110126,서울숲역 1번,11200650,성수1가1동,11200650,성수1가1동,성동구,0.5601649526636593,0.9640718562874252,0.9640718562874252,0.9820359281437125,0.9640718562874252,0.9700598802395209,core_80pct_all_periods,400,212,11.0,43.0,24.0,93.0,8.0,33.0,1124454216.0,58050.0,0.0,192000000.0,0.0,416454216.0,0.0,516000000.0,0.0,1572.0,0.0,14538.0,0.0,41940.0
A,골목상권,3110105,금동어린이공원,11200615,금호2·3가동,11200615,금호2·3가동,성동구,0.8624431793486509,0.9700598802395209,0.9610778443113772,0.9790419161676647,0.9610778443113772,0.9700598802395209,core_80pct_all_periods,400,452,8.0,160.0,119.0,113.0,32.0,20.0,5285568278.0,159085.0,0.0,328678245.0,2750922973.0,1676668169.0,276455329.0,252843562.0,0.0,11600.0,41794.0,46093.0,2400.0,57198.0
R,전통시장,3130083,"중곡제일시장(중곡제일골목시장, 광성시장)",11215740,중곡1동,11215740,중곡1동,광진구,0.9805476932199108,0.9850299401197605,0.9580838323353293,0.9880239520958084,0.9580838323353293,0.9770459081836328,core_80pct_all_periods,400,909,20.0,226.0,272.0,295.0,77.0,19.0,76583712724.0,3357206.0,0.0,19959188109.0,40269275603.0,15198132212.0,1060669642.0,96447158.0,0.0,841223.0,1852220.0,643434.0,13663.0,6666.0
A,골목상권,3110165,국립정신건강센터,11215750,중곡2동,11215750,중곡2동,광진구,0.9277449107475587,0.9850299401197605,0.9580838323353293,0.9880239520958084,0.9580838323353293,0.9770459081836328,core_80pct_all_periods,400,648,104.0,219.0,135.0,130.0,40.0,20.0,16182745530.0,424116.0,3860218170.0,3409848593.0,2111523039.0,4033818640.0,2450032698.0,317304390.0,9930.0,29016.0,243991.0,80110.0,27475.0,33594.0
A,골목상권,3110191,고려대역 6번,11230545,제기동,11230545,제기동,동대문구,0.9652690643298442,0.9580838323353293,0.9850299401197605,0.9850299401197605,0.9580838323353293,0.9760479041916169,core_80pct_all_periods,400,569,15.0,147.0,66.0,229.0,42.0,70.0,10902289019.0,664826.0,0.0,30916394.0,78777356.0,8611970435.0,1256020873.0,924603961.0,0.0,1244.0,7258.0,472457.0,44764.0,139103.0
A,골목상권,3110168,대원고등학교,11215770,중곡4동,11215770,중곡4동,광진구,0.9841411983090659,0.9850299401197605,0.9580838323353293,0.9880239520958084,0.9580838323353293,0.9770459081836328,core_80pct_all_periods,400,491,111.0,199.0,84.0,63.0,14.0,20.0,2979846574.0,177157.0,130368934.0,217943883.0,1011777202.0,1605701816.0,0.0,14054739.0,312.0,4312.0,130249.0,39721.0,0.0,2563.0
D,발달상권,3120014,종로5가역,11110630,종로5·6가동,11110630,종로5·6가동,종로구,0.9944813524045172,0.9550898203592815,0.9760479041916168,0.9850299401197605,0.9550898203592815,0.9720558882235529,core_80pct_all_periods,400,2545,92.0,976.0,627.0,518.0,223.0,109.0,251543674483.0,5330529.0,3308390075.0,146253628962.0,48476199001.0,39913555413.0,7117612275.0,6474288757.0,113667.0,1990485.0,1119019.0,1011950.0,152903.0,942505.0
D,발달상권,3120084,공릉역,11350595,공릉1동,11350595,공릉1동,노원구,0.9901235562331404,0.9820359281437125,0.9550898203592815,0.9700598802395209,0.9550898203592815,0.9690618762475051,core_80pct_all_periods,400,998,49.0,339.0,128.0,291.0,156.0,35.0,64613425568.0,2935769.0,1051557043.0,10195132893.0,8019884945.0,33134648557.0,5999430256.0,6212771874.0,4127.0,432266.0,836149.0,972695.0,95338.0,595194.0
D,발달상권,3120048,금호역,11200620,금호4가동,11200620,금호4가동,성동구,0.6563684621194991,0.9550898203592815,0.9550898203592815,0.9730538922155688,0.9550898203592815,0.9610778443113772,core_80pct_all_periods,400,1148,34.0,434.0,217.0,257.0,174.0,32.0,62361606688.0,2353057.0,413450894.0,41550213608.0,6962553631.0,10680806041.0,2530465277.0,224117237.0,674.0,1439049.0,441393.0,388811.0,55468.0,27662.0
A,골목상권,3110438,경춘선숲길 우측,11350600,공릉2동,11350600,공릉2동,노원구,0.9888296711693183,0.9820359281437125,0.9550898203592815,0.9700598802395209,0.9550898203592815,0.9690618762475051,core_80pct_all_periods,400,1165,108.0,412.0,151.0,329.0,125.0,40.0,57370053301.0,2113526.0,1136232473.0,22734973843.0,6895810789.0,21862042385.0,3984248289.0,756745522.0,5141.0,692832.0,488416.0,690974.0,100676.0,135487.0
A,골목상권,3110214,경희대후문,11230740,이문1동,11230740,이문1동,동대문구,0.9999999999999983,0.9550898203592815,0.9640718562874252,0.9640718562874252,0.9550898203592815,0.9610778443113772,core_80pct_all_periods,400,329,22.0,98.0,16.0,111.0,23.0,59.0,10957001713.0,1486271.0,0.0,382872612.0,4152631537.0,3343812953.0,177309007.0,2900375604.0,0.0,24978.0,840766.0,203849.0,34344.0,382334.0
A,골목상권,3110223,군자초등학교,11230650,장안1동,11230650,장안1동,동대문구,1.0000000000000004,0.9760479041916168,0.9550898203592815,0.9850299401197605,0.9550898203592815,0.9720558882235529,core_80pct_all_periods,400,203,4.0,132.0,43.0,16.0,4.0,4.0,1005577660.0,24585.0,0.0,383724477.0,0.0,621853183.0,0.0,0.0,0.0,1926.0,0.0,22659.0,0.0,0.0
D,발달상권,3120032,충무로역,11140570,필동,11140570,필동,중구,0.7392690420035447,0.9520958083832335,0.9520958083832335,0.9730538922155688,0.9520958083832335,0.9590818363273453,core_80pct_all_periods,400,4606,268.0,1364.0,1139.0,1095.0,475.0,265.0,169423977521.0,7673526.0,29751875217.0,9434072884.0,21211064336.0,79759565153.0,16402038350.0,12865361581.0,285138.0,407768.0,2405108.0,2454558.0,436354.0,1684600.0
R,전통시장,3130042,약수시장,11140635,약수동,11140635,약수동,중구,0.9981030428047466,0.9520958083832335,0.9520958083832335,0.9700598802395209,0.9520958083832335,0.9580838323353293,core_80pct_all_periods,400,609,13.0,203.0,171.0,150.0,52.0,20.0,46296442371.0,1517239.0,0.0,19613253493.0,14904920904.0,10930544747.0,469279901.0,378443326.0,0.0,542367.0,590298.0,325579.0,1511.0,57484.0
A,골목상권,3110142,화양사거리,11215710,화양동,11215710,화양동,광진구,0.9822224259772563,0.9820359281437125,0.9520958083832335,0.9670658682634731,0.9520958083832335,0.967065868263473,core_80pct_all_periods,400,1021,26.0,332.0,114.0,320.0,162.0,67.0,20555804166.0,1389466.0,39862321.0,772558208.0,6867198875.0,9665833845.0,2940332161.0,270018756.0,147.0,85685.0,906867.0,300228.0,68842.0,27697.0
D,발달상권,3120034,중구청(퇴계로4가),11140590,광희동,11140590,광희동,중구,0.9702321674379468,0.9520958083832335,0.9520958083832335,0.9730538922155688,0.9520958083832335,0.9590818363273453,core_80pct_all_periods,400,824,62.0,353.0,205.0,124.0,26.0,54.0,16830956058.0,553288.0,385838273.0,0.0,9519555758.0,6468183890.0,140429832.0,316948305.0,1422.0,0.0,341571.0,192123.0,561.0,17611.0
A,골목상권,3110050,약수역 7번,11140635,약수동,11140635,약수동,중구,0.9093257699983639,0.9520958083832335,0.9520958083832335,0.9700598802395209,0.9520958083832335,0.9580838323353293,core_80pct_all_periods,400,175,8.0,64.0,36.0,60.0,0.0,7.0,4485431597.0,186078.0,0.0,32325393.0,0.0,4453106204.0,0.0,0.0,0.0,390.0,0.0,185688.0,0.0,0.0
A,골목상권,3110047,다산성곽길,11140625,다산동,11140625,다산동,중구,0.9936916777462093,0.9520958083832335,0.9520958083832335,0.9700598802395209,0.9520958083832335,0.9580838323353293,core_80pct_all_periods,400,212,10.0,70.0,81.0,3.0,12.0,36.0,1542412368.0,8333.0,0.0,0.0,1542412368.0,0.0,0.0,0.0,0.0,0.0,8333.0,0.0,0.0,0.0
A,골목상권,3110046,버티고개,11140625,다산동,11140625,다산동,중구,0.9999999999999998,0.9520958083832335,0.9520958083832335,0.9700598802395209,0.9520958083832335,0.9580838323353293,core_80pct_all_periods,400,108,4.0,52.0,39.0,7.0,4.0,2.0,0.0,0.0,0.0,0.0,0.0,0.0,0.0,0.0,0.0,0.0,0.0,0.0,0.0,0.0
A,골목상권,3110229,장평중학교,11230650,장안1동,11230650,장안1동,동대문구,0.9999999514123515,0.9491017964071856,0.9550898203592815,0.9790419161676647,0.9491017964071856,0.9610778443113773,core_80pct_all_periods,400,1338,114.0,570.0,313.0,237.0,65.0,39.0,99775581587.0,786902.0,7471543864.0,7143211328.0,4757738581.0,79013877388.0,1214061073.0,175149353.0,17866.0,34661.0,371602.0,325527.0,16550.0,20696.0
R,전통시장,3130032,인현시장,11140590,광희동,11140590,광희동,중구,0.9999999999999997,0.9520958083832335,0.9491017964071856,0.9700598802395209,0.9491017964071856,0.9570858283433133,core_80pct_all_periods,400,541,33.0,40.0,120.0,240.0,76.0,32.0,31232701591.0,827742.0,144446030.0,0.0,9597440630.0,14721226514.0,6662210688.0,107377729.0,2291.0,0.0,267259.0,362874.0,181840.0,13478.0
R,전통시장,3130031,청계천공구상가,11140605,을지로동,11140605,을지로동,중구,0.8123321430217338,0.9491017964071856,0.9670658682634731,0.9790419161676647,0.9491017964071856,0.9650698602794412,core_80pct_all_periods,400,375,24.0,86.0,143.0,39.0,75.0,8.0,15255317084.0,301533.0,164601084.0,11497421.0,5360653890.0,1691926830.0,8026637859.0,0.0,4114.0,452.0,106370.0,31627.0,158970.0,0.0
A,골목상권,3110026,종로5가역 4번,11110630,종로5·6가동,11110630,종로5·6가동,종로구,0.9999999999999998,0.9491017964071856,0.9580838323353293,0.9790419161676647,0.9491017964071856,0.9620758483033933,core_80pct_all_periods,400,123,12.0,56.0,43.0,8.0,0.0,4.0,9468246.0,540.0,9468246.0,0.0,0.0,0.0,0.0,0.0,540.0,0.0,0.0,0.0,0.0,0.0
D,발달상권,3120055,군자역,11215730,군자동,11215730,군자동,광진구,0.29217700410263076,0.9880239520958084,0.9461077844311377,0.9760479041916168,0.9461077844311377,0.9700598802395209,core_80pct_all_periods,400,4503,216.0,1853.0,798.0,816.0,686.0,134.0,242273392318.0,8031455.0,2393692234.0,90825389092.0,41494761917.0,73979637353.0,29479443963.0,4100467759.0,47074.0,2456603.0,2267964.0,2005566.0,721320.0,532928.0
A,골목상권,3110147,능동우편취급국,11215730,군자동,11215730,군자동,광진구,1.0000000000000002,0.9880239520958084,0.9461077844311377,0.9760479041916168,0.9461077844311377,0.9700598802395209,core_80pct_all_periods,400,826,32.0,368.0,152.0,180.0,60.0,34.0,36855350355.0,827479.0,0.0,23836770625.0,4517718475.0,7762426734.0,553332834.0,185101687.0,0.0,46673.0,493357.0,238721.0,9874.0,38854.0
A,골목상권,3110156,군자역 5번,11215780,능동,11215780,능동,광진구,0.9999999999999987,0.9880239520958084,0.9461077844311377,0.9760479041916168,0.9461077844311377,0.9700598802395209,core_80pct_all_periods,400,689,48.0,307.0,160.0,103.0,37.0,34.0,11292874276.0,622304.0,141141140.0,276881949.0,5264601757.0,5503129469.0,0.0,107119961.0,405.0,9093.0,444730.0,156258.0,0.0,11818.0
A,골목상권,3110150,중곡1동 마을마당,11215740,중곡1동,11215740,중곡1동,광진구,0.9996793186058163,0.9880239520958084,0.9461077844311377,0.9760479041916168,0.9461077844311377,0.9700598802395209,core_80pct_all_periods,400,995,38.0,390.0,238.0,198.0,75.0,56.0,9687501098.0,590968.0,0.0,1825145136.0,3276951408.0,3382682598.0,951589200.0,251132756.0,0.0,24382.0,417139.0,115420.0,6084.0,27943.0
A,골목상권,3110162,군자역 4번,11215750,중곡2동,11215750,중곡2동,광진구,1.000000000000001,0.9880239520958084,0.9461077844311377,0.9760479041916168,0.9461077844311377,0.9700598802395209,core_80pct_all_periods,400,597,168.0,215.0,76.0,96.0,20.0,22.0,5566549565.0,424029.0,1610603261.0,255561960.0,2133318063.0,1389637274.0,0.0,177429007.0,7936.0,5696.0,255238.0,136204.0,0.0,18955.0
A,골목상권,3110329,우리은행체육관,11290770,장위2동,11290780,장위3동,성북구,0.751674194286639,0.9640718562874252,0.9610778443113772,0.9461077844311377,0.9461077844311377,0.9570858283433133,core_80pct_all_periods,400,357,5.0,174.0,57.0,73.0,48.0,0.0,3389644103.0,122991.0,0.0,182923291.0,435436032.0,2693918916.0,77365864.0,0.0,0.0,5784.0,43895.0,71527.0,1785.0,0.0
A,골목상권,3110121,한양대역 4번,11200550,사근동,11200550,사근동,성동구,1.0000000000000004,0.9580838323353293,0.9461077844311377,0.9820359281437125,0.9461077844311377,0.9620758483033933,core_80pct_all_periods,400,203,20.0,61.0,12.0,77.0,21.0,12.0,1415919162.0,96408.0,0.0,0.0,0.0,1355435669.0,0.0,60483493.0,0.0,0.0,0.0,86127.0,0.0,10281.0
A,골목상권,3110153,중곡1동주민센터,11215740,중곡1동,11215740,중곡1동,광진구,1.0000000000000002,0.9880239520958084,0.9461077844311377,0.9760479041916168,0.9461077844311377,0.9700598802395209,core_80pct_all_periods,400,348,23.0,179.0,81.0,31.0,20.0,14.0,575522798.0,12092.0,0.0,62645182.0,0.0,0.0,512877616.0,0.0,0.0,509.0,0.0,0.0,11583.0,0.0
D,발달상권,3120006,종각역,11110615,종로1·2·3·4가동,11110615,종로1·2·3·4가동,종로구,0.99943190007472,0.9431137724550899,0.9640718562874252,0.9760479041916168,0.9431137724550899,0.9610778443113773,core_80pct_all_periods,400,6761,311.0,2569.0,876.0,1776.0,856.0,373.0,421973441701.0,16190741.0,16440433142.0,63739472212.0,27964077704.0,232333838880.0,54219231403.0,27276388360.0,226065.0,2281653.0,2941122.0,6278329.0,1135830.0,3327742.0
D,발달상권,3120008,인사동,11110615,종로1·2·3·4가동,11110615,종로1·2·3·4가동,종로구,0.9991721997994586,0.9431137724550899,0.9640718562874252,0.9760479041916168,0.9431137724550899,0.9610778443113773,core_80pct_all_periods,400,4902,327.0,2184.0,899.0,1031.0,165.0,296.0,147575845139.0,5662362.0,12532039963.0,8316055458.0,25679499876.0,81971541805.0,5696850827.0,13379857210.0,315447.0,207026.0,1845800.0,2297247.0,218462.0,778380.0
R,전통시장,3130004,낙원시장(낙원지하시장(대일상가)),11110615,종로1·2·3·4가동,11110615,종로1·2·3·4가동,종로구,0.9999999999999998,0.9431137724550899,0.9640718562874252,0.9760479041916168,0.9431137724550899,0.9610778443113773,core_80pct_all_periods,400,911,0.0,699.0,170.0,30.0,8.0,4.0,12268292148.0,204853.0,0.0,0.0,9390342991.0,2877949157.0,0.0,0.0,0.0,0.0,160433.0,44420.0,0.0,0.0
A,골목상권,3110019,창덕궁,11110615,종로1·2·3·4가동,11110615,종로1·2·3·4가동,종로구,0.9999999999999991,0.9431137724550899,0.9640718562874252,0.9760479041916168,0.9431137724550899,0.9610778443113773,core_80pct_all_periods,400,836,18.0,254.0,283.0,140.0,61.0,80.0,11455542214.0,214364.0,0.0,0.0,7431671409.0,993191495.0,708711573.0,2321967737.0,0.0,0.0,24282.0,15029.0,20594.0,154459.0
A,골목상권,3110120,서울숲카페거리,11200660,성수1가2동,11200660,성수1가2동,성동구,1.0000000000000002,0.9431137724550899,0.9491017964071856,0.9610778443113772,0.9431137724550899,0.9510978043912175,core_80pct_all_periods,400,709,40.0,100.0,200.0,204.0,20.0,145.0,3415357739.0,42851.0,0.0,0.0,3125401726.0,0.0,217626175.0,72329838.0,0.0,0.0,37243.0,0.0,1940.0,3668.0
R,전통시장,3130011,충신시장,11110630,종로5·6가동,11110630,종로5·6가동,종로구,1.0,0.9431137724550899,0.9550898203592815,0.9700598802395209,0.9431137724550899,0.9560878243512975,core_80pct_all_periods,400,171,4.0,53.0,104.0,10.0,0.0,0.0,0.0,0.0,0.0,0.0,0.0,0.0,0.0,0.0,0.0,0.0,0.0,0.0,0.0,0.0
U,관광특구,3001492,명동 남대문 북창동 다동 무교동 관광특구,11140520,소공동,11140550,명동,중구,0.6234004618848347,0.937125748502994,0.9610778443113772,0.9760479041916168,0.937125748502994,0.9580838323353293,core_80pct_all_periods,400,33863,506.0,7323.0,19481.0,4759.0,857.0,937.0,1948063154215.0,60052806.0,19239227963.0,202996359978.0,877184945759.0,668342312635.0,87331609191.0,92968698689.0,368520.0,5153669.0,25292653.0,16859235.0,1155924.0,11222805.0
D,발달상권,3120026,을지로입구역,11140550,명동,11140550,명동,중구,0.9278714428738136,0.937125748502994,0.9610778443113772,0.9760479041916168,0.937125748502994,0.9580838323353293,core_80pct_all_periods,400,3049,94.0,1416.0,439.0,709.0,207.0,184.0,176720361190.0,9305756.0,1763080991.0,23942046410.0,11839128490.0,105256513686.0,12310480528.0,21609111085.0,71744.0,1409836.0,2129352.0,2533125.0,290869.0,2870830.0
A,골목상권,3110435,서울과학기술대,11350600,공릉2동,11350600,공릉2동,노원구,1.0000000000000007,0.9520958083832335,0.937125748502994,0.9431137724550899,0.937125748502994,0.9441117764471058,core_80pct_all_periods,400,278,12.0,55.0,22.0,132.0,43.0,14.0,7893365412.0,505153.0,0.0,136125607.0,0.0,5385121344.0,1525370071.0,846748390.0,0.0,5484.0,0.0,276095.0,62438.0,161136.0
A,골목상권,3110109,금호삼성래미안아파트,11200590,금호1가동,11200590,금호1가동,성동구,0.9286495368468053,0.9640718562874252,0.937125748502994,0.9700598802395209,0.937125748502994,0.9570858283433133,core_80pct_all_periods,400,688,141.0,215.0,126.0,91.0,72.0,43.0,6031270117.0,111614.0,27726875.0,29458977.0,3886642750.0,1886234346.0,86811013.0,114396156.0,83.0,1028.0,55198.0,43231.0,4052.0,8022.0
A,골목상권,3110155,광진구청,11215820,자양1동,11215820,자양1동,광진구,0.860006252659139,0.9610778443113772,0.937125748502994,0.9580838323353293,0.937125748502994,0.9520958083832335,core_80pct_all_periods,400,564,23.0,238.0,107.0,127.0,32.0,37.0,5413089122.0,367873.0,0.0,804328949.0,1421916917.0,2698779101.0,0.0,488064155.0,0.0,11052.0,210131.0,102023.0,0.0,44667.0
D,발달상권,3120030,중부경찰서(영화인의거리),11140550,명동,11140570,필동,중구,0.36326617860348165,0.9311377245508982,0.937125748502994,0.9580838323353293,0.9311377245508982,0.9421157684630739,core_80pct_all_periods,400,1714,89.0,519.0,327.0,513.0,148.0,118.0,43136452592.0,2683555.0,5778270498.0,193585973.0,2937191342.0,24999609528.0,2394814113.0,6832981138.0,403596.0,12370.0,450276.0,734466.0,83958.0,998889.0
D,발달상권,3120029,을지로2가,11140550,명동,11140550,명동,중구,1.0000000000000002,0.9311377245508982,0.9431137724550899,0.9610778443113772,0.9311377245508982,0.9451097804391217,core_80pct_all_periods,400,571,12.0,214.0,98.0,171.0,36.0,40.0,24831111129.0,732160.0,0.0,5701801313.0,4385334205.0,13555280527.0,21659420.0,1167035664.0,0.0,60497.0,181544.0,348275.0,546.0,141298.0
A,골목상권,3110043,충무초등학교,11140580,장충동,11140580,장충동,중구,0.5107487211782973,0.9311377245508982,0.9401197604790419,0.9580838323353293,0.9311377245508982,0.9431137724550899,core_80pct_all_periods,400,763,109.0,350.0,131.0,115.0,22.0,36.0,7147452871.0,534187.0,1220417818.0,51030450.0,3130597095.0,2227057114.0,0.0,518350394.0,3536.0,3021.0,347189.0,83333.0,0.0,97108.0
R,전통시장,3130009,마전교지하쇼핑센터(구 한일상가),11110630,종로5·6가동,11110630,종로5·6가동,종로구,0.9999999999999998,0.9311377245508982,0.9491017964071856,0.9760479041916168,0.9311377245508982,0.9520958083832335,core_80pct_all_periods,400,87,4.0,11.0,68.0,0.0,0.0,4.0,2532595223.0,17947.0,0.0,0.0,2532595223.0,0.0,0.0,0.0,0.0,0.0,17947.0,0.0,0.0,0.0
A,골목상권,3110025,충신시장옆,11110630,종로5·6가동,11110630,종로5·6가동,종로구,0.9999999999999998,0.9281437125748503,0.9311377245508982,0.9610778443113772,0.9281437125748503,0.940119760479042,core_80pct_all_periods,400,283,20.0,92.0,116.0,33.0,8.0,14.0,1544387976.0,51351.0,0.0,0.0,28000000.0,1516387976.0,0.0,0.0,0.0,0.0,200.0,51151.0,0.0,0.0
A,골목상권,3110031,창신역 1번,11110690,창신3동,11110690,창신3동,종로구,0.773778886206213,0.9401197604790419,0.9281437125748503,0.9640718562874252,0.9281437125748503,0.9441117764471058,core_80pct_all_periods,400,184,10.0,93.0,56.0,18.0,0.0,7.0,352632261.0,10982.0,0.0,352241098.0,0.0,391163.0,0.0,0.0,0.0,10949.0,0.0,33.0,0.0,0.0
D,발달상권,3120023,서울시청,11140550,명동,11140550,명동,중구,0.8495871289748614,0.9251497005988024,0.9491017964071856,0.9520958083832335,0.9251497005988024,0.9421157684630739,core_80pct_all_periods,400,2390,57.0,1635.0,147.0,403.0,79.0,69.0,175518333170.0,6674536.0,9271521905.0,35683292422.0,21035439117.0,94634390859.0,7780791887.0,7112896980.0,50441.0,699428.0,3195680.0,1926272.0,105323.0,697392.0
D,발달상권,3120028,명동(명동거리),11140550,명동,11140550,명동,중구,0.8995550398135702,0.9221556886227545,0.9311377245508982,0.9401197604790419,0.9221556886227545,0.9311377245508982,core_80pct_all_periods,400,6731,102.0,1700.0,2940.0,1532.0,204.0,253.0,444948270052.0,16945857.0,2581070266.0,59141467028.0,189162387676.0,149907538148.0,6382791319.0,37773015615.0,142654.0,1259140.0,6556423.0,4736219.0,256073.0,3995348.0
D,발달상권,3120022,북창동(시청역_6번),11140520,소공동,11140520,소공동,중구,0.9983683166942906,0.9221556886227545,0.9311377245508982,0.9401197604790419,0.9221556886227545,0.9311377245508982,core_80pct_all_periods,400,1616,37.0,502.0,146.0,596.0,227.0,108.0,295591505722.0,6152168.0,411624672.0,4439767123.0,15622722093.0,209426467705.0,57344067905.0,8346856224.0,5530.0,123623.0,2028817.0,2810291.0,327439.0,856468.0
D,발달상권,3120025,롯데백화점(시청광장 지하쇼핑센터),11140520,소공동,11140520,소공동,중구,0.7822257131315749,0.9221556886227545,0.9311377245508982,0.9401197604790419,0.9221556886227545,0.9311377245508982,core_80pct_all_periods,400,4419,12.0,413.0,3543.0,372.0,7.0,72.0,125967985941.0,2394588.0,0.0,4429823142.0,107188370833.0,13092109731.0,0.0,1257682235.0,0.0,196908.0,744416.0,1309669.0,0.0,143595.0
D,발달상권,3120054,어린이대공원역,11215730,군자동,11215710,화양동,광진구,0.5048358902378925,0.9520958083832335,0.9221556886227545,0.9401197604790419,0.9221556886227545,0.93812375249501,core_80pct_all_periods,400,2461,145.0,840.0,381.0,675.0,331.0,89.0,79498481142.0,4538729.0,3100686501.0,6778942977.0,15388011807.0,43268032576.0,7944620293.0,3018186988.0,7502.0,190153.0,1517468.0,1974328.0,297686.0,551592.0
A,골목상권,3110167,용마초등학교,11215750,중곡2동,11215750,중곡2동,광진구,0.9992206474313398,0.9610778443113772,0.9221556886227545,0.9401197604790419,0.9221556886227545,0.9411177644710579,core_80pct_all_periods,400,1067,60.0,481.0,241.0,154.0,91.0,40.0,23920381028.0,1348333.0,589223530.0,10731917980.0,6210803299.0,5175906855.0,1147642414.0,64886950.0,3105.0,640835.0,473191.0,213617.0,14778.0,2807.0
A,골목상권,3110186,종암초등학교,11230545,제기동,11230545,제기동,동대문구,0.7414426885439811,0.9221556886227545,0.9431137724550899,0.9670658682634731,0.9221556886227545,0.9441117764471058,core_80pct_all_periods,400,271,99.0,78.0,49.0,24.0,8.0,13.0,8420495817.0,288291.0,957295110.0,2257909664.0,2624638762.0,2580652281.0,0.0,0.0,4401.0,1029.0,171057.0,111804.0,0.0,0.0
A,골목상권,3110148,어린이대공원역 3번,11215710,화양동,11215710,화양동,광진구,1.0000000000000004,0.9520958083832335,0.9221556886227545,0.9401197604790419,0.9221556886227545,0.93812375249501,core_80pct_all_periods,400,385,0.0,110.0,25.0,163.0,51.0,36.0,6671672651.0,429293.0,0.0,0.0,0.0,5903126471.0,187074885.0,581471295.0,0.0,0.0,0.0,270385.0,3732.0,155176.0
A,골목상권,3110144,어린이대공원역 4번,11215710,화양동,11215710,화양동,광진구,0.9999999999999994,0.9520958083832335,0.9221556886227545,0.9401197604790419,0.9221556886227545,0.93812375249501,core_80pct_all_periods,400,354,16.0,147.0,46.0,68.0,53.0,24.0,2845793959.0,178937.0,0.0,167541708.0,399708156.0,1007926096.0,1221004937.0,49613062.0,0.0,12892.0,67847.0,34531.0,57321.0,6346.0
A,골목상권,3110193,고려대역 4번,11230545,제기동,11230545,제기동,동대문구,0.9661325640711601,0.9221556886227545,0.9670658682634731,0.9760479041916168,0.9221556886227545,0.9550898203592815,core_80pct_all_periods,400,301,21.0,102.0,49.0,105.0,8.0,16.0,2081006030.0,154243.0,0.0,236576603.0,719343748.0,1125085679.0,0.0,0.0,0.0,939.0,117938.0,35366.0,0.0,0.0
A,골목상권,3110149,세종대학교,11215730,군자동,11215730,군자동,광진구,0.8628645938344669,0.9700598802395209,0.9221556886227545,0.9550898203592815,0.9221556886227545,0.9491017964071856,core_80pct_all_periods,400,173,4.0,62.0,46.0,43.0,8.0,10.0,1735895661.0,17311.0,0.0,1437035907.0,0.0,298859754.0,0.0,0.0,0.0,5667.0,0.0,11644.0,0.0,0.0
D,발달상권,3120083,등나무근린공원,11350625,중계2·3동,11350625,중계2·3동,노원구,0.9976303023636395,0.9401197604790419,0.9191616766467066,0.9221556886227545,0.9191616766467066,0.9271457085828344,core_80pct_all_periods,400,2363,112.0,493.0,1461.0,204.0,72.0,21.0,207466088295.0,7793289.0,3732509900.0,39895866078.0,123920923175.0,30114807188.0,5110782374.0,4691199580.0,24554.0,1947137.0,2869316.0,2012960.0,33885.0,905437.0
A,골목상권,3110327,상월곡역 2번,11290770,장위2동,11290770,장위2동,성북구,0.792374191385849,0.9491017964071856,0.9191616766467066,0.9221556886227545,0.9191616766467066,0.9301397205588823,core_80pct_all_periods,400,575,20.0,280.0,127.0,104.0,23.0,21.0,19051351375.0,1090055.0,9803644.0,5472473121.0,8810801502.0,4370547329.0,5222920.0,382502859.0,20.0,370504.0,518699.0,115179.0,547.0,85106.0
R,전통시장,3130125,장위전통시장,11290770,장위2동,11290770,장위2동,성북구,1.0000000000000007,0.9491017964071856,0.9191616766467066,0.9191616766467066,0.9191616766467066,0.9291417165668663,core_80pct_all_periods,400,371,5.0,91.0,173.0,89.0,13.0,0.0,7355140148.0,354732.0,0.0,14612960.0,6277452438.0,1039074750.0,24000000.0,0.0,0.0,314.0,298670.0,55633.0,115.0,0.0
A,골목상권,3110432,대진고등학교,11350611,하계1동,11350611,하계1동,노원구,0.9999999999999996,0.9401197604790419,0.9191616766467066,0.9221556886227545,0.9191616766467066,0.9271457085828344,core_80pct_all_periods,400,435,40.0,148.0,78.0,115.0,20.0,34.0,7324618998.0,213291.0,121200000.0,2973311003.0,970138535.0,3230680916.0,0.0,29288544.0,855.0,18424.0,135381.0,54317.0,0.0,4314.0
A,골목상권,3110197,세종대왕기념관교차로,11230705,청량리동,11230705,청량리동,동대문구,0.9999999999999997,0.9191616766467066,0.9760479041916168,0.9760479041916168,0.9191616766467066,0.9570858283433133,core_80pct_all_periods,400,102,4.0,40.0,18.0,24.0,12.0,4.0,518375685.0,18641.0,0.0,0.0,0.0,482226055.0,0.0,36149630.0,0.0,0.0,0.0,14857.0,0.0,3784.0
A,골목상권,3110427,노원 을지대학교병원,11350611,하계1동,11350611,하계1동,노원구,1.0,0.9401197604790419,0.9191616766467066,0.9221556886227545,0.9191616766467066,0.9271457085828344,core_80pct_all_periods,400,156,16.0,70.0,16.0,12.0,38.0,4.0,0.0,0.0,0.0,0.0,0.0,0.0,0.0,0.0,0.0,0.0,0.0,0.0,0.0,0.0
A,골목상권,3110420,광운대역 1번,11350560,월계1동,11350560,월계1동,노원구,1.0000000000000004,0.937125748502994,0.937125748502994,0.9161676646706587,0.9161676646706587,0.9301397205588823,core_80pct_all_periods,400,597,22.0,201.0,63.0,166.0,115.0,30.0,13842660725.0,1025354.0,103269561.0,3879177719.0,1747587377.0,5422582516.0,1142809147.0,1547234405.0,8915.0,162489.0,189138.0,286036.0,91984.0,286792.0
A,골목상권,3110305,보문역 5번,11290600,안암동,11290600,안암동,성북구,0.6547814922250921,0.9161676646706587,0.9191616766467066,0.9401197604790419,0.9161676646706587,0.9251497005988023,core_80pct_all_periods,400,669,41.0,260.0,146.0,111.0,46.0,65.0,13779414636.0,644272.0,448509379.0,227785404.0,7098886790.0,4895056459.0,843621969.0,265554635.0,1203.0,12374.0,498827.0,77221.0,4577.0,50070.0
R,전통시장,3130126,새석관시장,11290810,석관동,11290810,석관동,성북구,1.0,0.9431137724550899,0.9161676646706587,0.9191616766467066,0.9161676646706587,0.9261477045908184,core_80pct_all_periods,400,92,31.0,37.0,16.0,8.0,0.0,0.0,125091015.0,338.0,125091015.0,0.0,0.0,0.0,0.0,0.0,338.0,0.0,0.0,0.0,0.0,0.0
A,골목상권,3110313,안암역 3번,11290600,안암동,11290600,안암동,성북구,0.9775023400936207,0.9131736526946108,0.9251497005988024,0.937125748502994,0.9131736526946108,0.9251497005988023,core_80pct_all_periods,400,1019,54.0,189.0,93.0,357.0,272.0,54.0,45761509379.0,2694306.0,203908166.0,1527976082.0,5814712715.0,25685707492.0,9803871468.0,2725333456.0,532.0,104460.0,600350.0,994447.0,463394.0,531123.0
A,골목상권,3110230,장안현대홈타운1차아파트,11230660,장안2동,11230660,장안2동,동대문구,0.9450385917544407,0.9131736526946108,0.9251497005988024,0.937125748502994,0.9131736526946108,0.9251497005988023,core_80pct_all_periods,400,663,39.0,297.0,133.0,106.0,74.0,14.0,18987605790.0,1367906.0,229854604.0,210894039.0,11242324511.0,5030649490.0,2160220213.0,113662933.0,8119.0,7951.0,1227341.0,83376.0,36417.0,4702.0
R,전통시장,3130076,능동로골목시장,11215847,자양4동,11215847,자양4동,광진구,0.9991196160048251,0.9341317365269461,0.9101796407185628,0.9311377245508982,0.9101796407185628,0.9251497005988023,core_80pct_all_periods,400,526,21.0,160.0,175.0,121.0,34.0,15.0,10275300350.0,307182.0,0.0,1154539421.0,2583193276.0,6188629496.0,241607696.0,107330461.0,0.0,92615.0,78569.0,123211.0,6745.0,6042.0
A,골목상권,3110145,장안초등학교,11215730,군자동,11215730,군자동,광진구,0.9999999999999999,0.9461077844311377,0.9101796407185628,0.9341317365269461,0.9101796407185628,0.9301397205588823,core_80pct_all_periods,400,124,9.0,48.0,16.0,32.0,8.0,11.0,1443578753.0,249538.0,0.0,0.0,1334365667.0,0.0,0.0,109213086.0,0.0,0.0,240671.0,0.0,0.0,8867.0
D,발달상권,3120010,원남동사거리,11110615,종로1·2·3·4가동,11110615,종로1·2·3·4가동,종로구,0.8034327552879859,0.907185628742515,0.9221556886227545,0.9491017964071856,0.907185628742515,0.9261477045908184,core_80pct_all_periods,400,1101,20.0,192.0,646.0,165.0,18.0,60.0,49526779586.0,964702.0,0.0,34347442786.0,8632576767.0,4395517831.0,24799022.0,2126443180.0,0.0,353258.0,214547.0,131083.0,396.0,265418.0
D,발달상권,3120013,이화사거리,11110630,종로5·6가동,11110630,종로5·6가동,종로구,0.8264125195300287,0.907185628742515,0.9221556886227545,0.9491017964071856,0.907185628742515,0.9261477045908184,core_80pct_all_periods,400,772,48.0,198.0,220.0,166.0,61.0,79.0,30777761049.0,1654447.0,3395740774.0,1133290950.0,5293732074.0,15563789274.0,1021638676.0,4369569301.0,48582.0,92157.0,707511.0,428334.0,21480.0,356383.0
R,전통시장,3130064,금남시장,11200615,금호2·3가동,11200615,금호2·3가동,성동구,0.7874268333987111,0.937125748502994,0.907185628742515,0.9520958083832335,0.907185628742515,0.9321357285429142,core_80pct_all_periods,400,442,0.0,124.0,96.0,193.0,25.0,4.0,17752282446.0,716493.0,0.0,7340378659.0,2258830811.0,7995712813.0,157360163.0,0.0,0.0,390416.0,49348.0,274900.0,1829.0,0.0
A,골목상권,3110302,보문역 8번,11290610,보문동,11290610,보문동,성북구,0.9999999999999993,0.907185628742515,0.9161676646706587,0.9431137724550899,0.907185628742515,0.9221556886227545,core_80pct_all_periods,400,547,32.0,304.0,94.0,70.0,23.0,24.0,9403782961.0,377692.0,974586241.0,3441511984.0,58831375.0,2903167336.0,1664553446.0,361132579.0,3835.0,150432.0,4814.0,149083.0,32446.0,37082.0
R,전통시장,3130074,영동교골목시장,11215847,자양4동,11215847,자양4동,광진구,1.0000000000000002,0.9161676646706587,0.907185628742515,0.907185628742515,0.907185628742515,0.9101796407185629,core_80pct_all_periods,400,172,0.0,57.0,72.0,36.0,7.0,0.0,4504576436.0,150273.0,0.0,255457803.0,3511783570.0,737335063.0,0.0,0.0,0.0,9693.0,113536.0,27044.0,0.0,0.0
D,발달상권,3120056,구의역,11215850,구의1동,11215850,구의1동,광진구,0.6715024510394015,0.9161676646706587,0.9041916167664671,0.9161676646706587,0.9041916167664671,0.9121756487025948,core_80pct_all_periods,400,2948,100.0,1224.0,402.0,628.0,508.0,86.0,148231874869.0,6050310.0,729502461.0,55537212936.0,22635676627.0,52021950700.0,14584337349.0,2723194796.0,32823.0,1589304.0,2263263.0,1385841.0,404642.0,374437.0
D,발달상권,3120059,구삼강변맛길,11215870,구의3동,11215870,구의3동,광진구,0.9996799906717722,0.9161676646706587,0.9041916167664671,0.9161676646706587,0.9041916167664671,0.9121756487025948,core_80pct_all_periods,400,1477,263.0,432.0,207.0,304.0,226.0,45.0,91498495027.0,2843248.0,14751212557.0,11824223887.0,27060927948.0,26740711504.0,9065298767.0,2056120364.0,43572.0,452375.0,1238933.0,617651.0,258387.0,232330.0
A,골목상권,3110159,구의역 4번,11215820,자양1동,11215820,자양1동,광진구,0.9617394455724281,0.9161676646706587,0.9041916167664671,0.9161676646706587,0.9041916167664671,0.9121756487025948,core_80pct_all_periods,400,1679,83.0,756.0,395.0,265.0,131.0,49.0,36845377137.0,1598894.0,1752451827.0,13105578321.0,12783767617.0,7066528959.0,1629207041.0,507843372.0,9973.0,600638.0,712529.0,189836.0,16400.0,69518.0
A,골목상권,3110166,구의1동주민센터,11215850,구의1동,11215850,구의1동,광진구,1.0000000000000002,0.9161676646706587,0.9041916167664671,0.9161676646706587,0.9041916167664671,0.9121756487025948,core_80pct_all_periods,400,1316,107.0,451.0,195.0,373.0,121.0,69.0,34530882170.0,1810343.0,2436066621.0,4147356398.0,5863306824.0,13961182808.0,7507067394.0,615902125.0,11300.0,92406.0,625466.0,736781.0,236853.0,107537.0
A,골목상권,3110170,동대부여고,11215850,구의1동,11215850,구의1동,광진구,1.000000000000001,0.9161676646706587,0.9041916167664671,0.9161676646706587,0.9041916167664671,0.9121756487025948,core_80pct_all_periods,400,884,50.0,424.0,181.0,139.0,59.0,31.0,6860921273.0,446692.0,14040808.0,207385527.0,2033391160.0,3706823866.0,517879303.0,381400609.0,106.0,7573.0,169185.0,177062.0,5038.0,87728.0
A,골목상권,3110173,구남초등학교,11215870,구의3동,11215870,구의3동,광진구,0.9875073548157046,0.9161676646706587,0.9041916167664671,0.9161676646706587,0.9041916167664671,0.9121756487025948,core_80pct_all_periods,400,355,32.0,160.0,67.0,57.0,21.0,18.0,6616366230.0,244441.0,1257507509.0,312661940.0,1647728775.0,1267336648.0,1436578629.0,694552729.0,3493.0,9029.0,120163.0,21720.0,3339.0,86697.0
A,골목상권,3110175,푸른동산공원,11215870,구의3동,11215870,구의3동,광진구,0.996840626990158,0.9161676646706587,0.9041916167664671,0.9161676646706587,0.9041916167664671,0.9121756487025948,core_80pct_all_periods,400,616,63.0,241.0,152.0,91.0,22.0,47.0,4558989810.0,407671.0,105178407.0,698177000.0,2522028509.0,1203094960.0,0.0,30510934.0,853.0,17326.0,337806.0,50178.0,0.0,1508.0
R,전통시장,3130082,면곡골목시장,11215760,중곡3동,11215760,중곡3동,광진구,0.9164789366776513,0.9491017964071856,0.9041916167664671,0.9341317365269461,0.9041916167664671,0.9291417165668663,core_80pct_all_periods,400,143,4.0,48.0,40.0,43.0,8.0,0.0,1697341454.0,61945.0,0.0,0.0,782799669.0,914541785.0,0.0,0.0,0.0,0.0,24468.0,37477.0,0.0,0.0
D,발달상권,3120003,광화문역,11110530,사직동,11110530,사직동,종로구,0.8186002253798711,0.9011976047904192,0.9131736526946108,0.9341317365269461,0.9011976047904192,0.9161676646706587,core_80pct_all_periods,400,7398,263.0,3647.0,973.0,1715.0,393.0,407.0,273996544961.0,12008162.0,9602026641.0,15611663213.0,33037950519.0,160473534256.0,24555965835.0,30715404497.0,376551.0,346434.0,3191220.0,4359480.0,419668.0,3314809.0
D,발달상권,3120004,종로구청,11110615,종로1·2·3·4가동,11110615,종로1·2·3·4가동,종로구,0.9789087683454128,0.9011976047904192,0.9131736526946108,0.9341317365269461,0.9011976047904192,0.9161676646706587,core_80pct_all_periods,400,1968,55.0,1121.0,217.0,375.0,115.0,85.0,93157442535.0,3654422.0,34687057.0,4684902009.0,26673812845.0,47715959712.0,7202579136.0,6845501776.0,1638.0,123921.0,1197599.0,1280566.0,243963.0,806735.0
A,골목상권,3110304,보문역 4번,11290600,안암동,11290610,보문동,성북구,0.5196103052818195,0.9131736526946108,0.9011976047904192,0.9221556886227545,0.9011976047904192,0.9121756487025948,core_80pct_all_periods,400,552,35.0,241.0,115.0,101.0,20.0,40.0,11032226217.0,1137103.0,734434837.0,1714683011.0,6556647616.0,1519913127.0,0.0,506547626.0,4417.0,43462.0,963437.0,55133.0,0.0,70654.0
A,골목상권,3110164,아차산역 5번,11215780,능동,11215780,능동,광진구,0.9748720771963623,0.937125748502994,0.9011976047904192,0.9191616766467066,0.9011976047904192,0.9191616766467066,core_80pct_all_periods,400,311,52.0,144.0,74.0,24.0,3.0,14.0,6791165147.0,7623.0,165194180.0,12000000.0,6613970967.0,0.0,0.0,0.0,465.0,615.0,6543.0,0.0,0.0,0.0
A,골목상권,3110127,성수1가1동주민센터,11200650,성수1가1동,11200650,성수1가1동,성동구,0.9999999999999997,0.9011976047904192,0.8952095808383234,0.907185628742515,0.8952095808383234,0.9011976047904192,core_80pct_all_periods,400,551,20.0,217.0,159.0,95.0,24.0,36.0,3216449639.0,151795.0,63070246.0,202507346.0,787101846.0,1319754922.0,0.0,844015279.0,409.0,3748.0,22750.0,51230.0,0.0,73658.0
D,발달상권,3120071,성북구청,11290555,삼선동,11290555,삼선동,성북구,1.0000000000000007,0.907185628742515,0.8922155688622755,0.9221556886227545,0.8922155688622755,0.907185628742515,core_80pct_all_periods,400,968,74.0,331.0,163.0,264.0,82.0,54.0,28310468066.0,1128399.0,946356001.0,6888539347.0,1713649233.0,17111204225.0,999828398.0,650890862.0,2320.0,321814.0,209743.0,497339.0,10020.0,87163.0
A,골목상권,3110300,삼선동주민센터,11290600,안암동,11290600,안암동,성북구,0.3824190470209629,0.907185628742515,0.8922155688622755,0.9221556886227545,0.8922155688622755,0.907185628742515,core_80pct_all_periods,400,973,67.0,359.0,154.0,210.0,92.0,91.0,15352590464.0,1122013.0,111075232.0,690482640.0,1358628631.0,8212997709.0,1514060336.0,3465345916.0,539.0,12727.0,66668.0,212431.0,26377.0,803271.0
A,골목상권,3110297,경동고등학교,11290555,삼선동,11290555,삼선동,성북구,0.9086808385819831,0.907185628742515,0.8922155688622755,0.9221556886227545,0.8922155688622755,0.907185628742515,core_80pct_all_periods,400,912,60.0,427.0,192.0,134.0,40.0,59.0,10854880105.0,624462.0,1805358577.0,771946315.0,4373329671.0,3250968677.0,596349803.0,56927062.0,1488.0,16592.0,533679.0,55954.0,11034.0,5715.0
D,발달상권,3120057,아차산역,11215750,중곡2동,11215860,구의2동,광진구,0.4919832906169816,0.9311377245508982,0.8802395209580839,0.9101796407185628,0.8802395209580839,0.907185628742515,core_80pct_all_periods,400,2075,176.0,710.0,434.0,414.0,287.0,54.0,112842355409.0,4484395.0,6528964390.0,46945416941.0,13173168305.0,31820976159.0,9226457568.0,5147372046.0,24439.0,1370967.0,495909.0,1318569.0,243748.0,1030763.0
D,발달상권,3120074,안암역,11290600,안암동,11290600,안암동,성북구,1.0000000000000002,0.8892215568862275,0.8802395209580839,0.9041916167664671,0.8802395209580839,0.8912175648702595,core_80pct_all_periods,400,511,18.0,110.0,44.0,174.0,128.0,37.0,42433148114.0,1770049.0,0.0,17122733691.0,5305775717.0,12136622596.0,4228996449.0,3639019661.0,0.0,268441.0,197571.0,702462.0,57793.0,543782.0
A,골목상권,3110312,안암역 2번,11290600,안암동,11290600,안암동,성북구,1.0000000000000013,0.8892215568862275,0.8802395209580839,0.9041916167664671,0.8802395209580839,0.8912175648702595,core_80pct_all_periods,400,600,38.0,158.0,48.0,250.0,55.0,51.0,27443144419.0,2515521.0,0.0,1660580609.0,3990811971.0,15137266821.0,1720071738.0,4934413280.0,0.0,20917.0,676038.0,863825.0,147465.0,807276.0
A,골목상권,3110174,아차산역 1번,11215770,중곡4동,11215770,중곡4동,광진구,0.7624655563232258,0.9311377245508982,0.8802395209580839,0.9101796407185628,0.8802395209580839,0.907185628742515,core_80pct_all_periods,400,891,52.0,305.0,227.0,204.0,71.0,32.0,14679614545.0,638003.0,1138429629.0,477803685.0,5177775077.0,6609294982.0,937300100.0,339011072.0,3683.0,13010.0,300840.0,250367.0,31554.0,38549.0
A,골목상권,3110172,광진초등학교,11215860,구의2동,11215860,구의2동,광진구,1.0000000000000002,0.9311377245508982,0.8802395209580839,0.9101796407185628,0.8802395209580839,0.907185628742515,core_80pct_all_periods,400,565,70.0,225.0,113.0,102.0,25.0,30.0,7861952576.0,500328.0,631910645.0,773136085.0,4880313209.0,1180320420.0,396272217.0,0.0,1790.0,21478.0,431394.0,41266.0,4400.0,0.0
A,골목상권,3110152,중곡어린이공원,11215740,중곡1동,11215740,중곡1동,광진구,0.8990840806807945,0.9311377245508982,0.8802395209580839,0.9461077844311377,0.8802395209580839,0.9191616766467066,core_80pct_all_periods,400,373,32.0,173.0,85.0,48.0,23.0,12.0,5166568899.0,177814.0,252812763.0,435990794.0,0.0,4475297028.0,0.0,2468314.0,1584.0,2712.0,0.0,173440.0,0.0,78.0
A,골목상권,3110177,동의초등학교,11215860,구의2동,11215860,구의2동,광진구,1.0000000000000004,0.9311377245508982,0.8802395209580839,0.9101796407185628,0.8802395209580839,0.907185628742515,core_80pct_all_periods,400,171,17.0,44.0,46.0,40.0,4.0,20.0,913867323.0,31790.0,65571448.0,0.0,298949559.0,549346316.0,0.0,0.0,126.0,0.0,23700.0,7964.0,0.0,0.0
D,발달상권,3120082,상계백병원,11350695,상계6·7동,11350695,상계6·7동,노원구,0.917643267595877,0.8952095808383234,0.874251497005988,0.8892215568862275,0.874251497005988,0.8862275449101796,core_80pct_all_periods,400,616,58.0,282.0,78.0,89.0,93.0,16.0,38015769821.0,1456219.0,2761900288.0,25132284759.0,5383062722.0,4115042485.0,375003107.0,248476460.0,4940.0,709392.0,497078.0,181058.0,3659.0,60092.0
A,골목상권,3110096,한남힐사이드아파트,11170685,한남동,11170685,한남동,용산구,0.9999999999999999,0.9101796407185628,0.874251497005988,0.9101796407185628,0.874251497005988,0.8982035928143713,core_80pct_all_periods,400,368,20.0,118.0,140.0,24.0,30.0,36.0,1691796941.0,80154.0,0.0,96290930.0,394688926.0,0.0,3729943.0,1197087142.0,0.0,1074.0,1691.0,0.0,11.0,77378.0
R,전통시장,3130156,시영2단지 무지개종합상가(중계 무지개2단지아파트상가),11350625,중계2·3동,11350625,중계2·3동,노원구,1.0000000000000004,0.8952095808383234,0.874251497005988,0.8892215568862275,0.874251497005988,0.8862275449101796,core_80pct_all_periods,400,179,32.0,76.0,20.0,44.0,6.0,1.0,0.0,0.0,0.0,0.0,0.0,0.0,0.0,0.0,0.0,0.0,0.0,0.0,0.0,0.0
R,전통시장,3130155,시영B상가(중계 그린아파트 B 상가),11350625,중계2·3동,11350625,중계2·3동,노원구,1.0,0.8952095808383234,0.874251497005988,0.8892215568862275,0.874251497005988,0.8862275449101796,core_80pct_all_periods,400,303,59.0,120.0,32.0,43.0,37.0,12.0,0.0,0.0,0.0,0.0,0.0,0.0,0.0,0.0,0.0,0.0,0.0,0.0,0.0,0.0
D,발달상권,3120021,시청역_8번,11140520,소공동,11140520,소공동,중구,0.9824956047536015,0.8802395209580839,0.8712574850299402,0.907185628742515,0.8712574850299402,0.8862275449101796,core_80pct_all_periods,400,1440,58.0,786.0,166.0,296.0,28.0,106.0,135058349050.0,7955348.0,136819153.0,22670772311.0,8809327815.0,50220579153.0,2324368934.0,50896481684.0,3899.0,582982.0,1071408.0,1519108.0,92350.0,4685601.0
D,발달상권,3120020,시청역_1번,11140520,소공동,11140520,소공동,중구,1.0000000000000004,0.8802395209580839,0.8712574850299402,0.907185628742515,0.8712574850299402,0.8862275449101796,core_80pct_all_periods,400,865,33.0,444.0,81.0,215.0,35.0,57.0,68288037156.0,3059049.0,763074207.0,9609974731.0,9729825702.0,35346009432.0,7284911807.0,5554241277.0,74755.0,70680.0,431325.0,1225513.0,484941.0,771835.0
A,골목상권,3110317,종암중학교,11290705,종암동,11290705,종암동,성북구,0.8769119072318771,0.8652694610778443,0.8682634730538922,0.8682634730538922,0.8652694610778443,0.8672654690618762,core_80pct_all_periods,400,377,53.0,129.0,38.0,96.0,33.0,28.0,11332472703.0,992283.0,277338026.0,190913713.0,3447444545.0,6155730595.0,0.0,1261045824.0,812.0,10460.0,515705.0,283422.0,0.0,181884.0
U,관광특구,3001491,이태원 관광특구,11170650,이태원1동,11170650,이태원1동,용산구,0.7193659755270722,0.9011976047904192,0.8622754491017964,0.9011976047904192,0.8622754491017964,0.8882235528942116,core_80pct_all_periods,400,6726,108.0,1136.0,2583.0,1882.0,648.0,369.0,357090385338.0,12497758.0,754188470.0,8595125628.0,126858040354.0,157338649645.0,47198413475.0,16345967766.0,12048.0,206318.0,4993493.0,4445178.0,1390800.0,1449921.0
D,발달상권,3120046,이태원(이태원역),11170650,이태원1동,11170650,이태원1동,용산구,0.6813166393398988,0.9011976047904192,0.8622754491017964,0.9011976047904192,0.8622754491017964,0.8882235528942116,core_80pct_all_periods,400,5568,79.0,1015.0,1738.0,1736.0,718.0,282.0,336582439627.0,12058848.0,837547518.0,8571498585.0,118018227411.0,142794675146.0,58099590125.0,8260900842.0,19231.0,253024.0,5517074.0,3997056.0,1540780.0,731683.0
A,골목상권,3110095,한강진역 3번,11170685,한남동,11170685,한남동,용산구,1.0000000000000013,0.9011976047904192,0.8622754491017964,0.9011976047904192,0.8622754491017964,0.8882235528942116,core_80pct_all_periods,400,1115,10.0,187.0,476.0,271.0,55.0,116.0,33196425518.0,599416.0,0.0,133886390.0,19815188089.0,11149726860.0,877232905.0,1220391274.0,0.0,1324.0,326251.0,188288.0,6463.0,77090.0
A,골목상권,3110085,경리단길남측,11170660,이태원2동,11170660,이태원2동,용산구,0.9088404252700389,0.9011976047904192,0.8622754491017964,0.9011976047904192,0.8622754491017964,0.8882235528942116,core_80pct_all_periods,400,1378,48.0,519.0,278.0,304.0,105.0,124.0,27529767865.0,1009012.0,0.0,585210299.0,5209737345.0,16271516931.0,2898019953.0,2565283337.0,0.0,7001.0,610461.0,200835.0,41164.0,149551.0
A,골목상권,3110091,리움미술관,11170685,한남동,11170685,한남동,용산구,1.0000000000000004,0.9011976047904192,0.8622754491017964,0.9011976047904192,0.8622754491017964,0.8882235528942116,core_80pct_all_periods,400,362,12.0,126.0,105.0,78.0,8.0,33.0,6367449270.0,150840.0,0.0,0.0,1532059710.0,3788206687.0,0.0,1047182873.0,0.0,0.0,7135.0,73734.0,0.0,69971.0
A,골목상권,3110097,한남초등학교,11170685,한남동,11170685,한남동,용산구,0.9999999999999993,0.9011976047904192,0.8622754491017964,0.9011976047904192,0.8622754491017964,0.8882235528942116,core_80pct_all_periods,400,44,4.0,22.0,14.0,4.0,0.0,0.0,0.0,0.0,0.0,0.0,0.0,0.0,0.0,0.0,0.0,0.0,0.0,0.0,0.0,0.0
D,발달상권,3120075,월곡역,11290725,월곡2동,11290725,월곡2동,성북구,0.9999999999999993,0.8862275449101796,0.8562874251497006,0.8892215568862275,0.8562874251497006,0.8772455089820359,core_80pct_all_periods,400,1237,56.0,464.0,232.0,314.0,114.0,57.0,56711995930.0,2946036.0,4071159893.0,15625048777.0,9286599927.0,22799505584.0,2719149435.0,2210532314.0,75767.0,548183.0,419042.0,1372975.0,80868.0,449201.0
A,골목상권,3110323,상월곡역 1번,11290725,월곡2동,11290725,월곡2동,성북구,1.0000000000000002,0.8862275449101796,0.8562874251497006,0.8892215568862275,0.8562874251497006,0.8772455089820359,core_80pct_all_periods,400,710,22.0,242.0,112.0,216.0,86.0,32.0,8566874699.0,392358.0,68906784.0,484699588.0,401899366.0,5324655323.0,1526235449.0,760478189.0,174.0,17340.0,15816.0,221041.0,42275.0,95712.0
A,골목상권,3110042,남산골공원옆,11140570,필동,11140570,필동,중구,0.9999999999999994,0.8982035928143712,0.8562874251497006,0.907185628742515,0.8562874251497006,0.8872255489021956,core_80pct_all_periods,400,240,40.0,48.0,76.0,54.0,6.0,16.0,4034839838.0,38311.0,2676560622.0,0.0,28095545.0,1330183671.0,0.0,0.0,485.0,0.0,3945.0,33881.0,0.0,0.0
R,전통시장,3130034,필동 골목형상점가,11140570,필동,11140570,필동,중구,1.0000000000000007,0.8982035928143712,0.8562874251497006,0.907185628742515,0.8562874251497006,0.8872255489021956,core_80pct_all_periods,400,40,4.0,12.0,16.0,8.0,0.0,0.0,0.0,0.0,0.0,0.0,0.0,0.0,0.0,0.0,0.0,0.0,0.0,0.0,0.0,0.0
A,골목상권,3110324,월곡역 4번,11290725,월곡2동,11290725,월곡2동,성북구,1.0000000000000002,0.8862275449101796,0.8562874251497006,0.8892215568862275,0.8562874251497006,0.8772455089820359,core_80pct_all_periods,400,55,0.0,24.0,12.0,15.0,4.0,0.0,0.0,0.0,0.0,0.0,0.0,0.0,0.0,0.0,0.0,0.0,0.0,0.0,0.0,0.0
R,전통시장,3130024,남대문시장(자유상가),11140540,회현동,11140540,회현동,중구,0.9360378342076037,0.8652694610778443,0.8532934131736527,0.8862275449101796,0.8532934131736527,0.8682634730538922,core_80pct_all_periods,400,9639,84.0,993.0,7712.0,670.0,44.0,136.0,525405273950.0,13548951.0,301726360.0,48592302117.0,382454504403.0,80781212022.0,1757822097.0,11517706951.0,11267.0,1009944.0,8202062.0,2695394.0,132473.0,1497811.0
D,발달상권,3120043,서울역,11140540,회현동,11140540,회현동,중구,0.8455467886273093,0.8652694610778443,0.8532934131736527,0.8832335329341318,0.8532934131736527,0.8672654690618762,core_80pct_all_periods,400,3523,86.0,714.0,1682.0,768.0,129.0,144.0,233273588060.0,10590915.0,84936700.0,64024399188.0,36515039051.0,97442273192.0,14667663201.0,20539276728.0,3846.0,727017.0,4366837.0,2682339.0,216627.0,2594249.0
A,골목상권,3110328,상월곡역 3번,11290810,석관동,11290725,월곡2동,성북구,0.7050245271288227,0.8772455089820359,0.8502994011976048,0.8802395209580839,0.8502994011976048,0.8692614770459083,core_80pct_all_periods,400,264,12.0,126.0,71.0,35.0,4.0,16.0,4676798695.0,250888.0,0.0,2076513108.0,1526243072.0,932343157.0,0.0,141699358.0,0.0,7348.0,199975.0,22517.0,0.0,21048.0
D,발달상권,3120012,대학로(혜화역),11110650,혜화동,11110650,혜화동,종로구,0.5660498042331197,0.8682634730538922,0.8473053892215568,0.8892215568862275,0.8473053892215568,0.8682634730538922,core_80pct_all_periods,400,3942,182.0,987.0,562.0,1369.0,502.0,340.0,228153774608.0,11133293.0,5827382102.0,15099240772.0,31697470047.0,125852288303.0,23900122813.0,25777270571.0,57478.0,582085.0,2426303.0,4468741.0,1133340.0,2465346.0
A,골목상권,3110139,자양4동주민센터,11215847,자양4동,11215847,자양4동,광진구,0.9999999999999992,0.8862275449101796,0.8473053892215568,0.8982035928143712,0.8473053892215568,0.8772455089820359,core_80pct_all_periods,400,1204,68.0,486.0,246.0,192.0,124.0,88.0,15054732359.0,765677.0,484409501.0,4471116456.0,3890331753.0,2970727105.0,3238147544.0,0.0,11394.0,277369.0,336916.0,91712.0,48286.0,0.0
A,골목상권,3110146,신자초등학교,11215840,자양3동,11215840,자양3동,광진구,0.985074491699328,0.8862275449101796,0.8473053892215568,0.8982035928143712,0.8473053892215568,0.8772455089820359,core_80pct_all_periods,400,800,108.0,314.0,157.0,112.0,56.0,53.0,9312713387.0,352237.0,985690890.0,545082957.0,1499616560.0,5567363084.0,615513912.0,99445984.0,4113.0,13591.0,146890.0,159796.0,15039.0,12808.0
A,골목상권,3110024,혜회동주민센터,11110650,혜화동,11110650,혜화동,종로구,1.0000000000000004,0.8682634730538922,0.8473053892215568,0.8892215568862275,0.8473053892215568,0.8682634730538922,core_80pct_all_periods,400,368,41.0,131.0,72.0,60.0,12.0,52.0,8306520800.0,305048.0,654077571.0,856868759.0,315007343.0,5880799575.0,0.0,599767552.0,3249.0,26737.0,9850.0,182701.0,0.0,82511.0
A,골목상권,3110021,성균관대학교,11110650,혜화동,11110650,혜화동,종로구,0.9616071690591923,0.8682634730538922,0.8473053892215568,0.8892215568862275,0.8473053892215568,0.8682634730538922,core_80pct_all_periods,400,602,22.0,177.0,56.0,174.0,121.0,52.0,7496778651.0,459180.0,0.0,360550403.0,735984011.0,4299357497.0,836983066.0,1263903674.0,0.0,11627.0,121000.0,137785.0,26512.0,162256.0
A,골목상권,3110143,뚝섬유원지역 1번,11215840,자양3동,11215840,자양3동,광진구,0.9994236177327842,0.8862275449101796,0.8473053892215568,0.8982035928143712,0.8473053892215568,0.8772455089820359,core_80pct_all_periods,400,108,40.0,24.0,8.0,16.0,12.0,8.0,5923885539.0,71784.0,4622755279.0,0.0,0.0,1301130260.0,0.0,0.0,32174.0,0.0,0.0,39610.0,0.0,0.0
A,골목상권,3110023,서울대병원,11110640,이화동,11110640,이화동,종로구,1.0,0.8682634730538922,0.8473053892215568,0.8892215568862275,0.8473053892215568,0.8682634730538922,core_80pct_all_periods,400,132,0.0,61.0,8.0,47.0,4.0,12.0,4033564139.0,521406.0,0.0,0.0,0.0,1856756693.0,0.0,2176807446.0,0.0,0.0,0.0,96276.0,0.0,425130.0
A,골목상권,3110027,혜화역 1번,11110640,이화동,11110640,이화동,종로구,0.9226187928862051,0.8682634730538922,0.8473053892215568,0.8892215568862275,0.8473053892215568,0.8682634730538922,core_80pct_all_periods,400,316,39.0,94.0,66.0,66.0,12.0,39.0,1379167067.0,98679.0,31132124.0,0.0,0.0,750649629.0,85584546.0,511800768.0,1217.0,0.0,0.0,31008.0,1351.0,65103.0
D,발달상권,3120060,강변역(테크노마트),11215870,구의3동,11215870,구의3동,광진구,1.0000000000000002,0.8682634730538922,0.8413173652694611,0.8772455089820359,0.8413173652694611,0.8622754491017964,core_80pct_all_periods,400,4259,76.0,1597.0,2179.0,292.0,71.0,44.0,261990958213.0,4947734.0,752549950.0,72789086574.0,165097003660.0,18005024572.0,748351302.0,4598942155.0,5359.0,633905.0,2190068.0,1404815.0,32912.0,680675.0
A,골목상권,3110169,성동초등학교,11215830,자양2동,11215830,자양2동,광진구,0.8420198836783063,0.8682634730538922,0.8413173652694611,0.8772455089820359,0.8413173652694611,0.8622754491017964,core_80pct_all_periods,400,477,37.0,222.0,104.0,68.0,28.0,18.0,6551040634.0,451858.0,255936865.0,2819860130.0,1913723277.0,1001449602.0,0.0,560070760.0,1644.0,126258.0,191700.0,41922.0,0.0,90334.0
A,골목상권,3110320,KB국민은행 종암동지점,11290705,종암동,11290705,종암동,성북구,0.9999999999999999,0.8562874251497006,0.8413173652694611,0.8622754491017964,0.8413173652694611,0.8532934131736528,core_80pct_all_periods,400,157,0.0,24.0,69.0,48.0,12.0,4.0,4449853408.0,496895.0,0.0,0.0,3084000000.0,1365853408.0,0.0,0.0,0.0,0.0,438651.0,58244.0,0.0,0.0
A,골목상권,3110417,월계역 3번,11350570,월계2동,11350570,월계2동,노원구,0.9502560455868143,0.8413173652694611,0.844311377245509,0.8562874251497006,0.8413173652694611,0.8473053892215568,core_80pct_all_periods,400,257,20.0,88.0,58.0,61.0,14.0,16.0,1825720116.0,177714.0,0.0,231865589.0,0.0,1573202962.0,0.0,20651565.0,0.0,13557.0,0.0,161422.0,0.0,2735.0
D,발달상권,3120007,북촌(안국역),11110600,가회동,11110600,가회동,종로구,0.804977759314912,0.8383233532934131,0.8353293413173652,0.8413173652694611,0.8353293413173652,0.8383233532934131,core_80pct_all_periods,400,2222,83.0,580.0,413.0,695.0,132.0,319.0,147248962988.0,7213129.0,911683992.0,4287778587.0,13352917141.0,88525796841.0,11243667029.0,28927119398.0,10637.0,223237.0,581910.0,3524289.0,422496.0,2450560.0
D,발달상권,3120027,명동역(명동재미로),11140550,명동,11140550,명동,중구,0.7344532417818012,0.8473053892215568,0.8353293413173652,0.8532934131736527,0.8353293413173652,0.8453093812375249,core_80pct_all_periods,400,3309,53.0,756.0,1888.0,428.0,70.0,114.0,135974174844.0,3829428.0,121669212.0,8737888333.0,94239765336.0,21440896203.0,1709900431.0,9724055329.0,912.0,139617.0,1458023.0,1165216.0,35041.0,1030619.0
A,골목상권,3110103,옥수터널,11200620,금호4가동,11200645,옥수동,성동구,0.7483561233094073,0.8922155688622755,0.8353293413173652,0.8892215568862275,0.8353293413173652,0.8722554890219562,core_80pct_all_periods,400,151,16.0,96.0,12.0,16.0,8.0,3.0,44933599.0,3786.0,0.0,9000000.0,0.0,0.0,0.0,35933599.0,0.0,42.0,0.0,0.0,0.0,3744.0
A,골목상권,3110180,광진정보도서관,11215810,광장동,11215810,광장동,광진구,1.0,0.8652694610778443,0.8323353293413174,0.8652694610778443,0.8323353293413174,0.8542914171656687,core_80pct_all_periods,400,831,42.0,244.0,256.0,167.0,71.0,51.0,36805180743.0,684690.0,0.0,2007700757.0,22533598100.0,10511491015.0,643312687.0,1109078184.0,0.0,13210.0,345032.0,176999.0,9295.0,140154.0
A,골목상권,3110179,광나루역 1번,11215810,광장동,11215810,광장동,광진구,1.0000000000000002,0.8652694610778443,0.8323353293413174,0.8652694610778443,0.8323353293413174,0.8542914171656687,core_80pct_all_periods,400,405,36.0,128.0,66.0,86.0,53.0,36.0,15387464902.0,1147964.0,88707164.0,682135206.0,253907708.0,7936202301.0,729231601.0,5697280922.0,514.0,7103.0,2009.0,292150.0,9170.0,837018.0
A,골목상권,3110178,장로회신학대학교,11215810,광장동,11215810,광장동,광진구,1.0,0.8652694610778443,0.8323353293413174,0.8652694610778443,0.8323353293413174,0.8542914171656687,core_80pct_all_periods,400,216,24.0,61.0,45.0,44.0,8.0,34.0,1890650352.0,94324.0,25305120.0,118495737.0,84788691.0,1494635266.0,0.0,167425538.0,39.0,4030.0,526.0,71006.0,0.0,18723.0
D,발달상권,3120018,중림동,11140680,중림동,11140680,중림동,중구,0.8074369854318678,0.8323353293413174,0.8293413173652695,0.8353293413173652,0.8293413173652695,0.8323353293413174,core_80pct_all_periods,400,1590,76.0,580.0,350.0,381.0,116.0,87.0,84410973788.0,2506754.0,1626536025.0,32121389170.0,12927933707.0,29133904560.0,5457299526.0,3143910800.0,59856.0,641084.0,647395.0,730460.0,73320.0,354639.0
R,전통시장,3130081,자양골목전통시장(자양골목시장),11215820,자양1동,11215820,자양1동,광진구,0.9999999999999997,0.844311377245509,0.8293413173652695,0.8682634730538922,0.8293413173652695,0.8473053892215568,core_80pct_all_periods,400,627,4.0,117.0,265.0,209.0,20.0,12.0,32543988431.0,2065995.0,0.0,449107677.0,25811224806.0,6283655948.0,0.0,0.0,0.0,12436.0,1662103.0,391456.0,0.0,0.0
A,골목상권,3110093,우사단길,11170685,한남동,11170685,한남동,용산구,0.7085464676994903,0.8413173652694611,0.8233532934131736,0.8323353293413174,0.8233532934131736,0.8323353293413174,core_80pct_all_periods,400,1283,48.0,541.0,329.0,227.0,91.0,47.0,28178244083.0,657239.0,0.0,7840624359.0,8352194886.0,8798121436.0,2200323396.0,986980006.0,0.0,196323.0,105417.0,201153.0,22462.0,131884.0
A,골목상권,3110041,남산케이블카,11140550,명동,11140550,명동,중구,0.7753074661934628,0.8473053892215568,0.8233532934131736,0.8532934131736527,0.8233532934131736,0.841317365269461,core_80pct_all_periods,400,719,28.0,391.0,95.0,113.0,31.0,61.0,23260992534.0,867487.0,136368302.0,0.0,2945009338.0,19271691285.0,0.0,907923609.0,6827.0,0.0,263800.0,530985.0,0.0,65875.0
A,골목상권,3110082,용산구청,11170650,이태원1동,11170650,이태원1동,용산구,1.0000000000000002,0.8413173652694611,0.8233532934131736,0.8323353293413174,0.8233532934131736,0.8323353293413174,core_80pct_all_periods,400,693,20.0,118.0,191.0,248.0,50.0,66.0,22684371386.0,783166.0,0.0,0.0,4375860426.0,12715477785.0,1042783908.0,4550249267.0,0.0,0.0,30489.0,270330.0,29458.0,452889.0
R,전통시장,3130061,이태원시장,11170650,이태원1동,11170650,이태원1동,용산구,1.0,0.8413173652694611,0.8233532934131736,0.8323353293413174,0.8233532934131736,0.8323353293413174,core_80pct_all_periods,400,615,4.0,30.0,492.0,77.0,8.0,4.0,12790814334.0,118194.0,0.0,0.0,9126611713.0,3664202621.0,0.0,0.0,0.0,0.0,35340.0,82854.0,0.0,0.0
A,골목상권,3110102,옥수역 6번,11200645,옥수동,11200645,옥수동,성동구,1.0000000000000007,0.8922155688622755,0.8233532934131736,0.8652694610778443,0.8233532934131736,0.8602794411177644,core_80pct_all_periods,400,591,65.0,177.0,91.0,148.0,80.0,30.0,11880266388.0,498244.0,1891790433.0,1669187799.0,1113533826.0,5384745874.0,1181297555.0,639710901.0,8205.0,20262.0,141986.0,206091.0,7583.0,114117.0
A,골목상권,3110087,이태원엔틱가구거리,11170650,이태원1동,11170650,이태원1동,용산구,0.9856373864200255,0.8413173652694611,0.8233532934131736,0.8323353293413174,0.8233532934131736,0.8323353293413174,core_80pct_all_periods,400,500,8.0,136.0,257.0,59.0,16.0,24.0,3063846498.0,180610.0,0.0,368519571.0,473506092.0,261074517.0,0.0,1960746318.0,0.0,641.0,989.0,15156.0,0.0,163824.0
A,골목상권,3110086,이태원역 북측,11170650,이태원1동,11170650,이태원1동,용산구,0.5956894863843291,0.8413173652694611,0.8233532934131736,0.8323353293413174,0.8233532934131736,0.8323353293413174,core_80pct_all_periods,400,163,13.0,77.0,27.0,19.0,12.0,15.0,0.0,0.0,0.0,0.0,0.0,0.0,0.0,0.0,0.0,0.0,0.0,0.0,0.0,0.0
R,전통시장,3130022,숭례문수입상가(남대문시장),11140540,회현동,11140540,회현동,중구,0.9999999999999999,0.8323353293413174,0.8203592814371258,0.8353293413173652,0.8203592814371258,0.8293413173652695,core_80pct_all_periods,400,669,44.0,105.0,490.0,26.0,0.0,4.0,16641592923.0,338964.0,4437862370.0,2859963637.0,5820556626.0,3523210290.0,0.0,0.0,74980.0,60578.0,92195.0,111211.0,0.0,0.0
A,골목상권,3110326,장위동성당,11290760,장위1동,11290760,장위1동,성북구,0.599715249424226,0.8473053892215568,0.8203592814371258,0.8383233532934131,0.8203592814371258,0.8353293413173652,core_80pct_all_periods,400,106,4.0,52.0,29.0,5.0,8.0,8.0,0.0,0.0,0.0,0.0,0.0,0.0,0.0,0.0,0.0,0.0,0.0,0.0,0.0,0.0
R,전통시장,3130115,우림골목시장,11260655,망우본동,11260655,망우본동,중랑구,1.0,0.8952095808383234,0.8143712574850299,0.8233532934131736,0.8143712574850299,0.844311377245509,core_80pct_all_periods,400,1296,44.0,342.0,395.0,352.0,143.0,20.0,73875207728.0,3286425.0,0.0,18090473167.0,33693557868.0,18715699046.0,3030817965.0,344659682.0,0.0,803978.0,1620162.0,746227.0,56550.0,59508.0
A,골목상권,3110318,KT월곡지사,11290715,월곡1동,11290715,월곡1동,성북구,0.8486600254418362,0.8473053892215568,0.811377245508982,0.8413173652694611,0.811377245508982,0.8333333333333334,core_80pct_all_periods,400,300,19.0,118.0,58.0,82.0,11.0,12.0,12823151570.0,978823.0,0.0,2945378317.0,6388390967.0,3489382286.0,0.0,0.0,0.0,31437.0,891862.0,55524.0,0.0,0.0
D,발달상권,3120050,서울숲역,11200650,성수1가1동,11200650,성수1가1동,성동구,0.9999999999999991,0.8203592814371258,0.8053892215568862,0.8383233532934131,0.8053892215568862,0.8213572854291417,core_80pct_all_periods,400,895,53.0,321.0,187.0,176.0,107.0,51.0,7366868547.0,132634.0,676087976.0,1108378801.0,1121311481.0,3914319008.0,0.0,546771281.0,932.0,10955.0,12691.0,87730.0,0.0,20326.0
A,골목상권,3110271,신내역 1번,11260680,신내1동,11260680,신내1동,중랑구,1.0000000000000004,0.8952095808383234,0.8053892215568862,0.8502994011976048,0.8053892215568862,0.8502994011976049,core_80pct_all_periods,400,148,0.0,41.0,57.0,42.0,0.0,8.0,2687735096.0,31984.0,0.0,0.0,0.0,2687735096.0,0.0,0.0,0.0,0.0,0.0,31984.0,0.0,0.0
D,발달상권,3120081,노원역,11350640,상계2동,11350640,상계2동,노원구,0.5563625365540883,0.844311377245509,0.8023952095808383,0.8203592814371258,0.8023952095808383,0.8223552894211577,core_80pct_all_periods,400,9345,664.0,2968.0,2859.0,1658.0,968.0,228.0,545684673585.0,19140486.0,27026359843.0,230751591506.0,58959641117.0,160806463886.0,46156602317.0,21984014916.0,361485.0,4525165.0,4070887.0,4860329.0,1746233.0,3576387.0
A,골목상권,3110268,망우3동주민센터,11260660,망우3동,11260660,망우3동,중랑구,0.9753255623759266,0.937125748502994,0.8473053892215568,0.8023952095808383,0.8023952095808383,0.8622754491017964,core_80pct_all_periods,400,340,12.0,187.0,85.0,43.0,2.0,11.0,5368441226.0,226896.0,0.0,1373392287.0,1798248584.0,2088800355.0,0.0,108000000.0,0.0,4919.0,158859.0,40350.0,0.0,22768.0
R,전통시장,3130025,삼익패션타운(남대문시장),11140540,회현동,11140540,회현동,중구,1.0,0.8173652694610778,0.7994011976047904,0.8233532934131736,0.7994011976047904,0.813373253493014,base_50pct_all_periods,400,2348,0.0,56.0,2273.0,11.0,0.0,8.0,43825495617.0,845255.0,0.0,5039387346.0,38745352554.0,0.0,0.0,40755717.0,0.0,127641.0,709258.0,0.0,0.0,8356.0
D,발달상권,3120019,경찰청앞교차로,11140520,소공동,11140520,소공동,중구,0.8531000618816175,0.8263473053892215,0.7964071856287425,0.8353293413173652,0.7964071856287425,0.8193612774451098,base_50pct_all_periods,400,432,32.0,265.0,47.0,44.0,10.0,34.0,12505354797.0,1378519.0,0.0,808689800.0,4299740720.0,2392970862.0,0.0,5003953415.0,0.0,48677.0,753057.0,129501.0,0.0,447284.0
R,전통시장,3130084,신성시장(신성골목시장),11215770,중곡4동,11215770,중곡4동,광진구,0.9999842618154752,0.7994011976047904,0.7904191616766467,0.8323353293413174,0.7904191616766467,0.8073852295409182,base_50pct_all_periods,400,397,4.0,108.0,177.0,74.0,34.0,0.0,13394808264.0,490989.0,0.0,954095648.0,9036163248.0,2940570080.0,463979288.0,0.0,0.0,50245.0,356437.0,74168.0,10139.0,0.0
A,골목상권,3110319,종암동주민센터,11290705,종암동,11290705,종암동,성북구,1.0,0.7994011976047904,0.7994011976047904,0.7784431137724551,0.7784431137724551,0.7924151696606786,base_50pct_all_periods,400,945,69.0,331.0,207.0,205.0,109.0,24.0,28224191791.0,1009350.0,2554919750.0,8163815366.0,5283753807.0,7785227885.0,4352474983.0,84000000.0,6725.0,291561.0,245383.0,414785.0,42283.0,8613.0
A,골목상권,3110291,한성대입구역 3번,11290555,삼선동,11290555,삼선동,성북구,0.9981317583093311,0.8353293413173652,0.7784431137724551,0.8293413173652695,0.7784431137724551,0.81437125748503,base_50pct_all_periods,400,924,79.0,373.0,144.0,199.0,76.0,53.0,21957144916.0,1060137.0,4984879326.0,767192815.0,10530638378.0,3372274331.0,2070275277.0,231884789.0,8268.0,46370.0,775647.0,127455.0,66945.0,35452.0
A,골목상권,3110176,해오름공원,11215770,중곡4동,11215770,중곡4동,광진구,0.9992550941334399,0.8053892215568862,0.7784431137724551,0.8532934131736527,0.7784431137724551,0.8123752495009979,base_50pct_all_periods,400,840,90.0,349.0,197.0,147.0,28.0,29.0,7866388337.0,410175.0,815102251.0,914693142.0,2557551063.0,2927912204.0,160097132.0,491032545.0,5500.0,32633.0,190611.0,78792.0,6072.0,96567.0
D,발달상권,3120005,삼청동,11110540,삼청동,11110540,삼청동,종로구,0.9559770797740932,0.8143712574850299,0.7754491017964071,0.7964071856287425,0.7754491017964071,0.7954091816367265,base_50pct_all_periods,400,1733,30.0,556.0,446.0,447.0,46.0,208.0,71090132039.0,2546852.0,0.0,895443821.0,17668225691.0,37130412629.0,559950857.0,14836099041.0,0.0,1423.0,1000649.0,909053.0,9029.0,626698.0
D,발달상권,3120024,회현역,11140540,회현동,11140540,회현동,중구,1.0000000000000004,0.8173652694610778,0.7754491017964071,0.8083832335329342,0.7754491017964071,0.8003992015968064,base_50pct_all_periods,400,972,20.0,223.0,292.0,259.0,102.0,76.0,48909292354.0,2734640.0,0.0,682018176.0,21478193716.0,19153958622.0,4306902723.0,3288219117.0,0.0,29846.0,1565909.0,670897.0,48962.0,419026.0
A,골목상권,3110012,성곡미술관,11110530,사직동,11110530,사직동,종로구,1.0,0.7994011976047904,0.7754491017964071,0.7934131736526946,0.7754491017964071,0.7894211576846307,base_50pct_all_periods,400,515,38.0,183.0,51.0,155.0,40.0,48.0,16968389434.0,495257.0,62617934.0,96378589.0,1036311404.0,13494132736.0,384038711.0,1894910060.0,175.0,2393.0,160156.0,179021.0,1161.0,152351.0
A,골목상권,3110315,종암아이파크2차,11290705,종암동,11290705,종암동,성북구,1.0000000000000009,0.7844311377245509,0.7784431137724551,0.7724550898203593,0.7724550898203593,0.7784431137724551,base_50pct_all_periods,400,712,77.0,289.0,107.0,122.0,86.0,31.0,13915352094.0,623095.0,2424502954.0,5915630035.0,1249514351.0,2743271741.0,1243495834.0,338937179.0,7129.0,271066.0,78119.0,182134.0,22947.0,61700.0
D,발달상권,3120070,한성대입구역,11290555,삼선동,11290555,삼선동,성북구,0.6831284855754618,0.8233532934131736,0.7694610778443114,0.8203592814371258,0.7694610778443114,0.8043912175648703,base_50pct_all_periods,400,1341,185.0,430.0,230.0,245.0,196.0,55.0,112271126827.0,4802176.0,9871572723.0,48606012477.0,20287325966.0,24329262513.0,6603528717.0,2573424431.0,214048.0,2364473.0,903990.0,1010790.0,64171.0,244704.0
A,골목상권,3110293,삼선중학교,11290525,성북동,11290525,성북동,성북구,0.9709048810531737,0.8233532934131736,0.7694610778443114,0.8203592814371258,0.7694610778443114,0.8043912175648703,base_50pct_all_periods,400,800,139.0,319.0,165.0,118.0,22.0,37.0,17599160144.0,841146.0,6291548771.0,3485690790.0,4572390041.0,2764622721.0,0.0,484907821.0,83600.0,200159.0,298737.0,138595.0,0.0,120055.0
A,골목상권,3110286,한성대입구역 5번,11290525,성북동,11290525,성북동,성북구,0.7373545795531341,0.8233532934131736,0.7694610778443114,0.8203592814371258,0.7694610778443114,0.8043912175648703,base_50pct_all_periods,400,524,23.0,166.0,133.0,103.0,24.0,75.0,14820233263.0,605534.0,193051941.0,2678805273.0,8830183878.0,2014870337.0,164197201.0,939124633.0,619.0,28892.0,409505.0,90762.0,2832.0,72924.0
A,골목상권,3110288,동구여중,11290525,성북동,11290525,성북동,성북구,0.9999999999999997,0.8233532934131736,0.7694610778443114,0.8203592814371258,0.7694610778443114,0.8043912175648703,base_50pct_all_periods,400,510,25.0,257.0,74.0,71.0,33.0,50.0,10056229077.0,191041.0,0.0,436635335.0,590133876.0,8862622983.0,0.0,166836883.0,0.0,10228.0,7964.0,157613.0,0.0,15236.0
A,골목상권,3110079,후암동주민센터,11170510,후암동,11170510,후암동,용산구,0.8540358227324009,0.8173652694610778,0.7664670658682635,0.8083832335329342,0.7664670658682635,0.7974051896207586,base_50pct_all_periods,400,1657,135.0,661.0,310.0,310.0,100.0,141.0,33162993288.0,1654105.0,451395422.0,1781447783.0,11782913118.0,15750007983.0,1556874750.0,1840354232.0,1949.0,81016.0,915008.0,410311.0,37589.0,208232.0
A,골목상권,3110274,서일대학교,11260575,면목3·8동,11260575,면목3·8동,중랑구,0.6361286000531813,0.8862275449101796,0.7784431137724551,0.7664670658682635,0.7664670658682635,0.810379241516966,base_50pct_all_periods,400,1052,105.0,338.0,288.0,182.0,80.0,59.0,26332474721.0,2070655.0,1924623470.0,8569472807.0,8452663107.0,5945841678.0,880495036.0,559378623.0,61492.0,532260.0,904806.0,417721.0,55105.0,99271.0
A,골목상권,3110040,중구회현체육센터(정화예술대남산캠퍼스),11140540,회현동,11140540,회현동,중구,0.9532342813887834,0.8173652694610778,0.7664670658682635,0.8083832335329342,0.7664670658682635,0.7974051896207586,base_50pct_all_periods,400,270,0.0,68.0,98.0,44.0,40.0,20.0,2682916648.0,125851.0,0.0,0.0,522787586.0,1507601174.0,97928635.0,554599253.0,0.0,0.0,29925.0,47978.0,1365.0,46583.0
A,골목상권,3110039,회현역 1번,11140540,회현동,11140540,회현동,중구,1.0,0.8173652694610778,0.7664670658682635,0.8083832335329342,0.7664670658682635,0.7974051896207586,base_50pct_all_periods,400,82,4.0,28.0,4.0,28.0,12.0,6.0,928976752.0,44385.0,0.0,0.0,0.0,928976752.0,0.0,0.0,0.0,0.0,0.0,44385.0,0.0,0.0
A,골목상권,3110022,경신고등학교,11110650,혜화동,11110650,혜화동,종로구,0.9959754929820359,0.8053892215568862,0.7604790419161677,0.8053892215568862,0.7604790419161677,0.7904191616766467,base_50pct_all_periods,400,411,59.0,140.0,92.0,67.0,28.0,25.0,4480484951.0,63548.0,1353951585.0,1787498523.0,0.0,592743891.0,484568761.0,261722191.0,5626.0,13241.0,0.0,18760.0,2276.0,23645.0
D,발달상권,3120002,서촌(경복궁역),11110530,사직동,11110530,사직동,종로구,0.5474997933767652,0.7784431137724551,0.7574850299401198,0.7784431137724551,0.7574850299401198,0.7714570858283434,base_50pct_all_periods,400,2505,141.0,670.0,529.0,697.0,160.0,308.0,108284319303.0,4380989.0,5227858075.0,16880173951.0,15554864000.0,48507140955.0,3205420042.0,18908862280.0,88765.0,484672.0,908109.0,1383972.0,68931.0,1446540.0
R,전통시장,3130075,노룬산시장(노룬산골목시장),11215847,자양4동,11215847,자양4동,광진구,1.0000000000000004,0.7844311377245509,0.7544910179640718,0.7964071856287425,0.7544910179640718,0.7784431137724551,base_50pct_all_periods,400,153,5.0,37.0,60.0,39.0,12.0,0.0,2006003328.0,66119.0,0.0,116739885.0,1002941488.0,886321955.0,0.0,0.0,0.0,3983.0,42204.0,19932.0,0.0,0.0
A,골목상권,3110099,유엔빌리지길,11170685,한남동,11170685,한남동,용산구,0.9999756778342633,0.844311377245509,0.7544910179640718,0.8203592814371258,0.7544910179640718,0.8063872255489022,base_50pct_all_periods,400,541,36.0,266.0,157.0,37.0,40.0,5.0,1831000672.0,7959.0,0.0,0.0,402242636.0,1398196368.0,30561668.0,0.0,0.0,0.0,3160.0,4715.0,84.0,0.0
A,골목상권,3110101,옥정중학교,11200645,옥수동,11200645,옥수동,성동구,1.0000000000000002,0.844311377245509,0.7544910179640718,0.8203592814371258,0.7544910179640718,0.8063872255489022,base_50pct_all_periods,400,240,44.0,94.0,48.0,31.0,15.0,8.0,31382201.0,2562.0,0.0,0.0,0.0,0.0,0.0,31382201.0,0.0,0.0,0.0,0.0,0.0,2562.0
A,골목상권,3110018,중앙고등학교,11110600,가회동,11110600,가회동,종로구,0.9997764639036794,0.8143712574850299,0.7485029940119761,0.7904191616766467,0.7485029940119761,0.7844311377245509,base_50pct_all_periods,400,729,52.0,328.0,182.0,82.0,9.0,76.0,7210031884.0,159043.0,71359175.0,39212740.0,1444236265.0,4613884440.0,0.0,1041339264.0,366.0,907.0,6861.0,57548.0,0.0,93361.0
A,골목상권,3110270,혜원여고,11260660,망우3동,11260660,망우3동,중랑구,0.9999999999999998,0.8862275449101796,0.7784431137724551,0.7485029940119761,0.7485029940119761,0.8043912175648703,base_50pct_all_periods,400,230,16.0,80.0,57.0,48.0,22.0,7.0,5591105071.0,296219.0,0.0,69437868.0,2214291856.0,1808319328.0,1362431145.0,136624874.0,0.0,2465.0,224138.0,37469.0,16698.0,15449.0
A,골목상권,3110321,동덕여대,11290715,월곡1동,11290715,월곡1동,성북구,0.9344618764038345,0.7664670658682635,0.7485029940119761,0.7724550898203593,0.7485029940119761,0.7624750499001997,base_50pct_all_periods,400,12,0.0,0.0,4.0,4.0,0.0,4.0,0.0,0.0,0.0,0.0,0.0,0.0,0.0,0.0,0.0,0.0,0.0,0.0,0.0,0.0
A,골목상권,3110316,숭곡초등학교,11290715,월곡1동,11290715,월곡1동,성북구,0.9993218208846105,0.7544910179640718,0.7455089820359282,0.7455089820359282,0.7455089820359282,0.7485029940119761,base_50pct_all_periods,400,1399,96.0,553.0,329.0,312.0,65.0,44.0,36768356656.0,1437883.0,711983434.0,18499024585.0,8958724322.0,6775195048.0,339714484.0,1483714783.0,15648.0,634852.0,336160.0,242337.0,6424.0,202462.0
D,발달상권,3120209,"강남구청(청담역_8번, 강남세무서)",11680565,청담동,11680565,청담동,강남구,0.5815876647719016,0.7724550898203593,0.7395209580838323,0.781437125748503,0.7395209580838323,0.7644710578842315,base_50pct_all_periods,400,2177,165.0,1158.0,392.0,256.0,131.0,75.0,210014175093.0,5184221.0,22713845560.0,127589315247.0,35134766630.0,18048648495.0,4749851788.0,1777747373.0,121805.0,2601330.0,1607349.0,530160.0,167609.0,155968.0
D,발달상권,3120061,올림픽대교북단,11215870,구의3동,11215870,구의3동,광진구,0.666673217115982,0.7574850299401198,0.7395209580838323,0.7664670658682635,0.7395209580838323,0.7544910179640718,base_50pct_all_periods,400,810,314.0,253.0,68.0,69.0,100.0,6.0,136246968488.0,4296655.0,39105110095.0,64031242372.0,16449707304.0,13315273445.0,2901747027.0,443888245.0,134339.0,2264090.0,1025814.0,736061.0,41221.0,95130.0
D,발달상권,3120214,영동대교남단교차로,11680565,청담동,11680565,청담동,강남구,0.9999999999999997,0.7724550898203593,0.7395209580838323,0.781437125748503,0.7395209580838323,0.7644710578842315,base_50pct_all_periods,400,855,76.0,332.0,221.0,121.0,59.0,46.0,30785698690.0,746168.0,1142959316.0,3264338600.0,9969944843.0,11833769301.0,4029226427.0,545460203.0,4135.0,4011.0,397375.0,250535.0,27040.0,63072.0
D,발달상권,3120216,경기고교사거리(경기고교앞사거리),11680565,청담동,11680565,청담동,강남구,0.7359807688643859,0.7724550898203593,0.7395209580838323,0.781437125748503,0.7395209580838323,0.7644710578842315,base_50pct_all_periods,400,1055,47.0,565.0,229.0,136.0,70.0,8.0,29730357738.0,685833.0,66884329.0,13719800509.0,4488012268.0,7991357978.0,3282442872.0,181859782.0,191.0,270256.0,186428.0,181892.0,12848.0,34218.0
A,골목상권,3110988,청담역 3번,11680580,삼성1동,11680580,삼성1동,강남구,1.0,0.7724550898203593,0.7395209580838323,0.781437125748503,0.7395209580838323,0.7644710578842315,base_50pct_all_periods,400,240,24.0,121.0,48.0,31.0,8.0,8.0,1350118810.0,10603.0,0.0,1350118810.0,0.0,0.0,0.0,0.0,0.0,10603.0,0.0,0.0,0.0,0.0
A,골목상권,3110985,청담근린공원,11680565,청담동,11680565,청담동,강남구,0.9999999999999998,0.7724550898203593,0.7395209580838323,0.781437125748503,0.7395209580838323,0.7644710578842315,base_50pct_all_periods,400,222,12.0,98.0,56.0,27.0,17.0,12.0,1168644447.0,11984.0,0.0,982863937.0,76738112.0,0.0,0.0,109042398.0,0.0,2772.0,68.0,0.0,0.0,9144.0
A,골목상권,3110990,청담역 12번,11680565,청담동,11680565,청담동,강남구,0.9940142147749457,0.7724550898203593,0.7395209580838323,0.781437125748503,0.7395209580838323,0.7644710578842315,base_50pct_all_periods,400,120,5.0,40.0,38.0,17.0,12.0,8.0,151167778.0,15536.0,0.0,0.0,0.0,0.0,0.0,151167778.0,0.0,0.0,0.0,0.0,0.0,15536.0
D,발달상권,3120072,성신여대,11290575,동선동,11290575,동선동,성북구,0.8833952222037899,0.7604790419161677,0.7365269461077845,0.7574850299401198,0.7365269461077845,0.7514970059880239,base_50pct_all_periods,400,4693,272.0,1553.0,658.0,1199.0,704.0,307.0,213121047204.0,10572858.0,9105329548.0,52980421206.0,19945497003.0,74911325648.0,30547179825.0,25631293974.0,74561.0,1220419.0,1389527.0,2898922.0,1174491.0,3814938.0
R,전통시장,3130120,돈암시장(돈암제일시장),11290555,삼선동,11290555,삼선동,성북구,0.846792890294136,0.7604790419161677,0.7365269461077845,0.7574850299401198,0.7365269461077845,0.7514970059880239,base_50pct_all_periods,400,711,4.0,203.0,183.0,227.0,82.0,12.0,68435868030.0,2874225.0,0.0,24778593954.0,26387391417.0,16234184599.0,1035698060.0,0.0,0.0,750232.0,1353444.0,751077.0,19472.0,0.0
D,발달상권,3120058,구의사거리,11215850,구의1동,11215850,구의1동,광진구,0.6582658611792264,0.7724550898203593,0.7365269461077845,0.7754491017964071,0.7365269461077845,0.7614770459081835,base_50pct_all_periods,400,794,53.0,337.0,139.0,150.0,85.0,30.0,51721123504.0,1593937.0,602994152.0,16191501697.0,27900989344.0,6464580630.0,423035793.0,138021888.0,2285.0,528983.0,850246.0,179268.0,8883.0,24272.0
A,골목상권,3110074,서울역 12번,11170530,남영동,11170530,남영동,용산구,0.916361690732939,0.7664670658682635,0.7365269461077845,0.7514970059880239,0.7365269461077845,0.7514970059880239,base_50pct_all_periods,400,1070,44.0,319.0,157.0,379.0,140.0,31.0,37959316988.0,1157191.0,0.0,751286958.0,4204727613.0,27862930186.0,906919114.0,4233453117.0,0.0,69584.0,83631.0,643500.0,18383.0,342093.0
A,골목상권,3110066,서울역 15번,11170555,청파동,11170555,청파동,용산구,0.8632681148936228,0.7664670658682635,0.7365269461077845,0.7514970059880239,0.7365269461077845,0.7514970059880239,base_50pct_all_periods,400,881,38.0,428.0,59.0,226.0,75.0,55.0,16100733408.0,1133391.0,0.0,729248815.0,4734172557.0,8935435948.0,439800481.0,1262075607.0,0.0,65643.0,689017.0,234457.0,6190.0,138084.0
A,골목상권,3110285,홍대부중,11290525,성북동,11290525,성북동,성북구,0.9999999999999989,0.7724550898203593,0.7365269461077845,0.7634730538922155,0.7365269461077845,0.7574850299401197,base_50pct_all_periods,400,387,34.0,144.0,79.0,65.0,27.0,38.0,6458182063.0,228621.0,1974634755.0,0.0,1762717737.0,2219589892.0,32064515.0,469175164.0,4961.0,0.0,88577.0,95788.0,180.0,39115.0
A,골목상권,3110269,용마문화복지센터,11260575,면목3·8동,11260575,면목3·8동,중랑구,0.9963038420218637,0.8682634730538922,0.7425149700598802,0.7365269461077845,0.7365269461077845,0.7824351297405189,base_50pct_all_periods,400,294,24.0,85.0,56.0,77.0,50.0,2.0,6254294110.0,223585.0,0.0,146468066.0,1291618273.0,4302591905.0,513615866.0,0.0,0.0,1657.0,88580.0,124835.0,8513.0,0.0
A,골목상권,3110171,중곡4동주민센터,11215770,중곡4동,11215770,중곡4동,광진구,1.0000000000000002,0.811377245508982,0.7335329341317365,0.8053892215568862,0.7335329341317365,0.7834331337325349,base_50pct_all_periods,400,119,0.0,77.0,29.0,5.0,8.0,0.0,109594894.0,2682.0,0.0,102601525.0,6993369.0,0.0,0.0,0.0,0.0,2612.0,70.0,0.0,0.0,0.0
D,발달상권,3120243,천호역,11740610,천호2동,11740610,천호2동,강동구,0.6612867632973406,0.7514970059880239,0.7245508982035929,0.7574850299401198,0.7245508982035929,0.7445109780439122,base_50pct_all_periods,400,6888,175.0,1760.0,3572.0,884.0,385.0,112.0,344464685851.0,11585161.0,19212887389.0,114251972217.0,133277130362.0,57167629902.0,14308270213.0,6246795768.0,201128.0,2752220.0,4974675.0,1962453.0,508419.0,1186266.0
R,전통시장,3130318,로데오거리상점가,11740610,천호2동,11740610,천호2동,강동구,0.7923912333408657,0.7514970059880239,0.7245508982035929,0.7574850299401198,0.7245508982035929,0.7445109780439122,base_50pct_all_periods,400,1744,29.0,504.0,482.0,338.0,345.0,46.0,149711908006.0,5292440.0,0.0,53875680039.0,22736872770.0,47202897336.0,23541501919.0,2354955942.0,0.0,1388499.0,1624085.0,1408247.0,555816.0,315793.0
A,골목상권,3111059,강동역 4번(강풀만화거리),11740650,성내2동,11740650,성내2동,강동구,0.9973052873778592,0.7514970059880239,0.7245508982035929,0.7574850299401198,0.7245508982035929,0.7445109780439122,base_50pct_all_periods,400,2109,102.0,923.0,356.0,457.0,163.0,108.0,58905498820.0,1505122.0,223949957.0,29129265112.0,7027005794.0,19048847685.0,2175361366.0,1301068906.0,12428.0,216855.0,514351.0,532551.0,40485.0,188452.0
A,골목상권,3110314,종암경찰서,11290705,종암동,11290705,종암동,성북구,1.0000000000000009,0.7544910179640718,0.7455089820359282,0.7245508982035929,0.7245508982035929,0.7415169660678643,base_50pct_all_periods,400,1020,150.0,359.0,146.0,212.0,132.0,21.0,44152878987.0,1545799.0,2881521237.0,19467228013.0,1276017322.0,17010674549.0,2139319775.0,1378118091.0,14096.0,716769.0,27391.0,484206.0,49397.0,253940.0
R,전통시장,3130314,풍납시장,11710510,풍납1동,11710510,풍납1동,송파구,0.9546271394708319,0.7514970059880239,0.7245508982035929,0.7574850299401198,0.7245508982035929,0.7445109780439122,base_50pct_all_periods,400,809,34.0,300.0,236.0,159.0,63.0,17.0,34526187206.0,1519952.0,60292325.0,12743808680.0,14439314589.0,6016074950.0,1234630851.0,32065811.0,162.0,469027.0,728508.0,299787.0,18622.0,3846.0
A,골목상권,3111051,천호역 6번,11740650,성내2동,11740650,성내2동,강동구,0.9987284933439687,0.7514970059880239,0.7245508982035929,0.7574850299401198,0.7245508982035929,0.7445109780439122,base_50pct_all_periods,400,1296,57.0,610.0,274.0,189.0,86.0,80.0,27266724024.0,856503.0,197306815.0,17458224147.0,2031975344.0,6206813691.0,961622711.0,410781316.0,1105.0,451015.0,161732.0,195187.0,18865.0,28599.0
A,골목상권,3111049,천호지구대(천호동자전거거리),11740610,천호2동,11740610,천호2동,강동구,0.9999999999999999,0.7514970059880239,0.7245508982035929,0.7574850299401198,0.7245508982035929,0.7445109780439122,base_50pct_all_periods,400,795,43.0,392.0,151.0,111.0,78.0,20.0,16278813311.0,264829.0,1450445805.0,7209817383.0,1118725126.0,4916679848.0,1206692096.0,376453053.0,2232.0,74719.0,5375.0,88512.0,17132.0,76859.0
A,골목상권,3111056,천호태영아파트,11740620,천호3동,11740620,천호3동,강동구,0.9841559044085875,0.7514970059880239,0.7245508982035929,0.7574850299401198,0.7245508982035929,0.7445109780439122,base_50pct_all_periods,400,329,12.0,160.0,72.0,42.0,39.0,4.0,5978910969.0,244083.0,0.0,0.0,1132442840.0,4583826512.0,119280408.0,143361209.0,0.0,0.0,166548.0,57341.0,4294.0,15900.0
A,골목상권,3111048,천호역 1번(천호문구완구거리),11740610,천호2동,11740610,천호2동,강동구,1.0,0.7514970059880239,0.7245508982035929,0.7574850299401198,0.7245508982035929,0.7445109780439122,base_50pct_all_periods,400,389,32.0,157.0,71.0,89.0,24.0,16.0,5375292010.0,201785.0,292696589.0,333491801.0,315168491.0,3873927961.0,114700966.0,445306202.0,25099.0,3620.0,34645.0,93722.0,2897.0,41802.0
D,발달상권,3120227,잠실역,11710710,잠실6동,11710710,잠실6동,송파구,0.7030509422551755,0.7425149700598802,0.7155688622754491,0.7634730538922155,0.7155688622754491,0.7405189620758482,base_50pct_all_periods,400,9084,403.0,2044.0,4442.0,1567.0,281.0,347.0,1240947369742.0,45630166.0,0.0,125122415989.0,927842003742.0,149479762228.0,4532041861.0,33971145922.0,0.0,1953060.0,31032349.0,8387364.0,57346.0,4200047.0
D,발달상권,3120190,강남을지병원,11680545,압구정동,11680510,신사동,강남구,0.31031899703822163,0.811377245508982,0.7155688622754491,0.7634730538922155,0.7155688622754491,0.7634730538922155,base_50pct_all_periods,400,4970,355.0,2033.0,1221.0,785.0,360.0,216.0,232440424476.0,4100474.0,7129791164.0,96397122827.0,62400972774.0,58131821408.0,5026361100.0,3354355203.0,33070.0,282908.0,2228136.0,1071928.0,74998.0,409434.0
A,골목상권,3110296,성신여대입구역 4번,11290575,동선동,11290575,동선동,성북구,0.5900840873133125,0.7604790419161677,0.7155688622754491,0.7514970059880239,0.7155688622754491,0.7425149700598803,base_50pct_all_periods,400,582,149.0,174.0,107.0,83.0,32.0,37.0,13633081812.0,861731.0,3977802143.0,497174320.0,1198127277.0,1756685488.0,159130414.0,6044162170.0,12634.0,7155.0,32249.0,93222.0,616.0,715855.0
A,골목상권,3110301,성신여대입구역 7번,11290575,동선동,11290575,동선동,성북구,0.9883886550677782,0.7604790419161677,0.7155688622754491,0.7514970059880239,0.7155688622754491,0.7425149700598803,base_50pct_all_periods,400,509,28.0,247.0,92.0,78.0,46.0,18.0,7252386428.0,534651.0,450240182.0,3996162.0,3088015795.0,3291722397.0,364349353.0,54062539.0,13214.0,238.0,373248.0,131627.0,8314.0,8010.0
A,골목상권,3110303,성신여대입구역 1번,11290575,동선동,11290575,동선동,성북구,0.9987809600735047,0.7604790419161677,0.7155688622754491,0.7514970059880239,0.7155688622754491,0.7425149700598803,base_50pct_all_periods,400,569,62.0,203.0,98.0,107.0,38.0,61.0,6272883421.0,348630.0,0.0,756887749.0,1640133905.0,1223057595.0,2481124477.0,171679695.0,0.0,48401.0,199988.0,34823.0,44893.0,20525.0
D,발달상권,3120001,서대문역,11110580,교남동,11110580,교남동,종로구,0.43225078562997665,0.781437125748503,0.7125748502994012,0.7604790419161677,0.7125748502994012,0.7514970059880239,base_50pct_all_periods,400,1547,72.0,456.0,181.0,483.0,259.0,96.0,93546419585.0,3435562.0,557337975.0,29638855634.0,4351178088.0,45593365481.0,10667438822.0,2738243585.0,16633.0,758376.0,667518.0,1318809.0,287593.0,386633.0
A,골목상권,3110539,미근동,11410565,충현동,11410565,충현동,서대문구,0.9755430941937185,0.781437125748503,0.7125748502994012,0.7604790419161677,0.7125748502994012,0.7514970059880239,base_50pct_all_periods,400,413,12.0,70.0,36.0,175.0,64.0,56.0,15500102928.0,495802.0,0.0,0.0,533663334.0,13964763621.0,398737966.0,602938007.0,0.0,0.0,90642.0,325091.0,10481.0,69588.0
A,골목상권,3110038,경향신문사,11140520,소공동,11140520,소공동,중구,0.9815767457214486,0.781437125748503,0.7125748502994012,0.7604790419161677,0.7125748502994012,0.7514970059880239,base_50pct_all_periods,400,230,20.0,76.0,36.0,72.0,10.0,16.0,14444677777.0,1256314.0,0.0,0.0,2492374064.0,9369181278.0,0.0,2583122435.0,0.0,0.0,352860.0,455322.0,0.0,448132.0
A,골목상권,3110537,충정로현대아파트,11410565,충현동,11410565,충현동,서대문구,1.0,0.781437125748503,0.7125748502994012,0.7604790419161677,0.7125748502994012,0.7514970059880239,base_50pct_all_periods,400,607,43.0,229.0,121.0,123.0,40.0,51.0,8064055498.0,902003.0,0.0,0.0,4860229112.0,3050330362.0,0.0,153496024.0,0.0,0.0,782955.0,98226.0,0.0,20822.0
A,골목상권,3110536,돈의문센트레빌아파트입구,11410565,충현동,11410520,천연동,서대문구,0.5681290992442669,0.781437125748503,0.7125748502994012,0.7604790419161677,0.7125748502994012,0.7514970059880239,base_50pct_all_periods,400,170,30.0,78.0,23.0,32.0,4.0,3.0,2179269308.0,102781.0,564766875.0,1347802387.0,0.0,266700046.0,0.0,0.0,1637.0,83432.0,0.0,17712.0,0.0,0.0
A,골목상권,3110534,경기대학교,11410565,충현동,11410565,충현동,서대문구,0.9957539548984253,0.781437125748503,0.7125748502994012,0.7604790419161677,0.7125748502994012,0.7514970059880239,base_50pct_all_periods,400,144,8.0,66.0,14.0,36.0,12.0,8.0,483394557.0,36457.0,0.0,207676637.0,189102567.0,86615353.0,0.0,0.0,0.0,12680.0,20753.0,3024.0,0.0,0.0
A,골목상권,3111011,잠실나루역,11710690,잠실4동,11710690,잠실4동,송파구,0.9528743928532408,0.7395209580838323,0.7065868263473054,0.7574850299401198,0.7065868263473054,0.7345309381237525,base_50pct_all_periods,400,472,38.0,285.0,62.0,63.0,16.0,8.0,30337972825.0,1283465.0,35783042.0,19358506027.0,9387521214.0,560162542.0,996000000.0,0.0,212.0,338775.0,909389.0,33192.0,1897.0,0.0
A,골목상권,3110107,금호사거리,11200620,금호4가동,11200620,금호4가동,성동구,1.0,0.8383233532934131,0.7065868263473054,0.811377245508982,0.7065868263473054,0.7854291417165667,base_50pct_all_periods,400,212,15.0,66.0,32.0,61.0,16.0,22.0,6568519111.0,117853.0,28975139.0,75514023.0,743152113.0,5485300756.0,220000002.0,15577078.0,102.0,3253.0,6205.0,104005.0,1296.0,2992.0
D,발달상권,3120073,미아사거리,11290685,길음2동,11290685,길음2동,성북구,1.0000000000000009,0.7095808383233533,0.7005988023952096,0.7155688622754491,0.7005988023952096,0.7085828343313373,base_50pct_all_periods,400,1939,51.0,230.0,1313.0,249.0,56.0,40.0,39505590304.0,1992894.0,125408744.0,19366902288.0,10413506437.0,7545626512.0,89288331.0,1964857992.0,778.0,698317.0,675595.0,223029.0,413.0,394762.0
R,전통시장,3130154,상계주공1단지(가)상가,11350695,상계6·7동,11350695,상계6·7동,노원구,1.0000000000000002,0.7724550898203593,0.7005988023952096,0.7335329341317365,0.7005988023952096,0.7355289421157684,base_50pct_all_periods,400,217,60.0,90.0,24.0,30.0,9.0,4.0,2279313223.0,146839.0,917862958.0,433846077.0,861622509.0,65981679.0,0.0,0.0,5386.0,27911.0,110822.0,2720.0,0.0,0.0
A,골목상권,3110422,노원역 9번,11350720,상계10동,11350720,상계10동,노원구,0.7163092239357133,0.7365269461077845,0.6976047904191617,0.7095808383233533,0.6976047904191617,0.7145708582834333,base_50pct_all_periods,400,402,61.0,201.0,67.0,43.0,22.0,8.0,5960239334.0,49389.0,2329899617.0,2532831101.0,938457036.0,51462970.0,107588610.0,0.0,9194.0,35610.0,1312.0,2059.0,1214.0,0.0
A,골목상권,3110138,송정체육공원,11200720,송정동,11200720,송정동,성동구,0.9978032400376314,0.6946107784431138,0.7095808383233533,0.7425149700598802,0.6946107784431138,0.7155688622754491,base_50pct_all_periods,400,698,49.0,307.0,135.0,135.0,41.0,31.0,8821966820.0,543180.0,77545091.0,1471696191.0,4976413110.0,1594612862.0,361747624.0,339951942.0,141.0,28834.0,359821.0,58699.0,21258.0,74427.0
R,전통시장,3130002,세종마을음식문화거리(금천교시장),11110530,사직동,11110530,사직동,종로구,1.0000000000000007,0.7514970059880239,0.6916167664670658,0.7275449101796407,0.6916167664670658,0.7235528942115769,base_50pct_all_periods,400,944,35.0,238.0,145.0,370.0,126.0,30.0,69585761144.0,2384431.0,2493930586.0,5525643278.0,6764413942.0,47007073967.0,6546512235.0,1248187136.0,5435.0,186878.0,581948.0,1265563.0,150761.0,193846.0
A,골목상권,3110008,배화여자대학교(박노수미술관),11110515,청운효자동,11110515,청운효자동,종로구,0.7453424120273935,0.7514970059880239,0.6916167664670658,0.7275449101796407,0.6916167664670658,0.7235528942115769,base_50pct_all_periods,400,1255,112.0,387.0,207.0,292.0,74.0,183.0,19078152049.0,909199.0,74966689.0,246721177.0,454918800.0,9405773305.0,628226636.0,8267545442.0,2862.0,8054.0,5877.0,287997.0,27008.0,577401.0
A,골목상권,3110015,청와대사랑채,11110515,청운효자동,11110515,청운효자동,종로구,1.0,0.7514970059880239,0.6916167664670658,0.7275449101796407,0.6916167664670658,0.7235528942115769,base_50pct_all_periods,400,87,0.0,23.0,20.0,32.0,0.0,12.0,3356653525.0,92206.0,0.0,0.0,0.0,2370829112.0,0.0,985824413.0,0.0,0.0,0.0,16077.0,0.0,76129.0
A,골목상권,3110013,체부동홍종문가옥,11110530,사직동,11110530,사직동,종로구,1.0,0.7514970059880239,0.6916167664670658,0.7275449101796407,0.6916167664670658,0.7235528942115769,base_50pct_all_periods,400,142,11.0,54.0,37.0,16.0,12.0,12.0,172902162.0,11016.0,0.0,0.0,0.0,0.0,0.0,172902162.0,0.0,0.0,0.0,0.0,0.0,11016.0
R,전통시장,3130059,후암시장,11170510,후암동,11170510,후암동,용산구,0.9580905197775685,0.7514970059880239,0.6856287425149701,0.7335329341317365,0.6856287425149701,0.7235528942115769,base_50pct_all_periods,400,465,22.0,134.0,171.0,98.0,32.0,8.0,24224964040.0,1395409.0,403734946.0,1521418476.0,16443894274.0,5483562349.0,40937261.0,331416734.0,685.0,63748.0,1141069.0,118264.0,611.0,71032.0
A,골목상권,3110067,배문고등학교,11170555,청파동,11170555,청파동,용산구,1.0000000000000007,0.7514970059880239,0.6856287425149701,0.7335329341317365,0.6856287425149701,0.7235528942115769,base_50pct_all_periods,400,724,52.0,345.0,139.0,118.0,40.0,30.0,14142410204.0,376464.0,0.0,9124964145.0,1408052862.0,2698272198.0,198501765.0,712619234.0,0.0,47412.0,158098.0,97378.0,3229.0,70347.0
A,골목상권,3110075,숙대입구역 1번,11170530,남영동,11170530,남영동,용산구,0.7676627573517135,0.7514970059880239,0.6856287425149701,0.7335329341317365,0.6856287425149701,0.7235528942115769,base_50pct_all_periods,400,624,25.0,322.0,103.0,96.0,26.0,52.0,10613152681.0,738536.0,3000000.0,3212167584.0,2079751056.0,3139644425.0,305182345.0,1873407271.0,17.0,176812.0,308339.0,91683.0,1649.0,160036.0
A,골목상권,3110092,NH농협은행 보광동지점,11170700,보광동,11170700,보광동,용산구,0.999999999999999,0.7634730538922155,0.6856287425149701,0.7455089820359282,0.6856287425149701,0.7315369261477046,base_50pct_all_periods,400,360,28.0,181.0,67.0,55.0,29.0,0.0,765601448.0,23805.0,0.0,89600024.0,0.0,649712844.0,26288580.0,0.0,0.0,3718.0,0.0,19528.0,559.0,0.0
D,발달상권,3120078,미아사거리역,11305545,송중동,11305545,송중동,강북구,0.9838882155001082,0.6916167664670658,0.6826347305389222,0.6826347305389222,0.6826347305389222,0.6856287425149702,base_50pct_all_periods,400,2104,31.0,370.0,965.0,347.0,363.0,28.0,157134407736.0,4930514.0,42079120.0,64628970692.0,34219023466.0,42604393823.0,12573025114.0,3066915521.0,185.0,1429182.0,1345044.0,1267999.0,452672.0,435432.0
A,골목상권,3110424,상계초등학교,11350640,상계2동,11350640,상계2동,노원구,0.9345091411333615,0.718562874251497,0.6826347305389222,0.7005988023952096,0.6826347305389222,0.7005988023952097,base_50pct_all_periods,400,803,49.0,252.0,169.0,273.0,40.0,20.0,27737669854.0,733252.0,0.0,3493924704.0,20188419860.0,3619848775.0,138910997.0,296565518.0,0.0,53103.0,452691.0,164998.0,935.0,61525.0
D,발달상권,3120079,창동역,11320515,창5동,11320515,창5동,도봉구,0.5265538517462838,0.7035928143712575,0.6796407185628742,0.7275449101796407,0.6796407185628742,0.7035928143712574,base_50pct_all_periods,400,2029,272.0,844.0,288.0,346.0,252.0,27.0,160022403158.0,7784662.0,13217327516.0,92417460285.0,13522880561.0,25064191976.0,13439584931.0,2360957889.0,100692.0,3339145.0,1395561.0,1443912.0,1121068.0,384284.0
R,전통시장,3130153,창동역상점가,11320514,창4동,11320514,창4동,도봉구,0.9980255481757021,0.7035928143712575,0.6796407185628742,0.7275449101796407,0.6796407185628742,0.7035928143712574,base_50pct_all_periods,400,933,33.0,289.0,209.0,212.0,164.0,26.0,43676481185.0,2319908.0,398987465.0,7469369505.0,8014782122.0,19981709263.0,7012105174.0,799527656.0,1751.0,61684.0,1220935.0,630782.0,224841.0,179915.0
A,골목상권,3110409,창동역 2번,11320515,창5동,11320515,창5동,도봉구,0.9999999999999992,0.7035928143712575,0.6796407185628742,0.7275449101796407,0.6796407185628742,0.7035928143712574,base_50pct_all_periods,400,940,161.0,332.0,118.0,194.0,102.0,33.0,17685650186.0,661110.0,4000200665.0,1175149513.0,2206000103.0,5984682655.0,2563538396.0,1756078854.0,16438.0,47541.0,125715.0,169333.0,34858.0,267225.0
D,발달상권,3120193,도산공원교차로,11680545,압구정동,11680545,압구정동,강남구,0.5641869603039643,0.7664670658682635,0.6676646706586826,0.7125748502994012,0.6676646706586826,0.7155688622754491,base_50pct_all_periods,400,2253,123.0,817.0,618.0,506.0,138.0,51.0,190770221894.0,1720198.0,5257686510.0,31269715516.0,78459243189.0,64467115690.0,9858087562.0,1458373427.0,25292.0,72458.0,660297.0,760419.0,65173.0,136559.0
A,골목상권,3110325,장곡초등학교,11290760,장위1동,11290760,장위1동,성북구,0.9985416772891127,0.6766467065868264,0.6706586826347305,0.6676646706586826,0.6676646706586826,0.6716566866267465,base_50pct_all_periods,400,633,72.0,239.0,107.0,122.0,80.0,13.0,11100895298.0,800790.0,562463450.0,446449761.0,4682113725.0,3543057317.0,1849037615.0,17773430.0,2383.0,7603.0,622364.0,138989.0,27538.0,1913.0
U,관광특구,3001495,잠실 관광특구,11710562,방이2동,11710566,오륜동,송파구,0.6138847522033166,0.6796407185628742,0.6646706586826348,0.6976047904191617,0.6646706586826348,0.6806387225548902,base_50pct_all_periods,400,12176,392.0,3089.0,4754.0,2450.0,1039.0,452.0,1470000010563.0,54650346.0,544134431.0,114426630523.0,976324034869.0,273764076628.0,63036291508.0,41904842604.0,19836.0,1351957.0,36133492.0,11203202.0,1434670.0,4507189.0
D,발달상권,3120246,길동역,11740685,길동,11740685,길동,강동구,0.8560350562131304,0.6706586826347305,0.6646706586826348,0.6916167664670658,0.6646706586826348,0.6756487025948102,base_50pct_all_periods,400,4046,178.0,1695.0,631.0,861.0,641.0,40.0,219484610262.0,9994919.0,3405271705.0,89902092478.0,27380138699.0,69488064225.0,22146408052.0,7162635103.0,35814.0,2364331.0,3222540.0,3044506.0,431173.0,896555.0
A,골목상권,3111068,강동성심병원,11740685,길동,11740685,길동,강동구,0.9975574707300527,0.6706586826347305,0.6646706586826348,0.6916167664670658,0.6646706586826348,0.6756487025948102,base_50pct_all_periods,400,112,4.0,48.0,18.0,16.0,26.0,0.0,17987029898.0,677651.0,0.0,13522777516.0,0.0,1757103368.0,734611721.0,1972537293.0,0.0,296402.0,0.0,82527.0,17191.0,281531.0
R,전통시장,3130319,성내전통시장,11740650,성내2동,11740650,성내2동,강동구,1.0,0.6706586826347305,0.6646706586826348,0.6916167664670658,0.6646706586826348,0.6756487025948102,base_50pct_all_periods,400,483,20.0,148.0,180.0,100.0,31.0,4.0,17563087384.0,598093.0,45623498.0,427031969.0,13970827907.0,2696719649.0,422884361.0,0.0,208.0,12501.0,459256.0,113320.0,12808.0,0.0
A,골목상권,3110308,길음역 8번,11290685,길음2동,11290685,길음2동,성북구,0.9758625930587075,0.6976047904191617,0.6646706586826348,0.6916167664670658,0.6646706586826348,0.6846307385229542,base_50pct_all_periods,400,674,176.0,241.0,78.0,103.0,35.0,41.0,16804153232.0,855694.0,7637406839.0,1233841659.0,4235723251.0,2705540691.0,600910600.0,390730192.0,32162.0,27958.0,582882.0,158298.0,1921.0,52473.0
A,골목상권,3111067,강동구립성내도서관,11740660,성내3동,11740660,성내3동,강동구,0.9998011280465607,0.6706586826347305,0.6646706586826348,0.6916167664670658,0.6646706586826348,0.6756487025948102,base_50pct_all_periods,400,1211,52.0,572.0,266.0,183.0,97.0,41.0,15676047707.0,704704.0,501166449.0,2131291988.0,5424274220.0,6698313813.0,815923680.0,105077557.0,617.0,38926.0,375567.0,261206.0,13317.0,15071.0
A,골목상권,3111063,강동구립 천호도서관,11740620,천호3동,11740620,천호3동,강동구,0.9999999999999998,0.6706586826347305,0.6646706586826348,0.6916167664670658,0.6646706586826348,0.6756487025948102,base_50pct_all_periods,400,791,40.0,296.0,173.0,192.0,72.0,18.0,8086860238.0,663699.0,48467595.0,486306446.0,4962065536.0,2013996717.0,452452913.0,123571031.0,327.0,17058.0,557108.0,57742.0,7095.0,24369.0
A,골목상권,3110310,길음역 10번,11290685,길음2동,11290685,길음2동,성북구,0.9797116012709534,0.6976047904191617,0.6646706586826348,0.6916167664670658,0.6646706586826348,0.6846307385229542,base_50pct_all_periods,400,52,4.0,30.0,8.0,6.0,4.0,0.0,0.0,0.0,0.0,0.0,0.0,0.0,0.0,0.0,0.0,0.0,0.0,0.0,0.0,0.0
A,골목상권,3110272,신내1동주민센터,11260680,신내1동,11260680,신내1동,중랑구,0.9938567150614079,0.6976047904191617,0.655688622754491,0.6646706586826348,0.655688622754491,0.6726546906187624,base_50pct_all_periods,400,1539,206.0,435.0,225.0,413.0,194.0,66.0,55827486586.0,2311322.0,4452653609.0,12989668349.0,5350540912.0,22522150501.0,6736800945.0,3775672270.0,18883.0,822434.0,230019.0,612325.0,163773.0,463888.0
A,골목상권,3110084,경리단길북측,11170660,이태원2동,11170660,이태원2동,용산구,0.8959241848922906,0.7365269461077845,0.655688622754491,0.718562874251497,0.655688622754491,0.7035928143712575,base_50pct_all_periods,400,1522,66.0,507.0,355.0,361.0,155.0,78.0,31843032430.0,1109903.0,0.0,3397006932.0,4171234318.0,15604901789.0,7790544890.0,879344501.0,0.0,149909.0,283787.0,407036.0,194888.0,74283.0
A,골목상권,3110299,정릉역 1번,11290620,정릉1동,11290620,정릉1동,성북구,0.8634565824202431,0.6946107784431138,0.6526946107784432,0.6916167664670658,0.6526946107784432,0.6796407185628742,base_50pct_all_periods,400,1041,88.0,467.0,176.0,196.0,85.0,29.0,35443272731.0,1839630.0,7626532079.0,13130060123.0,4380988711.0,8472607470.0,1553866874.0,279217474.0,58582.0,677046.0,565876.0,274857.0,219160.0,44109.0
R,전통시장,3130121,길음시장,11290660,길음1동,11290660,길음1동,성북구,0.9999999999999997,0.6976047904191617,0.6526946107784432,0.6916167664670658,0.6526946107784432,0.6806387225548902,base_50pct_all_periods,400,280,20.0,48.0,160.0,24.0,28.0,0.0,5724902771.0,175920.0,0.0,311501454.0,4803115693.0,400874527.0,209411097.0,0.0,0.0,18180.0,133750.0,19056.0,4934.0,0.0
A,골목상권,3110306,미아초등학교,11290660,길음1동,11290660,길음1동,성북구,0.9999999999999991,0.6976047904191617,0.6526946107784432,0.6916167664670658,0.6526946107784432,0.6806387225548902,base_50pct_all_periods,400,403,131.0,80.0,96.0,43.0,33.0,20.0,2492619560.0,56794.0,947372646.0,0.0,30745109.0,855830497.0,461630451.0,197040857.0,5374.0,0.0,1127.0,30104.0,2388.0,17801.0
A,골목상권,3110307,길음역 7번,11290660,길음1동,11290660,길음1동,성북구,0.9999994822306035,0.6976047904191617,0.6526946107784432,0.6916167664670658,0.6526946107784432,0.6806387225548902,base_50pct_all_periods,400,661,56.0,296.0,127.0,98.0,69.0,15.0,2417994636.0,50823.0,250806297.0,336000000.0,168000000.0,1384855034.0,278333305.0,0.0,594.0,5719.0,5899.0,35005.0,3606.0,0.0
A,골목상권,3110068,남영역 1번,11170560,원효로1동,11170560,원효로1동,용산구,0.7306392634310007,0.6856287425149701,0.6497005988023952,0.6826347305389222,0.6497005988023952,0.6726546906187624,base_50pct_all_periods,400,1030,93.0,392.0,171.0,249.0,52.0,73.0,34439257450.0,1819234.0,6167660273.0,3490372191.0,6706896380.0,15108904270.0,209776551.0,2755647785.0,129871.0,26077.0,854000.0,420919.0,6876.0,381491.0
A,골목상권,3110591,충정로역 6번,11140680,중림동,11140680,중림동,중구,0.7262949184186747,0.7275449101796407,0.6497005988023952,0.688622754491018,0.6497005988023952,0.6886227544910181,base_50pct_all_periods,400,315,4.0,113.0,101.0,59.0,24.0,14.0,24532491013.0,742972.0,0.0,43260753.0,19445153908.0,4987354026.0,0.0,56722326.0,0.0,1248.0,574612.0,156699.0,0.0,10413.0
D,발달상권,3120097,충정로역,11410565,충현동,11410565,충현동,서대문구,0.7887013664715787,0.7275449101796407,0.6497005988023952,0.688622754491018,0.6497005988023952,0.6886227544910181,base_50pct_all_periods,400,474,16.0,172.0,52.0,196.0,20.0,18.0,12471875170.0,883970.0,0.0,50920427.0,2110988222.0,7617414329.0,0.0,2692552192.0,0.0,1825.0,368119.0,259595.0,0.0,254431.0
R,전통시장,3130181,아현가구거리상점가,11410555,북아현동,11410555,북아현동,서대문구,0.9895955199214614,0.7275449101796407,0.6497005988023952,0.688622754491018,0.6497005988023952,0.6886227544910181,base_50pct_all_periods,400,453,4.0,117.0,265.0,31.0,16.0,20.0,11034640313.0,55232.0,0.0,69867152.0,8570258657.0,2373551110.0,0.0,20963394.0,0.0,144.0,11251.0,40886.0,0.0,2951.0
A,골목상권,3110538,충정로역 3번,11410565,충현동,11410565,충현동,서대문구,0.9259594173796483,0.7275449101796407,0.6497005988023952,0.688622754491018,0.6497005988023952,0.6886227544910181,base_50pct_all_periods,400,333,4.0,154.0,37.0,98.0,20.0,20.0,6468326248.0,303771.0,0.0,0.0,157157724.0,5928451577.0,161158999.0,221557948.0,0.0,0.0,25671.0,268871.0,2672.0,6557.0
A,골목상권,3110533,충정로역 7번,11410555,북아현동,11410555,북아현동,서대문구,0.8396052049410394,0.7275449101796407,0.6497005988023952,0.688622754491018,0.6497005988023952,0.6886227544910181,base_50pct_all_periods,400,76,4.0,32.0,28.0,8.0,0.0,4.0,220720982.0,442.0,0.0,0.0,220720982.0,0.0,0.0,0.0,0.0,0.0,442.0,0.0,0.0,0.0
A,골목상권,3110069,숙대입구,11170555,청파동,11170555,청파동,용산구,0.9999999999999997,0.6856287425149701,0.6467065868263473,0.6796407185628742,0.6467065868263473,0.6706586826347305,base_50pct_all_periods,400,1730,93.0,611.0,231.0,489.0,151.0,155.0,62988194181.0,4855441.0,9162625032.0,5526761012.0,8555365375.0,29649054344.0,3562678868.0,6531709550.0,536625.0,168627.0,923136.0,1626316.0,454226.0,1146511.0
R,전통시장,3130182,영천시장,11410520,천연동,11410520,천연동,서대문구,0.9804003050172817,0.7245508982035929,0.6467065868263473,0.7035928143712575,0.6467065868263473,0.6916167664670659,base_50pct_all_periods,400,620,16.0,147.0,206.0,179.0,68.0,4.0,38702268545.0,1761582.0,0.0,13683419318.0,18546017101.0,5964216313.0,508615813.0,0.0,0.0,889020.0,602498.0,267110.0,2954.0,0.0
A,골목상권,3110311,종암아이파크2차후문,11290705,종암동,11290705,종암동,성북구,1.0,0.6826347305389222,0.6586826347305389,0.6437125748502994,0.6437125748502994,0.6616766467065868,base_50pct_all_periods,400,29,12.0,8.0,9.0,0.0,0.0,0.0,0.0,0.0,0.0,0.0,0.0,0.0,0.0,0.0,0.0,0.0,0.0,0.0,0.0,0.0
A,골목상권,3110414,장석교회,11350560,월계1동,11350560,월계1동,노원구,0.9698843059256552,0.655688622754491,0.6616766467065869,0.6437125748502994,0.6437125748502994,0.6536926147704591,base_50pct_all_periods,400,120,8.0,59.0,46.0,3.0,4.0,0.0,0.0,0.0,0.0,0.0,0.0,0.0,0.0,0.0,0.0,0.0,0.0,0.0,0.0,0.0
D,발달상권,3120045,남영동 먹자골목,11170530,남영동,11170530,남영동,용산구,1.0000000000000004,0.6856287425149701,0.6407185628742516,0.6796407185628742,0.6407185628742516,0.6686626746506986,base_50pct_all_periods,400,1180,36.0,266.0,103.0,509.0,173.0,93.0,112508419274.0,2767125.0,0.0,5039272251.0,4188892795.0,69721435193.0,28578057366.0,4980761669.0,0.0,186443.0,356442.0,1283950.0,578518.0,361772.0
D,발달상권,3120042,"숙대입구역(남영역, 남영동)",11170530,남영동,11170530,남영동,용산구,0.997186346928433,0.6856287425149701,0.6407185628742516,0.6796407185628742,0.6407185628742516,0.6686626746506986,base_50pct_all_periods,400,978,55.0,352.0,167.0,214.0,146.0,44.0,54312401222.0,2256749.0,1164433303.0,24902366993.0,4469021308.0,12440917571.0,8107476845.0,3228185202.0,47644.0,708289.0,402012.0,589675.0,161795.0,347334.0
A,골목상권,3110154,광진정말공원,11215820,자양1동,11215820,자양1동,광진구,0.9655257930920544,0.6526946107784432,0.6407185628742516,0.6676646706586826,0.6407185628742516,0.653692614770459,base_50pct_all_periods,400,991,62.0,431.0,195.0,168.0,95.0,40.0,24496585196.0,1008714.0,830948685.0,8783785911.0,5373407890.0,7230222841.0,1860979615.0,417240254.0,2310.0,285095.0,322098.0,210069.0,118603.0,70539.0
A,골목상권,3110163,성자초등학교,11215830,자양2동,11215830,자양2동,광진구,0.9999999999999998,0.6526946107784432,0.6407185628742516,0.6676646706586826,0.6407185628742516,0.653692614770459,base_50pct_all_periods,400,695,93.0,262.0,156.0,107.0,49.0,28.0,13282011418.0,770873.0,2232208959.0,245138896.0,5478861842.0,4344900204.0,545582961.0,435318556.0,11618.0,7561.0,477953.0,152717.0,19703.0,101321.0
A,골목상권,3110426,상계2동주민센터,11350640,상계2동,11350640,상계2동,노원구,0.9925771208978701,0.6856287425149701,0.6377245508982036,0.6856287425149701,0.6377245508982036,0.6696606786427145,base_50pct_all_periods,400,877,52.0,335.0,117.0,226.0,114.0,33.0,6545544697.0,212581.0,12000000.0,744366899.0,1414825436.0,3733409612.0,492835348.0,148107402.0,83.0,8308.0,66104.0,115777.0,4716.0,17593.0
R,전통시장,3130114,유영시장,11260660,망우3동,11260660,망우3동,중랑구,1.0,0.7574850299401198,0.6706586826347305,0.6377245508982036,0.6377245508982036,0.6886227544910178,base_50pct_all_periods,400,24,0.0,4.0,4.0,8.0,0.0,8.0,0.0,0.0,0.0,0.0,0.0,0.0,0.0,0.0,0.0,0.0,0.0,0.0,0.0,0.0
D,발달상권,3120178,신사역,11650540,잠원동,11650540,잠원동,서초구,0.49620177729823817,0.7514970059880239,0.6347305389221557,0.6916167664670658,0.6347305389221557,0.6926147704590818,base_50pct_all_periods,400,7424,427.0,3723.0,1255.0,1331.0,468.0,220.0,568956233018.0,10378808.0,11189356400.0,300580505972.0,81774907040.0,135718563305.0,27923911634.0,11768988667.0,83673.0,1828409.0,2771524.0,2745638.0,1333823.0,1615741.0
D,발달상권,3120185,논현역,11680521,논현1동,11680521,논현1동,강남구,0.6292112802444024,0.7514970059880239,0.6347305389221557,0.6916167664670658,0.6347305389221557,0.6926147704590818,base_50pct_all_periods,400,5989,253.0,2968.0,1107.0,1010.0,441.0,210.0,427485773529.0,9156946.0,728454819.0,175911605050.0,123228698684.0,93487469633.0,19485486889.0,14644058454.0,10444.0,1439204.0,1805736.0,3075986.0,769184.0,2056392.0
D,발달상권,3120174,논현역 5번,11650540,잠원동,11650540,잠원동,서초구,0.985923048735823,0.7514970059880239,0.6347305389221557,0.6916167664670658,0.6347305389221557,0.6926147704590818,base_50pct_all_periods,400,330,30.0,184.0,68.0,40.0,0.0,8.0,19489653558.0,45886.0,0.0,1355256355.0,17982823933.0,151573270.0,0.0,0.0,0.0,9525.0,30343.0,6018.0,0.0,0.0
A,골목상권,3110950,논현역 7번,11680521,논현1동,11680521,논현1동,강남구,0.9999999999999999,0.7514970059880239,0.6347305389221557,0.6916167664670658,0.6347305389221557,0.6926147704590818,base_50pct_all_periods,400,136,7.0,85.0,24.0,4.0,16.0,0.0,0.0,0.0,0.0,0.0,0.0,0.0,0.0,0.0,0.0,0.0,0.0,0.0,0.0,0.0
A,골목상권,3110160,광진경찰서,11215850,구의1동,11215850,구의1동,광진구,0.9991130730604594,0.6317365269461078,0.6317365269461078,0.688622754491018,0.6317365269461078,0.6506986027944112,base_50pct_all_periods,400,253,42.0,92.0,66.0,31.0,10.0,12.0,863334673.0,9985.0,0.0,85695586.0,761089291.0,16549796.0,0.0,0.0,0.0,922.0,8529.0,534.0,0.0,0.0
A,골목상권,3110953,학동근린공원,11680521,논현1동,11680521,논현1동,강남구,0.9999999999999997,0.7245508982035929,0.6317365269461078,0.688622754491018,0.6317365269461078,0.6816367265469063,base_50pct_all_periods,400,336,45.0,140.0,84.0,28.0,23.0,16.0,116631915.0,4862.0,0.0,0.0,0.0,9673411.0,44103062.0,62855442.0,0.0,0.0,0.0,898.0,36.0,3928.0
A,골목상권,3110279,신내역 2번,11260680,신내1동,11260680,신내1동,중랑구,0.9769270006552181,0.6586826347305389,0.6287425149700598,0.6676646706586826,0.6287425149700598,0.6516966067864272,base_50pct_all_periods,400,330,19.0,92.0,165.0,45.0,0.0,9.0,0.0,0.0,0.0,0.0,0.0,0.0,0.0,0.0,0.0,0.0,0.0,0.0,0.0,0.0
A,골목상권,3110378,송중동주민센터,11305545,송중동,11305545,송중동,강북구,1.0000000000000009,0.6706586826347305,0.625748502994012,0.6586826347305389,0.625748502994012,0.6516966067864272,base_50pct_all_periods,400,365,37.0,139.0,69.0,78.0,26.0,16.0,8378258968.0,472033.0,301194348.0,2967706570.0,2799359414.0,1983777921.0,264567962.0,61652753.0,1524.0,140049.0,219267.0,97127.0,6052.0,8014.0
R,전통시장,3130143,방천골목시장,11305545,송중동,11305545,송중동,강북구,1.0000000000000004,0.6706586826347305,0.625748502994012,0.6586826347305389,0.625748502994012,0.6516966067864272,base_50pct_all_periods,400,277,4.0,95.0,47.0,83.0,43.0,5.0,8088409378.0,209465.0,0.0,477538129.0,5191271823.0,1933716692.0,485882734.0,0.0,0.0,12990.0,137179.0,44091.0,15205.0,0.0
A,골목상권,3110377,미아사거리역 3번,11305545,송중동,11305545,송중동,강북구,0.9699072962206575,0.6706586826347305,0.625748502994012,0.6586826347305389,0.625748502994012,0.6516966067864272,base_50pct_all_periods,400,314,14.0,101.0,16.0,107.0,64.0,12.0,5691722992.0,110415.0,0.0,0.0,0.0,3792573905.0,1803617284.0,95531803.0,0.0,0.0,0.0,78093.0,26837.0,5485.0
D,발달상권,3120080,마들역,11350710,상계9동,11350710,상계9동,노원구,0.5103478920293193,0.7245508982035929,0.6227544910179641,0.6736526946107785,0.6227544910179641,0.6736526946107785,base_50pct_all_periods,400,1190,241.0,500.0,198.0,160.0,87.0,4.0,105800754161.0,5450666.0,10787859262.0,47497324758.0,28013703849.0,14492915909.0,3143563082.0,1865387301.0,62325.0,2466578.0,1244007.0,1156530.0,73740.0,447486.0
A,골목상권,3110532,아현역 2번,11410555,북아현동,11410555,북아현동,서대문구,0.9940345345282603,0.7005988023952096,0.6227544910179641,0.6646706586826348,0.6227544910179641,0.6626746506986029,base_50pct_all_periods,400,521,18.0,216.0,122.0,99.0,50.0,16.0,20493370406.0,1142641.0,0.0,8469476694.0,8143307585.0,2585781162.0,1282161571.0,12643394.0,0.0,597567.0,386177.0,129177.0,29312.0,408.0
A,골목상권,3110020,서울국제고등학교,11110650,혜화동,11110650,혜화동,종로구,0.9965288650756925,0.6916167664670658,0.6227544910179641,0.6706586826347305,0.6227544910179641,0.6616766467065868,base_50pct_all_periods,400,518,24.0,149.0,81.0,228.0,8.0,28.0,10012747984.0,914263.0,0.0,773125253.0,4736621633.0,4240691995.0,0.0,262309103.0,0.0,66430.0,444854.0,311558.0,0.0,91421.0
A,골목상권,3110405,방학역 1번,11320690,방학1동,11320690,방학1동,도봉구,0.5637583120512221,0.6377245508982036,0.6197604790419161,0.6347305389221557,0.6197604790419161,0.6307385229540917,base_50pct_all_periods,400,1488,96.0,562.0,285.0,362.0,165.0,18.0,56603497006.0,3435472.0,397324913.0,23065837756.0,18309678598.0,9142220976.0,5610177984.0,78256779.0,2097.0,1183078.0,1278794.0,550685.0,408662.0,12156.0
A,골목상권,3110410,방학역 2번,11320690,방학1동,11320690,방학1동,도봉구,0.6152161464398948,0.6377245508982036,0.6197604790419161,0.6347305389221557,0.6197604790419161,0.6307385229540917,base_50pct_all_periods,400,956,34.0,294.0,242.0,231.0,119.0,36.0,29375916161.0,1346643.0,2762469589.0,7134146743.0,5549059388.0,9414861384.0,2923570540.0,1591808517.0,6235.0,280492.0,485827.0,259979.0,98611.0,215499.0
A,골목상권,3110403,방학1동주민센터,11320690,방학1동,11320690,방학1동,도봉구,0.9986717282020683,0.6377245508982036,0.6197604790419161,0.6347305389221557,0.6197604790419161,0.6307385229540917,base_50pct_all_periods,400,1237,20.0,461.0,300.0,261.0,171.0,24.0,23962581028.0,1443322.0,1222491227.0,2680088213.0,8397941822.0,9427997732.0,1647262460.0,586799574.0,3698.0,157427.0,880509.0,224028.0,36687.0,140973.0
R,전통시장,3130151,신도봉시장,11320521,도봉1동,11320521,도봉1동,도봉구,1.0,0.6377245508982036,0.6197604790419161,0.6347305389221557,0.6197604790419161,0.6307385229540917,base_50pct_all_periods,400,123,0.0,22.0,48.0,37.0,8.0,8.0,4287689043.0,174113.0,0.0,0.0,3550218560.0,737470483.0,0.0,0.0,0.0,0.0,156510.0,17603.0,0.0,0.0
D,발달상권,3120200,학동사거리,11680565,청담동,11680565,청담동,강남구,0.4051008274129478,0.6706586826347305,0.6137724550898204,0.6796407185628742,0.6137724550898204,0.654690618762475,base_50pct_all_periods,400,5594,102.0,1894.0,1660.0,1309.0,469.0,160.0,451956254358.0,4011505.0,320298674.0,134400336343.0,180605157696.0,105479457548.0,23862843479.0,7288160618.0,2068.0,576474.0,1473065.0,1206639.0,127171.0,626088.0
D,발달상권,3120196,서울세관,11680531,논현2동,11680531,논현2동,강남구,1.0000000000000002,0.6706586826347305,0.6137724550898204,0.6796407185628742,0.6137724550898204,0.654690618762475,base_50pct_all_periods,400,2118,64.0,1100.0,486.0,247.0,161.0,60.0,52823659207.0,1578242.0,183523825.0,9372033467.0,13983889898.0,25620971903.0,1911419252.0,1751820862.0,30372.0,97310.0,515574.0,610542.0,42824.0,281620.0
R,전통시장,3130140,숭인시장,11305555,송천동,11305555,송천동,강북구,0.9266785833233223,0.6706586826347305,0.6137724550898204,0.655688622754491,0.6137724550898204,0.6467065868263474,base_50pct_all_periods,400,511,18.0,169.0,138.0,130.0,52.0,4.0,18033375799.0,1217777.0,0.0,8640324725.0,1330983998.0,7505710326.0,556356750.0,0.0,0.0,495277.0,36835.0,673200.0,12465.0,0.0
D,발달상권,3120203,강남구청역,11680531,논현2동,11680531,논현2동,강남구,0.6564842170956707,0.6646706586826348,0.6107784431137725,0.6706586826347305,0.6107784431137725,0.6487025948103793,base_50pct_all_periods,400,4967,267.0,2388.0,946.0,738.0,440.0,188.0,230792724476.0,6992097.0,17260830657.0,72319103267.0,43625935283.0,64816073710.0,20876159273.0,11894622286.0,145018.0,1276421.0,2029789.0,1744736.0,265941.0,1530192.0
A,골목상권,3110397,도봉산입구,11320521,도봉1동,11320521,도봉1동,도봉구,0.9898359418151788,0.6377245508982036,0.6107784431137725,0.6377245508982036,0.6107784431137725,0.6287425149700598,base_50pct_all_periods,400,1467,68.0,410.0,439.0,321.0,188.0,41.0,77986334422.0,2918935.0,71787335.0,8563703254.0,52657744019.0,14352860330.0,1886037784.0,454201700.0,240.0,455364.0,1797779.0,556079.0,31977.0,77496.0
A,골목상권,3110966,논현2동주민센터,11680531,논현2동,11680531,논현2동,강남구,0.9999999999999999,0.6616766467065869,0.6107784431137725,0.6706586826347305,0.6107784431137725,0.6477045908183633,base_50pct_all_periods,400,1305,60.0,524.0,340.0,261.0,64.0,56.0,15814349540.0,428448.0,0.0,2114673991.0,1414977783.0,9978870659.0,1228552029.0,1077275078.0,0.0,37929.0,4573.0,233152.0,15885.0,136909.0
A,골목상권,3110371,삼양입구사거리,11305555,송천동,11305555,송천동,강북구,0.9980071177349595,0.6706586826347305,0.6107784431137725,0.655688622754491,0.6107784431137725,0.6457085828343314,base_50pct_all_periods,400,516,0.0,144.0,111.0,177.0,64.0,20.0,14289175418.0,429156.0,0.0,134357508.0,7831216482.0,5834552856.0,450162168.0,38886404.0,0.0,5148.0,248955.0,160808.0,9723.0,4522.0
A,골목상권,3110973,강남구청역 4번,11680565,청담동,11680565,청담동,강남구,0.9778918571644896,0.6616766467065869,0.6107784431137725,0.6706586826347305,0.6107784431137725,0.6477045908183633,base_50pct_all_periods,400,746,105.0,415.0,133.0,33.0,48.0,12.0,7345375704.0,78854.0,2332626619.0,4981821447.0,0.0,0.0,30927638.0,0.0,6275.0,72547.0,0.0,0.0,32.0,0.0
A,골목상권,3110374,송중초등학교,11305545,송중동,11305545,송중동,강북구,0.9986808761590079,0.6706586826347305,0.6107784431137725,0.655688622754491,0.6107784431137725,0.6457085828343314,base_50pct_all_periods,400,1088,78.0,464.0,274.0,188.0,68.0,16.0,5984715987.0,249338.0,292141395.0,1221735699.0,1749177381.0,2137257031.0,428568561.0,155835920.0,4561.0,14940.0,114269.0,93098.0,2919.0,19551.0
A,골목상권,3110968,강남구청역 2번,11680531,논현2동,11680531,논현2동,강남구,0.9999999999999997,0.6616766467065869,0.6107784431137725,0.6706586826347305,0.6107784431137725,0.6477045908183633,base_50pct_all_periods,400,233,24.0,121.0,32.0,27.0,12.0,17.0,3743659411.0,103575.0,0.0,1028321508.0,0.0,2589900674.0,0.0,125437229.0,0.0,5153.0,0.0,78241.0,0.0,20181.0
A,골목상권,3110368,송천초등학교,11305555,송천동,11305555,송천동,강북구,0.9758376867209557,0.6706586826347305,0.6107784431137725,0.655688622754491,0.6107784431137725,0.6457085828343314,base_50pct_all_periods,400,423,52.0,182.0,61.0,92.0,32.0,4.0,1928266544.0,79240.0,566795462.0,193141572.0,13815358.0,1010210440.0,144303712.0,0.0,1631.0,4830.0,1942.0,69694.0,1143.0,0.0
A,골목상권,3110276,신내IC북측,11260680,신내1동,11260680,신내1동,중랑구,0.9908500507282765,0.655688622754491,0.6077844311377245,0.6526946107784432,0.6077844311377245,0.6387225548902196,base_50pct_all_periods,400,99,0.0,47.0,28.0,12.0,0.0,12.0,0.0,0.0,0.0,0.0,0.0,0.0,0.0,0.0,0.0,0.0,0.0,0.0,0.0,0.0
A,골목상권,3110275,하나은행 망우동지점,11260655,망우본동,11260655,망우본동,중랑구,1.0,0.7425149700598802,0.6766467065868264,0.6047904191616766,0.6047904191616766,0.6746506986027944,base_50pct_all_periods,400,387,8.0,119.0,52.0,92.0,92.0,24.0,10302693477.0,218630.0,0.0,200638901.0,0.0,8634329841.0,1317434311.0,150290424.0,0.0,4992.0,0.0,171152.0,16678.0,25808.0
D,발달상권,3120208,청담사거리(청담동명품거리),11680565,청담동,11680565,청담동,강남구,0.9992776203240201,0.6526946107784432,0.6017964071856288,0.6676646706586826,0.6017964071856288,0.6407185628742514,base_50pct_all_periods,400,5804,173.0,2176.0,1909.0,971.0,434.0,141.0,504747107558.0,4247894.0,2985497591.0,109287115860.0,278414498854.0,93105534319.0,14918844667.0,6035616267.0,40220.0,503799.0,1827436.0,1407572.0,61093.0,407774.0
D,발달상권,3120213,삼성중앙역,11680590,삼성2동,11680590,삼성2동,강남구,0.5344957591079584,0.6497005988023952,0.6017964071856288,0.6676646706586826,0.6017964071856288,0.6397205588822356,base_50pct_all_periods,400,3200,89.0,1383.0,579.0,694.0,298.0,157.0,141509752402.0,3160853.0,268008248.0,5236777312.0,42266349175.0,65163023731.0,22756938806.0,5818655130.0,15256.0,75522.0,1254256.0,1019987.0,210505.0,585327.0
A,골목상권,3110072,열정도,11170560,원효로1동,11170560,원효로1동,용산구,1.0000000000000002,0.6497005988023952,0.6017964071856288,0.6407185628742516,0.6017964071856288,0.6307385229540918,base_50pct_all_periods,400,270,8.0,64.0,68.0,88.0,16.0,26.0,10963033027.0,212238.0,0.0,0.0,0.0,8330533380.0,2603499117.0,29000530.0,0.0,0.0,0.0,160050.0,49882.0,2306.0
A,골목상권,3110982,강남구보훈회관,11680590,삼성2동,11680590,삼성2동,강남구,0.9999999999999998,0.6467065868263473,0.6017964071856288,0.6676646706586826,0.6017964071856288,0.6387225548902196,base_50pct_all_periods,400,407,74.0,203.0,62.0,12.0,48.0,8.0,3492910274.0,39849.0,1644252602.0,1200959604.0,321277654.0,0.0,326420414.0,0.0,4067.0,30664.0,4637.0,0.0,481.0,0.0
A,골목상권,3110128,성원중학교,11200650,성수1가1동,11200650,성수1가1동,성동구,0.6290687592503443,0.5988023952095808,0.5958083832335329,0.6407185628742516,0.5958083832335329,0.6117764471057884,base_50pct_all_periods,400,2036,131.0,833.0,456.0,377.0,151.0,88.0,54570865092.0,2268113.0,1825505848.0,21167261704.0,17160189537.0,12754254217.0,1278843908.0,384809878.0,28368.0,584782.0,1155907.0,436988.0,23506.0,38562.0
A,골목상권,3110135,성동세무서,11200720,송정동,11200720,송정동,성동구,0.8937638832070781,0.6107784431137725,0.5958083832335329,0.655688622754491,0.5958083832335329,0.6207584830339322,base_50pct_all_periods,400,653,12.0,394.0,81.0,83.0,44.0,39.0,5173942574.0,164230.0,0.0,1450956690.0,0.0,3682387498.0,8108924.0,32489462.0,0.0,39230.0,0.0,121094.0,146.0,3760.0
A,골목상권,3110535,영천시장입구,11410520,천연동,11410520,천연동,서대문구,0.9954200855770889,0.6586826347305389,0.5958083832335329,0.625748502994012,0.5958083832335329,0.626746506986028,base_50pct_all_periods,400,237,32.0,42.0,77.0,50.0,24.0,12.0,3509252181.0,201799.0,36000000.0,73951315.0,2735775295.0,663525571.0,0.0,0.0,110.0,1718.0,174573.0,25398.0,0.0,0.0
A,골목상권,3110273,장스여성병원,11260680,신내1동,11260680,신내1동,중랑구,0.7023193541168266,0.7395209580838323,0.6526946107784432,0.592814371257485,0.592814371257485,0.6616766467065869,base_50pct_all_periods,400,484,8.0,206.0,60.0,103.0,93.0,14.0,21782793694.0,915704.0,0.0,11524571772.0,966356158.0,8020887239.0,1106781119.0,164197406.0,0.0,461504.0,97363.0,300976.0,23208.0,32653.0
A,골목상권,3110413,누원고등학교,11320522,도봉2동,11320522,도봉2동,도봉구,0.9999999839748382,0.625748502994012,0.592814371257485,0.6227544910179641,0.592814371257485,0.6137724550898204,base_50pct_all_periods,400,303,23.0,126.0,61.0,64.0,17.0,12.0,3324313936.0,221029.0,0.0,722422309.0,150767520.0,2451124107.0,0.0,0.0,0.0,97722.0,34899.0,88408.0,0.0,0.0
A,골목상권,3110113,응봉산,11200580,응봉동,11200580,응봉동,성동구,1.0000000000000002,0.6377245508982036,0.5898203592814372,0.6586826347305389,0.5898203592814372,0.6287425149700598,base_50pct_all_periods,400,245,48.0,78.0,39.0,47.0,24.0,9.0,1043438172.0,21436.0,519227697.0,121988205.0,0.0,350326697.0,51101056.0,794517.0,1713.0,7451.0,0.0,11822.0,311.0,139.0
R,전통시장,3130123,꿈의숲 장곡 골목형상점가,11290760,장위1동,11290760,장위1동,성북구,0.9999798190785467,0.6167664670658682,0.5868263473053892,0.6077844311377245,0.5868263473053892,0.6037924151696606,base_50pct_all_periods,400,200,19.0,57.0,27.0,56.0,28.0,13.0,6214979737.0,202777.0,0.0,243654370.0,3353288.0,5192975744.0,774996335.0,0.0,0.0,7080.0,101.0,190466.0,5130.0,0.0
A,골목상권,3110322,장위1동주민센터,11290760,장위1동,11290760,장위1동,성북구,0.9930001952758594,0.6227544910179641,0.5868263473053892,0.5988023952095808,0.5868263473053892,0.6027944111776447,base_50pct_all_periods,400,289,8.0,147.0,64.0,40.0,26.0,4.0,2528506081.0,243522.0,0.0,174945625.0,1447686133.0,881476778.0,24397545.0,0.0,0.0,5545.0,209449.0,28015.0,513.0,0.0
R,전통시장,3130116,동성타워프라자,11260680,신내1동,11260680,신내1동,중랑구,1.0000000000000004,0.6497005988023952,0.5868263473053892,0.6107784431137725,0.5868263473053892,0.6157684630738522,base_50pct_all_periods,400,197,32.0,76.0,70.0,9.0,4.0,6.0,965130050.0,54977.0,139647905.0,309057303.0,516424842.0,0.0,0.0,0.0,962.0,6408.0,47607.0,0.0,0.0,0.0
R,전통시장,3130124,번동시장,11290780,장위3동,11290780,장위3동,성북구,0.9999999999999998,0.592814371257485,0.592814371257485,0.5868263473053892,0.5868263473053892,0.590818363273453,base_50pct_all_periods,400,12,0.0,0.0,8.0,4.0,0.0,0.0,0.0,0.0,0.0,0.0,0.0,0.0,0.0,0.0,0.0,0.0,0.0,0.0,0.0,0.0
D,발달상권,3120195,성수대교남단,11680545,압구정동,11680545,압구정동,강남구,0.9999999999999996,0.7604790419161677,0.5838323353293413,0.7005988023952096,0.5838323353293413,0.6816367265469062,base_50pct_all_periods,400,2607,354.0,886.0,587.0,477.0,209.0,94.0,285187707623.0,2376698.0,17527171459.0,54021631513.0,169275904351.0,40787434783.0,2200781468.0,1374784049.0,40219.0,510875.0,1070352.0,558427.0,12301.0,184524.0
D,발달상권,3120188,압구정역,11680510,신사동,11680510,신사동,강남구,0.56434711520811,0.7574850299401198,0.5808383233532934,0.6976047904191617,0.5808383233532934,0.6786427145708583,base_50pct_all_periods,400,6453,899.0,2620.0,1443.0,919.0,412.0,160.0,619347749494.0,8074535.0,109298417135.0,378081273516.0,35184180607.0,77783952964.0,10269991960.0,8729933312.0,324432.0,1861389.0,1653762.0,2579888.0,406104.0,1248960.0
D,발달상권,3120041,신용산역(용산역),11170625,한강로동,11170625,한강로동,용산구,0.9761130181583557,0.6976047904191617,0.5808383233532934,0.6646706586826348,0.5808383233532934,0.6477045908183633,base_50pct_all_periods,400,7415,263.0,2403.0,2277.0,1591.0,469.0,412.0,179760092058.0,5797596.0,273429101.0,19557968855.0,26333328473.0,113503541711.0,6428165716.0,13663658202.0,10969.0,352054.0,1416415.0,2479194.0,106401.0,1432563.0
D,발달상권,3120044,삼각지역,11170625,한강로동,11170625,한강로동,용산구,0.9999533574597045,0.6976047904191617,0.5808383233532934,0.6646706586826348,0.5808383233532934,0.6477045908183633,base_50pct_all_periods,400,1715,76.0,501.0,206.0,615.0,169.0,148.0,43787175242.0,927572.0,0.0,400725724.0,1124179300.0,35845965576.0,4694083343.0,1722221299.0,0.0,9969.0,137327.0,523794.0,81029.0,175453.0
A,골목상권,3110407,도봉역 2번,11320521,도봉1동,11320521,도봉1동,도봉구,0.9846362783655142,0.6017964071856288,0.5808383233532934,0.6047904191616766,0.5808383233532934,0.5958083832335329,base_50pct_all_periods,400,1191,30.0,445.0,248.0,287.0,131.0,50.0,30879753330.0,1577456.0,0.0,4578204486.0,12498689220.0,10293252207.0,3122137367.0,387470050.0,0.0,191021.0,988971.0,269172.0,65401.0,62891.0
A,골목상권,3110959,신구중학교,11680545,압구정동,11680545,압구정동,강남구,1.0000000000000004,0.7574850299401198,0.5808383233532934,0.6976047904191617,0.5808383233532934,0.6786427145708583,base_50pct_all_periods,400,173,26.0,64.0,28.0,46.0,4.0,5.0,15455983268.0,41478.0,0.0,3517113512.0,0.0,11938869756.0,0.0,0.0,0.0,4148.0,0.0,37330.0,0.0,0.0
A,골목상권,3110076,삼각지역 14번,11170625,한강로동,11170625,한강로동,용산구,0.9999999999999996,0.6976047904191617,0.5808383233532934,0.6646706586826348,0.5808383233532934,0.6477045908183633,base_50pct_all_periods,400,108,0.0,19.0,32.0,49.0,0.0,8.0,5192130912.0,226941.0,0.0,0.0,5441222.0,4238329500.0,0.0,948360190.0,0.0,0.0,100.0,80788.0,0.0,146053.0
A,골목상권,3110411,도봉역 3번,11320522,도봉2동,11320522,도봉2동,도봉구,1.0000000000000002,0.6017964071856288,0.5808383233532934,0.6047904191616766,0.5808383233532934,0.5958083832335329,base_50pct_all_periods,400,508,8.0,284.0,56.0,114.0,38.0,8.0,3110854065.0,97846.0,0.0,88261515.0,0.0,2818053907.0,169842384.0,34696259.0,0.0,3015.0,0.0,79175.0,10747.0,4909.0
A,골목상권,3110073,삼각지역 3번,11170625,한강로동,11170625,한강로동,용산구,0.9999999999999998,0.6976047904191617,0.5808383233532934,0.6646706586826348,0.5808383233532934,0.6477045908183633,base_50pct_all_periods,400,437,25.0,155.0,117.0,100.0,7.0,33.0,910799340.0,11019.0,0.0,0.0,91937168.0,818862172.0,0.0,0.0,0.0,0.0,596.0,10423.0,0.0,0.0
R,전통시장,3130146,쌍문시장(쌍문역골목시장),11320680,쌍문3동,11320680,쌍문3동,도봉구,0.999800029773477,0.6197604790419161,0.5778443113772455,0.6227544910179641,0.5778443113772455,0.6067864271457085,base_50pct_all_periods,400,1358,38.0,568.0,328.0,274.0,119.0,31.0,66203009946.0,3571419.0,5082825.0,28147947467.0,19914029039.0,15422302249.0,1636837661.0,1076810705.0,513.0,1180596.0,1516071.0,654846.0,22228.0,197165.0
A,골목상권,3110396,쌍문역1번(쌍리단길),11320511,창1동,11320511,창1동,도봉구,0.9942581084976398,0.6197604790419161,0.5778443113772455,0.6227544910179641,0.5778443113772455,0.6067864271457085,base_50pct_all_periods,400,712,10.0,326.0,150.0,159.0,51.0,16.0,54242577383.0,3982041.0,0.0,29883591261.0,13417404714.0,6248704158.0,1544415720.0,3148461530.0,0.0,1050732.0,1952868.0,465543.0,25483.0,487415.0
R,전통시장,3130147,쌍문역동측상점가,11320511,창1동,11320511,창1동,도봉구,0.7439293171458848,0.6197604790419161,0.5778443113772455,0.6227544910179641,0.5778443113772455,0.6067864271457085,base_50pct_all_periods,400,640,4.0,251.0,105.0,177.0,85.0,18.0,39351935206.0,2156747.0,0.0,9137068394.0,5553040118.0,21753173246.0,2693658747.0,214994701.0,0.0,395214.0,312228.0,1350758.0,69649.0,28898.0
R,전통시장,3130113,신아타운,11260690,신내2동,11260690,신내2동,중랑구,1.0,0.5868263473053892,0.5838323353293413,0.5778443113772455,0.5778443113772455,0.5828343313373253,base_50pct_all_periods,400,750,84.0,420.0,150.0,55.0,34.0,7.0,37314705209.0,831901.0,13231591407.0,7631241610.0,1250327114.0,328724672.0,14686143469.0,186676937.0,84400.0,479315.0,23077.0,14914.0,208931.0,21264.0
A,골목상권,3110376,수송초등학교,11305595,번1동,11305595,번1동,강북구,0.987003736277715,0.6437125748502994,0.5778443113772455,0.6047904191616766,0.5778443113772455,0.6087824351297405,base_50pct_all_periods,400,1306,105.0,492.0,247.0,274.0,131.0,57.0,33918638632.0,1281343.0,1617423892.0,3487302109.0,21142495785.0,4176605150.0,3158248579.0,336563117.0,8709.0,105120.0,937392.0,111829.0,84102.0,34191.0
R,전통시장,3130145,쌍문역둘리상점가,11320680,쌍문3동,11320680,쌍문3동,도봉구,0.9513545776728515,0.6197604790419161,0.5778443113772455,0.6227544910179641,0.5778443113772455,0.6067864271457085,base_50pct_all_periods,400,397,13.0,180.0,36.0,103.0,61.0,4.0,12391357243.0,488750.0,4400000.0,314027366.0,1433898100.0,7195642244.0,3443389533.0,0.0,42.0,8800.0,200909.0,196514.0,82485.0,0.0
A,골목상권,3110388,도봉우체국,11320680,쌍문3동,11320680,쌍문3동,도봉구,0.9919123440604192,0.6197604790419161,0.5778443113772455,0.6227544910179641,0.5778443113772455,0.6067864271457085,base_50pct_all_periods,400,232,45.0,80.0,37.0,33.0,29.0,8.0,5615236592.0,110860.0,3665237524.0,131956676.0,0.0,1482209065.0,131562658.0,204270669.0,18081.0,5104.0,0.0,44447.0,2063.0,41165.0
A,골목상권,3110002,독립문역 1번,11110570,무악동,11110570,무악동,종로구,0.7627921409422489,0.6706586826347305,0.5748502994011976,0.6497005988023952,0.5748502994011976,0.6317365269461078,base_50pct_all_periods,400,255,61.0,104.0,28.0,33.0,21.0,8.0,22357660583.0,864590.0,52248108.0,18271624131.0,0.0,3801071755.0,0.0,232716589.0,181.0,595256.0,0.0,240599.0,0.0,28554.0
A,골목상권,3110004,대신고등학교,11110580,교남동,11110580,교남동,종로구,0.9606576710959757,0.6706586826347305,0.5748502994011976,0.6497005988023952,0.5748502994011976,0.6317365269461078,base_50pct_all_periods,400,142,4.0,57.0,24.0,22.0,26.0,9.0,2693038025.0,41416.0,0.0,51010007.0,0.0,2631150360.0,0.0,10877658.0,0.0,2406.0,0.0,38257.0,0.0,753.0
A,골목상권,3110370,도봉세무서,11305555,송천동,11305555,송천동,강북구,1.0000000000000004,0.6407185628742516,0.5718562874251497,0.6107784431137725,0.5718562874251497,0.6077844311377246,base_50pct_all_periods,400,599,36.0,276.0,114.0,99.0,36.0,38.0,14372181842.0,512802.0,0.0,7141269404.0,2902325763.0,3996103213.0,275941161.0,56542301.0,0.0,38246.0,384036.0,78814.0,5526.0,6180.0
A,골목상권,3110365,미아역 5번,11305535,미아동,11305535,미아동,강북구,0.5135105351579968,0.6347305389221557,0.5718562874251497,0.6017964071856288,0.5718562874251497,0.6027944111776448,base_50pct_all_periods,400,494,14.0,221.0,132.0,79.0,32.0,16.0,6933082177.0,456584.0,0.0,588451942.0,2723278929.0,3427159899.0,194191407.0,0.0,0.0,9032.0,328157.0,115439.0,3956.0,0.0
R,전통시장,3130141,강북북부골목시장,11305595,번1동,11305595,번1동,강북구,0.9818361416665634,0.6347305389221557,0.5718562874251497,0.5988023952095808,0.5718562874251497,0.6017964071856287,base_50pct_all_periods,400,271,18.0,122.0,64.0,48.0,19.0,0.0,4751753308.0,154691.0,182457769.0,329470508.0,2886516847.0,282020135.0,1071288049.0,0.0,686.0,9623.0,102388.0,16556.0,25438.0,0.0
D,발달상권,3120077,미아역,11305535,미아동,11305535,미아동,강북구,0.8496684634957391,0.6347305389221557,0.5688622754491018,0.6017964071856288,0.5688622754491018,0.6017964071856288,base_50pct_all_periods,400,1829,108.0,737.0,310.0,380.0,229.0,65.0,102834979400.0,4953848.0,2736580201.0,52770530197.0,17488760843.0,21164580405.0,6609822933.0,2064704821.0,8662.0,1917642.0,1328438.0,1073338.0,305443.0,320325.0
A,골목상권,3110364,미아역 8번,11305535,미아동,11305535,미아동,강북구,0.8535550096173284,0.6347305389221557,0.5688622754491018,0.6017964071856288,0.5688622754491018,0.6017964071856288,base_50pct_all_periods,400,650,35.0,276.0,162.0,112.0,57.0,8.0,14083556635.0,728630.0,29595375.0,692429131.0,7212333269.0,2801689183.0,3347509677.0,0.0,114.0,16151.0,522164.0,120491.0,69710.0,0.0
A,골목상권,3110373,수유역 2번,11305595,번1동,11305595,번1동,강북구,0.9999863086690716,0.6347305389221557,0.5658682634730539,0.5988023952095808,0.5658682634730539,0.5998003992015968,base_50pct_all_periods,400,656,18.0,332.0,100.0,129.0,58.0,19.0,5205032780.0,166758.0,0.0,435651330.0,31422487.0,4039789094.0,636283202.0,61886667.0,0.0,11778.0,566.0,135802.0,7548.0,11064.0
D,발달상권,3120191,학동역,11680521,논현1동,11680521,논현1동,강남구,0.5969926874706806,0.6287425149700598,0.5598802395209581,0.6047904191616766,0.5598802395209581,0.5978043912175649,base_50pct_all_periods,400,5084,226.0,2403.0,1465.0,581.0,260.0,149.0,204477051837.0,6222170.0,2593170670.0,27535268567.0,103880122772.0,50590739175.0,11028762669.0,8848987984.0,3771.0,483484.0,1993737.0,1902191.0,759393.0,1079594.0
A,골목상권,3111077,길동주민센터(강동도서관),11740685,길동,11740685,길동,강동구,0.9732458685368994,0.5778443113772455,0.5598802395209581,0.6017964071856288,0.5598802395209581,0.5798403193612774,base_50pct_all_periods,400,2256,134.0,1047.0,441.0,411.0,147.0,76.0,70847812337.0,3054922.0,619006172.0,13031304087.0,40665618459.0,15337429133.0,1034048789.0,160405697.0,2136.0,475264.0,2004050.0,518855.0,18513.0,36104.0
A,골목상권,3111078,굽은다리역 4번,11740685,길동,11740685,길동,강동구,0.9663144743617577,0.5778443113772455,0.5598802395209581,0.6017964071856288,0.5598802395209581,0.5798403193612774,base_50pct_all_periods,400,2077,146.0,945.0,387.0,343.0,194.0,62.0,34140805360.0,1386253.0,1965477542.0,6194199064.0,16077410073.0,7179990021.0,2422756180.0,300972480.0,7684.0,290585.0,737377.0,252994.0,31200.0,66413.0
R,전통시장,3130324,길동복조리시장,11740685,길동,11740685,길동,강동구,1.0000000000000004,0.5778443113772455,0.5598802395209581,0.6017964071856288,0.5598802395209581,0.5798403193612774,base_50pct_all_periods,400,536,27.0,121.0,212.0,148.0,20.0,8.0,26502302993.0,1362902.0,82310620.0,539446371.0,18833911344.0,6960288649.0,0.0,86346009.0,274.0,14166.0,947596.0,377550.0,0.0,23316.0
A,골목상권,3111072,굽은다리역 1번(십자성마을),11740600,천호1동,11740600,천호1동,강동구,0.5106265146900083,0.5778443113772455,0.5598802395209581,0.6017964071856288,0.5598802395209581,0.5798403193612774,base_50pct_all_periods,400,848,89.0,397.0,168.0,126.0,36.0,32.0,25135386087.0,1177621.0,158902143.0,7762866816.0,10932718312.0,5494515146.0,286233222.0,500150448.0,702.0,247905.0,676417.0,187269.0,11008.0,54320.0
A,골목상권,3111071,천동초등학교,11740685,길동,11740685,길동,강동구,0.9920533583962197,0.5778443113772455,0.5598802395209581,0.6017964071856288,0.5598802395209581,0.5798403193612774,base_50pct_all_periods,400,208,16.0,96.0,40.0,32.0,8.0,16.0,1430188175.0,66777.0,120433546.0,545030421.0,0.0,721888881.0,0.0,42835327.0,611.0,8585.0,0.0,54542.0,0.0,3039.0
A,골목상권,3110369,성신여대운정그린캠퍼스,11305535,미아동,11305535,미아동,강북구,0.9454357203455328,0.6377245508982036,0.5538922155688623,0.6107784431137725,0.5538922155688623,0.6007984031936128,base_50pct_all_periods,400,1045,16.0,381.0,196.0,266.0,142.0,44.0,27640126104.0,1130373.0,0.0,8583257009.0,7092675895.0,10307942664.0,1298820946.0,357429590.0,0.0,254324.0,391715.0,389189.0,28322.0,66823.0
A,골목상권,3110425,계상초등학교,11350670,상계5동,11350670,상계5동,노원구,0.7884105822866427,0.625748502994012,0.5538922155688623,0.6167664670658682,0.5538922155688623,0.5988023952095808,base_50pct_all_periods,400,930,81.0,341.0,152.0,182.0,135.0,39.0,16728656359.0,779720.0,2252825923.0,606003819.0,4866025119.0,7513746898.0,1088125449.0,401929151.0,6706.0,13337.0,577487.0,134591.0,6893.0,40706.0
A,골목상권,3110442,화랑대철도공원,11350600,공릉2동,11350600,공릉2동,노원구,0.9999999999999994,0.5748502994011976,0.5538922155688623,0.5568862275449101,0.5538922155688623,0.56187624750499,base_50pct_all_periods,400,184,36.0,49.0,16.0,51.0,8.0,24.0,2457352403.0,182399.0,421169914.0,184967233.0,0.0,1667762888.0,0.0,183452368.0,2336.0,3691.0,0.0,141203.0,0.0,35169.0
A,골목상권,3110017,정독도서관,11110600,가회동,11110600,가회동,종로구,0.6755856790989271,0.6676646706586826,0.5538922155688623,0.6317365269461078,0.5538922155688623,0.6177644710578841,base_50pct_all_periods,400,222,0.0,130.0,49.0,14.0,11.0,18.0,283811303.0,12676.0,0.0,0.0,3268477.0,3602404.0,0.0,276940422.0,0.0,0.0,179.0,27.0,0.0,12470.0
A,골목상권,3110007,사직공원(한국사회과학도서관),11110530,사직동,11110530,사직동,종로구,0.5174600873640127,0.6676646706586826,0.5508982035928144,0.625748502994012,0.5508982035928144,0.6147704590818363,base_50pct_all_periods,400,195,4.0,58.0,45.0,49.0,14.0,25.0,156320511.0,1166.0,0.0,0.0,0.0,156320511.0,0.0,0.0,0.0,0.0,0.0,1166.0,0.0,0.0
D,발달상권,3120076,수유역,11305635,수유3동,11305635,수유3동,강북구,0.5248243208392356,0.6347305389221557,0.5479041916167665,0.5988023952095808,0.5479041916167665,0.593812375249501,base_50pct_all_periods,400,6308,136.0,2519.0,830.0,1211.0,1383.0,229.0,445467549141.0,18958852.0,435429208.0,158078719825.0,112747841322.0,92347609717.0,72391561003.0,9466388066.0,6728.0,4696273.0,7466710.0,2893918.0,2511936.0,1383287.0
R,전통시장,3130139,강북종합전통시장(강북종합골목시장),11305635,수유3동,11305635,수유3동,강북구,0.999999999999999,0.6347305389221557,0.5479041916167665,0.5988023952095808,0.5479041916167665,0.593812375249501,base_50pct_all_periods,400,1244,10.0,297.0,253.0,418.0,245.0,21.0,48455055435.0,1703749.0,0.0,344543709.0,19017636112.0,21983808620.0,6909385416.0,199681578.0,0.0,8947.0,820174.0,782236.0,72779.0,19613.0
A,골목상권,3110406,도봉산역 1번,11320521,도봉1동,11320521,도봉1동,도봉구,0.9863317966832134,0.592814371257485,0.5479041916167665,0.5808383233532934,0.5479041916167665,0.5738522954091817,base_50pct_all_periods,400,524,15.0,79.0,105.0,267.0,41.0,17.0,24567251845.0,1052243.0,0.0,0.0,5862799395.0,16994356726.0,155619030.0,1554476694.0,0.0,0.0,415501.0,449355.0,2363.0,185024.0
A,골목상권,3110367,강북구청,11305635,수유3동,11305635,수유3동,강북구,1.0,0.6347305389221557,0.5479041916167665,0.5988023952095808,0.5479041916167665,0.593812375249501,base_50pct_all_periods,400,616,28.0,255.0,62.0,124.0,109.0,38.0,14194686147.0,539505.0,0.0,977911881.0,1799195406.0,6540121312.0,4572534762.0,304922786.0,0.0,39005.0,242500.0,105916.0,98044.0,54040.0
R,전통시장,3130135,수유중앙골목시장(수유중앙시장),11305635,수유3동,11305635,수유3동,강북구,0.99999999098888,0.6347305389221557,0.5479041916167665,0.5988023952095808,0.5479041916167665,0.593812375249501,base_50pct_all_periods,400,422,8.0,107.0,118.0,159.0,21.0,9.0,8419816820.0,283994.0,0.0,131148793.0,4599435873.0,3121865037.0,567367117.0,0.0,0.0,4948.0,123035.0,142502.0,13509.0,0.0
A,골목상권,3110359,수유시장옆,11305635,수유3동,11305635,수유3동,강북구,1.0000000000000002,0.6347305389221557,0.5479041916167665,0.5988023952095808,0.5479041916167665,0.593812375249501,base_50pct_all_periods,400,515,32.0,208.0,123.0,106.0,24.0,22.0,6900936085.0,535024.0,352965986.0,574639134.0,3433954718.0,2519460825.0,15776752.0,4138670.0,2802.0,19683.0,467522.0,43971.0,165.0,881.0
A,골목상권,3110358,인수동 우편취급국,11305635,수유3동,11305660,인수동,강북구,0.6286383346816731,0.6347305389221557,0.5479041916167665,0.5988023952095808,0.5479041916167665,0.593812375249501,base_50pct_all_periods,400,461,0.0,203.0,85.0,80.0,56.0,37.0,2524502702.0,76505.0,0.0,946352031.0,230386953.0,675459621.0,631645672.0,40658425.0,0.0,4232.0,25157.0,17822.0,23814.0,5480.0
A,골목상권,3110957,언북중학교,11680531,논현2동,11680531,논현2동,강남구,0.9999999999999997,0.5958083832335329,0.5449101796407185,0.5748502994011976,0.5449101796407185,0.5718562874251497,base_50pct_all_periods,400,973,44.0,521.0,230.0,107.0,19.0,52.0,13467133394.0,290260.0,0.0,7250615210.0,997195489.0,4092977288.0,0.0,1126345407.0,0.0,48903.0,17954.0,55937.0,0.0,167466.0
A,골목상권,3110283,성북초등학교앞,11290525,성북동,11290525,성북동,성북구,0.8847922702878347,0.6467065868263473,0.5449101796407185,0.6107784431137725,0.5449101796407185,0.6007984031936128,base_50pct_all_periods,400,233,4.0,67.0,49.0,67.0,8.0,38.0,7045980259.0,196751.0,0.0,202000000.0,59422472.0,6740111145.0,0.0,44446642.0,0.0,306.0,659.0,191533.0,0.0,4253.0
A,골목상권,3110100,옥수동우편취급국,11200645,옥수동,11200645,옥수동,성동구,0.8678540397311375,0.7215568862275449,0.5449101796407185,0.6646706586826348,0.5449101796407185,0.6437125748502993,base_50pct_all_periods,400,136,20.0,62.0,20.0,8.0,26.0,0.0,0.0,0.0,0.0,0.0,0.0,0.0,0.0,0.0,0.0,0.0,0.0,0.0,0.0,0.0
D,발달상권,3120245,둔촌역,11740660,성내3동,11740660,성내3동,강동구,0.8796417310617942,0.5538922155688623,0.5419161676646707,0.5748502994011976,0.5419161676646707,0.5568862275449101,base_50pct_all_periods,400,3422,405.0,1208.0,637.0,699.0,400.0,73.0,196642738322.0,8112715.0,20375172722.0,64699794293.0,46229669088.0,51743420082.0,9710406546.0,3884275591.0,153826.0,2132958.0,2086046.0,2681428.0,381138.0,677319.0
R,전통시장,3130323,둔촌역전통시장,11740660,성내3동,11740660,성내3동,강동구,1.0,0.5538922155688623,0.5419161676646707,0.5748502994011976,0.5419161676646707,0.5568862275449101,base_50pct_all_periods,400,682,32.0,135.0,201.0,263.0,36.0,15.0,56189563482.0,2206967.0,63282231.0,6161030305.0,36323695916.0,11453248704.0,2164110259.0,24196067.0,276.0,106859.0,1420295.0,641476.0,35158.0,2903.0
A,골목상권,3110064,효창공원앞역 2번,11170580,효창동,11170555,청파동,용산구,0.5970165196901345,0.6047904191616766,0.5419161676646707,0.5778443113772455,0.5419161676646707,0.5748502994011976,base_50pct_all_periods,400,681,83.0,240.0,187.0,87.0,43.0,41.0,40565726588.0,1144030.0,4069055116.0,1461035496.0,27928407370.0,4809709179.0,1639126127.0,658393300.0,14984.0,85164.0,672751.0,240637.0,51302.0,79192.0
A,골목상권,3111073,둔촌동역 1번(한산중학교),11740700,둔촌2동,11740700,둔촌2동,강동구,0.9981742664577875,0.5538922155688623,0.5419161676646707,0.5748502994011976,0.5419161676646707,0.5568862275449101,base_50pct_all_periods,400,1452,108.0,598.0,311.0,252.0,108.0,75.0,29083054344.0,1141273.0,932493764.0,4867063354.0,11456940177.0,9774149794.0,1491620242.0,560787013.0,3769.0,58497.0,711781.0,278520.0,45952.0,42754.0
A,골목상권,3111062,둔촌동역 3번(성내3동주민센터),11740660,성내3동,11740660,성내3동,강동구,0.9717667210187744,0.5538922155688623,0.5419161676646707,0.5748502994011976,0.5419161676646707,0.5568862275449101,base_50pct_all_periods,400,729,53.0,222.0,117.0,170.0,81.0,86.0,22128314692.0,292580.0,6357576731.0,7336551187.0,986541875.0,5880075307.0,652510672.0,915058920.0,13340.0,24757.0,6132.0,145167.0,16196.0,86988.0
A,골목상권,3111064,둔촌동역 4번,11740660,성내3동,11740660,성내3동,강동구,1.0000000000000002,0.5538922155688623,0.5419161676646707,0.5748502994011976,0.5419161676646707,0.5568862275449101,base_50pct_all_periods,400,564,60.0,227.0,97.0,137.0,25.0,18.0,4655124517.0,114881.0,712969431.0,438177906.0,999824701.0,1913944848.0,527162207.0,63045424.0,3197.0,10979.0,23093.0,70018.0,2971.0,4623.0
A,골목상권,3110955,논현초등학교,11680521,논현1동,11680521,논현1동,강남구,1.0,0.5838323353293413,0.5389221556886228,0.5748502994011976,0.5389221556886228,0.565868263473054,base_50pct_all_periods,400,1624,52.0,860.0,371.0,145.0,66.0,130.0,23391189885.0,1017736.0,21720190.0,7064139088.0,10664693116.0,5187477754.0,190854972.0,262304765.0,53.0,165723.0,680264.0,148838.0,3022.0,19836.0
D,발달상권,3120194,언주역(차병원),11680531,논현2동,11680640,역삼1동,강남구,0.5153744989589871,0.5808383233532934,0.5359281437125748,0.5688622754491018,0.5359281437125748,0.5618762475049901,base_50pct_all_periods,400,3755,81.0,1717.0,788.0,684.0,323.0,162.0,172176332566.0,4602880.0,326672187.0,43398679877.0,72627383250.0,35530329792.0,11450219590.0,8843047870.0,239.0,630960.0,1502304.0,1078950.0,74637.0,1315790.0
A,골목상권,3110584,아현역 4번,11440555,아현동,11440555,아현동,마포구,0.9980957968222571,0.5988023952095808,0.5359281437125748,0.5868263473053892,0.5359281437125748,0.5738522954091816,base_50pct_all_periods,400,287,32.0,143.0,25.0,26.0,53.0,8.0,54777071277.0,1788265.0,0.0,54457036482.0,0.0,0.0,320034795.0,0.0,0.0,1783184.0,0.0,0.0,5081.0,0.0
R,전통시장,3130001,통인시장,11110515,청운효자동,11110515,청운효자동,종로구,0.9999999999999998,0.6616766467065869,0.5359281437125748,0.6137724550898204,0.5359281437125748,0.6037924151696608,base_50pct_all_periods,400,731,42.0,138.0,195.0,236.0,27.0,93.0,37294715973.0,1218599.0,16188604071.0,550911251.0,9985415352.0,5580300394.0,182132841.0,4807352064.0,5867.0,27753.0,685096.0,212051.0,2296.0,285536.0
A,골목상권,3110394,방학중학교,11320700,방학2동,11320700,방학2동,도봉구,0.9998464714854943,0.562874251497006,0.5359281437125748,0.5598802395209581,0.5359281437125748,0.5528942115768463,base_50pct_all_periods,400,951,63.0,367.0,288.0,167.0,47.0,19.0,26006546160.0,791641.0,25949599.0,15400688960.0,4734662899.0,5274200400.0,462492934.0,108551368.0,294.0,210877.0,388948.0,143646.0,9706.0,38170.0
R,전통시장,3130198,아현시장,11440555,아현동,11440555,아현동,마포구,1.0000000000000002,0.5988023952095808,0.5359281437125748,0.5868263473053892,0.5359281437125748,0.5738522954091816,base_50pct_all_periods,400,691,50.0,166.0,197.0,200.0,70.0,8.0,24696119541.0,1174227.0,598652394.0,2708394106.0,14146631287.0,6809086586.0,370540694.0,62814474.0,1819.0,105271.0,732825.0,322782.0,1949.0,9581.0
A,골목상권,3110961,언주역 3번,11680531,논현2동,11680531,논현2동,강남구,1.0000000000000004,0.5748502994011976,0.5359281437125748,0.5688622754491018,0.5359281437125748,0.559880239520958,base_50pct_all_periods,400,515,30.0,210.0,84.0,150.0,12.0,29.0,14605127196.0,472176.0,151251345.0,220817019.0,966992974.0,12281930190.0,0.0,984135668.0,6101.0,1932.0,65080.0,326445.0,0.0,72618.0
A,골목상권,3110402,도봉구 정병원,11320690,방학1동,11320690,방학1동,도봉구,0.5383157421499254,0.562874251497006,0.5359281437125748,0.5598802395209581,0.5359281437125748,0.5528942115768463,base_50pct_all_periods,400,588,35.0,197.0,101.0,159.0,66.0,30.0,11052026279.0,370013.0,18026920.0,4226623428.0,2138975038.0,3889723224.0,778677669.0,0.0,129.0,21204.0,254655.0,82323.0,11702.0,0.0
A,골목상권,3110589,애오개역 3번,11440565,공덕동,11440565,공덕동,마포구,1.0000000000000002,0.5988023952095808,0.5359281437125748,0.5868263473053892,0.5359281437125748,0.5738522954091816,base_50pct_all_periods,400,159,38.0,68.0,20.0,18.0,10.0,5.0,1430453682.0,45688.0,516000000.0,914453682.0,0.0,0.0,0.0,0.0,2025.0,43663.0,0.0,0.0,0.0,0.0
D,발달상권,3120040,용산전자상가(용산역),11170625,한강로동,11170625,한강로동,용산구,0.5314869907192217,0.6047904191616766,0.5329341317365269,0.5718562874251497,0.5329341317365269,0.5698602794411177,base_50pct_all_periods,400,10474,157.0,922.0,8760.0,400.0,116.0,119.0,2416960434079.0,13392341.0,13102039511.0,32900144651.0,2330315118770.0,33764924000.0,3660662237.0,3217544910.0,154129.0,635278.0,10522534.0,1485633.0,71894.0,522873.0
A,골목상권,3110431,상계역,11350624,중계4동,11350624,중계4동,노원구,0.5902044400512854,0.6167664670658682,0.5329341317365269,0.6017964071856288,0.5329341317365269,0.5838323353293413,base_50pct_all_periods,400,1397,36.0,313.0,308.0,419.0,288.0,33.0,74199301987.0,3767282.0,0.0,16771439943.0,4463596600.0,40970398375.0,10415038018.0,1578829051.0,0.0,785527.0,155298.0,1964003.0,533493.0,328961.0
A,골목상권,3110430,중계초등학교,11350624,중계4동,11350624,중계4동,노원구,0.9999999999999997,0.6167664670658682,0.5329341317365269,0.6017964071856288,0.5329341317365269,0.5838323353293413,base_50pct_all_periods,400,345,90.0,99.0,37.0,39.0,68.0,12.0,56463819317.0,1602037.0,3346302486.0,16355435828.0,34182462045.0,1576162841.0,1003456117.0,0.0,9406.0,432917.0,1094188.0,52386.0,13140.0,0.0
R,전통시장,3130157,상계중앙시장,11350670,상계5동,11350670,상계5동,노원구,0.6997603445308848,0.6167664670658682,0.5329341317365269,0.6017964071856288,0.5329341317365269,0.5838323353293413,base_50pct_all_periods,400,819,20.0,235.0,188.0,239.0,117.0,20.0,39314464961.0,1053445.0,0.0,20499429677.0,9582961554.0,7953227820.0,1278845910.0,0.0,0.0,258315.0,547173.0,237960.0,9997.0,0.0
A,골목상권,3110428,상계5동주민센터,11350670,상계5동,11350670,상계5동,노원구,0.6712047922747855,0.6167664670658682,0.5329341317365269,0.6017964071856288,0.5329341317365269,0.5838323353293413,base_50pct_all_periods,400,1698,164.0,696.0,319.0,353.0,126.0,40.0,30517942565.0,1288473.0,1217514482.0,10834360169.0,7786244879.0,7041093798.0,3011941761.0,626787476.0,4239.0,241961.0,749346.0,208296.0,24146.0,60485.0
A,골목상권,3110586,서울서부지방법원,11440565,공덕동,11440565,공덕동,마포구,0.9855139876703018,0.592814371257485,0.5329341317365269,0.5688622754491018,0.5329341317365269,0.564870259481038,base_50pct_all_periods,400,1352,73.0,550.0,188.0,362.0,112.0,67.0,20694404099.0,800991.0,93338915.0,2010662278.0,1524044151.0,13976217560.0,1925666621.0,1164474574.0,669.0,67003.0,156074.0,418244.0,66019.0,92982.0
A,골목상권,3110436,상계제일중학교,11350624,중계4동,11350624,중계4동,노원구,0.9999999999999997,0.6167664670658682,0.5329341317365269,0.6017964071856288,0.5329341317365269,0.5838323353293413,base_50pct_all_periods,400,251,61.0,82.0,41.0,36.0,27.0,4.0,11303180226.0,409571.0,807653223.0,2010441757.0,3948000000.0,4537085246.0,0.0,0.0,32753.0,14657.0,244545.0,117616.0,0.0,0.0
A,골목상권,3110366,광산사거리,11305635,수유3동,11305635,수유3동,강북구,0.7559391640467872,0.6137724550898204,0.5329341317365269,0.5598802395209581,0.5329341317365269,0.5688622754491018,base_50pct_all_periods,400,425,24.0,112.0,84.0,131.0,51.0,23.0,7247552231.0,205515.0,0.0,881118030.0,1584486589.0,4070357022.0,711590590.0,0.0,0.0,3748.0,61006.0,120995.0,19766.0,0.0
A,골목상권,3110375,서울북부고용노동지청,11305603,번2동,11305603,번2동,강북구,0.9979517063119865,0.5868263473053892,0.5389221556886228,0.5329341317365269,0.5329341317365269,0.5528942115768464,base_50pct_all_periods,400,252,26.0,108.0,48.0,54.0,8.0,8.0,2650445673.0,91858.0,0.0,56162627.0,51565294.0,2363250594.0,0.0,179467158.0,0.0,2609.0,531.0,68404.0,0.0,20314.0
R,전통시장,3130158,상계역전종합상가,11350670,상계5동,11350670,상계5동,노원구,0.9677436170002162,0.6167664670658682,0.5329341317365269,0.6017964071856288,0.5329341317365269,0.5838323353293413,base_50pct_all_periods,400,97,23.0,21.0,25.0,18.0,4.0,6.0,0.0,0.0,0.0,0.0,0.0,0.0,0.0,0.0,0.0,0.0,0.0,0.0,0.0,0.0
A,골목상권,3110585,마포경찰서,11440555,아현동,11440555,아현동,마포구,0.9999999999999998,0.592814371257485,0.5269461077844312,0.5658682634730539,0.5269461077844312,0.56187624750499,base_50pct_all_periods,400,146,8.0,48.0,30.0,36.0,16.0,8.0,1072459778.0,30755.0,0.0,322531646.0,0.0,749928132.0,0.0,0.0,0.0,1212.0,0.0,29543.0,0.0,0.0
R,전통시장,3130142,강북북부시장,11305595,번1동,11305595,번1동,강북구,1.0,0.5778443113772455,0.5269461077844312,0.5269461077844312,0.5269461077844312,0.5439121756487025,base_50pct_all_periods,400,88,5.0,32.0,42.0,5.0,4.0,0.0,7734137.0,195.0,0.0,0.0,7734137.0,0.0,0.0,0.0,0.0,0.0,195.0,0.0,0.0,0.0
R,전통시장,3130152,오!도봉거리 상점가,11320522,도봉2동,11320522,도봉2동,도봉구,0.9999999999999996,0.562874251497006,0.5239520958083832,0.5479041916167665,0.5239520958083832,0.5449101796407185,base_50pct_all_periods,400,220,0.0,101.0,20.0,35.0,52.0,12.0,1520372055.0,48448.0,0.0,639811242.0,0.0,498181971.0,363301216.0,19077626.0,0.0,15907.0,0.0,24325.0,5891.0,2325.0
A,골목상권,3110530,아현역 1번,11410555,북아현동,11410555,북아현동,서대문구,0.9867191585389865,0.5898203592814372,0.5179640718562875,0.5658682634730539,0.5179640718562875,0.5578842315369262,base_50pct_all_periods,400,290,12.0,147.0,43.0,54.0,24.0,10.0,6118428357.0,116559.0,0.0,360000000.0,173426130.0,5585002227.0,0.0,0.0,0.0,10334.0,3666.0,102559.0,0.0,0.0
D,발달상권,3120229,방이동먹자골목,11710562,방이2동,11710562,방이2동,송파구,0.9997895709366524,0.5269461077844312,0.5149700598802395,0.5568862275449101,0.5149700598802395,0.5329341317365269,base_50pct_all_periods,400,3630,125.0,1181.0,515.0,1034.0,714.0,61.0,267633163174.0,8226994.0,357622611.0,27610575784.0,27490359613.0,140247028483.0,63169274737.0,8758301946.0,14802.0,428193.0,2882121.0,2484468.0,1467077.0,950333.0
A,골목상권,3110927,잠원역,11650540,잠원동,11650540,잠원동,서초구,0.9999999999999997,0.6497005988023952,0.5149700598802395,0.592814371257485,0.5149700598802395,0.5858283433133732,base_50pct_all_periods,400,291,50.0,162.0,24.0,30.0,15.0,10.0,13006139233.0,108416.0,11742247488.0,0.0,0.0,1003889183.0,0.0,260002562.0,31121.0,0.0,0.0,54208.0,0.0,23087.0
A,골목상권,3110063,효창공원앞역 5번,11170590,용문동,11170560,원효로1동,용산구,0.542477090616323,0.5718562874251497,0.5119760479041916,0.5449101796407185,0.5119760479041916,0.5429141716566867,base_50pct_all_periods,400,951,34.0,281.0,321.0,183.0,103.0,29.0,26136071053.0,527909.0,0.0,5105140153.0,7660487981.0,9586629130.0,3665295659.0,118518130.0,0.0,151775.0,28873.0,280601.0,54170.0,12490.0
R,전통시장,3130122,밤나무골시장,11290715,월곡1동,11290715,월곡1동,성북구,0.9999999999999999,0.562874251497006,0.5119760479041916,0.5449101796407185,0.5119760479041916,0.5399201596806388,base_50pct_all_periods,400,73,1.0,36.0,16.0,16.0,0.0,4.0,70451825.0,860.0,0.0,0.0,0.0,70451825.0,0.0,0.0,0.0,0.0,0.0,860.0,0.0,0.0
A,골목상권,3110372,강북중학교,11305635,수유3동,11305635,수유3동,강북구,0.9971205941081035,0.5778443113772455,0.5089820359281437,0.5269461077844312,0.5089820359281437,0.5379241516966068,base_50pct_all_periods,400,529,16.0,176.0,103.0,168.0,38.0,28.0,7716225397.0,799427.0,38542906.0,334446910.0,1950981796.0,5104254488.0,53836567.0,234162730.0,4621.0,5331.0,227100.0,542542.0,1419.0,18414.0
D,발달상권,3120207,선정릉역,11680590,삼성2동,11680590,삼성2동,강남구,0.6874976641371191,0.5479041916167665,0.5059880239520959,0.5329341317365269,0.5059880239520959,0.5289421157684631,base_50pct_all_periods,400,4886,384.0,2347.0,1074.0,600.0,314.0,167.0,142955519368.0,6569810.0,4808986162.0,37385666878.0,45903491802.0,45587832373.0,5243838006.0,4025704147.0,10055.0,474567.0,1759052.0,3714520.0,104375.0,507241.0
A,골목상권,3110976,언북초등학교,11680565,청담동,11680565,청담동,강남구,1.0000000000000002,0.5419161676646707,0.5059880239520959,0.5299401197604791,0.5059880239520959,0.5259481037924152,base_50pct_all_periods,400,601,13.0,302.0,134.0,85.0,39.0,28.0,4064840723.0,56236.0,0.0,509386353.0,1199075175.0,2212917478.0,0.0,143461717.0,0.0,1533.0,3586.0,44955.0,0.0,6162.0
A,골목상권,3110970,학동초등학교,11680531,논현2동,11680531,논현2동,강남구,0.9999999999999997,0.5479041916167665,0.5059880239520959,0.5329341317365269,0.5059880239520959,0.5289421157684631,base_50pct_all_periods,400,224,22.0,113.0,52.0,25.0,8.0,4.0,3861041239.0,37360.0,2925993912.0,0.0,0.0,935047327.0,0.0,0.0,6850.0,0.0,0.0,30510.0,0.0,0.0
A,골목상권,3110974,언주중학교,11680590,삼성2동,11680590,삼성2동,강남구,1.0000000000000004,0.5479041916167665,0.5059880239520959,0.5329341317365269,0.5059880239520959,0.5289421157684631,base_50pct_all_periods,400,285,19.0,159.0,67.0,5.0,23.0,12.0,879204192.0,5411.0,0.0,479133297.0,167104455.0,0.0,221627647.0,11338793.0,0.0,3105.0,693.0,0.0,360.0,1253.0
A,골목상권,3110065,남정초등학교,11170560,원효로1동,11170560,원효로1동,용산구,0.9999999999999994,0.5718562874251497,0.4940119760479042,0.5449101796407185,0.4940119760479042,0.5369261477045908,exploration_25pct_all_periods,400,288,10.0,54.0,208.0,8.0,4.0,4.0,159052053647.0,556526.0,0.0,0.0,159052053647.0,0.0,0.0,0.0,0.0,0.0,556526.0,0.0,0.0,0.0
R,전통시장,3130056,용산용문시장,11170590,용문동,11170590,용문동,용산구,0.6803802789670224,0.5718562874251497,0.4940119760479042,0.5449101796407185,0.4940119760479042,0.5369261477045908,exploration_25pct_all_periods,400,1114,24.0,279.0,390.0,310.0,99.0,12.0,94633152062.0,3628443.0,57396192.0,10462083739.0,41161387247.0,36630499366.0,5847657708.0,474127810.0,3486.0,310439.0,1795880.0,1317727.0,104154.0,96757.0
A,골목상권,3110060,효창공원앞역 6번,11170590,용문동,11170590,용문동,용산구,0.9770951961900396,0.5718562874251497,0.4940119760479042,0.5449101796407185,0.4940119760479042,0.5369261477045908,exploration_25pct_all_periods,400,655,67.0,246.0,171.0,91.0,36.0,44.0,17440931012.0,754769.0,558798149.0,1141589969.0,13799791094.0,1593572541.0,88964961.0,258214298.0,4213.0,19866.0,629394.0,74382.0,414.0,26500.0
A,골목상권,3110277,러스크서울병원,11260655,망우본동,11260655,망우본동,중랑구,0.9999999999999989,0.6077844311377245,0.562874251497006,0.4940119760479042,0.4940119760479042,0.5548902195608783,exploration_25pct_all_periods,400,663,24.0,249.0,192.0,132.0,47.0,19.0,10746466185.0,661984.0,209331883.0,282045722.0,5027861415.0,4752050913.0,206384020.0,268792232.0,1477.0,4845.0,534627.0,89677.0,4248.0,27110.0
A,골목상권,3110061,효창동주민센터,11170580,효창동,11170580,효창동,용산구,0.8940089880317555,0.5718562874251497,0.4940119760479042,0.5449101796407185,0.4940119760479042,0.5369261477045908,exploration_25pct_all_periods,400,444,68.0,183.0,104.0,45.0,12.0,32.0,4629574192.0,449782.0,1931644.0,413955239.0,2192978812.0,1147547834.0,0.0,873160663.0,24.0,30462.0,257244.0,36359.0,0.0,125693.0
A,골목상권,3110062,한강로동땡땡거리(은행나무길),11170625,한강로동,11170625,한강로동,용산구,0.9182844272766147,0.5688622754491018,0.4880239520958084,0.5389221556886228,0.4880239520958084,0.531936127744511,exploration_25pct_all_periods,400,1313,24.0,337.0,183.0,466.0,144.0,159.0,46792918604.0,1110298.0,0.0,3312464015.0,0.0,39717688169.0,1383711229.0,2379055191.0,0.0,163723.0,0.0,711072.0,31968.0,203535.0
R,전통시장,3130132,삼양골목시장(삼양시장),11305534,삼양동,11305534,삼양동,강북구,0.6506531846592455,0.5868263473053892,0.4880239520958084,0.5568862275449101,0.4880239520958084,0.5439121756487025,exploration_25pct_all_periods,400,489,12.0,195.0,79.0,121.0,65.0,17.0,18634855076.0,1241687.0,0.0,6202571478.0,7259236723.0,4073022264.0,631747599.0,468277012.0,0.0,312186.0,646994.0,163541.0,18626.0,100340.0
D,발달상권,3120186,가로수길,11680510,신사동,11680510,신사동,강남구,1.0000000000000002,0.6317365269461078,0.48502994011976047,0.5598802395209581,0.48502994011976047,0.5588822355289421,exploration_25pct_all_periods,400,6041,404.0,1916.0,1773.0,1140.0,471.0,337.0,360150957324.0,5495561.0,20411423979.0,67854061018.0,151617883228.0,89560335205.0,20079393817.0,10627860077.0,57034.0,593362.0,1837278.0,1797841.0,276645.0,933401.0
A,골목상권,3110278,망우본동주민센터,11260655,망우본동,11260655,망우본동,중랑구,0.9470031067506055,0.6107784431137725,0.5269461077844312,0.48502994011976047,0.48502994011976047,0.5409181636726547,exploration_25pct_all_periods,400,1033,55.0,357.0,263.0,182.0,124.0,52.0,27808229604.0,1574282.0,575616818.0,6877632299.0,8908288389.0,6326401676.0,4507021985.0,613268437.0,1656.0,257017.0,749176.0,398816.0,66613.0,101004.0
A,골목상권,3110389,한일병원,11320680,쌍문3동,11320680,쌍문3동,도봉구,0.9046794172823156,0.5718562874251497,0.48502994011976047,0.5419161676646707,0.48502994011976047,0.5329341317365269,exploration_25pct_all_periods,400,264,20.0,109.0,40.0,50.0,30.0,15.0,24252308666.0,347031.0,14369426.0,22566562815.0,0.0,1671376425.0,0.0,0.0,86.0,309857.0,0.0,37088.0,0.0,0.0
A,골목상권,3110077,삼광초등학교,11170510,후암동,11170510,후암동,용산구,0.9997692755628134,0.592814371257485,0.4820359281437126,0.5479041916167665,0.4820359281437126,0.5409181636726547,exploration_25pct_all_periods,400,299,42.0,126.0,36.0,61.0,13.0,21.0,4845209873.0,128099.0,198960184.0,95417.0,0.0,4211645479.0,0.0,434508793.0,896.0,5.0,0.0,90333.0,0.0,36865.0
R,전통시장,3130137,"수유전통시장(수유시장, 수유골목시장)",11305615,수유1동,11305615,수유1동,강북구,0.5154191707483466,0.5778443113772455,0.47904191616766467,0.5449101796407185,0.47904191616766467,0.5339321357285428,exploration_25pct_all_periods,400,1077,1.0,186.0,474.0,349.0,59.0,8.0,170667603809.0,7000266.0,0.0,24992783587.0,127799029325.0,16582356293.0,1266616058.0,26818546.0,0.0,690955.0,5294106.0,1000011.0,13322.0,1872.0
R,전통시장,3130303,영동전통시장,11680521,논현1동,11680521,논현1동,강남구,1.0,0.5479041916167665,0.47904191616766467,0.5299401197604791,0.47904191616766467,0.5189620758483035,exploration_25pct_all_periods,400,900,0.0,182.0,179.0,410.0,112.0,17.0,115169757261.0,4899461.0,0.0,195878702.0,67092732427.0,41209871724.0,6514131123.0,157143285.0,0.0,2987.0,3863974.0,891017.0,108786.0,32697.0
D,발달상권,3120176,논현역 4번,11650560,반포1동,11650560,반포1동,서초구,1.0,0.5479041916167665,0.47904191616766467,0.5299401197604791,0.47904191616766467,0.5189620758483035,exploration_25pct_all_periods,400,1025,60.0,540.0,189.0,125.0,43.0,68.0,6145883363.0,256331.0,0.0,663215958.0,1421052950.0,3213556232.0,687797103.0,160261120.0,0.0,12722.0,165723.0,54871.0,12280.0,10735.0
A,골목상권,3110412,창동중학교,11320514,창4동,11320690,방학1동,도봉구,0.7431351808558008,0.5209580838323353,0.47904191616766467,0.5059880239520959,0.47904191616766467,0.5019960079840319,exploration_25pct_all_periods,400,69,8.0,41.0,4.0,16.0,0.0,0.0,2322972386.0,67296.0,0.0,0.0,0.0,2322972386.0,0.0,0.0,0.0,0.0,0.0,67296.0,0.0,0.0
D,발달상권,3120225,잠실새내역(신천),11710650,잠실본동,11710650,잠실본동,송파구,0.83914647599408,0.47904191616766467,0.47604790419161674,0.5269461077844312,0.47604790419161674,0.49401197604790426,exploration_25pct_all_periods,400,7713,662.0,3179.0,1157.0,1398.0,1112.0,205.0,637386156849.0,21886501.0,43556101891.0,238862100325.0,124338072094.0,148170151827.0,61926279921.0,20533450791.0,243704.0,4910451.0,6459445.0,5462222.0,1751000.0,3059679.0
R,전통시장,3130311,새마을시장,11710650,잠실본동,11710650,잠실본동,송파구,0.9999982948210845,0.47904191616766467,0.47604790419161674,0.5269461077844312,0.47604790419161674,0.49401197604790426,exploration_25pct_all_periods,400,1643,67.0,451.0,307.0,589.0,189.0,40.0,131967303388.0,4296101.0,10921095751.0,23280059756.0,39646075791.0,40706194073.0,16501563952.0,912314065.0,33030.0,541213.0,1451904.0,1934706.0,143578.0,191670.0
D,발달상권,3120248,명일역,11740530,명일1동,11740530,명일1동,강동구,0.7394752391077044,0.49700598802395207,0.47305389221556887,0.5119760479041916,0.47305389221556887,0.4940119760479042,exploration_25pct_all_periods,400,2689,334.0,1015.0,390.0,513.0,372.0,65.0,178950708436.0,6253560.0,16630274432.0,86007329456.0,23626279075.0,38170956318.0,12634162912.0,1881706243.0,62720.0,3085753.0,1188545.0,1392188.0,281469.0,242885.0
D,발달상권,3120095,홍제역,11410620,홍제1동,11410620,홍제1동,서대문구,0.5182398753971106,0.592814371257485,0.47305389221556887,0.5359281437125748,0.47305389221556887,0.5339321357285428,exploration_25pct_all_periods,400,1713,62.0,803.0,311.0,294.0,219.0,24.0,119910503297.0,6130241.0,691938876.0,74552550891.0,11369221886.0,21378906877.0,11129219091.0,788665676.0,1764.0,3056993.0,392389.0,1074006.0,1398032.0,207057.0
D,발달상권,3120107,공덕역(공덕오거리),11440585,도화동,11440565,공덕동,마포구,0.3029275642906465,0.5329341317365269,0.47005988023952094,0.5029940119760479,0.47005988023952094,0.5019960079840319,exploration_25pct_all_periods,400,3359,113.0,1728.0,672.0,563.0,195.0,88.0,146132252267.0,3706119.0,0.0,28937245286.0,56836256124.0,47396501146.0,7573180901.0,5389068810.0,0.0,560624.0,830954.0,1449477.0,78043.0,787021.0
R,전통시장,3130195,도화동 상점가,11440585,도화동,11440585,도화동,마포구,0.9999999999999994,0.5329341317365269,0.47005988023952094,0.5029940119760479,0.47005988023952094,0.5019960079840319,exploration_25pct_all_periods,400,2225,83.0,684.0,250.0,778.0,350.0,80.0,134073576475.0,4008843.0,439148868.0,24317008305.0,7409743783.0,75363333783.0,19787779659.0,6756562077.0,1641.0,424177.0,378920.0,1602990.0,314611.0,1286504.0
D,발달상권,3120106,마포역,11440590,용강동,11440590,용강동,마포구,0.5786887360844558,0.5329341317365269,0.47005988023952094,0.5029940119760479,0.47005988023952094,0.5019960079840319,exploration_25pct_all_periods,400,3127,165.0,1511.0,664.0,539.0,156.0,92.0,102017643918.0,4285864.0,15792561708.0,37876634896.0,16257394379.0,26608178483.0,3166342491.0,2316531961.0,554140.0,1560451.0,962127.0,768832.0,27634.0,412680.0
R,전통시장,3130197,마포시장,11440565,공덕동,11440565,공덕동,마포구,0.9999999999999998,0.5329341317365269,0.47005988023952094,0.5029940119760479,0.47005988023952094,0.5019960079840319,exploration_25pct_all_periods,400,345,0.0,32.0,91.0,178.0,40.0,4.0,32138835771.0,1121363.0,0.0,0.0,11771914529.0,17129554269.0,3237366973.0,0.0,0.0,0.0,561572.0,490646.0,69145.0,0.0
R,전통시장,3130196,공덕시장,11440565,공덕동,11440565,공덕동,마포구,1.0,0.5329341317365269,0.47005988023952094,0.5029940119760479,0.47005988023952094,0.5019960079840319,exploration_25pct_all_periods,400,393,0.0,174.0,36.0,130.0,53.0,0.0,20476337326.0,626810.0,0.0,7624083716.0,2728622356.0,5919037846.0,3848700755.0,355892653.0,0.0,223434.0,81059.0,179654.0,60023.0,82640.0
A,골목상권,3110581,염리초등학교,11440590,용강동,11440590,용강동,마포구,0.9344392130412966,0.5329341317365269,0.47005988023952094,0.5029940119760479,0.47005988023952094,0.5019960079840319,exploration_25pct_all_periods,400,89,28.0,8.0,28.0,15.0,4.0,6.0,0.0,0.0,0.0,0.0,0.0,0.0,0.0,0.0,0.0,0.0,0.0,0.0,0.0,0.0
D,발달상권,3120167,고속터미널(고속터미널역),11650581,반포4동,11650581,반포4동,서초구,0.828164604959,0.5958083832335329,0.46706586826347307,0.5269461077844312,0.46706586826347307,0.5299401197604791,exploration_25pct_all_periods,400,9152,769.0,1813.0,5495.0,850.0,110.0,115.0,282111880597.0,4815579.0,113675072102.0,113256195997.0,16820133251.0,25446883880.0,9852508399.0,3061086968.0,362264.0,2121170.0,956600.0,775716.0,170357.0,429472.0
D,발달상권,3120170,삼호가든사거리,11650581,반포4동,11650581,반포4동,서초구,0.7595943172956011,0.5958083832335329,0.46706586826347307,0.5269461077844312,0.46706586826347307,0.5299401197604791,exploration_25pct_all_periods,400,1950,799.0,602.0,211.0,111.0,200.0,27.0,182999293136.0,3795807.0,104353778520.0,48756585537.0,5133564846.0,12866751518.0,6462906098.0,5425706617.0,274826.0,1287377.0,471778.0,598325.0,53177.0,1110324.0
A,골목상권,3110415,수락산역 4번,11350630,상계1동,11350630,상계1동,노원구,1.0000000000000007,0.5688622754491018,0.46407185628742514,0.5029940119760479,0.46407185628742514,0.5119760479041916,exploration_25pct_all_periods,400,1686,130.0,732.0,321.0,299.0,170.0,34.0,68471268356.0,3480970.0,1590923957.0,39074724231.0,9257988235.0,14370505172.0,2504578364.0,1672548397.0,65214.0,1770736.0,643632.0,656816.0,82374.0,262198.0
A,골목상권,3110419,수락산디자인거리,11350630,상계1동,11350630,상계1동,노원구,0.9999999999999998,0.5688622754491018,0.46407185628742514,0.5029940119760479,0.46407185628742514,0.5119760479041916,exploration_25pct_all_periods,400,1250,81.0,328.0,202.0,340.0,229.0,70.0,49081644277.0,2292074.0,0.0,3132641986.0,10714816704.0,27227937711.0,6814434972.0,1191812904.0,0.0,34313.0,1101870.0,789527.0,168688.0,197676.0
A,골목상권,3110098,서울독일학교,11170685,한남동,11170685,한남동,용산구,1.0000000000000004,0.625748502994012,0.46407185628742514,0.5508982035928144,0.46407185628742514,0.5469061876247504,exploration_25pct_all_periods,400,340,12.0,83.0,78.0,109.0,34.0,24.0,13907301336.0,90679.0,0.0,1942071849.0,227291930.0,9990810983.0,1067808342.0,679318232.0,0.0,15470.0,1107.0,62858.0,5469.0,5775.0
R,전통시장,3130302,강남시장(강남구 강남시장),11680510,신사동,11680510,신사동,강남구,1.0,0.6227544910179641,0.46407185628742514,0.5538922155688623,0.46407185628742514,0.5469061876247504,exploration_25pct_all_periods,400,175,0.0,24.0,32.0,111.0,8.0,0.0,6475819217.0,155338.0,0.0,56865046.0,0.0,5822155718.0,596798453.0,0.0,0.0,343.0,0.0,145471.0,9524.0,0.0
A,골목상권,3110949,한남IC,11680510,신사동,11680510,신사동,강남구,0.9999999999999999,0.6197604790419161,0.46107784431137727,0.5508982035928144,0.46107784431137727,0.5439121756487025,exploration_25pct_all_periods,400,581,41.0,261.0,138.0,80.0,24.0,37.0,6617027924.0,138107.0,0.0,0.0,793752723.0,5079756739.0,0.0,743518462.0,0.0,0.0,1905.0,73493.0,0.0,62709.0
A,골목상권,3110090,한국폴리텍대학서울정수캠퍼스,11170700,보광동,11170700,보광동,용산구,0.8496338448662835,0.5329341317365269,0.46107784431137727,0.5,0.46107784431137727,0.49800399201596807,exploration_25pct_all_periods,400,393,44.0,166.0,91.0,77.0,9.0,6.0,6468624723.0,218752.0,585442644.0,435675859.0,603230913.0,4628204804.0,40147129.0,175923374.0,668.0,11202.0,79222.0,89476.0,847.0,37337.0
A,골목상권,3110088,오산고등학교,11170690,서빙고동,11170690,서빙고동,용산구,0.7544270697029107,0.5329341317365269,0.46107784431137727,0.5,0.46107784431137727,0.49800399201596807,exploration_25pct_all_periods,400,421,28.0,160.0,65.0,110.0,34.0,24.0,5749245070.0,404425.0,84053923.0,596247639.0,2900152478.0,2010207011.0,158584019.0,0.0,198.0,18887.0,308657.0,76130.0,553.0,0.0
D,발달상권,3120247,굽은다리역,11740600,천호1동,11740600,천호1동,강동구,0.5229024082359246,0.49700598802395207,0.45808383233532934,0.5,0.45808383233532934,0.48502994011976047,exploration_25pct_all_periods,400,1865,159.0,1050.0,286.0,253.0,106.0,11.0,88152636685.0,3842001.0,11337493471.0,35283309294.0,20813336707.0,17921125761.0,2075568740.0,721802712.0,33721.0,1616944.0,1231436.0,721802.0,77778.0,160320.0
R,전통시장,3130325,명일전통시장,11740530,명일1동,11740530,명일1동,강동구,1.0,0.49700598802395207,0.45808383233532934,0.5,0.45808383233532934,0.48502994011976047,exploration_25pct_all_periods,400,418,44.0,103.0,179.0,67.0,17.0,8.0,13294771553.0,477929.0,1337360227.0,712324134.0,9952887204.0,1292199988.0,0.0,0.0,4988.0,11004.0,385734.0,76203.0,0.0,0.0
A,골목상권,3111080,굽은다리역 3번,11740530,명일1동,11740530,명일1동,강동구,1.0000000000000002,0.49700598802395207,0.45808383233532934,0.5,0.45808383233532934,0.48502994011976047,exploration_25pct_all_periods,400,704,74.0,228.0,132.0,155.0,36.0,79.0,10572938152.0,491267.0,1553790429.0,852540971.0,227951993.0,4483208753.0,0.0,3455446006.0,15037.0,18165.0,3699.0,125347.0,0.0,329019.0
A,골목상권,3111075,굽은다리역 2번,11740600,천호1동,11740600,천호1동,강동구,0.9864228660559772,0.49700598802395207,0.45808383233532934,0.5,0.45808383233532934,0.48502994011976047,exploration_25pct_all_periods,400,537,42.0,248.0,150.0,53.0,36.0,8.0,7459281446.0,628704.0,581975740.0,406200796.0,3815316284.0,1458113979.0,304771564.0,892903083.0,1213.0,17913.0,443098.0,56101.0,7810.0,102569.0
A,골목상권,3111070,천호초등학교,11740600,천호1동,11740600,천호1동,강동구,0.9600291269523603,0.49700598802395207,0.45808383233532934,0.5,0.45808383233532934,0.48502994011976047,exploration_25pct_all_periods,400,226,30.0,93.0,46.0,39.0,16.0,2.0,1915250071.0,169542.0,0.0,0.0,1064691068.0,850559003.0,0.0,0.0,0.0,0.0,134857.0,34685.0,0.0,0.0
A,골목상권,3111069,천호1동주민센터,11740600,천호1동,11740600,천호1동,강동구,0.858486565336059,0.49700598802395207,0.45808383233532934,0.5,0.45808383233532934,0.48502994011976047,exploration_25pct_all_periods,400,449,16.0,224.0,69.0,95.0,18.0,27.0,1887684149.0,192432.0,25506660.0,193531180.0,1277993441.0,201757685.0,0.0,188895183.0,168.0,4866.0,161028.0,3684.0,0.0,22686.0
D,발달상권,3120242,강동구청역,11740640,성내1동,11740640,성내1동,강동구,0.907872661318396,0.5149700598802395,0.4491017964071856,0.5239520958083832,0.4491017964071856,0.4960079840319361,exploration_25pct_all_periods,400,2530,97.0,1002.0,466.0,580.0,240.0,145.0,76661475761.0,2441699.0,3624010522.0,11764779732.0,17444282294.0,34671620794.0,4800395560.0,4356386859.0,25260.0,318122.0,347485.0,1178104.0,74642.0,498086.0
A,골목상권,3111053,성내천어린이공원(하니사랑길),11740640,성내1동,11740640,성내1동,강동구,0.9461085263245473,0.5149700598802395,0.4491017964071856,0.5239520958083832,0.4491017964071856,0.4960079840319361,exploration_25pct_all_periods,400,790,48.0,270.0,254.0,117.0,62.0,39.0,35467574307.0,794149.0,367575893.0,13639834208.0,8243462736.0,12011310256.0,28510279.0,1176880935.0,2117.0,130282.0,229814.0,302049.0,122.0,129765.0
A,골목상권,3111050,강동구청(강동구청역 2번),11740640,성내1동,11740640,성내1동,강동구,0.9999999999999997,0.5149700598802395,0.4491017964071856,0.5239520958083832,0.4491017964071856,0.4960079840319361,exploration_25pct_all_periods,400,185,20.0,64.0,16.0,57.0,4.0,24.0,1146587920.0,75969.0,408553471.0,0.0,0.0,479758699.0,0.0,258275750.0,1673.0,0.0,0.0,24199.0,0.0,50097.0
A,골목상권,3110576,대흥역 3번,11440600,대흥동,11440600,대흥동,마포구,0.5732463670805579,0.5149700598802395,0.4431137724550898,0.4940119760479042,0.4431137724550898,0.48403193612774453,exploration_25pct_all_periods,400,1025,223.0,199.0,123.0,307.0,92.0,81.0,48922476805.0,1239691.0,18259739429.0,4337684422.0,2738029480.0,20228994221.0,1696318500.0,1661710753.0,49850.0,231424.0,244103.0,573209.0,20304.0,120801.0
A,골목상권,3110081,해방촌 남동측,11170520,용산2가동,11170520,용산2가동,용산구,1.0000000000000004,0.5239520958083832,0.44011976047904194,0.4820359281437126,0.44011976047904194,0.48203592814371254,exploration_25pct_all_periods,400,1044,40.0,239.0,151.0,371.0,104.0,139.0,31312744434.0,1381305.0,0.0,487862360.0,13050945465.0,15029956690.0,824657778.0,1919322141.0,0.0,17846.0,875149.0,324774.0,21963.0,141573.0
D,발달상권,3120233,몽촌토성역,11710562,방이2동,11710562,방이2동,송파구,0.9999999999999998,0.4550898203592814,0.437125748502994,0.48502994011976047,0.437125748502994,0.4590818363273453,exploration_25pct_all_periods,400,2036,124.0,971.0,350.0,290.0,246.0,55.0,89202632647.0,3965962.0,6906511820.0,32279963660.0,15954873414.0,27285312793.0,5613970799.0,1162000161.0,23247.0,48434.0,1710317.0,1867938.0,146437.0,169589.0
D,발달상권,3120177,신논현역 1번,11650560,반포1동,11650560,반포1동,서초구,0.9918432291365649,0.4940119760479042,0.437125748502994,0.4820359281437126,0.437125748502994,0.47105788423153694,exploration_25pct_all_periods,400,1343,74.0,612.0,280.0,201.0,104.0,72.0,13383925829.0,730304.0,482452118.0,706375381.0,2539314223.0,5130917062.0,1550735703.0,2974131342.0,2556.0,18001.0,66087.0,157249.0,24580.0,461831.0
A,골목상권,3110952,논현목련공원,11680521,논현1동,11680521,논현1동,강남구,1.0000000000000004,0.4820359281437126,0.437125748502994,0.4820359281437126,0.437125748502994,0.467065868263473,exploration_25pct_all_periods,400,160,10.0,65.0,20.0,54.0,0.0,11.0,286901406.0,7786.0,0.0,0.0,0.0,286901406.0,0.0,0.0,0.0,0.0,0.0,7786.0,0.0,0.0
A,골목상권,3110360,수유초등학교,11305615,수유1동,11305615,수유1동,강북구,0.9984905530301806,0.5239520958083832,0.4311377245508982,0.47305389221556887,0.4311377245508982,0.4760479041916168,exploration_25pct_all_periods,400,757,52.0,314.0,78.0,202.0,90.0,21.0,11776095925.0,672036.0,187555308.0,749077892.0,3425012662.0,6369248542.0,993010571.0,52190950.0,1245.0,12653.0,412348.0,199454.0,44547.0,1789.0
D,발달상권,3120244,암사역,11740580,암사2동,11740580,암사2동,강동구,0.6201989245425571,0.5089820359281437,0.4281437125748503,0.5059880239520959,0.4281437125748503,0.48103792415169666,exploration_25pct_all_periods,400,1592,116.0,677.0,231.0,338.0,189.0,41.0,123459076814.0,5276356.0,2268021340.0,63053508101.0,12499104227.0,38541427145.0,6280043380.0,816972621.0,10292.0,2339071.0,1084917.0,1401677.0,249480.0,190919.0
R,전통시장,3130320,암사종합시장,11740570,암사1동,11740570,암사1동,강동구,0.9843598029886841,0.5089820359281437,0.4281437125748503,0.5059880239520959,0.4281437125748503,0.48103792415169666,exploration_25pct_all_periods,400,886,27.0,271.0,319.0,226.0,43.0,0.0,63390090984.0,3243957.0,60217543.0,5968884067.0,40237858670.0,16010140635.0,1112990069.0,0.0,126.0,142376.0,2007519.0,1052068.0,41868.0,0.0
A,골목상권,3111060,암사역 2번(서울강동초등학교),11740610,천호2동,11740610,천호2동,강동구,0.9930797434212864,0.5089820359281437,0.4281437125748503,0.5059880239520959,0.4281437125748503,0.48103792415169666,exploration_25pct_all_periods,400,1786,129.0,749.0,292.0,381.0,183.0,52.0,52183966499.0,1464792.0,623297124.0,11417900836.0,7345986252.0,27769622767.0,4154177886.0,872981634.0,3086.0,433335.0,255237.0,417074.0,99324.0,256736.0
A,골목상권,3111052,암사역 3번(천호동자전거거리),11740610,천호2동,11740610,천호2동,강동구,0.6518219085640038,0.5089820359281437,0.4281437125748503,0.5059880239520959,0.4281437125748503,0.48103792415169666,exploration_25pct_all_periods,400,1177,90.0,478.0,223.0,217.0,92.0,77.0,24901376318.0,900352.0,713852268.0,5620798438.0,7932544321.0,9719744959.0,763350097.0,151086235.0,3543.0,55673.0,323928.0,475324.0,25642.0,16242.0
A,골목상권,3111061,암사역 1번,11740570,암사1동,11740570,암사1동,강동구,0.9979743308936562,0.5089820359281437,0.4281437125748503,0.5059880239520959,0.4281437125748503,0.48103792415169666,exploration_25pct_all_periods,400,1281,46.0,515.0,255.0,291.0,102.0,72.0,20935603917.0,1198989.0,173794637.0,3082776017.0,6827757189.0,8976372368.0,1399551493.0,475352213.0,574.0,113269.0,710218.0,291049.0,37537.0,46342.0
A,골목상권,3111054,암사역 4번(삼성광나루아파트),11740580,암사2동,11740580,암사2동,강동구,1.0,0.5089820359281437,0.4281437125748503,0.5059880239520959,0.4281437125748503,0.48103792415169666,exploration_25pct_all_periods,400,163,35.0,72.0,26.0,12.0,14.0,4.0,2059874584.0,36954.0,349090856.0,140727358.0,0.0,1570056370.0,0.0,0.0,1203.0,3530.0,0.0,32221.0,0.0,0.0
A,골목상권,3111057,천호공원(해공체육문화센터),11740610,천호2동,11740610,천호2동,강동구,0.9849059902553945,0.4550898203592814,0.4251497005988024,0.4491017964071856,0.4251497005988024,0.4431137724550898,exploration_25pct_all_periods,400,904,32.0,361.0,166.0,239.0,80.0,26.0,86346321258.0,1408044.0,0.0,72625009844.0,4439392188.0,8491897890.0,238247070.0,551774266.0,0.0,792195.0,314355.0,205454.0,7416.0,88624.0
D,발달상권,3120228,석촌역(석촌호수),11710580,송파1동,11710580,송파1동,송파구,0.5183221689804226,0.4161676646706587,0.4161676646706587,0.4311377245508982,0.4161676646706587,0.42115768463073855,exploration_25pct_all_periods,400,3487,257.0,1487.0,600.0,638.0,323.0,182.0,143308334755.0,4900814.0,3792565145.0,66042256137.0,15001426119.0,41585737925.0,6042500744.0,10843848685.0,80328.0,1487359.0,1062297.0,1336348.0,80945.0,853537.0
A,골목상권,3110151,자양한강도서관,11215830,자양2동,11215830,자양2동,광진구,0.9993542620763763,0.46407185628742514,0.4161676646706587,0.45209580838323354,0.4161676646706587,0.4441117764471058,exploration_25pct_all_periods,400,974,88.0,387.0,164.0,194.0,110.0,31.0,22022322842.0,1122849.0,1257665167.0,1584643591.0,8381964533.0,7435906699.0,2761199445.0,600943407.0,5570.0,30262.0,761132.0,155609.0,58824.0,111452.0
A,골목상권,3111058,성내중학교,11740640,성내1동,11740640,성내1동,강동구,0.9999979136663152,0.4281437125748503,0.4161676646706587,0.4341317365269461,0.4161676646706587,0.42614770459081835,exploration_25pct_all_periods,400,276,52.0,114.0,47.0,43.0,15.0,5.0,841748027.0,26729.0,639195769.0,0.0,0.0,82552258.0,0.0,120000000.0,2180.0,0.0,0.0,6453.0,0.0,18096.0
A,골목상권,3110587,공덕동주민센터,11440565,공덕동,11440565,공덕동,마포구,1.0000000000000002,0.47305389221556887,0.40718562874251496,0.46706586826347307,0.40718562874251496,0.44910179640718556,exploration_25pct_all_periods,400,597,64.0,263.0,79.0,84.0,71.0,36.0,2165140923.0,72087.0,544521749.0,38440830.0,254728259.0,871494651.0,357986173.0,97969261.0,1498.0,1045.0,38482.0,17655.0,1520.0,11887.0
A,골목상권,3111010,석촌역 7번,11710600,석촌동,11710600,석촌동,송파구,0.9999999999999996,0.4041916167664671,0.40119760479041916,0.4251497005988024,0.40119760479041916,0.41017964071856294,exploration_25pct_all_periods,400,1596,113.0,566.0,248.0,431.0,171.0,67.0,41986581194.0,1448229.0,235090624.0,1187753236.0,6978498652.0,29570832063.0,3148893783.0,865512836.0,904.0,41807.0,626074.0,653164.0,46185.0,80095.0
A,골목상권,3110580,양원초등학교,11440600,대흥동,11440600,대흥동,마포구,1.0000000000000004,0.5029940119760479,0.40119760479041916,0.4820359281437126,0.40119760479041916,0.46207584830339316,exploration_25pct_all_periods,400,334,35.0,154.0,70.0,44.0,15.0,16.0,1088961867.0,90515.0,0.0,26899180.0,67648134.0,959118279.0,0.0,35296274.0,0.0,829.0,7966.0,77550.0,0.0,4170.0
A,골목상권,3110572,서강대역 1번,11440630,신수동,11440630,신수동,마포구,0.49263869341227334,0.48502994011976047,0.39820359281437123,0.4491017964071856,0.39820359281437123,0.4441117764471058,exploration_25pct_all_periods,400,1140,127.0,368.0,126.0,291.0,123.0,105.0,21851090630.0,1546380.0,2012464803.0,5280570354.0,606811147.0,10161015458.0,1149025687.0,2641203181.0,38851.0,269103.0,53974.0,655021.0,38924.0,490507.0
A,골목상권,3110157,자양동우체국,11215830,자양2동,11215830,자양2동,광진구,0.9997685178898166,0.4221556886227545,0.39221556886227543,0.4311377245508982,0.39221556886227543,0.41516966067864275,exploration_25pct_all_periods,400,888,70.0,419.0,186.0,103.0,78.0,32.0,10504325074.0,610143.0,541631241.0,2802423336.0,1456708841.0,4414614313.0,885752351.0,403194992.0,2745.0,117761.0,164404.0,238753.0,14179.0,72301.0
A,골목상권,3111074,명일역 1번,11740570,암사1동,11740570,암사1동,강동구,0.8264321344045545,0.39520958083832336,0.39221556886227543,0.4101796407185629,0.39221556886227543,0.3992015968063873,exploration_25pct_all_periods,400,328,30.0,159.0,69.0,47.0,8.0,15.0,5393642324.0,368214.0,0.0,566517848.0,2560130964.0,1696043806.0,436021546.0,134928160.0,0.0,7959.0,304985.0,30613.0,8787.0,15870.0
D,발달상권,3120096,"이화여대(이대역, 이대)",11410585,신촌동,11410585,신촌동,서대문구,0.7619692371138957,0.5,0.38922155688622756,0.4820359281437126,0.38922155688622756,0.4570858283433134,exploration_25pct_all_periods,400,2269,120.0,962.0,403.0,428.0,222.0,134.0,94144862598.0,4714513.0,1183354215.0,57783856643.0,12752338972.0,14309273447.0,2906624171.0,5209415150.0,4808.0,1346596.0,1491508.0,877273.0,99699.0,894629.0
R,전통시장,3130148,방학동도깨비시장,11320700,방학2동,11320700,방학2동,도봉구,0.9999999999999998,0.4491017964071856,0.38922155688622756,0.4251497005988024,0.38922155688622756,0.4211576846307385,exploration_25pct_all_periods,400,714,12.0,178.0,261.0,201.0,42.0,20.0,62173280470.0,3388160.0,0.0,11881958223.0,40340032859.0,8985240517.0,161760232.0,804288639.0,0.0,724233.0,1826923.0,647318.0,3354.0,186332.0
R,전통시장,3130179,"이화여대 3,5,7길 상점가",11410585,신촌동,11410585,신촌동,서대문구,0.9999999999999998,0.5,0.38922155688622756,0.4820359281437126,0.38922155688622756,0.4570858283433134,exploration_25pct_all_periods,400,1776,70.0,539.0,525.0,431.0,75.0,136.0,45858410215.0,3102005.0,1229569933.0,5333065952.0,9649605734.0,21018846543.0,1500341662.0,7126980391.0,20515.0,56450.0,516035.0,1259334.0,194626.0,1055045.0
A,골목상권,3110582,이대역 5번,11440610,염리동,11440610,염리동,마포구,0.5195234794506375,0.5,0.38922155688622756,0.4820359281437126,0.38922155688622756,0.4570858283433134,exploration_25pct_all_periods,400,646,33.0,380.0,82.0,95.0,35.0,21.0,10113639847.0,952214.0,0.0,3593110518.0,4402129525.0,1574452952.0,436136182.0,107810670.0,0.0,249857.0,603902.0,83288.0,7692.0,7475.0
A,골목상권,3110520,경의중앙 신촌역,11410585,신촌동,11410585,신촌동,서대문구,0.9999999999999999,0.5,0.38922155688622756,0.4820359281437126,0.38922155688622756,0.4570858283433134,exploration_25pct_all_periods,400,373,44.0,129.0,53.0,80.0,49.0,18.0,7332183612.0,284617.0,1102093553.0,0.0,92841350.0,5188220399.0,846424712.0,102603598.0,14300.0,0.0,13127.0,221543.0,21001.0,14646.0
A,골목상권,3110401,도봉구민회관,11320515,창5동,11320515,창5동,도봉구,0.9999999999999999,0.44011976047904194,0.38922155688622756,0.4251497005988024,0.38922155688622756,0.4181636726546906,exploration_25pct_all_periods,400,216,40.0,60.0,40.0,31.0,45.0,0.0,5671799038.0,181235.0,0.0,247679884.0,430152987.0,4426518366.0,567447801.0,0.0,0.0,6996.0,43853.0,107536.0,22850.0,0.0
R,전통시장,3130178,이대 앞 스타트업 상점가,11410585,신촌동,11410585,신촌동,서대문구,1.0,0.5,0.38922155688622756,0.4820359281437126,0.38922155688622756,0.4570858283433134,exploration_25pct_all_periods,400,442,29.0,91.0,143.0,136.0,18.0,25.0,4089163184.0,226090.0,0.0,576877725.0,371309233.0,2646248678.0,0.0,494727548.0,0.0,10010.0,8392.0,116426.0,0.0,91262.0
A,골목상권,3110575,대흥동주민센터,11440600,대흥동,11440600,대흥동,마포구,0.9840009883216698,0.5,0.38922155688622756,0.4820359281437126,0.38922155688622756,0.4570858283433134,exploration_25pct_all_periods,400,366,35.0,200.0,39.0,48.0,28.0,16.0,2215274051.0,183944.0,0.0,317076382.0,624393087.0,1198390787.0,0.0,75413795.0,0.0,5583.0,93412.0,76740.0,0.0,8209.0
A,골목상권,3110439,당고개역 5번,11350665,상계3·4동,11350665,상계3·4동,노원구,0.9999999999999996,0.48502994011976047,0.38622754491017963,0.45209580838323354,0.38622754491017963,0.44111776447105794,exploration_25pct_all_periods,400,419,11.0,143.0,117.0,96.0,39.0,13.0,6449643786.0,932456.0,0.0,11963256.0,4466610831.0,474528385.0,210464492.0,1286076822.0,0.0,438.0,607743.0,15957.0,4003.0,304315.0
A,골목상권,3110437,당고개역 2번,11350665,상계3·4동,11350665,상계3·4동,노원구,0.9999999999999997,0.48502994011976047,0.38622754491017963,0.45209580838323354,0.38622754491017963,0.44111776447105794,exploration_25pct_all_periods,400,511,24.0,154.0,103.0,129.0,79.0,22.0,4707770022.0,184056.0,302858524.0,1086319377.0,1078159996.0,1908420611.0,235218128.0,96793386.0,627.0,64493.0,48109.0,61408.0,5216.0,4203.0
A,골목상권,3110440,상계3동4동주민센터,11350665,상계3·4동,11350665,상계3·4동,노원구,0.9999999999999998,0.48502994011976047,0.38622754491017963,0.45209580838323354,0.38622754491017963,0.44111776447105794,exploration_25pct_all_periods,400,143,0.0,76.0,51.0,8.0,8.0,0.0,4929457.0,72.0,0.0,3657884.0,1271573.0,0.0,0.0,0.0,0.0,11.0,61.0,0.0,0.0,0.0
R,전통시장,3130177,인왕시장(홍제골목형상점가),11410640,홍제3동,11410640,홍제3동,서대문구,0.9584727108865335,0.4880239520958084,0.38323353293413176,0.44610778443113774,0.38323353293413176,0.439121756487026,exploration_25pct_all_periods,400,790,4.0,96.0,402.0,238.0,50.0,0.0,160728000285.0,5884070.0,0.0,7804094673.0,136551139720.0,16319436860.0,53329032.0,0.0,0.0,362283.0,4675896.0,845076.0,815.0,0.0
R,전통시장,3130176,유진상가,11410660,홍은1동,11410660,홍은1동,서대문구,0.9834014106025926,0.4880239520958084,0.38323353293413176,0.44610778443113774,0.38323353293413176,0.439121756487026,exploration_25pct_all_periods,400,271,0.0,52.0,175.0,29.0,11.0,4.0,34827672299.0,666664.0,0.0,77438176.0,32938922591.0,1811311532.0,0.0,0.0,0.0,2731.0,629355.0,34578.0,0.0,0.0
A,골목상권,3110416,노원초등학교,11350630,상계1동,11350630,상계1동,노원구,0.9134915072850358,0.5269461077844312,0.38323353293413176,0.4550898203592814,0.38323353293413176,0.45508982035928147,exploration_25pct_all_periods,400,679,52.0,251.0,145.0,115.0,97.0,19.0,26110796146.0,614101.0,539921053.0,4001983235.0,1721538184.0,17464673171.0,2304413147.0,78267356.0,1882.0,107379.0,211415.0,231178.0,53795.0,8452.0
A,골목상권,3110529,홍제3동주민센터,11410640,홍제3동,11410640,홍제3동,서대문구,1.0000000000000002,0.4880239520958084,0.38323353293413176,0.44610778443113774,0.38323353293413176,0.439121756487026,exploration_25pct_all_periods,400,736,70.0,281.0,84.0,148.0,130.0,23.0,13708763624.0,885113.0,826508906.0,3102426863.0,3155064729.0,4608736759.0,1947385378.0,68640989.0,2391.0,207281.0,442752.0,175803.0,48784.0,8102.0
A,골목상권,3110527,홍제역 2번,11410640,홍제3동,11410640,홍제3동,서대문구,0.7101128730529275,0.4880239520958084,0.38323353293413176,0.44610778443113774,0.38323353293413176,0.439121756487026,exploration_25pct_all_periods,400,517,76.0,215.0,73.0,108.0,27.0,18.0,7557605424.0,506336.0,1437925922.0,186280992.0,2785191863.0,3075477903.0,40169317.0,32559427.0,5304.0,4910.0,402811.0,87537.0,2356.0,3418.0
A,골목상권,3110521,홍제역 4번,11410620,홍제1동,11410620,홍제1동,서대문구,1.0,0.4880239520958084,0.38323353293413176,0.44610778443113774,0.38323353293413176,0.439121756487026,exploration_25pct_all_periods,400,303,32.0,100.0,36.0,101.0,16.0,18.0,6793753182.0,169583.0,0.0,174884771.0,9321020.0,6462362233.0,17561810.0,129623348.0,0.0,4476.0,322.0,148276.0,453.0,16056.0
A,골목상권,3110522,홍제역 3번,11410620,홍제1동,11410620,홍제1동,서대문구,1.0000000000000004,0.4880239520958084,0.38323353293413176,0.44610778443113774,0.38323353293413176,0.439121756487026,exploration_25pct_all_periods,400,170,23.0,42.0,22.0,55.0,20.0,8.0,364046917.0,20531.0,109446152.0,113024518.0,63154937.0,59301355.0,0.0,19119955.0,717.0,2288.0,10455.0,3071.0,0.0,4000.0
R,전통시장,3130080,자양종합시장(기능상실),11215830,자양2동,11215830,자양2동,광진구,0.9999999999999999,0.44610778443113774,0.38323353293413176,0.39820359281437123,0.38323353293413176,0.4091816367265469,exploration_25pct_all_periods,400,28,0.0,16.0,4.0,8.0,0.0,0.0,0.0,0.0,0.0,0.0,0.0,0.0,0.0,0.0,0.0,0.0,0.0,0.0,0.0,0.0
A,골목상권,3110134,성수119안전센터,11200670,성수2가1동,11200670,성수2가1동,성동구,0.9928044073943318,0.3772455089820359,0.47904191616766467,0.5209580838323353,0.3772455089820359,0.4590818363273453,exploration_25pct_all_periods,400,1228,32.0,452.0,294.0,219.0,162.0,69.0,21280723843.0,1341972.0,477273984.0,3339309571.0,8685312139.0,6427686287.0,1826323611.0,524818251.0,1311.0,114509.0,970930.0,186298.0,24171.0,44753.0
A,골목상권,3110578,대흥역 2번,11440610,염리동,11440610,염리동,마포구,0.7534435990823874,0.45808383233532934,0.37425149700598803,0.4161676646706587,0.37425149700598803,0.4161676646706587,exploration_25pct_all_periods,400,1082,183.0,260.0,200.0,325.0,41.0,73.0,35674073968.0,2272173.0,6399177392.0,2734860412.0,13489721253.0,11841582627.0,65128694.0,1143603590.0,32836.0,157955.0,1167636.0,653879.0,4945.0,254922.0
A,골목상권,3110399,창2동주민센터,11320512,창2동,11320512,창2동,도봉구,1.0000000000000004,0.45808383233532934,0.37425149700598803,0.4251497005988024,0.37425149700598803,0.41916167664670656,exploration_25pct_all_periods,400,950,104.0,387.0,212.0,134.0,85.0,28.0,18750703101.0,993344.0,2945859020.0,741886580.0,10709835450.0,3545284232.0,568650382.0,239187437.0,16788.0,24059.0,766344.0,134738.0,4514.0,46901.0
A,골목상권,3110280,북정마을,11290525,성북동,11290525,성북동,성북구,0.9555805941121568,0.46407185628742514,0.3712574850299401,0.37425149700598803,0.3712574850299401,0.4031936127744511,exploration_25pct_all_periods,400,85,4.0,39.0,14.0,12.0,0.0,16.0,208366676.0,10310.0,0.0,0.0,0.0,0.0,0.0,208366676.0,0.0,0.0,0.0,0.0,0.0,10310.0
A,골목상권,3111014,송파나루역 2번,11710562,방이2동,11710562,방이2동,송파구,0.9969687910960402,0.38622754491017963,0.36227544910179643,0.41916167664670656,0.36227544910179643,0.38922155688622756,exploration_25pct_all_periods,400,553,5.0,173.0,66.0,204.0,93.0,12.0,27739731859.0,366287.0,0.0,265586836.0,7601919.0,25401752003.0,1844420036.0,220371065.0,0.0,10683.0,21.0,306304.0,29408.0,19871.0
A,골목상권,3111066,암사동성당(효정하나플러스아파트),11740570,암사1동,11740570,암사1동,강동구,0.9961355709319448,0.4221556886227545,0.36227544910179643,0.41916167664670656,0.36227544910179643,0.40119760479041916,exploration_25pct_all_periods,400,763,30.0,321.0,142.0,143.0,94.0,33.0,7307669589.0,376548.0,0.0,619864993.0,1181768616.0,4014836234.0,1024884378.0,466315368.0,0.0,18186.0,132556.0,106289.0,18514.0,101003.0
R,전통시장,3130313,방이시장,11710562,방이2동,11710562,방이2동,송파구,0.9961334056240603,0.38622754491017963,0.3592814371257485,0.4101796407185629,0.3592814371257485,0.3852295409181637,exploration_25pct_all_periods,400,1681,78.0,656.0,397.0,347.0,168.0,35.0,73559122784.0,3642646.0,701987117.0,26038776243.0,24908470850.0,17252604177.0,1716431006.0,2940853391.0,3960.0,576048.0,1586860.0,1044888.0,46446.0,384444.0
A,골목상권,3110577,용강동주민센터,11440590,용강동,11440590,용강동,마포구,0.9949621122032439,0.44610778443113774,0.3592814371257485,0.40119760479041916,0.3592814371257485,0.40219560878243515,exploration_25pct_all_periods,400,490,140.0,170.0,66.0,55.0,46.0,13.0,29281075497.0,697364.0,11439413611.0,10504741220.0,1366955158.0,4573654456.0,957686062.0,438624990.0,47444.0,258674.0,78106.0,206375.0,4788.0,101977.0
A,골목상권,3111019,한성백제역 3번,11710562,방이2동,11710562,방이2동,송파구,0.9979776586042937,0.38622754491017963,0.3592814371257485,0.4101796407185629,0.3592814371257485,0.3852295409181637,exploration_25pct_all_periods,400,1265,116.0,556.0,311.0,159.0,84.0,39.0,10376899063.0,550443.0,1099031574.0,2739116784.0,1498492186.0,3428839057.0,734593826.0,876825636.0,8213.0,153185.0,131561.0,77817.0,39302.0,140365.0
A,골목상권,3110962,도산공원북측,11680545,압구정동,11680545,압구정동,강남구,1.0000000000000002,0.5119760479041916,0.3592814371257485,0.46407185628742514,0.3592814371257485,0.44510978043912175,exploration_25pct_all_periods,400,159,8.0,4.0,61.0,53.0,8.0,25.0,4248852212.0,15983.0,0.0,0.0,1911405062.0,2337447150.0,0.0,0.0,0.0,0.0,7823.0,8160.0,0.0,0.0
A,골목상권,3111004,삼전역 1번,11710650,잠실본동,11710650,잠실본동,송파구,0.9970837391050683,0.3712574850299401,0.3562874251497006,0.38922155688622756,0.3562874251497006,0.3722554890219561,exploration_25pct_all_periods,400,2528,437.0,993.0,387.0,383.0,246.0,82.0,109607870033.0,3688364.0,33726159583.0,24160594740.0,13385183661.0,31089249988.0,6200620092.0,1046061969.0,100009.0,710271.0,1708369.0,950553.0,83456.0,135706.0
A,골목상권,3110381,번동주공2단지,11305608,번3동,11305608,번3동,강북구,0.9906518001792308,0.41916167664670656,0.3772455089820359,0.3562874251497006,0.3562874251497006,0.3842315369261477,exploration_25pct_all_periods,400,197,16.0,43.0,41.0,53.0,32.0,12.0,3891559829.0,151250.0,867872000.0,355515617.0,261278658.0,2265546362.0,141347192.0,0.0,3765.0,8648.0,25099.0,91366.0,22372.0,0.0
R,전통시장,3130194,용강동 상점가,11440590,용강동,11440590,용강동,마포구,0.9999999999999999,0.44011976047904194,0.3473053892215569,0.38922155688622756,0.3473053892215569,0.3922155688622755,exploration_25pct_all_periods,400,680,24.0,116.0,34.0,276.0,202.0,28.0,48909313356.0,556861.0,0.0,104998574.0,0.0,36610070420.0,11773151121.0,421093241.0,0.0,3799.0,0.0,432731.0,90977.0,29354.0
D,발달상권,3120094,"신촌역(신촌역, 신촌로터리)",11410585,신촌동,11410585,신촌동,서대문구,0.6384661429317217,0.437125748502994,0.344311377245509,0.39221556886227543,0.344311377245509,0.39121756487025944,exploration_25pct_all_periods,400,8200,441.0,2226.0,1670.0,2105.0,1332.0,426.0,382559978384.0,16934028.0,7386569178.0,123981394011.0,64140155906.0,130742485988.0,35600188394.0,20709184907.0,134363.0,1806691.0,5741401.0,5032865.0,1457827.0,2760881.0
A,골목상권,3110569,홍대땡땡거리,11440655,서강동,11440660,서교동,마포구,0.6515194114633006,0.437125748502994,0.344311377245509,0.39221556886227543,0.344311377245509,0.39121756487025944,exploration_25pct_all_periods,400,1599,120.0,738.0,202.0,312.0,96.0,131.0,29112069391.0,1200123.0,2744875648.0,439177261.0,1853417211.0,12315267587.0,8570013828.0,3189317856.0,4486.0,17444.0,178428.0,394923.0,128646.0,476196.0
R,전통시장,3130175,신촌 상인회(신촌상점가),11410585,신촌동,11410585,신촌동,서대문구,1.0,0.437125748502994,0.344311377245509,0.39221556886227543,0.344311377245509,0.39121756487025944,exploration_25pct_all_periods,400,169,16.0,66.0,38.0,17.0,24.0,8.0,9580980961.0,757791.0,0.0,4853549195.0,1445610188.0,1048161808.0,1197260504.0,1036399266.0,0.0,27501.0,39234.0,78260.0,492832.0,119964.0
A,골목상권,3110573,신촌역 6번,11440600,대흥동,11440600,대흥동,마포구,1.0,0.437125748502994,0.344311377245509,0.39221556886227543,0.344311377245509,0.39121756487025944,exploration_25pct_all_periods,400,130,24.0,58.0,12.0,20.0,12.0,4.0,530344246.0,17147.0,0.0,18168143.0,0.0,512176103.0,0.0,0.0,0.0,607.0,0.0,16540.0,0.0,0.0
U,관광특구,3001496,강남 마이스 관광특구,11680580,삼성1동,11680580,삼성1동,강남구,1.0000000000000002,0.3413173652694611,0.3473053892215569,0.344311377245509,0.3413173652694611,0.34431137724550903,exploration_25pct_all_periods,400,4115,58.0,565.0,2722.0,656.0,18.0,96.0,388720621801.0,13080529.0,5755873432.0,28517138687.0,217210692497.0,114116212736.0,0.0,23120704449.0,396881.0,1107874.0,5647579.0,3904319.0,0.0,2023876.0
D,발달상권,3120218,코엑스,11680580,삼성1동,11680580,삼성1동,강남구,1.0000000000000004,0.3413173652694611,0.3473053892215569,0.344311377245509,0.3413173652694611,0.34431137724550903,exploration_25pct_all_periods,400,1558,32.0,275.0,866.0,317.0,14.0,54.0,97130634028.0,3467545.0,3271432071.0,8553864045.0,32098428677.0,47170738836.0,0.0,6036170399.0,207708.0,89824.0,1228904.0,1474864.0,0.0,466245.0
A,골목상권,3110583,공덕래미안3차아파트,11440555,아현동,11440555,아현동,마포구,0.9999999999999997,0.40718562874251496,0.3413173652694611,0.3772455089820359,0.3413173652694611,0.37524950099800397,exploration_25pct_all_periods,400,288,68.0,121.0,18.0,44.0,33.0,4.0,5134442271.0,127018.0,2301360119.0,295980850.0,307403799.0,1977376995.0,252320508.0,0.0,10220.0,3255.0,68579.0,44071.0,893.0,0.0
A,골목상권,3110579,마포역 4번,11440585,도화동,11440585,도화동,마포구,0.9583381403770583,0.44011976047904194,0.3383233532934132,0.38922155688622756,0.3383233532934132,0.38922155688622756,exploration_25pct_all_periods,400,345,8.0,93.0,123.0,92.0,16.0,13.0,3286510300.0,115767.0,0.0,0.0,2153275826.0,992744983.0,0.0,140489491.0,0.0,0.0,75410.0,22751.0,0.0,17606.0
R,전통시장,3130062,보광시장,11170700,보광동,11170700,보광동,용산구,1.0000000000000002,0.44610778443113774,0.3383233532934132,0.41317365269461076,0.3383233532934132,0.3992015968063873,exploration_25pct_all_periods,400,68,0.0,28.0,24.0,8.0,4.0,4.0,0.0,0.0,0.0,0.0,0.0,0.0,0.0,0.0,0.0,0.0,0.0,0.0,0.0,0.0
D,발달상권,3120187,신논현역,11680521,논현1동,11680521,논현1동,강남구,0.32283608323024704,0.4041916167664671,0.33532934131736525,0.38023952095808383,0.33532934131736525,0.3732534930139721,exploration_25pct_all_periods,400,8671,338.0,4288.0,1325.0,1654.0,724.0,342.0,513252748470.0,13414633.0,4865045042.0,219717402995.0,67089225600.0,155520339716.0,44477331178.0,21583403939.0,10115.0,1889727.0,4534239.0,3738908.0,923123.0,2318521.0
D,발달상권,3120047,한남오거리,11170685,한남동,11170685,한남동,용산구,0.9999999999999998,0.4431137724550898,0.33532934131736525,0.344311377245509,0.33532934131736525,0.37425149700598803,exploration_25pct_all_periods,400,2414,76.0,809.0,461.0,579.0,409.0,80.0,147918899946.0,3214124.0,187192959.0,41745490214.0,6611014291.0,71605406614.0,25461522865.0,2308273003.0,9643.0,531320.0,691043.0,1249104.0,435669.0,297345.0
A,골목상권,3110361,삼양사거리역 1번,11305555,송천동,11305555,송천동,강북구,0.999641879987552,0.4431137724550898,0.33532934131736525,0.40718562874251496,0.33532934131736525,0.3952095808383233,exploration_25pct_all_periods,400,295,18.0,148.0,49.0,40.0,32.0,8.0,2557512845.0,213576.0,0.0,886584946.0,1520805768.0,135489870.0,14632261.0,0.0,0.0,18669.0,191698.0,2459.0,750.0,0.0
A,골목상권,3110574,서강대학교,11440600,대흥동,11440600,대흥동,마포구,1.0000000000000002,0.437125748502994,0.33532934131736525,0.38323353293413176,0.33532934131736525,0.3852295409181637,exploration_25pct_all_periods,400,185,101.0,32.0,25.0,8.0,19.0,0.0,0.0,0.0,0.0,0.0,0.0,0.0,0.0,0.0,0.0,0.0,0.0,0.0,0.0,0.0
A,골목상권,3110058,성심여자고등학교,11170570,원효로2동,11170570,원효로2동,용산구,1.0000000000000013,0.4431137724550898,0.3323353293413174,0.40119760479041916,0.3323353293413174,0.39221556886227543,exploration_25pct_all_periods,400,1013,92.0,346.0,390.0,121.0,36.0,28.0,53550976299.0,511928.0,245937400.0,1164608163.0,48939749559.0,2412046020.0,282698006.0,505937151.0,10482.0,23881.0,327282.0,73411.0,7114.0,69758.0
A,골목상권,3111021,방이역 4번,11710561,방이1동,11710561,방이1동,송파구,0.9349091434321668,0.32934131736526945,0.3323353293413174,0.3473053892215569,0.32934131736526945,0.3363273453093813,exploration_25pct_all_periods,400,2639,580.0,782.0,356.0,568.0,234.0,119.0,120430281778.0,1695778.0,51276950087.0,12347474311.0,13094113075.0,37394908141.0,5138931359.0,1177904805.0,161923.0,121815.0,424750.0,730680.0,134542.0,122068.0
A,골목상권,3111032,방이역 1번,11710570,오금동,11710570,오금동,송파구,0.9848700222022678,0.32934131736526945,0.3323353293413174,0.3473053892215569,0.32934131736526945,0.3363273453093813,exploration_25pct_all_periods,400,839,184.0,189.0,179.0,168.0,108.0,11.0,72502465813.0,789941.0,28668987104.0,3121578682.0,1460313704.0,37059067513.0,2090863845.0,101654965.0,93838.0,42210.0,186229.0,435695.0,10837.0,21132.0
D,발달상권,3120238,방이역,11710561,방이1동,11710561,방이1동,송파구,0.5955005705432649,0.32934131736526945,0.3323353293413174,0.3473053892215569,0.32934131736526945,0.3363273453093813,exploration_25pct_all_periods,400,1154,338.0,425.0,87.0,125.0,143.0,36.0,57237573961.0,2965219.0,9661401545.0,30021115701.0,225108805.0,7858347432.0,2955592060.0,6516008418.0,28151.0,1092438.0,1514.0,293479.0,47993.0,1501644.0
A,골목상권,3111020,방이동고분군(방산고등학교),11710561,방이1동,11710561,방이1동,송파구,1.0,0.32934131736526945,0.3323353293413174,0.3473053892215569,0.32934131736526945,0.3363273453093813,exploration_25pct_all_periods,400,605,113.0,196.0,118.0,89.0,41.0,48.0,33438954179.0,602565.0,6312606369.0,22677861105.0,243589938.0,2052958249.0,1506634936.0,645303582.0,14175.0,380132.0,2672.0,118998.0,7986.0,78602.0
A,골목상권,3111030,방이역 2번,11710570,오금동,11710570,오금동,송파구,0.9999999999999999,0.32934131736526945,0.3323353293413174,0.3473053892215569,0.32934131736526945,0.3363273453093813,exploration_25pct_all_periods,400,702,137.0,216.0,177.0,91.0,37.0,44.0,12743179892.0,464672.0,4190409015.0,1006681316.0,3257581971.0,3686468890.0,102034631.0,500004069.0,15162.0,24329.0,166686.0,182399.0,1633.0,74463.0
A,골목상권,3110571,신수동주민센터,11440630,신수동,11440630,신수동,마포구,0.9999999999999998,0.437125748502994,0.32934131736526945,0.38023952095808383,0.32934131736526945,0.38223552894211577,exploration_25pct_all_periods,400,443,49.0,164.0,84.0,95.0,20.0,31.0,2192132120.0,140596.0,69780481.0,48479322.0,1269275843.0,651162143.0,0.0,153434331.0,10006.0,1650.0,61935.0,47665.0,0.0,19340.0
D,발달상권,3120222,삼성역,11680610,대치2동,11680610,대치2동,강남구,0.5066321619711771,0.3323353293413174,0.32335329341317365,0.3413173652694611,0.32335329341317365,0.3323353293413174,exploration_25pct_all_periods,400,5639,145.0,1810.0,2454.0,915.0,114.0,201.0,436828692974.0,15108009.0,15912399247.0,39742150000.0,216833663330.0,126398567293.0,5330737430.0,32611175674.0,422419.0,601865.0,5996706.0,4443418.0,95015.0,3548586.0
D,발달상권,3120215,포스코사거리,11680590,삼성2동,11680630,대치4동,강남구,0.2874276090564952,0.3323353293413174,0.32335329341317365,0.3413173652694611,0.32335329341317365,0.3323353293413174,exploration_25pct_all_periods,400,8528,549.0,3961.0,1809.0,1407.0,522.0,280.0,378079648712.0,17080277.0,13651816014.0,59474675965.0,34493701693.0,209754216604.0,30897280437.0,29807957999.0,287118.0,1506765.0,3421092.0,8432398.0,447620.0,2985284.0
D,발달상권,3120223,휘문고교사거리,11680610,대치2동,11680610,대치2동,강남구,0.9999999999999998,0.3323353293413174,0.3203592814371258,0.3413173652694611,0.3203592814371258,0.33133732534930144,exploration_25pct_all_periods,400,656,104.0,239.0,153.0,74.0,45.0,41.0,218123232493.0,531915.0,21003112111.0,189802998134.0,3343863160.0,2159755268.0,579178036.0,1234325784.0,40308.0,30930.0,225247.0,28506.0,1545.0,205379.0
A,골목상권,3110295,정릉우체국,11290630,정릉2동,11290630,정릉2동,성북구,0.8947214088675063,0.38023952095808383,0.3143712574850299,0.3203592814371258,0.3143712574850299,0.3383233532934131,exploration_25pct_all_periods,400,603,76.0,301.0,83.0,96.0,39.0,8.0,20700362521.0,906296.0,1006669787.0,12623391388.0,1313260053.0,4412739408.0,592971899.0,751329986.0,2661.0,421084.0,179664.0,217574.0,9877.0,75436.0
A,골목상권,3110298,솔숲어린이공원,11290620,정릉1동,11290620,정릉1동,성북구,0.9968441098870772,0.38023952095808383,0.3143712574850299,0.3413173652694611,0.3143712574850299,0.34530938123752497,exploration_25pct_all_periods,400,152,57.0,55.0,15.0,13.0,6.0,6.0,185898230.0,1045.0,185898230.0,0.0,0.0,0.0,0.0,0.0,1045.0,0.0,0.0,0.0,0.0,0.0
R,전통시장,3130073,뚝도시장,11200670,성수2가1동,11200670,성수2가1동,성동구,1.0000000000000002,0.31137724550898205,0.31736526946107785,0.344311377245509,0.31137724550898205,0.3243512974051896,exploration_25pct_all_periods,400,811,5.0,206.0,145.0,351.0,70.0,34.0,43273979930.0,1410842.0,0.0,11176655718.0,15006274186.0,13437739588.0,3653310438.0,0.0,0.0,404983.0,630105.0,322994.0,52760.0,0.0
A,골목상권,3110525,홍은종합사회복지관,11410660,홍은1동,11410660,홍은1동,서대문구,0.9999999999999996,0.44610778443113774,0.31137724550898205,0.38323353293413176,0.31137724550898205,0.38023952095808383,exploration_25pct_all_periods,400,377,127.0,111.0,29.0,72.0,12.0,26.0,4716581419.0,184323.0,2799291283.0,12484190.0,12057704.0,1477772309.0,0.0,414975933.0,11874.0,190.0,102.0,80723.0,0.0,91434.0
A,골목상권,3111076,둔촌2동주민센터,11740700,둔촌2동,11740700,둔촌2동,강동구,0.9951087278913211,0.30538922155688625,0.31137724550898205,0.31736526946107785,0.30538922155688625,0.31137724550898205,exploration_25pct_all_periods,400,555,61.0,195.0,74.0,116.0,79.0,30.0,9058510213.0,357159.0,492716204.0,2384225839.0,439299533.0,3903302356.0,744283386.0,1094682895.0,10915.0,43370.0,49765.0,91069.0,11088.0,150952.0
R,전통시장,3130136,수유재래시장,11305615,수유1동,11305615,수유1동,강북구,0.9999999999999999,0.4161676646706587,0.30538922155688625,0.3383233532934132,0.30538922155688625,0.3532934131736527,exploration_25pct_all_periods,400,116,4.0,24.0,48.0,36.0,4.0,0.0,48000000.0,3697.0,0.0,0.0,48000000.0,0.0,0.0,0.0,0.0,0.0,3697.0,0.0,0.0,0.0
A,골목상권,3110951,신사은행나무공원,11680510,신사동,11680510,신사동,강남구,1.0000000000000002,0.46107784431137727,0.2994011976047904,0.36227544910179643,0.2994011976047904,0.37425149700598803,exploration_25pct_all_periods,400,394,32.0,148.0,95.0,68.0,20.0,31.0,1923554137.0,50909.0,96000000.0,228021309.0,39749428.0,1466813530.0,0.0,92969870.0,99.0,1844.0,276.0,45449.0,0.0,3241.0
R,전통시장,3130058,이촌종합시장,11170630,이촌1동,11170630,이촌1동,용산구,1.0000000000000002,0.41317365269461076,0.2964071856287425,0.37425149700598803,0.2964071856287425,0.36127744510978044,exploration_25pct_all_periods,400,430,29.0,72.0,95.0,168.0,54.0,12.0,18809965075.0,509316.0,63800105.0,149341482.0,3941846250.0,11528344872.0,3024553527.0,102078839.0,320.0,2094.0,142396.0,302833.0,53835.0,7838.0
A,골목상권,3110071,한강미주맨션아파트,11170630,이촌1동,11170630,이촌1동,용산구,1.0000000000000002,0.41317365269461076,0.2964071856287425,0.37425149700598803,0.2964071856287425,0.36127744510978044,exploration_25pct_all_periods,400,242,28.0,69.0,38.0,73.0,25.0,9.0,4538936359.0,49351.0,0.0,0.0,0.0,4538936359.0,0.0,0.0,0.0,0.0,0.0,49351.0,0.0,0.0
D,발달상권,3120249,고덕역,11740540,명일2동,11740540,명일2동,강동구,0.9999439383545181,0.2934131736526946,0.2994011976047904,0.30538922155688625,0.2934131736526946,0.2994011976047904,exploration_25pct_all_periods,400,2289,866.0,645.0,303.0,268.0,157.0,50.0,297721135350.0,8495261.0,116113571369.0,94505624732.0,12707961404.0,62544434301.0,4906840793.0,6942702751.0,448967.0,1746298.0,926657.0,3984103.0,236973.0,1152263.0
A,골목상권,3111013,송파나루역 1번(송리단길),11710580,송파1동,11710580,송파1동,송파구,0.9988762166575946,0.3023952095808383,0.2934131736526946,0.3083832335329341,0.2934131736526946,0.3013972055888223,exploration_25pct_all_periods,400,2289,92.0,574.0,296.0,806.0,238.0,283.0,61516109680.0,1915595.0,71103580.0,8139360693.0,9501599127.0,33847814154.0,5689844574.0,4266387552.0,393.0,71822.0,471287.0,802532.0,198928.0,370633.0
A,골목상권,3111015,석촌역 3번,11710580,송파1동,11710580,송파1동,송파구,0.9682024779097564,0.3023952095808383,0.2934131736526946,0.3083832335329341,0.2934131736526946,0.3013972055888223,exploration_25pct_all_periods,400,1665,169.0,684.0,320.0,260.0,112.0,120.0,31258825123.0,807594.0,2645175511.0,16005648505.0,4340747541.0,5507440227.0,2034198869.0,725614470.0,14654.0,132072.0,417056.0,135288.0,22598.0,85926.0
A,골목상권,3111012,석촌역 6번,11710600,석촌동,11710600,석촌동,송파구,1.0000000000000004,0.3023952095808383,0.2934131736526946,0.3083832335329341,0.2934131736526946,0.3013972055888223,exploration_25pct_all_periods,400,1071,123.0,400.0,191.0,206.0,90.0,61.0,11330999931.0,290875.0,2378056107.0,1072219252.0,2492169930.0,3260034798.0,1617486621.0,511033223.0,8624.0,37645.0,94199.0,92760.0,29177.0,28470.0
R,전통시장,3130138,수유프라자,11305615,수유1동,11305535,미아동,강북구,1.0000000000000002,0.39520958083832336,0.2874251497005988,0.3203592814371258,0.2874251497005988,0.3343313373253493,exploration_25pct_all_periods,400,137,0.0,46.0,87.0,0.0,0.0,4.0,532479870.0,3995.0,0.0,97763102.0,434716768.0,0.0,0.0,0.0,0.0,360.0,3635.0,0.0,0.0,0.0
R,전통시장,3130321,장신구 특화거리 상점가,11740640,성내1동,11740640,성내1동,강동구,0.999538096937612,0.2844311377245509,0.2904191616766467,0.3023952095808383,0.2844311377245509,0.29241516966067865,exploration_25pct_all_periods,400,372,44.0,142.0,83.0,32.0,52.0,19.0,1679655171.0,4655.0,492000000.0,0.0,737191894.0,0.0,450463277.0,0.0,1876.0,0.0,1733.0,0.0,1046.0,0.0
A,골목상권,3110398,쌍문2동우체국,11320670,쌍문2동,11320670,쌍문2동,도봉구,0.966825717197045,0.344311377245509,0.281437125748503,0.30538922155688625,0.281437125748503,0.3103792415169661,exploration_25pct_all_periods,400,912,146.0,271.0,180.0,214.0,74.0,27.0,36946979255.0,1653128.0,4195593268.0,14690647745.0,6127253032.0,10064685351.0,1073772171.0,795027688.0,12250.0,662180.0,486678.0,344827.0,18098.0,129095.0
A,골목상권,3110408,가인초등학교,11320515,창5동,11320515,창5동,도봉구,0.9999999999999996,0.344311377245509,0.281437125748503,0.30538922155688625,0.281437125748503,0.3103792415169661,exploration_25pct_all_periods,400,404,71.0,142.0,81.0,53.0,36.0,21.0,20279777349.0,1063247.0,865754370.0,11112241461.0,3223877049.0,4037251627.0,688490316.0,352162526.0,3624.0,556997.0,379611.0,47276.0,3421.0,72318.0
A,골목상권,3110400,도봉구보건소,11320670,쌍문2동,11320670,쌍문2동,도봉구,0.9427889629202152,0.344311377245509,0.281437125748503,0.30538922155688625,0.281437125748503,0.3103792415169661,exploration_25pct_all_periods,400,929,38.0,353.0,186.0,223.0,90.0,39.0,18785639348.0,672252.0,0.0,8691008858.0,3495180373.0,5667482343.0,931967774.0,0.0,0.0,374905.0,22446.0,241121.0,33780.0,0.0
A,골목상권,3111018,풍납초등학교(풍납백제문화공원),11710510,풍납1동,11710510,풍납1동,송파구,1.0000000000000002,0.3023952095808383,0.27844311377245506,0.3023952095808383,0.27844311377245506,0.2944111776447106,exploration_25pct_all_periods,400,186,32.0,72.0,39.0,23.0,12.0,8.0,0.0,0.0,0.0,0.0,0.0,0.0,0.0,0.0,0.0,0.0,0.0,0.0,0.0,0.0
A,골목상권,3110514,서대문우체국,11410585,신촌동,11410585,신촌동,서대문구,0.9772400443280647,0.344311377245509,0.2694610778443114,0.3143712574850299,0.2694610778443114,0.3093812375249501,exploration_25pct_all_periods,400,226,5.0,96.0,34.0,76.0,6.0,9.0,1456098990.0,111835.0,0.0,150000000.0,325508473.0,703432321.0,0.0,277158196.0,0.0,212.0,54087.0,33495.0,0.0,24041.0
D,발달상권,3120232,송파나루역,11710580,송파1동,11710580,송파1동,송파구,0.5615926060351638,0.2844311377245509,0.26646706586826346,0.281437125748503,0.26646706586826346,0.2774451097804391,exploration_25pct_all_periods,400,899,46.0,432.0,141.0,102.0,112.0,66.0,52177753048.0,1301873.0,1944775856.0,8403471748.0,29757680694.0,7611026623.0,3289699514.0,1171098613.0,21593.0,187807.0,388481.0,565801.0,44733.0,93458.0
A,골목상권,3110971,선정릉역 4번,11680640,역삼1동,11680640,역삼1동,강남구,1.0000000000000009,0.3023952095808383,0.26646706586826346,0.2994011976047904,0.26646706586826346,0.28942115768463067,exploration_25pct_all_periods,400,686,40.0,308.0,176.0,63.0,51.0,48.0,17636799332.0,684010.0,0.0,611307039.0,4239260985.0,6180052903.0,6114032804.0,492145601.0,0.0,11532.0,541793.0,65224.0,21522.0,43939.0
D,발달상권,3120103,홍대입구역(홍대),11440660,서교동,11440660,서교동,마포구,0.9119177451343137,0.3413173652694611,0.26047904191616766,0.31736526946107785,0.26047904191616766,0.3063872255489022,exploration_25pct_all_periods,400,11947,668.0,3817.0,2303.0,2790.0,1454.0,915.0,618734645396.0,23233425.0,21515619705.0,113223331221.0,125902421565.0,212055030572.0,99569479748.0,46468762585.0,279819.0,1784156.0,6131698.0,6440455.0,3414034.0,5183263.0
D,발달상권,3120230,송파사거리(송파역),11710600,석촌동,11710600,석촌동,송파구,0.43157162673621063,0.2694610778443114,0.26047904191616766,0.2754491017964072,0.26047904191616766,0.26846307385229545,exploration_25pct_all_periods,400,1759,123.0,706.0,340.0,343.0,205.0,42.0,85874634938.0,2404836.0,20823058176.0,37382770284.0,4017944210.0,16167218218.0,6531952217.0,951691833.0,61296.0,1218593.0,98826.0,703180.0,146075.0,176866.0
D,발달상권,3120239,오금역,11710620,가락본동,11710620,가락본동,송파구,0.6944200632541042,0.26047904191616766,0.27245508982035926,0.27844311377245506,0.26047904191616766,0.27045908183632733,exploration_25pct_all_periods,400,2101,101.0,755.0,518.0,468.0,174.0,85.0,51700082739.0,1597591.0,189914965.0,22475902260.0,4339251172.0,16815853983.0,5560596355.0,2318564004.0,781.0,85274.0,451608.0,647623.0,88870.0,323435.0
A,골목상권,3111029,오금역 4번,11710632,가락2동,11710632,가락2동,송파구,0.8998415873839174,0.26047904191616766,0.27245508982035926,0.27844311377245506,0.26047904191616766,0.27045908183632733,exploration_25pct_all_periods,400,354,38.0,140.0,105.0,40.0,19.0,12.0,9144103208.0,31078.0,4296409210.0,4802037852.0,0.0,0.0,3265534.0,42390612.0,21657.0,5064.0,0.0,0.0,8.0,4349.0
A,골목상권,3111035,오금공원(오주중학교),11710570,오금동,11710570,오금동,송파구,1.0000000000000004,0.26047904191616766,0.27245508982035926,0.27844311377245506,0.26047904191616766,0.27045908183632733,exploration_25pct_all_periods,400,571,45.0,242.0,131.0,93.0,28.0,32.0,6180054713.0,954578.0,0.0,1807739698.0,0.0,3927057379.0,266331738.0,178925898.0,0.0,15450.0,0.0,911553.0,5343.0,22232.0
A,골목상권,3111022,석촌중학교(방이육교),11710620,가락본동,11710620,가락본동,송파구,1.0000000000000013,0.26047904191616766,0.27245508982035926,0.27844311377245506,0.26047904191616766,0.27045908183632733,exploration_25pct_all_periods,400,322,52.0,97.0,107.0,39.0,18.0,9.0,3623589432.0,28163.0,842384118.0,85281725.0,2686705022.0,0.0,0.0,9218567.0,3771.0,3161.0,19782.0,0.0,0.0,1449.0
D,발달상권,3120153,노량진역(노량진),11590510,노량진1동,11590510,노량진1동,동작구,0.503220543665718,0.3263473053892216,0.25449101796407186,0.3083832335329341,0.25449101796407186,0.2964071856287425,exploration_25pct_all_periods,400,6555,605.0,666.0,3919.0,807.0,377.0,181.0,3904896644926.0,55693127.0,49615751781.0,15344520650.0,3690581578402.0,127686576043.0,14284830820.0,7383387230.0,518420.0,698750.0,47546781.0,3786082.0,1671371.0,1471723.0
D,발달상권,3120102,서교동(홍대),11440660,서교동,11440660,서교동,마포구,0.9999999999999997,0.32335329341317365,0.25149700598802394,0.30538922155688625,0.25149700598802394,0.2934131736526946,exploration_25pct_all_periods,400,3586,378.0,1509.0,538.0,629.0,227.0,305.0,119000716083.0,5062213.0,5686316837.0,33450531555.0,15035558337.0,51561246240.0,4132168221.0,9134894893.0,77538.0,1225784.0,1586562.0,1220105.0,53060.0,899164.0
A,골목상권,3110566,경의선책거리,11440660,서교동,11440660,서교동,마포구,0.8975412319800546,0.3383233532934132,0.25149700598802394,0.2994011976047904,0.25149700598802394,0.29640718562874246,exploration_25pct_all_periods,400,2626,291.0,910.0,540.0,431.0,152.0,302.0,58568528981.0,2933869.0,15130943113.0,11591422591.0,9468092839.0,8799857478.0,6009840303.0,7568372657.0,29939.0,142957.0,946418.0,379331.0,419613.0,1015611.0
A,골목상권,3110832,노량진초등학교,11590510,노량진1동,11590510,노량진1동,동작구,0.604828910241079,0.3263473053892216,0.25149700598802394,0.31137724550898205,0.25149700598802394,0.2964071856287425,exploration_25pct_all_periods,400,478,68.0,201.0,80.0,54.0,60.0,15.0,5062111962.0,70543.0,586872949.0,270582799.0,32765537.0,3753248238.0,253409485.0,165232954.0,1838.0,6756.0,99.0,33594.0,12222.0,16034.0
R,전통시장,3130265,노량진중앙시장,11590510,노량진1동,11590510,노량진1동,동작구,0.9999999999999998,0.3203592814371258,0.24850299401197604,0.3083832335329341,0.24850299401197604,0.29241516966067865,excluded_below_25pct,400,228,16.0,40.0,12.0,72.0,77.0,11.0,10647567563.0,960860.0,0.0,392519686.0,2270484757.0,4806211222.0,2523465366.0,654886532.0,0.0,11186.0,433416.0,223090.0,95826.0,197342.0
A,골목상권,3110828,노량진역 6번,11590520,노량진2동,11590520,노량진2동,동작구,0.7517257395944476,0.3203592814371258,0.24850299401197604,0.3083832335329341,0.24850299401197604,0.29241516966067865,excluded_below_25pct,400,1035,56.0,400.0,208.0,255.0,85.0,31.0,9357371654.0,667604.0,0.0,338890320.0,2318938787.0,5209650096.0,883472323.0,606420128.0,0.0,12802.0,365169.0,172885.0,15119.0,101629.0
R,전통시장,3130266,만양로상점가,11590510,노량진1동,11590510,노량진1동,동작구,1.0000000000000002,0.3203592814371258,0.24850299401197604,0.3083832335329341,0.24850299401197604,0.29241516966067865,excluded_below_25pct,400,153,4.0,28.0,8.0,86.0,26.0,1.0,7472774233.0,303498.0,0.0,0.0,0.0,6519852084.0,952922149.0,0.0,0.0,0.0,0.0,284219.0,19279.0,0.0
A,골목상권,3111065,천일초등학교,11740620,천호3동,11740620,천호3동,강동구,0.5030889687860269,0.24850299401197604,0.25449101796407186,0.25748502994011974,0.24850299401197604,0.25349301397205587,excluded_below_25pct,400,295,8.0,132.0,80.0,75.0,0.0,0.0,592730515.0,21557.0,0.0,519937820.0,23436720.0,49355975.0,0.0,0.0,0.0,18499.0,1402.0,1656.0,0.0,0.0
A,골목상권,3111085,묘곡초등학교(고덕아이파크아파트),11740550,고덕1동,11740550,고덕1동,강동구,0.9983244950795892,0.24251497005988024,0.24550898203592814,0.24850299401197604,0.24251497005988024,0.24550898203592816,excluded_below_25pct,400,1050,198.0,411.0,138.0,152.0,110.0,41.0,29211121103.0,1224212.0,6902619288.0,2519521433.0,8240500215.0,8277149981.0,3219937187.0,51392999.0,29359.0,60041.0,803845.0,266463.0,58543.0,5961.0
A,골목상권,3111079,둔촌고등학교(둔촌중학교),11740700,둔촌2동,11740700,둔촌2동,강동구,1.0000000000000002,0.24251497005988024,0.24850299401197604,0.24850299401197604,0.24251497005988024,0.2465069860279441,excluded_below_25pct,400,341,76.0,144.0,59.0,38.0,12.0,12.0,5833571490.0,255234.0,1284825806.0,3783434355.0,378456505.0,386854824.0,0.0,0.0,4838.0,174078.0,54313.0,22005.0,0.0,0.0
R,전통시장,3130119,정릉아리랑시장,11290630,정릉2동,11290630,정릉2동,성북구,0.9999999779151357,0.3323353293413174,0.24251497005988024,0.25149700598802394,0.24251497005988024,0.2754491017964072,excluded_below_25pct,400,285,8.0,118.0,56.0,79.0,16.0,8.0,1674810332.0,104398.0,0.0,189366349.0,0.0,1403994224.0,0.0,81449759.0,0.0,4897.0,0.0,79832.0,0.0,19669.0
D,발달상권,3120210,선릉역,11680630,대치4동,11680630,대치4동,강남구,0.35423995694508786,0.2694610778443114,0.23952095808383234,0.2694610778443114,0.23952095808383234,0.2594810379241517,excluded_below_25pct,400,12025,787.0,6209.0,2137.0,1871.0,706.0,315.0,526652970073.0,24806718.0,36447525678.0,111799946665.0,92165752509.0,206013396056.0,44904808979.0,35321540186.0,345321.0,2679183.0,7374966.0,8982527.0,966218.0,4458503.0
D,발달상권,3120104,연남동(홍대),11440710,연남동,11440710,연남동,마포구,0.5162650675912738,0.3143712574850299,0.23952095808383234,0.2904191616766467,0.23952095808383234,0.281437125748503,excluded_below_25pct,400,9487,601.0,3423.0,1280.0,2474.0,932.0,777.0,273292151024.0,11480809.0,16470546686.0,42041796931.0,34580898503.0,120398965348.0,28866321771.0,30933621785.0,141812.0,957903.0,2753617.0,3466647.0,846258.0,3314572.0
R,전통시장,3130191,홍대 걷고싶은 거리,11440660,서교동,11440660,서교동,마포구,0.9999999999999993,0.3143712574850299,0.23952095808383234,0.2904191616766467,0.23952095808383234,0.281437125748503,excluded_below_25pct,400,2186,69.0,628.0,538.0,546.0,216.0,189.0,138403606162.0,6377029.0,559462675.0,6800929998.0,52903268283.0,57823976108.0,9096592997.0,11219376101.0,1718.0,82052.0,2652573.0,2011919.0,369642.0,1259125.0
D,발달상권,3120211,도성초등학교,11680630,대치4동,11680630,대치4동,강남구,0.9998894550928362,0.26646706586826346,0.23952095808383234,0.26646706586826346,0.23952095808383234,0.25748502994011974,excluded_below_25pct,400,1596,666.0,479.0,104.0,211.0,113.0,23.0,90135800151.0,2179213.0,37449013524.0,29682601991.0,3598624551.0,16884415036.0,856997923.0,1664147126.0,257752.0,632828.0,259780.0,756473.0,3949.0,268431.0
R,전통시장,3130190,홍대소상공인상점가,11440660,서교동,11440660,서교동,마포구,1.0,0.3143712574850299,0.23952095808383234,0.2904191616766467,0.23952095808383234,0.281437125748503,excluded_below_25pct,400,1274,51.0,225.0,401.0,371.0,112.0,114.0,68805026184.0,2151482.0,921008427.0,1474008421.0,32100811797.0,19988081252.0,3017626779.0,11303489508.0,1184.0,16279.0,739031.0,585293.0,67319.0,742376.0
D,발달상권,3120204,르네상스호텔사거리,11680640,역삼1동,11680640,역삼1동,강남구,0.6339810906108466,0.26646706586826346,0.23952095808383234,0.26646706586826346,0.23952095808383234,0.25748502994011974,excluded_below_25pct,400,3157,146.0,1757.0,630.0,357.0,160.0,107.0,63684930275.0,3726750.0,2159338656.0,2872723460.0,16978777089.0,25552245778.0,3084497761.0,13037347531.0,230835.0,55669.0,1041537.0,808881.0,44596.0,1545232.0
A,골목상권,3110564,홍대입구역 3번,11440660,서교동,11440660,서교동,마포구,0.9688512741539871,0.3143712574850299,0.23952095808383234,0.2904191616766467,0.23952095808383234,0.281437125748503,excluded_below_25pct,400,1086,33.0,353.0,184.0,293.0,102.0,121.0,34777049598.0,1747179.0,0.0,2686553804.0,9667540014.0,8898459114.0,11547119275.0,1977377391.0,0.0,65217.0,34786.0,283055.0,1232599.0,131522.0
R,전통시장,3130306,강남언주로,11680640,역삼1동,11680640,역삼1동,강남구,1.0,0.26646706586826346,0.23952095808383234,0.26646706586826346,0.23952095808383234,0.25748502994011974,excluded_below_25pct,400,546,8.0,95.0,28.0,304.0,80.0,31.0,19684808733.0,437394.0,0.0,0.0,0.0,17917964814.0,1040543810.0,726300109.0,0.0,0.0,0.0,354664.0,5523.0,77207.0
A,골목상권,3110509,연희대우아파트앞,11410585,신촌동,11410585,신촌동,서대문구,0.8195559141966525,0.3143712574850299,0.23952095808383234,0.2904191616766467,0.23952095808383234,0.281437125748503,excluded_below_25pct,400,1353,125.0,717.0,234.0,150.0,56.0,71.0,15260263618.0,1315717.0,0.0,2804113476.0,2647854018.0,4287416457.0,749956402.0,4770923265.0,0.0,50079.0,354396.0,295673.0,16223.0,599346.0
R,전통시장,3130189,서교시장,11440660,서교동,11440660,서교동,마포구,0.9999999999999998,0.3143712574850299,0.23952095808383234,0.2904191616766467,0.23952095808383234,0.281437125748503,excluded_below_25pct,400,114,4.0,28.0,47.0,35.0,0.0,0.0,6647410725.0,275018.0,0.0,0.0,4997551241.0,1649859484.0,0.0,0.0,0.0,0.0,246758.0,28260.0,0.0,0.0
D,발달상권,3120226,석촌고분역,11710600,석촌동,11710610,삼전동,송파구,0.5016947142357172,0.26047904191616766,0.23652694610778444,0.26047904191616766,0.23652694610778444,0.25249500998003993,excluded_below_25pct,400,1573,75.0,625.0,230.0,365.0,223.0,55.0,111602950119.0,3768525.0,7998391645.0,50248658543.0,9867524861.0,32271299708.0,7891525331.0,3325550031.0,17288.0,1018338.0,705443.0,1305608.0,114543.0,607305.0
A,골목상권,3110568,광흥창역 1번,11440655,서강동,11440655,서강동,마포구,1.0000000000000002,0.3383233532934132,0.23652694610778444,0.2964071856287425,0.23652694610778444,0.2904191616766467,excluded_below_25pct,400,282,58.0,105.0,41.0,39.0,26.0,13.0,5730532365.0,611433.0,426031616.0,329768587.0,3853704819.0,847127325.0,196340741.0,77559277.0,2503.0,11577.0,555505.0,29614.0,1150.0,11084.0
A,골목상권,3110292,정릉역 2번,11290630,정릉2동,11290630,정릉2동,성북구,0.9999999999999994,0.3023952095808383,0.24251497005988024,0.23652694610778444,0.23652694610778444,0.26047904191616766,excluded_below_25pct,400,188,33.0,52.0,39.0,31.0,21.0,12.0,4088234499.0,60897.0,0.0,0.0,0.0,4088234499.0,0.0,0.0,0.0,0.0,0.0,60897.0,0.0,0.0
D,발달상권,3120202,압구정로데오역(압구정로데오),11680545,압구정동,11680545,압구정동,강남구,0.668364936263882,0.26047904191616766,0.23353293413173654,0.2994011976047904,0.23353293413173654,0.26447105788423153,excluded_below_25pct,400,6810,167.0,1802.0,2509.0,1498.0,626.0,208.0,541143796633.0,5803560.0,3315484609.0,172630270366.0,212550364063.0,116499832009.0,29946287390.0,6201558196.0,8277.0,752180.0,1679686.0,2426203.0,465880.0,471334.0
D,발달상권,3120237,경찰병원역,11710620,가락본동,11710620,가락본동,송파구,0.7285153211500208,0.24251497005988024,0.23353293413173654,0.23952095808383234,0.23353293413173654,0.23852295409181637,excluded_below_25pct,400,2813,160.0,964.0,561.0,668.0,376.0,84.0,106428310796.0,4249656.0,2914882868.0,37422800780.0,16298621052.0,43086432172.0,4593470578.0,2112103346.0,20093.0,853228.0,1638836.0,1186059.0,132945.0,418495.0
A,골목상권,3110404,신창초등학교,11320513,창3동,11320513,창3동,도봉구,0.9721850410334112,0.2904191616766467,0.2874251497005988,0.23053892215568864,0.23053892215568864,0.2694610778443114,excluded_below_25pct,400,1563,96.0,581.0,335.0,344.0,130.0,77.0,40430411430.0,1659616.0,1707059375.0,9438861710.0,14992966169.0,12327891072.0,1691655213.0,271977891.0,5920.0,530252.0,665226.0,399470.0,29109.0,29639.0
A,골목상권,3110281,길상사,11290525,성북동,11290525,성북동,성북구,1.000000000000001,0.2934131736526946,0.23053892215568864,0.2634730538922156,0.23053892215568864,0.2624750499001996,excluded_below_25pct,400,139,8.0,51.0,36.0,32.0,8.0,4.0,1661779793.0,9368.0,0.0,0.0,1661779793.0,0.0,0.0,0.0,0.0,0.0,9368.0,0.0,0.0,0.0
R,전통시장,3130312,석촌시장,11710600,석촌동,11710600,석촌동,송파구,0.8235678346353246,0.23952095808383234,0.2275449101796407,0.23652694610778444,0.2275449101796407,0.2345309381237525,excluded_below_25pct,400,1204,185.0,306.0,244.0,336.0,108.0,25.0,79778917357.0,2831642.0,11543257096.0,3182723387.0,38618862927.0,23802463832.0,2631610115.0,0.0,55669.0,51895.0,1696973.0,999911.0,27194.0,0.0
R,전통시장,3130308,청담삼익시장,11680565,청담동,11680565,청담동,강남구,1.0,0.281437125748503,0.281437125748503,0.2275449101796407,0.2275449101796407,0.2634730538922156,excluded_below_25pct,400,568,32.0,215.0,221.0,80.0,12.0,8.0,8636886338.0,150928.0,67704297.0,285804272.0,5230701860.0,3052675909.0,0.0,0.0,354.0,4242.0,43884.0,102448.0,0.0,0.0
A,골목상권,3110362,우이천 계성교,11305625,수유2동,11305625,수유2동,강북구,0.9668392758425159,0.32934131736526945,0.2275449101796407,0.2694610778443114,0.2275449101796407,0.2754491017964072,excluded_below_25pct,400,636,49.0,279.0,102.0,138.0,46.0,22.0,8076593619.0,671067.0,320220921.0,1290194860.0,3395273096.0,2956368651.0,65030082.0,49506009.0,1654.0,117860.0,451204.0,92595.0,1367.0,6387.0
A,골목상권,3110567,광흥창역 6번,11440655,서강동,11440655,서강동,마포구,0.9999999999999998,0.3323353293413174,0.2275449101796407,0.2904191616766467,0.2275449101796407,0.2834331337325349,excluded_below_25pct,400,254,23.0,89.0,80.0,30.0,18.0,14.0,600321976.0,23330.0,252047516.0,46580644.0,20179675.0,0.0,163467613.0,118046528.0,963.0,1574.0,240.0,0.0,4187.0,16366.0
A,골목상권,3110995,봉은사역 4번,11680580,삼성1동,11680580,삼성1동,강남구,0.9999999999999994,0.281437125748503,0.281437125748503,0.2245508982035928,0.2245508982035928,0.2624750499001996,excluded_below_25pct,400,467,29.0,234.0,110.0,40.0,28.0,26.0,5709944580.0,189376.0,0.0,160910445.0,1093034048.0,2966523520.0,1489476567.0,0.0,0.0,4331.0,145547.0,27548.0,11950.0,0.0
A,골목상권,3110570,KB국민은행 서강지점,11440630,신수동,11440630,신수동,마포구,0.9999999999999999,0.32934131736526945,0.2245508982035928,0.2874251497005988,0.2245508982035928,0.280439121756487,excluded_below_25pct,400,319,66.0,128.0,44.0,48.0,20.0,13.0,3548620781.0,317889.0,373339480.0,0.0,0.0,714102441.0,0.0,2461178860.0,6141.0,0.0,0.0,28338.0,0.0,283410.0
A,골목상권,3110363,송천동주민센터,11305555,송천동,11305555,송천동,강북구,0.9527793746143484,0.2904191616766467,0.2245508982035928,0.24550898203592814,0.2245508982035928,0.2534930139720559,excluded_below_25pct,400,124,7.0,51.0,32.0,16.0,11.0,7.0,235643664.0,5273.0,0.0,0.0,0.0,235643664.0,0.0,0.0,0.0,0.0,0.0,5273.0,0.0,0.0
R,전통시장,3130193,신수시장,11440630,신수동,11440630,신수동,마포구,0.9999999999999998,0.32934131736526945,0.2245508982035928,0.2874251497005988,0.2245508982035928,0.280439121756487,excluded_below_25pct,400,94,12.0,39.0,20.0,17.0,6.0,0.0,0.0,0.0,0.0,0.0,0.0,0.0,0.0,0.0,0.0,0.0,0.0,0.0,0.0,0.0
D,발달상권,3120221,봉은사역,11680580,삼성1동,11680580,삼성1동,강남구,1.0000000000000002,0.23353293413173654,0.23652694610778444,0.2215568862275449,0.2215568862275449,0.2305389221556886,excluded_below_25pct,400,3037,206.0,1375.0,849.0,417.0,126.0,64.0,79974742268.0,2070922.0,3756600461.0,13308755487.0,26558044589.0,31056610049.0,2635785842.0,2658945840.0,44174.0,196473.0,752584.0,641958.0,119095.0,316638.0
R,전통시장,3130326,고덕 골목형상점가,11740560,고덕2동,11740560,고덕2동,강동구,0.9999992518160273,0.2215568862275449,0.2245508982035928,0.23353293413173654,0.2215568862275449,0.22654690618762477,excluded_below_25pct,400,589,74.0,259.0,84.0,91.0,57.0,24.0,59106237654.0,2681078.0,0.0,37807043979.0,12112177975.0,8201469213.0,985546487.0,0.0,0.0,1527424.0,824197.0,310486.0,18971.0,0.0
A,골목상권,3110486,은평구청,11380510,녹번동,11380510,녹번동,은평구,0.9999999590601711,0.3652694610778443,0.2215568862275449,0.3083832335329341,0.2215568862275449,0.29840319361277445,excluded_below_25pct,400,745,85.0,205.0,117.0,207.0,108.0,23.0,25019669108.0,756668.0,1310137498.0,298817770.0,1080155712.0,18801235528.0,1895137452.0,1634185148.0,5512.0,5997.0,39941.0,475540.0,35862.0,193816.0
A,골목상권,3111088,고덕동성당,11740560,고덕2동,11740560,고덕2동,강동구,1.0000000000000002,0.2215568862275449,0.2245508982035928,0.23353293413173654,0.2215568862275449,0.22654690618762477,excluded_below_25pct,400,656,53.0,292.0,75.0,145.0,54.0,37.0,11699763544.0,580817.0,263799164.0,890249159.0,2304030332.0,7209340176.0,778290986.0,254053727.0,1155.0,46859.0,319945.0,177987.0,12182.0,22689.0
A,골목상권,3110488,우리은행응암동지점,11380580,응암1동,11380580,응암1동,은평구,0.9183038966049126,0.3652694610778443,0.2215568862275449,0.3083832335329341,0.2215568862275449,0.29840319361277445,excluded_below_25pct,400,612,72.0,290.0,97.0,67.0,73.0,13.0,8547252397.0,255295.0,2969343583.0,1740439514.0,96638452.0,3325621985.0,340179107.0,75029756.0,12216.0,34900.0,3456.0,195595.0,1177.0,7951.0
A,골목상권,3111087,고덕중학교(고덕2동주민센터),11740560,고덕2동,11740560,고덕2동,강동구,1.0,0.2215568862275449,0.2245508982035928,0.23353293413173654,0.2215568862275449,0.22654690618762477,excluded_below_25pct,400,433,52.0,191.0,70.0,80.0,34.0,6.0,6714010873.0,297318.0,2058801921.0,483599100.0,1292813854.0,1990795998.0,828000000.0,60000000.0,6932.0,20254.0,179230.0,75149.0,6434.0,9319.0
A,골목상권,3110490,녹번동근린공원,11380510,녹번동,11380510,녹번동,은평구,1.0000000000000002,0.3652694610778443,0.2215568862275449,0.3083832335329341,0.2215568862275449,0.29840319361277445,excluded_below_25pct,400,383,44.0,161.0,84.0,72.0,18.0,4.0,3557237470.0,104235.0,0.0,279412313.0,1839333475.0,716148906.0,722342776.0,0.0,0.0,7750.0,55503.0,21401.0,19581.0,0.0
A,골목상권,3110991,삼성중앙역 5번,11680580,삼성1동,11680580,삼성1동,강남구,0.9999999999999998,0.23053892215568864,0.218562874251497,0.2215568862275449,0.218562874251497,0.22355289421157684,excluded_below_25pct,400,179,0.0,42.0,40.0,71.0,14.0,12.0,41093847818.0,298288.0,0.0,76534883.0,0.0,40919628245.0,0.0,97684690.0,0.0,784.0,0.0,296231.0,0.0,1273.0
A,골목상권,3110355,삼양사거리역 2번,11305534,삼양동,11305534,삼양동,강북구,0.9373640789135165,0.3532934131736527,0.218562874251497,0.25748502994011974,0.218562874251497,0.2764471057884232,excluded_below_25pct,400,396,21.0,170.0,54.0,60.0,75.0,16.0,18571406482.0,1017659.0,124485452.0,14643884165.0,2052000000.0,768472237.0,895109789.0,87454839.0,476.0,684403.0,262918.0,27956.0,31310.0,10596.0
D,발달상권,3120240,개롱역,11710632,가락2동,11710632,가락2동,송파구,1.0000000000000004,0.2155688622754491,0.218562874251497,0.2275449101796407,0.2155688622754491,0.22055888223552897,excluded_below_25pct,400,1853,192.0,758.0,307.0,290.0,261.0,45.0,98705921390.0,3279103.0,11267980506.0,43490335336.0,12156206813.0,24128383240.0,6072048260.0,1590967235.0,43410.0,1245247.0,671943.0,837235.0,258024.0,223244.0
A,골목상권,3111038,보인중학교,11710570,오금동,11710570,오금동,송파구,1.0000000000000004,0.2155688622754491,0.218562874251497,0.2275449101796407,0.2155688622754491,0.22055888223552897,excluded_below_25pct,400,647,56.0,210.0,163.0,120.0,68.0,30.0,20133764114.0,732975.0,581888197.0,4700402484.0,5442403314.0,7462528372.0,220909038.0,1725632709.0,1412.0,15365.0,207942.0,328873.0,4625.0,174758.0
A,골목상권,3111036,투구봉어린이공원,11710632,가락2동,11710632,가락2동,송파구,0.9999999999999994,0.2155688622754491,0.218562874251497,0.2275449101796407,0.2155688622754491,0.22055888223552897,excluded_below_25pct,400,214,11.0,111.0,50.0,24.0,7.0,11.0,4773726368.0,32314.0,0.0,4448564735.0,0.0,240928893.0,0.0,84232740.0,0.0,6952.0,0.0,14912.0,0.0,10450.0
D,발달상권,3120173,교대역(법원.검찰청),11650510,서초1동,11650530,서초3동,서초구,0.40327901073300876,0.3383233532934132,0.2125748502994012,0.2844311377245509,0.2125748502994012,0.27844311377245506,excluded_below_25pct,400,18238,623.0,13507.0,1224.0,1796.0,800.0,288.0,459145039458.0,16328795.0,25642963381.0,106852216026.0,67725867315.0,196932163870.0,41147727827.0,20844101039.0,489991.0,2107654.0,3675206.0,6900846.0,554838.0,2600260.0
D,발달상권,3120169,서초역,11650530,서초3동,11650530,서초3동,서초구,0.9999999999999999,0.3383233532934132,0.2125748502994012,0.2844311377245509,0.2125748502994012,0.27844311377245506,excluded_below_25pct,400,7005,136.0,5282.0,466.0,670.0,236.0,215.0,179574564744.0,8751829.0,1685154937.0,53237377423.0,10401040028.0,90978616314.0,9533357171.0,13739018871.0,40638.0,142319.0,1280290.0,5764005.0,222031.0,1302546.0
A,골목상권,3110528,서울여자간호대학교,11410640,홍제3동,11410640,홍제3동,서대문구,0.8777364004023789,0.3502994011976048,0.2125748502994012,0.2844311377245509,0.2125748502994012,0.282435129740519,excluded_below_25pct,400,362,28.0,116.0,44.0,114.0,36.0,24.0,12862480263.0,851331.0,28785338.0,196299455.0,8597475522.0,2987405438.0,665533613.0,386980897.0,90.0,4637.0,634475.0,149981.0,15920.0,46228.0
A,골목상권,3110523,홍제성원아파트,11410620,홍제1동,11410620,홍제1동,서대문구,0.9999999999999998,0.3502994011976048,0.2125748502994012,0.2844311377245509,0.2125748502994012,0.282435129740519,excluded_below_25pct,400,52,20.0,24.0,4.0,4.0,0.0,0.0,748321589.0,4338.0,748321589.0,0.0,0.0,0.0,0.0,0.0,4338.0,0.0,0.0,0.0,0.0,0.0
D,발달상권,3120172,교대입구교차로,11650530,서초3동,11650530,서초3동,서초구,0.8328057789557058,0.33532934131736525,0.20958083832335328,0.281437125748503,0.20958083832335328,0.2754491017964072,excluded_below_25pct,400,5111,306.0,3061.0,818.0,523.0,324.0,79.0,96481736002.0,3748382.0,2771370870.0,20470395828.0,16238166079.0,41567885926.0,9200219908.0,6233697391.0,42155.0,155976.0,1149443.0,1481386.0,172558.0,746864.0
A,골목상권,3110559,성산중학교,11440680,합정동,11440680,합정동,마포구,0.9116217674419854,0.2934131736526946,0.20958083832335328,0.26646706586826346,0.20958083832335328,0.2564870259481038,excluded_below_25pct,400,1583,92.0,681.0,287.0,264.0,120.0,139.0,17989132982.0,863993.0,134277821.0,1251784539.0,7467635556.0,3550795709.0,1692725761.0,3891913596.0,135.0,11247.0,318935.0,129023.0,47593.0,357060.0
A,골목상권,3110928,서초우방유쉘아파트,11650530,서초3동,11650530,서초3동,서초구,1.0,0.33532934131736525,0.20958083832335328,0.281437125748503,0.20958083832335328,0.2754491017964072,excluded_below_25pct,400,171,16.0,95.0,20.0,24.0,0.0,16.0,0.0,0.0,0.0,0.0,0.0,0.0,0.0,0.0,0.0,0.0,0.0,0.0,0.0,0.0
D,발달상권,3120231,가락시장,11710631,가락1동,11710631,가락1동,송파구,0.9615896419890763,0.23053892215568864,0.20658682634730538,0.23353293413173654,0.20658682634730538,0.22355289421157684,excluded_below_25pct,400,11752,4.0,169.0,10854.0,681.0,24.0,20.0,1743838504832.0,23872047.0,0.0,3135018769.0,490359258430.0,1243033494248.0,3432000000.0,3878733385.0,0.0,33831.0,5697647.0,17493460.0,64840.0,582269.0
D,발달상권,3120234,가락시장역,11710620,가락본동,11710620,가락본동,송파구,0.8423455641618102,0.23053892215568864,0.20658682634730538,0.23353293413173654,0.20658682634730538,0.22355289421157684,excluded_below_25pct,400,4367,129.0,1320.0,1385.0,815.0,658.0,60.0,152457696918.0,5886769.0,1224487543.0,36178961512.0,43028835637.0,50308165903.0,17490616823.0,4226629500.0,45034.0,871438.0,2119846.0,1578041.0,673451.0,598959.0
A,골목상권,3110080,해방촌예술마을,11170510,후암동,11170510,후암동,용산구,0.6088109390241421,0.3143712574850299,0.20658682634730538,0.24550898203592814,0.20658682634730538,0.25548902195608786,excluded_below_25pct,400,691,63.0,303.0,79.0,129.0,50.0,67.0,7287420903.0,610650.0,4083394.0,4096480622.0,1912771881.0,865419125.0,206506411.0,202159470.0,40.0,391721.0,175665.0,27291.0,5999.0,9934.0
A,골목상권,3111016,송파역 2번,11710590,송파2동,11710590,송파2동,송파구,0.9056480695338566,0.23053892215568864,0.20658682634730538,0.23353293413173654,0.20658682634730538,0.22355289421157684,excluded_below_25pct,400,393,53.0,122.0,137.0,49.0,8.0,24.0,1485815585.0,151979.0,82615374.0,227129776.0,811802724.0,75892766.0,0.0,288374945.0,202.0,8458.0,120418.0,4224.0,0.0,18677.0
A,골목상권,3110070,용산세무서,11170625,한강로동,11170625,한강로동,용산구,1.0000000000000002,0.2844311377245509,0.20658682634730538,0.25449101796407186,0.20658682634730538,0.24850299401197606,excluded_below_25pct,400,145,8.0,91.0,12.0,18.0,9.0,7.0,0.0,0.0,0.0,0.0,0.0,0.0,0.0,0.0,0.0,0.0,0.0,0.0,0.0,0.0
R,전통시장,3130060,신흥시장,11170520,용산2가동,11170520,용산2가동,용산구,0.9999999999999999,0.31137724550898205,0.20359281437125748,0.24251497005988024,0.20359281437125748,0.25249500998003993,excluded_below_25pct,400,333,4.0,43.0,42.0,149.0,24.0,71.0,4870989706.0,212608.0,0.0,0.0,0.0,2886361687.0,0.0,1984628019.0,0.0,0.0,0.0,111453.0,0.0,101155.0
A,골목상권,3110014,경복고등학교,11110515,청운효자동,11110515,청운효자동,종로구,0.9999999999999996,0.2994011976047904,0.20359281437125748,0.2844311377245509,0.20359281437125748,0.2624750499001996,excluded_below_25pct,400,143,12.0,29.0,31.0,35.0,8.0,28.0,1805916654.0,49412.0,0.0,0.0,0.0,1735557115.0,0.0,70359539.0,0.0,0.0,0.0,42621.0,0.0,6791.0
D,발달상권,3120217,대치사거리,11680630,대치4동,11680630,대치4동,강남구,0.516634524516494,0.20059880239520958,0.20059880239520958,0.20658682634730538,0.20059880239520958,0.2025948103792415,excluded_below_25pct,400,2369,1019.0,579.0,346.0,237.0,120.0,68.0,193691248085.0,3019775.0,140243916694.0,5769537142.0,22595619236.0,18221166378.0,2470753285.0,4390255350.0,336048.0,44707.0,1238721.0,668362.0,17634.0,714303.0
A,골목상권,3111083,GS강동자이아파트,11740685,길동,11740685,길동,강동구,1.0,0.20059880239520958,0.20958083832335328,0.20958083832335328,0.20059880239520958,0.20658682634730538,excluded_below_25pct,400,695,105.0,263.0,118.0,136.0,66.0,7.0,11935090608.0,756292.0,1171550204.0,736737384.0,4892807955.0,3138244873.0,647487385.0,1348262807.0,4278.0,26540.0,468935.0,113940.0,11205.0,131394.0
A,골목상권,3111084,길동신동아아파트,11740685,길동,11740685,길동,강동구,1.0,0.20059880239520958,0.20958083832335328,0.20958083832335328,0.20059880239520958,0.20658682634730538,excluded_below_25pct,400,147,31.0,52.0,40.0,4.0,16.0,4.0,753590805.0,2965.0,692059048.0,0.0,61531757.0,0.0,0.0,0.0,2258.0,0.0,707.0,0.0,0.0,0.0
A,골목상권,3111006,석촌고분역 1번,11710610,삼전동,11710610,삼전동,송파구,0.9999333698264196,0.2155688622754491,0.19760479041916168,0.20658682634730538,0.19760479041916168,0.2065868263473054,excluded_below_25pct,400,1521,161.0,634.0,331.0,221.0,136.0,38.0,67471091412.0,2117664.0,24764354527.0,7041191024.0,21495786659.0,10926571940.0,2502250774.0,740936488.0,74157.0,133296.0,1378988.0,385358.0,42533.0,103332.0
A,골목상권,3111034,오동나무공원(송파레미니스1단지),11710570,오금동,11710570,오금동,송파구,0.9998406615255175,0.19760479041916168,0.20958083832335328,0.20359281437125748,0.19760479041916168,0.20359281437125745,excluded_below_25pct,400,803,69.0,322.0,188.0,118.0,55.0,51.0,32188547630.0,572610.0,2937402863.0,15699985185.0,4305418634.0,8591668380.0,487680118.0,166392450.0,54510.0,16946.0,315599.0,160362.0,7965.0,17228.0
D,발달상권,3120197,역삼역,11680640,역삼1동,11680640,역삼1동,강남구,0.8442168841940636,0.20958083832335328,0.19461077844311378,0.20958083832335328,0.19461077844311378,0.20459081836327345,excluded_below_25pct,400,14194,602.0,7096.0,2246.0,2690.0,1034.0,526.0,574143557329.0,26817314.0,10667574249.0,128464904317.0,109967033304.0,239833381548.0,42824796336.0,42385867575.0,302390.0,2227731.0,9172123.0,9409747.0,865011.0,4840312.0
D,발달상권,3120198,구역삼세무서,11680640,역삼1동,11680640,역삼1동,강남구,0.7742057662640609,0.20359281437125748,0.19461077844311378,0.20658682634730538,0.19461077844311378,0.20159680638722555,excluded_below_25pct,400,4294,168.0,2018.0,779.0,854.0,327.0,148.0,104784887331.0,4774003.0,1956462500.0,17042552851.0,22472781343.0,45506707350.0,8371625347.0,9434757940.0,51548.0,515760.0,1442638.0,1330755.0,147724.0,1285578.0
A,골목상권,3110967,역삼역 8번,11680640,역삼1동,11680640,역삼1동,강남구,0.9999999999999998,0.20359281437125748,0.19461077844311378,0.20958083832335328,0.19461077844311378,0.2025948103792415,excluded_below_25pct,400,406,28.0,187.0,102.0,48.0,21.0,20.0,5221987206.0,196983.0,132417214.0,643576994.0,1042123447.0,2708773882.0,412358621.0,282737048.0,210.0,12287.0,93482.0,55130.0,4544.0,31330.0
A,골목상권,3110816,대방역 6번,11560630,신길1동,11560630,신길1동,영등포구,0.6546549265017926,0.23952095808383234,0.19461077844311378,0.2215568862275449,0.19461077844311378,0.218562874251497,excluded_below_25pct,400,367,12.0,120.0,132.0,55.0,45.0,3.0,3378141253.0,248376.0,0.0,0.0,1762744099.0,1615397154.0,0.0,0.0,0.0,0.0,75095.0,173281.0,0.0,0.0
A,골목상권,3110969,베르사이유1아파트,11680650,역삼2동,11680650,역삼2동,강남구,1.0000000000000002,0.20359281437125748,0.19461077844311378,0.20658682634730538,0.19461077844311378,0.20159680638722555,excluded_below_25pct,400,364,16.0,185.0,90.0,29.0,32.0,12.0,2595998592.0,47820.0,0.0,1098133976.0,0.0,1304492125.0,69913663.0,123458828.0,0.0,14007.0,0.0,18079.0,103.0,15631.0
A,골목상권,3110958,역삼역 4번,11680640,역삼1동,11680640,역삼1동,강남구,1.0000000000000002,0.20958083832335328,0.19461077844311378,0.20958083832335328,0.19461077844311378,0.20459081836327345,excluded_below_25pct,400,456,24.0,240.0,103.0,49.0,20.0,20.0,1292551259.0,75667.0,0.0,0.0,111628897.0,794978357.0,0.0,385944005.0,0.0,0.0,1311.0,38487.0,0.0,35869.0
A,골목상권,3110986,삼성중앙역 7번,11680590,삼성2동,11680590,삼성2동,강남구,1.0,0.218562874251497,0.19461077844311378,0.2125748502994012,0.19461077844311378,0.2085828343313373,excluded_below_25pct,400,201,12.0,99.0,38.0,34.0,8.0,10.0,331029969.0,11363.0,0.0,300079421.0,0.0,23505712.0,0.0,7444836.0,0.0,8486.0,0.0,2071.0,0.0,806.0
A,골목상권,3110380,강북문화정보도서관,11305603,번2동,11305603,번2동,강북구,0.998490368064983,0.23353293413173654,0.20658682634730538,0.19461077844311378,0.19461077844311378,0.21157684630738524,excluded_below_25pct,400,98,8.0,78.0,12.0,0.0,0.0,0.0,9966076.0,402.0,0.0,9966076.0,0.0,0.0,0.0,0.0,0.0,402.0,0.0,0.0,0.0,0.0
D,발달상권,3120149,여의도역(여의도),11560540,여의동,11560540,여의동,영등포구,1.0000000000000002,0.2844311377245509,0.19161676646706588,0.25449101796407186,0.19161676646706588,0.2435129740518962,excluded_below_25pct,400,11142,489.0,3951.0,2246.0,3118.0,809.0,529.0,767463045838.0,27003138.0,32828733312.0,127619677907.0,113425602327.0,379567358958.0,59224941004.0,54796732330.0,291203.0,3488284.0,8488349.0,7980356.0,791031.0,5963915.0
A,골목상권,3110560,마포FM,11440710,연남동,11440710,연남동,마포구,0.6438966097143604,0.25748502994011974,0.19161676646706588,0.23053892215568864,0.19161676646706588,0.22654690618762474,excluded_below_25pct,400,525,59.0,256.0,84.0,74.0,19.0,33.0,27186226792.0,422917.0,1148839400.0,78337917.0,24507075931.0,1424777512.0,0.0,27196032.0,2668.0,6028.0,349548.0,62682.0,0.0,1991.0
R,전통시장,3130150,창동골목시장,11320513,창3동,11320513,창3동,도봉구,0.9109903506935627,0.25449101796407186,0.23652694610778444,0.19161676646706588,0.19161676646706588,0.22754491017964074,excluded_below_25pct,400,567,12.0,171.0,172.0,127.0,65.0,20.0,22079668479.0,1323139.0,0.0,2522491251.0,12209496404.0,6971295826.0,345499417.0,30885581.0,0.0,74664.0,890450.0,344786.0,5868.0,7371.0
A,골목상권,3110562,연트럴파크(연남동주민센터),11440710,연남동,11440710,연남동,마포구,0.9999999999999996,0.25748502994011974,0.19161676646706588,0.23053892215568864,0.19161676646706588,0.22654690618762474,excluded_below_25pct,400,1195,88.0,324.0,202.0,276.0,64.0,241.0,12218098737.0,753094.0,0.0,1607694498.0,2345022641.0,3383187353.0,1174453955.0,3707740290.0,0.0,77571.0,313689.0,85513.0,19858.0,256463.0
R,전통시장,3130322,고분다리전통시장,11740620,천호3동,11740620,천호3동,강동구,0.7306058305458705,0.18862275449101795,0.19760479041916168,0.19760479041916168,0.18862275449101795,0.19461077844311378,excluded_below_25pct,400,345,0.0,73.0,116.0,107.0,39.0,10.0,8940940156.0,357707.0,0.0,2034648816.0,3695616471.0,2389148699.0,693751136.0,127775034.0,0.0,57657.0,160646.0,96788.0,14242.0,28374.0
D,발달상권,3120101,합정역,11440660,서교동,11440680,합정동,마포구,0.677167059540283,0.2275449101796407,0.18562874251497005,0.2125748502994012,0.18562874251497005,0.2085828343313373,excluded_below_25pct,400,4306,310.0,1679.0,880.0,815.0,373.0,249.0,190259854518.0,8084565.0,1239420105.0,56338131718.0,46335943180.0,63645476009.0,12436579290.0,10264304216.0,43684.0,1153355.0,2513273.0,2439862.0,289298.0,1645093.0
A,골목상권,3110550,합정역 8번,11440680,합정동,11440680,합정동,마포구,0.9999831952205815,0.2275449101796407,0.18562874251497005,0.2125748502994012,0.18562874251497005,0.2085828343313373,excluded_below_25pct,400,1848,127.0,665.0,212.0,502.0,207.0,135.0,85213932133.0,1056554.0,2847433802.0,47355755430.0,927094074.0,29177646893.0,3513750070.0,1392251864.0,11926.0,9774.0,117478.0,700649.0,69757.0,146970.0
R,전통시장,3130149,창동신창시장,11320512,창2동,11320512,창2동,도봉구,1.0000000000000002,0.24251497005988024,0.20658682634730538,0.18562874251497005,0.18562874251497005,0.21157684630738524,excluded_below_25pct,400,856,54.0,228.0,278.0,218.0,62.0,16.0,32773403465.0,1687118.0,207831713.0,7146257978.0,18073540146.0,6593701635.0,585463053.0,166608940.0,1006.0,399837.0,837600.0,403566.0,22288.0,22821.0
A,골목상권,3110555,홍익지구대,11440660,서교동,11440660,서교동,마포구,0.8951873897202537,0.2275449101796407,0.18562874251497005,0.2125748502994012,0.18562874251497005,0.2085828343313373,excluded_below_25pct,400,294,8.0,118.0,72.0,79.0,8.0,9.0,5319692896.0,114409.0,0.0,0.0,0.0,5281272738.0,0.0,38420158.0,0.0,0.0,0.0,109898.0,0.0,4511.0
R,전통시장,3130188,합정시장,11440680,합정동,11440680,합정동,마포구,0.9999999999999998,0.2275449101796407,0.18562874251497005,0.2125748502994012,0.18562874251497005,0.2085828343313373,excluded_below_25pct,400,12,0.0,0.0,4.0,4.0,4.0,0.0,0.0,0.0,0.0,0.0,0.0,0.0,0.0,0.0,0.0,0.0,0.0,0.0,0.0,0.0
A,골목상권,3110907,방배초등학교,11650621,방배4동,11650621,방배4동,서초구,0.9544843830829706,0.23652694610778444,0.17964071856287425,0.20359281437125748,0.17964071856287425,0.2065868263473054,excluded_below_25pct,400,1055,212.0,375.0,247.0,126.0,46.0,49.0,9406018700.0,175280.0,3208111115.0,2435070150.0,1221661919.0,2092783683.0,402122011.0,46269822.0,13002.0,20396.0,42786.0,92275.0,1552.0,5269.0
A,골목상권,3111017,송파나루역 3번,11710562,방이2동,11710562,방이2동,송파구,0.9935803836784503,0.20059880239520958,0.17664670658682635,0.19161676646706588,0.17664670658682635,0.18962075848303392,excluded_below_25pct,400,276,35.0,109.0,62.0,40.0,18.0,12.0,582116251.0,43304.0,0.0,0.0,40370093.0,335472448.0,0.0,206273710.0,0.0,0.0,105.0,16438.0,0.0,26761.0
D,발달상권,3120241,거여역,11710532,거여2동,11710532,거여2동,송파구,0.5869805538764108,0.17065868263473055,0.17664670658682635,0.17964071856287425,0.17065868263473055,0.17564870259481039,excluded_below_25pct,400,1432,129.0,580.0,188.0,309.0,218.0,8.0,97358443513.0,3854157.0,12958524257.0,49234159677.0,5218839329.0,23792465381.0,4954159617.0,1200295252.0,43943.0,2224935.0,380738.0,959632.0,95335.0,149574.0
A,골목상권,3111042,거여역 1번(거여공원),11710531,거여1동,11710531,거여1동,송파구,0.880814499286744,0.17065868263473055,0.17664670658682635,0.17964071856287425,0.17065868263473055,0.17564870259481039,excluded_below_25pct,400,1070,57.0,393.0,255.0,213.0,121.0,31.0,25916294374.0,1192346.0,128769435.0,5365172377.0,11313033627.0,7752253785.0,1117279154.0,239785996.0,308.0,97338.0,770976.0,188262.0,92183.0,43279.0
A,골목상권,3111045,개미어린이공원,11710532,거여2동,11710532,거여2동,송파구,0.8510320016226562,0.17065868263473055,0.17664670658682635,0.17964071856287425,0.17065868263473055,0.17564870259481039,excluded_below_25pct,400,152,12.0,64.0,48.0,20.0,4.0,4.0,97079506.0,4120.0,0.0,97079506.0,0.0,0.0,0.0,0.0,0.0,4120.0,0.0,0.0,0.0,0.0
A,골목상권,3111041,거여역 8번,11710531,거여1동,11710531,거여1동,송파구,0.9999999999999993,0.17065868263473055,0.17664670658682635,0.17964071856287425,0.17065868263473055,0.17564870259481039,excluded_below_25pct,400,50,8.0,32.0,10.0,0.0,0.0,0.0,0.0,0.0,0.0,0.0,0.0,0.0,0.0,0.0,0.0,0.0,0.0,0.0,0.0,0.0
D,발달상권,3120166,방배역,11650600,방배1동,11650600,방배1동,서초구,0.6446706476022752,0.2275449101796407,0.16766467065868262,0.19760479041916168,0.16766467065868262,0.19760479041916168,excluded_below_25pct,400,3581,380.0,1528.0,574.0,584.0,358.0,157.0,228945980211.0,6500942.0,25350694422.0,123204557363.0,20256979814.0,44715993543.0,11474989978.0,3942765091.0,69678.0,2289737.0,1187838.0,2108023.0,291188.0,554478.0
D,발달상권,3120164,내방역,11650621,방배4동,11650621,방배4동,서초구,0.5926838524718061,0.2275449101796407,0.16766467065868262,0.19760479041916168,0.16766467065868262,0.19760479041916168,excluded_below_25pct,400,3387,193.0,1657.0,638.0,547.0,204.0,148.0,185571238055.0,11233809.0,4060990306.0,28652386771.0,40907426060.0,94270595785.0,8272051913.0,9407787220.0,84089.0,631462.0,1694824.0,7917638.0,94788.0,811008.0
A,골목상권,3110918,방배역 3번,11650600,방배1동,11650600,방배1동,서초구,0.999869607162901,0.2275449101796407,0.16766467065868262,0.19760479041916168,0.16766467065868262,0.19760479041916168,excluded_below_25pct,400,495,48.0,235.0,117.0,56.0,16.0,23.0,7386225518.0,360614.0,707314797.0,40551140.0,6638359581.0,0.0,0.0,0.0,3213.0,1349.0,356052.0,0.0,0.0,0.0
A,골목상권,3110916,내방역 4번,11650600,방배1동,11650600,방배1동,서초구,0.9991060403063045,0.2275449101796407,0.16766467065868262,0.19760479041916168,0.16766467065868262,0.19760479041916168,excluded_below_25pct,400,558,49.0,264.0,134.0,69.0,20.0,22.0,7248598180.0,297673.0,1714485096.0,736164301.0,1769761662.0,2540387100.0,61594308.0,426205713.0,1758.0,41048.0,122546.0,92564.0,115.0,39642.0
A,골목상권,3110094,오산중학교,11170700,보광동,11170700,보광동,용산구,0.9999999999999998,0.2934131736526946,0.16766467065868262,0.23053892215568864,0.16766467065868262,0.2305389221556886,excluded_below_25pct,400,183,8.0,59.0,28.0,64.0,20.0,4.0,4016330957.0,59903.0,0.0,0.0,0.0,3805840142.0,210490815.0,0.0,0.0,0.0,0.0,56729.0,3174.0,0.0
A,골목상권,3111024,경찰병원역 4번(건너말공원),11710620,가락본동,11710620,가락본동,송파구,1.0000000000000013,0.2155688622754491,0.16766467065868262,0.20359281437125748,0.16766467065868262,0.19560878243512972,excluded_below_25pct,400,340,12.0,118.0,97.0,73.0,12.0,28.0,2388806423.0,109850.0,0.0,76522288.0,472055196.0,1819555344.0,0.0,20673595.0,0.0,487.0,59902.0,48018.0,0.0,1443.0
A,골목상권,3110922,내방역 1번,11650600,방배1동,11650600,방배1동,서초구,1.0,0.2275449101796407,0.16766467065868262,0.19760479041916168,0.16766467065868262,0.19760479041916168,excluded_below_25pct,400,228,55.0,100.0,32.0,9.0,9.0,23.0,1408799358.0,34903.0,1136737421.0,0.0,0.0,0.0,0.0,272061937.0,6725.0,0.0,0.0,0.0,0.0,28178.0
A,골목상권,3110910,내방역 5번,11650621,방배4동,11650621,방배4동,서초구,0.9999983258317255,0.2275449101796407,0.16766467065868262,0.19760479041916168,0.16766467065868262,0.19760479041916168,excluded_below_25pct,400,314,42.0,140.0,82.0,38.0,4.0,8.0,1343970157.0,43839.0,0.0,17197674.0,921741980.0,405030503.0,0.0,0.0,0.0,51.0,14363.0,29425.0,0.0,0.0
A,골목상권,3110919,내방역 8번,11650621,방배4동,11650621,방배4동,서초구,0.9979477542685424,0.2275449101796407,0.16766467065868262,0.19760479041916168,0.16766467065868262,0.19760479041916168,excluded_below_25pct,400,426,35.0,207.0,108.0,51.0,14.0,11.0,907162913.0,3204.0,821198164.0,45751394.0,40213355.0,0.0,0.0,0.0,2652.0,530.0,22.0,0.0,0.0,0.0
A,골목상권,3110914,내방역 6번,11650621,방배4동,11650621,방배4동,서초구,1.0000000000000007,0.2275449101796407,0.16766467065868262,0.19760479041916168,0.16766467065868262,0.19760479041916168,excluded_below_25pct,400,157,4.0,109.0,32.0,4.0,4.0,4.0,455928.0,17.0,0.0,455928.0,0.0,0.0,0.0,0.0,0.0,17.0,0.0,0.0,0.0,0.0
D,발달상권,3120189,강남역,11650520,서초2동,11680640,역삼1동,강남구,0.5162855438411666,0.2155688622754491,0.16467065868263472,0.18562874251497005,0.16467065868263472,0.18862275449101795,excluded_below_25pct,400,20527,1583.0,10628.0,3450.0,3331.0,1061.0,474.0,1645215630717.0,49153093.0,101497603072.0,754826289760.0,250575632828.0,388953348379.0,94329718819.0,55033037859.0,1624233.0,5043496.0,16729357.0,16520322.0,2805405.0,6430280.0
A,골목상권,3111008,석촌고분역 3번,11710600,석촌동,11710600,석촌동,송파구,0.9990143351234929,0.19760479041916168,0.16467065868263472,0.19161676646706588,0.16467065868263472,0.1846307385229541,excluded_below_25pct,400,820,25.0,379.0,257.0,120.0,18.0,21.0,20544773037.0,2633935.0,742557702.0,2679779257.0,14547978092.0,2464034839.0,0.0,110423147.0,4547.0,22941.0,2501408.0,91843.0,0.0,13196.0
A,골목상권,3110817,대방역 4번,11560630,신길1동,11560630,신길1동,영등포구,0.6785420965072747,0.20958083832335328,0.16467065868263472,0.19161676646706588,0.16467065868263472,0.18862275449101795,excluded_below_25pct,400,151,4.0,91.0,28.0,16.0,8.0,4.0,2734205663.0,98541.0,0.0,1273665044.0,0.0,1460540619.0,0.0,0.0,0.0,68401.0,0.0,30140.0,0.0,0.0
A,골목상권,3111082,중앙보훈병원,11740700,둔촌2동,11740700,둔촌2동,강동구,0.9999999999999998,0.16467065868263472,0.17065868263473055,0.17065868263473055,0.16467065868263472,0.1686626746506986,excluded_below_25pct,400,113,16.0,55.0,25.0,8.0,4.0,5.0,574878262.0,4474.0,543440469.0,31437793.0,0.0,0.0,0.0,0.0,3444.0,1030.0,0.0,0.0,0.0,0.0
R,전통시장,3130187,영진시장,11440660,서교동,11440660,서교동,마포구,0.9999999999999999,0.218562874251497,0.16467065868263472,0.19760479041916168,0.16467065868263472,0.1936127744510978,excluded_below_25pct,400,36,4.0,16.0,0.0,12.0,0.0,4.0,0.0,0.0,0.0,0.0,0.0,0.0,0.0,0.0,0.0,0.0,0.0,0.0,0.0,0.0
A,골목상권,3110546,양화대교북단,11440680,합정동,11440680,합정동,마포구,0.999186337147575,0.20958083832335328,0.16167664670658682,0.20359281437125748,0.16167664670658682,0.19161676646706585,excluded_below_25pct,400,363,32.0,151.0,69.0,61.0,22.0,28.0,7282248459.0,665029.0,0.0,15469221.0,5653668415.0,1256680128.0,0.0,356430695.0,0.0,468.0,488067.0,157584.0,0.0,18910.0
A,골목상권,3110556,절두산순교성지,11440680,합정동,11440680,합정동,마포구,1.0000000000000007,0.20958083832335328,0.16167664670658682,0.20359281437125748,0.16167664670658682,0.19161676646706585,excluded_below_25pct,400,183,16.0,70.0,41.0,26.0,12.0,18.0,385202650.0,2482.0,0.0,0.0,0.0,385202650.0,0.0,0.0,0.0,0.0,0.0,2482.0,0.0,0.0
A,골목상권,3110379,KT&G 북부지사,11305595,번1동,11305595,번1동,강북구,0.8133317767295378,0.19461077844311378,0.19461077844311378,0.16167664670658682,0.16167664670658682,0.18363273453093812,excluded_below_25pct,400,78,0.0,28.0,24.0,26.0,0.0,0.0,78404360.0,1322.0,0.0,0.0,0.0,78404360.0,0.0,0.0,0.0,0.0,0.0,1322.0,0.0,0.0
A,골목상권,3110956,언주역 8번,11680640,역삼1동,11680640,역삼1동,강남구,1.0,0.20059880239520958,0.15868263473053892,0.17664670658682635,0.15868263473053892,0.1786427145708583,excluded_below_25pct,400,231,16.0,136.0,55.0,16.0,4.0,4.0,201155648.0,1898.0,0.0,124522029.0,76633619.0,0.0,0.0,0.0,0.0,1521.0,377.0,0.0,0.0,0.0
R,전통시장,3130117,정릉시장,11290640,정릉3동,11290640,정릉3동,성북구,0.5033647432465114,0.23053892215568864,0.18263473053892215,0.15568862275449102,0.15568862275449102,0.18962075848303395,excluded_below_25pct,400,860,24.0,268.0,141.0,337.0,66.0,24.0,45836541453.0,2407528.0,0.0,16794060551.0,14967683294.0,12276309294.0,1186368775.0,612119539.0,0.0,1052217.0,738767.0,490043.0,40023.0,86478.0
A,골목상권,3110289,북한산보국문역 2번,11290640,정릉3동,11290640,정릉3동,성북구,0.7781361886831217,0.19161676646706588,0.16467065868263472,0.15568862275449102,0.15568862275449102,0.17065868263473052,excluded_below_25pct,400,471,67.0,212.0,85.0,55.0,24.0,28.0,4066053108.0,193215.0,0.0,1675314130.0,1615390939.0,775348039.0,0.0,0.0,0.0,15443.0,152765.0,25007.0,0.0,0.0
A,골목상권,3110965,언주역 6번,11680640,역삼1동,11680640,역삼1동,강남구,1.0,0.17065868263473055,0.15568862275449102,0.17065868263473055,0.15568862275449102,0.16566866267465072,excluded_below_25pct,400,617,24.0,308.0,96.0,133.0,32.0,24.0,1766894816.0,73264.0,0.0,487564577.0,171401593.0,826641267.0,15789090.0,265498289.0,0.0,6438.0,492.0,25071.0,315.0,40948.0
A,골목상권,3111007,석촌고분역 4번,11710610,삼전동,11710610,삼전동,송파구,1.0000000000000009,0.18862275449101795,0.15269461077844312,0.17664670658682635,0.15269461077844312,0.17265469061876249,excluded_below_25pct,400,806,86.0,373.0,181.0,110.0,37.0,19.0,13767860173.0,714697.0,1367383273.0,1032971625.0,6290658551.0,4857164508.0,114507951.0,105174265.0,4869.0,22986.0,575098.0,101862.0,1745.0,8137.0
A,골목상권,3110954,국기원,11680640,역삼1동,11680640,역삼1동,강남구,1.0000000000000002,0.20359281437125748,0.15269461077844312,0.18263473053892215,0.15269461077844312,0.17964071856287425,excluded_below_25pct,400,123,8.0,53.0,6.0,16.0,0.0,40.0,7648521413.0,409933.0,0.0,108880702.0,0.0,0.0,0.0,7539640711.0,0.0,487.0,0.0,0.0,0.0,409446.0
A,골목상권,3110391,샘말어린이공원,11320700,방학2동,11320700,방학2동,도봉구,0.8882311699702667,0.19461077844311378,0.15269461077844312,0.17664670658682635,0.15269461077844312,0.1746506986027944,excluded_below_25pct,400,405,29.0,158.0,110.0,81.0,12.0,15.0,2108177291.0,204632.0,16485340.0,209953717.0,1371075951.0,510662283.0,0.0,0.0,110.0,8804.0,164226.0,31492.0,0.0,0.0
A,골목상권,3111003,삼전역 4번,11710650,잠실본동,11710650,잠실본동,송파구,0.9953633767851165,0.18562874251497005,0.1497005988023952,0.17964071856287425,0.1497005988023952,0.1716566866267465,excluded_below_25pct,400,1940,142.0,915.0,395.0,282.0,162.0,44.0,68821871418.0,2727363.0,1351606141.0,27862826409.0,20495176305.0,11764659733.0,2781611080.0,4565991750.0,3952.0,479454.0,941249.0,568776.0,42516.0,691416.0
D,발달상권,3120105,상수역(홍대),11440655,서강동,11440655,서강동,마포구,0.997841315585058,0.25149700598802394,0.1497005988023952,0.20658682634730538,0.1497005988023952,0.2025948103792415,excluded_below_25pct,400,2291,82.0,826.0,338.0,628.0,193.0,224.0,54143427397.0,3145761.0,69036490.0,7702608487.0,6562744440.0,23643421009.0,5618544137.0,10547072834.0,269.0,324337.0,690346.0,1009916.0,158683.0,962210.0
A,골목상권,3110815,공군호텔,11560630,신길1동,11560630,신길1동,영등포구,0.6587644685277078,0.19760479041916168,0.1497005988023952,0.17664670658682635,0.1497005988023952,0.1746506986027944,excluded_below_25pct,400,811,48.0,303.0,131.0,176.0,125.0,28.0,37967873233.0,2130845.0,139759309.0,14209701184.0,5139009234.0,13335999073.0,4704085205.0,439319228.0,15278.0,495462.0,643548.0,629070.0,276243.0,71244.0
A,골목상권,3111005,삼전역 3번,11710610,삼전동,11710610,삼전동,송파구,0.9928688960601325,0.18562874251497005,0.1497005988023952,0.17964071856287425,0.1497005988023952,0.1716566866267465,excluded_below_25pct,400,1032,118.0,512.0,156.0,140.0,76.0,30.0,36632475664.0,1392202.0,695069603.0,18871506064.0,6364400123.0,8100831147.0,2278713537.0,321955190.0,13481.0,395380.0,548969.0,329980.0,43508.0,60884.0
A,골목상권,3110824,대방역 3번,11590660,대방동,11590660,대방동,동작구,0.9999999999999997,0.19760479041916168,0.1497005988023952,0.17664670658682635,0.1497005988023952,0.1746506986027944,excluded_below_25pct,400,301,49.0,102.0,34.0,41.0,39.0,36.0,22695633136.0,388687.0,1439802220.0,194725306.0,61609894.0,19325939994.0,1039493573.0,634062149.0,5861.0,4818.0,210.0,261661.0,15894.0,100243.0
A,골목상권,3110561,상수역 4번,11440655,서강동,11440655,서강동,마포구,1.0,0.25149700598802394,0.1497005988023952,0.20658682634730538,0.1497005988023952,0.2025948103792415,excluded_below_25pct,400,727,52.0,272.0,111.0,173.0,80.0,39.0,9531495742.0,645870.0,0.0,322122970.0,2142626680.0,3608750477.0,1719347667.0,1738647948.0,0.0,6838.0,344503.0,79621.0,35955.0,178953.0
A,골목상권,3110930,서초동성당,11650510,서초1동,11650510,서초1동,서초구,0.9992684523549457,0.24550898203592814,0.1497005988023952,0.2125748502994012,0.1497005988023952,0.2025948103792415,excluded_below_25pct,400,368,40.0,118.0,77.0,68.0,49.0,16.0,7429608247.0,131093.0,0.0,0.0,4473837852.0,2867309184.0,61469559.0,26991652.0,0.0,0.0,3244.0,123375.0,117.0,4357.0
A,골목상권,3110563,상수역 3번,11440655,서강동,11440655,서강동,마포구,0.9999999999999994,0.25149700598802394,0.1497005988023952,0.20658682634730538,0.1497005988023952,0.2025948103792415,excluded_below_25pct,400,232,0.0,123.0,58.0,36.0,8.0,7.0,358632127.0,6644.0,0.0,0.0,60714538.0,297917589.0,0.0,0.0,0.0,0.0,677.0,5967.0,0.0,0.0
A,골목상권,3110294,서경대학교,11290650,정릉4동,11290650,정릉4동,성북구,0.6959039859789552,0.24850299401197604,0.18263473053892215,0.1467065868263473,0.1467065868263473,0.19261477045908182,excluded_below_25pct,400,666,59.0,289.0,131.0,83.0,65.0,39.0,15548496002.0,607387.0,959920316.0,6351421854.0,59808301.0,6382982881.0,1244412591.0,549950059.0,5338.0,245997.0,1947.0,240021.0,18114.0,95970.0
D,발달상권,3120156,"총신대입구역(이수, 총신대)",11590630,사당2동,11590630,사당2동,동작구,0.4897291455562839,0.19161676646706588,0.1437125748502994,0.17365269461077845,0.1437125748502994,0.16966067864271459,excluded_below_25pct,400,4884,269.0,2015.0,859.0,1033.0,568.0,140.0,309050856977.0,10538749.0,3791617432.0,139730768537.0,34251810755.0,98676525320.0,24680985686.0,7919149247.0,12338.0,3229755.0,1802989.0,4086546.0,577479.0,829642.0
R,전통시장,3130273,남성사계시장(남성시장),11590630,사당2동,11590630,사당2동,동작구,1.0000000000000004,0.19161676646706588,0.1437125748502994,0.17365269461077845,0.1437125748502994,0.16966067864271459,excluded_below_25pct,400,1291,32.0,433.0,320.0,360.0,112.0,34.0,126174975386.0,5873631.0,0.0,32036732811.0,52684785294.0,36663204697.0,2089293316.0,2700959268.0,0.0,1003107.0,2338021.0,1873788.0,98166.0,560549.0
A,골목상권,3110904,이수역 5번,11650610,방배2동,11650610,방배2동,서초구,0.9999999999999999,0.19161676646706588,0.1437125748502994,0.17365269461077845,0.1437125748502994,0.16966067864271459,excluded_below_25pct,400,603,41.0,308.0,99.0,95.0,32.0,28.0,11909323010.0,361027.0,322168688.0,15293214.0,7443127439.0,3789749630.0,0.0,338984039.0,5195.0,594.0,166547.0,128465.0,0.0,60226.0
A,골목상권,3110852,이수역 9번,11590620,사당1동,11590620,사당1동,동작구,0.9999779766324901,0.19161676646706588,0.1437125748502994,0.17365269461077845,0.1437125748502994,0.16966067864271459,excluded_below_25pct,400,451,20.0,172.0,60.0,141.0,19.0,39.0,9450976850.0,433637.0,51183570.0,1645332744.0,1856355452.0,4843986751.0,647992411.0,406125922.0,192.0,5404.0,274422.0,105863.0,13665.0,34091.0
A,골목상권,3110849,이수역 10번,11590640,사당3동,11590640,사당3동,동작구,0.7144584090429813,0.19161676646706588,0.1437125748502994,0.17365269461077845,0.1437125748502994,0.16966067864271459,excluded_below_25pct,400,647,101.0,218.0,119.0,126.0,50.0,33.0,5639987727.0,83586.0,1519955812.0,58984251.0,231832459.0,3482318489.0,346896716.0,0.0,4258.0,1415.0,2143.0,70905.0,4865.0,0.0
A,골목상권,3110987,영동대교남단,11680565,청담동,11680565,청담동,강남구,1.0000000000000004,0.15568862275449102,0.1437125748502994,0.15568862275449102,0.1437125748502994,0.15169660678642716,excluded_below_25pct,400,167,8.0,71.0,36.0,32.0,11.0,9.0,0.0,0.0,0.0,0.0,0.0,0.0,0.0,0.0,0.0,0.0,0.0,0.0,0.0,0.0
A,골목상권,3111081,둔촌푸르지오아파트,11740700,둔촌2동,11740700,둔촌2동,강동구,0.9954705124137304,0.1437125748502994,0.17065868263473055,0.1467065868263473,0.1437125748502994,0.15369261477045906,excluded_below_25pct,400,241,24.0,136.0,57.0,4.0,20.0,0.0,0.0,0.0,0.0,0.0,0.0,0.0,0.0,0.0,0.0,0.0,0.0,0.0,0.0,0.0
D,발달상권,3120145,영등포역(영등포),11560535,영등포동,11560535,영등포동,영등포구,0.940025917234976,0.18562874251497005,0.1407185628742515,0.17065868263473055,0.1407185628742515,0.1656686626746507,excluded_below_25pct,400,7877,155.0,1877.0,3181.0,1653.0,850.0,161.0,596852591555.0,17931713.0,4712497345.0,107406814907.0,199588218820.0,225890806860.0,42644302939.0,16609950684.0,28366.0,2972010.0,6118420.0,5970292.0,957597.0,1885028.0
R,전통시장,3130248,영등포역지하도상점가,11560515,영등포본동,11560515,영등포본동,영등포구,0.7385156455446537,0.18562874251497005,0.1407185628742515,0.17065868263473055,0.1407185628742515,0.1656686626746507,excluded_below_25pct,400,2006,22.0,193.0,1485.0,238.0,16.0,52.0,182864469851.0,16443411.0,0.0,1609835190.0,162910233441.0,16212999081.0,0.0,2131402139.0,0.0,34608.0,14519164.0,1579228.0,0.0,310411.0
A,골목상권,3110992,도곡초등학교,11680630,대치4동,11680630,대치4동,강남구,1.0,0.15568862275449102,0.1407185628742515,0.1467065868263473,0.1407185628742515,0.14770459081836326,excluded_below_25pct,400,1446,785.0,320.0,168.0,126.0,20.0,27.0,66779441222.0,1599992.0,52778642822.0,1024117186.0,6368112214.0,6360599363.0,12629629.0,235340008.0,165912.0,29413.0,972830.0,405269.0,30.0,26538.0
D,발달상권,3120146,한강성심병원,11560535,영등포동,11560535,영등포동,영등포구,0.9955094337094949,0.18562874251497005,0.1407185628742515,0.17065868263473055,0.1407185628742515,0.1656686626746507,excluded_below_25pct,400,903,56.0,475.0,165.0,129.0,56.0,22.0,27649409322.0,850932.0,5609836419.0,15243628334.0,274074442.0,5469270379.0,105767136.0,946832612.0,165982.0,175125.0,39665.0,275286.0,1256.0,193618.0
A,골목상권,3110352,수유1동주민센터,11305615,수유1동,11305615,수유1동,강북구,0.9384746969047171,0.19461077844311378,0.1407185628742515,0.1497005988023952,0.1407185628742515,0.1616766467065868,excluded_below_25pct,400,626,56.0,252.0,108.0,129.0,71.0,10.0,15368540724.0,843127.0,315703948.0,5162584978.0,6841547925.0,1959364711.0,1089339162.0,0.0,1013.0,245411.0,462226.0,111943.0,22534.0,0.0
A,골목상권,3110803,신길2동우편취급국,11560515,영등포본동,11560515,영등포본동,영등포구,0.9921168478136059,0.18562874251497005,0.1407185628742515,0.17065868263473055,0.1407185628742515,0.1656686626746507,excluded_below_25pct,400,505,16.0,192.0,112.0,112.0,68.0,5.0,9311539528.0,146155.0,8884065.0,366848918.0,702661127.0,7904592936.0,328552482.0,0.0,32.0,757.0,61915.0,76605.0,6846.0,0.0
A,골목상권,3110989,대치동아우편취급국,11680630,대치4동,11680630,대치4동,강남구,0.9999999999999998,0.15868263473053892,0.1407185628742515,0.15269461077844312,0.1407185628742515,0.1506986027944112,excluded_below_25pct,400,466,58.0,155.0,86.0,127.0,18.0,22.0,7825397333.0,185023.0,54352717.0,847322583.0,849900236.0,5697150811.0,86815983.0,289855003.0,56.0,18687.0,1915.0,140994.0,1026.0,22345.0
R,전통시장,3130257,영등포시장기계공구상가,11560535,영등포동,11560535,영등포동,영등포구,1.0000000000000002,0.18562874251497005,0.1407185628742515,0.17065868263473055,0.1407185628742515,0.1656686626746507,excluded_below_25pct,400,289,4.0,85.0,126.0,38.0,28.0,8.0,6325149854.0,142755.0,0.0,1752889494.0,3258095206.0,1131171589.0,0.0,182993565.0,0.0,25884.0,50271.0,17020.0,0.0,49580.0
A,골목상권,3110565,홍익대,11440655,서강동,11440655,서강동,마포구,1.0000000000000009,0.17964071856287425,0.1407185628742515,0.17365269461077845,0.1407185628742515,0.16467065868263475,excluded_below_25pct,400,293,94.0,88.0,47.0,37.0,16.0,11.0,4382429011.0,42301.0,2065390017.0,1215083982.0,646779046.0,399058870.0,0.0,56117096.0,2112.0,7840.0,7276.0,21091.0,0.0,3982.0
A,골목상권,3110807,신길역 3번,11560535,영등포동,11560535,영등포동,영등포구,0.9394799405854957,0.18562874251497005,0.1407185628742515,0.17065868263473055,0.1407185628742515,0.1656686626746507,excluded_below_25pct,400,280,8.0,148.0,22.0,60.0,32.0,10.0,964455486.0,42235.0,0.0,329106159.0,0.0,635349327.0,0.0,0.0,0.0,18826.0,0.0,23409.0,0.0,0.0
A,골목상권,3111055,선사초등학교,11740580,암사2동,11740580,암사2동,강동구,1.0000000000000002,0.18862275449101795,0.1407185628742515,0.17664670658682635,0.1407185628742515,0.1686626746506986,excluded_below_25pct,400,55,0.0,14.0,17.0,16.0,4.0,4.0,895583695.0,9659.0,0.0,0.0,0.0,895583695.0,0.0,0.0,0.0,0.0,0.0,9659.0,0.0,0.0
A,골목상권,3110808,신길역 1번,11560515,영등포본동,11560515,영등포본동,영등포구,1.0000000000000002,0.18562874251497005,0.1407185628742515,0.17065868263473055,0.1407185628742515,0.1656686626746507,excluded_below_25pct,400,210,16.0,41.0,118.0,31.0,0.0,4.0,164754787.0,1556.0,0.0,0.0,164754787.0,0.0,0.0,0.0,0.0,0.0,1556.0,0.0,0.0,0.0
A,골목상권,3110347,구세군강북종합사회복지관,11305534,삼양동,11305534,삼양동,강북구,0.8919991787002466,0.17664670658682635,0.1407185628742515,0.1467065868263473,0.1407185628742515,0.15469061876247506,excluded_below_25pct,400,39,4.0,22.0,12.0,0.0,0.0,1.0,0.0,0.0,0.0,0.0,0.0,0.0,0.0,0.0,0.0,0.0,0.0,0.0,0.0,0.0
D,발달상권,3120160,사당역(사당),11650610,방배2동,11650610,방배2동,서초구,0.5015472492934744,0.17365269461077845,0.1317365269461078,0.16467065868263472,0.1317365269461078,0.156686626746507,excluded_below_25pct,400,4343,233.0,1414.0,639.0,1194.0,666.0,197.0,241284532345.0,7818995.0,2498276848.0,27847101435.0,33170577267.0,132447588469.0,36131432330.0,9189555996.0,52072.0,851156.0,2511192.0,2729128.0,851099.0,824348.0
A,골목상권,3110850,사당역 10번,11590620,사당1동,11590620,사당1동,동작구,0.9955996493609702,0.17365269461077845,0.1317365269461078,0.16467065868263472,0.1317365269461078,0.156686626746507,excluded_below_25pct,400,1978,186.0,703.0,343.0,414.0,232.0,100.0,60750738954.0,2266410.0,815513029.0,9138173594.0,12483773537.0,30495490425.0,6225391355.0,1592397014.0,3311.0,451416.0,1064436.0,497170.0,83236.0,166841.0
R,전통시장,3130171,불광먹자골목 골목형상점가,11380520,불광1동,11380520,불광1동,은평구,0.9947242193641145,0.23952095808383234,0.1317365269461078,0.20359281437125748,0.1317365269461078,0.1916167664670659,excluded_below_25pct,400,833,36.0,258.0,149.0,237.0,129.0,24.0,50321755512.0,1441639.0,154259663.0,19823141908.0,3894367330.0,19451491498.0,6470493644.0,528001469.0,475.0,728339.0,166323.0,422179.0,70669.0,53654.0
R,전통시장,3130170,제일시장,11380570,대조동,11380570,대조동,은평구,0.9978869326288984,0.23952095808383234,0.1317365269461078,0.20359281437125748,0.1317365269461078,0.1916167664670659,excluded_below_25pct,400,1698,12.0,224.0,1250.0,139.0,46.0,27.0,47870327648.0,3149977.0,0.0,7057556854.0,19749583809.0,17575662861.0,1517147545.0,1970376579.0,0.0,309044.0,617362.0,1886572.0,18022.0,318977.0
D,발달상권,3120092,불광역,11380570,대조동,11380510,녹번동,은평구,0.7782257460367072,0.23952095808383234,0.1317365269461078,0.20359281437125748,0.1317365269461078,0.1916167664670659,excluded_below_25pct,400,704,29.0,275.0,43.0,209.0,125.0,23.0,23139856461.0,1209563.0,0.0,5021246446.0,5214067776.0,6711862092.0,5790619149.0,402060998.0,0.0,200028.0,620607.0,179447.0,134631.0,74850.0
A,골목상권,3110487,불광역 8번,11380520,불광1동,11380520,불광1동,은평구,0.9665692038777953,0.23952095808383234,0.1317365269461078,0.20359281437125748,0.1317365269461078,0.1916167664670659,excluded_below_25pct,400,256,14.0,123.0,50.0,48.0,10.0,11.0,19126441142.0,672847.0,0.0,11388075448.0,0.0,7526177791.0,0.0,212187903.0,0.0,197052.0,0.0,433973.0,0.0,41822.0
A,골목상권,3110481,불광역 7번,11380570,대조동,11380570,대조동,은평구,1.0,0.23952095808383234,0.1317365269461078,0.20359281437125748,0.1317365269461078,0.1916167664670659,excluded_below_25pct,400,1104,38.0,546.0,183.0,192.0,102.0,43.0,12975916925.0,765353.0,0.0,1088373825.0,5260527104.0,5617264948.0,617035904.0,392715144.0,0.0,49190.0,511377.0,131014.0,9783.0,63989.0
R,전통시장,3130169,대조시장,11380570,대조동,11380570,대조동,은평구,0.971199849371508,0.23952095808383234,0.1317365269461078,0.20359281437125748,0.1317365269461078,0.1916167664670659,excluded_below_25pct,400,899,20.0,271.0,242.0,284.0,62.0,20.0,11737075815.0,671260.0,0.0,854218980.0,7562048428.0,2821987524.0,342651248.0,156169635.0,0.0,32480.0,469437.0,146404.0,3763.0,19176.0
A,골목상권,3110484,역촌역 3번,11380510,녹번동,11380510,녹번동,은평구,0.9833254593339527,0.23952095808383234,0.1317365269461078,0.20359281437125748,0.1317365269461078,0.1916167664670659,excluded_below_25pct,400,657,52.0,335.0,120.0,65.0,69.0,16.0,11295734672.0,944607.0,373611297.0,467685250.0,6740779111.0,2889384147.0,824274867.0,0.0,1532.0,22229.0,843560.0,61748.0,15538.0,0.0
A,골목상권,3110489,불광역 3번,11380510,녹번동,11380510,녹번동,은평구,0.9999999999999998,0.23952095808383234,0.1317365269461078,0.20359281437125748,0.1317365269461078,0.1916167664670659,excluded_below_25pct,400,274,12.0,124.0,42.0,79.0,4.0,13.0,6592289749.0,140427.0,0.0,271108916.0,4484729.0,6316696104.0,0.0,0.0,0.0,6932.0,627.0,132868.0,0.0,0.0
A,골목상권,3110588,한겨레신문사,11440565,공덕동,11440565,공덕동,마포구,0.8968123196027229,0.18862275449101795,0.1317365269461078,0.15868263473053892,0.1317365269461078,0.1596806387225549,excluded_below_25pct,400,332,20.0,126.0,61.0,85.0,16.0,24.0,4162091881.0,140069.0,0.0,111126504.0,120764333.0,2886032879.0,624530134.0,419638031.0,0.0,5910.0,14656.0,53761.0,9669.0,56073.0
A,골목상권,3111025,경찰병원역 3번,11710632,가락2동,11710632,가락2동,송파구,0.9999999999999999,0.17664670658682635,0.1317365269461078,0.16467065868263472,0.1317365269461078,0.15768463073852299,excluded_below_25pct,400,433,20.0,193.0,111.0,87.0,8.0,14.0,3306802803.0,313390.0,0.0,463289218.0,58497125.0,2632811442.0,0.0,152205018.0,0.0,16987.0,13051.0,262466.0,0.0,20886.0
A,골목상권,3110848,양지어린이공원,11590620,사당1동,11590620,사당1동,동작구,0.7051410955634645,0.17365269461077845,0.12874251497005987,0.16467065868263472,0.12874251497005987,0.15568862275449102,excluded_below_25pct,400,694,93.0,298.0,100.0,123.0,37.0,43.0,8607944712.0,205298.0,3838577467.0,367697464.0,931134828.0,2513862367.0,941659350.0,15013236.0,17041.0,19937.0,60102.0,89862.0,16122.0,2234.0
A,골목상권,3110905,방배노인종합복지관(이수중학교),11650610,방배2동,11650610,방배2동,서초구,1.0,0.17365269461077845,0.12874251497005987,0.16467065868263472,0.12874251497005987,0.15568862275449102,excluded_below_25pct,400,520,52.0,203.0,159.0,61.0,16.0,29.0,4942621478.0,200917.0,358181066.0,546660535.0,1985969162.0,1451810715.0,0.0,600000000.0,1705.0,10007.0,9865.0,99059.0,0.0,80281.0
R,전통시장,3130134,"솔샘시장(미아6,7동골목시장)",11305575,삼각산동,11305575,삼각산동,강북구,0.702975410723108,0.20958083832335328,0.15868263473053892,0.12574850299401197,0.12574850299401197,0.16467065868263472,excluded_below_25pct,400,435,21.0,75.0,115.0,157.0,67.0,0.0,17854604113.0,773673.0,96000000.0,4355517061.0,5241858371.0,7566429926.0,594798755.0,0.0,408.0,138773.0,202614.0,414540.0,17338.0,0.0
A,골목상권,3110287,정릉3동주민센터,11290640,정릉3동,11290640,정릉3동,성북구,0.9843900741552397,0.11976047904191617,0.12275449101796407,0.11676646706586827,0.11676646706586827,0.11976047904191617,excluded_below_25pct,400,174,20.0,57.0,37.0,36.0,12.0,12.0,2929206043.0,135822.0,136582888.0,0.0,543346414.0,2154811230.0,0.0,94465511.0,603.0,0.0,74292.0,52381.0,0.0,8546.0
A,골목상권,3110829,장승배기역 5번,11590520,노량진2동,11590520,노량진2동,동작구,0.9931516010114244,0.17964071856287425,0.11676646706586827,0.16167664670658682,0.11676646706586827,0.15269461077844312,excluded_below_25pct,400,159,4.0,75.0,60.0,16.0,4.0,0.0,458494888.0,46966.0,0.0,113843930.0,0.0,344650958.0,0.0,0.0,0.0,6427.0,0.0,40539.0,0.0,0.0
D,발달상권,3120199,경복아파트교차로,11680640,역삼1동,11680640,역삼1동,강남구,0.6555536770620741,0.17365269461077845,0.11377245508982035,0.17065868263473055,0.11377245508982035,0.15269461077844312,excluded_below_25pct,400,1276,49.0,526.0,263.0,318.0,70.0,50.0,50856112622.0,2737777.0,147741081.0,964364749.0,35846185399.0,8889930657.0,836394876.0,4171495860.0,408.0,28082.0,1958228.0,158758.0,3569.0,588732.0
A,골목상권,3111086,한영중고,11740540,명일2동,11740540,명일2동,강동구,0.9999999999999997,0.1377245508982036,0.11377245508982035,0.11976047904191617,0.11377245508982035,0.12375249500998003,excluded_below_25pct,400,935,408.0,240.0,88.0,132.0,33.0,34.0,23050670945.0,916410.0,9049839696.0,4526792797.0,2072822997.0,5486655793.0,573939622.0,1340620040.0,69656.0,55011.0,276005.0,224905.0,9259.0,281574.0
A,골목상권,3111046,마천역(마천초등학교),11710540,마천1동,11710540,마천1동,송파구,0.693116820440745,0.12874251497005987,0.11077844311377245,0.11676646706586827,0.11077844311377245,0.11876247504990019,excluded_below_25pct,400,1884,120.0,777.0,404.0,395.0,172.0,16.0,125743816166.0,2717270.0,1724528709.0,97307772564.0,15249579611.0,9045746243.0,1694310814.0,721878225.0,13949.0,1247172.0,873354.0,404963.0,27726.0,150106.0
A,골목상권,3111044,남천초등학교,11710550,마천2동,11710550,마천2동,송파구,0.9927571357657762,0.12874251497005987,0.11077844311377245,0.11676646706586827,0.11077844311377245,0.11876247504990019,excluded_below_25pct,400,1024,48.0,469.0,239.0,165.0,84.0,19.0,54949761686.0,1698458.0,428077943.0,39438377971.0,4275995245.0,9927139140.0,585007810.0,295163577.0,11078.0,971716.0,220186.0,437037.0,8101.0,50340.0
R,전통시장,3130317,마천중앙시장,11710550,마천2동,11710550,마천2동,송파구,0.98055221279882,0.12874251497005987,0.11077844311377245,0.11676646706586827,0.11077844311377245,0.11876247504990019,excluded_below_25pct,400,747,4.0,159.0,300.0,230.0,34.0,20.0,34939531788.0,1832071.0,0.0,1228144341.0,16719399494.0,16669820574.0,322167379.0,0.0,0.0,27320.0,798721.0,998723.0,7307.0,0.0
R,전통시장,3130316,마천시장,11710550,마천2동,11710550,마천2동,송파구,0.9999999999999998,0.12874251497005987,0.11077844311377245,0.11676646706586827,0.11077844311377245,0.11876247504990019,excluded_below_25pct,400,245,12.0,28.0,121.0,84.0,0.0,0.0,17065533524.0,774780.0,0.0,0.0,12742125540.0,4323407984.0,0.0,0.0,0.0,0.0,480540.0,294240.0,0.0,0.0
A,골목상권,3111047,마천1치안센터,11710540,마천1동,11710540,마천1동,송파구,0.9353257428505376,0.12874251497005987,0.11077844311377245,0.11676646706586827,0.11077844311377245,0.11876247504990019,excluded_below_25pct,400,346,28.0,141.0,94.0,43.0,32.0,8.0,7050935194.0,339587.0,0.0,1899212499.0,4931401597.0,173109368.0,38089675.0,9122055.0,0.0,7846.0,327156.0,2825.0,634.0,1126.0
A,골목상권,3110089,서빙고동주민센터,11170690,서빙고동,11170690,서빙고동,용산구,1.0,0.2155688622754491,0.11077844311377245,0.15868263473053892,0.11077844311377245,0.16167664670658685,excluded_below_25pct,400,279,20.0,159.0,46.0,32.0,4.0,18.0,5993493772.0,96276.0,0.0,4115456063.0,138000000.0,1740037709.0,0.0,0.0,0.0,14896.0,16628.0,64752.0,0.0,0.0
R,전통시장,3130131,동북프라자,11305534,삼양동,11305534,삼양동,강북구,1.0000000000000002,0.15868263473053892,0.11976047904191617,0.10778443113772455,0.10778443113772455,0.1287425149700599,excluded_below_25pct,400,243,8.0,98.0,51.0,52.0,34.0,0.0,15579272056.0,612887.0,0.0,10881270640.0,3951515711.0,746485705.0,0.0,0.0,0.0,478147.0,113533.0,21207.0,0.0,0.0
A,골목상권,3111039,벌말어린이공원,11710570,오금동,11710570,오금동,송파구,1.0000000000000002,0.12574850299401197,0.10778443113772455,0.11077844311377245,0.10778443113772455,0.11477045908183632,excluded_below_25pct,400,512,24.0,231.0,107.0,75.0,44.0,31.0,9629674508.0,398936.0,42836034.0,1495512750.0,3530721311.0,3808713965.0,269910154.0,481980294.0,135.0,66107.0,127242.0,158182.0,4205.0,43065.0
A,골목상권,3110354,삼각산119안전센터,11305575,삼각산동,11305575,삼각산동,강북구,0.5494960491540121,0.15868263473053892,0.11976047904191617,0.10778443113772455,0.10778443113772455,0.1287425149700599,excluded_below_25pct,400,172,27.0,79.0,23.0,30.0,13.0,0.0,3998756455.0,124441.0,688901678.0,1299065603.0,0.0,1566768252.0,0.0,444020922.0,2150.0,13360.0,0.0,44182.0,0.0,64749.0
R,전통시장,3130305,논현종합시장,11680531,논현2동,11680531,논현2동,강남구,1.0,0.17365269461077845,0.10479041916167664,0.16766467065868262,0.10479041916167664,0.14870259481037926,excluded_below_25pct,400,82,0.0,36.0,22.0,24.0,0.0,0.0,2228266257.0,93458.0,0.0,0.0,0.0,2228266257.0,0.0,0.0,0.0,0.0,0.0,93458.0,0.0,0.0
A,골목상권,3110851,경문고등학교(동작동성당),11590630,사당2동,11590630,사당2동,동작구,1.0000000000000002,0.1317365269461078,0.10179640718562874,0.11676646706586827,0.10179640718562874,0.11676646706586828,excluded_below_25pct,400,387,36.0,198.0,102.0,35.0,4.0,12.0,2002817151.0,236689.0,0.0,44270884.0,1793965395.0,164580872.0,0.0,0.0,0.0,1465.0,225850.0,9374.0,0.0,0.0
A,골목상권,3110929,남부터미널역 1번,11650510,서초1동,11650510,서초1동,서초구,0.9942287584322547,0.2215568862275449,0.10179640718562874,0.15269461077844312,0.10179640718562874,0.15868263473053892,excluded_below_25pct,400,786,72.0,352.0,240.0,55.0,33.0,34.0,1311821826.0,56612.0,46192905.0,264320708.0,35851263.0,958676486.0,0.0,6780464.0,56.0,6995.0,143.0,48631.0,0.0,787.0
D,발달상권,3120206,개나리아파트,11680650,역삼2동,11680650,역삼2동,강남구,0.9933625824277514,0.11377245508982035,0.09880239520958084,0.10778443113772455,0.09880239520958084,0.10678642714570859,excluded_below_25pct,400,1707,129.0,752.0,288.0,260.0,199.0,79.0,62193859548.0,2517834.0,12111038967.0,14308429198.0,16192189577.0,12772669656.0,4476980462.0,2332551688.0,71382.0,557506.0,966227.0,538127.0,15298.0,369294.0
A,골목상권,3110557,홍대부속여중고앞,11440660,서교동,11440660,서교동,마포구,0.5667658460952497,0.1407185628742515,0.09880239520958084,0.11377245508982035,0.09880239520958084,0.11776447105788423,excluded_below_25pct,400,1175,128.0,448.0,235.0,239.0,58.0,67.0,21848647367.0,1313043.0,693116898.0,3616526916.0,11117950801.0,5183626423.0,608586560.0,628839769.0,1653.0,230260.0,807641.0,186742.0,16138.0,70609.0
A,골목상권,3110806,서울시립영등포장애인복지관,11560535,영등포동,11560535,영등포동,영등포구,0.9999999999999999,0.1317365269461078,0.09880239520958084,0.11676646706586827,0.09880239520958084,0.1157684630738523,excluded_below_25pct,400,8,0.0,0.0,8.0,0.0,0.0,0.0,0.0,0.0,0.0,0.0,0.0,0.0,0.0,0.0,0.0,0.0,0.0,0.0,0.0,0.0
D,발달상권,3120235,문정역,11710642,문정2동,11710642,문정2동,송파구,0.9154856881399478,0.1497005988023952,0.09580838323353294,0.1347305389221557,0.09580838323353294,0.12674650698602793,excluded_below_25pct,400,12451,374.0,6054.0,2878.0,2109.0,577.0,459.0,211173415671.0,9407193.0,2046234099.0,39775035350.0,97399342472.0,56673495003.0,6595037385.0,8684271362.0,86894.0,569437.0,5406809.0,2019974.0,113978.0,1210101.0
R,전통시장,3130315,문정동 로데오거리 상점가(문정동 로데오거리),11710620,가락본동,11710641,문정1동,송파구,0.7806969228380185,0.1497005988023952,0.09580838323353294,0.1347305389221557,0.09580838323353294,0.12674650698602793,excluded_below_25pct,400,1475,59.0,423.0,594.0,195.0,155.0,49.0,59046982061.0,618927.0,714373744.0,5958467986.0,46689794638.0,3725494136.0,1608189359.0,350662198.0,2344.0,68117.0,346796.0,158784.0,14735.0,28151.0
A,골목상권,3111026,문정역 2번,11710641,문정1동,11710641,문정1동,송파구,0.7297073645690604,0.1497005988023952,0.09580838323353294,0.1347305389221557,0.09580838323353294,0.12674650698602793,excluded_below_25pct,400,1312,130.0,535.0,268.0,206.0,114.0,59.0,31712803069.0,1249196.0,1546114604.0,3050227208.0,15720102133.0,10321581068.0,95809832.0,978968224.0,9732.0,177921.0,668709.0,235546.0,627.0,156661.0
A,골목상권,3111027,문정초등학교,11710641,문정1동,11710641,문정1동,송파구,0.9999999999999993,0.1497005988023952,0.09580838323353294,0.1347305389221557,0.09580838323353294,0.12674650698602793,excluded_below_25pct,400,1204,156.0,518.0,249.0,177.0,72.0,32.0,29863413241.0,1147670.0,8417479759.0,5036996844.0,11019592830.0,4692907386.0,54218784.0,642217638.0,178937.0,60561.0,619447.0,172010.0,221.0,116494.0
A,골목상권,3111023,문정역 1번,11710641,문정1동,11710641,문정1동,송파구,0.999970628813413,0.1497005988023952,0.09580838323353294,0.1347305389221557,0.09580838323353294,0.12674650698602793,excluded_below_25pct,400,629,24.0,223.0,130.0,136.0,64.0,52.0,19734729538.0,985181.0,0.0,223912971.0,7408010971.0,11573194275.0,247308804.0,282302517.0,0.0,4644.0,500890.0,440954.0,3682.0,35011.0
R,전통시장,3130263,신노량진시장(기능상실),11590520,노량진2동,11590520,노량진2동,동작구,1.0000000000000002,0.1317365269461078,0.09580838323353294,0.11976047904191617,0.09580838323353294,0.1157684630738523,excluded_below_25pct,400,123,0.0,48.0,32.0,24.0,19.0,0.0,4852793946.0,220780.0,0.0,4068292367.0,0.0,469582555.0,314919024.0,0.0,0.0,198825.0,0.0,13849.0,8106.0,0.0
D,발달상권,3120100,망원역,11440690,망원1동,11440690,망원1동,마포구,0.5646640429738888,0.12574850299401197,0.08982035928143713,0.10778443113772455,0.08982035928143713,0.10778443113772455,excluded_below_25pct,400,1341,98.0,598.0,165.0,240.0,147.0,93.0,96214427294.0,4153777.0,1730549307.0,61903198610.0,7559143656.0,16829033435.0,5264464549.0,2928037737.0,35343.0,2063550.0,619808.0,892263.0,150357.0,392456.0
A,골목상권,3110554,망원역 1번,11440660,서교동,11440660,서교동,마포구,0.9752351328619511,0.12574850299401197,0.08982035928143713,0.10778443113772455,0.08982035928143713,0.10778443113772455,excluded_below_25pct,400,986,57.0,434.0,144.0,174.0,66.0,111.0,11413511758.0,583533.0,0.0,1347036621.0,1956112996.0,6142887153.0,613287795.0,1354187193.0,0.0,22013.0,177975.0,274010.0,13704.0,95831.0
D,발달상권,3120192,뱅뱅사거리,11680640,역삼1동,11650520,서초2동,서초구,0.4310266979852873,0.15269461077844312,0.08682634730538923,0.11377245508982035,0.08682634730538923,0.11776447105788423,excluded_below_25pct,400,9072,584.0,4557.0,1983.0,1143.0,532.0,273.0,276080357451.0,12214850.0,10828073925.0,65282189322.0,61924987031.0,101543773171.0,21092787789.0,15408546213.0,108811.0,1244358.0,3903873.0,4320929.0,162564.0,2474315.0
D,발달상권,3120171,서초3동사거리,11650530,서초3동,11650530,서초3동,서초구,1.0000000000000004,0.2215568862275449,0.08682634730538923,0.1497005988023952,0.08682634730538923,0.15269461077844312,excluded_below_25pct,400,2487,263.0,1084.0,477.0,405.0,169.0,89.0,177685168355.0,5789312.0,15024867107.0,32742019753.0,61772530180.0,56972178321.0,4243716193.0,6929856801.0,79068.0,373359.0,2800742.0,1704787.0,62995.0,768361.0
D,발달상권,3120175,남부터미널역,11650510,서초1동,11650510,서초1동,서초구,0.7674535922236234,0.2215568862275449,0.08682634730538923,0.1497005988023952,0.08682634730538923,0.15269461077844312,excluded_below_25pct,400,5347,314.0,2270.0,1750.0,624.0,237.0,152.0,123007063702.0,6202346.0,4639071193.0,35095430063.0,24884409206.0,42923822888.0,6635432512.0,8828897840.0,142429.0,1165964.0,1629932.0,1675677.0,104006.0,1484338.0
A,골목상권,3110810,영신초등학교,11560630,신길1동,11560630,신길1동,영등포구,0.9838835529445895,0.10778443113772455,0.08682634730538923,0.10479041916167664,0.08682634730538923,0.09980039920159682,excluded_below_25pct,400,1028,74.0,364.0,229.0,235.0,98.0,28.0,47284824951.0,1879840.0,2180235827.0,16601019450.0,15750719170.0,10963956196.0,1136361853.0,652532455.0,10206.0,662482.0,696730.0,350254.0,25491.0,134677.0
A,골목상권,3110809,장훈고등학교,11560515,영등포본동,11560515,영등포본동,영등포구,0.958806205206134,0.10778443113772455,0.08682634730538923,0.10479041916167664,0.08682634730538923,0.09980039920159682,excluded_below_25pct,400,278,20.0,92.0,79.0,43.0,40.0,4.0,9490641759.0,353470.0,0.0,2580000000.0,856419741.0,4822422480.0,1231799538.0,0.0,0.0,72012.0,133502.0,126045.0,21911.0,0.0
R,전통시장,3130118,정릉골 골목형상점가,11290650,정릉4동,11290650,정릉4동,성북구,1.0000000000000002,0.12874251497005987,0.12275449101796407,0.08682634730538923,0.08682634730538923,0.11277445109780439,excluded_below_25pct,400,322,28.0,110.0,49.0,84.0,40.0,11.0,2854716655.0,59835.0,36909822.0,228780845.0,636583036.0,1621393513.0,308170440.0,22878999.0,251.0,9184.0,480.0,39754.0,8703.0,1463.0
A,골목상권,3110290,북한산보국문역 1번,11290650,정릉4동,11290650,정릉4동,성북구,0.9983494952290801,0.11377245508982035,0.09580838323353294,0.08383233532934131,0.08383233532934131,0.09780439121756486,excluded_below_25pct,400,145,11.0,53.0,24.0,41.0,6.0,10.0,1159480718.0,77769.0,0.0,0.0,0.0,1159480718.0,0.0,0.0,0.0,0.0,0.0,77769.0,0.0,0.0
A,골목상권,3110351,수유북부시장옆,11305660,인수동,11305660,인수동,강북구,0.9997916950418596,0.15568862275449102,0.08083832335329341,0.11377245508982035,0.08083832335329341,0.11676646706586825,excluded_below_25pct,400,421,24.0,173.0,91.0,95.0,18.0,20.0,3536389009.0,192971.0,251227976.0,361598307.0,930296533.0,1956597153.0,36669040.0,0.0,2106.0,10633.0,63117.0,115878.0,1237.0,0.0
A,골목상권,3111037,Sh수협은행 오금동금융센터(아랫말어린이공원),11710570,오금동,11710570,오금동,송파구,1.0000000000000007,0.08682634730538923,0.08083832335329341,0.08083832335329341,0.08083832335329341,0.08283433133732535,excluded_below_25pct,400,181,13.0,86.0,44.0,27.0,0.0,11.0,2402518003.0,96115.0,0.0,699005415.0,0.0,1539250876.0,0.0,164261712.0,0.0,27964.0,0.0,64279.0,0.0,3872.0
A,골목상권,3111040,거여초등학교,11710570,오금동,11710570,오금동,송파구,1.0,0.08682634730538923,0.08083832335329341,0.08083832335329341,0.08083832335329341,0.08283433133732535,excluded_below_25pct,400,235,36.0,103.0,44.0,24.0,16.0,12.0,230729350.0,9280.0,100142594.0,65996780.0,0.0,0.0,0.0,64589976.0,679.0,1937.0,0.0,0.0,0.0,6664.0
D,발달상권,3120090,연신내역,11380520,불광1동,11380520,불광1동,은평구,0.4418364904143706,0.15568862275449102,0.0748502994011976,0.11077844311377245,0.0748502994011976,0.11377245508982035,excluded_below_25pct,400,1999,98.0,950.0,345.0,287.0,276.0,43.0,158312436582.0,6027426.0,3143858433.0,98953824452.0,30259481615.0,18701512560.0,4827866020.0,2425893502.0,127732.0,2578606.0,1777141.0,916845.0,168698.0,458404.0
R,전통시장,3130167,연신내상점가(연빛거리),11380551,갈현1동,11380551,갈현1동,은평구,0.6117090616088269,0.15568862275449102,0.0748502994011976,0.11077844311377245,0.0748502994011976,0.11377245508982035,excluded_below_25pct,400,2481,71.0,663.0,307.0,776.0,591.0,73.0,142023020130.0,5697455.0,1209222033.0,35045408513.0,17210146093.0,59550323699.0,25641552432.0,3366367360.0,5817.0,1111769.0,1178965.0,1958152.0,1037897.0,404855.0
R,전통시장,3130168,연서시장,11380530,불광2동,11380530,불광2동,은평구,0.8134596083848402,0.15568862275449102,0.0748502994011976,0.11077844311377245,0.0748502994011976,0.11377245508982035,excluded_below_25pct,400,1034,25.0,306.0,348.0,290.0,61.0,4.0,66075917381.0,3308261.0,0.0,21362099532.0,24341575277.0,17707808734.0,2664433838.0,0.0,0.0,820191.0,1089580.0,1181491.0,216999.0,0.0
A,골목상권,3110464,연신내역 5번,11380552,갈현2동,11380552,갈현2동,은평구,0.9896717505614412,0.15568862275449102,0.0748502994011976,0.11077844311377245,0.0748502994011976,0.11377245508982035,excluded_below_25pct,400,717,123.0,252.0,84.0,137.0,75.0,46.0,17176798654.0,215045.0,6991378765.0,262718869.0,1525534281.0,7467682210.0,686226733.0,243257796.0,22257.0,5917.0,9822.0,143867.0,7983.0,25199.0
A,골목상권,3110465,연신내역 7번,11380551,갈현1동,11380551,갈현1동,은평구,0.8805318308233473,0.15568862275449102,0.0748502994011976,0.11077844311377245,0.0748502994011976,0.11377245508982035,excluded_below_25pct,400,780,89.0,257.0,69.0,226.0,91.0,48.0,15840273922.0,694496.0,3096848991.0,3318501116.0,1750328761.0,5201212064.0,1647646425.0,825736565.0,10268.0,170024.0,189410.0,163391.0,12904.0,148499.0
A,골목상권,3110479,연신내역 2번,11380530,불광2동,11380530,불광2동,은평구,0.9981510360031514,0.15568862275449102,0.0748502994011976,0.11077844311377245,0.0748502994011976,0.11377245508982035,excluded_below_25pct,400,630,46.0,285.0,126.0,115.0,42.0,16.0,15777631007.0,845314.0,1319014290.0,2869103371.0,6920774539.0,4428605833.0,240132974.0,0.0,3447.0,76873.0,545368.0,200660.0,18966.0,0.0
A,골목상권,3110814,서울지방병무청,11560690,신길7동,11560690,신길7동,영등포구,0.6038474257853609,0.09281437125748503,0.0748502994011976,0.08982035928143713,0.0748502994011976,0.08582834331337325,excluded_below_25pct,400,677,74.0,213.0,203.0,90.0,78.0,19.0,12889942285.0,750461.0,579736301.0,630579553.0,4240437479.0,4232487889.0,2062346991.0,1144354072.0,2120.0,15059.0,389362.0,110589.0,9077.0,224254.0
A,골목상권,3110472,연신내역 4번,11380570,대조동,11380570,대조동,은평구,0.9946433689104833,0.15568862275449102,0.0748502994011976,0.11077844311377245,0.0748502994011976,0.11377245508982035,excluded_below_25pct,400,1059,79.0,458.0,171.0,226.0,76.0,49.0,12869745712.0,522002.0,134125572.0,947470158.0,4602650645.0,6252697319.0,783474139.0,149327879.0,881.0,18494.0,242818.0,232861.0,8970.0,17978.0
A,골목상권,3110480,연신내역 3번,11380520,불광1동,11380520,불광1동,은평구,0.9142229856870604,0.15568862275449102,0.0748502994011976,0.11077844311377245,0.0748502994011976,0.11377245508982035,excluded_below_25pct,400,357,16.0,164.0,103.0,66.0,8.0,0.0,3325348840.0,100810.0,0.0,338765389.0,1740065299.0,1246518152.0,0.0,0.0,0.0,12406.0,54349.0,34055.0,0.0,0.0
A,골목상권,3110474,세명컴퓨터고등학교,11380530,불광2동,11380530,불광2동,은평구,0.9999999999999998,0.15568862275449102,0.0748502994011976,0.11077844311377245,0.0748502994011976,0.11377245508982035,excluded_below_25pct,400,412,32.0,218.0,114.0,35.0,13.0,0.0,2807966426.0,209812.0,0.0,727731049.0,1818065144.0,262170233.0,0.0,0.0,0.0,20038.0,182199.0,7575.0,0.0,0.0
A,골목상권,3110483,연천초등학교,11380520,불광1동,11380520,불광1동,은평구,0.9918759257449631,0.15568862275449102,0.0748502994011976,0.11077844311377245,0.0748502994011976,0.11377245508982035,excluded_below_25pct,400,213,16.0,86.0,37.0,38.0,28.0,8.0,1364540719.0,113398.0,176493635.0,0.0,627953404.0,462548327.0,97545353.0,0.0,964.0,0.0,91687.0,15218.0,5529.0,0.0
D,발달상권,3120236,장지역(가든파이브),11710642,문정2동,11710642,문정2동,송파구,0.7673134604617481,0.09880239520958084,0.0718562874251497,0.09281437125748503,0.0718562874251497,0.08782435129740519,excluded_below_25pct,400,7685,284.0,2185.0,4466.0,572.0,63.0,115.0,270110795425.0,8092212.0,18514532812.0,82614169942.0,108380310549.0,52378697838.0,893627965.0,7329456319.0,666443.0,647442.0,2961659.0,2502617.0,12142.0,1301909.0
R,전통시장,3130271,남성역골목시장,11590650,사당4동,11590650,사당4동,동작구,0.9993140782856197,0.11077844311377245,0.0718562874251497,0.08383233532934131,0.0718562874251497,0.08882235528942116,excluded_below_25pct,400,686,39.0,269.0,152.0,145.0,78.0,3.0,62787838700.0,2933100.0,1120871653.0,27132371449.0,28179585861.0,6111435059.0,243574678.0,0.0,3541.0,492604.0,2057284.0,375506.0,4165.0,0.0
A,골목상권,3111028,문현중학교(장지역 1번),11710646,장지동,11710646,장지동,송파구,0.998473449232975,0.09880239520958084,0.0718562874251497,0.09281437125748503,0.0718562874251497,0.08782435129740519,excluded_below_25pct,400,702,52.0,270.0,109.0,119.0,105.0,47.0,35394210614.0,951327.0,3347738963.0,22009434295.0,1241971548.0,7051171484.0,1293470776.0,450423548.0,10305.0,535109.0,124369.0,177177.0,60533.0,43834.0
A,골목상권,3110846,남성역 1번,11590650,사당4동,11590650,사당4동,동작구,0.6222088171976115,0.11077844311377245,0.0718562874251497,0.08383233532934131,0.0718562874251497,0.08882235528942116,excluded_below_25pct,400,1418,94.0,623.0,341.0,239.0,73.0,48.0,32470106700.0,2061261.0,1912825624.0,12268326178.0,9082553963.0,6953804911.0,1426902196.0,825693828.0,9079.0,873086.0,647423.0,354039.0,25885.0,151749.0
D,발달상권,3120163,사당역 11번(사당역먹자골목),11650610,방배2동,11650610,방배2동,서초구,0.9999999999999998,0.11077844311377245,0.0718562874251497,0.10179640718562874,0.0718562874251497,0.09481037924151696,excluded_below_25pct,400,527,122.0,183.0,87.0,83.0,20.0,32.0,5880977067.0,238850.0,3736503139.0,264369021.0,995246514.0,581110579.0,0.0,303747814.0,42632.0,7096.0,133038.0,28301.0,0.0,27783.0
A,골목상권,3110843,사당5동주민센터,11590651,사당5동,11590651,사당5동,동작구,1.0,0.11077844311377245,0.0718562874251497,0.08383233532934131,0.0718562874251497,0.08882235528942116,excluded_below_25pct,400,254,32.0,102.0,70.0,34.0,8.0,8.0,3934606196.0,307479.0,1122470098.0,98418043.0,1356564242.0,953200845.0,0.0,403952968.0,3528.0,6448.0,181160.0,12237.0,0.0,104106.0
R,전통시장,3130272,사당시장,11590650,사당4동,11590650,사당4동,동작구,0.9641368216417123,0.11077844311377245,0.0718562874251497,0.08682634730538923,0.0718562874251497,0.08982035928143713,excluded_below_25pct,400,94,0.0,41.0,16.0,20.0,9.0,8.0,1131627640.0,50631.0,0.0,1131627640.0,0.0,0.0,0.0,0.0,0.0,50631.0,0.0,0.0,0.0,0.0
A,골목상권,3110834,동작구자원봉사센터,11590510,노량진1동,11590510,노량진1동,동작구,0.9999999999999993,0.09880239520958084,0.0718562874251497,0.08383233532934131,0.0718562874251497,0.08483033932135729,excluded_below_25pct,400,157,13.0,45.0,36.0,36.0,23.0,4.0,144438695.0,2107.0,0.0,0.0,125305223.0,0.0,19133472.0,0.0,0.0,0.0,436.0,0.0,1671.0,0.0
A,골목상권,3110392,발바닥공원,11320681,쌍문4동,11320681,쌍문4동,도봉구,1.0000000000000002,0.08083832335329341,0.0688622754491018,0.0718562874251497,0.0688622754491018,0.07385229540918165,excluded_below_25pct,400,273,104.0,90.0,32.0,19.0,28.0,0.0,20636439199.0,900883.0,4162029266.0,9112529213.0,6696370218.0,0.0,665510502.0,0.0,18751.0,437190.0,441393.0,0.0,3549.0,0.0
A,골목상권,3110590,만리재,11440565,공덕동,11440565,공덕동,마포구,0.5669219103776733,0.12574850299401197,0.0688622754491018,0.12275449101796407,0.0688622754491018,0.10578842315369259,excluded_below_25pct,400,433,26.0,189.0,76.0,95.0,35.0,12.0,8547054136.0,585469.0,128833439.0,6111839614.0,757993133.0,1102019867.0,446368083.0,0.0,375.0,429678.0,89968.0,58644.0,6804.0,0.0
A,골목상권,3110526,봉원사,11410585,신촌동,11410585,신촌동,서대문구,1.0000000000000004,0.1377245508982036,0.0688622754491018,0.0748502994011976,0.0688622754491018,0.09381237524950099,excluded_below_25pct,400,132,9.0,60.0,24.0,22.0,5.0,12.0,6170074251.0,384548.0,0.0,0.0,466578497.0,5500747897.0,0.0,202747857.0,0.0,0.0,68130.0,301106.0,0.0,15312.0
A,골목상권,3110524,연희세브란스병원,11410585,신촌동,11410585,신촌동,서대문구,1.0,0.1377245508982036,0.0688622754491018,0.0748502994011976,0.0688622754491018,0.09381237524950099,excluded_below_25pct,400,200,22.0,34.0,15.0,100.0,14.0,15.0,5234516365.0,219816.0,564449071.0,0.0,0.0,3814971770.0,0.0,855095524.0,406.0,0.0,0.0,140775.0,0.0,78635.0
A,골목상권,3110395,신한은행 방학동지점,11320690,방학1동,11320690,방학1동,도봉구,0.953055276628726,0.11377245508982035,0.0688622754491018,0.10778443113772455,0.0688622754491018,0.0968063872255489,excluded_below_25pct,400,415,12.0,159.0,52.0,76.0,104.0,12.0,4132479463.0,93826.0,0.0,1726683781.0,0.0,1358142355.0,997311559.0,50341768.0,0.0,37699.0,0.0,38119.0,15765.0,2243.0
D,발달상권,3120085,은행사거리,11350619,중계본동,11350621,중계1동,노원구,0.5618611629928316,0.09580838323353294,0.0658682634730539,0.08383233532934131,0.0658682634730539,0.08183632734530938,excluded_below_25pct,400,3116,1827.0,570.0,180.0,327.0,164.0,48.0,156075376708.0,4464731.0,77477473116.0,43740597244.0,8505887801.0,17769148332.0,6707196292.0,1875073923.0,327915.0,1516199.0,879327.0,1031641.0,376975.0,332674.0
A,골목상권,3110083,서빙고역 1번,11170690,서빙고동,11170690,서빙고동,용산구,1.0000000000000002,0.11077844311377245,0.0658682634730539,0.08682634730538923,0.0658682634730539,0.08782435129740519,excluded_below_25pct,400,200,8.0,111.0,39.0,16.0,8.0,18.0,942567916.0,11062.0,0.0,617322893.0,282009231.0,0.0,0.0,43235792.0,0.0,4582.0,1499.0,0.0,0.0,4981.0
A,골목상권,3110349,화계역 2번,11305615,수유1동,11305615,수유1동,강북구,0.980076951764035,0.1437125748502994,0.0658682634730539,0.07784431137724551,0.0658682634730539,0.09580838323353293,excluded_below_25pct,400,116,0.0,45.0,27.0,20.0,20.0,4.0,676369089.0,58975.0,0.0,34435462.0,455320111.0,0.0,186613516.0,0.0,0.0,1236.0,52942.0,0.0,4797.0,0.0
R,전통시장,3130192,동진시장,11440710,연남동,11440710,연남동,마포구,0.9025229194203088,0.09580838323353294,0.0658682634730539,0.08383233532934131,0.0658682634730539,0.08183632734530938,excluded_below_25pct,400,90,12.0,32.0,8.0,20.0,4.0,14.0,17869870.0,1569.0,0.0,0.0,0.0,0.0,0.0,17869870.0,0.0,0.0,0.0,0.0,0.0,1569.0
D,발달상권,3120224,수서역,11680750,수서동,11680750,수서동,강남구,1.0000000000000002,0.08982035928143713,0.06287425149700598,0.0748502994011976,0.06287425149700598,0.07584830339321356,excluded_below_25pct,400,2243,85.0,1031.0,560.0,392.0,125.0,50.0,231151685644.0,16567623.0,5222280396.0,64863472471.0,47684355678.0,97121481789.0,6684273084.0,9575822226.0,224812.0,1744375.0,7483716.0,5463079.0,102430.0,1549211.0
A,골목상권,3110544,망리단길,11440690,망원1동,11440690,망원1동,마포구,0.9554893546986853,0.11976047904191617,0.06287425149700598,0.08083832335329341,0.06287425149700598,0.08782435129740518,excluded_below_25pct,400,4454,286.0,1665.0,673.0,1103.0,299.0,428.0,62515824361.0,3249512.0,826317053.0,11157701594.0,10507279110.0,29227505608.0,5176573915.0,5620447081.0,26736.0,579386.0,850111.0,952550.0,117957.0,722772.0
R,전통시장,3130185,망원월드컵시장,11440700,망원2동,11440700,망원2동,마포구,1.0000000000000002,0.11976047904191617,0.06287425149700598,0.08083832335329341,0.06287425149700598,0.08782435129740518,excluded_below_25pct,400,587,41.0,190.0,201.0,119.0,6.0,30.0,46919863824.0,2557820.0,194894445.0,6457330719.0,38351122930.0,1743328815.0,0.0,173186915.0,500.0,378648.0,2072892.0,82532.0,0.0,23248.0
R,전통시장,3130186,망원시장,11440690,망원1동,11440690,망원1동,마포구,0.9708482757760015,0.11976047904191617,0.06287425149700598,0.08083832335329341,0.06287425149700598,0.08782435129740518,excluded_below_25pct,400,687,12.0,201.0,203.0,216.0,27.0,28.0,42676344589.0,2747426.0,0.0,4246402528.0,31459330524.0,6633481926.0,58018519.0,279111092.0,0.0,173049.0,2054260.0,491718.0,83.0,28316.0
A,골목상권,3110547,KB국민은행 망원동지점,11440700,망원2동,11440700,망원2동,마포구,0.9953155927531963,0.11976047904191617,0.06287425149700598,0.08083832335329341,0.06287425149700598,0.08782435129740518,excluded_below_25pct,400,975,79.0,357.0,149.0,193.0,147.0,50.0,21862984722.0,820268.0,136260608.0,8626085155.0,146244422.0,7882894245.0,4556149640.0,515350652.0,1374.0,345094.0,3221.0,237233.0,154463.0,78883.0
A,골목상권,3110551,성서초등학교,11440720,성산1동,11440720,성산1동,마포구,0.9999999999999994,0.11976047904191617,0.06287425149700598,0.08083832335329341,0.06287425149700598,0.08782435129740518,excluded_below_25pct,400,740,87.0,324.0,124.0,134.0,35.0,36.0,8893503815.0,325081.0,1671891867.0,2106106721.0,2474509433.0,2100961229.0,129749089.0,410285476.0,5536.0,26895.0,187338.0,51760.0,1024.0,52528.0
A,골목상권,3110282,국민대학교앞,11290640,정릉3동,11290640,정릉3동,성북구,1.0000000000000009,0.06287425149700598,0.08083832335329341,0.08383233532934131,0.06287425149700598,0.07584830339321356,excluded_below_25pct,400,189,8.0,72.0,8.0,51.0,42.0,8.0,2994505244.0,228184.0,0.0,143119783.0,983492055.0,1142775509.0,725117897.0,0.0,0.0,9344.0,136921.0,21966.0,59953.0,0.0
A,골목상권,3110011,청운초등학교,11110515,청운효자동,11110515,청운효자동,종로구,1.0000000000000002,0.1377245508982036,0.06287425149700598,0.17664670658682635,0.06287425149700598,0.12574850299401197,excluded_below_25pct,400,74,22.0,13.0,19.0,16.0,4.0,0.0,0.0,0.0,0.0,0.0,0.0,0.0,0.0,0.0,0.0,0.0,0.0,0.0,0.0,0.0
D,발달상권,3120143,당산역,11560560,당산2동,11560560,당산2동,영등포구,0.8391560799895781,0.08682634730538923,0.059880239520958084,0.08383233532934131,0.059880239520958084,0.07684630738522953,excluded_below_25pct,400,2616,105.0,1118.0,350.0,623.0,340.0,80.0,141375715429.0,6305012.0,186724547.0,42769059351.0,15791972296.0,56775125464.0,13301318139.0,12551515632.0,5762.0,1418371.0,1644154.0,1700910.0,235208.0,1300607.0
A,골목상권,3110786,당산역 8번,11560560,당산2동,11560560,당산2동,영등포구,1.0000000000000002,0.08682634730538923,0.059880239520958084,0.08383233532934131,0.059880239520958084,0.07684630738522953,excluded_below_25pct,400,197,20.0,69.0,36.0,48.0,16.0,8.0,2151275574.0,56312.0,0.0,0.0,0.0,2151275574.0,0.0,0.0,0.0,0.0,0.0,56312.0,0.0,0.0
A,골목상권,3110773,당산역 13번,11560620,양평2동,11560620,양평2동,영등포구,1.0000000000000002,0.08682634730538923,0.059880239520958084,0.08383233532934131,0.059880239520958084,0.07684630738522953,excluded_below_25pct,400,184,20.0,92.0,48.0,18.0,0.0,6.0,1843989966.0,434784.0,0.0,0.0,225000000.0,1618989966.0,0.0,0.0,0.0,0.0,50.0,434734.0,0.0,0.0
R,전통시장,3130267,본동인정시장(기능상실),11590510,노량진1동,11590510,노량진1동,동작구,1.0000000000000004,0.09880239520958084,0.059880239520958084,0.08982035928143713,0.059880239520958084,0.08283433133732536,excluded_below_25pct,400,116,0.0,68.0,24.0,24.0,0.0,0.0,293693499.0,9778.0,0.0,162888572.0,0.0,130804927.0,0.0,0.0,0.0,6187.0,0.0,3591.0,0.0,0.0
R,전통시장,3130130,수유북부골목시장,11305660,인수동,11305660,인수동,강북구,1.0000000000000002,0.1437125748502994,0.059880239520958084,0.0748502994011976,0.059880239520958084,0.09281437125748503,excluded_below_25pct,400,21,0.0,0.0,17.0,4.0,0.0,0.0,0.0,0.0,0.0,0.0,0.0,0.0,0.0,0.0,0.0,0.0,0.0,0.0,0.0,0.0
A,골목상권,3111031,장지동주민센터(한림연예예술고교),11710646,장지동,11710646,장지동,송파구,0.9527380474907414,0.0658682634730539,0.05688622754491018,0.059880239520958084,0.05688622754491018,0.06087824351297405,excluded_below_25pct,400,736,51.0,310.0,156.0,126.0,49.0,44.0,13372624134.0,747033.0,2760000000.0,1162607182.0,5874758773.0,2629294010.0,321982353.0,623981816.0,7935.0,14935.0,463584.0,179277.0,12432.0,68870.0
A,골목상권,3110925,서초중학교,11650530,서초3동,11650530,서초3동,서초구,1.0000000000000004,0.11077844311377245,0.05688622754491018,0.08682634730538923,0.05688622754491018,0.08483033932135729,excluded_below_25pct,400,476,41.0,184.0,100.0,95.0,48.0,8.0,7168889716.0,208199.0,385682190.0,2024510348.0,1833941629.0,2194492537.0,228982271.0,501280741.0,1897.0,37659.0,19188.0,77515.0,785.0,71155.0
A,골목상권,3110350,가오리역 2번,11305660,인수동,11305660,인수동,강북구,0.9999999999999994,0.1407185628742515,0.05688622754491018,0.0748502994011976,0.05688622754491018,0.09081836327345309,excluded_below_25pct,400,323,60.0,87.0,54.0,67.0,31.0,24.0,4868273355.0,186750.0,1414970524.0,66586640.0,470605550.0,2236699200.0,253482377.0,425929064.0,4923.0,1880.0,51251.0,75770.0,5474.0,47452.0
R,전통시장,3130274,사당1동먹자골목상점가(사당1동먹자골목),11590620,사당1동,11590620,사당1동,동작구,1.0000000000000002,0.09880239520958084,0.05389221556886228,0.0718562874251497,0.05389221556886228,0.0748502994011976,excluded_below_25pct,400,966,33.0,342.0,92.0,282.0,187.0,30.0,57098904262.0,1151742.0,0.0,3098743394.0,1052051454.0,37335145553.0,13325339557.0,2287624304.0,0.0,48270.0,29513.0,575624.0,297556.0,200779.0
R,전통시장,3130133,우이골목시장(우이시장),11305625,수유2동,11305625,수유2동,강북구,1.000000000000001,0.1347305389221557,0.05389221556886228,0.11077844311377245,0.05389221556886228,0.09980039920159682,excluded_below_25pct,400,517,20.0,153.0,186.0,135.0,20.0,3.0,22549443697.0,1045634.0,631106044.0,310695747.0,15110548851.0,6379972905.0,117120150.0,0.0,1663.0,6811.0,852270.0,183614.0,1276.0,0.0
R,전통시장,3130057,만리시장,11170555,청파동,11170555,청파동,용산구,0.9999999999999998,0.08682634730538923,0.05389221556886228,0.08083832335329341,0.05389221556886228,0.07385229540918163,excluded_below_25pct,400,159,0.0,16.0,51.0,66.0,18.0,8.0,15093315745.0,763385.0,0.0,0.0,14269462452.0,823853293.0,0.0,0.0,0.0,0.0,743550.0,19835.0,0.0,0.0
A,골목상권,3110353,수유동우체국,11305625,수유2동,11305625,수유2동,강북구,0.9987280640029277,0.1347305389221557,0.05389221556886228,0.11077844311377245,0.05389221556886228,0.09980039920159682,excluded_below_25pct,400,445,26.0,225.0,65.0,80.0,45.0,4.0,7559412431.0,251104.0,0.0,2528939352.0,394450105.0,4434088628.0,201934346.0,0.0,0.0,147123.0,19592.0,83428.0,961.0,0.0
A,골목상권,3110357,가오리역 1번,11305625,수유2동,11305625,수유2동,강북구,0.9987345023587388,0.1437125748502994,0.05389221556886228,0.11077844311377245,0.05389221556886228,0.1027944111776447,excluded_below_25pct,400,415,37.0,162.0,57.0,89.0,58.0,12.0,6056128720.0,300202.0,457706960.0,2706338137.0,175486264.0,2100506355.0,614281661.0,1809343.0,2163.0,80882.0,3485.0,108044.0,105568.0,60.0
A,골목상권,3110356,덕수교,11305625,수유2동,11305625,수유2동,강북구,0.8252930140263557,0.1347305389221557,0.05389221556886228,0.11077844311377245,0.05389221556886228,0.09980039920159682,excluded_below_25pct,400,318,26.0,115.0,95.0,46.0,24.0,12.0,3420323107.0,80484.0,0.0,79049585.0,356564149.0,2708243809.0,276465564.0,0.0,0.0,2850.0,12509.0,60617.0,4508.0,0.0
A,골목상권,3110800,영등포동성당,11560535,영등포동,11560535,영등포동,영등포구,0.9999999999999998,0.0688622754491018,0.05089820359281437,0.059880239520958084,0.05089820359281437,0.059880239520958084,excluded_below_25pct,400,159,0.0,67.0,40.0,28.0,19.0,5.0,1101201180.0,22559.0,0.0,88634325.0,526002133.0,486564722.0,0.0,0.0,0.0,1243.0,5950.0,15366.0,0.0,0.0
A,골목상권,3110906,서문여고,11650621,방배4동,11650621,방배4동,서초구,0.9999912092128218,0.08083832335329341,0.05089820359281437,0.0718562874251497,0.05089820359281437,0.06786427145708583,excluded_below_25pct,400,237,40.0,103.0,66.0,20.0,8.0,0.0,32493616.0,190.0,28019090.0,0.0,4474526.0,0.0,0.0,0.0,109.0,0.0,81.0,0.0,0.0,0.0
D,발달상권,3120212,한티역,11680630,대치4동,11680630,대치4동,강남구,0.5802026831440925,0.05688622754491018,0.04790419161676647,0.05089820359281437,0.04790419161676647,0.051896207584830344,excluded_below_25pct,400,4193,1408.0,998.0,1074.0,448.0,191.0,74.0,250844629515.0,7942151.0,84014352265.0,71523842323.0,42891469220.0,42603078737.0,3777929535.0,6033957435.0,346505.0,2003055.0,3003062.0,1840289.0,53365.0,695875.0
A,골목상권,3110903,방배아이파크아파트,11650590,방배본동,11650590,방배본동,서초구,0.9892838066704713,0.07784431137724551,0.04790419161676647,0.0718562874251497,0.04790419161676647,0.0658682634730539,excluded_below_25pct,400,862,165.0,310.0,239.0,88.0,34.0,26.0,24597739415.0,515305.0,6154985856.0,2727421587.0,11640115419.0,3606356627.0,103143938.0,365715988.0,16370.0,43444.0,222701.0,177539.0,111.0,55140.0
R,전통시장,3130307,도곡시장,11680650,역삼2동,11680650,역삼2동,강남구,0.9999999999999999,0.05688622754491018,0.04790419161676647,0.05089820359281437,0.04790419161676647,0.051896207584830344,excluded_below_25pct,400,239,20.0,110.0,48.0,20.0,36.0,5.0,11601654644.0,184053.0,0.0,6305064935.0,2021143590.0,0.0,3275446119.0,0.0,0.0,67987.0,98813.0,0.0,17253.0,0.0
A,골목상권,3110387,쌍문초등학교,11320660,쌍문1동,11320660,쌍문1동,도봉구,1.0000000000000009,0.1467065868263473,0.04790419161676647,0.1377245508982036,0.04790419161676647,0.11077844311377245,excluded_below_25pct,400,632,55.0,250.0,158.0,119.0,36.0,14.0,11295545900.0,800000.0,1547972690.0,455719304.0,7373284096.0,1622194199.0,227972926.0,68402685.0,8825.0,13837.0,663012.0,93373.0,13871.0,7082.0
A,골목상권,3110979,청담초등학교,11680565,청담동,11680565,청담동,강남구,1.0,0.04790419161676647,0.08083832335329341,0.12574850299401197,0.04790419161676647,0.08483033932135729,excluded_below_25pct,400,220,0.0,86.0,82.0,31.0,9.0,12.0,8264131761.0,15242.0,0.0,2425347027.0,5838784734.0,0.0,0.0,0.0,0.0,12094.0,3148.0,0.0,0.0,0.0
D,발달상권,3120148,국회의사당역(국회의사당),11560540,여의동,11560540,여의동,영등포구,1.0,0.0718562874251497,0.04491017964071856,0.05688622754491018,0.04491017964071856,0.05788423153692615,excluded_below_25pct,400,4903,174.0,1627.0,939.0,1592.0,230.0,341.0,310359992621.0,12096506.0,1722137184.0,29765205849.0,26380765194.0,177208842790.0,50074791578.0,25208250026.0,29104.0,884618.0,2879242.0,4574552.0,970427.0,2758563.0
D,발달상권,3120165,서래마을카페거리(서래마을),11650581,반포4동,11650581,반포4동,서초구,0.9960777581256091,0.11077844311377245,0.04491017964071856,0.08682634730538923,0.04491017964071856,0.08083832335329343,excluded_below_25pct,400,1873,190.0,587.0,328.0,392.0,315.0,61.0,135264373744.0,3166164.0,13107221947.0,29654186193.0,11674123468.0,51456719780.0,26804534298.0,2567588058.0,80471.0,469604.0,542018.0,1144731.0,705792.0,223548.0
R,전통시장,3130255,영등포전통시장,11560535,영등포동,11560535,영등포동,영등포구,1.0000000000000002,0.059880239520958084,0.04491017964071856,0.05089820359281437,0.04491017964071856,0.051896207584830344,excluded_below_25pct,400,681,8.0,77.0,349.0,206.0,40.0,1.0,70744647317.0,2238029.0,0.0,543223495.0,52816165293.0,17385258529.0,0.0,0.0,0.0,2776.0,1417801.0,817452.0,0.0,0.0
A,골목상권,3110792,영등포역 2번,11560585,도림동,11560515,영등포본동,영등포구,0.5807875294961973,0.06287425149700598,0.04491017964071856,0.05389221556886228,0.04491017964071856,0.05389221556886228,excluded_below_25pct,400,846,32.0,366.0,179.0,181.0,81.0,7.0,18806809826.0,1097634.0,0.0,5114585850.0,6525104140.0,5363662938.0,1229621378.0,573835520.0,0.0,262640.0,414675.0,263231.0,30331.0,126757.0
R,전통시장,3130253,영신상가(제일상가),11560535,영등포동,11560535,영등포동,영등포구,1.0,0.059880239520958084,0.04491017964071856,0.05089820359281437,0.04491017964071856,0.051896207584830344,excluded_below_25pct,400,326,3.0,92.0,187.0,30.0,14.0,0.0,5375406685.0,75565.0,0.0,2766327704.0,1633325603.0,975753378.0,0.0,0.0,0.0,25589.0,18634.0,31342.0,0.0,0.0
R,전통시장,3130250,삼구시장(로타리상가),11560535,영등포동,11560535,영등포동,영등포구,0.9999999999999999,0.059880239520958084,0.04491017964071856,0.05089820359281437,0.04491017964071856,0.051896207584830344,excluded_below_25pct,400,268,4.0,48.0,137.0,47.0,20.0,12.0,1688496187.0,46115.0,0.0,0.0,241778835.0,1421604339.0,0.0,25113013.0,0.0,0.0,7528.0,37523.0,0.0,1064.0
A,골목상권,3110777,구로세무서,11560605,문래동,11560605,문래동,영등포구,0.8953510857844786,0.06287425149700598,0.04491017964071856,0.05389221556886228,0.04491017964071856,0.05389221556886228,excluded_below_25pct,400,145,0.0,89.0,28.0,28.0,0.0,0.0,336712173.0,18760.0,0.0,18875245.0,0.0,317836928.0,0.0,0.0,0.0,20.0,0.0,18740.0,0.0,0.0
A,골목상권,3110799,영등포본동주민센터,11560515,영등포본동,11560515,영등포본동,영등포구,0.9999999999999999,0.06287425149700598,0.04491017964071856,0.05389221556886228,0.04491017964071856,0.05389221556886228,excluded_below_25pct,400,80,0.0,36.0,11.0,17.0,12.0,4.0,231968770.0,7405.0,0.0,0.0,0.0,231968770.0,0.0,0.0,0.0,0.0,0.0,7405.0,0.0,0.0
R,전통시장,3130254,남서울상가,11560535,영등포동,11560535,영등포동,영등포구,0.9999999999999998,0.059880239520958084,0.04491017964071856,0.05089820359281437,0.04491017964071856,0.051896207584830344,excluded_below_25pct,400,76,8.0,4.0,48.0,16.0,0.0,0.0,40431014.0,1130.0,0.0,0.0,40431014.0,0.0,0.0,0.0,0.0,0.0,1130.0,0.0,0.0,0.0
D,발달상권,3120179,양재역,11680655,도곡1동,11650651,양재1동,서초구,0.4146064394378837,0.10479041916167664,0.041916167664670656,0.0658682634730539,0.041916167664670656,0.07085828343313373,excluded_below_25pct,400,5854,291.0,2905.0,950.0,1036.0,488.0,184.0,315497098182.0,9916701.0,23124639144.0,109630108841.0,19050889181.0,132723322153.0,16992587548.0,13975551315.0,212499.0,2578378.0,1644966.0,3781773.0,267442.0,1431643.0
D,발달상권,3120162,방배동카페골목,11650590,방배본동,11650590,방배본동,서초구,0.9818595704151807,0.10479041916167664,0.041916167664670656,0.08383233532934131,0.041916167664670656,0.07684630738522953,excluded_below_25pct,400,1396,137.0,375.0,244.0,358.0,223.0,59.0,60857411606.0,3104865.0,844288053.0,3772816183.0,10911040563.0,23975905957.0,7767406758.0,13585954092.0,20626.0,44221.0,713186.0,731025.0,124228.0,1471579.0
A,골목상권,3110939,양재역 8번(양재동우체국),11650651,양재1동,11650651,양재1동,서초구,1.0000000000000002,0.10479041916167664,0.041916167664670656,0.0658682634730539,0.041916167664670656,0.07085828343313373,excluded_below_25pct,400,2348,128.0,967.0,527.0,435.0,197.0,94.0,52219355193.0,1883637.0,2021249896.0,2635167089.0,7320439265.0,30913000454.0,6807436336.0,2522062153.0,36779.0,89168.0,598549.0,734419.0,133807.0,290915.0
A,골목상권,3110545,마포구청역 1번,11440730,성산2동,11440730,성산2동,마포구,1.0,0.059880239520958084,0.041916167664670656,0.05389221556886228,0.041916167664670656,0.051896207584830344,excluded_below_25pct,400,1112,59.0,548.0,201.0,165.0,119.0,20.0,23058614275.0,1806005.0,0.0,1504273275.0,8246950747.0,10819944960.0,732099567.0,1755345726.0,0.0,22518.0,880603.0,514713.0,6218.0,381953.0
A,골목상권,3110542,마포구청역 7번,11440700,망원2동,11440700,망원2동,마포구,0.9867867985773109,0.059880239520958084,0.041916167664670656,0.05389221556886228,0.041916167664670656,0.051896207584830344,excluded_below_25pct,400,1185,83.0,595.0,191.0,195.0,61.0,60.0,15961840063.0,1032473.0,200536298.0,4482368983.0,2043687212.0,5546114859.0,2725395516.0,963737195.0,1238.0,219582.0,289459.0,353512.0,30600.0,138082.0
A,골목상권,3110548,마포구청역 4번,11440720,성산1동,11440720,성산1동,마포구,0.9857819847080576,0.059880239520958084,0.041916167664670656,0.05389221556886228,0.041916167664670656,0.051896207584830344,excluded_below_25pct,400,695,57.0,298.0,145.0,118.0,49.0,28.0,9048457108.0,276313.0,0.0,1018752309.0,328602874.0,7128285129.0,137047939.0,435768857.0,0.0,38225.0,3370.0,160303.0,3221.0,71194.0
A,골목상권,3110552,성미산체육관,11440720,성산1동,11440720,성산1동,마포구,0.9841340979598483,0.059880239520958084,0.041916167664670656,0.05389221556886228,0.041916167664670656,0.051896207584830344,excluded_below_25pct,400,492,44.0,214.0,98.0,109.0,0.0,27.0,7750563159.0,485088.0,80849817.0,2047153110.0,1309067441.0,4112771120.0,0.0,200721671.0,10138.0,90490.0,208236.0,153403.0,0.0,22821.0
R,전통시장,3130301,양재시장,11650651,양재1동,11650651,양재1동,서초구,0.9999999999999993,0.10479041916167664,0.041916167664670656,0.0658682634730539,0.041916167664670656,0.07085828343313373,excluded_below_25pct,400,215,4.0,44.0,52.0,79.0,28.0,8.0,5823187043.0,124125.0,0.0,0.0,0.0,4935746807.0,887440236.0,0.0,0.0,0.0,0.0,107293.0,16832.0,0.0
A,골목상권,3110549,새터산,11440730,성산2동,11440730,성산2동,마포구,0.9999999999999999,0.059880239520958084,0.041916167664670656,0.05389221556886228,0.041916167664670656,0.051896207584830344,excluded_below_25pct,400,483,113.0,196.0,79.0,62.0,12.0,21.0,5353492563.0,179700.0,2463513269.0,410716375.0,608996319.0,1835869496.0,0.0,34397104.0,8183.0,17019.0,90720.0,57711.0,0.0,6067.0
A,골목상권,3110908,구반포역,11650550,반포본동,11650550,반포본동,서초구,0.9999999999999997,0.10479041916167664,0.041916167664670656,0.08383233532934131,0.041916167664670656,0.07684630738522953,excluded_below_25pct,400,993,125.0,319.0,412.0,83.0,16.0,38.0,3711553067.0,70125.0,0.0,289974699.0,2740052021.0,436967459.0,0.0,244558888.0,0.0,1693.0,23945.0,18909.0,0.0,25578.0
R,전통시장,3130184,마포농수산물시장,11440730,성산2동,11440730,성산2동,마포구,0.9960312084839692,0.059880239520958084,0.041916167664670656,0.05389221556886228,0.041916167664670656,0.051896207584830344,excluded_below_25pct,400,600,0.0,8.0,478.0,101.0,0.0,13.0,747961682.0,63649.0,0.0,0.0,0.0,0.0,0.0,747961682.0,0.0,0.0,0.0,0.0,0.0,63649.0
A,골목상권,3110932,서울시인재개발원,11650510,서초1동,11650510,서초1동,서초구,0.987966654501458,0.11377245508982035,0.041916167664670656,0.0748502994011976,0.041916167664670656,0.07684630738522953,excluded_below_25pct,400,179,4.0,81.0,54.0,23.0,9.0,8.0,653440254.0,28250.0,0.0,0.0,0.0,653440254.0,0.0,0.0,0.0,0.0,0.0,28250.0,0.0,0.0
A,골목상권,3110476,역촌역 2번,11380570,대조동,11380570,대조동,은평구,0.9999999999999998,0.08682634730538923,0.041916167664670656,0.06287425149700598,0.041916167664670656,0.06387225548902196,excluded_below_25pct,400,196,3.0,99.0,26.0,56.0,4.0,8.0,392532465.0,9210.0,0.0,56146027.0,0.0,336386438.0,0.0,0.0,0.0,1634.0,0.0,7576.0,0.0,0.0
A,골목상권,3110960,은광여고,11680655,도곡1동,11680655,도곡1동,강남구,1.0000000000000002,0.10479041916167664,0.041916167664670656,0.0658682634730539,0.041916167664670656,0.07085828343313373,excluded_below_25pct,400,119,8.0,46.0,18.0,24.0,11.0,12.0,204653316.0,397.0,0.0,0.0,0.0,0.0,204653316.0,0.0,0.0,0.0,0.0,0.0,397.0,0.0
R,전통시장,3130246,영등포청과시장(조광시장),11560550,당산1동,11560550,당산1동,영등포구,0.6806617058168225,0.059880239520958084,0.038922155688622756,0.05089820359281437,0.038922155688622756,0.04990019960079841,excluded_below_25pct,400,1348,36.0,228.0,764.0,238.0,59.0,23.0,514320810346.0,6249161.0,0.0,55338900.0,479466170090.0,34451255779.0,33553249.0,314492328.0,0.0,775.0,5918987.0,268227.0,990.0,60182.0
A,골목상권,3110788,영등포시장역 3번,11560535,영등포동,11560535,영등포동,영등포구,1.0000000000000004,0.059880239520958084,0.038922155688622756,0.04790419161676647,0.038922155688622756,0.04890219560878243,excluded_below_25pct,400,219,12.0,64.0,46.0,71.0,26.0,0.0,77760683174.0,3152986.0,0.0,0.0,0.0,77760683174.0,0.0,0.0,0.0,0.0,0.0,3152986.0,0.0,0.0
A,골목상권,3110840,중앙대학교,11590605,흑석동,11590605,흑석동,동작구,1.0000000000000009,0.05688622754491018,0.038922155688622756,0.05089820359281437,0.038922155688622756,0.04890219560878243,excluded_below_25pct,400,662,19.0,177.0,43.0,234.0,137.0,52.0,42877312692.0,2815196.0,0.0,11350900311.0,10026757196.0,16681917050.0,2649089752.0,2168648383.0,0.0,372923.0,983469.0,898373.0,108229.0,452202.0
D,발달상권,3120144,영중로,11560535,영등포동,11560535,영등포동,영등포구,0.9897487514221948,0.059880239520958084,0.038922155688622756,0.04790419161676647,0.038922155688622756,0.04890219560878243,excluded_below_25pct,400,960,47.0,431.0,227.0,152.0,79.0,24.0,38157630768.0,1595913.0,151743585.0,13973160207.0,12219529452.0,10188140475.0,1248770934.0,376286115.0,394.0,303850.0,891648.0,333450.0,3156.0,63415.0
A,골목상권,3110473,구산역 1번,11380570,대조동,11380570,대조동,은평구,0.9973414683200906,0.0748502994011976,0.038922155688622756,0.05389221556886228,0.038922155688622756,0.05588822355289421,excluded_below_25pct,400,1173,162.0,471.0,197.0,256.0,54.0,33.0,24507924475.0,729757.0,5503678137.0,8579682689.0,4160657573.0,3665436284.0,2435771871.0,162697921.0,22758.0,116936.0,381767.0,147011.0,47456.0,13829.0
A,골목상권,3111090,강일동주민센터,11740515,강일동,11740515,강일동,강동구,1.0000000000000002,0.041916167664670656,0.038922155688622756,0.038922155688622756,0.038922155688622756,0.03992015968063872,excluded_below_25pct,400,643,118.0,243.0,94.0,91.0,86.0,11.0,24215650514.0,969113.0,6708366718.0,9769216431.0,91451747.0,5723293320.0,989575379.0,933746919.0,21651.0,398498.0,922.0,354211.0,2925.0,190906.0
A,골목상권,3110842,흑리단길,11590605,흑석동,11590605,흑석동,동작구,0.9999999999999998,0.05688622754491018,0.038922155688622756,0.05089820359281437,0.038922155688622756,0.04890219560878243,excluded_below_25pct,400,589,52.0,196.0,91.0,142.0,78.0,30.0,19183521334.0,781882.0,3258635738.0,894188189.0,3400370652.0,9363464406.0,1093673058.0,1173189291.0,12067.0,10043.0,254254.0,310615.0,9015.0,185888.0
A,골목상권,3110783,영등포시장역 1번,11560535,영등포동,11560535,영등포동,영등포구,0.9642085459377652,0.059880239520958084,0.038922155688622756,0.04790419161676647,0.038922155688622756,0.04890219560878243,excluded_below_25pct,400,438,12.0,138.0,68.0,159.0,38.0,23.0,6568287749.0,269825.0,0.0,193687598.0,945417275.0,4382390135.0,992771596.0,54021145.0,0.0,3642.0,115731.0,130426.0,15555.0,4471.0
A,골목상권,3110782,영등포시장역 4번,11560535,영등포동,11560535,영등포동,영등포구,1.0000000000000002,0.059880239520958084,0.038922155688622756,0.04790419161676647,0.038922155688622756,0.04890219560878243,excluded_below_25pct,400,302,16.0,109.0,31.0,111.0,24.0,11.0,5399673778.0,79713.0,315407567.0,12913852.0,0.0,4727358196.0,343237682.0,756481.0,877.0,3196.0,0.0,74191.0,1312.0,137.0
R,전통시장,3130249,동남상가,11560535,영등포동,11560535,영등포동,영등포구,1.0,0.059880239520958084,0.038922155688622756,0.04790419161676647,0.038922155688622756,0.04890219560878243,excluded_below_25pct,400,204,4.0,28.0,117.0,39.0,16.0,0.0,4013691105.0,62984.0,0.0,0.0,3236189551.0,777501554.0,0.0,0.0,0.0,0.0,42917.0,20067.0,0.0,0.0
R,전통시장,3130270,흑석시장,11590605,흑석동,11590605,흑석동,동작구,0.9999999999999999,0.05688622754491018,0.038922155688622756,0.05089820359281437,0.038922155688622756,0.04890219560878243,excluded_below_25pct,400,139,0.0,20.0,44.0,71.0,4.0,0.0,3335456557.0,139507.0,0.0,0.0,1474453990.0,1861002567.0,0.0,0.0,0.0,0.0,51432.0,88075.0,0.0,0.0
A,골목상권,3110796,한림대학교한강성심병원,11560535,영등포동,11560535,영등포동,영등포구,1.0000000000000007,0.059880239520958084,0.038922155688622756,0.04790419161676647,0.038922155688622756,0.04890219560878243,excluded_below_25pct,400,128,0.0,80.0,20.0,20.0,8.0,0.0,795147047.0,1548.0,0.0,0.0,0.0,795147047.0,0.0,0.0,0.0,0.0,0.0,1548.0,0.0,0.0
A,골목상권,3110841,중대부중,11590605,흑석동,11590605,흑석동,동작구,1.0000000000000007,0.05688622754491018,0.038922155688622756,0.05089820359281437,0.038922155688622756,0.04890219560878243,excluded_below_25pct,400,80,8.0,44.0,24.0,4.0,0.0,0.0,0.0,0.0,0.0,0.0,0.0,0.0,0.0,0.0,0.0,0.0,0.0,0.0,0.0,0.0
A,골목상권,3110912,방배동사이길,11650590,방배본동,11650590,방배본동,서초구,0.9999999999999996,0.059880239520958084,0.03592814371257485,0.041916167664670656,0.03592814371257485,0.04590818363273453,excluded_below_25pct,400,538,97.0,186.0,117.0,62.0,56.0,20.0,31059332117.0,938342.0,8777814953.0,15317377226.0,1616820193.0,2536609622.0,1454540064.0,1356170059.0,22424.0,545913.0,7889.0,94897.0,2920.0,264299.0
D,발달상권,3120089,구파발역,11380690,진관동,11380690,진관동,은평구,1.0000000000000002,0.0688622754491018,0.03592814371257485,0.04491017964071856,0.03592814371257485,0.049900199600798396,excluded_below_25pct,400,2019,254.0,508.0,775.0,295.0,141.0,46.0,23108431774.0,781270.0,11332535922.0,373370309.0,1241499572.0,8550700889.0,65421727.0,1544903355.0,37470.0,10300.0,223527.0,332024.0,168.0,177781.0
A,골목상권,3110915,서래초등학교,11650590,방배본동,11650590,방배본동,서초구,0.9821253044620272,0.059880239520958084,0.03592814371257485,0.041916167664670656,0.03592814371257485,0.04590818363273453,excluded_below_25pct,400,229,72.0,52.0,41.0,30.0,22.0,12.0,3856584853.0,90430.0,2988000000.0,0.0,24941871.0,0.0,0.0,843642982.0,14419.0,0.0,327.0,0.0,0.0,75684.0
A,골목상권,3110485,연신내우체국,11380530,불광2동,11380530,불광2동,은평구,0.6896534160522751,0.0718562874251497,0.03592814371257485,0.04491017964071856,0.03592814371257485,0.05089820359281436,excluded_below_25pct,400,507,48.0,201.0,91.0,96.0,54.0,17.0,2802556368.0,143582.0,9354262.0,372859655.0,0.0,1770587980.0,393064631.0,256689840.0,56.0,14970.0,0.0,55862.0,10509.0,62185.0
A,골목상권,3111043,마천공원,11710550,마천2동,11710550,마천2동,송파구,0.9037942963038718,0.041916167664670656,0.038922155688622756,0.03592814371257485,0.03592814371257485,0.038922155688622756,excluded_below_25pct,400,150,12.0,57.0,70.0,4.0,7.0,0.0,1981712357.0,185265.0,0.0,121471248.0,1860241109.0,0.0,0.0,0.0,0.0,4050.0,181215.0,0.0,0.0,0.0
A,골목상권,3110997,대청초등학교,11680730,일원1동,11680730,일원1동,강남구,0.9954613211748901,0.05389221556886228,0.03293413173652695,0.038922155688622756,0.03293413173652695,0.041916167664670656,excluded_below_25pct,400,2300,184.0,907.0,403.0,439.0,276.0,91.0,120048827146.0,4369104.0,3015186813.0,55951148332.0,11857066004.0,35489992369.0,11258005895.0,2477427733.0,33673.0,1337144.0,933009.0,1221090.0,507313.0,336875.0
A,골목상권,3110460,구산역 4번,11380552,갈현2동,11380552,갈현2동,은평구,0.9996776775543428,0.05688622754491018,0.03293413173652695,0.041916167664670656,0.03293413173652695,0.04391217564870259,excluded_below_25pct,400,1294,161.0,516.0,229.0,244.0,101.0,43.0,48286649144.0,2307550.0,9845263060.0,16869253365.0,7627114925.0,10719727892.0,3102882098.0,122407804.0,28595.0,709618.0,734556.0,564758.0,247405.0,22618.0
A,골목상권,3110458,선일여고,11380552,갈현2동,11380552,갈현2동,은평구,0.7278859511870011,0.05389221556886228,0.03293413173652695,0.038922155688622756,0.03293413173652695,0.041916167664670656,excluded_below_25pct,400,801,184.0,307.0,153.0,106.0,23.0,28.0,10186303270.0,681645.0,2293209645.0,2860759895.0,3143877552.0,1311631274.0,17607225.0,559217679.0,33624.0,191752.0,215465.0,115236.0,80.0,125488.0
A,골목상권,3110926,신중초등학교,11650530,서초3동,11650530,서초3동,서초구,1.0,0.09580838323353294,0.03293413173652695,0.06287425149700598,0.03293413173652695,0.06387225548902196,excluded_below_25pct,400,541,49.0,260.0,120.0,72.0,12.0,28.0,3057486161.0,395566.0,179903563.0,174900901.0,1963581532.0,618874628.0,0.0,120225537.0,206.0,3184.0,348520.0,26600.0,0.0,17056.0
D,발달상권,3120128,신도림역,11530560,구로5동,11530510,신도림동,구로구,0.6826012480471765,0.03293413173652695,0.029940119760479042,0.029940119760479042,0.029940119760479042,0.03093812375249501,excluded_below_25pct,400,5911,128.0,2181.0,2532.0,778.0,162.0,130.0,130999155167.0,3907401.0,1124471400.0,51716640367.0,36157272102.0,29471162606.0,7933388828.0,4596219864.0,40747.0,785891.0,784671.0,1462832.0,239015.0,594245.0
A,골목상권,3110718,한국SGI본부,11530560,구로5동,11530560,구로5동,구로구,0.9999999999999999,0.03293413173652695,0.029940119760479042,0.029940119760479042,0.029940119760479042,0.03093812375249501,excluded_below_25pct,400,1049,45.0,218.0,84.0,420.0,234.0,48.0,52409254809.0,1402245.0,456812550.0,811586962.0,3206052349.0,30373031453.0,16710343135.0,851428360.0,1480.0,56830.0,439812.0,507575.0,315214.0,81334.0
A,골목상권,3110902,사당역 4번,11620630,남현동,11620630,남현동,관악구,0.9821126242314747,0.0748502994011976,0.029940119760479042,0.059880239520958084,0.029940119760479042,0.054890219560878244,excluded_below_25pct,400,1459,163.0,625.0,241.0,269.0,104.0,57.0,49704846663.0,2551087.0,1245128200.0,26806595610.0,6825781912.0,11174154635.0,1623765022.0,2029421284.0,5511.0,946760.0,694170.0,382219.0,51142.0,471285.0
A,골목상권,3110837,숭실대입구역 1번,11590530,상도1동,11590530,상도1동,동작구,0.9621386630608232,0.038922155688622756,0.029940119760479042,0.03592814371257485,0.029940119760479042,0.03493013972055888,excluded_below_25pct,400,989,135.0,420.0,111.0,148.0,132.0,43.0,41881545906.0,1907508.0,5149112386.0,18240835703.0,5403961690.0,9530571705.0,2588122113.0,968942309.0,27838.0,612459.0,675263.0,388651.0,20494.0,182803.0
R,전통시장,3130268,상도전통시장,11590530,상도1동,11590530,상도1동,동작구,0.9999999999999999,0.038922155688622756,0.029940119760479042,0.03592814371257485,0.029940119760479042,0.03493013972055888,excluded_below_25pct,400,734,102.0,265.0,107.0,178.0,58.0,24.0,22376761646.0,893874.0,2828295750.0,8979389377.0,1908686500.0,7663010370.0,354773918.0,642605731.0,9249.0,498766.0,94857.0,266128.0,5097.0,19777.0
A,골목상권,3110467,은평요양병원,11380551,갈현1동,11380551,갈현1동,은평구,0.7316130986456029,0.04491017964071856,0.029940119760479042,0.038922155688622756,0.029940119760479042,0.03792415169660679,excluded_below_25pct,400,612,32.0,219.0,104.0,172.0,64.0,21.0,19943162121.0,829135.0,57507813.0,5256857679.0,6000548401.0,8188365637.0,369414864.0,70467727.0,212.0,316474.0,296379.0,204325.0,3914.0,7831.0
A,골목상권,3110839,숭실대입구역 4번,11590530,상도1동,11590530,상도1동,동작구,0.9957147595412611,0.038922155688622756,0.029940119760479042,0.03592814371257485,0.029940119760479042,0.03493013972055888,excluded_below_25pct,400,674,41.0,175.0,77.0,241.0,125.0,15.0,18153679895.0,1624465.0,0.0,1081051908.0,1434769293.0,9924750063.0,2029892699.0,3683215932.0,0.0,28883.0,231288.0,530806.0,78060.0,755428.0
A,골목상권,3110785,영등포푸르지오아파트,11560585,도림동,11560585,도림동,영등포구,0.948769812148028,0.03592814371257485,0.029940119760479042,0.03592814371257485,0.029940119760479042,0.033932135728542916,excluded_below_25pct,400,660,77.0,250.0,142.0,122.0,43.0,26.0,14841706189.0,386126.0,1720189284.0,7334473293.0,3745310497.0,1888926458.0,134806657.0,18000000.0,7870.0,66779.0,196995.0,110728.0,1146.0,2608.0
A,골목상권,3110519,서대문구보건소별관,11410620,홍제1동,11410620,홍제1동,서대문구,0.9183631715488502,0.03293413173652695,0.029940119760479042,0.038922155688622756,0.029940119760479042,0.033932135728542916,excluded_below_25pct,400,367,47.0,131.0,93.0,66.0,8.0,22.0,6626469291.0,455563.0,1000292352.0,1142355203.0,2815948637.0,1647769788.0,0.0,20103311.0,2676.0,11219.0,389757.0,49443.0,0.0,2468.0
A,골목상권,3110454,선정중학교,11380552,갈현2동,11380552,갈현2동,은평구,1.0000000000000004,0.05089820359281437,0.029940119760479042,0.038922155688622756,0.029940119760479042,0.03992015968063872,excluded_below_25pct,400,456,39.0,201.0,131.0,65.0,8.0,12.0,5977978038.0,497168.0,28903101.0,370976837.0,5462127119.0,89771990.0,0.0,26198991.0,110.0,10804.0,477030.0,5409.0,0.0,3815.0
A,골목상권,3110765,문래동사거리,11560605,문래동,11560605,문래동,영등포구,0.9892049979330797,0.03293413173652695,0.029940119760479042,0.029940119760479042,0.029940119760479042,0.03093812375249501,excluded_below_25pct,400,221,28.0,35.0,76.0,56.0,8.0,18.0,4512282031.0,121376.0,503674043.0,0.0,0.0,3761478867.0,0.0,247129121.0,1660.0,0.0,0.0,94276.0,0.0,25440.0
A,골목상권,3110462,갈현건영아파트,11380551,갈현1동,11380551,갈현1동,은평구,1.0000000000000002,0.04491017964071856,0.029940119760479042,0.038922155688622756,0.029940119760479042,0.03792415169660679,excluded_below_25pct,400,385,16.0,237.0,56.0,52.0,12.0,12.0,3274134179.0,360372.0,0.0,165958636.0,2976429483.0,94499923.0,0.0,37246137.0,0.0,5254.0,344134.0,4142.0,0.0,6842.0
A,골목상권,3110838,상도1동주민센터앞,11590530,상도1동,11590530,상도1동,동작구,1.0000000000000004,0.038922155688622756,0.029940119760479042,0.03592814371257485,0.029940119760479042,0.03493013972055888,excluded_below_25pct,400,189,38.0,95.0,16.0,24.0,4.0,12.0,1736093466.0,96464.0,282904109.0,594879147.0,0.0,570591867.0,0.0,287718343.0,1727.0,24549.0,0.0,42323.0,0.0,27865.0
A,골목상권,3110768,도림2동유수지내체육시설,11560585,도림동,11560585,도림동,영등포구,1.0,0.03293413173652695,0.029940119760479042,0.029940119760479042,0.029940119760479042,0.03093812375249501,excluded_below_25pct,400,260,20.0,118.0,65.0,33.0,24.0,0.0,1070488563.0,57424.0,0.0,120170963.0,0.0,758146087.0,192171513.0,0.0,0.0,4038.0,0.0,49755.0,3631.0,0.0
R,전통시장,3130269,강남시장(동작구 강남시장),11590530,상도1동,11590530,상도1동,동작구,1.0000000000000002,0.038922155688622756,0.029940119760479042,0.03592814371257485,0.029940119760479042,0.03493013972055888,excluded_below_25pct,400,68,0.0,33.0,0.0,28.0,7.0,0.0,1040412379.0,22715.0,0.0,0.0,0.0,1040412379.0,0.0,0.0,0.0,0.0,0.0,22715.0,0.0,0.0
D,발달상권,3120155,총신대학교,11590651,사당5동,11590651,사당5동,동작구,0.9999999999999999,0.041916167664670656,0.029940119760479042,0.038922155688622756,0.029940119760479042,0.036926147704590816,excluded_below_25pct,400,218,47.0,91.0,32.0,24.0,0.0,24.0,511600246.0,3832.0,466789837.0,38950930.0,0.0,0.0,0.0,5859479.0,2089.0,723.0,0.0,0.0,0.0,1020.0
A,골목상권,3110491,불광중학교,11380530,불광2동,11380530,불광2동,은평구,0.8982618952620732,0.0718562874251497,0.029940119760479042,0.041916167664670656,0.029940119760479042,0.04790419161676646,excluded_below_25pct,400,162,4.0,29.0,39.0,62.0,16.0,12.0,326294445.0,9060.0,0.0,0.0,0.0,326294445.0,0.0,0.0,0.0,0.0,0.0,9060.0,0.0,0.0
A,골목상권,3110767,도림동주민센터,11560585,도림동,11560585,도림동,영등포구,0.8875886944313192,0.03293413173652695,0.029940119760479042,0.029940119760479042,0.029940119760479042,0.03093812375249501,excluded_below_25pct,400,83,8.0,41.0,11.0,7.0,12.0,4.0,241266544.0,841.0,0.0,0.0,0.0,0.0,241266544.0,0.0,0.0,0.0,0.0,0.0,841.0,0.0
A,골목상권,3110761,문래동남성맨션,11560605,문래동,11560605,문래동,영등포구,0.9144467519896899,0.03293413173652695,0.029940119760479042,0.029940119760479042,0.029940119760479042,0.03093812375249501,excluded_below_25pct,400,92,16.0,18.0,20.0,8.0,21.0,9.0,0.0,0.0,0.0,0.0,0.0,0.0,0.0,0.0,0.0,0.0,0.0,0.0,0.0,0.0
D,발달상권,3120219,은마아파트,11680630,대치4동,11680610,대치2동,강남구,0.44317094714294875,0.03592814371257485,0.02694610778443114,0.04790419161676647,0.02694610778443114,0.036926147704590816,excluded_below_25pct,400,2970,1690.0,507.0,260.0,296.0,144.0,73.0,510320485655.0,12772647.0,375387527400.0,41968556737.0,28834912695.0,40156363914.0,14938037193.0,9035087716.0,1389798.0,1001154.0,4788362.0,2671742.0,841594.0,2079997.0
A,골목상권,3110390,방학초등학교,11320700,방학2동,11320700,방학2동,도봉구,0.6253009823410777,0.029940119760479042,0.02694610778443114,0.04790419161676647,0.02694610778443114,0.03493013972055888,excluded_below_25pct,400,682,97.0,227.0,146.0,119.0,77.0,16.0,22761833058.0,1115398.0,3095034922.0,1801190979.0,9947623330.0,7415826968.0,380136814.0,122020045.0,15604.0,80904.0,583736.0,406504.0,8278.0,20372.0
A,골목상권,3110344,화계중학교,11305615,수유1동,11305615,수유1동,강북구,0.9924612803049727,0.08682634730538923,0.02694610778443114,0.04790419161676647,0.02694610778443114,0.05389221556886228,excluded_below_25pct,400,91,7.0,28.0,16.0,28.0,4.0,8.0,293086486.0,5059.0,0.0,0.0,0.0,212796550.0,0.0,80289936.0,0.0,0.0,0.0,3889.0,0.0,1170.0
A,골목상권,3110836,상도역 5번,11590530,상도1동,11590530,상도1동,동작구,0.9919122844989073,0.05688622754491018,0.023952095808383235,0.038922155688622756,0.023952095808383235,0.03992015968063872,excluded_below_25pct,400,1372,153.0,556.0,177.0,250.0,146.0,90.0,84595259172.0,3552043.0,5823871809.0,16429103148.0,45102969770.0,13851626689.0,1411997205.0,1975690551.0,21950.0,904141.0,1494654.0,665484.0,90364.0,375450.0
A,골목상권,3110996,대치2동주민센터,11680610,대치2동,11680610,대치2동,강남구,1.0,0.023952095808383235,0.02694610778443114,0.041916167664670656,0.023952095808383235,0.03093812375249501,excluded_below_25pct,400,456,188.0,100.0,80.0,64.0,12.0,12.0,27459023791.0,298299.0,20951720003.0,0.0,341278597.0,5695560844.0,0.0,470464347.0,56550.0,0.0,52184.0,138517.0,0.0,51048.0
A,골목상권,3110342,국립재활원,11305660,인수동,11305660,인수동,강북구,0.9999999999999997,0.08383233532934131,0.023952095808383235,0.04790419161676647,0.023952095808383235,0.051896207584830344,excluded_below_25pct,400,196,32.0,72.0,40.0,36.0,8.0,8.0,1386270270.0,71675.0,0.0,97468509.0,498658673.0,790143088.0,0.0,0.0,0.0,2286.0,62919.0,6470.0,0.0,0.0
D,발달상권,3120136,영등포구청역,11560550,당산1동,11560550,당산1동,영등포구,0.7633058705444727,0.05089820359281437,0.020958083832335328,0.03293413173652695,0.020958083832335328,0.03493013972055888,excluded_below_25pct,400,4327,153.0,1999.0,636.0,891.0,465.0,183.0,121885543812.0,6064079.0,660382252.0,13694980063.0,15137653876.0,66136198229.0,21008267202.0,5248062190.0,50845.0,416496.0,2023533.0,2233208.0,582702.0,757295.0
R,전통시장,3130240,영등포유통상가,11560550,당산1동,11560550,당산1동,영등포구,0.9999999999999999,0.05089820359281437,0.020958083832335328,0.03293413173652695,0.020958083832335328,0.03493013972055888,excluded_below_25pct,400,1040,29.0,376.0,523.0,80.0,15.0,17.0,21569930086.0,1492459.0,0.0,2605010661.0,11526543850.0,6621254042.0,0.0,817121533.0,0.0,10217.0,1129766.0,177386.0,0.0,175090.0
A,골목상권,3110763,영등포구청역 2번,11560550,당산1동,11560550,당산1동,영등포구,0.9999999999999998,0.05089820359281437,0.020958083832335328,0.03293413173652695,0.020958083832335328,0.03493013972055888,excluded_below_25pct,400,1147,76.0,563.0,229.0,173.0,49.0,57.0,15328034964.0,876841.0,179264832.0,6023479122.0,34932930.0,6279306121.0,712374738.0,2098677221.0,982.0,322123.0,4889.0,269306.0,31712.0,247829.0
D,발달상권,3120141,영등포청과시장교차로,11560550,당산1동,11560550,당산1동,영등포구,0.9658953348134388,0.05089820359281437,0.020958083832335328,0.03293413173652695,0.020958083832335328,0.03493013972055888,excluded_below_25pct,400,1188,38.0,499.0,298.0,192.0,88.0,73.0,14788625846.0,431775.0,0.0,952504690.0,7220261629.0,5438434838.0,433805009.0,743619680.0,0.0,40361.0,130895.0,159777.0,14902.0,85840.0
R,전통시장,3130129,장미원골목시장,11305645,우이동,11305645,우이동,강북구,0.7508513157968736,0.0718562874251497,0.020958083832335328,0.059880239520958084,0.020958083832335328,0.05089820359281436,excluded_below_25pct,400,455,12.0,151.0,182.0,87.0,21.0,2.0,13017331023.0,778332.0,0.0,154513682.0,7726666258.0,5136151083.0,0.0,0.0,0.0,3487.0,507838.0,267007.0,0.0,0.0
A,골목상권,3110393,국민은행방학지점,11320710,방학3동,11320710,방학3동,도봉구,0.842988173380502,0.029940119760479042,0.020958083832335328,0.020958083832335328,0.020958083832335328,0.02395209580838323,excluded_below_25pct,400,201,20.0,91.0,8.0,45.0,32.0,5.0,12603597173.0,824848.0,9545417.0,10939758567.0,0.0,284089744.0,1328479407.0,41724038.0,35.0,807586.0,0.0,4013.0,8454.0,4760.0
A,골목상권,3110348,강북문화예술회관,11305660,인수동,11305660,인수동,강북구,0.9857223387653062,0.0718562874251497,0.020958083832335328,0.059880239520958084,0.020958083832335328,0.05089820359281436,excluded_below_25pct,400,472,25.0,211.0,105.0,55.0,60.0,16.0,7304083593.0,457504.0,389756019.0,2911349083.0,1458482736.0,1575853910.0,739387110.0,229254735.0,1302.0,181994.0,173099.0,37025.0,14742.0,49342.0
A,골목상권,3110770,영등포구청역 6번,11560550,당산1동,11560550,당산1동,영등포구,1.0000000000000002,0.05089820359281437,0.020958083832335328,0.03293413173652695,0.020958083832335328,0.03493013972055888,excluded_below_25pct,400,691,62.0,271.0,83.0,171.0,72.0,32.0,6968408763.0,245888.0,893242528.0,638316598.0,0.0,4951879385.0,388970252.0,96000000.0,39304.0,11441.0,0.0,184231.0,4560.0,6352.0
A,골목상권,3110845,사당종합체육관,11590640,사당3동,11590640,사당3동,동작구,0.9999999999999998,0.038922155688622756,0.020958083832335328,0.03293413173652695,0.020958083832335328,0.030938123752495012,excluded_below_25pct,400,127,19.0,53.0,43.0,12.0,0.0,0.0,1062105378.0,44522.0,239358024.0,228381749.0,594365605.0,0.0,0.0,0.0,982.0,4091.0,39449.0,0.0,0.0,0.0
A,골목상권,3110923,방배역 1번,11650620,방배3동,11650620,방배3동,서초구,1.0000000000000002,0.08083832335329341,0.020958083832335328,0.05089820359281437,0.020958083832335328,0.05089820359281436,excluded_below_25pct,400,62,4.0,36.0,16.0,6.0,0.0,0.0,243186557.0,2263.0,0.0,243186557.0,0.0,0.0,0.0,0.0,0.0,2263.0,0.0,0.0,0.0,0.0
A,골목상권,3110920,방배역 2번(백석예술대학교),11650620,방배3동,11650620,방배3동,서초구,0.8717148818790785,0.08083832335329341,0.020958083832335328,0.05089820359281437,0.020958083832335328,0.05089820359281436,excluded_below_25pct,400,28,8.0,12.0,4.0,4.0,0.0,0.0,0.0,0.0,0.0,0.0,0.0,0.0,0.0,0.0,0.0,0.0,0.0,0.0,0.0,0.0
R,전통시장,3130245,영일시장,11560605,문래동,11560605,문래동,영등포구,0.9000366705012093,0.03592814371257485,0.017964071856287425,0.029940119760479042,0.017964071856287425,0.027944111776447105,excluded_below_25pct,400,584,8.0,12.0,487.0,73.0,0.0,4.0,137897142001.0,2423953.0,0.0,0.0,123272607851.0,14624534150.0,0.0,0.0,0.0,0.0,2376649.0,47304.0,0.0,0.0
A,골목상권,3110913,방현초등학교(방배119안전센터),11650620,방배3동,11650620,방배3동,서초구,0.9071324430053004,0.06287425149700598,0.017964071856287425,0.03592814371257485,0.017964071856287425,0.038922155688622756,excluded_below_25pct,400,571,54.0,230.0,187.0,51.0,21.0,28.0,57065626297.0,283470.0,879537002.0,54314914904.0,39702333.0,1742314365.0,0.0,89157693.0,2726.0,202199.0,964.0,69191.0,0.0,8390.0
D,발달상권,3120154,장승배기역,11590540,상도2동,11590540,상도2동,동작구,0.9999999999999998,0.059880239520958084,0.017964071856287425,0.03592814371257485,0.017964071856287425,0.03792415169660679,excluded_below_25pct,400,1002,67.0,433.0,209.0,161.0,100.0,32.0,49956765860.0,2333810.0,1045761706.0,24111693421.0,10136035548.0,8230520114.0,5394029918.0,1038725153.0,3770.0,1089839.0,728108.0,301351.0,48927.0,161815.0
A,골목상권,3110477,은평세무서,11380510,녹번동,11380510,녹번동,은평구,0.6406122672540987,0.03592814371257485,0.017964071856287425,0.029940119760479042,0.017964071856287425,0.027944111776447105,excluded_below_25pct,400,706,44.0,281.0,129.0,128.0,86.0,38.0,16334732987.0,302379.0,0.0,2588651735.0,967991645.0,11240491582.0,1329293160.0,208304865.0,0.0,13492.0,57726.0,193528.0,15083.0,22550.0
A,골목상권,3110346,4.19민주묘지역 2번,11305645,우이동,11305645,우이동,강북구,0.9991314500215539,0.04790419161676647,0.017964071856287425,0.03293413173652695,0.017964071856287425,0.03293413173652695,excluded_below_25pct,400,366,8.0,96.0,73.0,117.0,44.0,28.0,10469056554.0,553500.0,0.0,165296970.0,1098407967.0,7155091918.0,818320748.0,1231938951.0,0.0,5285.0,138284.0,254581.0,13283.0,142067.0
A,골목상권,3110383,덕성여대시반거리,11320660,쌍문1동,11320660,쌍문1동,도봉구,0.6686272124211533,0.04790419161676647,0.017964071856287425,0.03293413173652695,0.017964071856287425,0.03293413173652695,excluded_below_25pct,400,317,96.0,28.0,38.0,95.0,20.0,40.0,9142653009.0,975834.0,722549017.0,431627627.0,2889041820.0,4093064195.0,86387095.0,919983255.0,3303.0,11003.0,475059.0,274276.0,504.0,211689.0
D,발달상권,3120135,양평역,11560610,양평1동,11560610,양평1동,영등포구,1.0000000000000002,0.04491017964071856,0.017964071856287425,0.029940119760479042,0.017964071856287425,0.03093812375249501,excluded_below_25pct,400,713,69.0,231.0,253.0,115.0,35.0,10.0,7963148394.0,634595.0,101914631.0,0.0,1094786926.0,5845171026.0,75993711.0,845282100.0,536.0,0.0,202897.0,258670.0,2200.0,170292.0
A,골목상권,3110478,응암1동주민센터,11380580,응암1동,11380580,응암1동,은평구,0.9999999999999998,0.03592814371257485,0.017964071856287425,0.029940119760479042,0.017964071856287425,0.027944111776447105,excluded_below_25pct,400,499,49.0,194.0,101.0,91.0,36.0,28.0,6919878776.0,248405.0,0.0,123655401.0,1747549993.0,4909559489.0,139113893.0,0.0,0.0,6704.0,122424.0,118707.0,570.0,0.0
A,골목상권,3110764,문래역 3번,11560550,당산1동,11560550,당산1동,영등포구,0.9980192343931037,0.04491017964071856,0.017964071856287425,0.029940119760479042,0.017964071856287425,0.03093812375249501,excluded_below_25pct,400,183,8.0,87.0,50.0,12.0,14.0,12.0,4800378106.0,148207.0,0.0,0.0,0.0,4800378106.0,0.0,0.0,0.0,0.0,0.0,148207.0,0.0,0.0
A,골목상권,3110833,상도역 2번,11590540,상도2동,11590540,상도2동,동작구,0.9946814879498465,0.059880239520958084,0.017964071856287425,0.03592814371257485,0.017964071856287425,0.03792415169660679,excluded_below_25pct,400,576,83.0,197.0,108.0,119.0,35.0,34.0,4067838350.0,83920.0,832581852.0,1880838693.0,153006452.0,711160005.0,470869363.0,19381985.0,1476.0,38623.0,7531.0,31198.0,2816.0,2276.0
A,골목상권,3110343,무너미어린이공원,11305645,우이동,11305645,우이동,강북구,0.5336889271208632,0.04790419161676647,0.017964071856287425,0.03293413173652695,0.017964071856287425,0.03293413173652695,excluded_below_25pct,400,380,49.0,134.0,93.0,56.0,28.0,20.0,2469974364.0,90890.0,1323026067.0,134597825.0,590461074.0,239256759.0,168051858.0,14580781.0,5245.0,5688.0,61509.0,15839.0,818.0,1791.0
A,골목상권,3110516,정원여중,11410685,홍은2동,11410685,홍은2동,서대문구,0.9948096247464486,0.03293413173652695,0.017964071856287425,0.029940119760479042,0.017964071856287425,0.02694610778443114,excluded_below_25pct,400,109,9.0,26.0,30.0,20.0,24.0,0.0,388799371.0,14986.0,0.0,0.0,0.0,388799371.0,0.0,0.0,0.0,0.0,0.0,14986.0,0.0,0.0
A,골목상권,3110924,반포4동주민센터(몽마르뜨공원),11650581,반포4동,11650581,반포4동,서초구,0.9957412242975047,0.05089820359281437,0.017964071856287425,0.020958083832335328,0.017964071856287425,0.029940119760479042,excluded_below_25pct,400,357,43.0,116.0,92.0,51.0,46.0,9.0,381278762.0,4732.0,0.0,334599922.0,18624910.0,0.0,0.0,28053930.0,0.0,4253.0,45.0,0.0,0.0,434.0
R,전통시장,3130239,양남시장,11560610,양평1동,11560610,양평1동,영등포구,1.0000000000000002,0.04491017964071856,0.017964071856287425,0.029940119760479042,0.017964071856287425,0.03093812375249501,excluded_below_25pct,400,4,0.0,0.0,0.0,0.0,4.0,0.0,0.0,0.0,0.0,0.0,0.0,0.0,0.0,0.0,0.0,0.0,0.0,0.0,0.0,0.0
D,발달상권,3120138,당산2동(영등포우체국),11560560,당산2동,11560560,당산2동,영등포구,0.9339876610982906,0.04491017964071856,0.014970059880239521,0.02694610778443114,0.014970059880239521,0.028942115768463075,excluded_below_25pct,400,1249,80.0,522.0,272.0,237.0,53.0,85.0,42108375871.0,2055738.0,3999523291.0,17456776409.0,1059549884.0,15371197545.0,315929172.0,3905399570.0,9740.0,686724.0,118872.0,766770.0,1072.0,472560.0
A,골목상권,3110441,영신여고,11350619,중계본동,11350619,중계본동,노원구,1.0000000000000002,0.05089820359281437,0.014970059880239521,0.04790419161676647,0.014970059880239521,0.03792415169660678,excluded_below_25pct,400,622,120.0,182.0,101.0,117.0,70.0,32.0,11759421772.0,789166.0,3398153260.0,441732814.0,4669452694.0,2019270950.0,894333855.0,336478199.0,15472.0,13667.0,583674.0,129278.0,6033.0,41042.0
A,골목상권,3110774,당산반도유보라팰리스아파트,11560560,당산2동,11560560,당산2동,영등포구,0.9266914575122436,0.04491017964071856,0.014970059880239521,0.02694610778443114,0.014970059880239521,0.028942115768463075,excluded_below_25pct,400,602,97.0,254.0,88.0,91.0,32.0,40.0,7434289082.0,292962.0,1841917914.0,325548685.0,3180730601.0,1899259481.0,63741324.0,123091077.0,5809.0,13254.0,201875.0,57747.0,245.0,14032.0
R,전통시장,3130259,대신시장,11560630,신길1동,11560630,신길1동,영등포구,1.0000000000000004,0.029940119760479042,0.014970059880239521,0.023952095808383235,0.014970059880239521,0.022954091816367265,excluded_below_25pct,400,220,8.0,60.0,127.0,17.0,8.0,0.0,197787428.0,6944.0,0.0,197787428.0,0.0,0.0,0.0,0.0,0.0,6944.0,0.0,0.0,0.0,0.0
D,발달상권,3120220,대치역,11680600,대치1동,11680600,대치1동,강남구,0.6610649699189765,0.05089820359281437,0.011976047904191617,0.020958083832335328,0.011976047904191617,0.027944111776447105,excluded_below_25pct,400,1978,674.0,765.0,223.0,187.0,103.0,26.0,253495448571.0,6093429.0,80419637441.0,101748943134.0,22069552862.0,32575566218.0,13074363727.0,3607385189.0,243956.0,1844155.0,1665728.0,1553945.0,31510.0,754135.0
D,발달상권,3120168,서울고교교차로,11650530,서초3동,11650530,서초3동,서초구,1.0000000000000007,0.03592814371257485,0.011976047904191617,0.017964071856287425,0.011976047904191617,0.021956087824351298,excluded_below_25pct,400,559,216.0,114.0,108.0,61.0,34.0,26.0,17311770538.0,415202.0,7797654035.0,1883330160.0,4724104148.0,2422474951.0,0.0,484207244.0,35757.0,124330.0,46934.0,117206.0,0.0,90975.0
A,골목상권,3110835,상도역 1번,11590530,상도1동,11590530,상도1동,동작구,0.8232442074303786,0.04790419161676647,0.011976047904191617,0.02694610778443114,0.011976047904191617,0.028942115768463075,excluded_below_25pct,400,277,36.0,112.0,32.0,51.0,34.0,12.0,3305946819.0,129239.0,176595555.0,7428115.0,257129628.0,2307988568.0,556804953.0,0.0,566.0,20.0,40642.0,79758.0,8253.0,0.0
A,골목상권,3110759,문래예술촌(문래창작촌),11560605,문래동,11560605,문래동,영등포구,1.0000000000000002,0.020958083832335328,0.008982035928143712,0.014970059880239521,0.008982035928143712,0.014970059880239521,excluded_below_25pct,400,3123,135.0,948.0,531.0,925.0,341.0,243.0,222995345951.0,3637846.0,44577057.0,142386558386.0,12355142963.0,53040456728.0,10436554260.0,4732056557.0,539.0,277207.0,1599684.0,1140657.0,195160.0,424599.0
A,골목상권,3110762,선유도역 1번,11560620,양평2동,11560620,양평2동,영등포구,0.9999999999999997,0.020958083832335328,0.008982035928143712,0.011976047904191617,0.008982035928143712,0.013972055888223553,excluded_below_25pct,400,2518,214.0,1025.0,501.0,435.0,189.0,154.0,172888713510.0,1909301.0,2830557217.0,141428134692.0,6876105459.0,16078467429.0,1522993952.0,4152454761.0,24278.0,142838.0,573612.0,630619.0,36196.0,501758.0
A,골목상권,3111089,상일여고(상일초등학교),11740520,상일동,11740525,상일제1동,강동구,1.0000000000000007,0.017964071856287425,0.008982035928143712,0.011976047904191617,0.008982035928143712,0.012974051896207586,excluded_below_25pct,400,1711,141.0,527.0,247.0,545.0,157.0,94.0,60140501820.0,1946113.0,7334735249.0,14587891788.0,3698596438.0,25745461499.0,7818467558.0,955349288.0,44821.0,515145.0,432649.0,637366.0,209338.0,106794.0
D,발달상권,3120140,문래동주민센터,11560605,문래동,11560605,문래동,영등포구,1.0000000000000004,0.020958083832335328,0.008982035928143712,0.014970059880239521,0.008982035928143712,0.014970059880239521,excluded_below_25pct,400,1328,87.0,508.0,386.0,233.0,36.0,78.0,39999620601.0,3015070.0,2977700883.0,9500857150.0,3455875662.0,18310983922.0,654483871.0,5099719113.0,118781.0,741192.0,175580.0,1151322.0,16824.0,811371.0
D,발달상권,3120137,문래역(문래로데오거리),11560605,문래동,11560605,문래동,영등포구,0.9999999999999998,0.020958083832335328,0.008982035928143712,0.014970059880239521,0.008982035928143712,0.014970059880239521,excluded_below_25pct,400,553,8.0,113.0,251.0,125.0,44.0,12.0,39628626858.0,1252303.0,0.0,11189421064.0,0.0,17443167477.0,8643263545.0,2352774772.0,0.0,514098.0,0.0,321734.0,153420.0,263051.0
D,발달상권,3120099,월드컵경기장역(월드컵경기장),11440730,성산2동,11440730,성산2동,마포구,0.9985403498787245,0.04790419161676647,0.008982035928143712,0.02694610778443114,0.008982035928143712,0.02794411177644711,excluded_below_25pct,400,487,0.0,40.0,357.0,77.0,0.0,13.0,38064150016.0,1484148.0,0.0,0.0,26810830267.0,9335615946.0,0.0,1917703803.0,0.0,0.0,659472.0,633617.0,0.0,191059.0
R,전통시장,3130241,선유도역 골목형상점가,11560620,양평2동,11560620,양평2동,영등포구,0.9999999999999996,0.020958083832335328,0.008982035928143712,0.011976047904191617,0.008982035928143712,0.013972055888223553,excluded_below_25pct,400,962,19.0,414.0,115.0,291.0,87.0,36.0,35003740654.0,1191685.0,0.0,2913210515.0,1735169318.0,25974648339.0,3106527051.0,1274185431.0,0.0,123854.0,244780.0,591801.0,39185.0,192065.0
A,골목상권,3110541,동교초등학교,11440700,망원2동,11440700,망원2동,마포구,0.9999999999999996,0.04790419161676647,0.008982035928143712,0.02694610778443114,0.008982035928143712,0.02794411177644711,excluded_below_25pct,400,1116,178.0,398.0,221.0,198.0,36.0,85.0,18214271968.0,980716.0,3807086500.0,1178537219.0,7615162762.0,4597186990.0,296196496.0,720102001.0,35193.0,28511.0,628898.0,197355.0,3178.0,87581.0
A,골목상권,3110511,연희초등학교,11410615,연희동,11410615,연희동,서대문구,0.8876250446147755,0.03293413173652695,0.008982035928143712,0.014970059880239521,0.008982035928143712,0.018962075848303395,excluded_below_25pct,400,445,61.0,209.0,45.0,77.0,20.0,33.0,8750747235.0,968203.0,13846734.0,3194584107.0,4839530320.0,311005483.0,0.0,391780591.0,34.0,84501.0,771679.0,21510.0,0.0,90479.0
A,골목상권,3110794,영동초등학교,11560560,당산2동,11560560,당산2동,영등포구,0.9063197344928136,0.023952095808383235,0.008982035928143712,0.017964071856287425,0.008982035928143712,0.016966067864271458,excluded_below_25pct,400,655,72.0,291.0,121.0,81.0,68.0,22.0,6919915632.0,340302.0,1812218726.0,271127000.0,1662524833.0,2636048473.0,184455997.0,353540603.0,7580.0,10411.0,180692.0,89477.0,1196.0,50946.0
A,골목상권,3111033,문정동성당,11710646,장지동,11710646,장지동,송파구,0.9999999999999993,0.03293413173652695,0.008982035928143712,0.020958083832335328,0.008982035928143712,0.020958083832335328,excluded_below_25pct,400,276,20.0,111.0,60.0,49.0,25.0,11.0,5626164879.0,401381.0,0.0,3156019578.0,0.0,2026198922.0,89961846.0,353984533.0,0.0,239054.0,0.0,94385.0,268.0,67674.0
A,골목상권,3110284,정릉북한산국립공원입구,11290650,정릉4동,11290650,정릉4동,성북구,1.0000000000000009,0.023952095808383235,0.023952095808383235,0.008982035928143712,0.008982035928143712,0.018962075848303395,excluded_below_25pct,400,150,12.0,64.0,27.0,16.0,19.0,12.0,59242423.0,210.0,59242423.0,0.0,0.0,0.0,0.0,0.0,210.0,0.0,0.0,0.0,0.0,0.0
D,발달상권,3120088,구산역,11380552,갈현2동,11380552,갈현2동,은평구,0.47483436570450704,0.03592814371257485,0.005988023952095809,0.029940119760479042,0.005988023952095809,0.02395209580838323,excluded_below_25pct,400,1065,245.0,408.0,149.0,158.0,89.0,16.0,125660553388.0,4095067.0,20492391822.0,37289073135.0,6286923716.0,58111324408.0,1338501745.0,2142338562.0,64881.0,1383437.0,363959.0,1793227.0,10102.0,479461.0
A,골목상권,3110456,구산보건지소,11380560,구산동,11380560,구산동,은평구,0.5932121328996056,0.03592814371257485,0.005988023952095809,0.029940119760479042,0.005988023952095809,0.02395209580838323,excluded_below_25pct,400,1124,101.0,516.0,204.0,194.0,48.0,61.0,18736112380.0,702068.0,731261288.0,2961248751.0,4211452827.0,9711347254.0,1065248135.0,55554125.0,17525.0,57552.0,511618.0,88178.0,19004.0,8191.0
A,골목상권,3110078,이촌동점보아파트,11170630,이촌1동,11170630,이촌1동,용산구,1.0000000000000002,0.029940119760479042,0.005988023952095809,0.020958083832335328,0.005988023952095809,0.01896207584830339,excluded_below_25pct,400,341,69.0,136.0,71.0,28.0,37.0,0.0,13403022269.0,233815.0,6182759196.0,3507071963.0,3051460705.0,0.0,661730405.0,0.0,18193.0,30507.0,182944.0,0.0,2171.0,0.0
A,골목상권,3110337,아카데미하우스,11305660,인수동,11305645,우이동,강북구,0.6235961980212583,0.017964071856287425,0.005988023952095809,0.017964071856287425,0.005988023952095809,0.013972055888223553,excluded_below_25pct,400,258,21.0,32.0,59.0,78.0,22.0,46.0,9217170610.0,334077.0,0.0,0.0,0.0,6639171101.0,0.0,2577999509.0,0.0,0.0,0.0,143745.0,0.0,190332.0
A,골목상권,3110457,예일여고,11380560,구산동,11380560,구산동,은평구,0.93164346202776,0.03592814371257485,0.005988023952095809,0.029940119760479042,0.005988023952095809,0.02395209580838323,excluded_below_25pct,400,453,68.0,187.0,101.0,66.0,19.0,12.0,5828113427.0,416081.0,1402174999.0,459800361.0,1467700937.0,1338983218.0,0.0,1159453912.0,3959.0,8804.0,183057.0,76174.0,0.0,144087.0
A,골목상권,3110466,구산역 2번,11380625,역촌동,11380625,역촌동,은평구,0.9439650765589875,0.03592814371257485,0.005988023952095809,0.029940119760479042,0.005988023952095809,0.02395209580838323,excluded_below_25pct,400,477,51.0,171.0,85.0,121.0,31.0,18.0,5689569391.0,318526.0,1263773810.0,830972504.0,1945290539.0,1560811725.0,88720813.0,0.0,3004.0,17201.0,264745.0,31675.0,1901.0,0.0
A,골목상권,3110339,국립4.19민주묘지,11305645,우이동,11305645,우이동,강북구,1.0000000000000002,0.017964071856287425,0.005988023952095809,0.017964071856287425,0.005988023952095809,0.013972055888223553,excluded_below_25pct,400,92,0.0,4.0,27.0,33.0,24.0,4.0,4310027447.0,89328.0,0.0,0.0,0.0,3913366528.0,396660919.0,0.0,0.0,0.0,0.0,79846.0,9482.0,0.0
A,골목상권,3110009,자하문터널,11110550,부암동,11110550,부암동,종로구,0.9943381666457308,0.03592814371257485,0.005988023952095809,0.029940119760479042,0.005988023952095809,0.02395209580838323,excluded_below_25pct,400,346,15.0,68.0,78.0,122.0,7.0,56.0,4053068448.0,125958.0,0.0,0.0,372448290.0,2646318890.0,0.0,1034301268.0,0.0,0.0,31692.0,51943.0,0.0,42323.0
A,골목상권,3110005,세검정,11110550,부암동,11110550,부암동,종로구,0.9897477740097202,0.03592814371257485,0.005988023952095809,0.029940119760479042,0.005988023952095809,0.02395209580838323,excluded_below_25pct,400,303,40.0,127.0,46.0,50.0,36.0,4.0,2953430887.0,39572.0,1638094832.0,105293067.0,119411099.0,1090631889.0,0.0,0.0,5297.0,3109.0,830.0,30336.0,0.0,0.0
A,골목상권,3110386,연산군묘,11320710,방학3동,11320710,방학3동,도봉구,0.9999999999999994,0.017964071856287425,0.005988023952095809,0.014970059880239521,0.005988023952095809,0.012974051896207586,excluded_below_25pct,400,52,4.0,11.0,15.0,18.0,0.0,4.0,1162932652.0,56582.0,0.0,0.0,631128470.0,531804182.0,0.0,0.0,0.0,0.0,44162.0,12420.0,0.0,0.0
A,골목상권,3110006,부암동주민센터,11110550,부암동,11110550,부암동,종로구,0.9999999999999993,0.03592814371257485,0.005988023952095809,0.029940119760479042,0.005988023952095809,0.02395209580838323,excluded_below_25pct,400,71,9.0,21.0,16.0,13.0,0.0,12.0,232653610.0,17791.0,0.0,0.0,0.0,0.0,0.0,232653610.0,0.0,0.0,0.0,0.0,0.0,17791.0
R,전통시장,3130164,역촌중앙시장,11380552,갈현2동,11380552,갈현2동,은평구,1.0,0.03592814371257485,0.005988023952095809,0.029940119760479042,0.005988023952095809,0.02395209580838323,excluded_below_25pct,400,31,4.0,0.0,23.0,4.0,0.0,0.0,0.0,0.0,0.0,0.0,0.0,0.0,0.0,0.0,0.0,0.0,0.0,0.0,0.0,0.0
A,골목상권,3110844,흑석2치안센터,11590605,흑석동,11590605,흑석동,동작구,0.9999999999999997,0.023952095808383235,0.005988023952095809,0.017964071856287425,0.005988023952095809,0.01596806387225549,excluded_below_25pct,400,48,0.0,36.0,12.0,0.0,0.0,0.0,0.0,0.0,0.0,0.0,0.0,0.0,0.0,0.0,0.0,0.0,0.0,0.0,0.0,0.0
A,골목상권,3110911,방배배수지체육공원,11650620,방배3동,11650620,방배3동,서초구,0.9845107308509341,0.04790419161676647,0.005988023952095809,0.023952095808383235,0.005988023952095809,0.025948103792415172,excluded_below_25pct,400,51,0.0,8.0,31.0,0.0,12.0,0.0,0.0,0.0,0.0,0.0,0.0,0.0,0.0,0.0,0.0,0.0,0.0,0.0,0.0,0.0
D,발달상권,3120205,매봉역,11680656,도곡2동,11680656,도곡2동,강남구,0.9034791740326448,0.05089820359281437,0.0029940119760479044,0.020958083832335328,0.0029940119760479044,0.024950099800399205,excluded_below_25pct,400,1957,106.0,646.0,380.0,541.0,202.0,82.0,114056875404.0,3196943.0,1263608473.0,23055022757.0,9720883101.0,63303022323.0,8284351815.0,8429986935.0,31472.0,255542.0,366066.0,1794877.0,121089.0,627897.0
A,골목상권,3110826,장승배기역 4번,11590540,상도2동,11590550,상도3동,동작구,0.554721552435816,0.017964071856287425,0.0029940119760479044,0.005988023952095809,0.0029940119760479044,0.008982035928143712,excluded_below_25pct,400,896,73.0,353.0,171.0,179.0,56.0,64.0,22211502678.0,1398639.0,148295590.0,767923604.0,11879149214.0,8553538480.0,531185739.0,331410051.0,437.0,25088.0,1090149.0,247688.0,9412.0,25865.0
A,골목상권,3110345,솔밭공원역 2번,11305645,우이동,11305645,우이동,강북구,1.0,0.014970059880239521,0.0029940119760479044,0.014970059880239521,0.0029940119760479044,0.010978043912175647,excluded_below_25pct,400,479,27.0,205.0,74.0,100.0,52.0,21.0,15929941353.0,901988.0,415361775.0,7319502917.0,4555223126.0,3099547350.0,501306704.0,38999481.0,2432.0,421160.0,338920.0,125314.0,8103.0,6059.0
A,골목상권,3110827,NH농협은행 상도동지점,11590560,상도4동,11590560,상도4동,동작구,0.999360845109681,0.008982035928143712,0.0029940119760479044,0.005988023952095809,0.0029940119760479044,0.00598802395209581,excluded_below_25pct,400,603,48.0,205.0,158.0,124.0,52.0,16.0,15084313584.0,719773.0,11725000.0,2169428798.0,766426970.0,10972040421.0,829836338.0,334856057.0,125.0,223765.0,7829.0,432206.0,13137.0,42711.0
A,골목상권,3110975,매봉역 1번,11680655,도곡1동,11680655,도곡1동,강남구,0.8154217335970537,0.05089820359281437,0.0029940119760479044,0.020958083832335328,0.0029940119760479044,0.024950099800399205,excluded_below_25pct,400,225,16.0,111.0,61.0,24.0,4.0,9.0,10411516145.0,468707.0,0.0,8577344998.0,1834171147.0,0.0,0.0,0.0,0.0,166868.0,301839.0,0.0,0.0,0.0
A,골목상권,3110830,상도초등학교,11590560,상도4동,11590560,상도4동,동작구,0.6590313597441899,0.008982035928143712,0.0029940119760479044,0.005988023952095809,0.0029940119760479044,0.00598802395209581,excluded_below_25pct,400,285,28.0,110.0,55.0,46.0,29.0,17.0,4792452922.0,282695.0,1379961410.0,216144159.0,2739630711.0,266558434.0,138136554.0,52021654.0,4447.0,6713.0,264472.0,2468.0,409.0,4186.0
A,골목상권,3110382,솔밭공원역 1번,11320660,쌍문1동,11320660,쌍문1동,도봉구,0.8623937155527283,0.014970059880239521,0.0029940119760479044,0.014970059880239521,0.0029940119760479044,0.010978043912175647,excluded_below_25pct,400,169,8.0,72.0,29.0,30.0,26.0,4.0,3372243189.0,310213.0,0.0,54324892.0,1869469288.0,1258529571.0,189919438.0,0.0,0.0,2613.0,224285.0,79944.0,3371.0,0.0
R,전통시장,3130262,상도도깨비 골목형상점가,11590540,상도2동,11590560,상도4동,동작구,0.6079722035384181,0.008982035928143712,0.0029940119760479044,0.005988023952095809,0.0029940119760479044,0.00598802395209581,excluded_below_25pct,400,215,14.0,68.0,52.0,57.0,16.0,8.0,1755945250.0,38579.0,0.0,46988169.0,12000000.0,1205882711.0,491074370.0,0.0,0.0,1961.0,719.0,30508.0,5391.0,0.0
A,골목상권,3111009,송파책박물관,11710600,석촌동,11710600,석촌동,송파구,0.9342919308990355,0.017964071856287425,0.0029940119760479044,0.005988023952095809,0.0029940119760479044,0.008982035928143712,excluded_below_25pct,400,307,27.0,121.0,101.0,36.0,21.0,1.0,1458920199.0,27228.0,0.0,407335025.0,116975970.0,934609204.0,0.0,0.0,0.0,650.0,478.0,26100.0,0.0,0.0
A,골목상권,3110978,도곡2동주민센터(대치중학교),11680656,도곡2동,11680656,도곡2동,강남구,0.9999999999999999,0.05089820359281437,0.0029940119760479044,0.020958083832335328,0.0029940119760479044,0.024950099800399205,excluded_below_25pct,400,102,6.0,40.0,24.0,20.0,0.0,12.0,983065441.0,52724.0,0.0,0.0,0.0,212316666.0,0.0,770748775.0,0.0,0.0,0.0,1285.0,0.0,51439.0
A,골목상권,3110935,한전아트센터,11650520,서초2동,11650520,서초2동,서초구,0.9999999999999999,0.05389221556886228,0.0029940119760479044,0.023952095808383235,0.0029940119760479044,0.02694610778443114,excluded_below_25pct,400,221,40.0,102.0,36.0,21.0,14.0,8.0,325247361.0,1029.0,325247361.0,0.0,0.0,0.0,0.0,0.0,1029.0,0.0,0.0,0.0,0.0,0.0
A,골목상권,3110909,남태령역(서울전자고등학교),11650610,방배2동,11650610,방배2동,서초구,0.9951155988785193,0.023952095808383235,0.0029940119760479044,0.011976047904191617,0.0029940119760479044,0.012974051896207586,excluded_below_25pct,400,150,16.0,72.0,35.0,17.0,4.0,6.0,120000000.0,7615.0,0.0,120000000.0,0.0,0.0,0.0,0.0,0.0,7615.0,0.0,0.0,0.0,0.0
R,전통시장,3130309,은마종합상점가,11680610,대치2동,11680610,대치2동,강남구,1.0,0.020958083832335328,0.0029940119760479044,0.008982035928143712,0.0029940119760479044,0.010978043912175647,excluded_below_25pct,400,27,4.0,4.0,16.0,0.0,3.0,0.0,0.0,0.0,0.0,0.0,0.0,0.0,0.0,0.0,0.0,0.0,0.0,0.0,0.0,0.0
D,발달상권,3120131,가산디지털단지,11545510,가산동,11545510,가산동,금천구,0.985273176074243,0.0,0.0,0.0,0.0,0.0,excluded_below_25pct,400,28247,928.0,10060.0,12830.0,3156.0,561.0,712.0,3100968732376.0,77147439.0,70831964577.0,166613822126.0,2483590682599.0,300364338243.0,30883990151.0,48683934680.0,1233251.0,2470503.0,47161627.0,17228278.0,787932.0,8265848.0
R,전통시장,3130231,독산동 우시장,11545610,독산1동,11545610,독산1동,금천구,0.9782785668234684,0.0,0.0,0.0,0.0,0.0,excluded_below_25pct,400,1053,8.0,78.0,822.0,93.0,48.0,4.0,724248615957.0,6095912.0,0.0,0.0,711901487278.0,11377974693.0,969153986.0,0.0,0.0,0.0,5845500.0,234706.0,15706.0,0.0
D,발달상권,3120125,구로역,11530530,구로2동,11530530,구로2동,구로구,0.7287111410528407,0.005988023952095809,0.0,0.005988023952095809,0.0,0.003992015968063873,excluded_below_25pct,400,15840,176.0,1919.0,12801.0,651.0,204.0,89.0,563261340108.0,8005408.0,11461422278.0,46822109035.0,442842423149.0,53428168666.0,5242629516.0,3464587464.0,514575.0,1061032.0,3168310.0,2674021.0,61371.0,526099.0
D,발달상권,3120129,구로디지털단지,11530540,구로3동,11530540,구로3동,구로구,0.99405607957586,0.0,0.0,0.0,0.0,0.0,excluded_below_25pct,400,9408,443.0,3598.0,3422.0,1396.0,251.0,298.0,421647522147.0,20585386.0,8504631565.0,51099148368.0,209896073353.0,125444250246.0,7379819049.0,19323599566.0,178383.0,1717299.0,5940490.0,9248180.0,270090.0,3230944.0
D,발달상권,3120117,강서농산물도매시장,11500611,발산1동,11500611,발산1동,강서구,0.9803225585492934,0.0,0.0,0.0,0.0,0.0,excluded_below_25pct,400,2276,4.0,44.0,2118.0,97.0,5.0,8.0,409842963562.0,5481541.0,0.0,0.0,313696950472.0,96146013090.0,0.0,0.0,0.0,0.0,4340871.0,1140670.0,0.0,0.0
D,발달상권,3120184,포이사거리(삼호물산),11650652,양재2동,11650652,양재2동,서초구,0.5817974537278667,0.0,0.0,0.0,0.0,0.0,excluded_below_25pct,400,5838,306.0,2378.0,1526.0,970.0,457.0,201.0,324384426943.0,13778820.0,22261654312.0,79062602334.0,37185613405.0,164965543730.0,10466989677.0,10442023485.0,493164.0,1213767.0,2437214.0,8477934.0,190852.0,965889.0
D,발달상권,3120159,서울대입구역,11620595,청룡동,11620595,청룡동,관악구,0.33261242439985794,0.0,0.0,0.0,0.0,0.0,excluded_below_25pct,400,4753,298.0,2033.0,674.0,884.0,742.0,122.0,293344578108.0,9890345.0,2737510249.0,102268527383.0,67874376178.0,79402156552.0,34697545404.0,6364462342.0,35397.0,1887631.0,3162304.0,3148435.0,702771.0,953807.0
D,발달상권,3120114,목동신시가지,11470510,목1동,11470510,목1동,양천구,0.6179520211875698,0.0,0.0,0.0,0.0,0.0,excluded_below_25pct,400,8743,2355.0,1496.0,3451.0,950.0,300.0,191.0,282497434942.0,8186159.0,171585472725.0,25252311900.0,38668906366.0,29661826910.0,10073178283.0,7255738758.0,838350.0,927781.0,2759414.0,1522728.0,837872.0,1300014.0
D,발달상권,3120139,대림3동사거리,11560720,대림3동,11560720,대림3동,영등포구,0.9947205363805747,0.0,0.0,0.0,0.0,0.0,excluded_below_25pct,400,1590,110.0,611.0,316.0,308.0,202.0,43.0,277975876706.0,3614426.0,6804156631.0,203626071546.0,21572653995.0,42019288846.0,3539005834.0,414699854.0,22917.0,665659.0,1774072.0,1053001.0,43176.0,55601.0
D,발달상권,3120119,발산역(마곡),11500603,가양1동,11500603,가양1동,강서구,0.5571353511457877,0.0,0.0,0.0,0.0,0.0,excluded_below_25pct,400,11147,447.0,4448.0,2694.0,2281.0,883.0,394.0,251465523272.0,7917317.0,24116159328.0,39895706457.0,40501257631.0,132677624778.0,8600545082.0,5674229996.0,698752.0,601413.0,2588436.0,3072471.0,157509.0,798736.0
D,발달상권,3120157,신림역(신림),11620695,신림동,11620695,신림동,관악구,0.6224482770681103,0.0,0.0,0.0,0.0,0.0,excluded_below_25pct,400,4751,148.0,1798.0,1126.0,783.0,784.0,112.0,236023798382.0,11998248.0,751519551.0,78605711251.0,60882257548.0,64146426278.0,25818711989.0,5819171765.0,11373.0,2647750.0,4111220.0,2905759.0,1310335.0,1011811.0
D,발달상권,3120130,구로디지털단지역,11530540,구로3동,11530540,구로3동,구로구,0.6757899262335767,0.0,0.0,0.0,0.0,0.0,excluded_below_25pct,400,2739,78.0,1031.0,284.0,726.0,592.0,28.0,203310315637.0,7423115.0,648333722.0,42573819250.0,27872784231.0,100898917954.0,25991993823.0,5324466657.0,16898.0,1297719.0,1919615.0,2869681.0,687751.0,631451.0
D,발달상권,3120113,오목교역,11470510,목1동,11470510,목1동,양천구,0.8248162672657801,0.0,0.0,0.0,0.0,0.0,excluded_below_25pct,400,2786,435.0,965.0,322.0,593.0,385.0,86.0,199245838637.0,4707887.0,51282639506.0,64484650577.0,13371318966.0,49157053987.0,18329738722.0,2620436879.0,278361.0,1370229.0,1004876.0,1350190.0,317942.0,386289.0
D,발달상권,3120134,구로전화국,11545630,독산3동,11545630,독산3동,금천구,0.5282979628299916,0.0,0.0,0.0,0.0,0.0,excluded_below_25pct,400,1732,58.0,607.0,343.0,394.0,273.0,57.0,188339887540.0,4937600.0,596834942.0,15753036175.0,13317296505.0,153311468879.0,4036700869.0,1324550170.0,1312.0,921249.0,1224771.0,2587481.0,71245.0,131542.0
D,발달상권,3120098,DMC(디지털미디어시티),11440740,상암동,11440740,상암동,마포구,1.0,0.0,0.0,0.0,0.0,0.0,excluded_below_25pct,400,2762,92.0,888.0,418.0,931.0,140.0,293.0,180437923837.0,11906605.0,10790111290.0,35754975630.0,38685415454.0,68474165416.0,9636741535.0,17096514512.0,660540.0,1126120.0,3685134.0,3550235.0,403910.0,2480666.0
D,발달상권,3120108,신정네거리역,11470650,신정4동,11470650,신정4동,양천구,0.48587465517379963,0.0,0.0,0.0,0.0,0.0,excluded_below_25pct,400,3047,152.0,1350.0,507.0,494.0,471.0,73.0,171257020193.0,6841311.0,2679230198.0,78099073191.0,36781233774.0,36709990143.0,13058040547.0,3929452340.0,13695.0,2541150.0,1958571.0,1369587.0,462508.0,495800.0
D,발달상권,3120132,독산동,11545610,독산1동,11545610,독산1동,금천구,0.8199337686821863,0.0,0.0,0.0,0.0,0.0,excluded_below_25pct,400,3988,142.0,1569.0,1192.0,655.0,364.0,66.0,169005364661.0,6316872.0,253818860.0,61716330537.0,57525473854.0,37736522511.0,7853642885.0,3919576014.0,6259.0,1887235.0,1618890.0,1747673.0,371304.0,685511.0
D,발달상권,3120110,목동역 8번출구,11470650,신정4동,11470650,신정4동,양천구,0.9754337818278063,0.0,0.0,0.0,0.0,0.0,excluded_below_25pct,400,2493,259.0,934.0,385.0,486.0,365.0,64.0,152310407249.0,6278403.0,21226298418.0,50029656554.0,26569617897.0,40819254841.0,11351614046.0,2313965493.0,84189.0,1432954.0,2240382.0,1615838.0,531115.0,373925.0
D,발달상권,3120152,신대방삼거리역,11590660,대방동,11590660,대방동,동작구,0.5159942254245238,0.0029940119760479044,0.0,0.0,0.0,0.0009980039920159682,excluded_below_25pct,400,1758,227.0,671.0,222.0,353.0,229.0,56.0,145946921692.0,5111913.0,32859733250.0,60433552079.0,14128239901.0,32888889412.0,3548822025.0,2087685025.0,190859.0,2049042.0,1118684.0,1290511.0,105081.0,357736.0
D,발달상권,3120182,"양재시민의숲역(양재동꽃시장, aT센터)",11650652,양재2동,11650652,양재2동,서초구,0.9999999999999998,0.0,0.0,0.0,0.0,0.0,excluded_below_25pct,400,3294,68.0,654.0,1814.0,475.0,205.0,78.0,139888835647.0,3753202.0,2554966026.0,18021304921.0,64806753176.0,40612688099.0,8545920488.0,5347202937.0,46885.0,403663.0,1431827.0,1113057.0,157734.0,600036.0
D,발달상권,3120151,보라매공원,11590680,신대방2동,11590680,신대방2동,동작구,0.5327249699952261,0.0,0.0,0.0,0.0,0.0,excluded_below_25pct,400,3448,84.0,747.0,1581.0,739.0,202.0,95.0,138641529809.0,7316688.0,1111009250.0,43831582005.0,17299990999.0,58403718465.0,6396751506.0,11598477584.0,3198.0,1446391.0,1486451.0,2618294.0,131113.0,1631241.0
D,발달상권,3120120,화곡역,11500540,화곡1동,11500540,화곡1동,강서구,0.37913517871314145,0.0,0.0,0.0,0.0,0.0,excluded_below_25pct,400,2152,88.0,992.0,239.0,378.0,395.0,60.0,125191612855.0,6201405.0,782596967.0,56226711763.0,12779423854.0,35777515119.0,14293293505.0,5332071647.0,1844.0,1843557.0,1254636.0,1940239.0,351141.0,809988.0
D,발달상권,3120093,연희동,11410615,연희동,11410615,연희동,서대문구,1.0,0.011976047904191617,0.0,0.0,0.0,0.003992015968063873,excluded_below_25pct,400,2095,113.0,627.0,369.0,530.0,290.0,166.0,120553831729.0,4608801.0,3635959354.0,17152603803.0,21010691921.0,50334428908.0,17849664315.0,10570483428.0,33771.0,678391.0,1055174.0,1705219.0,111402.0,1024844.0
D,발달상권,3120142,대림역,11560720,대림3동,11560720,대림3동,영등포구,0.647118328250533,0.0,0.0,0.0,0.0,0.0,excluded_below_25pct,400,2701,36.0,1064.0,350.0,689.0,494.0,68.0,119972581246.0,3820950.0,97086255.0,36476278947.0,21043500501.0,50543479232.0,9457565040.0,2354671271.0,182.0,1054793.0,1151815.0,1103465.0,286038.0,224657.0
R,전통시장,3130261,성대전통시장(성대시장),11590550,상도3동,11590550,상도3동,동작구,0.995059707271033,0.0029940119760479044,0.0,0.0,0.0,0.0009980039920159682,excluded_below_25pct,400,939,20.0,350.0,233.0,206.0,114.0,16.0,116876953635.0,4850167.0,0.0,64700902606.0,27032876921.0,16630787765.0,7349665738.0,1162720605.0,0.0,2277538.0,894852.0,1180129.0,233546.0,264102.0
D,발달상권,3120122,강서구청,11500591,화곡6동,11500591,화곡6동,강서구,0.7394438203898616,0.0,0.0,0.0,0.0,0.0,excluded_below_25pct,400,3052,117.0,998.0,365.0,805.0,689.0,78.0,112919701265.0,5092051.0,712243051.0,18592644545.0,20754831839.0,46462122734.0,24016561450.0,2381297646.0,3013.0,681022.0,2142921.0,1468393.0,468879.0,327823.0
R,전통시장,3130285,서원동상점가,11620645,서원동,11620645,서원동,관악구,0.9210311698916571,0.0,0.0,0.0,0.0,0.0,excluded_below_25pct,400,1757,74.0,466.0,189.0,551.0,421.0,56.0,111405943216.0,5962867.0,261989005.0,6621166622.0,19377708821.0,45931879668.0,31253490531.0,7959708569.0,808.0,84241.0,1776463.0,1596933.0,1240116.0,1264306.0
R,전통시장,3130229,남구로시장,11530550,구로4동,11530550,구로4동,구로구,0.7178422955622917,0.0,0.0,0.0,0.0,0.0,excluded_below_25pct,400,1207,0.0,258.0,495.0,330.0,104.0,20.0,107861607239.0,5336792.0,0.0,24886394330.0,63835631703.0,17016697792.0,2115930129.0,6953285.0,0.0,909661.0,3468191.0,931188.0,26914.0,838.0
R,전통시장,3130236,비단길현대시장(현대시장),11545670,시흥1동,11545670,시흥1동,금천구,0.9824682391139674,0.0,0.0,0.0,0.0,0.0,excluded_below_25pct,400,1324,16.0,362.0,502.0,351.0,77.0,16.0,107487834488.0,5509404.0,0.0,29305371161.0,61312796757.0,14710278828.0,1192603022.0,966784720.0,0.0,958797.0,3251397.0,1086245.0,39961.0,173004.0
D,발달상권,3120112,등촌역,11470530,목3동,11500520,등촌1동,강서구,0.35007232163762086,0.0,0.0,0.0,0.0,0.0,excluded_below_25pct,400,2574,132.0,1059.0,472.0,516.0,342.0,53.0,103144403739.0,4462806.0,3632309210.0,24406866342.0,29848324560.0,27671885094.0,12635833220.0,4949185313.0,59066.0,853430.0,1627073.0,1087572.0,160118.0,675547.0
D,발달상권,3120150,63빌딩,11560540,여의동,11560540,여의동,영등포구,1.0000000000000002,0.0,0.0,0.0,0.0,0.0,excluded_below_25pct,400,1007,52.0,382.0,356.0,161.0,32.0,24.0,101942735966.0,530518.0,488985264.0,82008000000.0,488059911.0,17417698673.0,477347114.0,1062645004.0,4959.0,55611.0,49748.0,248875.0,10512.0,160813.0
D,발달상권,3120121,까치산역,11500540,화곡1동,11500540,화곡1동,강서구,0.6495161679042468,0.0,0.0,0.0,0.0,0.0,excluded_below_25pct,400,1619,67.0,666.0,212.0,302.0,298.0,74.0,101608133742.0,5069711.0,198336508.0,40808157747.0,12478021439.0,30110710837.0,15482455109.0,2530452102.0,507.0,1936374.0,788669.0,1370447.0,668345.0,305369.0
A,골목상권,3110671,등촌1동주민센터,11500520,등촌1동,11500520,등촌1동,강서구,0.9986382308407566,0.0,0.0,0.0,0.0,0.0,excluded_below_25pct,400,1588,155.0,571.0,325.0,336.0,95.0,106.0,96449822799.0,1793547.0,272664955.0,49153197322.0,33020122841.0,11961576835.0,573544236.0,1468716610.0,1175.0,186204.0,970871.0,452159.0,18012.0,165126.0
D,발달상권,3120127,구로구청,11530560,구로5동,11530560,구로5동,구로구,0.6037586112795343,0.0,0.0,0.0,0.0,0.0,excluded_below_25pct,400,1810,98.0,900.0,430.0,264.0,79.0,39.0,95435535971.0,3379666.0,6745485338.0,53666229489.0,8798165340.0,21631660876.0,2559267869.0,2034727059.0,49982.0,1406217.0,795371.0,740178.0,35618.0,352300.0
D,발달상권,3120183,양재천카페거리,11650651,양재1동,11650651,양재1동,서초구,0.5432611356034459,0.0,0.0,0.0,0.0,0.0,excluded_below_25pct,400,1091,74.0,325.0,309.0,219.0,86.0,78.0,94765769290.0,663768.0,1659703383.0,6693495893.0,64183699837.0,15134893445.0,5683770170.0,1410206562.0,5466.0,7835.0,256262.0,277302.0,64631.0,52272.0
D,발달상권,3120181,교육개발원입구사거리,11650651,양재1동,11650651,양재1동,서초구,0.9999999999999999,0.0,0.0,0.0,0.0,0.0,excluded_below_25pct,400,1279,45.0,496.0,348.0,220.0,77.0,93.0,90047660894.0,1141475.0,2464259529.0,57310176637.0,12825476179.0,9892746166.0,6168697452.0,1386304931.0,55073.0,54395.0,465032.0,277497.0,90995.0,198483.0
R,전통시장,3130290,영림시장,11620595,청룡동,11620595,청룡동,관악구,0.9999983818246306,0.0,0.0,0.0,0.0,0.0,excluded_below_25pct,400,1543,94.0,459.0,390.0,392.0,181.0,27.0,89459676076.0,3958151.0,1720901199.0,22288310491.0,43972438207.0,12125151752.0,8533337272.0,819537155.0,5619.0,822047.0,2214999.0,583366.0,156860.0,175260.0
D,발달상권,3120123,오류동역,11530770,오류1동,11530770,오류1동,구로구,0.9316786764418487,0.0,0.0,0.0,0.0,0.0,excluded_below_25pct,400,1690,60.0,743.0,302.0,300.0,259.0,26.0,86954824310.0,5450166.0,990386695.0,39851481076.0,21526087715.0,16664052710.0,6531336305.0,1391479809.0,9370.0,2185340.0,1806957.0,829440.0,354470.0,264589.0
D,발달상권,3120091,본서부병원,11380580,응암1동,11380580,응암1동,은평구,0.9400323193110747,0.014970059880239521,0.0,0.0029940119760479044,0.0,0.005988023952095808,excluded_below_25pct,400,1662,75.0,616.0,354.0,366.0,214.0,37.0,83944255674.0,2973198.0,659512505.0,31103984201.0,12499238816.0,32480680295.0,6036023022.0,1164816835.0,24648.0,1091665.0,432721.0,1055902.0,168569.0,199693.0
D,발달상권,3120201,도곡1동,11680640,역삼1동,11680640,역삼1동,강남구,0.3919367854489508,0.0,0.0,0.0,0.0,0.0,excluded_below_25pct,400,2168,155.0,884.0,528.0,308.0,224.0,69.0,81691261557.0,2616440.0,15476903326.0,15360248355.0,33512971431.0,13067778494.0,3019176020.0,1254183931.0,62905.0,411877.0,1341239.0,626287.0,33551.0,140581.0
R,전통시장,3130221,"남부골목시장(남부화곡시장, 남부시장)",11500570,화곡4동,11500570,화곡4동,강서구,0.9994297086622036,0.0,0.0,0.0,0.0,0.0,excluded_below_25pct,400,1536,16.0,433.0,509.0,429.0,99.0,50.0,81221597964.0,4318957.0,0.0,15796792245.0,53686618199.0,9452068818.0,1801520942.0,484597760.0,0.0,661155.0,2942654.0,607698.0,54011.0,53439.0
R,전통시장,3130183,상암동상점가,11440740,상암동,11440740,상암동,마포구,0.9999999999999996,0.011976047904191617,0.0,0.005988023952095809,0.0,0.00598802395209581,excluded_below_25pct,400,2064,68.0,422.0,138.0,933.0,309.0,194.0,78698654421.0,2306056.0,699578535.0,1034661902.0,2819375357.0,55432352490.0,11898141756.0,6814544381.0,2384.0,28274.0,324831.0,1149152.0,219028.0,582387.0
R,전통시장,3130235,대명여울빛거리시장(대명시장),11545670,시흥1동,11545670,시흥1동,금천구,0.9999999999999997,0.0,0.0,0.0,0.0,0.0,excluded_below_25pct,400,1033,20.0,299.0,208.0,289.0,201.0,16.0,78180785691.0,2751460.0,18903839.0,39674235661.0,12865629733.0,17859450074.0,6377812897.0,1384753487.0,56.0,1654707.0,325716.0,430091.0,176134.0,164756.0
D,발달상권,3120124,개봉동 현대아파트,11530760,개봉3동,11530760,개봉3동,구로구,0.6602413192535784,0.0,0.0,0.0,0.0,0.0,excluded_below_25pct,400,1954,206.0,734.0,349.0,424.0,196.0,45.0,76146853527.0,2892348.0,4191605062.0,29626877265.0,13428483874.0,24910336918.0,2940368290.0,1049182118.0,51918.0,1002871.0,657904.0,935971.0,78533.0,165151.0
A,골목상권,3110660,등촌3동주민센터,11500535,등촌3동,11500535,등촌3동,강서구,0.9969403227812178,0.0,0.0,0.0,0.0,0.0,excluded_below_25pct,400,2152,529.0,659.0,346.0,358.0,209.0,51.0,73001510610.0,2865497.0,13459322990.0,35801929382.0,6815923107.0,11393495898.0,4101796607.0,1429042626.0,89494.0,1235390.0,524250.0,707465.0,69616.0,239282.0
D,발달상권,3120158,녹두거리(대학동),11620735,대학동,11620735,대학동,관악구,0.9179094481333113,0.0,0.0,0.0,0.0,0.0,excluded_below_25pct,400,1716,236.0,506.0,154.0,428.0,298.0,94.0,71855313167.0,4766090.0,3207627331.0,24375734200.0,7893012203.0,26804894423.0,5894733944.0,3679311066.0,62640.0,1207802.0,777541.0,1991165.0,154590.0,572352.0
R,전통시장,3130214,송화벽화시장(송화골목시장),11500611,발산1동,11500611,발산1동,강서구,0.9862796799526132,0.0,0.0,0.0,0.0,0.0,excluded_below_25pct,400,926,51.0,272.0,302.0,229.0,59.0,13.0,69910477857.0,3965467.0,1419403755.0,24050541483.0,28244184695.0,13510362469.0,2015045498.0,670939957.0,4744.0,1018679.0,1568792.0,1004837.0,246330.0,122085.0
A,골목상권,3110656,까치산역 3번,11500540,화곡1동,11500540,화곡1동,강서구,0.9913648980532479,0.0,0.0,0.0,0.0,0.0,excluded_below_25pct,400,1609,25.0,375.0,224.0,416.0,528.0,41.0,68763091271.0,3030169.0,204654172.0,387076759.0,19710706947.0,17853050914.0,30534869024.0,72733455.0,436.0,9102.0,2124396.0,407667.0,478720.0,9848.0
R,전통시장,3130219,까치산시장,11500593,화곡8동,11500593,화곡8동,강서구,1.0,0.0,0.0,0.0,0.0,0.0,excluded_below_25pct,400,1108,20.0,365.0,332.0,299.0,77.0,15.0,68213814630.0,3902709.0,0.0,32344757914.0,18873073929.0,14790683298.0,1739210487.0,466089002.0,0.0,1479351.0,1033955.0,1261354.0,31538.0,96511.0
R,전통시장,3130208,목동깨비시장(목3동시장),11470530,목3동,11470530,목3동,양천구,0.9905855180755267,0.0,0.0,0.0,0.0,0.0,excluded_below_25pct,400,1251,53.0,427.0,342.0,263.0,154.0,12.0,68179573991.0,3319920.0,68537991.0,26088774933.0,26670849809.0,12451570779.0,2536498710.0,363341769.0,198.0,1178963.0,1448851.0,552224.0,63703.0,75981.0
D,발달상권,3120111,목동사거리,11500570,화곡4동,11470540,목4동,양천구,0.4598277638743838,0.0,0.0,0.0,0.0,0.0,excluded_below_25pct,400,1819,76.0,635.0,322.0,363.0,366.0,57.0,65409719839.0,2227398.0,1033950932.0,31714382752.0,3838609666.0,20572902954.0,7031675943.0,1218197592.0,1679.0,940697.0,327755.0,640860.0,122800.0,193607.0
A,골목상권,3110895,샤로수길,11620585,낙성대동,11620585,낙성대동,관악구,0.9736338298754417,0.0029940119760479044,0.0,0.0,0.0,0.0009980039920159682,excluded_below_25pct,400,2313,115.0,589.0,213.0,926.0,311.0,159.0,64417052302.0,2468810.0,675479617.0,5359366738.0,4924835651.0,46861611214.0,5076872479.0,1518886603.0,16281.0,364409.0,447608.0,1230829.0,264546.0,145137.0
R,전통시장,3130295,인헌시장(원당종합시장),11620625,인헌동,11620625,인헌동,관악구,1.0000000000000002,0.0029940119760479044,0.0,0.0,0.0,0.0009980039920159682,excluded_below_25pct,400,908,44.0,299.0,218.0,237.0,68.0,42.0,61889847815.0,3729509.0,980438069.0,10653969767.0,38550878982.0,7767095038.0,3134049649.0,803416310.0,1005.0,485131.0,2539971.0,565000.0,53113.0,85289.0
D,발달상권,3120118,마곡역(마곡),11500603,가양1동,11500611,발산1동,강서구,0.4326088066565566,0.0,0.0,0.0,0.0,0.0,excluded_below_25pct,400,7170,587.0,3743.0,1110.0,1134.0,389.0,207.0,61377119178.0,1824243.0,378691.0,92133620.0,4106092311.0,57178514556.0,0.0,0.0,126.0,657.0,418127.0,1405333.0,0.0,0.0
A,골목상권,3110638,신방화역 2번,11500630,방화1동,11500630,방화1동,강서구,0.9999999783595094,0.0,0.0,0.0,0.0,0.0,excluded_below_25pct,400,1925,120.0,915.0,410.0,296.0,134.0,50.0,60426967585.0,2883640.0,795373481.0,14380807089.0,27570319852.0,14985678489.0,2152723915.0,542064759.0,3257.0,688966.0,1385896.0,619069.0,83265.0,103187.0
A,골목상권,3110714,구로4동주민센터,11530550,구로4동,11530530,구로2동,구로구,0.5331577262354575,0.0,0.0,0.0,0.0,0.0,excluded_below_25pct,400,1454,54.0,614.0,288.0,313.0,171.0,14.0,60291480339.0,3489088.0,1850237962.0,27418478405.0,13981498127.0,13578717116.0,2436277156.0,1026271573.0,5431.0,1482907.0,1047809.0,508797.0,191366.0,252778.0
A,골목상권,3110657,양천향교역 5번,11500603,가양1동,11500603,가양1동,강서구,0.6355676329361333,0.0,0.0,0.0,0.0,0.0,excluded_below_25pct,400,1556,38.0,499.0,661.0,186.0,120.0,52.0,60079987911.0,880906.0,0.0,45232602369.0,2375026297.0,9419344918.0,2666590922.0,386423405.0,0.0,254405.0,135394.0,385566.0,51299.0,54242.0
A,골목상권,3110865,남강고등학교(남강중학교),11620775,난곡동,11620775,난곡동,관악구,0.9113582147763024,0.0,0.0,0.0,0.0,0.0,excluded_below_25pct,400,1099,52.0,536.0,226.0,167.0,114.0,4.0,59743764409.0,3568474.0,2032707065.0,32643429012.0,11749995128.0,9498673869.0,2505788067.0,1313171268.0,4584.0,1730467.0,817973.0,370815.0,313717.0,330918.0
A,골목상권,3110789,대림성모병원,11560700,대림1동,11560700,대림1동,영등포구,0.8560721086412509,0.0,0.0,0.0,0.0,0.0,excluded_below_25pct,400,621,9.0,253.0,107.0,148.0,76.0,28.0,59605305867.0,2462534.0,0.0,38401104489.0,9487892882.0,10426600060.0,638697718.0,651010718.0,0.0,1183446.0,800556.0,417919.0,8663.0,51950.0
A,골목상권,3110994,개포고등학교,11680670,개포2동,11680670,개포2동,강남구,1.0,0.0,0.0,0.0,0.0,0.0,excluded_below_25pct,400,1097,227.0,530.0,84.0,111.0,114.0,31.0,57322176184.0,1618480.0,11377926403.0,26647316938.0,3688340103.0,12210423652.0,2761558272.0,636610816.0,41601.0,640239.0,270764.0,503011.0,16831.0,146034.0
A,골목상권,3110892,관악구 중앙길,11620615,중앙동,11620615,중앙동,관악구,0.9794121370222617,0.0,0.0,0.0,0.0,0.0,excluded_below_25pct,400,1924,121.0,936.0,216.0,402.0,153.0,96.0,57273214803.0,3253513.0,1052063948.0,19546805125.0,11809162379.0,17292423042.0,7409194662.0,163565647.0,6249.0,778820.0,1358505.0,912602.0,173692.0,23645.0
D,발달상권,3120147,보라매역,11590660,대방동,11590660,대방동,동작구,0.5351514720737549,0.0029940119760479044,0.0,0.0,0.0,0.0009980039920159682,excluded_below_25pct,400,1010,80.0,527.0,125.0,116.0,131.0,31.0,56878209230.0,2797861.0,8184166758.0,13229401068.0,12126817372.0,16045769319.0,5076735957.0,2215318756.0,27684.0,449279.0,1444375.0,476441.0,80110.0,319972.0
A,골목상권,3110634,송정역 3번,11500620,공항동,11500620,공항동,강서구,0.9999999999999998,0.0,0.0,0.0,0.0,0.0,excluded_below_25pct,400,1361,85.0,557.0,298.0,262.0,117.0,42.0,56730491174.0,2338880.0,337143439.0,15966617451.0,13619419094.0,24043387842.0,2604550826.0,159372522.0,8496.0,591718.0,1341100.0,338065.0,43523.0,15978.0
R,전통시장,3130310,강남개포시장,11680670,개포2동,11680670,개포2동,강남구,1.0,0.0,0.0,0.0,0.0,0.0,excluded_below_25pct,400,1288,275.0,465.0,200.0,211.0,124.0,13.0,56247750094.0,2591796.0,6073414891.0,10211075859.0,12663183597.0,21228467345.0,4920133577.0,1151474825.0,20572.0,286229.0,716709.0,1269609.0,85761.0,212916.0
A,골목상권,3110772,신우어린이공원,11560720,대림3동,11560720,대림3동,영등포구,1.0,0.0,0.0,0.0,0.0,0.0,excluded_below_25pct,400,153,0.0,96.0,29.0,24.0,4.0,0.0,55324745385.0,92955.0,0.0,54951562677.0,239065248.0,134117460.0,0.0,0.0,0.0,56617.0,35511.0,827.0,0.0,0.0
A,골목상권,3110645,우장산역 4번,11500611,발산1동,11500611,발산1동,강서구,0.9620760375544867,0.0,0.0,0.0,0.0,0.0,excluded_below_25pct,400,1528,409.0,558.0,200.0,210.0,77.0,74.0,54790024944.0,2441383.0,14054707715.0,16896276136.0,9689567073.0,7822678194.0,2653925856.0,3672869970.0,111623.0,683637.0,702429.0,435742.0,24386.0,483566.0
R,전통시장,3130205,신곡종합시장(신월6동 골목시장),11470610,신월6동,11470610,신월6동,양천구,1.0,0.0,0.0,0.0,0.0,0.0,excluded_below_25pct,400,425,16.0,171.0,123.0,67.0,44.0,4.0,54430994833.0,2344202.0,0.0,35920098288.0,14703122839.0,3137156025.0,448014687.0,222602994.0,0.0,1382356.0,727222.0,162921.0,29139.0,42564.0
A,골목상권,3110861,관악구신사동주민센터,11620685,신사동,11620685,신사동,관악구,0.996617415784375,0.0,0.0,0.0,0.0,0.0,excluded_below_25pct,400,1662,165.0,737.0,232.0,314.0,170.0,44.0,52443572791.0,3155890.0,3269903293.0,26216918255.0,6337752494.0,11153996067.0,5102017347.0,362985335.0,19450.0,1381139.0,832328.0,483697.0,382672.0,56604.0
A,골목상권,3110625,신정2동주민센터,11470630,신정2동,11470630,신정2동,양천구,0.9027098366230131,0.0,0.0,0.0,0.0,0.0,excluded_below_25pct,400,1364,415.0,384.0,149.0,185.0,154.0,77.0,52379120443.0,2013302.0,20791184555.0,8549630035.0,10545550992.0,10874521030.0,1057003764.0,561230067.0,172072.0,90420.0,1293317.0,346927.0,6745.0,103821.0
R,전통시장,3130172,모래내시장(서중시장),11410690,남가좌1동,11410690,남가좌1동,서대문구,1.0,0.0,0.0,0.0,0.0,0.0,excluded_below_25pct,400,428,5.0,92.0,158.0,120.0,53.0,0.0,49716156960.0,2200392.0,0.0,13166392215.0,21305860551.0,14765688955.0,478215239.0,0.0,0.0,554770.0,976701.0,663426.0,5495.0,0.0
R,전통시장,3130223,고척근린시장,11530730,고척2동,11530730,고척2동,구로구,0.6335943686044111,0.0,0.0,0.0,0.0,0.0,excluded_below_25pct,400,623,16.0,218.0,232.0,118.0,35.0,4.0,49425336126.0,2417453.0,17478424.0,28398428326.0,12980737681.0,7868528044.0,160163651.0,0.0,70.0,1365809.0,589583.0,460703.0,1288.0,0.0
A,골목상권,3110710,남구로역 3번,11530530,구로2동,11530530,구로2동,구로구,0.6386663255251276,0.0,0.0,0.0,0.0,0.0,excluded_below_25pct,400,1703,37.0,622.0,313.0,319.0,403.0,9.0,47814348874.0,2003781.0,52107177.0,19266488049.0,12696315998.0,9552747282.0,6246690368.0,0.0,5038.0,484464.0,1062709.0,360320.0,91250.0,0.0
A,골목상권,3110502,남가좌파출소,11410700,남가좌2동,11410700,남가좌2동,서대문구,1.0000000000000002,0.0,0.0,0.0,0.0,0.0,excluded_below_25pct,400,1186,135.0,453.0,210.0,241.0,83.0,64.0,46958920072.0,2117838.0,0.0,27658224682.0,6468842295.0,11621812150.0,1122054461.0,87986484.0,0.0,968457.0,600620.0,517210.0,20093.0,11458.0
A,골목상권,3110507,명지대학교,11410685,홍은2동,11410685,홍은2동,서대문구,0.5364361249447783,0.0,0.0,0.0,0.0,0.0,excluded_below_25pct,400,1612,141.0,483.0,225.0,490.0,186.0,87.0,46647941342.0,2439386.0,2237442042.0,11925903947.0,4999684068.0,19461992394.0,5059607424.0,2963311467.0,8745.0,378458.0,403146.0,973879.0,215843.0,459315.0
D,발달상권,3120087,응암역,11380580,응암1동,11380631,신사1동,은평구,0.6511548038106307,0.014970059880239521,0.0,0.0029940119760479044,0.0,0.005988023952095808,excluded_below_25pct,400,674,32.0,321.0,137.0,117.0,59.0,8.0,45728275273.0,2380172.0,14712000000.0,13181781002.0,3123958167.0,12145159222.0,1183248242.0,1382128640.0,1000703.0,252864.0,62267.0,811568.0,69852.0,182918.0
R,전통시장,3130163,응암오거리상점가,11380600,응암3동,11380600,응암3동,은평구,1.0000000000000002,0.0,0.0,0.0,0.0,0.0,excluded_below_25pct,400,881,16.0,226.0,128.0,231.0,254.0,26.0,45556053165.0,2144620.0,0.0,10998497691.0,10807807064.0,14017818782.0,9538359791.0,193569837.0,0.0,722603.0,798808.0,291339.0,301469.0,30401.0
A,골목상권,3110776,도신초등학교,11560720,대림3동,11560720,대림3동,영등포구,0.7927492317916784,0.0,0.0,0.0,0.0,0.0,excluded_below_25pct,400,628,47.0,255.0,177.0,100.0,37.0,12.0,45311140427.0,794008.0,285878267.0,36420311593.0,7192199225.0,1243292785.0,140495834.0,28962723.0,2690.0,305432.0,449873.0,28326.0,3875.0,3812.0
A,골목상권,3110648,양천향교역 7번,11500603,가양1동,11500603,가양1동,강서구,1.0,0.0,0.0,0.0,0.0,0.0,excluded_below_25pct,400,1303,50.0,564.0,144.0,348.0,91.0,106.0,44697770135.0,2004280.0,0.0,757255246.0,25248702391.0,16904582542.0,0.0,1787229956.0,0.0,26383.0,909719.0,760776.0,0.0,307402.0
A,골목상권,3110659,화곡역 4번,11500590,화곡본동,11500590,화곡본동,강서구,0.9371081932745421,0.0,0.0,0.0,0.0,0.0,excluded_below_25pct,400,1717,265.0,756.0,309.0,277.0,72.0,38.0,44188379786.0,2528701.0,4621148046.0,10852334502.0,20137673900.0,5781538128.0,1974952837.0,820732373.0,85330.0,326461.0,1692158.0,237436.0,27838.0,159478.0
D,발달상권,3120109,서울남부지방법원,11470620,신정1동,11470620,신정1동,양천구,0.582420535689733,0.0,0.0,0.0,0.0,0.0,excluded_below_25pct,400,2600,290.0,1491.0,265.0,302.0,166.0,86.0,44187733059.0,1401373.0,14081090669.0,9929053718.0,4042374523.0,10711380933.0,4110427290.0,1313405926.0,59142.0,302081.0,266644.0,516035.0,97761.0,159710.0
R,전통시장,3130210,목2동시장,11470520,목2동,11470520,목2동,양천구,0.999878346575516,0.0,0.0,0.0,0.0,0.0,excluded_below_25pct,400,743,16.0,256.0,147.0,198.0,117.0,9.0,44029165584.0,1849260.0,0.0,17837085821.0,6909359044.0,16317886542.0,2663692519.0,301141658.0,0.0,726337.0,612785.0,379969.0,71505.0,58664.0
A,골목상권,3110757,양평역 2번,11560610,양평1동,11560610,양평1동,영등포구,1.0,0.017964071856287425,0.0,0.005988023952095809,0.0,0.007984031936127746,excluded_below_25pct,400,923,55.0,335.0,213.0,204.0,88.0,28.0,43670533477.0,2369424.0,492000000.0,16137031756.0,12247281818.0,11790518481.0,2131306620.0,872394802.0,1600.0,536420.0,1133805.0,525570.0,37496.0,134533.0
A,골목상권,3110942,염곡동 구룡사(포이동성당),11650652,양재2동,11650652,양재2동,서초구,0.9836666136980655,0.0,0.0,0.0,0.0,0.0,excluded_below_25pct,400,1893,144.0,808.0,508.0,297.0,77.0,59.0,42697072692.0,1290164.0,0.0,14220716788.0,9980932395.0,15901427837.0,1331753718.0,1262241954.0,0.0,359422.0,499236.0,266428.0,19160.0,145918.0
A,골목상권,3110855,신대방역 2번,11620725,조원동,11620725,조원동,관악구,0.985360373313594,0.0,0.0,0.0,0.0,0.0,excluded_below_25pct,400,1341,64.0,586.0,204.0,243.0,175.0,69.0,42192065029.0,1856503.0,0.0,18508609636.0,2893351121.0,16515316479.0,3351347257.0,923440536.0,0.0,791018.0,241318.0,546476.0,112142.0,165549.0
R,전통시장,3130202,신영시장,11470560,신월1동,11470560,신월1동,양천구,1.0,0.0,0.0,0.0,0.0,0.0,excluded_below_25pct,400,1005,59.0,175.0,473.0,255.0,33.0,10.0,41416101946.0,1837195.0,3865944194.0,751358537.0,30516922848.0,5651181394.0,465279960.0,165415013.0,11493.0,25201.0,1437380.0,325977.0,4419.0,32725.0
R,전통시장,3130225,개봉중앙시장,11530750,개봉2동,11530750,개봉2동,구로구,0.9691458355277949,0.0,0.0,0.0,0.0,0.0,excluded_below_25pct,400,683,28.0,290.0,166.0,99.0,80.0,20.0,40671933884.0,2331975.0,331030508.0,14586786301.0,15920639297.0,7966269756.0,1074297969.0,792910053.0,4984.0,705748.0,1023679.0,407516.0,50252.0,139796.0
A,골목상권,3110690,오류2동버들시장,11530780,오류2동,11530780,오류2동,구로구,0.9776759991270962,0.0,0.0,0.0,0.0,0.0,excluded_below_25pct,400,1517,123.0,537.0,383.0,364.0,94.0,16.0,40647319993.0,1778684.0,1915944237.0,16506051556.0,6706687585.0,14360249891.0,1079438837.0,78947887.0,6601.0,674642.0,507153.0,547042.0,25496.0,17750.0
A,골목상권,3110469,응암정보도서관,11380600,응암3동,11380600,응암3동,은평구,0.9919524196941167,0.0,0.0,0.0,0.0,0.0,excluded_below_25pct,400,1668,103.0,629.0,449.0,328.0,102.0,57.0,40496276309.0,2087515.0,871496449.0,12575650573.0,19988966178.0,5999707972.0,938480960.0,121974177.0,6471.0,558606.0,1231228.0,244924.0,21525.0,24761.0
A,골목상권,3110703,개봉역,11530740,개봉1동,11530740,개봉1동,구로구,0.7387487108394597,0.0,0.0,0.0,0.0,0.0,excluded_below_25pct,400,844,42.0,245.0,223.0,218.0,91.0,25.0,40457461244.0,2312395.0,0.0,4743129366.0,20706098792.0,11735475857.0,2511151042.0,761606187.0,0.0,134320.0,1284204.0,665506.0,100598.0,127767.0
A,골목상권,3110881,구립대학경로당(관악산샘말공원),11620735,대학동,11620735,대학동,관악구,0.9991260564632957,0.0,0.0,0.0,0.0,0.0,excluded_below_25pct,400,2083,283.0,719.0,194.0,608.0,212.0,67.0,40174401026.0,4232789.0,1259940488.0,1455929461.0,13026571660.0,16159436583.0,5571271294.0,2701251540.0,31979.0,82802.0,1856204.0,836417.0,861990.0,563397.0
A,골목상권,3110706,그라운드 고척,11530720,고척1동,11530720,고척1동,구로구,1.0000000000000009,0.0,0.0,0.0,0.0,0.0,excluded_below_25pct,400,665,25.0,143.0,93.0,216.0,154.0,34.0,38949216119.0,2605884.0,0.0,10584115146.0,5287996124.0,15369225982.0,5657913672.0,2049965195.0,0.0,430551.0,703694.0,747750.0,410367.0,313522.0
A,골목상권,3110713,구로보건소,11530560,구로5동,11530560,구로5동,구로구,1.0,0.005988023952095809,0.0,0.005988023952095809,0.0,0.003992015968063873,excluded_below_25pct,400,1830,113.0,673.0,435.0,379.0,157.0,73.0,38835911493.0,1608584.0,2743267848.0,4743685502.0,18188306604.0,10952484779.0,1816221055.0,391945705.0,8237.0,220263.0,515385.0,765131.0,48012.0,51556.0
A,골목상권,3110667,가양역 10번,11500535,등촌3동,11500535,등촌3동,강서구,0.9983511899947048,0.0,0.0,0.0,0.0,0.0,excluded_below_25pct,400,707,29.0,359.0,204.0,77.0,22.0,16.0,38660349080.0,1817394.0,524626218.0,17397606627.0,12961339278.0,7340959109.0,191825286.0,243992562.0,47400.0,386503.0,871645.0,436652.0,3716.0,71478.0
A,골목상권,3110869,"신림역 5번(신림동주민센터, 신림동별빛거리)",11620695,신림동,11620695,신림동,관악구,0.9786877865217464,0.0,0.0,0.0,0.0,0.0,excluded_below_25pct,400,1417,75.0,637.0,167.0,297.0,170.0,71.0,37816747375.0,2556383.0,0.0,1756433909.0,19007783896.0,9631465213.0,6504748091.0,916316266.0,0.0,173276.0,1730318.0,291486.0,215883.0,145420.0
A,골목상권,3110471,응암동우체국,11380590,응암2동,11380590,응암2동,은평구,0.8522924932907758,0.0,0.0,0.0,0.0,0.0,excluded_below_25pct,400,769,62.0,316.0,151.0,148.0,63.0,29.0,37695519352.0,1813273.0,1366539732.0,7227674825.0,24651769466.0,3217308786.0,1232226543.0,0.0,7774.0,321019.0,1381205.0,91220.0,12055.0,0.0
A,골목상권,3110649,우장산역 1번,11500615,우장산동,11500615,우장산동,강서구,1.0,0.0,0.0,0.0,0.0,0.0,excluded_below_25pct,400,725,245.0,224.0,91.0,113.0,39.0,13.0,37326852233.0,1141001.0,26561503585.0,2357482544.0,5235434125.0,1453158950.0,931936095.0,787336934.0,80157.0,119120.0,732579.0,116142.0,4970.0,88033.0
A,골목상권,3110695,개봉1동주민센터,11530730,고척2동,11530740,개봉1동,구로구,0.5823555253289088,0.0,0.0,0.0,0.0,0.0,excluded_below_25pct,400,1233,40.0,426.0,267.0,323.0,128.0,49.0,36760461454.0,1464758.0,981336248.0,1963673484.0,23898091078.0,8347307439.0,930783790.0,639269415.0,2930.0,52667.0,1040073.0,273095.0,20557.0,75436.0
A,골목상권,3110717,남구로역 2번,11530595,가리봉동,11530595,가리봉동,구로구,0.5275352970760591,0.0,0.0,0.0,0.0,0.0,excluded_below_25pct,400,1606,47.0,539.0,335.0,419.0,236.0,30.0,36501940316.0,2074843.0,482761183.0,4334610268.0,20536915446.0,7679283695.0,3125924901.0,342444823.0,1596.0,200933.0,1485231.0,221541.0,87725.0,77817.0
A,골목상권,3110738,문성초등학교,11545630,독산3동,11545630,독산3동,금천구,0.8206914041202452,0.0,0.0,0.0,0.0,0.0,excluded_below_25pct,400,1217,48.0,431.0,254.0,291.0,153.0,40.0,36381301347.0,1632899.0,158651413.0,9955331608.0,11948526767.0,11416093498.0,1694896970.0,1207801091.0,736.0,338512.0,650101.0,382725.0,27299.0,233526.0
A,골목상권,3110753,시흥동 은행나무사거리,11545710,시흥5동,11545710,시흥5동,금천구,1.0000000000000007,0.0,0.0,0.0,0.0,0.0,excluded_below_25pct,400,902,61.0,432.0,158.0,140.0,77.0,34.0,35602506784.0,2246569.0,48387164.0,20151341704.0,8114887822.0,5948169287.0,1077731460.0,261989347.0,323.0,1002594.0,986135.0,174386.0,36180.0,46951.0
A,골목상권,3110606,신한은행 신월동지점,11470590,신월4동,11470590,신월4동,양천구,0.9317817716636819,0.0,0.0,0.0,0.0,0.0,excluded_below_25pct,400,1010,49.0,386.0,181.0,220.0,154.0,20.0,35484489378.0,1961558.0,0.0,8687756337.0,6723493023.0,16031759083.0,3804819563.0,236661372.0,0.0,377860.0,715007.0,739399.0,71023.0,58269.0
R,전통시장,3130283,신원시장,11620655,신원동,11620655,신원동,관악구,0.9849477592729924,0.0,0.0,0.0,0.0,0.0,excluded_below_25pct,400,713,8.0,208.0,214.0,218.0,52.0,13.0,35376732195.0,1788004.0,0.0,376979906.0,27406084828.0,7106135260.0,487532201.0,0.0,0.0,4578.0,1422648.0,351452.0,9326.0,0.0
A,골목상권,3110651,화원중학교,11500540,화곡1동,11500540,화곡1동,강서구,0.9889435552690063,0.0,0.0,0.0,0.0,0.0,excluded_below_25pct,400,870,73.0,361.0,214.0,132.0,61.0,29.0,35081847042.0,995003.0,4156984314.0,680849348.0,26184926909.0,2714452885.0,890856243.0,453777343.0,10010.0,17152.0,827217.0,73305.0,12304.0,55015.0
A,골목상권,3110627,신정롯데캐슬아파트,11470630,신정2동,11470630,신정2동,양천구,0.9999999999999991,0.0,0.0,0.0,0.0,0.0,excluded_below_25pct,400,1035,175.0,358.0,173.0,209.0,90.0,30.0,34551637914.0,1096704.0,3672666807.0,8703610846.0,9866197194.0,11149246600.0,794681921.0,365234546.0,10433.0,135063.0,412311.0,473172.0,10887.0,54838.0
D,발달상권,3120133,서울시흥동우체국(홈플러스시흥점),11545670,시흥1동,11545670,시흥1동,금천구,1.0000000000000002,0.0,0.0,0.0,0.0,0.0,excluded_below_25pct,400,967,59.0,230.0,362.0,197.0,107.0,12.0,34432653462.0,989752.0,3576649570.0,11557435497.0,3380725408.0,13076242407.0,2138710752.0,702889828.0,10914.0,292889.0,24619.0,438475.0,107473.0,115382.0
A,골목상권,3110654,까치산역 4번,11500540,화곡1동,11500540,화곡1동,강서구,0.9909538950546194,0.0,0.0,0.0,0.0,0.0,excluded_below_25pct,400,1779,94.0,809.0,347.0,284.0,197.0,48.0,34419699762.0,2477044.0,914736508.0,11300785587.0,11474528869.0,7353026625.0,2513545701.0,863076472.0,4366.0,350204.0,1740031.0,235353.0,51847.0,95243.0
A,골목상권,3110495,북가좌2동주민센터,11410720,북가좌2동,11410720,북가좌2동,서대문구,0.9364941102994194,0.0,0.0,0.0,0.0,0.0,excluded_below_25pct,400,858,127.0,309.0,123.0,166.0,90.0,43.0,32338433514.0,1438380.0,4613201110.0,3121866897.0,7260182823.0,13952971370.0,2780615522.0,609595792.0,13694.0,76341.0,577927.0,535235.0,163552.0,71631.0
A,골목상권,3110819,신대방역 4번,11590670,신대방1동,11590670,신대방1동,동작구,0.9674202168019886,0.0,0.0,0.0,0.0,0.0,excluded_below_25pct,400,1076,44.0,474.0,229.0,201.0,89.0,39.0,32021054771.0,2104140.0,27613804.0,6615650799.0,15012454276.0,8624457210.0,1066746884.0,674131798.0,192.0,330528.0,1344439.0,308384.0,27576.0,93021.0
R,전통시장,3130217,화곡본동시장,11500590,화곡본동,11500590,화곡본동,강서구,0.9999999999999997,0.0,0.0,0.0,0.0,0.0,excluded_below_25pct,400,502,8.0,130.0,154.0,138.0,68.0,4.0,31903767853.0,1576045.0,0.0,5135629603.0,13309659962.0,10830627037.0,2627851251.0,0.0,0.0,403934.0,687948.0,424980.0,59183.0,0.0
R,전통시장,3130244,대림중앙시장,11560710,대림2동,11560710,대림2동,영등포구,1.0,0.0,0.0,0.0,0.0,0.0,excluded_below_25pct,400,762,4.0,231.0,265.0,198.0,57.0,7.0,31655191040.0,1703458.0,0.0,134184095.0,25588210081.0,5286423003.0,646373861.0,0.0,0.0,5547.0,1484651.0,205646.0,7614.0,0.0
A,골목상권,3110646,푸른들청소년도서관,11500560,화곡3동,11500560,화곡3동,강서구,0.995915822736168,0.0,0.0,0.0,0.0,0.0,excluded_below_25pct,400,1588,180.0,588.0,242.0,365.0,144.0,69.0,31592687643.0,1319726.0,3813497612.0,9056929838.0,5356695882.0,10023967835.0,2828407864.0,513188612.0,13032.0,375404.0,445869.0,337376.0,52159.0,95886.0
A,골목상권,3110778,구로디지털단지역 4번,11560710,대림2동,11560710,대림2동,영등포구,0.9580044112093911,0.0,0.0,0.0,0.0,0.0,excluded_below_25pct,400,1458,47.0,533.0,275.0,377.0,202.0,24.0,31560388804.0,1057075.0,561042991.0,892821573.0,18882045188.0,9409322809.0,1506335078.0,308821165.0,2352.0,45338.0,749936.0,212611.0,17085.0,29753.0
R,전통시장,3130294,관악중부시장,11620575,행운동,11620575,행운동,관악구,0.9999999999999996,0.0,0.0,0.0,0.0,0.0,excluded_below_25pct,400,733,16.0,289.0,220.0,160.0,32.0,16.0,31557309460.0,1669688.0,582016293.0,10056805637.0,14585977166.0,5146684295.0,610968254.0,574857815.0,2021.0,151589.0,1121291.0,272328.0,31459.0,91000.0
A,골목상권,3110643,강서구다솔마을,11500620,공항동,11500620,공항동,강서구,1.0000000000000002,0.0,0.0,0.0,0.0,0.0,excluded_below_25pct,400,719,16.0,226.0,197.0,214.0,38.0,28.0,31351828642.0,412136.0,0.0,1058887323.0,9598387533.0,20167750647.0,398679588.0,128123551.0,0.0,5077.0,51517.0,336923.0,2586.0,16033.0
A,골목상권,3110558,경성고등학교,11440720,성산1동,11440720,성산1동,마포구,0.6734855541795521,0.011976047904191617,0.0,0.008982035928143712,0.0,0.006986027944111776,excluded_below_25pct,400,1798,153.0,691.0,414.0,290.0,72.0,178.0,31054876047.0,1353658.0,113623366.0,1010030206.0,5404647119.0,21949702661.0,618110646.0,1958762049.0,2569.0,97436.0,584971.0,473267.0,11090.0,184325.0
R,전통시장,3130213,방신전통시장,11500630,방화1동,11500630,방화1동,강서구,1.0000000000000002,0.0,0.0,0.0,0.0,0.0,excluded_below_25pct,400,603,10.0,167.0,266.0,144.0,12.0,4.0,29643819609.0,1341924.0,0.0,1631734625.0,24995146916.0,3016938068.0,0.0,0.0,0.0,28628.0,1116666.0,196630.0,0.0,0.0
R,전통시장,3130165,"대림골목시장(대림시장, 양지시장)",11380600,응암3동,11380600,응암3동,은평구,1.0000000000000002,0.0,0.0,0.0,0.0,0.0,excluded_below_25pct,400,663,12.0,119.0,274.0,240.0,14.0,4.0,29376345689.0,1375960.0,0.0,2205979337.0,18066792305.0,9103574047.0,0.0,0.0,0.0,57182.0,757482.0,561296.0,0.0,0.0
A,골목상권,3110804,신풍역 1번,11560680,신길6동,11560680,신길6동,영등포구,0.9797701702557806,0.0,0.0,0.0,0.0,0.0,excluded_below_25pct,400,655,53.0,248.0,148.0,138.0,55.0,13.0,28758066606.0,1533646.0,370573787.0,3067265007.0,7486624220.0,15455588573.0,1944455370.0,433559649.0,1956.0,236103.0,852475.0,367378.0,30814.0,44920.0
A,골목상권,3110877,신림역 8번,11620695,신림동,11620695,신림동,관악구,0.7420939049030371,0.0,0.0,0.0,0.0,0.0,excluded_below_25pct,400,755,44.0,358.0,114.0,137.0,66.0,36.0,28684615762.0,1282420.0,591982292.0,5034792103.0,7310490803.0,12349674983.0,1081352706.0,2316322875.0,590.0,65200.0,612228.0,269679.0,27039.0,307684.0
A,골목상권,3110496,모래내우체국,11410720,북가좌2동,11410720,북가좌2동,서대문구,0.9990047617600814,0.0,0.0,0.0,0.0,0.0,excluded_below_25pct,400,918,192.0,363.0,87.0,169.0,98.0,9.0,28647561608.0,1102947.0,6585564315.0,15141035524.0,0.0,4272583382.0,2184093822.0,464284565.0,24330.0,658398.0,0.0,202760.0,97595.0,119864.0
A,골목상권,3110450,시립서북병원,11380560,구산동,11380625,역촌동,은평구,0.5488650504448506,0.0,0.0,0.0,0.0,0.0,excluded_below_25pct,400,1260,128.0,466.0,275.0,233.0,99.0,59.0,28571335052.0,1921091.0,275368502.0,2350610254.0,16853709071.0,5087038181.0,3508214546.0,496394498.0,1358.0,70333.0,1427518.0,224154.0,106031.0,91697.0
A,골목상권,3110595,메디힐병원,11470600,신월5동,11470600,신월5동,양천구,1.0000000000000004,0.0,0.0,0.0,0.0,0.0,excluded_below_25pct,400,964,53.0,388.0,212.0,160.0,117.0,34.0,28363375226.0,1115886.0,70924135.0,6289374043.0,9668942200.0,10381755753.0,1318976261.0,633402834.0,373.0,220187.0,536007.0,203181.0,22298.0,133840.0
A,골목상권,3110856,미성초등학교,11620765,미성동,11620765,미성동,관악구,0.9998072662011087,0.0,0.0,0.0,0.0,0.0,excluded_below_25pct,400,947,69.0,456.0,200.0,122.0,74.0,26.0,28256617922.0,1256000.0,3633271213.0,8514153925.0,13582472401.0,1326260868.0,1125517205.0,74942310.0,10052.0,218209.0,976274.0,31191.0,9866.0,10408.0
R,전통시장,3130233,남문시장,11545630,독산3동,11545630,독산3동,금천구,1.0000000000000004,0.0,0.0,0.0,0.0,0.0,excluded_below_25pct,400,605,4.0,125.0,273.0,177.0,22.0,4.0,27822473513.0,1158086.0,0.0,155143043.0,21159660051.0,6235051872.0,272618547.0,0.0,0.0,4756.0,829365.0,320399.0,3566.0,0.0
A,골목상권,3110620,목동보건지소,11470540,목4동,11470540,목4동,양천구,0.6083055795918182,0.0,0.0,0.0,0.0,0.0,excluded_below_25pct,400,1439,195.0,647.0,250.0,177.0,123.0,47.0,27695062847.0,1113840.0,1550278994.0,10877654388.0,8268773884.0,3385225924.0,3197648101.0,415481556.0,6839.0,461243.0,332264.0,185446.0,44663.0,83385.0
A,골목상권,3110593,신월3동주민센터,11470580,신월3동,11470580,신월3동,양천구,0.9848680788090238,0.0,0.0,0.0,0.0,0.0,excluded_below_25pct,400,850,68.0,307.0,201.0,150.0,107.0,17.0,27426939185.0,1737797.0,370087368.0,12566537732.0,8458004405.0,4477739769.0,1051724386.0,502845525.0,857.0,611133.0,735691.0,246116.0,28358.0,115642.0
A,골목상권,3110725,가산동주민센터,11545510,가산동,11545510,가산동,금천구,1.0,0.0,0.0,0.0,0.0,0.0,excluded_below_25pct,400,505,8.0,164.0,65.0,155.0,80.0,33.0,27046648561.0,1173829.0,0.0,323365103.0,11763812945.0,12303400777.0,2304633299.0,351436437.0,0.0,57416.0,747600.0,253798.0,48768.0,66247.0
A,골목상권,3110752,한울중학교,11545700,시흥4동,11545700,시흥4동,금천구,0.8026969354107489,0.0,0.0,0.0,0.0,0.0,excluded_below_25pct,400,865,63.0,355.0,200.0,137.0,80.0,30.0,26993358698.0,1860706.0,553044275.0,8736436186.0,11579837675.0,5381286765.0,730389444.0,12364353.0,3575.0,526784.0,1184772.0,133870.0,10026.0,1679.0
D,발달상권,3120161,방배동가구거리(사당동가구거리),11650590,방배본동,11650590,방배본동,서초구,0.9442828369557438,0.0029940119760479044,0.0,0.0029940119760479044,0.0,0.0019960079840319364,excluded_below_25pct,400,558,46.0,201.0,195.0,57.0,32.0,27.0,26922750920.0,370202.0,105142858.0,1323063630.0,23693441236.0,1432430833.0,166183549.0,202488814.0,357.0,15778.0,292305.0,38695.0,384.0,22683.0
A,골목상권,3110812,신길6동주민센터,11560680,신길6동,11560680,신길6동,영등포구,0.6473016920464303,0.0,0.0,0.0,0.0,0.0,excluded_below_25pct,400,467,57.0,160.0,52.0,108.0,66.0,24.0,26561744945.0,1355724.0,2079948935.0,9329583621.0,4503621034.0,8028633438.0,1363081817.0,1256876100.0,6881.0,232329.0,718057.0,197121.0,16455.0,184881.0
R,전통시장,3130279,관악신사시장,11620685,신사동,11620685,신사동,관악구,1.0000000000000002,0.0,0.0,0.0,0.0,0.0,excluded_below_25pct,400,732,25.0,260.0,225.0,154.0,41.0,27.0,26556668017.0,1843028.0,695754172.0,2855953228.0,15985339921.0,6766566771.0,253053925.0,0.0,1352.0,100737.0,1219598.0,518247.0,3094.0,0.0
R,전통시장,3130204,경창시장,11470570,신월2동,11470570,신월2동,양천구,0.5908151596012026,0.0,0.0,0.0,0.0,0.0,excluded_below_25pct,400,593,60.0,208.0,146.0,96.0,63.0,20.0,25828882563.0,1184864.0,983734413.0,13414067981.0,8444386647.0,2196920010.0,511359097.0,278414415.0,4459.0,737370.0,296054.0,77399.0,9576.0,60006.0
A,골목상권,3110943,법제교육센터(버들어린이공원),11650652,양재2동,11650652,양재2동,서초구,0.9710285330127392,0.0,0.0,0.0,0.0,0.0,excluded_below_25pct,400,587,68.0,273.0,145.0,53.0,21.0,27.0,25538094056.0,275781.0,17988734614.0,3946643425.0,509416901.0,2711678949.0,67027524.0,314592643.0,86485.0,21421.0,3834.0,133750.0,333.0,29958.0
D,발달상권,3120180,양재화물트럭터미널앞,11650652,양재2동,11650652,양재2동,서초구,0.9999999999999996,0.0,0.0,0.0,0.0,0.0,excluded_below_25pct,400,1342,27.0,381.0,738.0,146.0,14.0,36.0,24924971120.0,1450630.0,0.0,3582724424.0,8047099785.0,11474572622.0,0.0,1820574289.0,0.0,75344.0,143985.0,839737.0,0.0,391564.0
A,골목상권,3110883,은천초등학교(은천교앞),11620525,보라매동,11620525,보라매동,관악구,0.8513413852776024,0.0,0.0,0.0,0.0,0.0,excluded_below_25pct,400,850,51.0,385.0,143.0,149.0,88.0,34.0,24823946212.0,1940669.0,271214991.0,3178153314.0,15990876918.0,2687209370.0,2597120605.0,99371014.0,852.0,60740.0,1405080.0,205574.0,253801.0,14622.0
A,골목상권,3110720,대림역 2번,11530550,구로4동,11530550,구로4동,구로구,0.954399967367987,0.0,0.0,0.0,0.0,0.0,excluded_below_25pct,400,916,28.0,346.0,182.0,211.0,139.0,10.0,24729694567.0,1544600.0,0.0,3661620918.0,8876849822.0,10300208116.0,1278050617.0,612965094.0,0.0,145978.0,1024191.0,307683.0,14150.0,52598.0
A,골목상권,3110503,명지대학교교회,11410700,남가좌2동,11410700,남가좌2동,서대문구,0.5361713131821556,0.0,0.0,0.0,0.0,0.0,excluded_below_25pct,400,1103,137.0,361.0,141.0,300.0,86.0,78.0,24591668911.0,2197867.0,7756666548.0,518926800.0,1895344306.0,11191945772.0,2263488021.0,965297464.0,22633.0,19383.0,294373.0,1413775.0,327746.0,119957.0
R,전통시장,3130238,은행나무시장,11545710,시흥5동,11545710,시흥5동,금천구,1.0000000000000002,0.0,0.0,0.0,0.0,0.0,excluded_below_25pct,400,466,28.0,164.0,127.0,115.0,28.0,4.0,24433004992.0,1172803.0,188454541.0,7289012076.0,11962939882.0,4644182285.0,178610404.0,169805804.0,1398.0,377072.0,470282.0,282698.0,1609.0,39744.0
A,골목상권,3110744,독산동성당,11545640,독산4동,11545640,독산4동,금천구,0.7217970060930643,0.0,0.0,0.0,0.0,0.0,excluded_below_25pct,400,1091,89.0,399.0,215.0,209.0,151.0,28.0,24033711479.0,1603887.0,1632365378.0,4702890365.0,11796645208.0,4338434118.0,1216127610.0,347248800.0,4035.0,232777.0,1099704.0,139345.0,62172.0,65854.0
D,발달상권,3120116,송정역,11500620,공항동,11500620,공항동,강서구,0.9918716391803865,0.0,0.0,0.0,0.0,0.0,excluded_below_25pct,400,739,17.0,221.0,109.0,176.0,204.0,12.0,23898541567.0,786704.0,0.0,3253794825.0,3021151861.0,11367673337.0,5272317860.0,983603684.0,0.0,115163.0,91073.0,303535.0,126967.0,149966.0
A,골목상권,3110621,목동역 5번,11470510,목1동,11470510,목1동,양천구,1.0,0.0,0.0,0.0,0.0,0.0,excluded_below_25pct,400,263,135.0,48.0,12.0,44.0,4.0,20.0,23535826181.0,109383.0,20288287993.0,501829110.0,0.0,2727690022.0,0.0,18019056.0,36561.0,2448.0,0.0,66291.0,0.0,4083.0
A,골목상권,3110730,서울축산농협 독산역지점(독산파출소),11545610,독산1동,11545610,독산1동,금천구,0.9999999999999999,0.0,0.0,0.0,0.0,0.0,excluded_below_25pct,400,577,27.0,191.0,205.0,86.0,52.0,16.0,23485534798.0,1069615.0,193006440.0,294070576.0,20046574263.0,1260407668.0,1607475851.0,84000000.0,576.0,15138.0,958077.0,47564.0,39765.0,8495.0
A,골목상권,3110636,방화역 2번,11500630,방화1동,11500630,방화1동,강서구,1.0000000000000004,0.0,0.0,0.0,0.0,0.0,excluded_below_25pct,400,390,36.0,164.0,29.0,90.0,44.0,27.0,23444634757.0,921415.0,991666632.0,12169668628.0,0.0,9782170425.0,230564476.0,270564596.0,2226.0,517178.0,0.0,352063.0,2643.0,47305.0
R,전통시장,3130260,신대방1동골목상권,11590670,신대방1동,11590670,신대방1동,동작구,1.0000000000000002,0.0,0.0,0.0,0.0,0.0,excluded_below_25pct,400,398,12.0,179.0,55.0,105.0,43.0,4.0,23196101646.0,1262970.0,0.0,14164569611.0,2423752384.0,4358436105.0,1545589618.0,703753928.0,0.0,416274.0,420707.0,231358.0,23760.0,170871.0
A,골목상권,3110615,신서초등학교,11470620,신정1동,11470620,신정1동,양천구,1.0,0.0,0.0,0.0,0.0,0.0,excluded_below_25pct,400,521,96.0,145.0,60.0,123.0,64.0,33.0,23123659513.0,892755.0,4514915757.0,2743207851.0,3886399158.0,5866299961.0,5669869874.0,442966912.0,14813.0,11571.0,601268.0,173577.0,34646.0,56880.0
A,골목상권,3110749,금산초등학교(금천고등학교),11545690,시흥3동,11545690,시흥3동,금천구,1.0000000000000004,0.0,0.0,0.0,0.0,0.0,excluded_below_25pct,400,738,72.0,271.0,163.0,146.0,65.0,21.0,23081179974.0,1350138.0,402320476.0,7080796424.0,8879941517.0,4628695772.0,1981425785.0,108000000.0,1811.0,316702.0,488485.0,415712.0,114182.0,13246.0
A,골목상권,3110873,당곡중학교,11620525,보라매동,11620525,보라매동,관악구,1.0,0.0,0.0,0.0,0.0,0.0,excluded_below_25pct,400,1066,85.0,381.0,183.0,290.0,79.0,48.0,22694513354.0,1313817.0,1401218387.0,10001961888.0,5274975556.0,5021562967.0,991259998.0,3534558.0,4170.0,445585.0,578341.0,267769.0,17552.0,400.0
R,전통시장,3130209,목사랑시장(목4동시장),11470540,목4동,11470540,목4동,양천구,1.0,0.0,0.0,0.0,0.0,0.0,excluded_below_25pct,400,513,33.0,117.0,200.0,147.0,8.0,8.0,22602885315.0,1455656.0,56684125.0,150978205.0,13560411626.0,8812198045.0,0.0,22613314.0,320.0,3283.0,847121.0,602055.0,0.0,2877.0
R,전통시장,3130227,고척골목시장상점가(그라운드 고척),11530720,고척1동,11530720,고척1동,구로구,1.0000000000000002,0.0,0.0,0.0,0.0,0.0,excluded_below_25pct,400,404,24.0,168.0,105.0,76.0,23.0,8.0,22527276036.0,1403652.0,0.0,12027720345.0,5927684775.0,4373324257.0,0.0,198546659.0,0.0,557641.0,299024.0,500003.0,0.0,46984.0
A,골목상권,3110732,가산초등학교(세일중학교),11545610,독산1동,11545610,독산1동,금천구,0.9251562398073336,0.0,0.0,0.0,0.0,0.0,excluded_below_25pct,400,804,20.0,344.0,158.0,187.0,75.0,20.0,22325052657.0,977176.0,0.0,5560386455.0,5998142763.0,9497812310.0,947383760.0,321327369.0,0.0,260503.0,387304.0,277432.0,20608.0,31329.0
A,골목상권,3110712,남구로역 5번,11530550,구로4동,11530550,구로4동,구로구,0.976944392498677,0.0,0.0,0.0,0.0,0.0,excluded_below_25pct,400,1222,12.0,461.0,250.0,229.0,258.0,12.0,22288565179.0,1472954.0,0.0,8305060622.0,6946124772.0,4506278280.0,2468439279.0,62662226.0,0.0,698646.0,610579.0,125253.0,37793.0,683.0
A,골목상권,3110632,방화역 3번,11500630,방화1동,11500630,방화1동,강서구,0.6300153614357293,0.0,0.0,0.0,0.0,0.0,excluded_below_25pct,400,550,36.0,224.0,134.0,94.0,31.0,31.0,21914436050.0,508047.0,0.0,11198268151.0,276812722.0,9957654444.0,0.0,481700733.0,0.0,143987.0,4123.0,283702.0,0.0,76235.0
A,골목상권,3110716,구로나눔길,11530530,구로2동,11530530,구로2동,구로구,0.8985222131241236,0.0,0.0,0.0,0.0,0.0,excluded_below_25pct,400,633,20.0,217.0,85.0,215.0,87.0,9.0,21819739408.0,665618.0,0.0,5337470323.0,0.0,13094429231.0,1955636693.0,1432203161.0,0.0,76383.0,0.0,478183.0,13810.0,97242.0
A,골목상권,3110640,방화역 1번,11500641,방화3동,11500641,방화3동,강서구,1.0000000000000004,0.0,0.0,0.0,0.0,0.0,excluded_below_25pct,400,507,24.0,211.0,74.0,133.0,49.0,16.0,21452707570.0,1536576.0,208183222.0,3031931220.0,2117154437.0,14077852120.0,990026240.0,1027560331.0,424.0,81669.0,280901.0,943987.0,40402.0,189193.0
A,골목상권,3110668,화곡2동주민센터,11500550,화곡2동,11500550,화곡2동,강서구,0.6814632027926161,0.0,0.0,0.0,0.0,0.0,excluded_below_25pct,400,1280,257.0,527.0,217.0,171.0,77.0,31.0,21439611201.0,1048225.0,4409524722.0,7495631637.0,4805375338.0,3602794868.0,948858287.0,177426349.0,16596.0,325913.0,510916.0,147013.0,22539.0,25248.0
A,골목상권,3110760,선유도역 6번,11560620,양평2동,11560620,양평2동,영등포구,0.9999999999999992,0.0,0.0,0.0,0.0,0.0,excluded_below_25pct,400,1021,49.0,348.0,340.0,174.0,78.0,32.0,21393523190.0,1345350.0,0.0,3591942561.0,2090259211.0,9346914554.0,3362573537.0,3001833327.0,0.0,112417.0,240363.0,454049.0,59862.0,478659.0
R,전통시장,3130216,화곡중앙시장,11500540,화곡1동,11500540,화곡1동,강서구,0.9999999999999998,0.0,0.0,0.0,0.0,0.0,excluded_below_25pct,400,490,22.0,146.0,126.0,138.0,48.0,10.0,21089599824.0,1246886.0,0.0,10591898972.0,4548447660.0,4445332182.0,996803592.0,507117418.0,0.0,601990.0,130611.0,370133.0,19693.0,124459.0
A,골목상권,3110468,응암역 3번,11380625,역촌동,11380625,역촌동,은평구,0.9772693429776158,0.014970059880239521,0.0,0.0029940119760479044,0.0,0.005988023952095808,excluded_below_25pct,400,1678,117.0,769.0,291.0,310.0,127.0,64.0,20516719187.0,1555524.0,274340423.0,3856074926.0,9712547048.0,4854799404.0,1631281083.0,187676303.0,1411.0,192063.0,1107010.0,198506.0,34877.0,21657.0
A,골목상권,3110630,공항시장역 1번,11500640,방화2동,11500640,방화2동,강서구,0.9955711292175237,0.0,0.0,0.0,0.0,0.0,excluded_below_25pct,400,1037,41.0,451.0,232.0,162.0,98.0,53.0,20262037418.0,838803.0,0.0,8029136838.0,4128475396.0,6618249229.0,1107756861.0,378419094.0,0.0,248429.0,127360.0,354307.0,45407.0,63300.0
A,골목상권,3110754,삼성산자연공원(서울금천초등학교),11545710,시흥5동,11545710,시흥5동,금천구,0.7707575859771139,0.0,0.0,0.0,0.0,0.0,excluded_below_25pct,400,587,8.0,291.0,121.0,98.0,49.0,20.0,20112433778.0,891109.0,0.0,11664989207.0,3125816763.0,5016836199.0,304791609.0,0.0,0.0,472142.0,290286.0,113009.0,15672.0,0.0
A,골목상권,3110787,신길3동주민센터,11560650,신길3동,11560650,신길3동,영등포구,0.9804936902903739,0.0,0.0,0.0,0.0,0.0,excluded_below_25pct,400,833,48.0,319.0,199.0,165.0,79.0,23.0,20050275260.0,1098654.0,23840435.0,6259872832.0,9011107113.0,3973519569.0,781935311.0,0.0,190.0,256137.0,689797.0,119823.0,32707.0,0.0
A,골목상권,3110745,독산동정훈단지,11545620,독산2동,11545620,독산2동,금천구,0.9615679612267278,0.0,0.0,0.0,0.0,0.0,excluded_below_25pct,400,627,24.0,240.0,175.0,117.0,59.0,12.0,19796887011.0,801574.0,73125372.0,5380795986.0,10941072555.0,1287904077.0,1666843100.0,447145921.0,303.0,274867.0,342936.0,53263.0,32258.0,97947.0
R,전통시장,3130242,대림중앙 골목형상점가,11560710,대림2동,11560710,대림2동,영등포구,1.0,0.0,0.0,0.0,0.0,0.0,excluded_below_25pct,400,305,4.0,147.0,28.0,69.0,57.0,0.0,19632335772.0,944888.0,0.0,246821093.0,11129644993.0,7938231816.0,317637870.0,0.0,0.0,9248.0,794658.0,138666.0,2316.0,0.0
A,골목상권,3110871,신원동주민센터,11620655,신원동,11620655,신원동,관악구,0.9999999999999999,0.0,0.0,0.0,0.0,0.0,excluded_below_25pct,400,560,16.0,239.0,73.0,148.0,61.0,23.0,19144125073.0,1189527.0,83849369.0,3248477525.0,1305272021.0,13485232490.0,642425206.0,378868462.0,325.0,259345.0,179032.0,656486.0,7937.0,86402.0
A,골목상권,3110736,독산119안전센터,11545640,독산4동,11545640,독산4동,금천구,0.9995693563463478,0.0,0.0,0.0,0.0,0.0,excluded_below_25pct,400,794,25.0,315.0,132.0,169.0,139.0,14.0,18746402986.0,531737.0,75456262.0,7118612415.0,3409895696.0,5138949015.0,3000814040.0,2675558.0,199.0,36859.0,290195.0,152203.0,52091.0,190.0
A,골목상권,3110813,보라매역 6번,11560680,신길6동,11560680,신길6동,영등포구,0.5564961553736084,0.0,0.0,0.0,0.0,0.0,excluded_below_25pct,400,987,213.0,387.0,135.0,137.0,82.0,33.0,18680164608.0,359624.0,1444295586.0,5949386269.0,1098678352.0,7570490514.0,2594544657.0,22769230.0,6063.0,153357.0,18350.0,70277.0,106769.0,4808.0
A,골목상권,3110882,신성초등학교,11620665,서림동,11620665,서림동,관악구,0.9248009367135802,0.0,0.0,0.0,0.0,0.0,excluded_below_25pct,400,826,145.0,305.0,105.0,194.0,52.0,25.0,18679229603.0,1001600.0,1185593627.0,3140571465.0,4359862083.0,8843647919.0,880883773.0,268670736.0,4053.0,232237.0,479571.0,229473.0,20189.0,36077.0
A,골목상권,3110741,독산2동주민센터,11545620,독산2동,11545620,독산2동,금천구,0.9999999999999999,0.0,0.0,0.0,0.0,0.0,excluded_below_25pct,400,625,53.0,255.0,108.0,137.0,56.0,16.0,18348045449.0,909492.0,578687290.0,6969267864.0,3416892961.0,5495919190.0,1887278144.0,0.0,1579.0,337101.0,218548.0,283631.0,68633.0,0.0
A,골목상권,3110455,역촌노인복지관,11380625,역촌동,11380625,역촌동,은평구,0.908570263690944,0.005988023952095809,0.0,0.0,0.0,0.0019960079840319364,excluded_below_25pct,400,970,105.0,357.0,202.0,193.0,78.0,35.0,18198272404.0,899973.0,2291516010.0,7788795077.0,625056711.0,5087817533.0,1762231523.0,642855550.0,8402.0,513458.0,10799.0,187215.0,49043.0,131056.0
A,골목상권,3110655,발산역 5번,11500615,우장산동,11500615,우장산동,강서구,0.9216077138673394,0.0,0.0,0.0,0.0,0.0,excluded_below_25pct,400,610,59.0,198.0,67.0,153.0,96.0,37.0,18169498840.0,595220.0,234417701.0,6503959024.0,1145519969.0,8107744840.0,560838351.0,1617018955.0,1489.0,207889.0,89110.0,131640.0,5388.0,159704.0
A,골목상권,3110449,증산역 3번,11380640,증산동,11380640,증산동,은평구,1.0000000000000002,0.0,0.0,0.0,0.0,0.0,excluded_below_25pct,400,775,119.0,319.0,126.0,122.0,44.0,45.0,18146912713.0,454879.0,1356307999.0,3597259440.0,9935403649.0,2148784054.0,435378745.0,673778826.0,4655.0,214190.0,51197.0,99692.0,9317.0,75828.0
A,골목상권,3110463,응암3동주민센터,11380600,응암3동,11380600,응암3동,은평구,0.9999999767665878,0.0,0.0,0.0,0.0,0.0,excluded_below_25pct,400,420,4.0,204.0,69.0,80.0,51.0,12.0,18073241001.0,622951.0,0.0,12469314291.0,396000000.0,4554830412.0,441000378.0,212095920.0,0.0,425009.0,5853.0,162245.0,7324.0,22520.0
A,골목상권,3110999,윗방죽마을공원,11680700,세곡동,11680700,세곡동,강남구,1.0000000000000002,0.005988023952095809,0.0,0.0029940119760479044,0.0,0.002994011976047905,excluded_below_25pct,400,634,49.0,287.0,152.0,70.0,43.0,33.0,18031500414.0,1830674.0,0.0,1520995318.0,9716311238.0,3829664354.0,548202085.0,2416327419.0,0.0,78199.0,1130305.0,113140.0,12154.0,496876.0
A,골목상권,3110453,신사1동주민센터,11380631,신사1동,11380631,신사1동,은평구,0.9519651417971162,0.014970059880239521,0.0,0.0029940119760479044,0.0,0.005988023952095808,excluded_below_25pct,400,1110,108.0,566.0,164.0,147.0,70.0,55.0,17897767000.0,964490.0,744456486.0,2512219449.0,6204043682.0,5862256456.0,2511078848.0,63712079.0,4775.0,76902.0,733831.0,112936.0,27353.0,8693.0
A,골목상권,3110597,신월1동주민센터,11470560,신월1동,11470560,신월1동,양천구,0.9828199825120378,0.0,0.0,0.0,0.0,0.0,excluded_below_25pct,400,821,30.0,351.0,168.0,133.0,123.0,16.0,17846699423.0,693397.0,533490909.0,4730324866.0,6550314633.0,4570540034.0,1462028981.0,0.0,1639.0,24510.0,470974.0,173015.0,23259.0,0.0
A,골목상권,3110938,바우뫼공원,11650651,양재1동,11650651,양재1동,서초구,1.0,0.0,0.0,0.0,0.0,0.0,excluded_below_25pct,400,415,39.0,120.0,128.0,73.0,8.0,47.0,17723313466.0,303213.0,11759568229.0,1615033924.0,0.0,2635054963.0,0.0,1713656350.0,58459.0,4643.0,0.0,86836.0,0.0,153275.0
A,골목상권,3110665,곰달래도서관,11500550,화곡2동,11500550,화곡2동,강서구,0.6104046417761861,0.0,0.0,0.0,0.0,0.0,excluded_below_25pct,400,986,88.0,365.0,367.0,119.0,31.0,16.0,17655519527.0,470394.0,5592979075.0,660038838.0,5139181559.0,6240514576.0,11315273.0,11490206.0,87153.0,16362.0,274853.0,90264.0,43.0,1719.0
A,골목상권,3110673,뜸부기어린이공원,11500570,화곡4동,11500570,화곡4동,강서구,0.708183772899259,0.0,0.0,0.0,0.0,0.0,excluded_below_25pct,400,771,57.0,265.0,276.0,114.0,55.0,4.0,17479087153.0,648529.0,1681449044.0,3421416263.0,4905029388.0,7081317365.0,389875093.0,0.0,8826.0,27590.0,548255.0,52826.0,11032.0,0.0
A,골목상권,3110601,신월1동우편취급국,11470560,신월1동,11470560,신월1동,양천구,0.999668489773816,0.0,0.0,0.0,0.0,0.0,excluded_below_25pct,400,938,63.0,388.0,139.0,214.0,109.0,25.0,17405397544.0,766131.0,212897924.0,1093905283.0,4204437456.0,10476750759.0,1217746883.0,199659239.0,671.0,18616.0,339392.0,345034.0,21355.0,41063.0
A,골목상권,3110735,말미고개,11545620,독산2동,11545620,독산2동,금천구,0.9754152608788839,0.0,0.0,0.0,0.0,0.0,excluded_below_25pct,400,894,32.0,426.0,197.0,152.0,63.0,24.0,17161156261.0,633446.0,0.0,5055424963.0,8015394045.0,3294289096.0,758076998.0,37971159.0,0.0,80081.0,446974.0,95102.0,5627.0,5662.0
A,골목상권,3110598,신월문화체육센터,11470611,신월7동,11470611,신월7동,양천구,1.0,0.0,0.0,0.0,0.0,0.0,excluded_below_25pct,400,796,70.0,270.0,160.0,151.0,124.0,21.0,17155471727.0,1057372.0,395742138.0,3418187926.0,4950853006.0,4838438036.0,3288211977.0,264038644.0,1363.0,263585.0,398416.0,295437.0,39431.0,59140.0
R,전통시장,3130275,강남골목시장,11620725,조원동,11620725,조원동,관악구,0.9999999999999998,0.0,0.0,0.0,0.0,0.0,excluded_below_25pct,400,238,8.0,64.0,70.0,56.0,32.0,8.0,17031945870.0,903230.0,0.0,0.0,14108666785.0,2157352293.0,765926792.0,0.0,0.0,0.0,819094.0,63659.0,20477.0,0.0
A,골목상권,3110341,북한산우이역 2번,11305645,우이동,11305645,우이동,강북구,1.0,0.0,0.0,0.0,0.0,0.0,excluded_below_25pct,400,331,12.0,49.0,98.0,119.0,32.0,21.0,16443915195.0,794345.0,0.0,0.0,7461502663.0,8277861134.0,685693290.0,18858108.0,0.0,0.0,589659.0,169705.0,32541.0,2440.0
A,골목상권,3110662,까치산역 1번,11500593,화곡8동,11500593,화곡8동,강서구,0.8412574393816356,0.0,0.0,0.0,0.0,0.0,excluded_below_25pct,400,1267,84.0,620.0,265.0,200.0,71.0,27.0,16072556132.0,1346939.0,256944563.0,2296460695.0,9564879602.0,2849236664.0,1054830510.0,50204098.0,1403.0,130326.0,1046021.0,126091.0,33735.0,9363.0
A,골목상권,3110984,포이초등학교(개포목련어린이공원),11680690,개포4동,11680690,개포4동,강남구,1.0,0.0,0.0,0.0,0.0,0.0,excluded_below_25pct,400,1355,185.0,654.0,327.0,120.0,28.0,41.0,16062315012.0,782627.0,3734422799.0,4970900851.0,3267677341.0,3248363913.0,271071284.0,569878824.0,11414.0,268375.0,290484.0,133456.0,711.0,78187.0
A,골목상권,3110729,가산동우체국,11545510,가산동,11545510,가산동,금천구,0.9955112559895887,0.0,0.0,0.0,0.0,0.0,excluded_below_25pct,400,745,22.0,249.0,100.0,190.0,166.0,18.0,16048522170.0,990380.0,37421861.0,252528185.0,4818056685.0,8154272346.0,2754740854.0,31502239.0,3453.0,10731.0,676460.0,250546.0,43069.0,6121.0
A,골목상권,3110755,동일여자고등학교,11545680,시흥2동,11545710,시흥5동,금천구,0.5530242589146696,0.0,0.0,0.0,0.0,0.0,excluded_below_25pct,400,616,95.0,242.0,141.0,87.0,40.0,11.0,15550321064.0,902171.0,1285168072.0,5096949493.0,5593790041.0,2803139700.0,509166095.0,262107663.0,5974.0,186498.0,585754.0,66720.0,14530.0,42695.0
A,골목상권,3110731,금천구청역 1번 출입구,11545670,시흥1동,11545670,시흥1동,금천구,0.9796929344860732,0.0,0.0,0.0,0.0,0.0,excluded_below_25pct,400,764,24.0,278.0,94.0,226.0,93.0,49.0,15326561466.0,614925.0,0.0,2966760165.0,298462963.0,9664794996.0,1433706554.0,962836788.0,0.0,86530.0,11188.0,363621.0,26931.0,126655.0
A,골목상권,3110604,신월4동주민센터,11470590,신월4동,11470590,신월4동,양천구,1.0,0.0,0.0,0.0,0.0,0.0,excluded_below_25pct,400,834,151.0,340.0,177.0,85.0,71.0,10.0,15232682645.0,624251.0,5977262793.0,978901721.0,5277446145.0,2255463024.0,603669342.0,139939620.0,27556.0,29115.0,429068.0,104909.0,6738.0,26865.0
R,전통시장,3130258,영진시장A동,11560680,신길6동,11560680,신길6동,영등포구,0.8827830483552505,0.0,0.0,0.0,0.0,0.0,excluded_below_25pct,400,96,0.0,24.0,40.0,20.0,0.0,12.0,15228687002.0,806502.0,0.0,0.0,15096636253.0,124843718.0,0.0,7207031.0,0.0,0.0,802240.0,2736.0,0.0,1526.0
A,골목상권,3110820,성남고등학교,11590660,대방동,11590660,대방동,동작구,0.9999999999999997,0.005988023952095809,0.0,0.005988023952095809,0.0,0.003992015968063873,excluded_below_25pct,400,822,243.0,273.0,169.0,86.0,23.0,28.0,15203223311.0,344666.0,10030871726.0,533659056.0,2776673889.0,1573581571.0,0.0,288437069.0,70798.0,29307.0,111137.0,95945.0,0.0,37479.0
A,골목상권,3110981,국악고교사거리,11680690,개포4동,11680690,개포4동,강남구,1.0,0.0,0.0,0.0,0.0,0.0,excluded_below_25pct,400,650,80.0,244.0,189.0,88.0,28.0,21.0,15116616821.0,310219.0,624066081.0,2575162304.0,5943133274.0,4510505347.0,198858176.0,1264891639.0,1226.0,26454.0,43407.0,109095.0,2671.0,127366.0
A,골목상권,3110936,더케이호텔(양재리본타워2단지아파트),11650652,양재2동,11650652,양재2동,서초구,0.9999999999992885,0.0,0.0,0.0,0.0,0.0,excluded_below_25pct,400,389,40.0,160.0,75.0,86.0,4.0,24.0,15103795334.0,203654.0,0.0,10941680972.0,0.0,2250466163.0,0.0,1911648199.0,0.0,27984.0,0.0,46801.0,0.0,128869.0
A,골목상권,3110750,시흥4동주민센터(서울신흥초등학교),11545700,시흥4동,11545700,시흥4동,금천구,1.0000000000000004,0.0,0.0,0.0,0.0,0.0,excluded_below_25pct,400,611,61.0,245.0,123.0,131.0,43.0,8.0,15017668608.0,739930.0,528097313.0,6516020204.0,3626747161.0,3555413708.0,352080786.0,439309436.0,1709.0,291419.0,230952.0,111916.0,5406.0,98528.0
R,전통시장,3130232,독산동 맛나는거리상점가(독산동 맛나는거리),11545640,독산4동,11545640,독산4동,금천구,1.0,0.0,0.0,0.0,0.0,0.0,excluded_below_25pct,400,350,6.0,54.0,41.0,140.0,97.0,12.0,14791984708.0,752275.0,0.0,82863211.0,5182760526.0,6038842260.0,3487518711.0,0.0,0.0,3572.0,561844.0,119363.0,67496.0,0.0
A,골목상권,3110612,신정역 5번,11470650,신정4동,11470650,신정4동,양천구,1.0000000000000007,0.0,0.0,0.0,0.0,0.0,excluded_below_25pct,400,1029,82.0,487.0,169.0,199.0,62.0,30.0,14766144704.0,1056551.0,1247980916.0,820939514.0,8877144599.0,2254702970.0,1105454985.0,459921720.0,3082.0,23135.0,845438.0,82876.0,13257.0,88763.0
A,골목상권,3110701,고척동성당,11530730,고척2동,11530730,고척2동,구로구,0.8419186901414799,0.0,0.0,0.0,0.0,0.0,excluded_below_25pct,400,518,64.0,176.0,79.0,137.0,46.0,16.0,14663966426.0,623370.0,1062116947.0,1607909436.0,8254556901.0,3426868211.0,0.0,312514931.0,3417.0,9733.0,454127.0,127067.0,0.0,29026.0
A,골목상권,3110917,서초소방서,11650581,반포4동,11650581,반포4동,서초구,0.665868594776746,0.005988023952095809,0.0,0.0029940119760479044,0.0,0.002994011976047905,excluded_below_25pct,400,189,12.0,64.0,93.0,8.0,8.0,4.0,14620847548.0,13192.0,0.0,48000000.0,14572847548.0,0.0,0.0,0.0,0.0,23.0,13169.0,0.0,0.0,0.0
R,전통시장,3130207,신정1동 골목시장(신정제일시장),11470620,신정1동,11470620,신정1동,양천구,1.0000000000000004,0.0,0.0,0.0,0.0,0.0,excluded_below_25pct,400,364,4.0,92.0,119.0,97.0,52.0,0.0,14400234031.0,497335.0,0.0,108473877.0,10704541875.0,2373007520.0,1214210759.0,0.0,0.0,308.0,423897.0,52482.0,20648.0,0.0
A,골목상권,3110863,난우초등학교,11620765,미성동,11620765,미성동,관악구,0.9407383868900755,0.0,0.0,0.0,0.0,0.0,excluded_below_25pct,400,667,76.0,256.0,106.0,147.0,70.0,12.0,14148901368.0,375839.0,1198620995.0,3070159111.0,3653053722.0,4897129183.0,996174254.0,333764103.0,6389.0,70259.0,83036.0,139930.0,24527.0,51698.0
A,골목상권,3110780,신길대성유니드아파트,11560670,신길5동,11560670,신길5동,영등포구,0.9936246484618494,0.0,0.0,0.0,0.0,0.0,excluded_below_25pct,400,277,24.0,134.0,63.0,23.0,29.0,4.0,13838363332.0,223947.0,82958682.0,109415842.0,13596030254.0,29366854.0,20591700.0,0.0,181.0,1290.0,219693.0,2359.0,424.0,0.0
A,골목상권,3110600,신월7동주민센터,11470611,신월7동,11470611,신월7동,양천구,0.9487242992632416,0.0,0.0,0.0,0.0,0.0,excluded_below_25pct,400,611,19.0,262.0,143.0,118.0,64.0,5.0,13476507901.0,907091.0,723286420.0,5676419368.0,3023284999.0,2695065346.0,1358451768.0,0.0,2636.0,472290.0,280958.0,73339.0,77868.0,0.0
D,발달상권,3120126,디지털단지오거리,11530595,가리봉동,11530595,가리봉동,구로구,0.9037861844893739,0.0,0.0,0.0,0.0,0.0,excluded_below_25pct,400,677,8.0,189.0,104.0,203.0,169.0,4.0,13427312021.0,968750.0,0.0,1111911671.0,5251047778.0,5173587452.0,1890765120.0,0.0,0.0,18018.0,669910.0,250185.0,30637.0,0.0
R,전통시장,3130203,서서울 골목형상점가,11470560,신월1동,11470560,신월1동,양천구,1.0,0.0,0.0,0.0,0.0,0.0,excluded_below_25pct,400,407,4.0,111.0,125.0,133.0,27.0,7.0,12828322614.0,771555.0,0.0,1533908075.0,5484184821.0,5737461558.0,72768160.0,0.0,0.0,78698.0,283342.0,408233.0,1282.0,0.0
A,골목상권,3110711,구로초등학교,11530530,구로2동,11530530,구로2동,구로구,0.928848905358382,0.005988023952095809,0.0,0.005988023952095809,0.0,0.003992015968063873,excluded_below_25pct,400,944,63.0,330.0,213.0,229.0,87.0,22.0,12663766958.0,301661.0,257656406.0,2471780103.0,1724854234.0,7258019972.0,697588846.0,253867397.0,1346.0,81855.0,60881.0,109652.0,9474.0,38453.0
R,전통시장,3130222,오류시장,11530770,오류1동,11530770,오류1동,구로구,1.0,0.0,0.0,0.0,0.0,0.0,excluded_below_25pct,400,299,24.0,104.0,78.0,57.0,32.0,4.0,12660609590.0,556747.0,359055706.0,3928347353.0,3139357524.0,4383971748.0,781120716.0,68756543.0,2859.0,53902.0,91803.0,390827.0,10508.0,6848.0
A,골목상권,3110743,시흥초등학교(시흥1동우체국),11545670,시흥1동,11545670,시흥1동,금천구,0.9752125605934286,0.0,0.0,0.0,0.0,0.0,excluded_below_25pct,400,784,44.0,298.0,198.0,143.0,89.0,12.0,12408963191.0,637593.0,951123223.0,1165805892.0,4233385823.0,4942015748.0,1091244632.0,25387873.0,7787.0,27236.0,385531.0,202856.0,13809.0,374.0
A,골목상권,3110603,지향초등학교,11470640,신정3동,11470640,신정3동,양천구,0.7782391799483582,0.0,0.0,0.0,0.0,0.0,excluded_below_25pct,400,327,112.0,119.0,32.0,24.0,31.0,9.0,12393456501.0,264892.0,5483728786.0,246469571.0,4750040255.0,1115835345.0,684000000.0,113382544.0,21265.0,11755.0,179547.0,34249.0,3165.0,14911.0
A,골목상권,3110748,백산초등학교,11545710,시흥5동,11545710,시흥5동,금천구,0.5503349315300827,0.0,0.0,0.0,0.0,0.0,excluded_below_25pct,400,384,64.0,145.0,88.0,57.0,30.0,0.0,12249776364.0,376054.0,3167072202.0,163695545.0,8117175313.0,794075923.0,7757381.0,0.0,8754.0,3110.0,298915.0,64972.0,303.0,0.0
R,전통시장,3130247,우리시장,11560700,대림1동,11560700,대림1동,영등포구,0.8394952053790546,0.0,0.0,0.0,0.0,0.0,excluded_below_25pct,400,267,0.0,29.0,128.0,94.0,16.0,0.0,11933790923.0,830652.0,0.0,0.0,5439025719.0,6494765204.0,0.0,0.0,0.0,0.0,339313.0,491339.0,0.0,0.0
A,골목상권,3110885,영락고등학교,11620665,서림동,11620665,서림동,관악구,0.9963645798582585,0.0,0.0,0.0,0.0,0.0,excluded_below_25pct,400,674,26.0,255.0,132.0,131.0,82.0,48.0,11865574850.0,843547.0,309031276.0,1507015819.0,5267402479.0,3387684759.0,1379137326.0,15303191.0,200.0,87480.0,570783.0,159675.0,22916.0,2493.0
A,골목상권,3110498,증산역 1번,11410720,북가좌2동,11410720,북가좌2동,서대문구,0.5439678265586453,0.0,0.0,0.0,0.0,0.0,excluded_below_25pct,400,426,16.0,160.0,64.0,105.0,43.0,38.0,11857073899.0,799654.0,0.0,360634979.0,5165903770.0,5647389524.0,348412423.0,334733203.0,0.0,4384.0,650907.0,92661.0,6988.0,44714.0
A,골목상권,3110766,대림역 5번,11560720,대림3동,11560720,대림3동,영등포구,1.0,0.0,0.0,0.0,0.0,0.0,excluded_below_25pct,400,817,24.0,325.0,207.0,149.0,80.0,32.0,11794536052.0,688449.0,0.0,4007532285.0,3638129280.0,2496359133.0,1630631993.0,21883361.0,0.0,258571.0,333872.0,77262.0,18249.0,495.0
A,골목상권,3110686,수궁동주민센터,11530790,수궁동,11530790,수궁동,구로구,0.9556406358763093,0.0,0.0,0.0,0.0,0.0,excluded_below_25pct,400,643,69.0,261.0,139.0,103.0,67.0,4.0,11764186022.0,652469.0,2771486394.0,2715835126.0,2291757075.0,3052633494.0,880045355.0,52428578.0,17554.0,136595.0,254789.0,149389.0,91643.0,2499.0
A,골목상권,3110694,세곡초등학교,11530730,고척2동,11530740,개봉1동,구로구,0.5040207572005686,0.0,0.0,0.0,0.0,0.0,excluded_below_25pct,400,1017,77.0,407.0,259.0,175.0,71.0,28.0,11514724690.0,517970.0,521494324.0,873074410.0,5848088043.0,2586716861.0,1633307915.0,52043137.0,2643.0,24158.0,328177.0,130874.0,25443.0,6675.0
A,골목상권,3110666,KC대학교,11500591,화곡6동,11500591,화곡6동,강서구,0.9999999999999996,0.0,0.0,0.0,0.0,0.0,excluded_below_25pct,400,134,24.0,57.0,17.0,29.0,0.0,7.0,11468043721.0,828868.0,0.0,0.0,11372193693.0,95850028.0,0.0,0.0,0.0,0.0,824247.0,4621.0,0.0,0.0
A,골목상권,3110691,개봉중학교,11530740,개봉1동,11530740,개봉1동,구로구,0.9999999999999997,0.0,0.0,0.0,0.0,0.0,excluded_below_25pct,400,529,36.0,233.0,101.0,94.0,56.0,9.0,11263574093.0,430471.0,59615385.0,2403748233.0,4264128485.0,4216878315.0,319203675.0,0.0,421.0,22590.0,324811.0,78139.0,4510.0,0.0
A,골목상권,3110647,화곡역 5번,11500540,화곡1동,11500540,화곡1동,강서구,0.8555358641550395,0.0,0.0,0.0,0.0,0.0,excluded_below_25pct,400,1587,95.0,723.0,283.0,328.0,114.0,44.0,11223664007.0,672545.0,552417478.0,1637167866.0,6092406123.0,1818342527.0,1097087191.0,26242822.0,4019.0,33697.0,583698.0,35453.0,13049.0,2629.0
A,골목상권,3110658,화곡초등학교,11500590,화곡본동,11500590,화곡본동,강서구,0.9999999999999998,0.0,0.0,0.0,0.0,0.0,excluded_below_25pct,400,610,25.0,240.0,71.0,131.0,127.0,16.0,10753637595.0,565581.0,0.0,1244852891.0,2974654664.0,4149381127.0,2384748913.0,0.0,0.0,44363.0,371164.0,90036.0,60018.0,0.0
R,전통시장,3130180,포방터시장,11410660,홍은1동,11410660,홍은1동,서대문구,0.9998229051882729,0.0,0.0,0.0,0.0,0.0,excluded_below_25pct,400,429,20.0,129.0,85.0,164.0,20.0,11.0,10608458964.0,390023.0,171199332.0,1409658673.0,1700368128.0,7157407640.0,169825191.0,0.0,612.0,80403.0,55119.0,249498.0,4391.0,0.0
A,골목상권,3110790,대림1동주민센터,11560670,신길5동,11560670,신길5동,영등포구,0.6114553675704805,0.0,0.0,0.0,0.0,0.0,excluded_below_25pct,400,576,7.0,257.0,159.0,73.0,72.0,8.0,10591933265.0,331992.0,0.0,5937562198.0,1683898572.0,2475571068.0,494901427.0,0.0,0.0,38344.0,153856.0,108201.0,31591.0,0.0
A,골목상권,3110722,G타워,11530540,구로3동,11530540,구로3동,구로구,0.9998397203585403,0.0,0.0,0.0,0.0,0.0,excluded_below_25pct,400,439,28.0,196.0,94.0,75.0,30.0,16.0,10463930236.0,1307864.0,0.0,139666718.0,8642634231.0,1393629287.0,0.0,288000000.0,0.0,13496.0,1222012.0,57686.0,0.0,14670.0
A,골목상권,3110900,낙성대역 1번(관악구민 종합체육센터),11620625,인헌동,11620625,인헌동,관악구,0.9035777463432163,0.0029940119760479044,0.0,0.0,0.0,0.0009980039920159682,excluded_below_25pct,400,658,84.0,277.0,85.0,123.0,56.0,33.0,10324321642.0,753939.0,932078921.0,1191292305.0,2480394380.0,5139521245.0,224892615.0,356142176.0,3794.0,81282.0,384702.0,211874.0,20397.0,51890.0
A,골목상권,3110653,화곡역 2번,11500615,우장산동,11500615,우장산동,강서구,0.9627781435601647,0.0,0.0,0.0,0.0,0.0,excluded_below_25pct,400,649,42.0,268.0,123.0,121.0,82.0,13.0,10200538088.0,781807.0,152323208.0,2610733578.0,5719943146.0,797753407.0,851217325.0,68567424.0,1223.0,116991.0,616699.0,24811.0,20354.0,1729.0
R,전통시장,3130287,삼성동 시장(삼성동시장),11620745,삼성동,11620745,삼성동,관악구,1.0,0.0,0.0,0.0,0.0,0.0,excluded_below_25pct,400,359,4.0,32.0,227.0,88.0,8.0,0.0,10091777020.0,718734.0,0.0,0.0,9335316099.0,756460921.0,0.0,0.0,0.0,0.0,667468.0,51266.0,0.0,0.0
A,골목상권,3110680,온수역 5번(온수산업단지),11530790,수궁동,11530790,수궁동,구로구,0.9876331874293717,0.0,0.0,0.0,0.0,0.0,excluded_below_25pct,400,279,12.0,122.0,73.0,56.0,16.0,0.0,9700085178.0,674019.0,0.0,93541799.0,5698815005.0,3611510156.0,296218218.0,0.0,0.0,4355.0,566951.0,95862.0,6851.0,0.0
A,골목상권,3110853,KT구로지사,11620725,조원동,11620725,조원동,관악구,0.9664390095630233,0.0,0.0,0.0,0.0,0.0,excluded_below_25pct,400,341,16.0,115.0,88.0,82.0,22.0,18.0,9621352128.0,668535.0,0.0,316245508.0,7285670651.0,1807489198.0,0.0,211946771.0,0.0,11513.0,584752.0,49068.0,0.0,23202.0
A,골목상권,3110689,오류동역 3번,11530770,오류1동,11530770,오류1동,구로구,0.9991962083977466,0.0,0.0,0.0,0.0,0.0,excluded_below_25pct,400,556,68.0,239.0,93.0,111.0,29.0,16.0,9492102091.0,298964.0,2818715570.0,682541789.0,3044169152.0,2523840277.0,361424331.0,61410972.0,6304.0,16260.0,218852.0,50296.0,1973.0,5279.0
A,골목상권,3110933,한국상담대학원대학교,11650510,서초1동,11650510,서초1동,서초구,0.9627895603146739,0.0,0.0,0.0,0.0,0.0,excluded_below_25pct,400,90,10.0,33.0,24.0,12.0,4.0,7.0,9441836867.0,111079.0,6264626290.0,0.0,0.0,3177210577.0,0.0,0.0,17254.0,0.0,0.0,93825.0,0.0,0.0
A,골목상권,3110699,덕의초등학교,11530730,고척2동,11530730,고척2동,구로구,0.9999999999999998,0.0,0.0,0.0,0.0,0.0,excluded_below_25pct,400,567,142.0,148.0,91.0,90.0,64.0,32.0,9008113060.0,321581.0,1165462109.0,4358109351.0,909099586.0,1976058185.0,442272364.0,157111465.0,5540.0,143663.0,85097.0,54803.0,17437.0,15041.0
A,골목상권,3110998,은곡마을(은곡마을공원),11680700,세곡동,11680700,세곡동,강남구,0.9999999999999993,0.0,0.0,0.0,0.0,0.0,excluded_below_25pct,400,174,28.0,64.0,25.0,32.0,12.0,13.0,8888796187.0,453427.0,0.0,1291470448.0,4972853052.0,845924687.0,0.0,1778548000.0,0.0,78124.0,245989.0,16648.0,0.0,112666.0
A,골목상권,3110740,금천해태공원,11545670,시흥1동,11545670,시흥1동,금천구,0.8508714734701178,0.0,0.0,0.0,0.0,0.0,excluded_below_25pct,400,559,39.0,262.0,95.0,89.0,62.0,12.0,8809090355.0,758228.0,0.0,3321503806.0,3342583223.0,1918413111.0,173307355.0,53282860.0,0.0,301857.0,378058.0,68816.0,4720.0,4777.0
A,골목상권,3110860,호림박물관(성보고등학교),11620765,미성동,11620765,미성동,관악구,0.9950093626188207,0.0,0.0,0.0,0.0,0.0,excluded_below_25pct,400,361,27.0,197.0,75.0,19.0,16.0,27.0,8716476720.0,172891.0,115004880.0,5967091382.0,2346694521.0,263685937.0,0.0,24000000.0,153.0,45334.0,112512.0,8504.0,0.0,6388.0
A,골목상권,3110475,백련산해모로아파트,11380580,응암1동,11380580,응암1동,은평구,0.9928943968726598,0.005988023952095809,0.0,0.0,0.0,0.0019960079840319364,excluded_below_25pct,400,511,48.0,224.0,75.0,64.0,68.0,32.0,8683084547.0,532190.0,1014922522.0,2479449334.0,2633671021.0,1308970427.0,1074771424.0,171299819.0,38639.0,98660.0,334286.0,31503.0,13768.0,15334.0
A,골목상권,3110614,목동로데오거리,11470650,신정4동,11470650,신정4동,양천구,1.0,0.0,0.0,0.0,0.0,0.0,excluded_below_25pct,400,640,34.0,258.0,191.0,87.0,58.0,12.0,8634521486.0,130008.0,0.0,2026925806.0,1557683066.0,4217454453.0,814439445.0,18018716.0,0.0,9291.0,7405.0,98761.0,12468.0,2083.0
A,골목상권,3110742,KT금천빌딩(금천구시설관리공단),11545670,시흥1동,11545670,시흥1동,금천구,0.5244177486622387,0.0,0.0,0.0,0.0,0.0,excluded_below_25pct,400,438,46.0,203.0,67.0,64.0,44.0,14.0,8584740880.0,522781.0,635551221.0,2038012731.0,3727701198.0,842224898.0,167858037.0,1173392795.0,2967.0,89171.0,140675.0,26196.0,6558.0,257214.0
A,골목상권,3110884,봉천역 4번(봉천110안전센터),11620605,은천동,11620605,은천동,관악구,0.9992299631454734,0.0,0.0,0.0,0.0,0.0,excluded_below_25pct,400,494,7.0,160.0,68.0,186.0,65.0,8.0,8448383224.0,254153.0,0.0,1179233043.0,140847407.0,5375627007.0,1713185725.0,39490042.0,0.0,18793.0,4809.0,202549.0,27486.0,516.0
A,골목상권,3110888,청룡동주민센터,11620595,청룡동,11620595,청룡동,관악구,0.9999999999999998,0.0,0.0,0.0,0.0,0.0,excluded_below_25pct,400,476,65.0,240.0,64.0,70.0,15.0,22.0,8348603340.0,262999.0,453701603.0,4715576770.0,998516997.0,2062984064.0,0.0,117823906.0,1286.0,159363.0,13598.0,77472.0,0.0,11280.0
D,발달상권,3120115,김포공항역(김포공항),11500640,방화2동,11500640,방화2동,강서구,0.988006998438082,0.0,0.0,0.0,0.0,0.0,excluded_below_25pct,400,1830,24.0,88.0,1418.0,244.0,4.0,52.0,8255728816.0,496898.0,0.0,0.0,6243422828.0,2012305988.0,0.0,0.0,0.0,0.0,389811.0,107087.0,0.0,0.0
A,골목상권,3110880,신림역 1번,11620645,서원동,11620645,서원동,관악구,0.9927198041728861,0.0,0.0,0.0,0.0,0.0,excluded_below_25pct,400,163,28.0,82.0,20.0,17.0,4.0,12.0,8172610996.0,317454.0,0.0,6644506556.0,0.0,1528104440.0,0.0,0.0,0.0,267776.0,0.0,49678.0,0.0,0.0
A,골목상권,3110866,난우중학교,11620775,난곡동,11620775,난곡동,관악구,0.9998568805773612,0.0,0.0,0.0,0.0,0.0,excluded_below_25pct,400,422,35.0,217.0,93.0,49.0,8.0,20.0,8166982158.0,239025.0,119000000.0,4677607893.0,1900347101.0,1330590003.0,0.0,139437161.0,46.0,28001.0,125938.0,56754.0,0.0,28286.0
A,골목상권,3110500,남가좌동현대아파트,11410700,남가좌2동,11410700,남가좌2동,서대문구,1.0000000000000002,0.0,0.0,0.0,0.0,0.0,excluded_below_25pct,400,242,114.0,60.0,15.0,31.0,12.0,10.0,8077896715.0,102378.0,7499462484.0,0.0,0.0,190549357.0,0.0,387884874.0,28694.0,0.0,0.0,3526.0,0.0,70158.0
A,골목상권,3110746,금천금빛공원(은행나무사거리서측),11545670,시흥1동,11545670,시흥1동,금천구,0.9811883012831459,0.0,0.0,0.0,0.0,0.0,excluded_below_25pct,400,444,20.0,141.0,68.0,137.0,72.0,6.0,8055191474.0,180178.0,0.0,430735897.0,75678086.0,7055384040.0,493393451.0,0.0,0.0,16250.0,642.0,155385.0,7901.0,0.0
A,골목상권,3110896,관악우성아파트,11620575,행운동,11620575,행운동,관악구,0.575599607361244,0.0,0.0,0.0,0.0,0.0,excluded_below_25pct,400,370,54.0,152.0,37.0,94.0,16.0,17.0,7864598718.0,361045.0,183943919.0,4796946664.0,229459200.0,2371038581.0,0.0,283210354.0,564.0,226418.0,815.0,69548.0,0.0,63700.0
A,골목상권,3110010,평창동서측,11110560,평창동,11110560,평창동,종로구,0.9963795922099431,0.0,0.0,0.0029940119760479044,0.0,0.0009980039920159682,excluded_below_25pct,400,682,139.0,266.0,120.0,90.0,42.0,25.0,7794232823.0,391629.0,1613755933.0,519644178.0,3810818115.0,1150594167.0,61009860.0,638410570.0,8353.0,15823.0,170521.0,107878.0,191.0,88863.0
A,골목상권,3110934,우면주공아파트,11650651,양재1동,11650651,양재1동,서초구,0.9999999999999998,0.0,0.0,0.0,0.0,0.0,excluded_below_25pct,400,1049,159.0,448.0,188.0,127.0,91.0,36.0,7792887491.0,394104.0,1231062064.0,1068025384.0,46853844.0,4963784699.0,367567616.0,115593884.0,4122.0,44347.0,72.0,333252.0,1506.0,10805.0
A,골목상권,3110862,난곡초등학교(난곡동벽화마을),11620775,난곡동,11620775,난곡동,관악구,0.9695302613758433,0.0,0.0,0.0,0.0,0.0,excluded_below_25pct,400,405,40.0,208.0,66.0,62.0,21.0,8.0,7640340449.0,363967.0,870833677.0,4158099322.0,581948648.0,2029458802.0,0.0,0.0,1897.0,237715.0,64715.0,59640.0,0.0,0.0
A,골목상권,3110513,연희파출소,11410615,연희동,11410615,연희동,서대문구,1.0,0.0,0.0,0.0,0.0,0.0,excluded_below_25pct,400,439,50.0,135.0,74.0,88.0,44.0,48.0,7588775318.0,171042.0,624303307.0,0.0,437634362.0,5832165606.0,0.0,694672043.0,1563.0,0.0,2221.0,119006.0,0.0,48252.0
A,골목상권,3110937,방아다리근린공원(횃불트리니티신학대학원대학교),11650651,양재1동,11650651,양재1동,서초구,1.0,0.008982035928143712,0.0,0.0,0.0,0.002994011976047904,excluded_below_25pct,400,111,0.0,45.0,40.0,12.0,4.0,10.0,7552779988.0,176369.0,0.0,0.0,2332146681.0,4778151868.0,0.0,442481439.0,0.0,0.0,4285.0,121830.0,0.0,50254.0
A,골목상권,3110707,구로창업지원센터,11530510,신도림동,11530510,신도림동,구로구,0.9999999999999997,0.0029940119760479044,0.0,0.0,0.0,0.0009980039920159682,excluded_below_25pct,400,527,24.0,162.0,139.0,118.0,64.0,20.0,7549209738.0,329001.0,0.0,849273634.0,1920467855.0,4269896516.0,509571733.0,0.0,0.0,8121.0,197876.0,119538.0,3466.0,0.0
A,골목상권,3110605,목동센트럴아이파크앞,11470610,신월6동,11470610,신월6동,양천구,0.9999974461321524,0.0,0.0,0.0,0.0,0.0,excluded_below_25pct,400,459,76.0,140.0,82.0,94.0,54.0,13.0,7545802181.0,165628.0,1313415501.0,226871856.0,770042215.0,5052652823.0,182819786.0,0.0,7993.0,6022.0,5287.0,143518.0,2808.0,0.0
A,골목상권,3111000,대왕초등학교(세곡동사거리서남측),11680700,세곡동,11680700,세곡동,강남구,0.9671379819219609,0.0,0.0,0.0,0.0,0.0,excluded_below_25pct,400,226,16.0,58.0,34.0,86.0,19.0,13.0,7421033346.0,228139.0,0.0,795439343.0,884818594.0,5721940266.0,0.0,18835143.0,0.0,24566.0,73209.0,128217.0,0.0,2147.0
A,골목상권,3110821,보라매역 2번,11590680,신대방2동,11590680,신대방2동,동작구,0.894976498935989,0.0029940119760479044,0.0,0.0,0.0,0.0009980039920159682,excluded_below_25pct,400,589,49.0,251.0,94.0,106.0,53.0,36.0,7404935234.0,313438.0,11632654.0,2265191733.0,820233374.0,2573203288.0,1399181790.0,335492395.0,102.0,30238.0,116169.0,75970.0,53749.0,37210.0
R,전통시장,3130230,가리봉시장,11530595,가리봉동,11530595,가리봉동,구로구,1.0,0.0,0.0,0.0,0.0,0.0,excluded_below_25pct,400,327,4.0,65.0,126.0,84.0,45.0,3.0,7358158329.0,269438.0,0.0,96374678.0,4521562476.0,2399240437.0,340980738.0,0.0,0.0,6554.0,164108.0,95883.0,2893.0,0.0
R,전통시장,3130228,구로시장,11530550,구로4동,11530550,구로4동,구로구,1.0000000000000002,0.0,0.0,0.0,0.0,0.0,excluded_below_25pct,400,456,0.0,72.0,172.0,117.0,75.0,20.0,7356013691.0,209170.0,0.0,29257325.0,5227191640.0,1719408036.0,277918536.0,102238154.0,0.0,259.0,141507.0,49345.0,4952.0,13107.0
A,골목상권,3110675,화곡4동주민센터,11500570,화곡4동,11500570,화곡4동,강서구,0.8374091801513464,0.0,0.0,0.0,0.0,0.0,excluded_below_25pct,400,674,84.0,274.0,115.0,144.0,27.0,30.0,7150051621.0,659162.0,229130400.0,653691269.0,4755551433.0,1289181198.0,187836918.0,34660403.0,1182.0,52173.0,563062.0,33553.0,6148.0,3044.0
A,골목상권,3110831,상도4동주민센터,11590560,상도4동,11590560,상도4동,동작구,0.9319567953167495,0.0029940119760479044,0.0,0.0029940119760479044,0.0,0.0019960079840319364,excluded_below_25pct,400,355,54.0,137.0,77.0,55.0,12.0,20.0,7148313176.0,384918.0,2087790585.0,534207267.0,2751301991.0,1609316959.0,0.0,165696374.0,7318.0,18391.0,255301.0,62093.0,0.0,41815.0
R,전통시장,3130278,미성동 도깨비시장 골목형상점가,11620765,미성동,11620765,미성동,관악구,0.9633186894496579,0.0,0.0,0.0,0.0,0.0,excluded_below_25pct,400,427,12.0,161.0,89.0,117.0,33.0,15.0,7138657124.0,394450.0,31741295.0,4045367808.0,1044644502.0,1399651198.0,417452728.0,199799593.0,145.0,222927.0,20852.0,86442.0,24099.0,39985.0
A,골목상권,3110723,가산디지털단지역 1번 출입구,11545510,가산동,11545510,가산동,금천구,0.9731921532897747,0.0,0.0,0.0,0.0,0.0,excluded_below_25pct,400,278,0.0,33.0,66.0,130.0,37.0,12.0,7025681325.0,137532.0,0.0,0.0,721340547.0,5252830330.0,1051510448.0,0.0,0.0,0.0,62471.0,55244.0,19817.0,0.0
A,골목상권,3110652,양천향교역 2번,11500603,가양1동,11500603,가양1동,강서구,1.0000000000000007,0.0,0.0,0.0,0.0,0.0,excluded_below_25pct,400,498,20.0,254.0,73.0,114.0,21.0,16.0,6918377073.0,424101.0,0.0,1299058261.0,1322860076.0,3838562770.0,0.0,457895966.0,0.0,9196.0,198161.0,125198.0,0.0,91546.0
A,골목상권,3110674,강서구청가양동별관,11500605,가양3동,11500605,가양3동,강서구,1.0,0.0,0.0,0.0,0.0,0.0,excluded_below_25pct,400,193,22.0,75.0,49.0,15.0,28.0,4.0,6838482305.0,380391.0,232489540.0,4191638215.0,1009970125.0,856383919.0,217064400.0,330936106.0,633.0,229741.0,38621.0,27053.0,658.0,83685.0
A,골목상권,3110747,석수역 1번 출입구,11545690,시흥3동,11545690,시흥3동,금천구,0.8269138188918665,0.0,0.0,0.0,0.0,0.0,excluded_below_25pct,400,284,8.0,92.0,70.0,85.0,25.0,4.0,6835593908.0,153750.0,0.0,1558421627.0,38969112.0,4517708490.0,612168394.0,108326285.0,0.0,11794.0,1496.0,116472.0,11289.0,12699.0
A,골목상권,3110857,미성동주민센터,11620765,미성동,11620765,미성동,관악구,1.0000000000000002,0.0,0.0,0.0,0.0,0.0,excluded_below_25pct,400,467,45.0,184.0,156.0,33.0,32.0,17.0,6769565871.0,244323.0,1595396928.0,1004587536.0,2737494716.0,1099250833.0,332835858.0,0.0,5027.0,19746.0,176492.0,40385.0,2673.0,0.0
R,전통시장,3130292,봉천현대시장,11620605,은천동,11620605,은천동,관악구,0.9850044279862032,0.0,0.0,0.0,0.0,0.0,excluded_below_25pct,400,67,0.0,0.0,52.0,15.0,0.0,0.0,6686288013.0,202846.0,0.0,0.0,4053951184.0,2632336829.0,0.0,0.0,0.0,0.0,147139.0,55707.0,0.0,0.0
A,골목상권,3110510,홍연시장,11410615,연희동,11410615,연희동,서대문구,0.9064219427248864,0.0,0.0,0.0,0.0,0.0,excluded_below_25pct,400,349,9.0,138.0,74.0,84.0,28.0,16.0,6671593234.0,178784.0,0.0,610260876.0,4911516733.0,982672523.0,16412523.0,150730579.0,0.0,11175.0,109905.0,41697.0,1756.0,14251.0
A,골목상권,3110677,등촌역 1번,11500520,등촌1동,11500520,등촌1동,강서구,0.8985292468102689,0.0,0.0,0.0,0.0,0.0,excluded_below_25pct,400,312,32.0,124.0,75.0,48.0,17.0,16.0,6571499902.0,201455.0,1257899531.0,0.0,1267590665.0,4046009706.0,0.0,0.0,3671.0,0.0,132228.0,65556.0,0.0,0.0
A,골목상권,3110864,신림우방아파트,11620685,신사동,11620685,신사동,관악구,1.0000000000000004,0.0,0.0,0.0,0.0,0.0,excluded_below_25pct,400,406,32.0,212.0,72.0,70.0,16.0,4.0,6522406612.0,852424.0,0.0,316252684.0,5811554945.0,394598983.0,0.0,0.0,0.0,6096.0,828572.0,17756.0,0.0,0.0
A,골목상권,3110553,가좌역 2번,11440730,성산2동,11440730,성산2동,마포구,0.9999999999999997,0.0,0.0,0.0,0.0,0.0,excluded_below_25pct,400,653,86.0,252.0,119.0,139.0,30.0,27.0,6477574996.0,123187.0,3550463006.0,270371287.0,73048676.0,2439324852.0,78697829.0,65669346.0,24327.0,10674.0,4647.0,72442.0,3968.0,7129.0
A,골목상권,3110663,우장산롯데캐슬아파트앞,11500591,화곡6동,11500591,화곡6동,강서구,1.0000000000000004,0.0,0.0,0.0,0.0,0.0,excluded_below_25pct,400,340,15.0,152.0,54.0,51.0,46.0,22.0,6411902322.0,469669.0,0.0,213600465.0,2742043386.0,1855021609.0,424553619.0,1176683243.0,0.0,4662.0,249564.0,69251.0,3692.0,142500.0
A,골목상권,3110791,신풍역 3번,11560670,신길5동,11560670,신길5동,영등포구,1.0000000000000004,0.0,0.0,0.0,0.0,0.0,excluded_below_25pct,400,143,12.0,36.0,4.0,50.0,33.0,8.0,6357341752.0,76279.0,4067566340.0,0.0,0.0,2163749675.0,31437531.0,94588206.0,13367.0,0.0,0.0,41513.0,908.0,20491.0
A,골목상권,3110946,청계산원터골,11650652,양재2동,11650652,양재2동,서초구,0.9999999999999996,0.0,0.0,0.0,0.0,0.0,excluded_below_25pct,400,140,4.0,4.0,60.0,50.0,0.0,22.0,6311567385.0,95864.0,0.0,0.0,3786139520.0,1955555404.0,0.0,569872461.0,0.0,0.0,27065.0,45273.0,0.0,23526.0
A,골목상권,3110670,신곡초등학교,11500570,화곡4동,11500570,화곡4동,강서구,0.6855225933686261,0.0,0.0,0.0,0.0,0.0,excluded_below_25pct,400,505,84.0,226.0,110.0,57.0,9.0,19.0,6299967406.0,468758.0,1994820950.0,437291626.0,2900701597.0,913415533.0,0.0,53737700.0,19545.0,13168.0,352807.0,75222.0,0.0,8016.0
A,골목상권,3110618,강서고등학교,11470540,목4동,11470540,목4동,양천구,0.9993869284668634,0.0,0.0,0.0,0.0,0.0,excluded_below_25pct,400,818,81.0,373.0,156.0,147.0,38.0,23.0,6259282011.0,620985.0,0.0,660199796.0,3968630956.0,1254129678.0,279081228.0,97240353.0,0.0,14079.0,542665.0,50310.0,3690.0,10241.0
A,골목상권,3110867,국제신학대학원대학교(남서울중학교),11620655,신원동,11620655,신원동,관악구,0.8752945732774885,0.0,0.0,0.0,0.0,0.0,excluded_below_25pct,400,489,71.0,208.0,54.0,67.0,60.0,29.0,6239775258.0,501488.0,25350001.0,1161437030.0,3033229902.0,613308667.0,1406449658.0,0.0,52.0,40917.0,418330.0,14078.0,28111.0,0.0
A,골목상권,3110897,서울대입구역 8번,11620575,행운동,11620575,행운동,관악구,0.9999999999999997,0.0029940119760479044,0.0,0.0,0.0,0.0009980039920159682,excluded_below_25pct,400,690,60.0,289.0,111.0,152.0,32.0,46.0,6133954739.0,388829.0,62372059.0,563835631.0,2374203762.0,3098923653.0,34619634.0,0.0,410.0,22459.0,303924.0,61796.0,240.0,0.0
A,골목상권,3110459,응암역 2번,11380631,신사1동,11380625,역촌동,은평구,0.745669268652268,0.014970059880239521,0.0,0.0029940119760479044,0.0,0.005988023952095808,excluded_below_25pct,400,869,186.0,356.0,121.0,126.0,45.0,35.0,6130428752.0,213144.0,1828467432.0,1272799831.0,1073281830.0,1940337189.0,15542470.0,0.0,13570.0,53378.0,32231.0,113944.0,21.0,0.0
A,골목상권,3110858,신대방역 1번,11620685,신사동,11620685,신사동,관악구,1.0,0.0,0.0,0.0,0.0,0.0,excluded_below_25pct,400,355,4.0,190.0,27.0,59.0,55.0,20.0,6114847714.0,131458.0,0.0,3612584453.0,1191655.0,2073705709.0,289786212.0,137579685.0,0.0,42316.0,206.0,64313.0,4469.0,20154.0
A,골목상권,3110891,구암초등학교,11620565,성현동,11620565,성현동,관악구,0.96405146198735,0.0,0.0,0.0,0.0,0.0,excluded_below_25pct,400,511,165.0,161.0,61.0,55.0,33.0,36.0,6109184825.0,178463.0,4044682373.0,328782267.0,0.0,1154170232.0,424596774.0,156953179.0,12405.0,15792.0,0.0,125230.0,1483.0,23553.0
A,골목상권,3110728,두산초등학교,11545610,독산1동,11545610,독산1동,금천구,0.9999999999999999,0.0,0.0,0.0,0.0,0.0,excluded_below_25pct,400,277,5.0,110.0,76.0,59.0,12.0,15.0,5984422695.0,502378.0,0.0,332397844.0,2107116115.0,3484372115.0,0.0,60536621.0,0.0,62277.0,306325.0,127320.0,0.0,6456.0
A,골목상권,3110947,청계산입구역 2번(내곡동주민센터),11650660,내곡동,11650660,내곡동,서초구,0.9981993294301766,0.0,0.0,0.0,0.0,0.0,excluded_below_25pct,400,144,4.0,26.0,22.0,68.0,0.0,24.0,5967020446.0,141724.0,0.0,0.0,0.0,5967020446.0,0.0,0.0,0.0,0.0,0.0,141724.0,0.0,0.0
A,골목상권,3110622,달마을공원,11470520,목2동,11470520,목2동,양천구,0.9885127865013984,0.0,0.0,0.0,0.0,0.0,excluded_below_25pct,400,578,37.0,235.0,133.0,110.0,39.0,24.0,5909369402.0,221880.0,115508766.0,1555699417.0,99365761.0,3538455992.0,473785329.0,126554137.0,738.0,73613.0,745.0,135417.0,4305.0,7062.0
R,전통시장,3130174,연희사러가,11410615,연희동,11410615,연희동,서대문구,1.0,0.0,0.0,0.0,0.0,0.0,excluded_below_25pct,400,101,4.0,8.0,48.0,37.0,0.0,4.0,5905967409.0,201595.0,0.0,0.0,5371012834.0,534954575.0,0.0,0.0,0.0,0.0,163708.0,37887.0,0.0,0.0
A,골목상권,3110775,대동초등학교,11560710,대림2동,11560710,대림2동,영등포구,1.0000000000000007,0.0,0.0,0.0,0.0,0.0,excluded_below_25pct,400,424,8.0,209.0,57.0,93.0,57.0,0.0,5905632845.0,98927.0,0.0,433730898.0,215158835.0,4404467103.0,852276009.0,0.0,0.0,15018.0,5033.0,69101.0,9775.0,0.0
A,골목상권,3110003,세검정초등학교,11110550,부암동,11110550,부암동,종로구,0.7638487654300006,0.029940119760479042,0.0,0.005988023952095809,0.0,0.011976047904191616,excluded_below_25pct,400,513,96.0,177.0,94.0,64.0,61.0,21.0,5885757744.0,229992.0,918266890.0,223724763.0,2019799585.0,1027091918.0,1505129081.0,191745507.0,4368.0,4126.0,116199.0,68849.0,14625.0,21825.0
A,골목상권,3110599,신월1파출소,11470560,신월1동,11470560,신월1동,양천구,1.0,0.0,0.0,0.0,0.0,0.0,excluded_below_25pct,400,677,30.0,295.0,118.0,121.0,89.0,24.0,5855210960.0,198358.0,330726117.0,1566414940.0,1162068690.0,1538535987.0,1134146782.0,123318444.0,1764.0,59430.0,33814.0,77252.0,12336.0,13762.0
A,골목상권,3110664,강서구청옆,11500591,화곡6동,11500591,화곡6동,강서구,1.0000000000000002,0.0,0.0,0.0,0.0,0.0,excluded_below_25pct,400,280,8.0,107.0,27.0,116.0,22.0,0.0,5830906631.0,76648.0,0.0,119456974.0,0.0,5475334296.0,236115361.0,0.0,0.0,3685.0,0.0,67768.0,5195.0,0.0
A,골목상권,3110683,오류고등학교,11530790,수궁동,11530790,수궁동,구로구,0.999999999999999,0.0,0.0,0.0,0.0,0.0,excluded_below_25pct,400,121,8.0,39.0,54.0,8.0,8.0,4.0,5812856040.0,340692.0,0.0,0.0,5812856040.0,0.0,0.0,0.0,0.0,0.0,340692.0,0.0,0.0,0.0
A,골목상권,3111002,한국교통안전공단 강남자동차검사소,11680700,세곡동,11680700,세곡동,강남구,0.9933671559334963,0.005988023952095809,0.0,0.0029940119760479044,0.0,0.002994011976047905,excluded_below_25pct,400,450,0.0,139.0,285.0,18.0,8.0,0.0,5792496308.0,55771.0,0.0,5658713643.0,0.0,133782665.0,0.0,0.0,0.0,50428.0,0.0,5343.0,0.0,0.0
A,골목상권,3110452,새절역 3번,11380632,신사2동,11380632,신사2동,은평구,0.797007405932878,0.0,0.0,0.0,0.0,0.0,excluded_below_25pct,400,551,76.0,243.0,92.0,105.0,15.0,20.0,5756304410.0,279422.0,503535882.0,1393664167.0,1031956717.0,2819214104.0,0.0,7933540.0,2072.0,22213.0,164836.0,89125.0,0.0,1176.0
A,골목상권,3110679,염창역 2번,11500510,염창동,11500510,염창동,강서구,0.8907288131448914,0.0,0.0,0.0,0.0,0.0,excluded_below_25pct,400,310,28.0,144.0,38.0,45.0,39.0,16.0,5755712088.0,155036.0,0.0,2629607006.0,0.0,2585364145.0,540740937.0,0.0,0.0,12005.0,0.0,127853.0,15178.0,0.0
A,골목상권,3110847,예술인마을,11590620,사당1동,11590620,사당1동,동작구,0.8367084614944525,0.0,0.0,0.0,0.0,0.0,excluded_below_25pct,400,269,16.0,140.0,81.0,24.0,4.0,4.0,5723393105.0,446497.0,0.0,10727578.0,3913856511.0,1798809016.0,0.0,0.0,0.0,533.0,372636.0,73328.0,0.0,0.0
A,골목상권,3110508,서연중학교,11410615,연희동,11410615,연희동,서대문구,1.0000000000000004,0.0,0.0,0.0,0.0,0.0,excluded_below_25pct,400,604,59.0,199.0,99.0,75.0,54.0,118.0,5704992490.0,405928.0,0.0,80166306.0,1083872583.0,1334159132.0,0.0,3206794469.0,0.0,1119.0,83560.0,100401.0,0.0,220848.0
R,전통시장,3130201,월정로시장,11470560,신월1동,11470560,신월1동,양천구,1.0,0.0,0.0,0.0,0.0,0.0,excluded_below_25pct,400,228,12.0,62.0,92.0,52.0,6.0,4.0,5639593782.0,367153.0,0.0,134406031.0,4735707681.0,769480070.0,0.0,0.0,0.0,5761.0,346753.0,14639.0,0.0,0.0
A,골목상권,3110635,공항시장역 3번,11500620,공항동,11500620,공항동,강서구,0.6389389513393183,0.0,0.0,0.0,0.0,0.0,excluded_below_25pct,400,434,16.0,186.0,103.0,91.0,37.0,1.0,5614140565.0,171034.0,0.0,800261197.0,1554061814.0,3010803971.0,249013583.0,0.0,0.0,49368.0,48443.0,66645.0,6578.0,0.0
A,골목상권,3110983,국립국악고등학교,11680690,개포4동,11680690,개포4동,강남구,1.0000000000000002,0.0,0.0,0.0,0.0,0.0,excluded_below_25pct,400,457,40.0,220.0,80.0,91.0,11.0,15.0,5563711389.0,149832.0,248484073.0,988832334.0,30000000.0,4121003185.0,0.0,175391797.0,4109.0,15292.0,60.0,110505.0,0.0,19866.0
A,골목상권,3110696,오류동역 1번,11530750,개봉2동,11530750,개봉2동,구로구,0.9747170623447144,0.0,0.0,0.0,0.0,0.0,excluded_below_25pct,400,221,8.0,108.0,64.0,16.0,21.0,4.0,5526652953.0,253379.0,0.0,2431415784.0,1578733638.0,1002543821.0,513959710.0,0.0,0.0,16792.0,201280.0,33869.0,1438.0,0.0
A,골목상권,3110633,개화산역 1번,11500640,방화2동,11500640,방화2동,강서구,0.7753142220506533,0.0,0.0,0.0,0.0,0.0,excluded_below_25pct,400,314,4.0,87.0,20.0,112.0,91.0,0.0,5473321834.0,121791.0,0.0,408838393.0,0.0,3517051492.0,1547431949.0,0.0,0.0,11210.0,0.0,94021.0,16560.0,0.0
R,전통시장,3130293,봉천중앙시장,11620615,중앙동,11620615,중앙동,관악구,0.9923579080064451,0.0,0.0,0.0,0.0,0.0,excluded_below_25pct,400,215,0.0,74.0,48.0,72.0,12.0,9.0,5322017236.0,323903.0,0.0,0.0,774661091.0,4181697221.0,0.0,365658924.0,0.0,0.0,19093.0,225671.0,0.0,79139.0
A,골목상권,3110619,목4동주민센터,11470540,목4동,11470540,목4동,양천구,0.9999999999999997,0.0,0.0,0.0,0.0,0.0,excluded_below_25pct,400,274,51.0,120.0,32.0,35.0,28.0,8.0,5280224911.0,15414.0,4855048987.0,306721719.0,0.0,118454205.0,0.0,0.0,8165.0,4698.0,0.0,2551.0,0.0,0.0
A,골목상권,3110886,관악해태어린이공원,11620665,서림동,11620665,서림동,관악구,0.9993985999603343,0.0,0.0,0.0,0.0,0.0,excluded_below_25pct,400,462,80.0,235.0,28.0,64.0,19.0,36.0,5255239498.0,726257.0,0.0,146933870.0,3500365149.0,770072240.0,0.0,837868239.0,0.0,6959.0,527993.0,23208.0,0.0,168097.0
A,골목상권,3110641,공항고등학교,11500630,방화1동,11500630,방화1동,강서구,0.9999999999999996,0.0,0.0,0.0,0.0,0.0,excluded_below_25pct,400,395,20.0,197.0,46.0,73.0,43.0,16.0,5244764719.0,184883.0,0.0,3624915945.0,0.0,1243866237.0,299532842.0,76449695.0,0.0,144924.0,0.0,23568.0,5062.0,11329.0
A,골목상권,3110517,서대문소방서,11410615,연희동,11410615,연희동,서대문구,0.9999999999999998,0.0,0.0,0.0,0.0,0.0,excluded_below_25pct,400,359,74.0,149.0,38.0,58.0,16.0,24.0,5233521889.0,211329.0,1070441280.0,287818715.0,0.0,3818947385.0,0.0,56314509.0,3263.0,2205.0,0.0,201498.0,0.0,4363.0
A,골목상권,3110781,대림한신아파트,11560700,대림1동,11560700,대림1동,영등포구,0.9999025495540678,0.0,0.0,0.0,0.0,0.0,excluded_below_25pct,400,507,25.0,190.0,161.0,82.0,41.0,8.0,5224929041.0,281432.0,0.0,1371476199.0,3428297750.0,345119883.0,80035209.0,0.0,0.0,29531.0,238323.0,12150.0,1428.0,0.0
A,골목상권,3110901,인헌고등학교(인헌중학교),11620625,인헌동,11620625,인헌동,관악구,0.9999999999999999,0.0029940119760479044,0.0,0.0,0.0,0.0009980039920159682,excluded_below_25pct,400,485,41.0,207.0,79.0,92.0,42.0,24.0,5201919528.0,423747.0,107991427.0,2353813628.0,957651809.0,1433181874.0,158587934.0,190692856.0,175.0,233366.0,115048.0,36050.0,8093.0,31015.0
A,골목상권,3110644,신광명마을,11500611,발산1동,11500611,발산1동,강서구,1.0,0.0,0.0,0.0,0.0,0.0,excluded_below_25pct,400,110,0.0,58.0,24.0,28.0,0.0,0.0,5179162765.0,36211.0,0.0,4322865452.0,0.0,856297313.0,0.0,0.0,0.0,28683.0,0.0,7528.0,0.0,0.0
A,골목상권,3110868,남부초등학교,11620685,신사동,11620685,신사동,관악구,0.9999999425932993,0.0,0.0,0.0,0.0,0.0,excluded_below_25pct,400,550,36.0,220.0,100.0,96.0,43.0,55.0,5062631362.0,66479.0,0.0,2535578252.0,12014504.0,1651046978.0,794621809.0,69369819.0,0.0,13415.0,326.0,34337.0,11667.0,6734.0
A,골목상권,3110596,서서울호수공원,11470580,신월3동,11470580,신월3동,양천구,0.8898734527257421,0.0,0.0,0.0,0.0,0.0,excluded_below_25pct,400,381,28.0,136.0,129.0,45.0,18.0,25.0,5041525887.0,391563.0,215872378.0,688028460.0,3770007681.0,139617368.0,0.0,228000000.0,1041.0,4653.0,331446.0,10583.0,0.0,43840.0
A,골목상권,3110631,방화초등학교,11500640,방화2동,11500640,방화2동,강서구,1.000000000000001,0.0,0.0,0.0,0.0,0.0,excluded_below_25pct,400,345,61.0,162.0,37.0,40.0,29.0,16.0,5040836132.0,31697.0,4794693349.0,141642064.0,104500719.0,0.0,0.0,0.0,12830.0,5902.0,12965.0,0.0,0.0,0.0
A,골목상권,3110702,개봉초등학교,11530760,개봉3동,11530760,개봉3동,구로구,0.9198593982602344,0.0,0.0,0.0,0.0,0.0,excluded_below_25pct,400,297,51.0,91.0,45.0,60.0,20.0,30.0,4964051314.0,80456.0,2505553582.0,219987288.0,442567679.0,1604438597.0,103113740.0,88390428.0,9370.0,29290.0,3011.0,27256.0,762.0,10767.0
A,골목상권,3110461,새절역 2번,11380600,응암3동,11380600,응암3동,은평구,1.0,0.0,0.0,0.0,0.0,0.0,excluded_below_25pct,400,290,4.0,127.0,54.0,72.0,16.0,17.0,4926542771.0,92641.0,0.0,1072343630.0,0.0,3802962471.0,0.0,51236670.0,0.0,5786.0,0.0,80963.0,0.0,5892.0
A,골목상권,3110769,대림차이나타운(대림역 12번),11560710,대림2동,11560710,대림2동,영등포구,0.9320131330821598,0.0,0.0,0.0,0.0,0.0,excluded_below_25pct,400,339,3.0,105.0,60.0,124.0,47.0,0.0,4909296196.0,148521.0,0.0,0.0,378066678.0,3562664465.0,968565053.0,0.0,0.0,0.0,44399.0,96668.0,7454.0,0.0
A,골목상권,3110797,KT대방빌딩,11560680,신길6동,11560680,신길6동,영등포구,0.8242767002477008,0.0,0.0,0.0,0.0,0.0,excluded_below_25pct,400,144,24.0,73.0,8.0,23.0,8.0,8.0,4894942624.0,257549.0,288152147.0,4335714812.0,0.0,271075665.0,0.0,0.0,570.0,235263.0,0.0,21716.0,0.0,0.0
A,골목상권,3110650,우장산힐스테이트,11500615,우장산동,11500615,우장산동,강서구,1.0,0.0,0.0,0.0,0.0,0.0,excluded_below_25pct,400,266,75.0,81.0,28.0,51.0,13.0,18.0,4770579127.0,95410.0,1132144591.0,622247256.0,0.0,2998187280.0,0.0,18000000.0,4103.0,5683.0,0.0,83804.0,0.0,1820.0
A,골목상권,3110623,갈산공원,11470680,신정7동,11470680,신정7동,양천구,0.8570559358025173,0.0,0.0,0.0,0.0,0.0,excluded_below_25pct,400,134,12.0,74.0,28.0,12.0,4.0,4.0,4749917937.0,243990.0,0.0,1319053327.0,0.0,3430864610.0,0.0,0.0,0.0,4723.0,0.0,239267.0,0.0,0.0
A,골목상권,3110451,증산역 4번,11380640,증산동,11380640,증산동,은평구,0.9525393272467209,0.0,0.0,0.0,0.0,0.0,excluded_below_25pct,400,733,70.0,338.0,170.0,100.0,39.0,16.0,4524046017.0,246457.0,111733702.0,878577687.0,2705805218.0,409813100.0,418116310.0,0.0,153.0,51561.0,156295.0,25374.0,13074.0,0.0
A,골목상권,3110811,보라매역 4번,11560680,신길6동,11560680,신길6동,영등포구,1.0,0.0,0.0,0.0,0.0,0.0,excluded_below_25pct,400,311,12.0,147.0,63.0,45.0,36.0,8.0,4476342316.0,117854.0,0.0,764222182.0,142942166.0,3495307815.0,73870153.0,0.0,0.0,7450.0,17240.0,92315.0,849.0,0.0
A,골목상권,3110594,신월중학교,11470600,신월5동,11470600,신월5동,양천구,1.0,0.0,0.0,0.0,0.0,0.0,excluded_below_25pct,400,451,78.0,209.0,83.0,51.0,4.0,26.0,4383257131.0,143588.0,350101408.0,258127724.0,573020080.0,3145544880.0,0.0,56463039.0,6202.0,5714.0,80964.0,42850.0,0.0,7858.0
A,골목상권,3110825,신대방삼거리역 1번,11590550,상도3동,11590550,상도3동,동작구,0.8332390209963637,0.0029940119760479044,0.0,0.0,0.0,0.0009980039920159682,excluded_below_25pct,400,748,74.0,420.0,104.0,86.0,35.0,29.0,4358476315.0,363484.0,853600560.0,532368277.0,2418823324.0,260972840.0,218406067.0,74305247.0,2728.0,16436.0,312101.0,20312.0,6161.0,5746.0
A,골목상권,3110608,신월2동주민센터,11470570,신월2동,11470570,신월2동,양천구,0.9942469311243264,0.0,0.0,0.0,0.0,0.0,excluded_below_25pct,400,797,119.0,348.0,206.0,77.0,24.0,23.0,4256138988.0,285353.0,1116301195.0,357702742.0,1940370677.0,245826142.0,228448970.0,367489262.0,13643.0,19237.0,178440.0,19195.0,6382.0,48456.0
A,골목상권,3110611,신정역 1번,11470650,신정4동,11470650,신정4동,양천구,0.9999306103066506,0.0,0.0,0.0,0.0,0.0,excluded_below_25pct,400,346,20.0,167.0,90.0,57.0,8.0,4.0,4228274822.0,316866.0,0.0,1324660001.0,2143417250.0,760197571.0,0.0,0.0,0.0,11037.0,275406.0,30423.0,0.0,0.0
A,골목상권,3110737,금천세무서,11545630,독산3동,11545630,독산3동,금천구,1.0,0.0,0.0,0.0,0.0,0.0,excluded_below_25pct,400,495,20.0,290.0,95.0,64.0,26.0,0.0,4186572593.0,529995.0,0.0,98945780.0,3911775026.0,175851787.0,0.0,0.0,0.0,2956.0,517898.0,9141.0,0.0,0.0
A,골목상권,3110470,신진과학기술고등학교,11380580,응암1동,11380580,응암1동,은평구,0.9028703958785556,0.014970059880239521,0.0,0.0029940119760479044,0.0,0.005988023952095808,excluded_below_25pct,400,420,119.0,135.0,58.0,44.0,39.0,25.0,4107673903.0,136814.0,1242649808.0,91099202.0,532268418.0,1782392631.0,432365797.0,26898047.0,7311.0,2246.0,74069.0,44992.0,2688.0,5508.0
A,골목상권,3110482,연신초등학교,11380530,불광2동,11380530,불광2동,은평구,1.0000000000000004,0.0,0.0,0.0,0.0,0.0,excluded_below_25pct,400,267,37.0,88.0,49.0,64.0,8.0,21.0,4080688038.0,215207.0,683929418.0,265389952.0,2287152143.0,780288422.0,0.0,63928103.0,1858.0,12635.0,165648.0,24453.0,0.0,10613.0
A,골목상권,3110879,신림현대아파트,11620745,삼성동,11620665,서림동,관악구,0.7147222529786066,0.0,0.0,0.0,0.0,0.0,excluded_below_25pct,400,316,20.0,149.0,67.0,50.0,22.0,8.0,4053113841.0,255143.0,854831285.0,11088635.0,1844417351.0,1305457261.0,37319309.0,0.0,1833.0,432.0,181581.0,70419.0,878.0,0.0
A,골목상권,3110890,봉천역 1번(관악초등학교),11620595,청룡동,11620595,청룡동,관악구,0.9999999999999999,0.0,0.0,0.0,0.0,0.0,excluded_below_25pct,400,578,56.0,268.0,72.0,108.0,58.0,16.0,3997091595.0,305540.0,455755607.0,290651302.0,1512041468.0,1116212109.0,336183888.0,286247221.0,1081.0,5176.0,194703.0,60443.0,4095.0,40042.0
A,골목상권,3110751,난곡중학교,11545630,독산3동,11545630,독산3동,금천구,1.000000000000001,0.0,0.0,0.0,0.0,0.0,excluded_below_25pct,400,485,36.0,197.0,123.0,105.0,24.0,0.0,3974870562.0,315373.0,284921043.0,183252059.0,2882806637.0,551401489.0,72489334.0,0.0,15624.0,7515.0,268460.0,23434.0,340.0,0.0
A,골목상권,3110698,개웅초등학교(개웅중학교),11530760,개봉3동,11530760,개봉3동,구로구,0.8947493985431922,0.0,0.0,0.0,0.0,0.0,excluded_below_25pct,400,448,68.0,180.0,96.0,60.0,28.0,16.0,3874268262.0,218527.0,780433766.0,228660644.0,1443120052.0,1039481313.0,355478409.0,27094078.0,3847.0,6834.0,175109.0,22137.0,7477.0,3123.0
R,전통시장,3130166,응암시장(신응암시장),11380590,응암2동,11380590,응암2동,은평구,0.5626714251101882,0.0,0.0,0.0,0.0,0.0,excluded_below_25pct,400,239,8.0,52.0,56.0,95.0,23.0,5.0,3779801314.0,80333.0,0.0,0.0,1163752724.0,2275494059.0,338374290.0,2180241.0,0.0,0.0,15242.0,62328.0,2708.0,55.0
A,골목상권,3110684,서울공연예술고등학교,11530790,수궁동,11530790,수궁동,구로구,0.9999999999999998,0.0,0.0,0.0,0.0,0.0,excluded_below_25pct,400,248,30.0,82.0,63.0,48.0,12.0,13.0,3599851852.0,252257.0,824013060.0,239168701.0,863085896.0,1051333085.0,0.0,622251110.0,2845.0,14285.0,111416.0,40501.0,0.0,83210.0
A,골목상권,3110724,금천구립가산도서관,11545510,가산동,11545510,가산동,금천구,0.9750012299692737,0.0,0.0,0.0,0.0,0.0,excluded_below_25pct,400,279,12.0,133.0,56.0,62.0,8.0,8.0,3568770572.0,416285.0,0.0,0.0,2842996671.0,725773901.0,0.0,0.0,0.0,0.0,378802.0,37483.0,0.0,0.0
R,전통시장,3130218,신월중앙시장,11500535,등촌3동,11500535,등촌3동,강서구,1.0,0.0,0.0,0.0,0.0,0.0,excluded_below_25pct,400,114,8.0,28.0,24.0,44.0,10.0,0.0,3392533357.0,71119.0,0.0,0.0,0.0,3392533357.0,0.0,0.0,0.0,0.0,0.0,71119.0,0.0,0.0
R,전통시장,3130161,증산종합시장,11380640,증산동,11380640,증산동,은평구,0.9999999999999999,0.0,0.0,0.0,0.0,0.0,excluded_below_25pct,400,241,32.0,87.0,22.0,91.0,9.0,0.0,3375253577.0,156213.0,300000000.0,0.0,0.0,3075253577.0,0.0,0.0,1597.0,0.0,0.0,154616.0,0.0,0.0
A,골목상권,3110499,연가초등학교,11410720,북가좌2동,11410720,북가좌2동,서대문구,0.8296185856658622,0.0,0.0,0.0,0.0,0.0,excluded_below_25pct,400,505,57.0,226.0,106.0,89.0,20.0,7.0,3342892798.0,342635.0,105124585.0,46865757.0,2751885355.0,421774305.0,0.0,17242796.0,492.0,1610.0,327137.0,9706.0,0.0,3690.0
A,골목상권,3110726,금천철쭉어린이공원(금하마을),11545610,독산1동,11545610,독산1동,금천구,0.9459299979837013,0.0,0.0,0.0,0.0,0.0,excluded_below_25pct,400,321,34.0,145.0,56.0,67.0,8.0,11.0,3328443525.0,254590.0,136552634.0,193240066.0,1928305557.0,1020781410.0,0.0,49563858.0,1247.0,7146.0,177515.0,58627.0,0.0,10055.0
A,골목상권,3110540,망원나들목체육관,11440690,망원1동,11440690,망원1동,마포구,0.9148562250463352,0.0,0.0,0.0,0.0,0.0,excluded_below_25pct,400,300,18.0,140.0,60.0,56.0,4.0,22.0,3250081840.0,287192.0,0.0,174012949.0,2029027544.0,1047041347.0,0.0,0.0,0.0,14157.0,253116.0,19919.0,0.0,0.0
A,골목상권,3110637,송정역 2번,11500620,공항동,11500620,공항동,강서구,0.9998356402372194,0.0,0.0,0.0,0.0,0.0,excluded_below_25pct,400,362,16.0,122.0,143.0,62.0,7.0,12.0,3239338888.0,278591.0,0.0,0.0,1506839397.0,1732499491.0,0.0,0.0,0.0,0.0,240631.0,37960.0,0.0,0.0
A,골목상권,3110506,연희임광아파트,11410615,연희동,11410615,연희동,서대문구,1.0000000000000002,0.008982035928143712,0.0,0.0,0.0,0.002994011976047904,excluded_below_25pct,400,168,16.0,78.0,30.0,28.0,0.0,16.0,3226368636.0,222359.0,0.0,573546169.0,162961766.0,2489860701.0,0.0,0.0,0.0,4333.0,237.0,217789.0,0.0,0.0
A,골목상권,3110448,상신초등학교입구,11380632,신사2동,11380632,신사2동,은평구,0.8849927644067788,0.0,0.0,0.0,0.0,0.0,excluded_below_25pct,400,216,28.0,92.0,65.0,19.0,4.0,8.0,3210126148.0,204376.0,198545455.0,478774405.0,1932879758.0,599926530.0,0.0,0.0,266.0,13713.0,135196.0,55201.0,0.0,0.0
A,골목상권,3110626,양화초등학교,11470520,목2동,11470520,목2동,양천구,1.0000000000000002,0.0,0.0,0.0,0.0,0.0,excluded_below_25pct,400,629,105.0,282.0,139.0,53.0,27.0,23.0,3169518923.0,163092.0,824755158.0,1224999210.0,759824124.0,298584769.0,0.0,61355662.0,4180.0,29639.0,100366.0,24707.0,0.0,4200.0
A,골목상권,3110756,문래중학교,11560610,양평1동,11560610,양평1동,영등포구,0.9942410538962086,0.017964071856287425,0.0,0.005988023952095809,0.0,0.007984031936127746,excluded_below_25pct,400,407,46.0,171.0,73.0,76.0,25.0,16.0,3135430206.0,199759.0,0.0,1038622922.0,1821338576.0,240335012.0,13742927.0,21390769.0,0.0,13483.0,174697.0,6698.0,882.0,3999.0
A,골목상권,3110059,새남터성지,11170640,이촌2동,11170640,이촌2동,용산구,0.999994428909226,0.0,0.0,0.0,0.0,0.0,excluded_below_25pct,400,615,62.0,296.0,148.0,86.0,8.0,15.0,3094226852.0,94661.0,125869899.0,1785646249.0,583833603.0,385193107.0,0.0,213683994.0,772.0,23622.0,34322.0,14833.0,0.0,21112.0
A,골목상권,3110859,난향초등학교,11620715,난향동,11620715,난향동,관악구,1.0000000000000004,0.0,0.0,0.0,0.0,0.0,excluded_below_25pct,400,309,24.0,122.0,66.0,64.0,25.0,8.0,3066987810.0,240654.0,478702957.0,29261260.0,2006397308.0,552626285.0,0.0,0.0,1736.0,1134.0,212972.0,24812.0,0.0,0.0
A,골목상권,3110688,오류지구대,11530770,오류1동,11530770,오류1동,구로구,0.9683089320309047,0.0,0.0,0.0,0.0,0.0,excluded_below_25pct,400,310,8.0,111.0,79.0,71.0,30.0,11.0,3064156696.0,206197.0,0.0,117309020.0,1148819429.0,1798028247.0,0.0,0.0,0.0,4551.0,153445.0,48201.0,0.0,0.0
A,골목상권,3110685,금강수목원아파트,11530780,오류2동,11530780,오류2동,구로구,1.0000000000000002,0.0,0.0,0.0,0.0,0.0,excluded_below_25pct,400,93,8.0,36.0,19.0,16.0,14.0,0.0,3055528924.0,69724.0,0.0,0.0,0.0,444035478.0,2611493446.0,0.0,0.0,0.0,0.0,15172.0,54552.0,0.0
A,골목상권,3110602,신월시영아파트중문,11470611,신월7동,11470611,신월7동,양천구,0.8832427022724266,0.0,0.0,0.0,0.0,0.0,excluded_below_25pct,400,380,28.0,160.0,85.0,54.0,44.0,9.0,3055261553.0,23959.0,2763931.0,2954136333.0,6331790.0,92029499.0,0.0,0.0,17.0,20801.0,22.0,3119.0,0.0,0.0
R,전통시장,3130289,봉일시장,11620605,은천동,11620605,은천동,관악구,0.9986497811487379,0.0,0.0,0.0,0.0,0.0,excluded_below_25pct,400,106,0.0,16.0,59.0,23.0,8.0,0.0,3045340132.0,113514.0,0.0,0.0,2661096043.0,384244089.0,0.0,0.0,0.0,0.0,106569.0,6945.0,0.0,0.0
A,골목상권,3110444,수색성당,11380640,증산동,11380640,증산동,은평구,0.8693137977274588,0.011976047904191617,0.0,0.005988023952095809,0.0,0.00598802395209581,excluded_below_25pct,400,71,3.0,24.0,20.0,20.0,4.0,0.0,3044307392.0,27668.0,0.0,0.0,0.0,3044307392.0,0.0,0.0,0.0,0.0,0.0,27668.0,0.0,0.0
A,골목상권,3110875,보라매동주민센터(당곡고등학교),11620525,보라매동,11620525,보라매동,관악구,0.9999999999999997,0.0,0.0,0.0,0.0,0.0,excluded_below_25pct,400,253,12.0,116.0,41.0,61.0,12.0,11.0,3009871068.0,210366.0,0.0,399402090.0,2019689907.0,12000000.0,24167655.0,554611416.0,0.0,17152.0,80480.0,992.0,583.0,111159.0
R,전통시장,3130160,수일시장,11380650,수색동,11380650,수색동,은평구,0.9999999999999996,0.0,0.0,0.0,0.0,0.0,excluded_below_25pct,400,187,4.0,54.0,32.0,43.0,53.0,1.0,2964367408.0,49172.0,0.0,0.0,275670487.0,2322185931.0,366510990.0,0.0,0.0,0.0,4423.0,35247.0,9502.0,0.0
R,전통시장,3130200,"신월7동 골목시장(약수시장, 우성상가)",11470611,신월7동,11470611,신월7동,양천구,1.0,0.0,0.0,0.0,0.0,0.0,excluded_below_25pct,400,225,12.0,105.0,52.0,36.0,20.0,0.0,2928672264.0,91268.0,0.0,126580229.0,2350687505.0,451404530.0,0.0,0.0,0.0,4246.0,76844.0,10178.0,0.0,0.0
A,골목상권,3110709,구로119안전센터,11530530,구로2동,11530530,구로2동,구로구,1.0,0.0,0.0,0.0,0.0,0.0,excluded_below_25pct,400,392,5.0,153.0,66.0,99.0,65.0,4.0,2925147634.0,103574.0,0.0,152483162.0,918399110.0,1480390057.0,373875305.0,0.0,0.0,7238.0,57457.0,32998.0,5881.0,0.0
A,골목상권,3110980,개포지구대옆,11680690,개포4동,11680690,개포4동,강남구,0.9432736937772717,0.0,0.0,0.0,0.0,0.0,excluded_below_25pct,400,433,43.0,167.0,134.0,59.0,16.0,14.0,2920896567.0,67020.0,1195128328.0,0.0,407032615.0,1187200934.0,0.0,131534690.0,2049.0,0.0,145.0,51493.0,0.0,13333.0
A,골목상권,3110823,신대방삼거리역 3번,11590680,신대방2동,11590680,신대방2동,동작구,0.8841213279139054,0.0029940119760479044,0.0,0.0,0.0,0.0009980039920159682,excluded_below_25pct,400,343,26.0,173.0,56.0,44.0,24.0,20.0,2868435162.0,239801.0,0.0,474741888.0,1101469845.0,965170763.0,0.0,327052666.0,0.0,17874.0,150895.0,23418.0,0.0,47614.0
R,전통시장,3130226,고척프라자,11530720,고척1동,11530720,고척1동,구로구,1.0,0.0,0.0,0.0,0.0,0.0,excluded_below_25pct,400,148,0.0,32.0,82.0,16.0,18.0,0.0,2859432292.0,109411.0,0.0,192886620.0,2666545672.0,0.0,0.0,0.0,0.0,4977.0,104434.0,0.0,0.0,0.0
A,골목상권,3110613,신정네거리역 4번,11470620,신정1동,11470620,신정1동,양천구,0.9999999999999999,0.0,0.0,0.0,0.0,0.0,excluded_below_25pct,400,159,8.0,75.0,25.0,43.0,4.0,4.0,2809310021.0,52501.0,0.0,526207776.0,212488825.0,2070613420.0,0.0,0.0,0.0,9750.0,1974.0,40777.0,0.0,0.0
A,골목상권,3110727,독산역 1번 출입구,11545610,독산1동,11545610,독산1동,금천구,0.9964934834537499,0.0,0.0,0.0,0.0,0.0,excluded_below_25pct,400,230,19.0,88.0,69.0,44.0,9.0,1.0,2762273777.0,220032.0,0.0,0.0,1119203683.0,1416252856.0,0.0,226817238.0,0.0,0.0,125760.0,40788.0,0.0,53484.0
R,전통시장,3130277,조원동 펭귄시장(신림중앙시장),11620725,조원동,11620725,조원동,관악구,1.0,0.0,0.0,0.0,0.0,0.0,excluded_below_25pct,400,401,31.0,99.0,134.0,106.0,16.0,15.0,2743210120.0,119357.0,0.0,90919451.0,356801149.0,1590844024.0,681203746.0,23441750.0,0.0,2412.0,19981.0,90345.0,3689.0,2930.0
A,골목상권,3110758,문래소공원,11560605,문래동,11560605,문래동,영등포구,0.9912756491629667,0.0029940119760479044,0.0,0.0,0.0,0.0009980039920159682,excluded_below_25pct,400,256,20.0,100.0,45.0,61.0,26.0,4.0,2587381978.0,53657.0,0.0,83248263.0,0.0,2151413681.0,352720034.0,0.0,0.0,2993.0,0.0,48423.0,2241.0,0.0
A,골목상권,3110001,이북5도청사,11110560,평창동,11110560,평창동,종로구,1.0,0.0,0.0,0.0,0.0,0.0,excluded_below_25pct,400,192,20.0,52.0,20.0,60.0,32.0,8.0,2585122526.0,67721.0,140500305.0,0.0,0.0,2392091637.0,52530584.0,0.0,480.0,0.0,0.0,65504.0,1737.0,0.0
A,골목상권,3110715,구로구민회관,11530560,구로5동,11530560,구로5동,구로구,1.0000000000000004,0.0,0.0,0.0,0.0,0.0,excluded_below_25pct,400,161,16.0,41.0,46.0,34.0,12.0,12.0,2534289580.0,80327.0,0.0,0.0,1414644662.0,1119644918.0,0.0,0.0,0.0,0.0,38475.0,41852.0,0.0,0.0
A,골목상권,3110931,삼성전자서울R&D(서울우면초등학교),11650651,양재1동,11650651,양재1동,서초구,0.9999999999999999,0.0,0.0,0.0,0.0,0.0,excluded_below_25pct,400,202,40.0,48.0,32.0,9.0,32.0,41.0,2451061828.0,304511.0,0.0,0.0,0.0,0.0,0.0,2451061828.0,0.0,0.0,0.0,0.0,0.0,304511.0
A,골목상권,3110721,가리봉파출소,11530595,가리봉동,11530595,가리봉동,구로구,0.6595750739591816,0.0,0.0,0.0,0.0,0.0,excluded_below_25pct,400,428,24.0,145.0,100.0,83.0,56.0,20.0,2445981801.0,172551.0,0.0,0.0,753734222.0,995399347.0,545763295.0,151084937.0,0.0,0.0,108053.0,33919.0,16684.0,13895.0
A,골목상권,3110854,조원동주민센터,11620725,조원동,11620725,조원동,관악구,1.0,0.0,0.0,0.0,0.0,0.0,excluded_below_25pct,400,249,20.0,107.0,45.0,33.0,40.0,4.0,2297595384.0,33712.0,969497959.0,377281396.0,0.0,950816029.0,0.0,0.0,1876.0,1586.0,0.0,30250.0,0.0,0.0
A,골목상권,3110016,평창동동측,11110560,평창동,11110560,평창동,종로구,1.0000000000000007,0.0,0.0,0.0029940119760479044,0.0,0.0009980039920159682,excluded_below_25pct,400,432,28.0,283.0,52.0,27.0,20.0,22.0,2272973646.0,56851.0,0.0,0.0,93277517.0,552432123.0,1350619089.0,276644917.0,0.0,0.0,10804.0,10505.0,22411.0,13131.0
R,전통시장,3130264,상도약수골목형상점가,11590560,상도4동,11590560,상도4동,동작구,1.0000000000000002,0.0,0.0,0.0,0.0,0.0,excluded_below_25pct,400,247,16.0,86.0,21.0,76.0,34.0,14.0,2237440033.0,65068.0,969925838.0,176697881.0,64583422.0,894151078.0,0.0,132081814.0,1729.0,5985.0,3088.0,27765.0,0.0,26501.0
A,골목상권,3110876,서원동주민센터(신관중학교),11620645,서원동,11620645,서원동,관악구,1.0000000000000002,0.0,0.0,0.0,0.0,0.0,excluded_below_25pct,400,331,53.0,136.0,40.0,66.0,36.0,0.0,2215508431.0,49443.0,3552157.0,466476459.0,0.0,1531751617.0,213728198.0,0.0,14.0,11738.0,0.0,36553.0,1138.0,0.0
R,전통시장,3130212,공항시장,11500640,방화2동,11500640,방화2동,강서구,0.9614074776511818,0.0,0.0,0.0,0.0,0.0,excluded_below_25pct,400,204,8.0,67.0,61.0,45.0,23.0,0.0,2110213870.0,72823.0,0.0,0.0,42654476.0,1807201218.0,260358176.0,0.0,0.0,0.0,800.0,67300.0,4723.0,0.0
A,골목상권,3110678,염창무학아파트,11500510,염창동,11500510,염창동,강서구,1.0000000000000002,0.0,0.0,0.0,0.0,0.0,excluded_below_25pct,400,150,8.0,84.0,20.0,16.0,18.0,4.0,2095804757.0,23324.0,0.0,61586703.0,0.0,2021627870.0,12590184.0,0.0,0.0,263.0,0.0,22996.0,65.0,0.0
A,골목상권,3110798,신풍역 2번,11560680,신길6동,11560680,신길6동,영등포구,0.8548535134651367,0.0,0.0,0.0,0.0,0.0,excluded_below_25pct,400,110,3.0,44.0,22.0,21.0,16.0,4.0,2065218257.0,25130.0,0.0,0.0,0.0,2065218257.0,0.0,0.0,0.0,0.0,0.0,25130.0,0.0,0.0
A,골목상권,3110893,관악소방서(문영여고),11620595,청룡동,11620595,청룡동,관악구,0.986074058024628,0.0,0.0,0.0,0.0,0.0,excluded_below_25pct,400,76,12.0,28.0,4.0,20.0,0.0,12.0,2062427160.0,119210.0,0.0,0.0,0.0,2031335508.0,0.0,31091652.0,0.0,0.0,0.0,114663.0,0.0,4547.0
A,골목상권,3110802,신길동홍어거리,11560660,신길4동,11560660,신길4동,영등포구,0.9996318480798327,0.0,0.0,0.0,0.0,0.0,excluded_below_25pct,400,268,0.0,117.0,88.0,39.0,20.0,4.0,2014269806.0,103513.0,0.0,105140493.0,744000000.0,569971521.0,595157792.0,0.0,0.0,4505.0,84052.0,8408.0,6548.0,0.0
A,골목상권,3110733,금천어울림복지센터,11545670,시흥1동,11545670,시흥1동,금천구,0.9534676522611101,0.0,0.0,0.0,0.0,0.0,excluded_below_25pct,400,141,0.0,49.0,38.0,24.0,30.0,0.0,1987762802.0,44477.0,0.0,0.0,0.0,1482247177.0,505515625.0,0.0,0.0,0.0,0.0,27983.0,16494.0,0.0
A,골목상권,3110805,신길새마을금고신길4동지점,11560660,신길4동,11560660,신길4동,영등포구,1.0000000000000002,0.0,0.0,0.0,0.0,0.0,excluded_below_25pct,400,222,9.0,81.0,46.0,44.0,28.0,14.0,1845228760.0,133275.0,0.0,85279223.0,1271473596.0,457686938.0,30789003.0,0.0,0.0,3345.0,116241.0,13429.0,260.0,0.0
A,골목상권,3110704,고척중학교,11530720,고척1동,11530720,고척1동,구로구,1.0,0.0,0.0,0.0,0.0,0.0,excluded_below_25pct,400,68,8.0,20.0,12.0,20.0,4.0,4.0,1763012120.0,44488.0,0.0,0.0,0.0,1763012120.0,0.0,0.0,0.0,0.0,0.0,44488.0,0.0,0.0
A,골목상권,3110921,서울프랑스학교,11650581,반포4동,11650581,반포4동,서초구,1.0,0.005988023952095809,0.0,0.0,0.0,0.0019960079840319364,excluded_below_25pct,400,243,32.0,68.0,44.0,56.0,24.0,19.0,1722029032.0,31633.0,0.0,74368193.0,123559070.0,880549737.0,0.0,643552032.0,0.0,5044.0,334.0,11799.0,0.0,14456.0
A,골목상권,3111001,아래방죽마을공원(율현초등학교),11680700,세곡동,11680700,세곡동,강남구,0.9999999999999994,0.005988023952095809,0.0,0.0029940119760479044,0.0,0.002994011976047905,excluded_below_25pct,400,282,52.0,102.0,65.0,34.0,12.0,17.0,1721619502.0,76521.0,193017730.0,81822367.0,0.0,1211189274.0,0.0,235590131.0,1044.0,3629.0,0.0,50342.0,0.0,21506.0
A,골목상권,3110977,논현로18길,11680690,개포4동,11680690,개포4동,강남구,1.0,0.0,0.0,0.0,0.0,0.0,excluded_below_25pct,400,147,8.0,35.0,60.0,39.0,1.0,4.0,1662498040.0,124737.0,0.0,0.0,621503805.0,1040994235.0,0.0,0.0,0.0,0.0,82304.0,42433.0,0.0,0.0
A,골목상권,3110497,가좌역 3번,11410690,남가좌1동,11410690,남가좌1동,서대문구,1.0000000000000004,0.0,0.0,0.0,0.0,0.0,excluded_below_25pct,400,282,28.0,116.0,61.0,60.0,17.0,0.0,1656728901.0,64084.0,0.0,12239941.0,781627610.0,629061393.0,233799957.0,0.0,0.0,483.0,52308.0,6993.0,4300.0,0.0
A,골목상권,3110697,개봉3동주민센터,11530760,개봉3동,11530760,개봉3동,구로구,0.911302550617069,0.0,0.0,0.0,0.0,0.0,excluded_below_25pct,400,314,46.0,116.0,48.0,68.0,20.0,16.0,1627152912.0,41569.0,230673343.0,931549304.0,49592081.0,160818665.0,117095860.0,137423659.0,1431.0,12834.0,12594.0,2084.0,477.0,12149.0
R,전통시장,3130304,신사상가,11680545,압구정동,11680545,압구정동,강남구,1.0,0.0,0.0,0.0,0.0,0.0,excluded_below_25pct,400,164,26.0,28.0,76.0,26.0,8.0,0.0,1561864684.0,16448.0,738446277.0,0.0,823418407.0,0.0,0.0,0.0,2133.0,0.0,14315.0,0.0,0.0,0.0
A,골목상권,3110639,신방화역 8번,11500630,방화1동,11500630,방화1동,강서구,0.9687619312806046,0.0,0.0,0.0,0.0,0.0,excluded_below_25pct,400,344,12.0,134.0,81.0,76.0,22.0,19.0,1481906934.0,44096.0,0.0,26512495.0,14203556.0,840033522.0,543630558.0,57526803.0,0.0,903.0,2310.0,29118.0,5135.0,6630.0
R,전통시장,3130206,신정3동 골목시장,11470640,신정3동,11470640,신정3동,양천구,1.0,0.0,0.0,0.0,0.0,0.0,excluded_below_25pct,400,163,4.0,79.0,22.0,32.0,26.0,0.0,1352699713.0,41757.0,0.0,29735814.0,0.0,1298856338.0,24107561.0,0.0,0.0,583.0,0.0,41141.0,33.0,0.0
R,전통시장,3130281,우림시장,11620775,난곡동,11620775,난곡동,관악구,0.9999999999999997,0.0,0.0,0.0,0.0,0.0,excluded_below_25pct,400,173,0.0,40.0,56.0,53.0,24.0,0.0,1327654925.0,68100.0,0.0,0.0,125232425.0,1202422500.0,0.0,0.0,0.0,0.0,1609.0,66491.0,0.0,0.0
A,골목상권,3110609,신정네거리역 2번,11470640,신정3동,11470640,신정3동,양천구,0.5858835563390575,0.0,0.0,0.0,0.0,0.0,excluded_below_25pct,400,184,16.0,100.0,53.0,11.0,0.0,4.0,1312375313.0,114778.0,0.0,35132780.0,1277242533.0,0.0,0.0,0.0,0.0,1666.0,113112.0,0.0,0.0,0.0
A,골목상권,3110822,신대방삼거리역 4번(대림초등학교),11590660,대방동,11590660,대방동,동작구,0.9898916027260344,0.0029940119760479044,0.0,0.0,0.0,0.0009980039920159682,excluded_below_25pct,400,195,45.0,97.0,37.0,8.0,4.0,4.0,1280107994.0,6766.0,1236288887.0,43819107.0,0.0,0.0,0.0,0.0,5465.0,1301.0,0.0,0.0,0.0,0.0
A,골목상권,3110501,연희어린이공원,11410615,연희동,11410615,연희동,서대문구,0.9331473557223434,0.011976047904191617,0.0,0.0,0.0,0.003992015968063873,excluded_below_25pct,400,222,12.0,138.0,48.0,12.0,0.0,12.0,1261055939.0,28807.0,0.0,0.0,912993503.0,0.0,0.0,348062436.0,0.0,0.0,3948.0,0.0,0.0,24859.0
R,전통시장,3130211,신정2동 골목시장(오목교중앙시장),11470630,신정2동,11470630,신정2동,양천구,0.9999999999999999,0.0,0.0,0.0,0.0,0.0,excluded_below_25pct,400,206,7.0,67.0,69.0,55.0,4.0,4.0,1238241736.0,56055.0,0.0,212545618.0,505335405.0,520360713.0,0.0,0.0,0.0,3818.0,23634.0,28603.0,0.0,0.0
A,골목상권,3110676,등촌역 7번,11500530,등촌2동,11500530,등촌2동,강서구,1.0000000000000002,0.0,0.0,0.0,0.0,0.0,excluded_below_25pct,400,281,24.0,111.0,89.0,37.0,12.0,8.0,1221061168.0,9085.0,0.0,45298012.0,1172037149.0,3726007.0,0.0,0.0,0.0,1039.0,7892.0,154.0,0.0,0.0
A,골목상권,3110872,신림초등학교,11620655,신원동,11620655,신원동,관악구,1.0000000000000004,0.0,0.0,0.0,0.0,0.0,excluded_below_25pct,400,214,60.0,80.0,32.0,23.0,10.0,9.0,1193401525.0,39766.0,722671944.0,35662162.0,252000000.0,183067419.0,0.0,0.0,2361.0,117.0,35101.0,2187.0,0.0,0.0
A,골목상권,3110818,신대방역 3번,11590670,신대방1동,11590670,신대방1동,동작구,0.807871120099221,0.0,0.0,0.0,0.0,0.0,excluded_below_25pct,400,150,12.0,68.0,24.0,21.0,21.0,4.0,1178988697.0,146478.0,0.0,0.0,1134346276.0,13110153.0,31532268.0,0.0,0.0,0.0,145693.0,391.0,394.0,0.0
A,골목상권,3110693,오류동역 4번,11530770,오류1동,11530770,오류1동,구로구,1.0,0.0,0.0,0.0,0.0,0.0,excluded_below_25pct,400,76,0.0,32.0,12.0,24.0,4.0,4.0,1149446382.0,17561.0,0.0,0.0,0.0,1149446382.0,0.0,0.0,0.0,0.0,0.0,17561.0,0.0,0.0
A,골목상권,3110878,미림여고,11620745,삼성동,11620745,삼성동,관악구,0.968408041030013,0.0,0.0,0.0,0.0,0.0,excluded_below_25pct,400,166,19.0,94.0,20.0,24.0,4.0,5.0,1145177215.0,10814.0,870238865.0,0.0,0.0,274938350.0,0.0,0.0,3827.0,0.0,0.0,6987.0,0.0,0.0
R,전통시장,3130199,신월3동 골목시장,11470580,신월3동,11470580,신월3동,양천구,1.0,0.0,0.0,0.0,0.0,0.0,excluded_below_25pct,400,145,12.0,60.0,51.0,22.0,0.0,0.0,1141285359.0,95454.0,0.0,96947615.0,1044337744.0,0.0,0.0,0.0,0.0,4001.0,91453.0,0.0,0.0,0.0
A,골목상권,3110793,대림썬프라자,11560700,대림1동,11560700,대림1동,영등포구,0.9954241961040481,0.0,0.0,0.0,0.0,0.0,excluded_below_25pct,400,137,8.0,0.0,45.0,77.0,7.0,0.0,1131517969.0,25686.0,0.0,0.0,136373782.0,995144187.0,0.0,0.0,0.0,0.0,1349.0,24337.0,0.0,0.0
A,골목상권,3110592,서울금융고등학교,11470580,신월3동,11470580,신월3동,양천구,0.9760936851585559,0.0,0.0,0.0,0.0,0.0,excluded_below_25pct,400,161,20.0,64.0,18.0,33.0,18.0,8.0,1128393886.0,49389.0,0.0,0.0,0.0,1128393886.0,0.0,0.0,0.0,0.0,0.0,49389.0,0.0,0.0
A,골목상권,3110340,인수중학교,11305660,인수동,11305660,인수동,강북구,0.8401637819553772,0.014970059880239521,0.0,0.0029940119760479044,0.0,0.005988023952095808,excluded_below_25pct,400,173,24.0,51.0,50.0,36.0,12.0,0.0,1075751642.0,5914.0,56050633.0,22609633.0,970787435.0,26303941.0,0.0,0.0,416.0,894.0,3452.0,1152.0,0.0,0.0
A,골목상권,3110607,금빛새마을금고본점,11470570,신월2동,11470570,신월2동,양천구,0.746869512012409,0.0,0.0,0.0,0.0,0.0,excluded_below_25pct,400,216,32.0,89.0,37.0,32.0,14.0,12.0,1027703874.0,65397.0,0.0,26532186.0,289831799.0,711339889.0,0.0,0.0,0.0,702.0,36866.0,27829.0,0.0,0.0
A,골목상권,3110784,신대림초등학교,11560700,대림1동,11560700,대림1동,영등포구,0.8833923775778764,0.0,0.0,0.0,0.0,0.0,excluded_below_25pct,400,169,28.0,63.0,20.0,26.0,32.0,0.0,1019353926.0,41778.0,0.0,11025726.0,247649933.0,679440070.0,81238197.0,0.0,0.0,463.0,33062.0,7444.0,809.0,0.0
R,전통시장,3130220,등마루시장,11500520,등촌1동,11500520,등촌1동,강서구,1.0,0.0,0.0,0.0,0.0,0.0,excluded_below_25pct,400,48,0.0,16.0,13.0,19.0,0.0,0.0,986898004.0,26981.0,0.0,0.0,0.0,986898004.0,0.0,0.0,0.0,0.0,0.0,26981.0,0.0,0.0
A,골목상권,3110889,봉천역 6번,11620605,은천동,11620605,은천동,관악구,0.9862967346743067,0.0,0.0,0.0,0.0,0.0,excluded_below_25pct,400,281,24.0,145.0,36.0,51.0,18.0,7.0,977885368.0,31970.0,0.0,0.0,80039876.0,897845492.0,0.0,0.0,0.0,0.0,117.0,31853.0,0.0,0.0
A,골목상권,3110972,강남세브란스병원미래의학연구센터,11680650,역삼2동,11680650,역삼2동,강남구,0.9999999999999999,0.0029940119760479044,0.0029940119760479044,0.0,0.0,0.0019960079840319364,excluded_below_25pct,400,159,20.0,63.0,44.0,20.0,4.0,8.0,972072259.0,107028.0,0.0,0.0,355849124.0,246652844.0,0.0,369570291.0,0.0,0.0,42487.0,4222.0,0.0,60319.0
A,골목상권,3110610,계남근린공원,11470640,신정3동,11470640,신정3동,양천구,0.9474165881214048,0.0,0.0,0.0,0.0,0.0,excluded_below_25pct,400,196,8.0,108.0,56.0,24.0,0.0,0.0,879813276.0,97358.0,0.0,208323947.0,671489329.0,0.0,0.0,0.0,0.0,6975.0,90383.0,0.0,0.0,0.0
A,골목상권,3110687,"천왕역 3번(오류2동주민센터, 서울오류남초등학교)",11530780,오류2동,11530780,오류2동,구로구,1.000000000000001,0.0,0.0,0.0,0.0,0.0,excluded_below_25pct,400,125,13.0,28.0,26.0,32.0,18.0,8.0,878052161.0,40933.0,0.0,0.0,0.0,712556019.0,0.0,165496142.0,0.0,0.0,0.0,12056.0,0.0,28877.0
A,골목상권,3110624,목동문화체육센터,11470520,목2동,11470520,목2동,양천구,1.0000000000000002,0.0,0.0,0.0,0.0,0.0,excluded_below_25pct,400,214,44.0,78.0,56.0,28.0,4.0,4.0,849158820.0,83550.0,52180536.0,151869583.0,586059074.0,59049627.0,0.0,0.0,345.0,4927.0,75692.0,2586.0,0.0,0.0
A,골목상권,3110692,큰굴다리,11530740,개봉1동,11530740,개봉1동,구로구,0.8784186314405305,0.0,0.0,0.0,0.0,0.0,excluded_below_25pct,400,222,13.0,107.0,64.0,22.0,12.0,4.0,838878433.0,32729.0,0.0,40849362.0,151994978.0,646034093.0,0.0,0.0,0.0,1193.0,17652.0,13884.0,0.0,0.0
A,골목상권,3110681,온수역 1번,11530790,수궁동,11530790,수궁동,구로구,0.9132967041538472,0.0,0.0,0.0,0.0,0.0,excluded_below_25pct,400,94,0.0,40.0,16.0,18.0,18.0,2.0,836821894.0,22566.0,0.0,0.0,0.0,670067934.0,166753960.0,0.0,0.0,0.0,0.0,19301.0,3265.0,0.0
A,골목상권,3110446,내를건너서숲으로도서관,11380632,신사2동,11380632,신사2동,은평구,1.0000000000000002,0.0,0.0,0.0,0.0,0.0,excluded_below_25pct,400,256,44.0,97.0,50.0,44.0,9.0,12.0,821145876.0,30330.0,294642335.0,268856966.0,99000000.0,111686326.0,0.0,46960249.0,1210.0,1693.0,13470.0,5467.0,0.0,8490.0
A,골목상권,3110700,고척초등학교,11530720,고척1동,11530720,고척1동,구로구,0.7915299367741213,0.0,0.0,0.0,0.0,0.0,excluded_below_25pct,400,441,34.0,167.0,128.0,64.0,28.0,20.0,815761419.0,30475.0,0.0,324079579.0,8180462.0,377369833.0,106131545.0,0.0,0.0,8226.0,639.0,18623.0,2987.0,0.0
A,골목상권,3110795,도림초등학교,11560650,신길3동,11560650,신길3동,영등포구,0.9102764470905754,0.0,0.0,0.0,0.0,0.0,excluded_below_25pct,400,220,20.0,110.0,54.0,20.0,12.0,4.0,771670567.0,69548.0,0.0,318583822.0,445924279.0,0.0,7162466.0,0.0,0.0,10283.0,59051.0,0.0,214.0,0.0
A,골목상권,3110492,하나고등학교,11380690,진관동,11380690,진관동,은평구,0.9999999999999998,0.0,0.0,0.0,0.0,0.0,excluded_below_25pct,400,223,1.0,124.0,17.0,35.0,14.0,32.0,746086255.0,37432.0,0.0,0.0,0.0,0.0,0.0,746086255.0,0.0,0.0,0.0,0.0,0.0,37432.0
A,골목상권,3110940,양재근린공원(양재2동주민센터),11650652,양재2동,11650652,양재2동,서초구,1.0000000000000002,0.0,0.0,0.0,0.0,0.0,excluded_below_25pct,400,289,24.0,150.0,76.0,25.0,10.0,4.0,738739702.0,24506.0,0.0,0.0,108762432.0,629977270.0,0.0,0.0,0.0,0.0,2341.0,22165.0,0.0,0.0
A,골목상권,3110617,등촌역 4번,11470530,목3동,11470530,목3동,양천구,1.0000000000000002,0.0,0.0,0.0,0.0,0.0,excluded_below_25pct,400,324,8.0,194.0,63.0,31.0,4.0,24.0,711259409.0,19259.0,0.0,590840673.0,55256170.0,50691131.0,0.0,14471435.0,0.0,15260.0,196.0,2435.0,0.0,1368.0
R,전통시장,3130256,신동시장,11560650,신길3동,11560650,신길3동,영등포구,0.9999999999999998,0.0,0.0,0.0,0.0,0.0,excluded_below_25pct,400,89,0.0,8.0,49.0,32.0,0.0,0.0,695462656.0,18128.0,0.0,0.0,628648845.0,66813811.0,0.0,0.0,0.0,0.0,15968.0,2160.0,0.0,0.0
A,골목상권,3110708,화원어린이공원,11530530,구로2동,11530530,구로2동,구로구,0.9999999999999997,0.005988023952095809,0.0,0.005988023952095809,0.0,0.003992015968063873,excluded_below_25pct,400,204,8.0,78.0,56.0,34.0,24.0,4.0,650878789.0,36208.0,0.0,56020935.0,180905553.0,310776542.0,103175759.0,0.0,0.0,2533.0,14749.0,17703.0,1223.0,0.0
A,골목상권,3110505,홍남교남측,11410615,연희동,11410615,연희동,서대문구,0.8900254552845374,0.0,0.0,0.0,0.0,0.0,excluded_below_25pct,400,58,4.0,30.0,8.0,16.0,0.0,0.0,648724426.0,2513.0,0.0,648724426.0,0.0,0.0,0.0,0.0,0.0,2513.0,0.0,0.0,0.0,0.0
A,골목상권,3110493,북가좌초등학교,11410710,북가좌1동,11410710,북가좌1동,서대문구,1.0000000000000002,0.011976047904191617,0.0,0.005988023952095809,0.0,0.00598802395209581,excluded_below_25pct,400,313,13.0,126.0,44.0,106.0,24.0,0.0,612891009.0,14370.0,0.0,75429784.0,0.0,459175192.0,78286033.0,0.0,0.0,2339.0,0.0,9693.0,2338.0,0.0
R,전통시장,3130276,신림중앙시장(조원동 펭귄시장),11620725,조원동,11620725,조원동,관악구,1.0000000000000002,0.0,0.0,0.0,0.0,0.0,excluded_below_25pct,400,149,0.0,36.0,89.0,24.0,0.0,0.0,589833293.0,23920.0,0.0,0.0,445118917.0,144714376.0,0.0,0.0,0.0,0.0,14059.0,9861.0,0.0,0.0
R,전통시장,3130224,개봉프라자(고척근린시장),11530730,고척2동,11530730,고척2동,구로구,1.0000000000000004,0.0,0.0,0.0,0.0,0.0,excluded_below_25pct,400,97,0.0,32.0,65.0,0.0,0.0,0.0,559404058.0,14006.0,0.0,0.0,559404058.0,0.0,0.0,0.0,0.0,0.0,14006.0,0.0,0.0,0.0
A,골목상권,3110874,원신초등학교(구세군관악영문교회),11620745,삼성동,11620745,삼성동,관악구,0.999999815503098,0.0,0.0,0.0,0.0,0.0,excluded_below_25pct,400,420,36.0,180.0,115.0,63.0,16.0,10.0,543298994.0,21502.0,0.0,28583301.0,384658676.0,130057017.0,0.0,0.0,0.0,701.0,15210.0,5591.0,0.0,0.0
R,전통시장,3130288,신림현대종합상가,11620665,서림동,11620665,서림동,관악구,1.0,0.0,0.0,0.0,0.0,0.0,excluded_below_25pct,400,195,36.0,64.0,47.0,36.0,8.0,4.0,541687174.0,10795.0,213900000.0,44286966.0,0.0,283500208.0,0.0,0.0,545.0,2178.0,0.0,8072.0,0.0,0.0
A,골목상권,3110616,양목초등학교,11470650,신정4동,11470650,신정4동,양천구,0.9999999999999998,0.0,0.0,0.0,0.0,0.0,excluded_below_25pct,400,145,4.0,49.0,28.0,48.0,0.0,16.0,538978448.0,19092.0,0.0,73178809.0,0.0,379489118.0,0.0,86310521.0,0.0,2026.0,0.0,9693.0,0.0,7373.0
A,골목상권,3110719,영서중학교,11530540,구로3동,11530540,구로3동,구로구,0.9924294205931887,0.0,0.0,0.0,0.0,0.0,excluded_below_25pct,400,153,27.0,43.0,35.0,21.0,23.0,4.0,528388291.0,19645.0,283549206.0,0.0,0.0,176456596.0,68382489.0,0.0,1619.0,0.0,0.0,17724.0,302.0,0.0
R,전통시장,3130284,관악종합시장(신원시장),11620655,신원동,11620655,신원동,관악구,1.0000000000000002,0.0,0.0,0.0,0.0,0.0,excluded_below_25pct,400,130,0.0,32.0,58.0,31.0,8.0,1.0,525717646.0,30189.0,0.0,0.0,294828283.0,230889363.0,0.0,0.0,0.0,0.0,5543.0,24646.0,0.0,0.0
R,전통시장,3130282,난곡 골목형상점가,11620775,난곡동,11620775,난곡동,관악구,1.0000000000000002,0.0,0.0,0.0,0.0,0.0,excluded_below_25pct,400,68,4.0,28.0,20.0,12.0,0.0,4.0,493938085.0,14347.0,0.0,186356081.0,0.0,307582004.0,0.0,0.0,0.0,8174.0,0.0,6173.0,0.0,0.0
R,전통시장,3130173,백련시장,11410700,남가좌2동,11410700,남가좌2동,서대문구,1.0,0.0,0.0,0.0,0.0,0.0,excluded_below_25pct,400,76,0.0,4.0,36.0,30.0,2.0,4.0,458315692.0,19658.0,0.0,0.0,0.0,458315692.0,0.0,0.0,0.0,0.0,0.0,19658.0,0.0,0.0
A,골목상권,3110642,정곡초등학교,11500641,방화3동,11500641,방화3동,강서구,1.0000000000000002,0.0,0.0,0.0,0.0,0.0,excluded_below_25pct,400,61,0.0,20.0,20.0,17.0,0.0,4.0,434948131.0,5567.0,0.0,0.0,0.0,434948131.0,0.0,0.0,0.0,0.0,0.0,5567.0,0.0,0.0
A,골목상권,3110941,언남고등학교,11650652,양재2동,11650652,양재2동,서초구,0.9999999999999999,0.0,0.0,0.0,0.0,0.0,excluded_below_25pct,400,246,28.0,119.0,61.0,33.0,0.0,5.0,430955434.0,3704.0,327591881.0,87482100.0,15881453.0,0.0,0.0,0.0,770.0,2773.0,161.0,0.0,0.0,0.0
A,골목상권,3110899,낙성대역 5번(관악중학교),11620575,행운동,11620575,행운동,관악구,0.9999989258219392,0.0029940119760479044,0.0,0.0,0.0,0.0009980039920159682,excluded_below_25pct,400,231,16.0,124.0,52.0,26.0,8.0,5.0,414174611.0,17895.0,0.0,405697990.0,0.0,8476621.0,0.0,0.0,0.0,17672.0,0.0,223.0,0.0,0.0
A,골목상권,3110447,구산초등학교,11380560,구산동,11380560,구산동,은평구,1.0,0.0,0.0,0.0,0.0,0.0,excluded_below_25pct,400,145,22.0,59.0,20.0,32.0,8.0,4.0,369353722.0,8678.0,229820062.0,0.0,2068545.0,137465115.0,0.0,0.0,944.0,0.0,60.0,7674.0,0.0,0.0
A,골목상권,3110739,시흥3동 우편취급국,11545690,시흥3동,11545690,시흥3동,금천구,1.0,0.0,0.0,0.0,0.0,0.0,excluded_below_25pct,400,46,0.0,10.0,16.0,12.0,8.0,0.0,343580496.0,6907.0,0.0,0.0,0.0,343580496.0,0.0,0.0,0.0,0.0,0.0,6907.0,0.0,0.0
A,골목상권,3110494,증산3교남측,11410710,북가좌1동,11410710,북가좌1동,서대문구,0.8839800967483611,0.011976047904191617,0.0,0.005988023952095809,0.0,0.00598802395209581,excluded_below_25pct,400,97,8.0,73.0,4.0,12.0,0.0,0.0,326580974.0,2305.0,0.0,326580974.0,0.0,0.0,0.0,0.0,0.0,2305.0,0.0,0.0,0.0,0.0
R,전통시장,3130243,도림시장,11560585,도림동,11560585,도림동,영등포구,1.0000000000000002,0.0,0.0,0.0,0.0,0.0,excluded_below_25pct,400,68,0.0,10.0,15.0,17.0,18.0,8.0,314989029.0,3249.0,0.0,0.0,0.0,101608749.0,213380280.0,0.0,0.0,0.0,0.0,2620.0,629.0,0.0
A,골목상권,3110734,금천파출소,11545670,시흥1동,11545670,시흥1동,금천구,1.0,0.0,0.0,0.0,0.0,0.0,excluded_below_25pct,400,125,8.0,33.0,24.0,36.0,24.0,0.0,270764701.0,5046.0,0.0,0.0,0.0,0.0,270764701.0,0.0,0.0,0.0,0.0,0.0,5046.0,0.0
A,골목상권,3110669,화곡보람2차아파트,11500591,화곡6동,11500591,화곡6동,강서구,1.0,0.0,0.0,0.0,0.0,0.0,excluded_below_25pct,400,81,0.0,40.0,7.0,18.0,8.0,8.0,251586662.0,4002.0,0.0,0.0,0.0,251586662.0,0.0,0.0,0.0,0.0,0.0,4002.0,0.0,0.0
R,전통시장,3130291,봉천제일종합시장,11620595,청룡동,11620595,청룡동,관악구,0.9999999999999999,0.0,0.0,0.0,0.0,0.0,excluded_below_25pct,400,79,0.0,20.0,20.0,34.0,1.0,4.0,247306985.0,8028.0,0.0,0.0,0.0,247306985.0,0.0,0.0,0.0,0.0,0.0,8028.0,0.0,0.0
A,골목상권,3110779,대림갑을명가아파트,11560700,대림1동,11560700,대림1동,영등포구,1.0,0.0,0.0,0.0,0.0,0.0,excluded_below_25pct,400,104,4.0,51.0,13.0,29.0,7.0,0.0,221692664.0,4358.0,0.0,5839526.0,0.0,215853138.0,0.0,0.0,0.0,200.0,0.0,4158.0,0.0,0.0
A,골목상권,3110963,역삼월드메르디앙아파트,11680640,역삼1동,11680640,역삼1동,강남구,1.0,0.0,0.0,0.0,0.0,0.0,excluded_below_25pct,400,258,16.0,100.0,76.0,58.0,4.0,4.0,204101279.0,5477.0,0.0,164195498.0,0.0,39905781.0,0.0,0.0,0.0,3671.0,0.0,1806.0,0.0,0.0
A,골목상권,3110672,백석중학교,11500530,등촌2동,11500530,등촌2동,강서구,1.0000000000000002,0.0,0.0,0.0,0.0,0.0,excluded_below_25pct,400,200,43.0,79.0,58.0,12.0,0.0,8.0,192885207.0,2614.0,122444555.0,70440652.0,0.0,0.0,0.0,0.0,618.0,1996.0,0.0,0.0,0.0,0.0
A,골목상권,3110515,홍은중학교,11410685,홍은2동,11410685,홍은2동,서대문구,0.9999999999999997,0.014970059880239521,0.0,0.011976047904191617,0.0,0.008982035928143712,excluded_below_25pct,400,163,21.0,82.0,33.0,8.0,19.0,0.0,184149071.0,5921.0,10777589.0,173371482.0,0.0,0.0,0.0,0.0,18.0,5903.0,0.0,0.0,0.0,0.0
A,골목상권,3110661,강서새말어린이공원,11500591,화곡6동,11500591,화곡6동,강서구,1.0,0.0,0.0,0.0,0.0,0.0,excluded_below_25pct,400,178,8.0,80.0,46.0,20.0,8.0,16.0,140530652.0,6585.0,0.0,102595318.0,833957.0,37101377.0,0.0,0.0,0.0,4889.0,9.0,1687.0,0.0,0.0
A,골목상권,3110771,대림역 11번,11560710,대림2동,11560710,대림2동,영등포구,1.0000000000000002,0.0,0.0,0.0,0.0,0.0,excluded_below_25pct,400,201,0.0,137.0,12.0,39.0,12.0,1.0,130645018.0,1911.0,0.0,1677561.0,0.0,8637038.0,120330419.0,0.0,0.0,91.0,0.0,266.0,1554.0,0.0
A,골목상권,3110870,신림주공2단지(광신고등학교),11620745,삼성동,11620745,삼성동,관악구,1.0000000000000002,0.0,0.0,0.0,0.0,0.0,excluded_below_25pct,400,195,26.0,95.0,42.0,20.0,12.0,0.0,126595122.0,536.0,126595122.0,0.0,0.0,0.0,0.0,0.0,536.0,0.0,0.0,0.0,0.0,0.0
A,골목상권,3110543,중암중학교,11440730,성산2동,11440730,성산2동,마포구,1.0000000000000002,0.017964071856287425,0.0,0.008982035928143712,0.0,0.008982035928143712,excluded_below_25pct,400,125,16.0,51.0,20.0,25.0,0.0,13.0,81558982.0,3146.0,0.0,0.0,0.0,78328511.0,0.0,3230471.0,0.0,0.0,0.0,2823.0,0.0,323.0
A,골목상권,3110945,본마을노인복지센터(서초구립내곡도서관),11650660,내곡동,11650660,내곡동,서초구,0.9999999999999991,0.0,0.0,0.0,0.0,0.0,excluded_below_25pct,400,101,4.0,46.0,20.0,12.0,0.0,19.0,77417765.0,165.0,0.0,0.0,77417765.0,0.0,0.0,0.0,0.0,0.0,165.0,0.0,0.0,0.0
A,골목상권,3110898,청림동주민센터(상도중학교),11620545,청림동,11620545,청림동,관악구,0.959951018495961,0.0,0.0,0.0,0.0,0.0,excluded_below_25pct,400,222,40.0,110.0,28.0,4.0,36.0,4.0,73890217.0,1991.0,0.0,0.0,0.0,0.0,73890217.0,0.0,0.0,0.0,0.0,0.0,1991.0,0.0
R,전통시장,3130144,백운시장,11320660,쌍문1동,11320660,쌍문1동,도봉구,0.9999999999999997,0.0029940119760479044,0.0,0.0,0.0,0.0009980039920159682,excluded_below_25pct,400,109,0.0,32.0,41.0,32.0,4.0,0.0,53188321.0,3263.0,0.0,0.0,17945298.0,35243023.0,0.0,0.0,0.0,0.0,299.0,2964.0,0.0,0.0
A,골목상권,3110512,연희지하차도,11410615,연희동,11410615,연희동,서대문구,0.9149161015082193,0.005988023952095809,0.0,0.0029940119760479044,0.0,0.002994011976047905,excluded_below_25pct,400,348,45.0,147.0,83.0,45.0,16.0,12.0,52334771.0,5634.0,0.0,0.0,52334771.0,0.0,0.0,0.0,0.0,0.0,5634.0,0.0,0.0,0.0
R,전통시장,3130215,대원종합시장,11500560,화곡3동,11500560,화곡3동,강서구,1.0000000000000002,0.0,0.0,0.0,0.0,0.0,excluded_below_25pct,400,53,0.0,12.0,20.0,9.0,12.0,0.0,50809027.0,1038.0,0.0,0.0,50809027.0,0.0,0.0,0.0,0.0,0.0,1038.0,0.0,0.0,0.0
R,전통시장,3130162,증산골목시장,11380640,증산동,11380640,증산동,은평구,1.0,0.0,0.0,0.0,0.0,0.0,excluded_below_25pct,400,58,0.0,30.0,13.0,10.0,5.0,0.0,48337747.0,2309.0,0.0,48337747.0,0.0,0.0,0.0,0.0,0.0,2309.0,0.0,0.0,0.0,0.0
R,전통시장,3130296,남부종합시장,11650590,방배본동,11650590,방배본동,서초구,1.0,0.0029940119760479044,0.0,0.0,0.0,0.0009980039920159682,excluded_below_25pct,400,112,4.0,21.0,63.0,24.0,0.0,0.0,37714626.0,5079.0,0.0,0.0,37714626.0,0.0,0.0,0.0,0.0,0.0,5079.0,0.0,0.0,0.0
A,골목상권,3110887,서울산업정보학교(서울삼성초등학교),11620735,대학동,11620735,대학동,관악구,0.8756074878054515,0.0,0.0,0.0,0.0,0.0,excluded_below_25pct,400,176,34.0,96.0,29.0,13.0,4.0,0.0,30524724.0,967.0,0.0,21377246.0,0.0,9147478.0,0.0,0.0,0.0,735.0,0.0,232.0,0.0,0.0
R,전통시장,3130280,신림종합시장,11620685,신사동,11620685,신사동,관악구,1.0000000000000002,0.0,0.0,0.0,0.0,0.0,excluded_below_25pct,400,44,4.0,16.0,24.0,0.0,0.0,0.0,15000000.0,21.0,0.0,15000000.0,0.0,0.0,0.0,0.0,0.0,21.0,0.0,0.0,0.0,0.0
A,골목상권,3110948,헌인가구단지,11650660,내곡동,11650660,내곡동,서초구,1.0,0.0,0.0,0.0,0.0,0.0,excluded_below_25pct,400,148,4.0,12.0,116.0,16.0,0.0,0.0,14340022.0,4.0,0.0,0.0,14340022.0,0.0,0.0,0.0,0.0,0.0,4.0,0.0,0.0,0.0
A,골목상권,3110628,신목동역,11470520,목2동,11470520,목2동,양천구,1.0,0.0,0.0,0.0,0.0,0.0,excluded_below_25pct,400,156,8.0,92.0,32.0,16.0,0.0,8.0,3905653.0,429.0,0.0,0.0,0.0,0.0,0.0,3905653.0,0.0,0.0,0.0,0.0,0.0,429.0
A,골목상권,3110531,홍지문,11410660,홍은1동,11110550,부암동,종로구,0.6051034137777488,0.029940119760479042,0.0,0.005988023952095809,0.0,0.011976047904191616,excluded_below_25pct,400,38,0.0,16.0,8.0,12.0,0.0,2.0,0.0,0.0,0.0,0.0,0.0,0.0,0.0,0.0,0.0,0.0,0.0,0.0,0.0,0.0
A,골목상권,3110338,인수초등학교,11305660,인수동,11305660,인수동,강북구,0.9999999999999994,0.0029940119760479044,0.0,0.0029940119760479044,0.0,0.0019960079840319364,excluded_below_25pct,400,93,30.0,24.0,27.0,4.0,0.0,8.0,0.0,0.0,0.0,0.0,0.0,0.0,0.0,0.0,0.0,0.0,0.0,0.0,0.0,0.0
A,골목상권,3110385,효문고등학교,11320660,쌍문1동,11320660,쌍문1동,도봉구,0.9980702339630149,0.014970059880239521,0.0,0.0,0.0,0.00499001996007984,excluded_below_25pct,400,85,12.0,20.0,40.0,8.0,1.0,4.0,0.0,0.0,0.0,0.0,0.0,0.0,0.0,0.0,0.0,0.0,0.0,0.0,0.0,0.0
A,골목상권,3110384,문이교,11320660,쌍문1동,11320660,쌍문1동,도봉구,0.9136777337840395,0.0029940119760479044,0.0,0.0,0.0,0.0009980039920159682,excluded_below_25pct,400,55,4.0,37.0,2.0,4.0,4.0,4.0,0.0,0.0,0.0,0.0,0.0,0.0,0.0,0.0,0.0,0.0,0.0,0.0,0.0,0.0
A,골목상권,3110445,덕산중학교,11380631,신사1동,11380631,신사1동,은평구,0.8961193017495989,0.0,0.0,0.0,0.0,0.0,excluded_below_25pct,400,68,4.0,40.0,16.0,0.0,8.0,0.0,0.0,0.0,0.0,0.0,0.0,0.0,0.0,0.0,0.0,0.0,0.0,0.0,0.0,0.0
A,골목상권,3110443,수색역 1번,11380650,수색동,11380650,수색동,은평구,1.0,0.0,0.0,0.0,0.0,0.0,excluded_below_25pct,400,106,4.0,16.0,23.0,41.0,20.0,2.0,0.0,0.0,0.0,0.0,0.0,0.0,0.0,0.0,0.0,0.0,0.0,0.0,0.0,0.0
A,골목상권,3110504,명지전문대,11410685,홍은2동,11410685,홍은2동,서대문구,0.7200551065570138,0.0,0.0,0.0,0.0,0.0,excluded_below_25pct,400,47,4.0,19.0,10.0,4.0,8.0,2.0,0.0,0.0,0.0,0.0,0.0,0.0,0.0,0.0,0.0,0.0,0.0,0.0,0.0,0.0
A,골목상권,3110518,서대문구청,11410615,연희동,11410615,연희동,서대문구,1.0,0.0,0.0,0.0,0.0,0.0,excluded_below_25pct,400,121,8.0,60.0,20.0,19.0,0.0,14.0,0.0,0.0,0.0,0.0,0.0,0.0,0.0,0.0,0.0,0.0,0.0,0.0,0.0,0.0
A,골목상권,3110629,송정역 4번,11500620,공항동,11500620,공항동,강서구,1.0,0.0,0.0,0.0,0.0,0.0,excluded_below_25pct,400,78,4.0,30.0,11.0,21.0,0.0,12.0,0.0,0.0,0.0,0.0,0.0,0.0,0.0,0.0,0.0,0.0,0.0,0.0,0.0,0.0
A,골목상권,3110705,고산초등학교,11530720,고척1동,11530720,고척1동,구로구,0.9999999999999994,0.0,0.0,0.0,0.0,0.0,excluded_below_25pct,400,55,4.0,14.0,13.0,16.0,8.0,0.0,0.0,0.0,0.0,0.0,0.0,0.0,0.0,0.0,0.0,0.0,0.0,0.0,0.0,0.0
A,골목상권,3110682,온수역 8번,11530790,수궁동,11530790,수궁동,구로구,1.0000000000000004,0.0,0.0,0.0,0.0,0.0,excluded_below_25pct,400,34,4.0,14.0,12.0,0.0,0.0,4.0,0.0,0.0,0.0,0.0,0.0,0.0,0.0,0.0,0.0,0.0,0.0,0.0,0.0,0.0
R,전통시장,3130237,박미시장(기능상실),11545690,시흥3동,11545690,시흥3동,금천구,1.0000000000000002,0.0,0.0,0.0,0.0,0.0,excluded_below_25pct,400,16,0.0,0.0,12.0,0.0,4.0,0.0,0.0,0.0,0.0,0.0,0.0,0.0,0.0,0.0,0.0,0.0,0.0,0.0,0.0,0.0
R,전통시장,3130234,푸른터시장(기능상실),11545630,독산3동,11545630,독산3동,금천구,0.9999999999999999,0.0,0.0,0.0,0.0,0.0,excluded_below_25pct,400,8,0.0,8.0,0.0,0.0,0.0,0.0,0.0,0.0,0.0,0.0,0.0,0.0,0.0,0.0,0.0,0.0,0.0,0.0,0.0,0.0
A,골목상권,3110801,신풍역 6번(신길6동공영주차장),11560680,신길6동,11560680,신길6동,영등포구,1.0000000000000007,0.0,0.0,0.0,0.0,0.0,excluded_below_25pct,400,64,4.0,24.0,28.0,4.0,0.0,4.0,0.0,0.0,0.0,0.0,0.0,0.0,0.0,0.0,0.0,0.0,0.0,0.0,0.0,0.0
R,전통시장,3130286,신신림시장(삼성동시장),11620745,삼성동,11620745,삼성동,관악구,1.0,0.0,0.0,0.0,0.0,0.0,excluded_below_25pct,400,42,0.0,8.0,24.0,10.0,0.0,0.0,0.0,0.0,0.0,0.0,0.0,0.0,0.0,0.0,0.0,0.0,0.0,0.0,0.0,0.0
A,골목상권,3110894,관악동부센트레빌아파트(은천로35라길),11620565,성현동,11620565,성현동,관악구,0.9999999999999999,0.0,0.0,0.0,0.0,0.0,excluded_below_25pct,400,79,9.0,30.0,32.0,4.0,0.0,4.0,0.0,0.0,0.0,0.0,0.0,0.0,0.0,0.0,0.0,0.0,0.0,0.0,0.0,0.0
A,골목상권,3110944,서울나래학교(염곡어린이공원),11650660,내곡동,11650660,내곡동,서초구,0.9999999999999996,0.0,0.0,0.0,0.0,0.0,excluded_below_25pct,400,101,4.0,53.0,40.0,4.0,0.0,0.0,0.0,0.0,0.0,0.0,0.0,0.0,0.0,0.0,0.0,0.0,0.0,0.0,0.0,0.0
A,골목상권,3110964,싸리고개근린공원,11680655,도곡1동,11680655,도곡1동,강남구,0.9999999999999999,0.0,0.0,0.0,0.0,0.0,excluded_below_25pct,400,184,4.0,44.0,25.0,111.0,0.0,0.0,0.0,0.0,0.0,0.0,0.0,0.0,0.0,0.0,0.0,0.0,0.0,0.0,0.0,0.0
A,골목상권,3110993,개포지하차도 북측,11680660,개포1동,11680660,개포1동,강남구,1.0,0.0,0.0,0.0,0.0,0.0,excluded_below_25pct,400,39,8.0,27.0,4.0,0.0,0.0,0.0,0.0,0.0,0.0,0.0,0.0,0.0,0.0,0.0,0.0,0.0,0.0,0.0,0.0,0.0
