quarter,admin_code,dong_name,sales_amount,sales_count,store_count,similar_store_count,floating_population,sggnm,minimum_period_ratio,mean_period_ratio,log_sales,log_flow,log_stores,quarter_text,quarter_index,predicted_log_sales,predicted_sales,gap_log,gap_ratio,gap_z
20251,11110515,청운효자동,23027279079,1020514,907,935,3322244,종로구,0.6167664670658682,0.6646706586826348,23.859945397034036,15.016151317188482,6.811244378601294,20251,0,23.698112613963897,19586621898.03917,0.16183278307013893,1.1756636340289632,0.7019908330376872
20251,11110530,사직동,94427981856,3765281,2649,2856,3978820,종로구,0.6916167664670658,0.7285429141716567,25.271103284151433,15.196496102219726,7.882314918980268,20251,0,25.57627867768655,128125831641.5305,-0.3051753935351158,0.7369940990524838,-0.574466675307595
20251,11110540,삼청동,31073600148,1286179,705,750,948998,종로구,0.7305389221556886,0.7664670658682634,24.15962442583053,13.76316302385073,6.559615237493242,20251,0,24.356157421840944,37822024242.51081,-0.19653299601041496,0.8215742221717,-0.2775181185326323
20251,11110580,교남동,9365685668,382884,306,381,4219937,종로구,0.6526946107784432,0.6936127744510978,22.960318386286158,15.255330993961138,5.726847747587197,20251,0,22.643121836738064,6819976319.566555,0.3171965495480933,1.3732724615377019,1.1266413127940977
20251,11110600,가회동,23147087261,1099428,615,658,1222404,종로구,0.6976047904191617,0.7275449101796406,23.865134789346644,14.016330787700165,6.423246963533519,20251,0,24.058513244481734,28085330885.806957,-0.19337845513508967,0.824170003733069,-0.2688959196346146
20251,11110615,종로1·2·3·4가동,555746757776,11928566,9922,10445,13650465,종로구,0.94311377245509,0.9610778443113772,27.043578555814186,16.429284218206654,9.202610573914242,20251,0,26.635083610109447,369376989089.71814,0.40849494570473865,1.5045516482918064,1.3761841026466572
20251,11110630,종로5·6가동,100517703199,2853730,1884,1982,4952892,종로구,0.9491017964071856,0.9620758483033932,25.333599700176514,15.415482408268177,7.541683099882111,20251,0,24.999679167813525,71981801552.54893,0.33392053236298835,1.3964321680059504,1.172352404168745
20251,11110640,이화동,34584606296,2455313,673,809,4574168,종로구,0.8473053892215568,0.8682634730538922,24.26667451529964,15.335935600849073,6.513230110912307,20251,0,24.236821913959744,33567424138.167336,0.029852601339896978,1.0303026575302838,0.34125390730128546
20251,11110650,혜화동,50362611740,2427469,1343,1543,8475034,종로구,0.7604790419161677,0.7904191616766467,24.642514906195593,15.952635341015771,7.203405521083095,20251,0,24.59749619256197,48145629013.84182,0.045018713633623975,1.046047435074964,0.3827069243564855
20251,11110670,창신1동,65279138937,2814664,1563,1611,2729728,종로구,0.9760479041916168,0.9830339321357284,24.90193835722728,14.819712894834542,7.355001921105257,20251,0,25.1333990176116,82280420934.71857,-0.23146066038431812,0.7933739059112567,-0.3729847113514507
20251,11110680,창신2동,11631452309,493202,357,377,4956177,종로구,0.6586826347305389,0.6826347305389221,23.17697867186289,15.416145437147543,5.8805329864007,20251,0,23.02424998274396,9984003335.3586,0.15272868911893056,1.1650088564981662,0.6771069237982916
20251,11110690,창신3동,429393515,28297,165,180,947256,종로구,0.9101796407185628,0.9321357285429142,19.877884343155216,13.761325718666159,5.111987788356544,20251,0,22.275098657543758,4720113379.481197,-2.397214314388542,0.09097101710874496,-6.292565248410544
20251,11110700,숭인1동,3759851909,191481,259,286,2278647,종로구,0.9491017964071856,0.9640718562874252,22.047645407934283,14.639092842590852,5.560681631015528,20251,0,22.11249408418648,4011752775.7045846,-0.06484867625219692,0.9372092746516906,0.0824101377745338
20251,11110710,숭인2동,24338822104,1309724,833,908,5496846,종로구,0.9850299401197604,0.9870259481037924,23.91533852994942,15.519685213091789,6.726233402358747,20251,0,23.573395587773163,17290025089.082752,0.34194294217625654,1.4076799760902599,1.194279783075913
20251,11140520,소공동,165513963713,5040452,2752,3004,2518864,중구,0.8712574850299402,0.8862275449101796,25.832321401098596,14.739318961203093,7.920446505142607,20251,0,25.905440679505126,178069663650.99545,-0.07311927840652999,0.9294899553322918,0.059804383213284185
20251,11140540,회현동,218793339662,6481735,4781,5014,4372857,중구,0.7754491017964071,0.8003992015968064,26.111393466733848,15.290927357880637,8.47261414801827,20251,0,26.13286688807175,223542387903.56027,-0.021473421337901755,0.9787554911348219,0.20096624146892828
20251,11140550,명동,223284548127,9566776,4242,4745,5596335,중구,0.9131736526946108,0.9191616766467066,26.131712795583645,15.537622655852784,8.353025845202325,20251,0,26.046760266903053,205099336476.6141,0.08495252868059211,1.088665385089919,0.49185665793098055
20251,11140570,필동,35847599769,1871166,1144,1274,2431879,중구,0.8562874251497006,0.8872255489021956,24.30254244972834,14.70417517874557,7.0431599159883405,20251,0,24.173312017620145,31501847050.677864,0.1292304321081943,1.137952314711293,0.6128799399959614
20251,11140580,장충동,18557069468,548935,495,533,2014597,중구,0.8233532934131736,0.8602794411177644,23.644116656848514,14.515930229737322,6.206575926724928,20251,0,23.682353126246507,19280366324.7493,-0.038236469397993744,0.962485315653944,0.1551483743930299
20251,11140590,광희동,162057685236,4537054,5011,5248,6312868,중구,0.9730538922155688,0.9810379241516964,25.811218190506626,15.658100806302844,8.51959031601596,20251,0,26.274945354666166,257669953946.54977,-0.46372716415953974,0.6289351271030099,-1.0078308179788127
20251,11140605,을지로동,204928295784,6531854,2856,2985,4679139,중구,0.9461077844311376,0.9570858283433132,26.04592597824016,15.358624890324005,7.957527402230773,20251,0,25.836606868781956,166224790480.33652,0.2093191094582032,1.2328383461445356,0.831783588064789
20251,11140615,신당동,66808036833,1976197,10604,10726,5270807,중구,0.9670658682634732,0.9740518962075848,24.925089222138343,15.477694229448243,9.269080866998783,20251,0,25.914230222962875,179641713377.01074,-0.9891410008245316,0.37189601221844953,-2.4439265233574843
20251,11140625,다산동,41920111941,1221552,813,888,4170031,중구,0.934131736526946,0.9451097804391216,24.45903154732777,15.243434267606451,6.70196036600254,20251,0,24.159515927186934,31070228887.424156,0.2995156201408342,1.349205121497106,1.0783146319627779
20251,11140635,약수동,28629659459,1145169,641,699,1911171,중구,0.9520958083832336,0.9580838323353292,24.077709061469452,14.463227224405044,6.464588303689961,20251,0,24.17855735533665,31667518999.96769,-0.10084829386719818,0.904070175469989,-0.015986388248326384
20251,11140645,청구동,8425309306,240725,476,506,3094257,중구,0.9850299401197604,0.9890219560878242,22.854506025507963,14.945058693839663,6.1675164908883415,20251,0,22.96714477841855,9429838227.104086,-0.11263875291058767,0.8934733664659508,-0.04821284749829641
20251,11140650,신당5동,26259029397,1075468,715,772,3291975,중구,0.8982035928143712,0.9131736526946108,23.99127574390416,15.00699855035155,6.573680166960646,20251,0,24.289048205704255,35367112706.018776,-0.2977724618000934,0.7424702608684038,-0.5542324946865472
20251,11140665,동화동,21599799019,842312,522,560,3540342,중구,0.937125748502994,0.9451097804391216,23.795949846963612,15.079734173071534,6.259581464064923,20251,0,23.99804939059002,26437502559.13125,-0.20209954362640659,0.8170135953912048,-0.2927329731239257
20251,11140670,황학동,52156262310,1739067,1325,1413,5930183,중구,0.9790419161676648,0.9850299401197604,24.677510093849236,15.59556579916032,7.189922170745808,20251,0,24.859253352974154,62551331021.79359,-0.18174325912491796,0.8338153874268187,-0.23709383553361935
20251,11140680,중림동,28998330542,895313,642,708,1994734,중구,0.6077844311377245,0.6506986027944112,24.090504097793055,14.506021767402938,6.466144724237619,20251,0,24.17855735533665,31667518999.96769,-0.08805325754359572,0.9157121068445427,0.018985847791596535
20251,11170520,용산2가동,12944981489,738668,588,633,4654921,용산구,0.7335329341317365,0.7714570858283433,23.283974020253176,15.353435712376763,6.3784261836515865,20251,0,23.30196769350733,13180017495.284433,-0.017993673254153464,0.9821672462598381,0.21047731812916642
20251,11170530,남영동,63644623008,2319008,1188,1359,2035223,용산구,0.6856287425149701,0.7235528942115769,24.876580680910862,14.52611644451124,7.080867896690782,20251,0,25.037023306198865,74720722943.29443,-0.16044262528800246,0.8517666920366912,-0.17887354013903456
20251,11170560,원효로1동,101140032903,1374007,1574,1655,5005893,용산구,0.5359281437125748,0.5668662674650699,25.33977185792942,15.42612657615918,7.362010551259734,20251,0,25.108687741268508,80272083207.40889,0.231084116660913,1.259965219062174,0.8912731393292657
20251,11170625,한강로동,535654969178,4629715,4916,5255,5623799,용산구,0.5808383233532934,0.6477045908183633,27.006756076525978,15.542518149962632,8.50045386741194,20251,0,26.10628284125036,217678021259.5608,0.9004732352756193,2.4607673575793916,2.720891568435713
20251,11170650,이태원1동,67842662141,2531875,1570,1663,2450278,용산구,0.8233532934131736,0.8323353293413174,24.940457069140084,14.711712453588374,7.359467638255621,20251,0,25.185320290764626,86665376336.0746,-0.24486322162454144,0.7828116026164463,-0.40961747450883146
20251,11170685,한남동,82555985523,2013089,2285,2409,4489139,용산구,0.8622754491017964,0.8882235528942116,25.136742512545883,15.317171704624602,7.734558844354756,20251,0,24.973867205221413,70147584195.71452,0.16287530732446953,1.176889930987011,0.7048403289967209
20251,11200520,왕십리2동,12057803579,471290,546,603,4360022,성동구,0.8892215568862275,0.907185628742515,23.212977887280683,15.287987890540661,6.304448802421981,20251,0,23.336985117539005,13649723711.622358,-0.1240072302583215,0.8833734538328506,-0.07928591858337519
20251,11200535,왕십리도선동,36811047310,1069427,1786,1975,5508931,성동구,0.9790419161676648,0.9880239520958084,24.32906383573917,15.521881332940662,7.488293515159428,20251,0,24.82826605699642,60642757891.04391,-0.49920222125724933,0.607014730038135,-1.1047935806450104
20251,11200540,마장동,27125091058,950174,2275,2329,4981711,성동구,1.0,1.0,24.023725005815226,15.421284165024117,7.730174795246222,20251,0,24.652634432292153,50874844911.020645,-0.6289094264769268,0.5331729483488625,-1.4593178572704417
20251,11200550,사근동,32559216013,2680026,698,859,4007275,성동구,0.9670658682634732,0.9790419161676648,24.206326299596764,15.203622266707145,6.54965074223381,20251,0,24.68759708284098,52685024278.523186,-0.48127078324421646,0.6179975516547805,-1.055782193192343
20251,11200560,행당1동,40358248646,1408835,1100,1247,5881662,성동구,0.9670658682634732,0.9840319361277444,24.421061638204872,15.587350103017139,7.00397413672268,20251,0,24.440846776228284,41164693672.08828,-0.019785138023411974,0.9804093033580598,0.20558076862487593
20251,11200570,행당2동,5502515071,285210,504,574,4673750,성동구,0.9880239520958084,0.9920159680638724,22.428471110479723,15.35747251923439,6.22455842927536,20251,0,23.17494484469374,11607819985.452274,-0.7464737342140175,0.47403518299699116,-1.780652366690113
20251,11200580,응봉동,2404309679,112058,268,290,2725450,성동구,0.5868263473053892,0.6047904191616766,21.60052866395857,14.818144476972265,5.594711379601839,20251,0,21.760300292459615,2820839272.853575,-0.1597716285010442,0.8523384164911275,-0.17703952752492053
20251,11200590,금호1가동,5461011262,176445,424,464,3355320,성동구,0.940119760479042,0.9580838323353292,22.420899822557075,15.026058001903461,6.052089168924417,20251,0,22.839981895096173,8303823389.132707,-0.4190820725390978,0.657650217988364,-0.8858039129598763
20251,11200615,금호2·3가동,16636121588,705474,821,907,5938234,성동구,0.9850299401197604,0.9900199600798404,23.534842167588536,15.596922509137434,6.71174039505618,20251,0,23.798200719881798,21648472179.652023,-0.263358552293262,0.7684663125389853,-0.46017013050948335
20251,11200620,금호4가동,16444820346,589811,537,596,2812858,성동구,0.8233532934131736,0.8612774451097804,23.523276392052235,14.849711961793398,6.2878585601617845,20251,0,23.30048333343926,13160468116.364676,0.22279305861297516,1.2495619609116582,0.8686114733722637
20251,11200645,옥수동,11581455092,248299,816,903,2889064,성동구,0.7544910179640718,0.8063872255489022,23.172670956896727,14.87644347832992,6.705639094860003,20251,0,23.303785306820302,13203995455.279179,-0.13111434992357474,0.8771174703312655,-0.09871156617131686
20251,11200650,성수1가1동,18081989779,854980,1102,1181,3228521,성동구,0.7874251497005988,0.8083832335329341,23.618182240058463,14.987535005335493,7.005789019253503,20251,0,23.945625974365534,25087259744.605534,-0.32744373430707086,0.7207638444006678,-0.6353319710361957
20251,11200660,성수1가2동,70981479041,2097829,2063,2199,5572767,성동구,0.9640718562874252,0.9700598802395208,24.985684821394834,15.533402436401103,7.6324011266014535,20251,0,25.03169643102749,74323753222.21823,-0.04601160963265727,0.9550308745681173,0.13389684898480841
20251,11200690,성수2가3동,113327089861,6426104,3090,3302,5517020,성동구,0.9790419161676648,0.9830339321357288,25.45354407491809,15.523348598663855,8.036249942132116,20251,0,26.044873508006923,204712728311.81082,-0.5913294330888341,0.5535908333378489,-1.3566017440912423
20251,11200720,송정동,6794804704,279253,468,483,3154163,성동구,0.7245508982035929,0.7435129740518961,22.639424143150467,14.964234042616837,6.150602768446279,20251,0,22.91977202683778,8993536833.802671,-0.28034788368731256,0.7555208623220818,-0.5066064900981776
20251,11200790,용답동,30046961261,1625547,1171,1240,3245657,성동구,1.0,1.0,24.126027370085595,14.99282866106225,7.066466970136958,20251,0,24.39478614950152,39311626410.0445,-0.26875877941592563,0.7643276049581788,-0.474930386973516
20251,11215710,화양동,84563262065,4448328,2119,2468,8973121,광진구,0.9820359281437124,0.9890219560878244,25.160765754703775,16.009744222532355,7.659171367666058,20251,0,25.105764574625713,80037777156.08667,0.05500118007806165,1.0565418614773359,0.40999165914942215
20251,11215730,군자동,37819709541,1497044,1271,1422,6541558,광진구,0.9311377245508982,0.9540918163672656,24.356096220136656,15.693686074230467,7.148345743900068,20251,0,24.526123934694883,44829127596.91048,-0.17002771455822696,0.8436414351192159,-0.20507213746569258
20251,11215740,중곡1동,54872818770,2294417,1179,1250,3751030,광진구,0.8802395209580839,0.8942115768463075,24.728283958503898,15.137541293492683,7.07326971745971,20251,0,24.606794300567632,48595379948.54926,0.12148965793626587,1.1291776878398117,0.5917223461739689
20251,11215750,중곡2동,36852152218,1544913,1168,1254,4543938,광진구,0.9191616766467066,0.934131736526946,24.33017985873379,15.329304814997244,7.063903961472068,20251,0,24.305038942861575,35937204858.37551,0.02514091587221401,1.0254596138801053,0.3283756182402592
20251,11215760,중곡3동,16954461689,1025062,802,888,4981793,광진구,0.9580838323353292,0.9770459081836328,23.553796862683512,15.421300625093494,6.688354713946762,20251,0,23.719791555656094,20015875199.331383,-0.16599469297258196,0.8470507294912767,-0.1940488172280545
20251,11215770,중곡4동,30335020920,1422912,1007,1090,6520341,광진구,0.8532934131736527,0.8842315369261476,24.135568688005836,15.690437386514903,6.915723448631314,20251,0,24.418400431253055,40250989776.462845,-0.28283174324721827,0.7536465833130567,-0.5133955386496697
20251,11215780,능동,21420540907,821392,629,706,2121772,광진구,0.9461077844311376,0.9700598802395208,23.787616154121498,14.56776261788157,6.4457198193855785,20251,0,24.13529225853674,30326636585.163757,-0.34767610441524255,0.7063276155549425,-0.6906324176449197
20251,11215810,광장동,36883459158,1427717,1042,1159,6245796,광진구,0.8323353293413174,0.8542914171656687,24.33102902622006,15.647419315496487,6.949856455000773,20251,0,24.414688335103257,40101851211.88655,-0.0836593088831954,0.9197445515200408,0.030995677682845984
20251,11215820,자양1동,41308656795,2074696,1234,1359,7947689,광진구,0.6197604790419161,0.6307385229540917,24.444337922600116,15.888391878370289,7.118826249062078,20251,0,24.46283565500871,42079884263.709274,-0.018497732408594203,0.9816723006205034,0.20909959044779458
20251,11215830,자양2동,17716834570,845113,993,1078,5185483,광진구,0.9041916167664672,0.9121756487025948,23.597781130217964,15.461373741480216,6.901737206656574,20251,0,24.08996950764512,28982832463.114338,-0.49218837742715493,0.6112872022618125,-1.0856228807134485
20251,11215840,자양3동,37931046740,1713158,1225,1371,6697342,광진구,0.8922155688622755,0.9021956087824352,24.359035788918163,15.717221438543463,7.111512116496157,20251,0,24.55040387418409,45930897429.443375,-0.1913680852659283,0.8258285568721507,-0.2634010442928254
20251,11215847,자양4동,40624614862,1767758,1477,1589,8623849,광진구,0.9251497005988024,0.935129740518962,24.42763999725599,15.970042178658685,7.298445101508147,20251,0,24.610004215519922,48751617605.907524,-0.18236421826393112,0.8332977828632556,-0.23879108195258078
20251,11215850,구의1동,53883179421,1908220,1404,1536,6921656,광진구,0.8203592814371258,0.8313373253493014,24.710084196064592,15.750165749797121,7.247792581767846,20251,0,24.654167909416152,50952920169.89211,0.05591628664843995,1.0575091523967133,0.41249288870216044
20251,11215860,구의2동,27774276424,1243967,951,1049,5001578,광진구,0.8802395209580839,0.907185628742515,24.047376120827632,15.42526422054405,6.858565034791365,20251,0,24.092010852934294,29042056859.787373,-0.0446347321066618,0.9563467408004842,0.13766022132853156
20251,11215870,구의3동,113724355801,2786274,2256,2474,6334331,광진구,0.8413173652694611,0.8622754491017964,25.457043425862363,15.661494920242284,7.721791776817535,20251,0,25.28534684390803,95782596826.07907,0.17169658195433257,1.1873175249935994,0.7289512178387851
20251,11230545,제기동,894039100812,29319502,3081,3158,12098814,동대문구,0.997005988023952,0.999001996007984,27.519015348090786,16.308618071886837,8.033334015880062,20251,0,26.802402277031035,436651956730.22906,0.7166130710597507,2.0474867615544716,2.2183528574329787
20251,11230560,전농1동,45575021448,2245736,1950,2167,11785738,동대문구,1.0,1.0,24.542625628141856,16.282400799217093,7.576097340623111,20251,0,25.13456275281336,82376229293.94467,-0.5919371246715031,0.5532545230417598,-1.3582627267513203
20251,11230570,전농2동,13822069651,829252,597,679,2421804,동대문구,1.0,1.0,23.349532401815765,14.700023687880336,6.393590753950631,20251,0,23.20867297204046,12006007325.836597,0.14085942977530408,1.1512628033513927,0.6446650823774385
20251,11230600,답십리1동,35946225456,886218,1146,1272,6852442,동대문구,1.0,1.0,24.305289921359183,15.740115788992414,7.044905117129371,20251,0,24.477503101712976,42701637341.90719,-0.1722131803537934,0.8417996988776479,-0.21104559652643312
20251,11230610,답십리2동,28325299077,1306058,1620,1703,5747053,동대문구,0.997005988023952,0.999001996007984,24.067021202604383,15.564197933652451,7.390798521735676,20251,0,24.627363417980813,49605294947.860344,-0.5603422153764299,0.5710136207590834,-1.2719054396298286
20251,11230650,장안1동,170753079117,3329815,2615,2851,9016517,동대문구,0.9580838323353292,0.9800399201596806,25.863484368136625,16.014568786467514,7.86940171257709,20251,0,25.793179226080486,159160541712.97412,0.07030514205613869,1.0728354985429212,0.45182145604152085
20251,11230660,장안2동,94834085791,3820042,1973,2220,7591454,동대문구,0.9760479041916168,0.9850299401197604,25.275394736350993,15.842533830604534,7.587817219993427,20251,0,25.297005494459473,96905827606.15382,-0.0216107581084799,0.9786210812462814,0.2005908635617347
20251,11230705,청량리동,58726508978,2373296,1117,1179,6156023,동대문구,0.9820359281437124,0.9880239520958084,24.79615706284453,15.632941672568785,7.0192966537150445,20251,0,24.511830593498832,44192927127.07946,0.2843264693456966,1.3288666941913203,1.0367986445580641
20251,11230710,회기동,27511782092,1442273,912,1051,4394643,동대문구,0.9461077844311376,0.9520958083832336,24.03788018961029,15.295897084682988,6.816735880594968,20251,0,24.098805289363796,29240053143.795284,-0.06092509975350424,0.9408937103056524,0.09313431549178325
20251,11230720,휘경1동,18290434622,774883,687,763,5481169,동대문구,0.997005988023952,0.997005988023952,23.62964406194274,15.516829139785173,6.5337888379333435,20251,0,23.68956772823942,19419969479.1313,-0.059923666296679556,0.9418364246995805,0.09587149937657963
20251,11230730,휘경2동,14414472154,519744,562,629,4298752,동대문구,1.0,1.0,23.39149854960705,15.27383553860566,6.333279628139691,20251,0,23.318614554832056,13401259804.662464,0.07288399477499397,1.0756057537952535,0.458870146151891
20251,11230740,이문1동,24224908177,1816534,885,1017,8871536,동대문구,0.997005988023952,0.997005988023952,23.91064720433422,15.998358619995926,6.786716950605081,20251,0,23.684842685833317,19328425744.1446,0.22580451850090455,1.2533306383909073,0.8768425938913319
20251,11230750,이문2동,7812912283,481349,456,494,3613334,동대문구,0.994011976047904,0.996007984031936,22.77904362296852,15.100141726562171,6.124683390894205,20251,0,22.59830248136513,6521058075.334531,0.18074114160338794,1.1981049996398319,0.7536724040022387
20251,11260520,면목2동,22903368464,1150204,1071,1140,5438065,중랑구,0.9910179640718564,0.994011976047904,23.85454983123075,15.508934040915909,6.977281341630747,20251,0,23.70472037720665,19716474202.442333,0.14982945402409698,1.1616361134772717,0.6691825434755321
20251,11260540,면목4동,11562370630,732382,559,603,4713986,중랑구,0.9880239520958084,0.9890219560878244,23.17102175105209,15.366044604731517,6.327936783729195,20251,0,23.296630658356403,13109862654.566198,-0.1256089073043114,0.8819597073332265,-0.08366372778183431
20251,11260550,면목5동,8273380695,341299,444,484,2480651,중랑구,0.9730538922155688,0.9810379241516964,22.836309052776492,14.724031986813975,6.09807428216624,20251,0,22.521898128172683,6041378963.236966,0.31441092460380915,1.3694523626717052,1.1190274592178873
20251,11260565,면목본동,55856829524,3053571,1583,1696,9872097,중랑구,0.997005988023952,0.999001996007984,24.746057638333877,16.105222952144484,7.367708572374371,20251,0,24.67656413534336,52106947978.3653,0.06949350299051815,1.0719650966161296,0.44960303068779645
20251,11260570,면목7동,43871764040,1932226,936,1004,6235232,중랑구,0.9910179640718564,0.996007984031936,24.504536761961194,15.645726506085294,6.842683282238422,20251,0,24.066562259172855,28312302349.651493,0.4379745027883395,1.549565397338307,1.456759569773569
20251,11260575,면목3·8동,36669260715,1886835,1317,1443,6222944,중랑구,0.9850299401197604,0.992015968063872,24.325204658368282,15.643753825331356,7.183870715062453,20251,0,24.781432252037444,57868107652.31137,-0.456227593669162,0.6336696014896446,-0.9873324979464014
20251,11260580,상봉1동,12013728975,773318,830,931,4288335,중랑구,0.994011976047904,0.996007984031936,23.20931591410544,15.271409336871885,6.7226297948554485,20251,0,23.817893760253536,22079021918.576645,-0.6085778461480977,0.5441241473152395,-1.4037462427520182
20251,11260590,상봉2동,68655330252,2715188,1645,1822,7465868,중랑구,1.0,1.0,24.952364610035556,15.825852392093246,7.406103381237015,20251,0,24.9102083344173,65821234395.938835,0.04215627561825386,1.0430574704663398,0.37488312023499887
20251,11260600,중화1동,20037108563,885753,617,669,5053203,중랑구,1.0,1.0,23.720851819519716,15.43553305551532,6.42648845745769,20251,0,23.65827989834913,18821767792.78071,0.06257192117058707,1.0645710213620556,0.4306845073593597
20251,11260610,중화2동,34474655635,1730883,1214,1316,7738066,중랑구,1.0,1.0,24.263490271772408,15.861662472773215,7.102499355774649,20251,0,24.45775327247128,41866560749.78574,-0.19426300069887148,0.8234413101433565,-0.2713136178311864
20251,11260620,묵1동,37225200838,1237489,1040,1158,7146919,중랑구,0.9820359281437124,0.9860279441117764,24.340251810773925,15.782192052631702,6.947937068614969,20251,0,24.421294937592908,40367665299.11852,-0.08104312681898307,0.9221539210198727,0.03814639881868767
20251,11260630,묵2동,27459402528,1451645,913,979,5366575,중랑구,0.9910179640718564,0.996007984031936,24.035974479183544,15.495700646733932,6.81783057145415,20251,0,24.048448318437462,27804071907.266148,-0.012473839253917873,0.9876036366034547,0.22556449198902773
20251,11260655,망우본동,67816529431,2951336,1917,2132,11705390,중랑구,0.781437125748503,0.8103792415169662,24.940071799111273,16.275560062877208,7.559038255443384,20251,0,24.95362168526141,68741689435.4067,-0.013549886150137525,0.9865415003325453,0.2226233697371743
20251,11260660,망우3동,13020279806,768345,521,561,4040939,중랑구,0.5898203592814372,0.6427145708582834,23.289773964048912,15.211987896140434,6.257667587882639,20251,0,23.66798786230705,19005378637.855503,-0.37821389825813867,0.6850839467131585,-0.7741003271843572
20251,11260680,신내1동,33645585163,1386627,1229,1393,5031362,중랑구,0.8053892215568862,0.8502994011976049,24.239147685737425,15.431201479524127,7.114769448366463,20251,0,24.096182924999034,29163475521.502617,0.1429647607383906,1.1536891458013179,0.6504195116358691
20251,11260690,신내2동,33713218542,1526312,703,795,1670379,중랑구,0.7934131736526946,0.8073852295409182,24.241155839030135,14.328561703418702,6.556778356158042,20251,0,24.356157421840944,37822024242.51081,-0.11500158281080886,0.891364733041109,-0.054671089812176554
20251,11290525,성북동,27390044198,943507,988,1047,4161217,성북구,0.7365269461077845,0.7574850299401197,24.033445433911226,15.241318377844808,6.8966943316227125,20251,0,24.281990594917517,35118384137.02497,-0.24854516100629098,0.7799346374004419,-0.4196811937423364
20251,11290555,삼선동,59184644336,2603167,1456,1572,9868434,성북구,0.7694610778443114,0.8043912175648703,24.803927958990627,16.104851837540632,7.284134806195205,20251,0,24.660417591109084,51272356851.34927,0.14351036788154303,1.1543187785884375,0.6519108010165954
20251,11290575,동선동,61160167745,3030292,1713,1966,7805146,성북구,0.7155688622754491,0.7425149700598803,24.836761960743864,15.870293945835028,7.446585099157725,20251,0,24.836458549849585,61141613898.67178,0.0003034108942792102,1.0003034569280256,0.26048811368282515
20251,11290580,돈암1동,8887605501,210762,355,377,2348996,성북구,0.5538922155688623,0.5848303393213573,22.90792350283513,14.669498986501026,5.87493073085203,20251,0,22.679894258163944,7075431429.297918,0.22802924467118402,1.2561220598080052,0.8829233619941693
20251,11290600,안암동,38066857376,2612891,996,1210,6984288,성북구,0.874251497005988,0.8902195608782435,24.36260985539134,15.759173755943259,6.904750769961838,20251,0,24.386840445269268,39000505527.81158,-0.024230589877927144,0.9760606141080458,0.19343016681115277
20251,11290610,보문동,13164849386,634787,721,776,5524232,성북구,0.8982035928143712,0.9111776447105788,23.300816189419063,15.524654972201802,6.582025138892826,20251,0,23.486445303344468,15850157962.072187,-0.1856291139254047,0.8305815889975445,-0.24771490982074795
20251,11290660,길음1동,12710266100,508244,909,1040,6248781,성북구,0.6526946107784432,0.6796407185628742,23.26567585827794,15.647897122721009,6.813444599510896,20251,0,23.513036023568485,16277278634.533195,-0.2473601652905444,0.7808594044114001,-0.41644228540090866
20251,11290685,길음2동,19516531733,814776,1100,1212,5155699,성북구,0.6287425149700598,0.655688622754491,23.694527724583356,15.455613456709168,7.00397413672268,20251,0,23.742322627250818,20471973210.31886,-0.047794902667462225,0.9533292923206215,0.12902263500336736
20251,11290705,종암동,41286855160,1856378,1280,1430,10905824,성북구,0.7724550898203593,0.7784431137724551,24.44381000927917,16.20480760812631,7.155396301896734,20251,0,24.323761835046653,36616391600.0198,0.12004817423251524,1.1275511691866895,0.5877823879698428
20251,11290715,월곡1동,17064070014,891480,841,940,8383828,성북구,0.6856287425149701,0.6926147704590818,23.560240921189557,15.941815289342593,6.7357800142423265,20251,0,23.65558906224067,18771189579.735176,-0.09534814105111167,0.909056399516729,-0.0009530082973058854
20251,11290725,월곡2동,25584775916,1222218,989,1131,6196374,성북구,0.8562874251497006,0.8772455089820359,23.965263320791063,15.63947500160547,6.897704943128636,20251,0,24.194834785564513,32187202915.99512,-0.22957146477344992,0.7948741610997796,-0.36782103747371475
20251,11290760,장위1동,10211016955,624335,661,723,6820967,성북구,0.6077844311377245,0.6147704590818363,23.046733068080574,15.735511955231628,6.495265555937008,20251,0,23.279862754895518,12891870486.565886,-0.2331296868149444,0.7920508482954821,-0.37754660432404513
20251,11290770,장위2동,13336976623,596193,669,706,4592065,성북구,0.937125748502994,0.9510978043912176,23.31380621186713,15.33984058970055,6.507277712385012,20251,0,24.236821913959744,33567424138.167336,-0.9230157020926129,0.3973190366977069,-2.263188501442125
20251,11290780,장위3동,10782406365,238802,389,443,3151390,성북구,0.8952095808383234,0.8972055888223552,23.10118160256264,14.963354500632423,5.966146739123692,20251,0,22.59174147339766,6478413410.309212,0.5094401291649788,1.6643591080250868,1.6520941269544966
20251,11290810,석관동,38744034038,1610789,1310,1452,10476790,성북구,0.9850299401197604,0.9880239520958084,24.380242620608794,16.1646729876776,7.1785454837637,20251,0,24.578572358540885,47243095750.164955,-0.19832973793209163,0.8200993906684179,-0.282429091897498
20251,11305535,미아동,44798863706,2122882,1175,1289,7787209,강북구,0.5688622754491018,0.6017964071856288,24.525448612362652,15.867993202219122,7.069874128458572,20251,0,24.4427050996635,41241262109.470314,0.08274351269915314,1.0862631601110178,0.48581882995105224
20251,11305545,송중동,76100342844,2406252,1606,1800,11983806,강북구,0.6047904191616766,0.6407185628742514,25.05531860699444,16.299066879803046,7.382124365737512,20251,0,24.902340990300708,65305427769.36287,0.15297761669373244,1.1652988954112848,0.6777873090416502
20251,11305595,번1동,58082629546,1979022,1249,1373,6634188,강북구,0.5479041916167665,0.593812375249501,24.785132481007647,15.707746987682349,7.1308988302963465,20251,0,24.558191021232567,46289964320.67113,0.2269414597750803,1.2547564120731622,0.8799501566678954
20251,11305635,수유3동,91328923965,3886975,1998,2225,9499554,강북구,0.5329341317365269,0.5688622754491018,25.237733375756438,16.06675551336838,7.6004023345004,20251,0,25.15269292021086,83883344967.80725,0.08504045554557749,1.088761112233307,0.4920969854297659
20251,11320511,창1동,26381555815,1596284,731,808,3634046,도봉구,0.6706586826347305,0.6936127744510978,23.995930959600365,15.105857461261332,6.595780513961311,20251,0,24.063485289729666,28225320149.864704,-0.06755433012930112,0.9346769381153134,0.0750148663865289
20251,11320514,창4동,21052586725,1087213,917,1035,3721570,도봉구,0.6706586826347305,0.6886227544910181,23.770289274370683,15.129656448928744,6.822197390620491,20251,0,24.106052963407205,29452745348.849953,-0.3357636890365221,0.7147919990359081,-0.6580726193064242
20251,11320515,창5동,55595803062,2368965,1299,1446,3825992,도봉구,0.6796407185628742,0.7035928143712574,24.741373550875434,15.157328599393626,7.170119543449628,20251,0,24.80968494410663,59526352112.0699,-0.06831139323119473,0.9339695964793898,0.07294561165157361
20251,11320522,도봉2동,11335632840,642944,896,955,3158959,도봉구,0.6107784431137725,0.6287425149700598,23.151216950048795,14.965753417469172,6.799055862058796,20251,0,23.490773736206712,15918913000.108696,-0.3395567861579174,0.7120858591238358,-0.6684401621954654
20251,11320680,쌍문3동,27137072903,1221028,706,779,5352593,도봉구,0.5778443113772455,0.6067864271457085,24.024166633804956,15.493091861178735,6.561030665896573,20251,0,24.041649728453088,27615684532.343735,-0.01748309464813147,0.9826688478866717,0.21187286520501158
20251,11320690,방학1동,51040990682,2162864,1605,1811,6547860,도봉구,0.6197604790419161,0.6307385229540917,24.65589488572796,15.694648989392014,7.381501894506707,20251,0,24.71113917792117,53940055193.84383,-0.055244292193208366,0.9462539572600457,0.10866147288871592
20251,11350560,월계1동,21612963125,1177023,916,1062,4366384,노원구,0.9700598802395208,0.9760479041916168,23.79655911634393,15.289445993606016,6.821107472256465,20251,0,24.101999303228755,29333595587.358257,-0.30544018688482666,0.73679897374444,-0.5751904259319529
20251,11350570,월계2동,4170670654,238862,468,521,3589689,노원구,0.8413173652694611,0.8473053892215568,22.151342688362767,15.093576405761072,6.150602768446279,20251,0,23.07695653168997,10524340261.896034,-0.9256138433272021,0.39628808554396017,-2.27028991219416
20251,11350580,월계3동,8115103435,487582,596,681,2513256,노원구,0.8383233532934131,0.8493013972055888,22.816992784104066,14.737090079502025,6.391917113392602,20251,0,23.301403261398924,13172580369.29399,-0.4844104772948583,0.6160602712219356,-1.0643638117712322
20251,11350595,공릉1동,61337728235,2779204,2052,2289,10349736,노원구,1.0,1.0,24.839660959341856,16.15247166672478,7.627057417018934,20251,0,24.95481378113483,68823684983.28267,-0.11515282179297515,0.8912299341411171,-0.05508446615976851
20251,11350600,공릉2동,38060179674,2207235,1303,1519,8255872,노원구,0.8922155688622755,0.9301397205588824,24.362434419638795,15.926435383833228,7.1731917424865985,20251,0,24.510329934484304,44126658348.46264,-0.14789551484550856,0.8625212308950199,-0.14457895144728994
20251,11350611,하계1동,54423340072,2189405,728,824,3557543,노원구,0.9191616766467066,0.9271457085828344,24.72005894425418,15.08458097710578,6.591673732008658,20251,0,24.037754811443445,27508332931.423782,0.6823041328107351,1.9784310524259436,2.1245774076118336
20251,11350612,하계2동,2489370419,181680,281,309,2529958,노원구,0.8892215568862275,0.8962075848303392,21.63529567207926,14.743713655038794,5.641907070938114,20251,0,21.75462501018503,2804875555.870933,-0.1193293381057714,0.8875154599245789,-0.06649999563710689
20251,11350625,중계2·3동,52405616900,2136603,1069,1195,4262652,노원구,0.874251497005988,0.8862275449101796,24.682279615295847,15.265402294357871,6.975413927455952,20251,0,24.285776135302537,35251578145.02499,0.39650347999331004,1.4866176113989367,1.3434082387320598
20251,11350640,상계2동,83352874559,3211075,2447,2703,10335978,노원구,0.6916167664670658,0.7105788423153693,25.14634893337096,16.15114147326871,7.803026643632217,20251,0,25.65354329511785,138417912192.3492,-0.5071943617468904,0.6021827178202964,-1.1266382254431158
20251,11350670,상계5동,21804657694,1057948,1203,1283,5801220,노원구,0.5329341317365269,0.5838323353293413,23.805389439654263,15.573578970602382,7.093404625868766,20251,0,24.268319792548585,34641554396.76516,-0.46293035289432183,0.6294364693991944,-1.0056529209457996
20251,11350695,상계6·7동,101170852036,3188289,1454,1651,6400242,노원구,0.7664670658682635,0.8003992015968064,25.340076528963284,15.671846516359105,7.282761179605593,20251,0,24.803951275380495,59186024324.3296,0.5361252535827887,1.7093706359055394,1.7250316666606444
20251,11350700,상계8동,12772718474,620791,382,425,948751,노원구,0.6227544910179641,0.6736526946107785,23.27057736413157,13.762902715726645,5.948034989180646,20251,0,23.217329261278316,12110385911.696066,0.05324810285325299,1.0546912845827863,0.40520003301006313
20251,11350710,상계9동,18780683528,1024192,426,472,1812556,노원구,0.5149700598802395,0.5588822355289421,23.656094706709553,14.410249113492343,6.056784013228625,20251,0,23.441996174161932,15161060584.236893,0.21409853254762012,1.2387447054677998,0.8448470220551574
20251,11410520,천연동,18712105047,702784,570,628,3286557,서대문구,0.6227544910179641,0.6776447105788422,23.65243648015011,15.005351374483794,6.3473892096560105,20251,0,23.665786069839843,18963578772.5331,-0.013349589689731545,0.9867391208932917,0.22317083321552
20251,11410565,충현동,29642489822,1508133,1114,1227,10822733,서대문구,0.7125748502994012,0.7514970059880239,24.11247463597182,16.19715947968615,7.016609683894219,20251,0,24.262889764393535,34453959564.59991,-0.150415128421713,0.860350746230529,-0.15146572523111043
20251,11440555,아현동,35641458511,1358821,1262,1393,7929131,마포구,0.5359281437125748,0.5738522954091816,24.296775362168468,15.886054129864734,7.141245122350491,20251,0,24.444871332739964,41330697129.1448,-0.1480959705714966,0.8623483509032571,-0.14512685024081473
20251,11680521,논현1동,249809595858,5611322,4183,4472,9752622,강남구,0.5299401197604791,0.6017964071856288,26.243964848067417,16.093046832434148,8.339023005744759,20251,0,26.310182718826706,266911430361.64755,-0.06621787075928864,0.9359269309655428,0.07866776516412954
20251,11680531,논현2동,189593521267,4674588,4546,4888,11820073,강남구,0.6107784431137725,0.6487025948103793,25.968148255656082,16.285309830497926,8.42222295382501,20251,0,26.635083610109447,369376989089.71814,-0.6669353544533649,0.5132791886528415,-1.5632528282385179
20251,11680545,압구정동,332235729758,3702398,4380,4610,7516652,강남구,0.5808383233532934,0.6786427145708583,26.52911058330586,15.832631517061381,8.385032287813898,20251,0,26.26388694586582,254836231369.13467,0.26522363744004096,1.3037225043433907,0.9845855261628313
20251,11680565,청담동,273419421548,3292770,4433,4634,8680956,강남구,0.6017964071856288,0.6397205588822356,26.33427279583468,15.976642334015288,8.397057390176256,20251,0,26.259514732073225,253724465094.47165,0.074758063761454,1.0776234031913128,0.4639924749434615
20251,11680580,삼성1동,202422413996,6640445,3561,3854,4679313,강남구,0.7395209580838323,0.7644710578842315,26.033622509320278,15.358662075953175,8.178077463849608,20251,0,26.12665997575265,222159177077.16125,-0.09303746643237076,0.9111593617656127,0.005362679765962839
20251,11680590,삼성2동,84759592539,3140292,2997,3223,8882682,강남구,0.5059880239520959,0.5259481037924152,25.16308476311457,15.999614208973004,8.005700678662542,20251,0,26.24865495454827,250983981306.16342,-1.0855701914337033,0.3377091721069075,-2.7074931385535543
20251,11710510,풍납1동,10071106155,447675,429,463,4457779,송파구,0.6197604790419161,0.6387225548902196,23.032936384317466,15.310161442226152,6.063785208687608,20251,0,22.972276036837354,9478349519.447561,0.06066034748011262,1.0625379592023092,0.42545966824048514
20251,11710680,잠실3동,80099402605,4101871,1585,1739,3785707,송파구,0.5059880239520959,0.5289421157684631,25.106534232890542,15.1467434815224,7.368970402194793,20251,0,25.10634187423798,80083996273.66187,0.00019235865256206353,1.000192377154675,0.26018457838117615
20251,11710690,잠실4동,12183962281,534758,330,377,2217013,송파구,0.7065868263473054,0.7345309381237525,23.223386356835203,14.611671803418384,5.802118375377063,20251,0,23.00164759271728,9760872146.140593,0.22173876411792293,1.248245248844642,0.8657298062160289
20251,11710710,잠실6동,247447500887,8698670,1682,1899,2314231,송파구,0.6317365269461078,0.6407185628742514,26.23446427883079,14.654588441001403,7.428333194190806,20251,0,25.965916108217257,189170792546.01993,0.2685481706135313,1.3080639857593397,0.9936723592069382
20251,11740610,천호2동,140955565960,3829028,2956,3237,11117687,강동구,0.7245508982035929,0.7445109780439122,25.671710542630734,16.2240479115006,7.9919305198524775,20251,0,25.81190146115774,162168452333.75388,-0.14019091852700427,0.869192274647252,-0.12352024131717365
20251,11740620,천호3동,36656651389,1614568,1413,1557,7484127,강동구,0.5808383233532934,0.6057884231536926,24.324860732851036,15.828295069383254,7.254177846456518,20251,0,24.672302233884462,51885345859.378525,-0.3474415010334262,0.7064933418454632,-0.6899911842293089
20251,11740650,성내2동,49883353473,2126476,1426,1551,8506868,강동구,0.6736526946107785,0.6906187624750499,24.632953186332358,15.956384512756346,7.2633296174768365,20251,0,24.760192430738456,56651960480.83873,-0.12723924440609835,0.8805229871942726,-0.0881198725325265
20251,11740685,길동,102696143265,4590655,2779,3052,18457501,강동구,0.5598802395209581,0.5798403193612774,25.35504039977753,16.73098145827249,7.930206206684683,20251,0,25.81190146115774,162168452333.75388,-0.4568610613802093,0.6332683193747465,-0.9890639336183386
20251,11740690,둔촌1동,7330472554,255539,90,115,23239,강동구,0.5419161676646707,0.5568862275449101,22.71530581938906,10.053630210965848,4.51085950651685,20251,0,22.275098657543758,4720113379.481197,0.44020716184530073,1.5530289136414166,1.4628620205647938
20252,11110515,청운효자동,25100514283,1184703,905,936,3549035,종로구,0.6167664670658682,0.6646706586826348,23.946154172276636,15.082186575279637,6.80903930604298,20252,1,23.984289927166884,26076227882.284454,-0.03813575489024856,0.9625822567708372,-0.26079080367001917
20252,11110530,사직동,107789514879,4467814,2667,2871,4099841,종로구,0.6916167664670658,0.7285429141716567,25.403446226126796,15.226458994346617,7.889084407035514,20252,1,25.606105550135776,132004988452.853,-0.20265932400898024,0.8165563751971251,-0.7288648262460561
20252,11110540,삼청동,45548166890,1931645,707,752,1020583,종로구,0.7305389221556886,0.7664670658682634,24.54203621595673,13.835885570436409,6.56244409369372,20252,1,24.148160340049284,30719403877.75882,0.39387587590744744,1.4827164964284143,0.9682940193147047
20252,11110580,교남동,10043710283,413634,302,377,4167907,종로구,0.6526946107784432,0.6936127744510978,23.030212433142342,15.242924789235069,5.713732805509369,20252,1,22.64202827261915,6812522314.629552,0.38818416052319193,1.4743012674515037,0.9521009344604382
20252,11110600,가회동,30991668834,1426889,619,660,1244131,종로구,0.6976047904191617,0.7275449101796406,24.15698425805448,14.033948655976824,6.429719478039138,20252,1,23.845244221300508,22691227233.597176,0.3117400367539709,1.365799589195995,0.7346153261270978
20252,11110615,종로1·2·3·4가동,535775026908,13398148,9921,10446,14129208,종로구,0.94311377245509,0.9610778443113772,27.00698018399159,16.463754772909756,9.202509792860994,20252,1,26.60943086592679,360021959779.61957,0.39754931806480087,1.4881731859800003,0.9787450620224637
20252,11110630,종로5·6가동,108022381317,3184669,1887,1984,5238510,종로구,0.9491017964071856,0.9620758483033932,25.40560427702647,15.471547855610693,7.543273346705446,20252,1,24.655728323452763,51032489886.43907,0.7498759535737065,2.116737426635045,1.9811239091791315
20252,11110640,이화동,35803607595,2714879,670,804,4841942,종로구,0.8473053892215568,0.8682634730538922,24.301314496114014,15.392826644415807,6.508769136971682,20252,1,24.04999329704719,27847061804.312218,0.2513211990668225,1.285722991050197,0.5627220919414048
20252,11110650,혜화동,52568572978,2691919,1341,1541,9403241,종로구,0.7604790419161677,0.7904191616766467,24.685384306250494,16.05656508139512,7.201916317531627,20252,1,24.64817565367522,50648510203.53854,0.037208652575273504,1.0379095607500675,-0.04643391808881743
20252,11110670,창신1동,73849243135,3044303,1560,1608,2894717,종로구,0.9760479041916168,0.9830339321357284,25.025291597205065,14.878398254918212,7.353081920515432,20252,1,25.034220097042564,74511558431.47644,-0.00892849983749855,0.9911112408541887,-0.17769536978067219
20252,11110680,창신2동,12022572984,541958,355,375,4689181,종로구,0.6586826347305389,0.6826347305389221,23.210051801798436,15.360768711564578,5.87493073085203,20252,1,23.14001576000018,11209368736.494957,0.07003604179825729,1.0725468370807938,0.04696089583709698
20252,11110690,창신3동,447924353,31875,159,174,934584,종로구,0.9101796407185628,0.9321357285429142,19.92013492344347,13.747857859472758,5.075173815233827,20252,1,21.968743596821238,3474594423.6514606,-2.0486086733777675,0.128914140295337,-5.980640860882858
20252,11110700,숭인1동,4314685043,211211,260,287,2283555,종로구,0.9491017964071856,0.9640718562874252,22.18529016785607,14.641244435063879,5.564520407322694,20252,1,22.089969370620093,3922399302.0633044,0.09532079723597775,1.100011679262318,0.11889671178723651
20252,11110710,숭인2동,25944903657,1427322,828,903,5360471,종로구,0.9850299401197604,0.9870259481037924,23.979241036442588,15.49456258887145,6.720220155135295,20252,1,23.6645997603348,18941095437.518208,0.314641276107789,1.369767854377037,0.7428694308858971
20252,11140520,소공동,171081569533,6402323,2720,2977,2572626,중구,0.8712574850299402,0.8862275449101796,25.865406294532384,14.760438113790523,7.908754738783246,20252,1,25.761487442668983,154195550559.48895,0.10391885186340133,1.109510416560278,0.1433584107240149
20252,11140540,회현동,244672457814,7719347,4763,4999,4472620,중구,0.7754491017964071,0.8003992015968064,26.223186246156295,15.313485148219288,8.46884293047519,20252,1,26.0536124709155,206509544973.38235,0.16957377524079575,1.1847997526968381,0.3301484509096894
20252,11140550,명동,233963257888,10240276,4252,4764,5614655,중구,0.9131736526946108,0.9191616766467066,26.178429922407187,15.540890879807767,8.355379895253634,20252,1,26.227009368147776,245609660847.41266,-0.04857944574058948,0.9525816577441223,-0.2905033877881755
20252,11140570,필동,36712861459,2482417,1154,1283,2644573,중구,0.8562874251497006,0.8872255489021956,24.326392979115564,14.788020551702074,7.051855622955894,20252,1,24.249031680095083,33979786839.896603,0.07736129902048106,1.0804323650404546,0.06780145158711243
20252,11140580,장충동,21721171502,625740,485,523,2159571,중구,0.8233532934131736,0.8602794411177644,23.80155326715983,14.585420611878261,6.186208623900494,20252,1,23.33721422704589,13652851351.36361,0.4643390401139378,1.5909622790868918,1.168763635250192
20252,11140590,광희동,170788135689,5131944,4971,5206,6517843,중구,0.9730538922155688,0.9810379241516964,25.8636896527149,15.690054204371227,8.511577452630602,20252,1,26.258928725298514,253575824395.4978,-0.3952390725836139,0.6735190000708613,-1.2767594413753824
20252,11140605,을지로동,228956426187,6953617,2845,2976,4822187,중구,0.9461077844311376,0.9570858283433132,26.15679754374035,15.388738324935039,7.953669778649798,20252,1,25.775289997122606,156338598789.89542,0.381507546617744,1.4644907141242594,0.9331057865636965
20252,11140615,신당동,81762955912,2451946,10401,10521,5429827,중구,0.9670658682634732,0.9740518962075848,25.127090116283018,15.507418015533657,9.249753374333018,20252,1,25.690382773957595,143612246786.21576,-0.5632926576745767,0.5693313609508114,-1.754876455267074
20252,11140625,다산동,39209517210,1330739,818,893,4263410,중구,0.934131736526946,0.9451097804391216,24.392185340269975,15.265580102078292,6.70808408385307,20252,1,23.766065085477187,20963844186.553745,0.626120254792788,1.870340041696602,1.6290355849628677
20252,11140635,약수동,31690201947,1201156,636,691,1854990,중구,0.9520958083832336,0.9580838323353292,24.17927338323859,14.433390402259882,6.456769655572163,20252,1,24.005505687444824,26635365170.80118,0.17376769579376727,1.1897791430222306,0.34208026878909015
20252,11140645,청구동,8976285413,254254,455,486,2816904,중구,0.9850299401197604,0.9890219560878242,22.917851982681118,14.851149322470183,6.1224928095143865,20252,1,22.62916380984675,6725444182.517068,0.288688172834366,1.3346754756115649,0.6690321471909657
20252,11140650,신당5동,27423218713,1149376,725,781,3228110,중구,0.8982035928143712,0.9131736526946108,24.034655889822353,14.98740769439787,6.587550014824796,20252,1,23.70346780937048,19691793441.402973,0.33118808045187365,1.3926216926154285,0.7899455386533192
20252,11140665,동화동,29505095043,1153797,525,563,3491626,중구,0.937125748502994,0.9451097804391216,24.107828798734882,15.065878374657975,6.26530121273771,20252,1,23.79227270267261,21520519292.17521,0.31555609606227364,1.3710215186920678,0.7454721185027663
20252,11140670,황학동,53747204736,1846159,1320,1408,5863751,중구,0.9790419161676648,0.9850299401197604,24.70755749770886,15.584300229703407,7.186144304522325,20252,1,24.563580895189318,46540134982.3579,0.14397660251954036,1.1548570874659925,0.25732379930269067
20252,11140680,중림동,30910695029,994528,639,707,1968294,중구,0.6077844311377245,0.6506986027944112,24.154368078441003,14.49267824373468,6.461468176353717,20252,1,24.005505687444824,26635365170.80118,0.14886239099617882,1.160513281150191,0.2712240002159435
20252,11170520,용산2가동,15653817937,905037,589,634,4894044,용산구,0.7335329341317365,0.7714570858283433,23.473980681879414,15.40352971787505,6.380122536899765,20252,1,23.31756213842211,13387163517.81192,0.15641854345730266,1.169315510053511,0.2927214591917066
20252,11170530,남영동,65395434843,2445340,1185,1352,2019412,용산구,0.6856287425149701,0.7235528942115769,24.903718289364615,14.518317433087347,7.078341579557671,20252,1,24.79580950510996,58706101672.14412,0.10790878425465422,1.113946131327435,0.15470987674304096
20252,11170560,원효로1동,122127904479,1429432,1568,1649,5018335,용산구,0.5359281437125748,0.5668662674650699,25.528334729871997,15.428608962614643,7.358193752733032,20252,1,24.894882031124748,64820129409.986305,0.6334526987472486,1.8841046074830075,1.6498965871612876
20252,11170625,한강로동,574178162363,4655688,4882,5225,5518689,용산구,0.5808383233532934,0.6477045908183633,27.076205572499504,15.523651071248127,8.49351506406166,20252,1,25.93862176808915,184077328173.69897,1.1375838044103546,3.119222600956019,3.0841632748912517
20252,11170650,이태원1동,74213540482,2905358,1551,1642,2483019,용산구,0.8233532934131736,0.8323353293413174,25.030212456764946,14.724986119230318,7.347299700743164,20252,1,25.155213076674755,84095010725.22946,-0.12500061990980882,0.882496355514883,-0.5079237038862037
20252,11170685,한남동,91149672671,2273789,2287,2411,4291192,용산구,0.8622754491017964,0.8882235528942116,25.23576874697303,15.272075340822827,7.7354333524996886,20252,1,25.181468735815653,86332221870.15248,0.054300011157376815,1.0558013068179015,0.0021914612757719383
20252,11200520,왕십리2동,13405542933,543709,542,600,4358103,성동구,0.8892215568862275,0.907185628742515,23.318934110164005,15.287547658359829,6.297109319933935,20252,1,23.235011209152876,12326425495.752178,0.0839229010111282,1.0875450419604367,0.08646938746254111
20252,11200535,왕십리도선동,37559431980,1139440,1771,1952,5465586,성동구,0.9790419161676648,0.9880239520958084,24.34919036819555,15.513982084620624,7.4798641311650265,20252,1,24.581109074918267,47363090216.492775,-0.2319187067227162,0.793010587111587,-0.8121085647466869
20252,11200540,마장동,25700979016,1002948,2253,2307,4876867,성동구,1.0,1.0,23.969794922168717,15.400013768506753,7.720461694599722,20252,1,24.78549311713577,58103580018.15236,-0.8156981949670516,0.4423303866641377,-2.4729770641573015
20252,11200550,사근동,38993245568,4070104,697,854,4460944,성동구,0.9670658682634732,0.9790419161676648,24.386654277538383,15.310871184960199,6.548219102762372,20252,1,24.114367351036947,29698647737.757507,0.2722869265014367,1.312963671353486,0.6223701559186124
20252,11200560,행당1동,40469976621,1534010,1098,1244,5913700,성동구,0.9670658682634732,0.9840319361277444,24.423826218171552,15.59278242011849,7.002155954403621,20252,1,24.396907157384348,39395095167.20349,0.026919060787204074,1.0272846517881076,-0.07570808618950606
20252,11200570,행당2동,5487786282,308484,502,570,4677789,성동구,0.9880239520958084,0.9920159680638724,22.42579078400967,15.35833633413958,6.220590170099739,20252,1,22.673018155443742,7026946919.261124,-0.24722737143407159,0.7809631046105917,-0.8556621316313243
20252,11200580,응봉동,2612695113,127021,269,291,2689260,성동구,0.5868263473053892,0.6047904191616766,21.68364813623326,14.804776992645651,5.598421958998375,20252,1,21.800213780872827,2935705923.927824,-0.11656564463956798,0.8899716731519034,-0.48392597014981886
20252,11200590,금호1가동,5201430311,185169,421,463,3209351,성동구,0.940119760479042,0.9580838323353292,22.372199484711725,14.981579605569,6.045005314036012,20252,1,22.653070556032645,6888164982.081847,-0.28087107132092015,0.7551256865261586,-0.9513793715667982
20252,11200615,금호2·3가동,17263300660,770182,810,895,5552003,성동구,0.9850299401197604,0.9900199600798404,23.57184873612687,15.529669501629613,6.698268054115413,20252,1,23.591187575140403,17600401919.827126,-0.01933883901353184,0.9808469567136773,-0.2073130674795973
20252,11200620,금호4가동,17173124684,631127,524,584,2558286,성동구,0.8233532934131736,0.8612774451097804,23.566611480447023,14.754848451856239,6.263398262591624,20252,1,23.37002485408695,14108239904.288828,0.19658662636007307,1.2172407614630556,0.4070007460086545
20252,11200645,옥수동,13526452819,288615,818,908,2946041,성동구,0.7544910179640718,0.8063872255489022,23.327913073285355,14.895973132522233,6.70808408385307,20252,1,23.29349574942062,13068828781.31392,0.03441732386473362,1.0350164536810216,-0.05437532408233493
20252,11200650,성수1가1동,20313380015,1066860,1101,1180,3196039,성동구,0.7874251497005988,0.8083832335329341,23.73454561996253,14.977423101434537,7.004881989712859,20252,1,23.679179964607858,19219283569.9258,0.05536565535467375,1.0569270150520196,0.005223247959803929
20252,11200660,성수1가2동,86421765365,2599146,2060,2190,5614925,성동구,0.9640718562874252,0.9700598802395208,25.18250539498976,15.540938967082974,7.630946580890459,20252,1,24.995451122350634,71678101703.88405,0.1870542726391271,1.2056927194029894,0.37988094077539425
20252,11200690,성수2가3동,113988584588,5248108,3092,3299,5700149,성동구,0.9790419161676648,0.9830339321357288,25.459364145142835,15.556003048247998,8.03689677268507,20252,1,26.175245925985532,233219504394.65057,-0.7158817808426967,0.48876094168826556,-2.188996654976019
20252,11200720,송정동,7023971396,314970,465,481,3232174,성동구,0.7245508982035929,0.7435129740518961,22.672594621089843,14.988665843196884,6.144185634125646,20252,1,22.56784159354908,6325415704.241299,0.1047530275407631,1.1104363293135513,0.14573166318218417
20252,11200790,용답동,33288656504,1800662,1169,1239,3238863,성동구,1.0,1.0,24.228482530404456,14.99073320900395,7.064759027791802,20252,1,24.258339916309527,34297555360.180527,-0.029857385905071254,0.970583942628405,-0.23723861906804122
20252,11215710,화양동,87806346048,5015839,2117,2457,9059046,광진구,0.9820359281437124,0.9890219560878244,25.198399613437935,16.019274484848584,7.658227526161352,20252,1,25.221899629146563,89894233163.93082,-0.023500015708627586,0.9767739593248062,-0.2191517281940236
20252,11215730,군자동,42565086810,1754927,1271,1423,6763400,광진구,0.9311377245508982,0.9540918163672656,24.474300195772894,15.727036428012376,7.148345743900068,20252,1,24.41246159494924,40012654155.72964,0.061838600823655554,1.063790635940727,0.023638953623198077
20252,11215740,중곡1동,56521321821,2322859,1177,1244,3678009,광진구,0.8802395209580839,0.8942115768463075,24.757883781290403,15.117882403011658,7.071573364211532,20252,1,24.586663967747146,47626919199.14714,0.17121981354325655,1.1867515844277439,0.3348314745863217
20252,11215750,중곡2동,39023796149,1663241,1174,1260,4352732,광진구,0.9191616766467066,0.934131736526946,24.387437454697846,15.286314481644284,7.069023426578259,20252,1,24.504594439530944,43874294529.706024,-0.11715698483309822,0.8894455527388163,-0.48560834906111544
20252,11215760,중곡3동,17794863562,1101923,803,887,4702350,광진구,0.9580838323353292,0.9770459081836328,23.60217568872548,15.363573154381543,6.6895992691789665,20252,1,23.762737580909963,20894202829.497334,-0.16056189218448225,0.8516651105194667,-0.6090964893459919
20252,11215770,중곡4동,30942721715,1548405,995,1076,6415828,광진구,0.8532934131736527,0.8842315369261476,24.15540364577251,15.674278776053614,6.903747257584598,20252,1,24.31027719300151,36125946834.02098,-0.15487354722900193,0.8565234803994184,-0.5929129934531312
20252,11215780,능동,22824047096,930562,615,690,2196514,광진구,0.9461077844311376,0.9700598802395208,23.851080514341284,14.602382571420863,6.423246963533519,20252,1,23.66539267920359,18956120145.38694,0.1856878351376956,1.2040463407568314,0.3759933889716024
20252,11215810,광장동,39905931131,1668305,1036,1151,6336033,광진구,0.8323353293413174,0.8542914171656687,24.409790799719737,15.661763578623617,6.9440872082295275,20252,1,24.41598540008828,40153899666.74652,-0.006194600368544911,0.9938245466117983,-0.16991735153923637
20252,11215820,자양1동,42480717772,2132496,1235,1360,7862796,광진구,0.6197604790419161,0.6307385229540917,24.47231611046522,15.877652953522237,7.119635638017636,20252,1,24.39814962061355,39444072544.35547,0.07416648985166674,1.0769860978282548,0.05871213273134087
20252,11215830,자양2동,18415727756,948525,1054,1151,5160179,광진구,0.9041916167664672,0.9121756487025948,23.6364709058562,15.456482020570252,6.961296045910167,20252,1,23.7370334646472,20363979465.188854,-0.10056255879100107,0.9043285369385052,-0.4383967562694501
20252,11215840,자양3동,43620730288,2147195,1213,1359,6641281,광진구,0.8922155688622755,0.9021956087824352,24.498798339647607,15.708815575105717,7.101675971619444,20252,1,24.533779858350847,45173653123.117256,-0.03498151870324051,0.9656232620619615,-0.251816916049442
20252,11215847,자양4동,43914770792,2043900,1482,1597,8951997,광진구,0.9251497005988024,0.935129740518962,24.50551656496907,16.007387305560112,7.301822342137932,20252,1,24.58749362601663,47666449662.63207,-0.08197706104756008,0.9212930919507272,-0.3855205104102797
20252,11215850,구의1동,53711547836,2045676,1389,1522,6832738,광진구,0.8203592814371258,0.8313373253493014,24.70689385886224,15.737236176048173,7.237059026124737,20252,1,24.624735545684754,49475109697.55117,0.08215831317748723,1.0856276653926957,0.0814490871499154
20252,11215860,구의2동,30969383582,1384560,943,1041,4918704,광진구,0.8802395209580839,0.907185628742515,24.15626492705246,15.408555842440181,6.8501261661455,20252,1,23.984068913297694,26070465311.093624,0.17219601375476756,1.187910657230263,0.3376087907015087
20252,11215870,구의3동,126228000472,3232520,2238,2453,6153180,광진구,0.8413173652694611,0.8622754491017964,25.561355636238737,15.632479741834745,7.713784616598755,20252,1,25.12919608740076,81935327777.03128,0.43215954883797636,1.5405808934517398,1.0772121085803585
20252,11230545,제기동,814691624441,31884203,3059,3134,12271963,동대문구,0.997005988023952,0.999001996007984,27.42607550366763,16.322827869077702,8.026170194946426,20252,1,26.86092563866935,462968863201.81775,0.5651498649982791,1.7597114821215503,1.455573170051669
20252,11230560,전농1동,50535471785,2500546,1939,2151,11439262,동대문구,1.0,1.0,24.64594133825611,16.25256211876375,7.570443252057374,20252,1,24.88607071877451,64251487921.11898,-0.24012938051839683,0.7865260933263052,-0.8354681546959565
20252,11230570,전농2동,13484507260,980542,589,667,2315610,동대문구,1.0,1.0,23.324807253085563,14.655184141564371,6.380122536899765,20252,1,23.187153355202216,11750402768.474197,0.1376538978833466,1.1475783022670787,0.23933553288909495
20252,11230600,답십리1동,39603242217,970952,1143,1264,7063038,동대문구,1.0,1.0,24.402176826047256,15.770385970108789,7.042286171939743,20252,1,24.427784563173184,40630488221.24187,-0.025607737125927343,0.9747173600610387,-0.22514825287161058
20252,11230610,답십리2동,28342598810,1335802,1617,1696,5505395,동대문구,0.997005988023952,0.999001996007984,24.067631768169083,15.521239260156653,7.388946097618437,20252,1,24.275661211337923,34896808371.8383,-0.2080294431688401,0.8121831231096898,-0.7441429611074161
20252,11230650,장안1동,171661071230,3642319,2580,2815,8909228,동대문구,0.9580838323353292,0.9800399201596806,25.868787853639944,16.00259826371635,7.855932199718614,20252,1,25.65112635263673,138083768026.4976,0.2176615010032137,1.2431661858840577,0.46695933675854007
20252,11230660,장안2동,92636023769,4001729,1963,2196,7487517,동대문구,0.9760479041916168,0.9850299401197604,25.25194392854166,15.82874792540963,7.582738488914411,20252,1,25.24649850103827,92132951980.95195,0.005445427503389055,1.005460280792393,-0.13680115610232985
20252,11230705,청량리동,56568557596,2277870,1100,1161,6168282,동대문구,0.9820359281437124,0.9880239520958084,24.758719148309797,15.634931075144223,7.00397413672268,20252,1,24.376704161804987,38607182134.86041,0.38201498650481014,1.4652340437175118,0.9345494668243841
20252,11230710,회기동,31196514311,1860572,908,1045,4863701,동대문구,0.9461077844311376,0.9520958083832336,24.163572204751386,15.397310434303906,6.812345094177479,20252,1,23.745250417246975,20531998676.79072,0.41832178750441074,1.5194095227691788,1.0378433017550284
20252,11230720,휘경1동,19142513475,856552,676,752,5452750,동대문구,0.997005988023952,0.997005988023952,23.675177534934587,15.511630809927782,6.517671272912275,20252,1,23.695310587398282,19531816482.12113,-0.020133052463695122,0.9800682641331651,-0.20957262631601933
20252,11230730,휘경2동,15732589968,633722,553,621,4349270,동대문구,1.0,1.0,23.47900019202055,15.285518802813833,6.317164686747284,20252,1,23.235011209152876,12326425495.752178,0.24398898286767334,1.2763302689349498,0.5418617377130319
20252,11230740,이문1동,28109814242,2387462,880,1013,10759091,동대문구,0.997005988023952,0.997005988023952,24.0593846136253,16.19126172252006,6.78105762593618,20252,1,23.591883740499267,17612658975.920387,0.46750087312603483,1.5960005970950255,1.177759136044476
20252,11230750,이문2동,7594861786,484060,448,485,3334977,동대문구,0.994011976047904,0.996007984031936,22.750737774935214,15.019976640608453,6.1070228877422545,20252,1,22.73676254382854,7489460059.516503,0.013975231106673647,1.0140733411548897,-0.11253363318291354
20252,11260520,면목2동,23843150963,1254082,1066,1138,5272377,중랑구,0.9910179640718564,0.994011976047904,23.89476284171843,15.477992052138955,6.9726062513017535,20252,1,23.709193034585454,19804856741.341164,0.18556980713297477,1.20390423795539,0.37565759609255034
20252,11260540,면목4동,11672554923,749501,541,585,4695511,중랑구,0.9880239520958084,0.9890219560878244,23.180506190217017,15.362117716861917,6.295266001439646,20252,1,23.267869371550233,12738176837.482399,-0.08736318133321674,0.9163442360647106,-0.40084416890911945
20252,11260550,면목5동,8079805398,364828,442,483,2362540,중랑구,0.9730538922155688,0.9810379241516964,22.812633624907207,14.675248292696802,6.093569770045136,20252,1,22.806004031572105,8026416742.059189,0.006629593335102157,1.0066516177338574,-0.13343217214935563
20252,11260565,면목본동,57676691158,3353760,1563,1676,9597075,중랑구,0.997005988023952,0.999001996007984,24.778118962795673,16.076969026709808,7.355001921105257,20252,1,24.668897815904252,51709006791.284065,0.10922114689142148,1.1154089923019337,0.1584435840881985
20252,11260570,면목7동,43826441781,2045741,930,998,6089438,중랑구,0.9910179640718564,0.996007984031936,24.503503165832072,15.622066517216334,6.836259277277067,20252,1,24.17742114886846,31631558593.139347,0.3260820169636105,1.385529001106687,0.7754186493493608
20252,11260575,면목3·8동,40881385026,2016836,1308,1433,6102211,중랑구,0.9850299401197604,0.992015968063872,24.433940662576155,15.624161886362547,7.1770187659099,20252,1,24.67134709838924,51835811983.41275,-0.23740643581308518,0.7886706788558049,-0.8277213030546118
20252,11260580,상봉1동,11109194432,795928,830,934,4300436,중랑구,0.994011976047904,0.996007984031936,23.13103892968827,15.274227203407001,6.7226297948554485,20252,1,23.753265398422474,20697223512.15958,-0.6222264687342047,0.5367480534513902,-1.9225447483643912
20252,11260590,상봉2동,73374822357,2933920,1650,1825,7187804,중랑구,1.0,1.0,25.01884669407641,15.787896397970021,7.409136443920128,20252,1,24.944296095886934,68103612512.77576,0.07455059818947518,1.0773998566263339,0.059804931384725556
20252,11260600,중화1동,22674758481,1011406,610,662,4863033,중랑구,1.0,1.0,23.844518181600918,15.397173080930472,6.415096959171596,20252,1,23.658520855655112,18826303581.68594,0.18599732594580587,1.2044190397023982,0.3768738987263959
20252,11260610,중화2동,38057488322,1816310,1202,1304,7556109,중랑구,1.0,1.0,24.362363704072436,15.83786706546475,7.0925737159746784,20252,1,24.37322332913006,38473030608.75324,-0.01085962505762339,0.9891991277999633,-0.1831894734809727
20252,11260620,묵1동,41380439583,1319586,1045,1159,6967421,중랑구,0.9820359281437124,0.9860279441117764,24.446074132310333,15.756755843442424,6.952728644624869,20252,1,24.336056498288706,37069356624.32292,0.11001763402162723,1.1162977551072029,0.16070961160609412
20252,11260630,묵2동,29307965147,1519825,901,968,5225602,중랑구,0.9910179640718564,0.996007984031936,24.101125164080052,15.469080755854872,6.804614520062624,20252,1,23.685665282270417,19344331779.524403,0.41545988180963533,1.5150673324380173,1.0297011023245015
20252,11260655,망우본동,68534230521,3058251,1896,2116,11536631,중랑구,0.781437125748503,0.8103792415169662,24.95059917304794,16.26103792202703,7.5480289699350145,20252,1,24.88607071877451,64251487921.11898,0.06452845427343235,1.0666559287333377,0.03129165974379308
20252,11260660,망우3동,15496722608,836154,512,551,4013078,중랑구,0.5898203592814372,0.6427145708582834,23.46389439393341,15.20506933507572,6.240275845170769,20252,1,23.361052463212,13982221450.127674,0.10284193072140724,1.1083162044939932,0.1402945408260395
20252,11260680,신내1동,36848567878,1472510,1219,1383,4941424,중랑구,0.8053892215568862,0.8502994011976049,24.330082591298734,15.413164309105536,7.106606137727303,20252,1,24.334471288305437,37010640461.14674,-0.004388697006703524,0.9956209192511304,-0.1647795074267575
20252,11260690,신내2동,35117985464,1693482,690,784,1643296,중랑구,0.7934131736526946,0.8073852295409182,24.281979242593152,14.312215147572875,6.53813982376767,20252,1,24.145050313390012,30624014121.966957,0.13692892920314037,1.1467466454310922,0.2372729773038774
20252,11290525,성북동,30798813932,1084897,981,1036,4319491,성북구,0.7365269461077845,0.7574850299401197,24.150742017515633,15.278648360713149,6.889591308354466,20252,1,23.9851994292203,26099955053.40954,0.16554258829533097,1.1800332172593773,0.3186796145634636
20252,11290555,삼선동,64186924759,2881934,1439,1552,10129591,성북구,0.7694610778443114,0.8043912175648703,24.88506536272551,16.130971599007037,7.272398392570047,20252,1,24.839079155449777,61302052085.24877,0.04598620727573177,1.0470599690486613,-0.021461536569062717
20252,11290575,동선동,61088001191,3377964,1719,1963,7875073,성북구,0.7155688622754491,0.7425149700598803,24.83558130400258,15.879213139457217,7.450079569807499,20252,1,24.879643434354612,63839849609.15994,-0.04406213035203166,0.9568945034330861,-0.27765150281818096
20252,11290580,돈암1동,8143396208,225245,347,368,2278720,성북구,0.5538922155688623,0.5848303393213573,22.820473154639714,14.63912487861866,5.8522024797744745,20252,1,23.102129173494934,10792628302.092972,-0.2816560188552195,0.7545331850649191,-0.9536125686209266
20252,11290600,안암동,43709769865,3384923,998,1216,8162847,성북구,0.874251497005988,0.8902195608782435,24.500837480788327,15.915103685654957,6.906754778648554,20252,1,24.26107205842419,34391389281.0469,0.23976542236413678,1.2709509786825757,0.5298455933692575
20252,11290610,보문동,15124536060,708924,717,773,5471016,성북구,0.8982035928143712,0.9111776447105788,23.439584166739976,15.514975080334136,6.576469569048224,20252,1,23.40120089372687,14555006979.330374,0.038383273013106844,1.0391294268342446,-0.043092091040682484
20252,11290660,길음1동,12252237544,532951,901,1029,6262287,성북구,0.6526946107784432,0.6796407185628742,23.22897441399213,15.650056171506845,6.804614520062624,20252,1,23.569972769362774,17230945639.681553,-0.34099835537064394,0.7110600776189574,-1.1224431277354692
20252,11290685,길음2동,20667503077,889939,1092,1203,5011473,성북구,0.6287425149700598,0.655688622754491,23.75182840402057,15.427240641366154,6.996681488176539,20252,1,23.94868838516683,25164204998.67895,-0.19685998114625747,0.8213056235269497,-0.7123655382924057
20252,11290705,종암동,35783340833,2121164,1280,1428,10970283,성북구,0.7724550898203593,0.7784431137724551,24.300748282216485,16.210700720703908,7.155396301896734,20252,1,24.308211329763143,36051392604.43951,-0.0074630475466577195,0.992564731843216,-0.17352611821178535
20252,11290715,월곡1동,18100222261,968115,837,933,8355616,성북구,0.6856287425149701,0.6926147704590818,23.619190054811305,15.938444565280214,6.731018100482083,20252,1,23.603343288411,17815652973.593437,0.0158467664003048,1.0159729922797864,-0.10720906444194023
20252,11290725,월곡2동,27535782431,1412819,981,1125,6231314,성북구,0.8562874251497006,0.8772455089820359,24.03875217516416,15.645097943931761,6.889591308354466,20252,1,24.072014124456476,28467078734.570347,-0.03326194929231718,0.967285146739016,-0.246924694372141
20252,11290760,장위1동,11038683574,693282,655,716,6491773,성북구,0.6077844311377245,0.6147704590818363,23.124671629290614,15.686046394934262,6.486160788944089,20252,1,23.150496436357347,11327468303.02038,-0.025824807066733513,0.9745058011821249,-0.22576582274878823
20252,11290770,장위2동,12632406039,633690,665,704,5583856,성북구,0.937125748502994,0.9510978043912176,23.259531257145028,15.535390314213911,6.501289670540389,20252,1,23.33480077387048,13619940564.210491,-0.07526951672545223,0.9274934776290094,-0.3664373646380754
20252,11290780,장위3동,9838143598,252192,389,442,3687986,성북구,0.8952095808383234,0.8972055888223552,23.009532871574084,15.120591338706639,5.966146739123692,20252,1,22.942673905043367,9201882364.730476,0.06685896653071666,1.0691446823650153,0.03792203041209893
20252,11290810,석관동,41581376984,1826805,1302,1446,10174087,성북구,0.9850299401197604,0.9880239520958084,24.450918235350304,16.135354653826163,7.172424577124845,20252,1,24.50410529670898,43852838981.30905,-0.053187061358674015,0.9482026238192425,-0.3036121793637131
20252,11305535,미아동,46244769882,2309336,1165,1280,7715840,강북구,0.5688622754491018,0.6017964071856288,24.557214210899602,15.858786046263557,7.061334366910438,20252,1,24.388783900298126,39076374956.94133,0.16843031060147595,1.1834457503531892,0.3268952629545119
20252,11305545,송중동,81362926678,2541895,1586,1783,11776106,강북구,0.6047904191616766,0.6407185628742514,25.12218556000385,16.28158320618669,7.369600720526409,20252,1,24.917617977978967,66310757638.29776,0.20456758202488246,1.2269943758116384,0.4297067816364885
20252,11305595,번1동,59663721251,2118087,1224,1349,6424489,강북구,0.5479041916167665,0.593812375249501,24.81198998840897,15.675627808163096,7.110696122978827,20252,1,24.536206558010672,45283409130.35774,0.2757834303982989,1.317562489150177,0.6323178044696596
20252,11305635,수유3동,92976787974,4090326,1988,2207,9521301,강북구,0.5329341317365269,0.5688622754491018,25.255615707279816,16.069042162121992,7.5953872788539725,20252,1,25.158576674009755,84378348729.53761,0.09703903327006103,1.1019033836751584,0.12378513997121326
20252,11320511,창1동,27966299361,1772994,723,797,3612315,도봉구,0.6706586826347305,0.6936127744510978,24.054266028006097,15.099859675849576,6.584791392385716,20252,1,24.230478207797823,33355156257.198734,-0.176212179791726,0.8384400644192543,-0.6536219826478538
20252,11320514,창4동,23035927657,1221411,941,1055,3660172,도봉구,0.6706586826347305,0.6886227544910181,23.86032090619695,15.113020972020026,6.848005274576363,20252,1,23.994460202212295,26342783466.223167,-0.1341392960153449,0.8744682461721165,-0.5339234856114031
20252,11320515,창5동,58027800590,2469228,1865,2013,3743138,도봉구,0.6796407185628742,0.7035928143712574,24.78418805318992,15.135435122184218,7.531552381407289,20252,1,25.49871362829464,118563394396.73203,-0.714525575104723,0.4894242517705737,-2.185138212817158
20252,11320522,도봉2동,12421261817,761256,897,956,3086468,도봉구,0.6107784431137725,0.6287425149700598,23.242675503943428,14.942538277026786,6.8001700683022,20252,1,23.314661607572578,13348389896.264372,-0.07198610362915048,0.9305438268982663,-0.35709596520213394
20252,11320680,쌍문3동,32321799911,1317163,697,771,5318727,도봉구,0.5778443113772455,0.6067864271457085,24.19900775939519,15.486744734985043,6.548219102762372,20252,1,23.91489873060301,24328120259.45043,0.28410902879218014,1.3285777761002462,0.6560043580221433
20252,11320690,방학1동,52459400397,2272070,1591,1790,6352247,도봉구,0.6197604790419161,0.6307385229540917,24.683305381621,15.664319323968117,7.3727463664043285,20252,1,24.738910037227775,55459010606.62374,-0.055604655606774855,0.9459130233876643,-0.3104903006610246
20252,11350560,월계1동,23477374714,1399713,909,1053,4694730,노원구,0.9700598802395208,0.9760479041916168,23.879303016242904,15.361951373988404,6.813444599510896,20252,1,23.85880319219548,23000992224.75998,0.020499824047423232,1.0207113886472778,-0.09397098905960316
20252,11350570,월계2동,4685768991,315861,466,520,3687113,노원구,0.8413173652694611,0.8473053892215568,22.267795878334994,15.12035459618499,6.1463292576688975,20252,1,22.40250354737432,5361467421.28377,-0.13470766903932585,0.873971363212727,-0.5355405223015474
20252,11350580,월계3동,8654487110,512865,592,673,2444004,노원구,0.8383233532934131,0.8493013972055888,22.881343764546585,14.709148645098043,6.385194398997726,20252,1,23.057611361151725,10322701758.644064,-0.1762675966051397,0.8383936020192458,-0.6537796449871273
20252,11350595,공릉1동,63880482473,2956273,2043,2280,10198923,노원구,1.0,1.0,24.880279713082484,16.13779278249394,7.622663951323595,20252,1,25.014254541341188,73038646442.15501,-0.13397482825870455,0.8746120798335429,-0.5334555703768439
20252,11350600,공릉2동,42920782538,2839177,1298,1510,8370122,노원구,0.8922155688622755,0.9301397205588824,24.48262198704503,15.940179137698184,7.1693500166706,20252,1,24.420336343912787,40328987651.31671,0.06228564313224183,1.064266301675903,0.024910801132722066
20252,11350611,하계1동,54717211111,2224490,720,817,3659164,노원구,0.9191616766467066,0.9271457085828344,24.7254441424414,15.112745537272684,6.580639137284949,20252,1,24.2218226420998,33067694378.117817,0.5036215003416018,1.6547029401362954,1.2805233015030952
20252,11350612,하계2동,2531094400,185281,280,306,2364149,노원구,0.8892215568862275,0.8962075848303392,21.651917615719814,14.675929107271797,5.638354669333745,20252,1,21.911196906062195,3280287492.8394794,-0.2592792903423806,0.7716074903572053,-0.8899501682536111
20252,11350625,중계2·3동,53564935304,2255481,1052,1177,4192037,노원구,0.874251497005988,0.8862275449101796,24.704160498875268,15.248697569827426,6.959398512133975,20252,1,24.375136554621413,38546708650.52483,0.32902394425385495,1.3896111284009895,0.7837885123923706
20252,11350640,상계2동,89051952483,3506262,2428,2692,10035529,노원구,0.6916167664670658,0.7105788423153693,25.212485772146376,16.12164235396489,7.795234929002173,20252,1,25.1553653821788,84107819833.64989,0.057120389967575846,1.058783269607139,0.010215515591815667
20252,11350670,상계5동,23076571632,1143030,1196,1273,5423955,노원구,0.5329341317365269,0.5838323353293413,23.862083724788445,15.50633599647507,7.087573705557973,20252,1,24.060557296156517,28142797465.76383,-0.19847357136807275,0.819981441435345,-0.7169562462983168
20252,11350695,상계6·7동,102417564074,3384560,1450,1647,6308524,노원구,0.7664670658682635,0.8003992015968064,25.352324059013153,15.65741245124927,7.280008252884188,20252,1,25.010366473752956,72755218598.58693,0.3419575852601966,1.40770058899925,0.8205850723309882
20252,11350700,상계8동,12596204062,673893,380,423,977082,노원구,0.6227544910179641,0.6736526946107785,23.256661340673205,13.792326881357173,5.942799375126701,20252,1,23.139673132104395,11205528751.951849,0.11698820856880943,1.1241061748028547,0.18054108551249282
20252,11350710,상계9동,19170768113,1090029,427,471,1793730,노원구,0.5149700598802395,0.5588822355289421,23.676652461745842,14.399808366099474,6.059123195581797,20252,1,23.37770609736451,14217025998.569199,0.29894636438133304,1.3484372972891339,0.6982169807528927
20252,11410520,천연동,18172027943,721953,571,629,3434420,서대문구,0.6227544910179641,0.6776447105788422,23.62314932259277,15.049358910478965,6.349138991379798,20252,1,23.720686155051517,20033789401.00671,-0.09753683245874711,0.9070689313568827,-0.429788482675955
20252,11410565,충현동,29670204275,1679128,1094,1208,10907837,서대문구,0.7125748502994012,0.7514970059880239,24.11340915615972,16.204992171352185,6.9985096422506015,20252,1,24.194592772541082,32179414136.232468,-0.08118361638136307,0.9220243771185623,-0.38326313878512175
20252,11440555,아현동,38053174042,1452076,1273,1403,7999211,마포구,0.5359281437125748,0.5738522954091816,24.3622503354623,15.894853594792666,7.149916836132109,20252,1,24.352691735546028,37691171849.08947,0.009558599916271504,1.0096044292376989,-0.12509906887458885
20252,11680521,논현1동,230039049175,6032630,4197,4482,9453179,강남구,0.5299401197604791,0.6017964071856288,26.161514910484865,16.061861750800336,8.342363500380579,20252,1,26.301846727769217,264695707020.61957,-0.14033181728435196,0.8690698151635687,-0.5515413768095937
20252,11680531,논현2동,176372993742,4982297,4529,4869,11839040,강남구,0.6107784431137725,0.6487025948103793,25.895866872103596,16.28691318751811,8.41847721847708,20252,1,26.60943086592679,360021959779.61957,-0.7135639938231932,0.48989509931550645,-2.1824024879548154
20252,11680545,압구정동,320040596099,3982790,4385,4617,7471126,강남구,0.5808383233532934,0.6786427145708583,26.491713687506277,15.8265564158765,8.386172928977834,20252,1,26.28137686438298,259332501373.2185,0.2103368231232956,1.234093661243075,0.4461204292531191
20252,11680565,청담동,293539947401,3633963,4429,4627,8962430,강남구,0.6017964071856288,0.6397205588822356,26.405279573944327,16.00855206511561,8.39615486303918,20252,1,26.23152533678153,246721334624.61908,0.1737542371627967,1.1897631303252083,0.3420419786184446
20252,11680580,삼성1동,214071826188,7317088,3546,3837,4795270,강남구,0.7395209580838323,0.7644710578842315,26.089577432052163,15.383140781908061,8.173857454773621,20252,1,26.076060609999967,211197723533.2389,0.013516822052196176,1.0136085872834173,-0.11383781939321692
20252,11680590,삼성2동,91137325853,3565825,2956,3179,8795704,강남구,0.5059880239520959,0.5259481037924152,25.235633281272033,15.989774092122573,7.9919305198524775,20252,1,25.557940661770186,125797670274.6979,-0.32230738049815244,0.724475466469197,-1.0692667965794085
20252,11710510,풍납1동,10062779867,444993,427,464,4369741,송파구,0.6197604790419161,0.6387225548902196,23.032109292273265,15.290214526427306,6.059123195581797,20252,1,22.943912444001338,9213286315.187769,0.08819684827192731,1.092203099171234,0.09862888349922357
20252,11710680,잠실3동,84791620896,3856328,1562,1713,3604843,송파구,0.5059880239520959,0.5289421157684631,25.163462564685336,15.09778905453325,7.354362330421477,20252,1,25.20500772677046,88388501690.8171,-0.04154516208512504,0.9593060101029999,-0.2704906597383849
20252,11710690,잠실4동,12901336848,596270,327,374,2194840,송파구,0.7065868263473054,0.7345309381237525,23.28059677465007,14.601620164510067,5.793013608384144,20252,1,23.10894011909709,10866387205.174759,0.17165665555298304,1.1872701206391911,0.3360743019685511
20252,11710710,잠실6동,248706765875,7805859,1683,1900,2333467,송파구,0.6317365269461078,0.6407185628742514,26.239540392355565,14.662866130971787,7.428927194802272,20252,1,25.874771883689426,172691375850.99896,0.3647685086661383,1.4401805802368985,0.8854827689618436
20252,11740610,천호2동,140803993920,4106690,2927,3213,10723675,강동구,0.7245508982035929,0.7445109780439122,25.67063464618424,16.187964565274342,7.982074875081202,20252,1,25.403661158755924,107812684852.72803,0.2669734874283165,1.306005820301554,0.6072532774434487
20252,11740620,천호3동,39138050571,1717999,1405,1549,7468447,강동구,0.5808383233532934,0.6057884231536926,24.39036099113333,15.826197771132092,7.2485040723706105,20252,1,24.554884283799534,46137148363.24563,-0.16452329266620325,0.8482979975888293,-0.6203667813074778
20252,11740650,성내2동,52267058057,2253030,1410,1535,8217747,강동구,0.6736526946107785,0.6906187624750499,24.679632144521165,15.9218067635601,7.252053951852814,20252,1,24.53069959445485,45034720434.87017,0.14893255006631634,1.1605947045366771,0.27142360467599363
20252,11740685,길동,104503166830,4854984,2761,3038,18157612,강동구,0.5598802395209581,0.5798403193612774,25.372483212494974,16.71460047976679,7.923710333969238,20252,1,25.788169337909498,158365159249.95624,-0.4156861254145241,0.6598873598520306,-1.3349318620179347
20252,11740690,둔촌1동,20648749317,1086904,130,171,28752,강동구,0.5419161676646707,0.5568862275449101,23.75092058880499,10.266497388607728,4.875197323201151,20252,1,21.968743596821238,3474594423.6514606,1.7821769919837536,5.942779731770873,4.918048400583186
20253,11110515,청운효자동,23620405952,1064134,910,939,3274798,종로구,0.6167664670658682,0.6646706586826348,23.88537683440113,15.001767051122224,6.814542897259958,20253,2,23.678197785489086,19200416058.079514,0.20717904891204242,1.2302028185509324,0.6093071320556115
20253,11110530,사직동,106141830161,4530461,2661,2866,3904600,종로구,0.6916167664670658,0.7285429141716567,25.3880420571031,15.177666159338987,7.8868329989550565,20253,2,25.425312090802663,110172382616.7401,-0.0372700336995635,0.9634159454483135,-0.13519610605980112
20253,11110540,삼청동,35333156212,1463829,713,758,936140,종로구,0.7305389221556886,0.7664670658682634,24.288087629538182,13.74952138514015,6.570882962339584,20253,2,24.362625183953693,38067440890.6691,-0.07453755441551024,0.9281726164224685,-0.24869945634088847
20253,11110580,교남동,9889580635,421548,298,369,3995664,종로구,0.6526946107784432,0.6936127744510978,23.014747578850862,15.200720581402495,5.700443573390687,20253,2,22.550917442327307,6219264208.000806,0.46383013652355487,1.5901528387035713,1.3909732514421504
20253,11110600,가회동,27108926766,1268366,617,660,1175173,종로구,0.6976047904191617,0.7275449101796406,24.02312891158778,13.976926779703263,6.42648845745769,20253,2,24.049439598881115,27831647205.171467,-0.026310687293335633,0.974032423095778,-0.10181791212307423
20253,11110615,종로1·2·3·4가동,557501571357,13430634,9877,10393,13813280,종로구,0.94311377245509,0.9610778443113772,27.046731158856083,16.441141078630178,9.19806534110057,20253,2,26.589317059059038,352852887970.14166,0.4574140997970453,1.579983019450802,1.3714323308229335
20253,11110630,종로5·6가동,100118813818,3057588,1871,1968,5186670,종로구,0.9491017964071856,0.9620758483033932,25.329623455846914,15.461602623521639,7.534762657037537,20253,2,25.14612898403796,83334543165.89989,0.1834944718089524,1.20140832378101,0.537172501161286
20253,11110640,이화동,37753916735,2755479,671,807,4694830,종로구,0.8473053892215568,0.8682634730538922,24.354355061855337,15.361972674236489,6.51025834052315,20253,2,24.151046997004812,30808208371.02346,0.20330806485052477,1.2254499281597075,0.5975175187025843
20253,11110650,혜화동,51119596286,2682077,1342,1542,8332584,종로구,0.7604790419161677,0.7904191616766467,24.65743374962535,15.935684290132103,7.202661196523238,20253,2,24.61190446387197,48844345862.37993,0.045529285753382,1.0465816540983197,0.11698058770351455
20253,11110670,창신1동,61310957343,2559455,1549,1596,2841547,종로구,0.9760479041916168,0.9830339321357284,24.83922441340908,14.859859532063,7.346010209913293,20253,2,25.040594157781015,74988016503.83507,-0.20136974437193444,0.8176100689350065,-0.6349843018841941
20253,11110680,창신2동,12837070746,552459,355,374,4474470,종로구,0.6586826347305389,0.6826347305389221,23.27560297421264,15.313898690412966,5.87493073085203,20253,2,23.20819265860182,12000242063.850351,0.06741031561081812,1.0697343168327011,0.18362226787723174
20253,11110690,창신3동,904716231,32098,158,173,840194,종로구,0.9101796407185628,0.9321357285429142,20.623131896694197,13.641389286735656,5.0689042022202315,20253,2,22.051354028871625,3773821662.7638745,-1.428222132177428,0.23973476010453637,-4.37153166648228
20253,11110700,숭인1동,4073480697,209119,261,288,2211402,종로구,0.9491017964071856,0.9640718562874252,22.12776367927242,14.609137713696192,5.568344503761097,20253,2,22.343860366555504,5056095420.597926,-0.21609668728308407,0.8056574012438785,-0.6798372281776927
20253,11110710,숭인2동,24844949402,1431061,823,895,5096664,종로구,0.9850299401197604,0.9870259481037924,23.935920325492283,15.444096962225963,6.714170529909472,20253,2,23.652386502195654,18711169877.63523,0.28353382329662935,1.3278137906115774,0.8418560791310945
20253,11140520,소공동,168642452629,6995874,2695,2953,2650504,중구,0.8712574850299402,0.8862275449101796,25.85104664577762,14.79026074584474,7.899524472032198,20253,2,25.713427079632986,146960117828.5926,0.13761956614463244,1.1475389045733937,0.39745417843151304
20253,11140540,회현동,233604844252,7624326,4767,5003,4307622,중구,0.7754491017964071,0.8003992015968064,26.176896825069885,15.27589680182274,8.469682208745185,20253,2,26.08325845087414,212723375252.521,0.09363837419574494,1.0981625501884356,0.26350342078376215
20253,11140550,명동,242757817986,10634560,4267,4776,5712576,중구,0.9131736526946108,0.9191616766467066,26.215330149518916,15.558180793306008,8.358900612421644,20253,2,26.223348032267047,244712045621.65057,-0.0080178827481312,0.9920141747387785,-0.04610466471540964
20253,11140570,필동,35582203444,2191577,1146,1273,2537265,중구,0.8562874251497006,0.8872255489021956,24.29511144658078,14.746597681331185,7.044905117129371,20253,2,24.306189920293054,35978591583.14325,-0.011078473712274217,0.9889826665886231,-0.05542611464276177
20253,11140580,장충동,24700673587,617315,490,527,1994239,중구,0.8233532934131736,0.8602794411177644,23.93009635097773,14.505773583344357,6.19644412779452,20253,2,23.708179798255895,19784799903.86225,0.22191655272183652,1.2484671923408286,0.6541922230156911
20253,11140590,광희동,184137171575,5343190,4908,5145,6685028,중구,0.9730538922155688,0.9810379241516964,25.938946814505673,15.715381106579079,8.498825534058053,20253,2,26.25957574160866,253739945178.42746,-0.3206289271029874,0.7256924858461545,-0.9982045143295777
20253,11140605,을지로동,233413497146,7032181,2830,2967,4906918,중구,0.9461077844311376,0.9570858283433132,26.176077383520187,15.406156807905026,7.9483852851118995,20253,2,25.216869971751873,89443231113.01956,0.9592074117683147,2.6096272936636318,2.8997127466706893
20253,11140615,신당동,107479642973,3302815,10159,10279,5211498,중구,0.9670658682634732,0.9740518962075848,25.400567298898086,15.46637808827816,9.226213721132472,20253,2,25.682203970243858,142442460655.28192,-0.2816366713457725,0.7545477835650864,-0.8794482467153726
20253,11140625,다산동,38482199209,1289754,804,875,4070228,중구,0.934131736526946,0.9451097804391216,24.373461613137827,15.219209821192207,6.690842277418564,20253,2,24.099525652418368,29261124186.283607,0.27393596071945936,1.3151305795366142,0.8126244710949818
20253,11140635,약수동,30899448251,1166374,640,695,1966538,중구,0.9520958083832336,0.9580838323353292,24.154004164768363,14.491785702846515,6.46302945692067,20253,2,24.209565547829087,32664854398.0256,-0.05556138306072356,0.9459539563374785,-0.1909049215046965
20253,11140645,청구동,7752308477,224728,441,468,2673802,중구,0.9850299401197604,0.9890219560878242,22.771256504086796,14.799012361529183,6.091309882077698,20253,2,22.561738916240625,6286931281.794656,0.2095175878461717,1.2330830622323965,0.6164294734050552
20253,11140650,신당5동,26539098589,1113902,722,779,3244555,중구,0.8982035928143712,0.9131736526946108,24.001884901068703,14.992489072872834,6.583409222158765,20253,2,23.933301541828612,24779970973.737255,0.0685833592400904,1.0709898981369725,0.18719493328105932
20253,11140665,동화동,32643684775,1147036,526,563,3529605,중구,0.937125748502994,0.9451097804391216,24.208917252092128,15.076696807949213,6.267200548541362,20253,2,23.929400872800162,24683500779.896736,0.27951637929196593,1.3224900740816459,0.829620401915764
20253,11140670,황학동,56757894749,1837732,1321,1409,5612706,중구,0.9790419161676648,0.9850299401197604,24.76206059816984,15.540543692312434,7.186901020411631,20253,2,24.452497254830988,41647086653.06386,0.3095633433388514,1.3628298954453872,0.9211325556512165
20253,11140680,중림동,29145735893,1015827,632,699,2045404,중구,0.6077844311377245,0.6506986027944112,24.095574457533296,14.531106371860693,6.450470422144176,20253,2,24.292236346229004,35480047962.35868,-0.1966618886957079,0.8214683340879683,-0.6206458811460821
20253,11170520,용산2가동,14046442270,847766,600,648,4668908,용산구,0.7335329341317365,0.7714570858283433,23.365634981514877,15.356435983508264,6.398594934535208,20253,2,23.362972892505482,14009099117.860071,0.002662089009394464,1.002665635514872,-0.013577344622773291
20253,11170530,남영동,63581241713,2473126,1174,1341,2070145,용산구,0.6856287425149701,0.7235528942115769,24.875584322184885,14.543129694155295,7.069023426578259,20253,2,24.979415210478212,70537844944.90355,-0.1038308882933272,0.9013777180556439,-0.33791632594101684
20253,11170560,원효로1동,126723156523,1478148,1552,1633,4921052,용산구,0.5359281437125748,0.5668662674650699,25.56527067414042,15.409033089958783,7.347943823148687,20253,2,24.96123707783573,69267182766.06276,0.6040335963046921,1.829483334856916,1.81798213479267
20253,11170625,한강로동,596895068978,5395632,4887,5225,5890768,용산구,0.5808383233532934,0.6477045908183633,27.115007171036467,15.588897107377166,8.494538500851432,20253,2,26.257648792291967,253251471947.17285,0.8573583787445003,2.3569263561970915,2.589517535156513
20253,11170650,이태원1동,75602107856,2976561,1552,1643,2480004,용산구,0.8233532934131736,0.8323353293413174,25.04875000144956,14.723771134268166,7.347943823148687,20253,2,25.137021196716155,82578995775.47447,-0.08827119526659644,0.9155125603798324,-0.2905271448538104
20253,11170685,한남동,91214934010,2316294,2292,2416,4308963,용산구,0.8622754491017964,0.8882235528942116,25.236484470741722,15.276208061956439,7.737616282857904,20253,2,25.197416660790978,87720078972.90237,0.03906780995074399,1.0398409928264796,0.0973012761402484
20253,11200520,왕십리2동,13421516773,574675,533,590,4598694,성동구,0.8892215568862275,0.907185628742515,23.3201249855012,15.341283125557926,6.280395838960195,20253,2,23.24787040755461,12485956971.926672,0.07225457794658752,1.074928962447719,0.19837613382235852
20253,11200535,왕십리도선동,37404205042,1181101,1771,1952,5463437,성동구,0.9790419161676648,0.9880239520958084,24.34504896935145,15.513588819891575,7.4798641311650265,20253,2,24.515462617384333,44353728734.849846,-0.17041364803288417,0.8433159084686057,-0.5407032609507993
20253,11200540,마장동,26069969163,1030132,2237,2291,4914374,성동구,1.0,1.0,23.984049882075624,15.407675141727918,7.71333788887187,20253,2,24.557980035950578,46280198849.717026,-0.5739301538749544,0.5633071985635905,-1.7696681726733798
20253,11200550,사근동,34725159439,2976930,710,865,4259258,성동구,0.9670658682634732,0.9790419161676648,24.270730317080957,15.264605759453628,6.566672429803241,20253,2,24.405130156320624,39720376554.21931,-0.13439983923966636,0.8742404390753771,-0.43101826243509217
20253,11200560,행당1동,40723345973,1529917,1095,1234,5910746,성동구,0.9670658682634732,0.9840319361277444,24.430067376097757,15.592282777334074,6.999422467507961,20253,2,24.446315976739008,41390448422.011765,-0.016248600641251443,0.9838826957801937,-0.07117244593993019
20253,11200570,행당2동,5588834805,303594,502,570,4447454,성동구,0.9880239520958084,0.9920159680638724,22.444036659810216,15.307842580427094,6.220590170099739,20253,2,22.788145604532446,7884349885.24582,-0.34410894472222964,0.7088516981544065,-1.0697161312347123
20253,11200580,응봉동,2765362294,132988,272,295,2701479,성동구,0.5868263473053892,0.6047904191616766,21.74043749227026,14.809310328944386,5.60947179518496,20253,2,21.734219938210103,2748221845.4854317,0.0062175540601572266,1.006236923173697,-0.002748687730225885
20253,11200590,금호1가동,5715353763,188304,415,458,3116849,성동구,0.940119760479042,0.9580838323353292,22.46642203323978,14.952333434396136,6.030685260261263,20253,2,22.73054963642308,7443072986.151945,-0.26412760318330086,0.7678755500091942,-0.8261219760496109
20253,11200615,금호2·3가동,16431002076,721838,807,889,5496786,성동구,0.9850299401197604,0.9900199600798404,23.522435757823498,15.519674297683835,6.694562058521095,20253,2,23.53068284052669,16567070220.430626,-0.008247082703192632,0.9917868311886053,-0.046802724642229926
20253,11200620,금호4가동,16322012010,584097,520,579,2533037,성동구,0.8233532934131736,0.8612774451097804,23.51578046387115,14.744929930845228,6.255750041753367,20253,2,23.421591706011995,14854841944.884132,0.09418875785915404,1.0987671272814281,0.2651796897852087
20253,11200645,옥수동,11801841805,272803,810,900,2833808,성동구,0.7544910179640718,0.8063872255489022,23.19152144149223,14.857132301054712,6.698268054115413,20253,2,23.30002314840398,13154413259.163977,-0.1085017069117491,0.8971773634052653,-0.3521419452352811
20253,11200650,성수1가1동,18057510505,848071,1106,1188,3079021,성동구,0.7874251497005988,0.8083832335329341,23.61682752969722,14.940122572058117,7.009408932708637,20253,2,23.608558052868567,17908800066.503452,0.008269476828651534,1.0083037633981238,0.0035007247412211402
20253,11200660,성수1가2동,90916162280,2621262,2080,2211,5517355,성동구,0.9640718562874252,0.9700598802395208,25.233203625196076,15.52340931799583,7.640603826393634,20253,2,24.859027029379657,62537175781.6088,0.3741765958164187,1.4537938617102855,1.117921085928293
20253,11200690,성수2가3동,109418912560,5538294,3121,3325,5852391,성동구,0.9790419161676648,0.9830339321357288,25.418449587322144,15.582361024524646,8.046229101075378,20253,2,26.209055119268417,241239274769.73944,-0.790605531946273,0.45357006094649926,-2.4295827809449313
20253,11200720,송정동,7418735214,305266,455,470,3198294,성동구,0.7245508982035929,0.7435129740518961,22.72727442339693,14.978128413274934,6.1224928095143865,20253,2,22.672959111676203,7026532034.088966,0.05431531172072823,1.055817461303567,0.14373963589862856
20253,11200790,용답동,33855238673,1824809,1155,1223,2968374,성동구,1.0,1.0,24.245359585748403,14.903525222997104,7.052721049232323,20253,2,24.183248243895292,31816416760.897312,0.06211134185311096,1.0640808148643697,0.1674835158755735
20253,11215710,화양동,82305103918,4684716,2132,2463,8724209,광진구,0.9820359281437124,0.9890219560878244,25.13369895873325,15.981612477540764,7.665284718471351,20253,2,25.134114189850475,82339286654.63023,-0.00041523111722341355,0.9995848550792817,-0.022949745510957135
20253,11215730,군자동,46344506438,1762148,1286,1432,6473678,광진구,0.9311377245508982,0.9540918163672656,24.559368598503397,15.683255129291878,7.160069207596127,20253,2,24.523626399312942,44717304963.21138,0.03574219919045518,1.036388630221059,0.08717267204284473
20253,11215740,중곡1동,57135890534,2323879,1179,1243,3588377,광진구,0.8802395209580839,0.8942115768463075,24.768698311929263,15.093210847782348,7.07326971745971,20253,2,24.641506489618912,50311850845.84059,0.1271918223103512,1.1356348369903702,0.3656950531039884
20253,11215750,중곡2동,39016061894,1708741,1177,1261,4550884,광진구,0.9191616766467066,0.934131736526946,24.387239241753356,15.330832277507897,7.071573364211532,20253,2,24.610631839246206,48782224881.73391,-0.22339259749285034,0.7998007878605232,-0.7020579242757863
20253,11215760,중곡3동,17095279482,1061666,789,875,4455390,광진구,0.9580838323353292,0.9770459081836328,23.562068208719477,15.309625381590221,6.672032945461067,20253,2,23.77332761816463,21116648993.540733,-0.21125940944515165,0.8095640310746838,-0.6651046344795332
20253,11215770,중곡4동,31071238126,1483925,986,1067,6338023,광진구,0.8532934131736527,0.8842315369261476,24.159548409155075,15.66207760590933,6.894670039433482,20253,2,24.17042572983817,31411054743.815876,-0.010877320683093217,0.9891816234574938,-0.054813475478883524
20253,11215780,능동,24447857591,982523,617,693,2027360,광진구,0.9461077844311376,0.9700598802395208,23.919808424979003,14.522245505284921,6.42648845745769,20253,2,24.201653109631966,32407415583.843098,-0.2818446846529632,0.7543908439026721,-0.8800817797976817
20253,11215810,광장동,42063031377,1616198,1040,1153,6187082,광진구,0.8323353293413174,0.8542914171656687,24.46243507732951,15.637974289648616,6.947937068614969,20253,2,24.501068468662275,43719867457.97796,-0.03863339133276611,0.96210335992966,-0.13934839888816666
20253,11215820,자양1동,41681223094,2030192,1232,1353,7524673,광진구,0.6197604790419161,0.6307385229540917,24.453316578850604,15.833698045401642,7.117205503164344,20253,2,24.435663681271134,40951885135.740005,0.017652897579470306,1.0178096308837192,0.032079220757439166
20253,11215830,자양2동,18469133673,946723,1058,1152,5145529,광진구,0.9041916167664672,0.9121756487025948,23.639366725563736,15.453638934578475,6.9650803456014065,20253,2,23.766754608336427,20978304221.027855,-0.12738788277269109,0.8803921174184919,-0.4096623864407367
20253,11215840,자양3동,42759793016,2169687,1200,1350,6440637,광진구,0.8922155688622755,0.9021956087824352,24.478864082516235,15.678138161496575,7.0909098220799835,20253,2,24.523890463290538,44729114751.828865,-0.045026380774302766,0.955972262210972,-0.15881912583715668
20253,11215847,자양4동,41505252217,1944090,1491,1602,8506534,광진구,0.9251497005988024,0.935129740518962,24.44908581564497,15.956345249596541,7.307872780763706,20253,2,24.634748872508585,49973008793.575966,-0.18566305686361417,0.8305533971037482,-0.5871474289244747
20253,11215850,구의1동,54116687178,2157660,1392,1517,6742288,광진구,0.8203592814371258,0.8313373253493014,24.714408425866196,15.72391003947595,7.239214973779806,20253,2,24.70653243921092,53692138934.6994,0.007875986655275113,1.007907083825007,0.002302296401398721
20253,11215860,구의2동,30186667836,1283201,939,1039,4931695,광진구,0.8802395209580839,0.907185628742515,24.13066620150305,15.41119350308604,6.84587987526405,20253,2,24.098211889820067,29222707256.63033,0.03245431168298296,1.0329866966432741,0.07715895929039579
20253,11215870,구의3동,124279316647,3253894,2238,2453,6410788,광진구,0.8413173652694611,0.8622754491017964,25.545797422968853,15.67349291024559,7.713784616598755,20253,2,25.26788222288537,94124312871.96207,0.27791520008348414,1.3203742248409078,0.8247437908326625
20253,11230545,제기동,984480506964,36688038,3065,3137,11686991,동대문구,0.997005988023952,0.999001996007984,27.615379934895593,16.273986986393798,8.028129059431759,20253,2,26.83827986576501,452602396802.57886,0.7771000691305829,2.175155310530584,2.3450798356779314
20253,11230560,전농1동,50882833946,2675368,1913,2127,10765099,동대문구,1.0,1.0,24.652791453071035,16.191819978101133,7.5569505720129,20253,2,24.732465860010986,55102771979.228714,-0.07967440693995087,0.9234169555967268,-0.2643444458712595
20253,11230570,전농2동,14976733520,901385,593,664,2252252,동대문구,1.0,1.0,23.429763735249807,14.62744160651413,6.386879319362645,20253,2,23.436845432960688,15083170652.468761,-0.007081697710880519,0.9929433184228185,-0.04325338466861253
20253,11230600,답십리1동,38273289806,1010883,1137,1262,6803473,동대문구,1.0,1.0,24.36801809576754,15.732943922043317,7.037027614686276,20253,2,24.486168550492017,43073274067.07253,-0.1181504547244785,0.8885623541503224,-0.3815285312416177
20253,11230610,답십리2동,29026373548,1296316,1619,1693,5822235,동대문구,0.997005988023952,0.999001996007984,24.091470686373633,15.577194938364466,7.3901814282264295,20253,2,24.666507710591763,51585564398.3706,-0.5750370242181297,0.5626840354763442,-1.7730392982503873
20253,11230650,장안1동,175371873323,3772656,2575,2802,8812915,동대문구,0.9580838323353292,0.9800399201596806,25.89017454669407,15.991728930662267,7.853993087224244,20253,2,25.580100764958043,128616476798.81339,0.3100737817360262,1.3635257137180263,0.9226871658608153
20253,11230660,장안2동,98960581855,3936365,1963,2198,7626376,동대문구,0.9760479041916168,0.9850299401197604,25.31798744472233,15.847123454317243,7.582738488914411,20253,2,25.26452476940419,93808824784.69298,0.05346267531814064,1.0549176165689227,0.14114281468793036
20253,11230705,청량리동,57652796713,2383039,1094,1158,6077809,동대문구,0.9820359281437124,0.9880239520958084,24.777704594436244,15.620154991687274,6.9985096422506015,20253,2,24.559985904045625,46373123990.654755,0.21771869039061897,1.2432372838331607,0.641407057019712
20253,11230710,회기동,28740493602,1680654,910,1044,4146732,동대문구,0.9461077844311376,0.9520958083832336,24.08157289222364,15.237831353263816,6.814542897259958,20253,2,24.144553893677603,30608815530.435566,-0.0629810014539629,0.9389613124174041,-0.21350238785773695
20253,11230720,휘경1동,18802060804,910772,662,745,6030394,동대문구,0.997005988023952,0.997005988023952,23.657232318062015,15.612323072362269,6.4967749901858625,20253,2,23.35714046619903,13927629892.203083,0.3000918518629838,1.3499828003417655,0.8922858281518549
20253,11230730,휘경2동,14608100662,604272,556,623,4231999,동대문구,1.0,1.0,23.404842051725446,15.258185252520272,6.322565239927284,20253,2,23.592547622059694,17624355577.594753,-0.1877055703342485,0.8288587118936016,-0.5933681840876172
20253,11230740,이문1동,27710116542,2038114,890,1025,9909044,동대문구,0.997005988023952,0.997005988023952,24.04506340162263,16.10895853435679,6.792344427470809,20253,2,23.766703019946014,20977222011.9944,0.2783603816766167,1.3209621620134377,0.8260996524873497
20253,11230750,이문2동,7779515000,474763,451,489,3197431,동대문구,0.994011976047904,0.996007984031936,22.77475983399046,14.977858545594454,6.113682179832232,20253,2,22.672959111676203,7026532034.088966,0.10180072231425541,1.107162816914228,0.2883629724741712
20253,11260520,면목2동,23063285110,1222932,1061,1131,5351414,중랑구,0.9910179640718564,0.994011976047904,23.861507800921103,15.492871569883247,6.967909201801884,20253,2,23.914761112379306,24324772497.115974,-0.053253311458203,0.9481398073809101,-0.18387537259610431
20253,11260540,면목4동,12228227605,785675,532,574,4726699,중랑구,0.9880239520958084,0.9890219560878244,23.22701285431175,15.368737842561456,6.278521424165844,20253,2,23.3200721325967,13420807425.601427,-0.09305927828495086,0.9111394879024588,-0.30510990897567114
20253,11260550,면목5동,7949359894,300425,443,485,2326028,중랑구,0.9730538922155688,0.9810379241516964,22.796357246018836,14.659673079738829,6.095824562432225,20253,2,23.042368019076235,10166542502.801298,-0.2460107730573995,0.7819138012563884,-0.7709446828930194
20253,11260565,면목본동,58839030886,3405860,1553,1670,9817307,중랑구,0.997005988023952,0.999001996007984,24.798071262234696,16.09965750832939,7.348587530927593,20253,2,24.748431163004987,55989564549.541695,0.04964009922970902,1.0508928111762146,0.1295006344621954
20253,11260570,면목7동,41769294939,1996225,923,986,6057792,중랑구,0.9910179640718564,0.996007984031936,24.455427335734388,15.616856100292555,6.828712071641684,20253,2,24.392531029234586,39223073850.46305,0.06289630649980182,1.0649164085977645,0.16987423346397212
20253,11260575,면목3·8동,40786829967,1983964,1297,1421,6174122,중랑구,0.9850299401197604,0.992015968063872,24.431625071345078,15.635877406100413,7.168579897264035,20253,2,24.62587544053297,49531538275.42395,-0.19425036918789118,0.8234517115176532,-0.6133012674409832
20253,11260580,상봉1동,25200994340,1848286,828,928,4764936,중랑구,0.994011976047904,0.996007984031936,23.950149288661535,15.37679487357695,6.720220155135295,20253,2,23.817917613137865,22079548573.21368,0.13223167552366988,1.141372716767098,0.3810446179166484
20253,11260590,상봉2동,68463775174,3052724,1638,1813,6971886,중랑구,1.0,1.0,24.949570612772877,15.757396477802809,7.40184157874383,20253,2,24.925602696161548,66842349833.11868,0.023967916611329798,1.0242574557137718,0.05131247812028202
20253,11260600,중화1동,25560368683,994743,608,659,4679419,중랑구,1.0,1.0,23.96430889060837,15.35868472858974,6.411818267709897,20253,2,23.67384756085101,19117071350.615616,0.2904613297573597,1.3370441640464399,0.8629547510384619
20253,11260610,중화2동,38165203306,1770673,1197,1297,7791929,중랑구,1.0,1.0,24.36519002923624,15.868599140691261,7.088408778675395,20253,2,24.450790948887974,41576084574.45793,-0.08560091965173555,0.9179604981236403,-0.282394453903674
20253,11260620,묵1동,41598270620,1441010,1041,1155,6971518,중랑구,0.9820359281437124,0.9860279441117764,24.45132443173893,15.757343692995411,6.948897222313312,20253,2,24.390975267713735,39162099544.47342,0.06034916402519386,1.0622073664043472,0.1621165613957158
20253,11260630,묵2동,28115520971,1515255,904,968,5008571,중랑구,0.9910179640718564,0.996007984031936,24.059587608556242,15.426661402492174,6.807934943699926,20253,2,23.948993397004283,25171881549.743942,0.11059421155195892,1.1169415728990668,0.3151447510836871
20253,11260655,망우본동,69159405355,3122699,1910,2131,11159345,중랑구,0.781437125748503,0.8103792415169662,24.959679899633155,16.227787911049727,7.555381944240273,20253,2,24.888050436434224,64378813719.401596,0.07162946319893138,1.0742572184761723,0.1964722610450442
20253,11260660,망우3동,17410270310,843488,506,545,3927142,중랑구,0.5898203592814372,0.6427145708582834,23.580326116797824,15.183422747462979,6.2285110035911835,20253,2,23.53287434338808,16603416814.51143,0.047451773409743936,1.0485956297129984,0.12283578777261236
20253,11260680,신내1동,35904728667,1497376,1222,1388,4970366,중랑구,0.8053892215568862,0.8502994011976049,24.304134841538207,15.419004238404897,7.109062135687172,20253,2,24.30276330494012,35855517772.57311,0.0013715365980857541,1.0013724775845945,-0.017507899153442537
20253,11260690,신내2동,35410377404,1749973,684,774,1748536,중랑구,0.7934131736526946,0.8073852295409182,24.29027076116084,14.374289996256815,6.529418838262226,20253,2,24.35713987883351,37859201014.00112,-0.06686911767267034,0.93531760986991,-0.22534417954732175
20253,11290525,성북동,30245939069,1030094,993,1048,4114766,성북구,0.7365269461077845,0.7574850299401197,24.13262776679168,15.230092768375998,6.901737206656574,20253,2,24.204898073422306,32512747280.29821,-0.07227030663062806,0.9302794011297891,-0.24179424197304922
20253,11290555,삼선동,59645777864,2690610,1428,1539,10204260,성북구,0.7694610778443114,0.8043912175648703,24.811689201174623,16.138315936121348,7.264730177929867,20253,2,24.855311036743043,62305219338.02027,-0.0436218355684197,0.9573159118565624,-0.1545413906021226
20253,11290575,동선동,63798534607,3296611,1710,1949,7485579,성북구,0.7155688622754491,0.7425149700598803,24.87899605850673,15.828489061143754,7.444833273892193,20253,2,24.86688593317354,63030585720.73536,0.01211012533319078,1.0121837498015192,0.015197946991123045
20253,11290580,돈암1동,9514073876,257194,345,366,2217732,성북구,0.5538922155688623,0.5848303393213573,22.97603800000939,14.611996060926783,5.846438775057725,20253,2,23.251616301484564,12532815751.577906,-0.2755783014751749,0.7591329885147445,-0.860996649604954
20253,11290600,안암동,40564811288,2828629,995,1208,7457637,성북구,0.874251497005988,0.8902195608782435,24.42616681071803,15.824749300060706,6.903747257584598,20253,2,24.15154920810961,30823684481.198757,0.2746176026084193,1.316027333226271,0.8147005050409635
20253,11290610,보문동,15313271752,712790,718,776,5037344,성북구,0.8982035928143712,0.9111776447105788,23.451985724177227,15.432389715532924,6.577861357721047,20253,2,24.017237126243185,26949676383.773624,-0.5652514020659574,0.5682172777859443,-1.7432358426536987
20253,11290660,길음1동,12422016991,560180,906,1034,6156653,성북구,0.6526946107784432,0.6796407185628742,23.242736298978254,15.633044006114833,6.810142450115136,20253,2,23.721485217210454,20049804041.51245,-0.4787489182321991,0.6195580248704988,-1.4797806534125775
20253,11290685,길음2동,20086071278,905036,1074,1182,4881851,성북구,0.6287425149700598,0.655688622754491,23.72329244060189,15.40103521403103,6.980075940561763,20253,2,24.003494161085012,26581841282.058956,-0.2802017204831202,0.755631299760894,-0.8750779068786771
20253,11290705,종암동,35393116455,2008638,1284,1434,10879682,성북구,0.7724550898203593,0.7784431137724551,24.28978318778273,16.202407662938196,7.158513997329321,20253,2,24.38918441293015,39092028673.271965,-0.09940122514741745,0.9053793741637924,-0.324425178743176
20253,11290715,월곡1동,18397530793,970523,841,935,8029834,성북구,0.6856287425149701,0.6926147704590818,23.635482296578004,15.898674537766627,6.7357800142423265,20253,2,23.70877991797717,19796676715.864784,-0.07329762139916696,0.9293242020897614,-0.2449230701264206
20253,11290725,월곡2동,28595868650,1358833,984,1126,6255479,성북구,0.8562874251497006,0.8772455089820359,24.076528091575675,15.648968437548005,6.892641641172089,20253,2,24.122904615331766,29953278320.434837,-0.04637652375609136,0.9546824338920932,-0.16293117163058476
20253,11290760,장위1동,11397343494,716030,655,718,6350144,성북구,0.6077844311377245,0.6147704590818363,23.156646138437523,15.663988205253837,6.486160788944089,20253,2,23.206338191973465,11978008637.35445,-0.04969205353594219,0.9515223973421094,-0.17302907271818668
20253,11290770,장위2동,13590350099,695218,663,708,6048296,성북구,0.937125748502994,0.9510978043912176,23.332625826367043,15.615287302778647,6.498282149476434,20253,2,23.35714046619903,13927629892.203083,-0.024514639831988205,0.9757834035070175,-0.09634780302511256
20253,11290780,장위3동,6539283202,259725,396,449,4000943,성북구,0.8952095808383234,0.8972055888223552,22.601093394421014,15.202040891240545,5.983936280687191,20253,2,22.979880192723602,9550699096.85459,-0.3787867983025883,0.6846915744789442,-1.175332294754908
20253,11290810,석관동,43268793239,1887180,1296,1440,10002674,성북구,0.9850299401197604,0.9880239520958084,24.49069750172566,16.118363115186575,7.167809184316444,20253,2,24.479931690243724,42805468078.63734,0.010765811481935117,1.0108239713559841,0.011103654614933435
20253,11305535,미아동,47090706747,2320472,1162,1275,7696091,강북구,0.5688622754491018,0.6017964071856288,24.57534150954115,15.856223225518182,7.0587581525186645,20253,2,24.443434861344148,41271369386.45252,0.1319066481970026,1.1410017997236044,0.3800547025747927
20253,11305545,송중동,76110849165,2507249,1570,1752,11508882,강북구,0.6047904191616766,0.6407185628742514,25.055456656251895,16.258629729941877,7.359467638255621,20253,2,25.029276944573866,74144145275.22685,0.02617971167802935,1.0265254105023753,0.05804880362256202
20253,11305595,번1동,52728272514,2271755,1222,1346,6598159,강북구,0.5479041916167665,0.593812375249501,24.688417629000117,15.7023013802493,7.109062135687172,20253,2,24.563973636820904,46558416820.69002,0.12444399217921287,1.1325185887886156,0.3573261592281459
20253,11305635,수유3동,95479347948,4359028,1981,2201,9309172,강북구,0.5329341317365269,0.5688622754491018,25.28217580920436,16.046510816091804,7.591861714889934,20253,2,25.267350092845984,94074239821.51459,0.01482571635837715,1.0149361624303455,0.02346865224412945
20253,11320511,창1동,30887993495,2064467,719,796,3461569,도봉구,0.6706586826347305,0.6936127744510978,24.153633385341113,15.057232801342662,6.579251212010101,20253,2,24.576135132921827,47128093866.571655,-0.42250174758071424,0.6554051089451999,-1.3084721738000935
20253,11320514,창4동,24898435993,1327442,948,1060,3504270,도봉구,0.6706586826347305,0.6886227544910181,23.938070826958405,15.06949306823047,6.855408798609928,20253,2,24.10664655479607,29470233434.74322,-0.16857572783766628,0.8448672810187716,-0.5351056226937088
20253,11320515,창5동,59395500710,2552203,1885,2033,3786705,도봉구,0.6796407185628742,0.7035928143712574,24.807484314840107,15.147007069859166,7.542213463193403,20253,2,25.35576312595529,102770391283.3546,-0.548278811115182,0.577943705071989,-1.6915434869816683
20253,11320522,도봉2동,13021157814,757295,900,963,3043150,도봉구,0.6107784431137725,0.6287425149700598,23.28984139565642,14.928404049731444,6.803505257608338,20253,2,23.28614705434151,12973141960.80185,0.003694341314911753,1.0037011738053303,-0.010433478522728313
20253,11320680,쌍문3동,29680370045,1371448,694,767,5366654,도봉구,0.5778443113772455,0.6067864271457085,24.11375172302501,15.495715367371176,6.543911845564792,20253,2,23.805405616232832,21805010421.61132,0.3083461067921789,1.3611720183166376,0.9174252946508143
20253,11320690,방학1동,55460255691,2374303,1595,1793,6456625,도봉구,0.6197604790419161,0.6307385229540917,24.738932487509278,15.680617448295648,7.3752557780097545,20253,2,24.757949656236672,56525045282.67815,-0.019017168727394562,0.9811625167860866,-0.07960450010456578
20253,11350560,월계1동,24512581231,1413559,912,1058,4504796,노원구,0.9700598802395208,0.9760479041916168,23.922452342364455,15.320653386966011,6.816735880594968,20253,2,24.0821544770629,28757213498.90037,-0.15970213469844552,0.8523976508341923,-0.5080798766557691
20253,11350570,월계2동,4450008088,252863,463,519,3666434,노원구,0.8413173652694611,0.8473053892215568,22.216171750875716,15.114730358280298,6.139884552226255,20253,2,22.53258183573225,6106269306.851857,-0.3164100848565319,0.7287605351776144,-0.9853554511217001
20253,11350580,월계3동,8819200867,520144,585,667,2351729,노원구,0.8383233532934131,0.8493013972055888,22.900197098325126,14.670661785492731,6.373319789577012,20253,2,23.222085992870813,12168128992.25517,-0.3218888945456868,0.7247787127021161,-1.0020419181397615
20253,11350595,공릉1동,67206863170,3228405,2036,2270,10101742,노원구,1.0,1.0,24.93104120978138,16.128218541179688,7.619233416226805,20253,2,25.09476222906123,79162000506.75455,-0.16372101927985128,0.8489788375707551,-0.5203199413453252
20253,11350600,공릉2동,41190232317,2476357,1287,1499,8165486,노원구,0.8922155688622755,0.9301397205588824,24.44146698553387,15.915426927433495,7.160845906664299,20253,2,24.42352278434845,40457698524.161835,0.01794420118542206,1.018106165688112,0.032966425878394205
20253,11350611,하계1동,55331003308,2406805,716,816,3573109,노원구,0.9191616766467066,0.9271457085828344,24.73659922687475,15.088946922985613,6.57507584059962,20253,2,24.503541680136898,43828129758.44371,0.23305754673785017,1.2624541273596144,0.6881236496838998
20253,11350612,하계2동,2412175094,172505,280,308,2472693,노원구,0.8892215568862275,0.8962075848303392,21.603794706460167,14.720818802494971,5.638354669333745,20253,2,21.734219938210103,2748221845.4854317,-0.13042523174993548,0.8777221161976194,-0.4189130497064193
20253,11350625,중계2·3동,52356014829,2268631,1031,1155,4417808,노원구,0.874251497005988,0.8862275449101796,24.681332664128956,15.301154429795881,6.939253946041508,20253,2,24.37810998348806,38661495116.86815,0.3032226806408964,1.3542159885626586,0.9018211969830169
20253,11350640,상계2동,91306462273,3602050,2405,2666,10000093,노원구,0.6916167664670658,0.7105788423153693,25.237487402699674,16.11810505091414,7.785720896534624,20253,2,25.21671035812062,89428955893.40047,0.020777044579055826,1.0209943900255027,0.041594239315457436
20253,11350670,상계5동,24330475650,1151980,1178,1256,5397199,노원구,0.5329341317365269,0.5838323353293413,23.914995543530193,15.50139085853877,7.072421900537371,20253,2,24.158433611664304,31036619287.78311,-0.24343806813411106,0.7839280246472321,-0.7631091568781929
20253,11350695,상계6·7동,101500478684,3434604,1435,1624,6244177,노원구,0.7664670658682635,0.8003992015968064,25.343329351525508,15.647160067578206,7.269616749608169,20253,2,25.082392539437382,78188822494.18857,0.2609368120881257,1.2981456357338554,0.7730337794655587
20253,11350700,상계8동,13147593867,723058,382,426,1003660,노원구,0.6227544910179641,0.6736526946107785,23.299504603010575,13.819164872815026,5.948034989180646,20253,2,23.314398796175073,13344882248.206165,-0.014894193164497693,0.9852161766933024,-0.0670474120416724
20253,11350710,상계9동,20049868786,1075278,429,474,1739696,노원구,0.5149700598802395,0.5588822355289421,23.7214884463883,14.369221518095907,6.063785208687608,20253,2,23.388468497185094,14370861652.15533,0.3330199492032051,1.3951751308518745,0.9925728688429634
20253,11410520,천연동,17283461175,681927,568,626,3250105,서대문구,0.6227544910179641,0.6776447105788422,23.573015879802085,14.994198169158665,6.343880434126331,20253,2,23.743544161832975,20496995713.376453,-0.1705282820308902,0.843219241331095,-0.5410523945282373
20253,11410565,충현동,30590032872,1696811,1086,1203,11135942,서대문구,0.7125748502994012,0.7514970059880239,24.14394006974088,16.225688543008754,6.99117688712121,20253,2,24.393335136930393,39254626110.00745,-0.2493950671895142,0.7792720477396542,-0.7812520152551445
20253,11440555,아현동,38218683843,1470225,1282,1416,7686071,마포구,0.5359281437125748,0.5738522954091816,24.36659033884953,15.854920417744548,7.1569563646156364,20253,2,24.39127601210778,39173879097.5993,-0.024685673258250773,0.9756165262005458,-0.09686870880360048
20253,11680521,논현1동,252975339407,6428866,4170,4455,9474796,강남구,0.5299401197604791,0.6017964071856288,26.25655784822751,16.06414588390114,8.335911094196945,20253,2,26.315575748618702,268354780173.39536,-0.05901790039119348,0.9426898944879684,-0.20143221953193288
20253,11680531,논현2동,189084519376,5099756,4498,4833,11920183,강남구,0.6107784431137725,0.6487025948103793,25.9654599445162,16.29374365572395,8.411610428841172,20253,2,26.589317059059038,352852887970.14166,-0.6238571145428367,0.5358735207291269,-1.9217275851668936
20253,11680545,압구정동,348611204613,4035969,4400,4633,7593147,강남구,0.5808383233532934,0.6786427145708583,26.577223111265653,15.842756819642446,8.38958706681109,20253,2,26.251448956913297,251686211703.3873,0.3257741543523558,1.3851025141728424,0.9705048059500934
20253,11680565,청담동,273130996313,3642145,4420,4614,9185850,강남구,0.6017964071856288,0.6397205588822356,26.333217357023006,16.03317492340103,8.394121193826242,20253,2,26.342844536930176,275773175513.02264,-0.009627179907170103,0.9904190130345079,-0.05100600013133365
20253,11680580,삼성1동,232073031430,7635696,3515,3809,4991598,강남구,0.7395209580838323,0.7644710578842315,26.1703179497274,15.42326685727925,8.165079258805068,20253,2,25.72132693954955,148125680000.03387,0.4489910101778527,1.5667305725107687,1.3457786550986153
20253,11680590,삼성2동,94108743901,3758272,2937,3158,8923470,강남구,0.5059880239520959,0.5259481037924152,25.26771680060233,16.004195554427014,7.9854843567338225,20253,2,25.638519872672138,136353944175.3387,-0.37080307206980834,0.6901798438627105,-1.1510167605380108
20253,11710510,풍납1동,11195998095,437872,424,459,4343516,송파구,0.6197604790419161,0.6387225548902196,23.138822238538868,15.284194946568778,6.052089168924417,20253,2,22.968658250722815,9444120831.532822,0.17016398781605346,1.1854992428324151,0.49657268220378287
20253,11710680,잠실3동,90535931105,4806866,1554,1703,3597594,송파구,0.5059880239520959,0.5289421157684631,25.229012637652794,15.095776124622237,7.349230824613334,20253,2,25.176288604265288,85886165915.53271,0.05272403338750564,1.0541386978904173,0.13889317929028266
20253,11710690,잠실4동,12657998630,583675,325,371,2116808,송파구,0.7065868263473054,0.7345309381237525,23.26155515514657,14.56542032403447,5.786897381366708,20253,2,22.56099048769744,6282227723.3318205,0.7005646674491324,2.0148901293388244,2.1119807633740355
20253,11710710,잠실6동,249899976827,8475637,1693,1903,2368425,송파구,0.6317365269461078,0.6407185628742514,26.244326582062225,14.677736157454861,7.434847875211999,20253,2,25.624798416393304,134495747230.70813,0.6195281656689211,1.8580511426754074,1.8651729728258035
20253,11740610,천호2동,145011583437,4194097,2914,3197,10909991,강동구,0.7245508982035929,0.7445109780439122,25.700079461955596,16.205189624536757,7.977625098784593,20253,2,25.6030713114189,131605060850.80394,0.09700815053669487,1.1018693544117926,0.2737665372199488
20253,11740620,천호3동,39838426553,1705921,1392,1533,7537537,강동구,0.5808383233532934,0.6057884231536926,24.40809777475639,15.83540616146424,7.239214973779806,20253,2,24.565039398827388,46608063463.47415,-0.1569416240709991,0.8547539544143604,-0.49967236258769104
20253,11740650,성내2동,54789928507,2320108,1421,1546,8182706,강동구,0.6736526946107785,0.6906187624750499,24.726772227659236,15.917533582929329,7.259819610363186,20253,2,24.71231688408887,54003618151.42981,0.014455343570364931,1.0145603272981696,0.02234063107489869
20253,11740685,길동,107503965959,5021687,2742,3013,18306303,강동구,0.5598802395209581,0.5798403193612774,25.400793576484773,16.722756039366054,7.916807490937603,20253,2,25.777717227173508,156718529438.01135,-0.37692365068873457,0.685968445113073,-1.1696578229312398
20253,11740690,둔촌1동,23638963599,1265794,162,214,30002,강동구,0.5419161676646707,0.5568862275449101,23.88616218757572,10.309052655644626,5.093750200806762,20253,2,22.051354028871625,3773821662.7638745,1.8348081587040959,6.263932350657841,5.566475020537422
20254,11110515,청운효자동,25920026514,1137616,917,947,3348036,종로구,0.6167664670658682,0.6646706586826348,23.97828173138521,15.023884761904391,6.822197390620491,20254,3,23.806470904963536,21828251430.481926,0.1718108264216731,1.1874531772070456,0.32659856516463776
20254,11110530,사직동,111331653373,4353684,2655,2856,3910218,종로구,0.6916167664670658,0.7285429141716567,25.435779451686066,15.179103940623213,7.884576510596324,20254,3,25.435707265931647,111323617103.66618,7.218575441925168e-05,1.0000721883598727,-0.15600603441325026
20254,11110540,삼청동,38345074586,1466933,714,759,974927,종로구,0.7305389221556886,0.7664670658682634,24.369891923317166,13.790118901099376,6.5722825426940075,20254,3,24.30830715126113,36054847268.39634,0.06158477205603674,1.0635206495413765,0.0168511453440412
20254,11110580,교남동,9103806955,364497,295,365,3950238,종로구,0.6526946107784432,0.6936127744510978,22.931958509799774,15.189286641375984,5.69035945432406,20254,3,22.589484093010924,6463805660.764144,0.3424744167888498,1.4084283211453728,0.8061821543421929
20254,11110600,가회동,30409432895,1311368,610,650,1171993,종로구,0.6976047904191617,0.7275449101796406,24.138018689859365,13.974217129652066,6.415096959171596,20254,3,24.062372728111058,28193935204.0723,0.0756459617483074,1.078580647748942,0.05636464559454669
20254,11110615,종로1·2·3·4가동,590990167722,12905932,9877,10387,13824388,종로구,0.94311377245509,0.9610778443113772,27.105065217535607,16.44194490909766,9.19806534110057,20254,3,26.570167001701936,346160023828.2729,0.534898215833671,1.7072744599046634,1.3469143397518146
20254,11110630,종로5·6가동,116643826107,3049306,1873,1965,5436250,종로구,0.9491017964071856,0.9620758483033932,25.48239090737795,15.508600226844301,7.535830462798367,20254,3,24.66747148395719,51635305156.93821,0.8149194234207613,2.2589936430602586,2.1338049441948717
20254,11110640,이화동,38702183156,2601916,675,810,4456453,종로구,0.8473053892215568,0.8682634730538922,24.379161847716613,15.309863940498067,6.516193076042964,20254,3,24.21579806016605,32869074246.35196,0.16336378755056202,1.1774649588829063,0.30286145046422586
20254,11110650,혜화동,53380124553,2686649,1331,1527,9250213,종로구,0.7604790419161677,0.7904191616766467,24.700704314265888,16.04015724435613,7.194436851100335,20254,3,24.694461218007774,53047905414.22428,0.006243096258113923,1.0062626250024687,-0.1386650924965346
20254,11110670,창신1동,76272544094,2732595,1538,1586,2847894,종로구,0.9760479041916168,0.9830339321357284,25.057578868997346,14.862090682856834,7.338888133838879,20254,3,24.98181052929615,70707008091.23134,0.07576833970119523,1.0787126503159008,0.05670854119498424
20254,11110680,창신2동,12957408786,519486,346,364,4552384,종로구,0.6586826347305389,0.6826347305389221,23.28493356860533,15.33116182941915,5.849324779946859,20254,3,23.14267562059714,11239223782.24484,0.14225794800819003,1.1528739917492756,0.24355170397079298
20254,11110690,창신3동,571412165,17752,158,173,815624,종로구,0.9101796407185628,0.9321357285429142,20.163621339098864,13.611709969493194,5.0689042022202315,20254,3,22.12079844463693,4045206530.5657682,-1.9571771055380651,0.14125661092514885,-5.65609329973898
20254,11110700,숭인1동,4386583533,205539,259,285,2309254,종로구,0.9491017964071856,0.9640718562874252,22.201816522780092,14.652435519657665,5.560681631015528,20254,3,22.090326925897845,3923802027.3965435,0.11148959688224735,1.1179421138916414,0.15708922984665294
20254,11110710,숭인2동,25818356136,1344074,831,900,5183066,종로구,0.9850299401197604,0.9870259481037924,23.974351554071664,15.460907523964618,6.723832440821209,20254,3,23.80837758055033,21869910527.1594,0.16597397352133214,1.180542375970728,0.31019636210876367
20254,11140520,소공동,180541098056,6059495,2681,2931,2542035,중구,0.8712574850299402,0.8862275449101796,25.91922427886838,14.74847589270836,7.894318063841624,20254,3,25.846491077261497,167875937662.67764,0.07273320160688357,1.0754435720190654,0.048179467021706654
20254,11140540,회현동,259968527196,7484458,4752,4987,4347793,중구,0.7754491017964071,0.8003992015968064,26.28382641139258,15.285179147995983,8.46653127661401,20254,3,26.07658568407127,211308647100.78076,0.20724072732131305,1.230278697832993,0.426160510399105
20254,11140550,명동,268609825638,10683284,4294,4797,5774872,중구,0.9131736526946108,0.9191616766467066,26.316525701300957,15.569026822788327,8.365206834418355,20254,3,26.175973605555782,233389275225.27432,0.1405520957451749,1.1509090354675884,0.2387580701960474
20254,11140570,필동,37143898916,2242321,1160,1288,2729614,중구,0.8562874251497006,0.8872255489021956,24.33806536627868,14.819671131575067,7.057036981697891,20254,3,24.16996253863979,31396508788.765553,0.16810282763889006,1.1830582554863873,0.31617867794037885
20254,11140580,장충동,26121951436,613034,495,530,2090605,중구,0.8233532934131736,0.8602794411177644,23.986041849015717,14.552964534066103,6.206575926724928,20254,3,23.79368456089111,21550924673.19851,0.19235728812460806,1.2121035098083834,0.3843363979806047
20254,11140590,광희동,176129155339,5169115,4885,5116,6670949,중구,0.9730538922155688,0.9810379241516964,25.89448340001682,15.713272836535397,8.494129251817686,20254,3,26.285288039804335,260348782409.72855,-0.3908046397875147,0.6765123067171238,-1.2544132020839887
20254,11140605,을지로동,240592120952,7053098,2850,2983,4848076,중구,0.9461077844311376,0.9570858283433132,26.206368892457014,15.39409268944344,7.955425088912672,20254,3,25.641171809273764,136716026087.61092,0.56519708318325,1.7597945744694392,1.432057512471099
20254,11140615,신당동,107638517081,3002279,9992,10107,5268914,중구,0.9670658682634732,0.9740518962075848,25.402044386065846,15.477335016967922,9.209640126861789,20254,3,25.63549508960947,135942126218.44427,-0.23345070354362463,0.791796627544552,-0.8122312149788186
20254,11140625,다산동,43971161618,1232907,809,877,4052419,중구,0.934131736526946,0.9451097804391216,24.506799838234564,15.214824791496435,6.697034247666484,20254,3,24.11733150376059,29786809663.496292,0.38946833447397466,1.4761957428387043,0.9382402674081262
20254,11140635,약수동,30841090583,1137870,632,683,1923163,중구,0.9520958083832336,0.9580838323353292,24.15211374766221,14.46948230434583,6.450470422144176,20254,3,24.207799403170483,32607214455.12621,-0.05568565550827387,0.9458364076282341,-0.31269174329833466
20254,11140645,청구동,8069509412,221667,437,462,2760517,중구,0.9850299401197604,0.9890219560878242,22.81135852593058,14.830928901242848,6.082218910376446,20254,3,22.751927288849405,7603901355.052714,0.05943123708117426,1.061232785014747,0.010799473570103293
20254,11140650,신당5동,26917215712,1089918,720,774,3133863,중구,0.8982035928143712,0.9131736526946108,24.016031908179222,14.957777305934176,6.580639137284949,20254,3,23.802284294654616,21737056080.912224,0.2137476135246068,1.238310082644383,0.4444455812395326
20254,11140665,동화동,33427484047,965818,531,568,3558358,중구,0.937125748502994,0.9451097804391216,24.232644274241103,15.084810041499592,6.2766434893416445,20254,3,23.830324027483908,22355182882.68453,0.4023202467571956,1.4952901178407112,0.9743555642170207
20254,11140670,황학동,56726095509,1823877,1305,1390,5321500,중구,0.9790419161676648,0.9850299401197604,24.761500180074574,15.487265964380159,7.174724309836376,20254,3,24.164677095737645,31231002107.585262,0.5968230843369291,1.816339268064107,1.5209300781541657
20254,11140680,중림동,27048232056,941457,626,692,1945691,중구,0.6077844311377245,0.6506986027944112,24.02088748176654,14.48112825582024,6.440946540632921,20254,3,24.207799403170483,32607214455.12621,-0.18691192140394364,0.8295167958374231,-0.6814520831998525
20254,11170520,용산2가동,15051073494,867793,604,654,4761506,용산구,0.7335329341317365,0.7714570858283433,23.434715154168963,15.376074772740118,6.405228458030842,20254,3,23.781709883629013,21294398281.23293,-0.34699472946005017,0.7068090534995175,-1.1313025023079621
20254,11170530,남영동,65664426522,2369719,1170,1334,1871643,용산구,0.6856287425149701,0.7235528942115769,24.907823162571454,14.442327746994717,7.065613363597717,20254,3,24.797518604313463,58806522013.47295,0.11030455825799024,1.1166180939412784,0.15375914007464866
20254,11170560,원효로1동,102265934508,1464152,1548,1626,4702896,용산구,0.5359281437125748,0.5668662674650699,25.350842458446557,15.363689259773047,7.3453648404168685,20254,3,25.294570154931694,96670116148.92249,0.0562723035148629,1.0578857105173747,0.0019225204106997772
20254,11170625,한강로동,680873040637,4910797,4886,5215,5774895,용산구,0.5808383233532934,0.6477045908183633,27.24664169493434,15.569030805551964,8.494333897270154,20254,3,26.12537247614057,221873331275.5188,1.1212692187937705,3.0687466435139186,2.9946817960922405
20254,11170650,이태원1동,83354980644,2898092,1549,1641,2476459,용산구,0.8233532934131736,0.8323353293413174,25.14637420014675,14.722340679052811,7.346010209913293,20254,3,25.104404852993316,79929022014.19264,0.041969347153433034,1.0428625115568038,-0.038270370954743685
20254,11170685,한남동,93688601062,2119079,2297,2419,4379717,용산구,0.8622754491017964,0.8882235528942116,25.263242365247173,15.292494896718274,7.739794458408701,20254,3,25.269121856479355,94241064882.11624,-0.005879491232182232,0.9941377591519439,-0.17273090586778145
20254,11200520,왕십리2동,13725661749,524274,535,593,4634683,성동구,0.8892215568862275,0.907185628742515,23.34253303811595,15.349078577743162,6.284134161070802,20254,3,23.316845536400002,13377573685.820911,0.02568750171594658,1.026020268798671,-0.08402415977721148
20254,11200535,왕십리도선동,48245035576,1151712,1758,1935,5511049,성동구,0.9790419161676648,0.9880239520958084,24.599558769842055,15.52226572558778,7.472500744737558,20254,3,24.440628689564278,41155717180.232445,0.1589300802777771,1.1722559800068952,0.29040224201402226
20254,11200540,마장동,29063520125,981057,2216,2269,4952140,성동구,1.0,1.0,24.092749620787632,15.415330566285315,7.7039102096163115,20254,3,24.702723988143855,53488043940.46384,-0.609974367356223,0.5433647967637376,-1.8703044086402738
20254,11200550,사근동,36655134129,3069647,705,859,4595770,성동구,0.9670658682634732,0.9790419161676648,24.324819340870484,15.340647090773833,6.559615237493242,20254,3,24.103637535270405,29381690207.865696,0.22118180560007872,1.2475502215725884,0.46533648427584806
20254,11200560,행당1동,42718825214,1504346,1086,1227,6771746,성동구,0.9670658682634732,0.9840319361277444,24.477905531571352,15.728269661820791,6.99117688712121,20254,3,24.400763126147595,39547294673.28643,0.07714240542375705,1.080195891195963,0.06056981804714866
20254,11200570,행당2동,5833741677,286833,498,564,4292517,성동구,0.9880239520958084,0.9920159680638724,22.486924428700604,15.272384065105488,6.212606095751519,20254,3,22.723266330506238,7389059744.8728,-0.23634190180563408,0.7895106926220186,-0.8203558022826204
20254,11200580,응봉동,2554899779,121315,271,294,2747744,성동구,0.5868263473053892,0.6047904191616766,21.661278834783833,14.826291133258852,5.605802066295998,20254,3,21.87784126279239,3172676094.2596073,-0.21656242800855807,0.8052822611241773,-0.7647732904226713
20254,11200590,금호1가동,5985321219,202656,413,456,3089717,성동구,0.940119760479042,0.9580838323353292,22.512575845359894,14.943590382573364,6.025865973825314,20254,3,22.62456577726502,6694591356.54144,-0.11198993190512496,0.8940532588522531,-0.4709129954257028
20254,11200615,금호2·3가동,16737813459,708447,805,887,5454810,성동구,0.9850299401197604,0.9900199600798404,23.54093627579431,15.512008529536342,6.692083742506628,20254,3,23.528247181600364,16526767589.618347,0.012689094193945039,1.0127699423518381,-0.12055112443078626
20254,11200620,금호4가동,16400658389,598484,521,579,2565751,성동구,0.8233532934131736,0.8612774451097804,23.520587316702454,14.75776217100683,6.257667587882639,20254,3,23.444530314854806,15199529567.133648,0.07605700184764785,1.0790240787756737,0.057519713794585606
20254,11200645,옥수동,10326405769,266924,809,897,2805400,성동구,0.7544910179640718,0.8063872255489022,23.057970118583768,14.847057045723052,6.697034247666484,20254,3,23.332500079634443,13588641264.322464,-0.27452996105067484,0.7599292356118343,-0.9276684779216308
20254,11200650,성수1가1동,18054488280,788890,1114,1194,2972249,성동구,0.7874251497005988,0.8083832335329341,23.616660149042115,14.90482979972079,7.016609683894219,20254,3,24.021996367080277,27078242079.052418,-0.4053362180381619,0.6667525989054827,-1.2952485462770067
20254,11200660,성수1가2동,89766378253,2472748,2081,2208,5517614,성동구,0.9640718562874252,0.9700598802395208,25.22047633517573,15.523456259668816,7.641084249174914,20254,3,25.048455706082464,75579861779.53418,0.17202062909326443,1.1877023341858943,0.3271881339065371
20254,11200690,성수2가3동,118202449021,5598120,3152,3355,6050654,성동구,0.9790419161676648,0.9830339321357288,25.49566466101003,15.61567708860966,8.056109659545061,20254,3,26.28777286875476,260996509013.10324,-0.7921082077447323,0.4528890040252059,-2.382120670657768
20254,11200720,송정동,6639254427,293372,459,474,3275272,성동구,0.7245508982035929,0.7435129740518961,22.61626550919057,15.001911782355965,6.131226489483141,20254,3,22.779970619620805,7820158184.476193,-0.16370511043023583,0.8489923439374402,-0.6162383743109741
20254,11200790,용답동,37314199839,1770226,1147,1218,2756340,성동구,1.0,1.0,24.34263978391247,14.829414633505298,7.045776576879511,20254,3,24.107282646402545,29488985166.149727,0.2353571375099257,1.2653605957872298,0.5051707367984941
20254,11215710,화양동,84693721210,4712611,2151,2473,8980586,광진구,0.9820359281437124,0.9890219560878244,25.162307306116414,16.01057580562532,7.674152921281675,20254,3,25.129954745338978,81997512249.25966,0.03235256077743642,1.0328815946579488,-0.06529460568830107
20254,11215730,군자동,46835445983,1753852,1278,1425,6843014,광진구,0.9311377245508982,0.9540918163672656,24.569906146013324,15.738738981953276,7.153833801578843,20254,3,24.45441825628453,41727167660.30122,0.11548788972879365,1.1224209216471392,0.16832487553888376
20254,11215740,중곡1동,61618566267,2378920,1177,1238,3450358,광진구,0.8802395209580839,0.8942115768463075,24.844229062528438,15.053988841564902,7.071573364211532,20254,3,24.531662541298942,45078107363.08875,0.31256652122949546,1.3669288679465512,0.7221376556518545
20254,11215750,중곡2동,40723679033,1670063,1159,1243,4707238,광진구,0.9191616766467066,0.934131736526946,24.43007555466536,15.364612094535083,7.05617528410041,20254,3,24.295531896646267,35597167129.28938,0.13454365801909418,1.1440146033275922,0.22187369477757604
20254,11215760,중곡3동,17371095329,1041860,783,866,4252517,광진구,0.9580838323353292,0.9770459081836328,23.57807347393324,15.263021836047429,6.664409020350408,20254,3,24.107019922976413,29481238736.56226,-0.5289464490431719,0.5892254217749876,-1.6426069846932352
20254,11215770,중곡4동,35538769238,1440904,982,1064,6389649,광진구,0.8532934131736527,0.8842315369261476,24.29389002876939,15.670190051770675,6.890609120147166,20254,3,24.154379508923896,30911048355.190067,0.13951051984549423,1.149710900440325,0.23583112656797184
20254,11215780,능동,23091593954,944759,613,687,2012058,광진구,0.9461077844311376,0.9700598802395208,23.862734490195248,14.514669133827491,6.419994928147142,20254,3,24.157436412776605,31005685031.9166,-0.29470192258135697,0.7447535485905246,-0.9843539237793121
20254,11215810,광장동,40947235441,1539685,1040,1154,6141905,광진구,0.8323353293413174,0.8542914171656687,24.435550134392678,15.630645675404702,6.947937068614969,20254,3,24.544154337712595,45644745699.962845,-0.10860420331991705,0.8970854106660809,-0.4613987231466441
20254,11215820,자양1동,44970439668,2068050,1230,1350,7523250,광진구,0.6197604790419161,0.6307385229540917,24.529271214621417,15.83350891633511,7.115582126184454,20254,3,24.42338933730448,40452299924.10953,0.10588187731693566,1.1116905528824497,0.14133091683772528
20254,11215830,자양2동,18500629805,918196,1056,1152,5100964,광진구,0.9041916167664672,0.9121756487025948,23.64107061201879,15.444940295481798,6.963189985870238,20254,3,23.72474071276485,20115182451.259094,-0.0836701007460583,0.9197346258145408,-0.3913311335713556
20254,11215840,자양3동,41510736780,1878823,1187,1333,6560805,광진구,0.8922155688622755,0.9021956087824352,24.449217948335892,15.69662401922654,7.080026499922591,20254,3,24.54504565479244,45685447777.94528,-0.09582770645654648,0.9086205520358142,-0.4254953520194567
20254,11215847,자양4동,43574051716,1892160,1486,1597,8810461,광진구,0.9251497005988024,0.935129740518962,24.497727666027345,15.991450436946039,7.304515946460155,20254,3,24.655837449172193,51038059147.481606,-0.15810978314484814,0.8537560487965792,-0.6005148849810237
20254,11215850,구의1동,61376274551,2090986,1385,1506,6680759,광진구,0.8203592814371258,0.8313373253493014,24.840289189476838,15.714742311496323,7.234177179749849,20254,3,24.702465905916505,53474241408.117546,0.13782328356033346,1.1477727020487083,0.23108980575263507
20254,11215860,구의2동,31461447756,1227845,939,1036,4877442,광진구,0.8802395209580839,0.907185628742515,24.17202875249418,15.400131665096408,6.84587987526405,20254,3,24.07809017361384,28640572649.352505,0.09393857888034063,1.0984922732231497,0.10776892556285671
20254,11215870,구의3동,117346571291,2955094,2233,2444,6128436,광진구,0.8413173652694611,0.8622754491017964,25.48839754102367,15.628450299870428,7.711548979629146,20254,3,25.259276117224246,93317744773.4392,0.22912142379942324,1.2574947195294852,0.487647690693977
20254,11230545,제기동,979603471695,37091526,3054,3122,11953847,동대문구,0.997005988023952,0.999001996007984,27.61041370601161,16.296563792876427,8.024534871605695,20254,3,26.906944463046198,484771975172.9485,0.7034692429654115,2.0207510373212356,1.8206175944955727
20254,11230560,전농1동,51580097296,2587708,1923,2137,11037456,동대문구,1.0,1.0,24.66640172372974,16.216805228077025,7.562161631225652,20254,3,24.70684750649525,53709058236.322975,-0.040445782765509364,0.9603612312292756,-0.2698660131419517
20254,11230570,전농2동,15351772775,916118,590,661,2307719,동대문구,1.0,1.0,23.454496794604285,14.651770582092894,6.3818160174060985,20254,3,23.278062892476736,12868687762.482813,0.17643390212754895,1.1929555723433074,0.33958991988355214
20254,11230600,답십리1동,42030291531,888322,1137,1256,6767873,동대문구,1.0,1.0,24.461656422222987,15.72769756307362,7.037027614686276,20254,3,24.467422334946516,42273334532.74082,-0.005765912723528999,0.994250678248422,-0.17241173768014306
20254,11230610,답십리2동,29056777692,1252822,1619,1696,5711539,동대문구,0.997005988023952,0.999001996007984,24.092517604322364,15.55799924754578,7.3901814282264295,20254,3,24.388950098505518,39082869920.12138,-0.2964324941831542,0.7434658138306378,-0.989217021633594
20254,11230650,장안1동,175696276097,3539379,2575,2794,8685517,동대문구,0.9580838323353292,0.9800399201596806,25.892022637253497,15.977167598941518,7.853993087224244,20254,3,25.655232675841233,138651950379.11813,0.2367899614122635,1.2671749341901863,0.5091971306430403
20254,11230660,장안2동,100573890106,3813109,1956,2191,8058972,동대문구,0.9760479041916168,0.9850299401197604,25.33415851924536,15.902296687009438,7.579167967396076,20254,3,25.2278391074898,90429746776.45464,0.10631941175556037,1.1121770622074396,0.14256043706528507
20254,11230705,청량리동,64183152952,2431647,1099,1163,6002827,동대문구,0.9820359281437124,0.9880239520958084,24.885006598143164,15.607741249482997,7.003065458786462,20254,3,24.5330035705452,45138598974.874794,0.35200302759796287,1.4219128287017915,0.8329586059677493
20254,11230710,회기동,30035838073,1695084,901,1032,4730769,동대문구,0.9461077844311376,0.9520958083832336,24.12565710810546,15.369598537916822,6.804614520062624,20254,3,23.952441136586376,25258817422.129818,0.17321597151908463,1.1891228940387735,0.3305471785020346
20254,11230720,휘경1동,18235367546,892170,654,736,6298818,동대문구,0.997005988023952,0.997005988023952,23.626628817132246,15.65587271347142,6.484635235635252,20254,3,23.178210224262113,11645785876.456854,0.44841859287013364,1.5658340054890292,1.1038970219844768
20254,11230730,휘경2동,14760610838,600241,558,625,4420776,동대문구,1.0,1.0,23.41522804001851,15.301826030459507,6.326149473155099,20254,3,23.35431043330881,13888269962.739733,0.06091760670969748,1.062811342060648,0.014976336835185369
20254,11230740,이문1동,29537499828,2325134,894,1034,11235621,동대문구,0.997005988023952,0.997005988023952,24.108926473670188,16.23459982477494,6.796823718274855,20254,3,23.799391251730373,21674260723.251343,0.3095352219398144,1.3627915713089704,0.7136193689447198
20254,11230750,이문2동,9369868027,521675,449,486,3394045,동대문구,0.994011976047904,0.996007984031936,22.960764848572474,15.037533278013868,6.1092475827643655,20254,3,22.918739727170227,8984257599.017496,0.04202512140224712,1.0429206780563232,-0.03811363913882212
20254,11260520,면목2동,26817584673,1244364,1063,1135,5699307,중랑구,0.9910179640718564,0.994011976047904,24.01232365384674,15.555855321926003,6.96979066990159,20254,3,24.145086912309754,30625134948.312412,-0.13276325846301518,0.8756723755915327,-0.529288343608384
20254,11260540,면목4동,13116781562,736215,525,568,4493472,중랑구,0.9880239520958084,0.9890219560878244,23.29715828267133,15.318136457383309,6.26530121273771,20254,3,23.29539577880401,13093683544.920008,0.0017625038673187987,1.0017640579903089,-0.15125605332066858
20254,11260550,면목5동,6389660401,240753,437,479,2362972,중랑구,0.9730538922155688,0.9810379241516964,22.57794695869668,14.67543112995057,6.082218910376446,20254,3,22.849556043932743,8383707229.865569,-0.2716090852360651,0.762152139358814,-0.919460493408363
20254,11260565,면목본동,61266741523,3355799,1546,1667,9954963,중랑구,0.997005988023952,0.999001996007984,24.838502980027215,16.113581879200666,7.344072850573066,20254,3,24.75041797429866,56100915829.07922,0.08808500572855493,1.0920809512211767,0.0913197367487283
20254,11260570,면목7동,43583890702,1951364,910,975,6074034,중랑구,0.9910179640718564,0.996007984031936,24.49795343973812,15.619533686836624,6.814542897259958,20254,3,24.023603280079595,27121789437.286987,0.474350159658524,1.606969584465579,1.1767675964673958
20254,11260575,면목3·8동,43134862522,1998020,1288,1412,6471946,중랑구,0.9850299401197604,0.992015968063872,24.487597382336457,15.68298754856456,7.161622002939187,20254,3,24.50929037720173,44080809994.54384,-0.021692994865272652,0.9785406059312222,-0.21716860235309107
20254,11260580,상봉1동,24573448129,1806856,825,924,5188135,중랑구,0.994011976047904,0.996007984031936,23.924932352664236,15.461885038415668,6.716594773520978,20254,3,23.876709814642805,23416572019.21895,0.04822253802143095,1.0494041616694174,-0.02069821210214564
20254,11260590,상봉2동,70363047726,2985902,1622,1795,6224381,중랑구,1.0,1.0,24.976934072065823,15.643984718278313,7.392031567514591,20254,3,25.060840300707685,76521707882.41847,-0.0839062286418617,0.9195174764541099,-0.39199467910869434
20254,11260600,중화1동,20007288885,904374,604,653,4782186,중랑구,1.0,1.0,23.71936248840671,15.380408531212824,6.405228458030842,20254,3,23.79346349035658,21546160925.342728,-0.07410100194987024,0.9285779009228183,-0.3644409062182511
20254,11260610,중화2동,43049812238,1843528,1199,1298,7807056,중랑구,1.0,1.0,24.485623706347226,15.870538626215778,7.090076835776092,20254,3,24.4344921128097,40903935292.42418,0.0511315935375265,1.0524613812884958,-0.012523443936749121
20254,11260620,묵1동,45076371888,1414008,1040,1154,6861147,중랑구,0.9820359281437124,0.9860279441117764,24.5316240412687,15.741385332639906,6.947937068614969,20254,3,24.4005234274138,39537816372.841606,0.13110061385490113,1.1400824836386971,0.21219835937411954
20254,11260630,묵2동,28190579436,1464138,899,963,5112908,중랑구,0.9910179640718564,0.996007984031936,24.062253696561434,15.447279076133364,6.802394763324311,20254,3,23.80305054680361,21753718529.85121,0.2592031497578233,1.2958970392724307,0.5721806720565898
20254,11260655,망우본동,72746702458,3119157,1911,2136,11290836,중랑구,0.781437125748503,0.8103792415169662,25.010249414946657,16.239502069781775,7.555905093611346,20254,3,24.865407027780957,62937438342.671165,0.1448423871656992,1.155857377955566,0.2508142642187206
20254,11260660,망우3동,15817388133,838542,500,538,3877776,중랑구,0.5898203592814372,0.6427145708582834,23.484375686666958,15.17077260926335,6.2166061010848646,20254,3,22.758404913424286,7653316446.761444,0.7259707732426719,2.0667364590279345,1.8838493865206833
20254,11260680,신내1동,36706234831,1425451,1230,1389,4878033,중랑구,0.8053892215568862,0.8502994011976049,24.32621246400839,15.400252827803412,7.115582126184454,20254,3,24.31505510296562,36298966362.08363,0.011157361042769764,1.0112198365334661,-0.12485546421833223
20254,11260690,신내2동,34615908759,1669487,681,765,1718239,중랑구,0.7934131736526946,0.8073852295409182,24.267579204090158,14.356811069092043,6.525029657843462,20254,3,24.25781242436253,34279468446.695816,0.009766779727627295,1.0098146303764115,-0.12876315171467786
20254,11290525,성북동,29439475206,965025,998,1053,4206870,성북구,0.7365269461077845,0.7574850299401197,24.10560230479902,15.25222969892212,6.906754778648554,20254,3,24.509579329339367,44093549079.22508,-0.403977024540346,0.6676594608681788,-1.2914290620234121
20254,11290555,삼선동,60224100900,2620431,1436,1546,10201987,성북구,0.7694610778443114,0.8043912175648703,24.821338456336324,16.138093161224365,7.270312886079025,20254,3,24.880688418412838,63906596102.71904,-0.05934996207651366,0.9423769152592629,-0.32298885056100546
20254,11290575,동선동,66621263124,3250507,1710,1945,7752129,성북구,0.7155688622754491,0.7425149700598803,24.922289629679305,15.863478202277967,7.444833273892193,20254,3,24.84768353556184,61831794025.256004,0.07460609411746688,1.0774596495904303,0.053442502391095305
20254,11290580,돈암1동,8758323312,241285,343,364,2268425,성북구,0.5538922155688623,0.5848303393213573,22.89327032094932,14.634596756879635,5.840641657373398,20254,3,23.025158215027503,9993075248.586304,-0.1318878940781829,0.8764392435891063,-0.5268284727442304
20254,11290600,안암동,42478152488,3102248,996,1211,7935075,성북구,0.874251497005988,0.8902195608782435,24.472255721620762,15.886803489716565,6.904750769961838,20254,3,24.359665029429937,37954922002.11667,0.11259069219082463,1.1191737526329544,0.16018342960524196
20254,11290610,보문동,14504620674,664744,723,778,5095415,성북구,0.8982035928143712,0.9111776447105788,23.397733102850697,15.443851869981062,6.584791392385716,20254,3,23.953239714763484,25278996618.764103,-0.5555066119127865,0.5737815029902533,-1.7172439837786595
20254,11290660,길음1동,13729519245,557960,909,1034,6201426,성북구,0.6526946107784432,0.6796407185628742,23.34281404125528,15.640289984822596,6.813444599510896,20254,3,23.599742979662118,17751626449.110565,-0.25692893840683695,0.7734231724827619,-0.8782076550562127
20254,11290685,길음2동,24386185115,909870,1062,1165,4857812,성북구,0.6287425149700598,0.655688622754491,23.91728262513252,15.39609889459629,6.968850378341948,20254,3,24.103196919987944,29368747037.823807,-0.18591429485542577,0.8303447567440722,-0.6786486421157428
20254,11290705,종암동,38265666519,2113919,1274,1420,11055108,성북구,0.7724550898203593,0.7784431137724551,24.367818895585277,16.218403232017025,7.150701457592526,20254,3,24.35904034484388,37931219551.4249,0.008778550741396884,1.0088171952162435,-0.13154018460802092
20254,11290715,월곡1동,17306431159,940392,836,928,7990456,성북구,0.6856287425149701,0.6926147704590818,23.574344012723305,15.89375851260242,6.729824070489475,20254,3,23.67530384728922,19144931563.664776,-0.1009598345659164,0.9039693404726464,-0.43991720036751547
20254,11290725,월곡2동,28694438382,1362253,969,1109,6476470,성북구,0.8562874251497006,0.8772455089820359,24.079969156368872,15.683686321215255,6.877296071497429,20254,3,24.17756589211361,31636137378.945507,-0.09759673574473737,0.9070145965764055,-0.4304665202315253
20254,11290760,장위1동,10970401438,671161,656,716,6547080,성북구,0.6077844311377245,0.6147704590818363,23.11846670482106,15.69452985942551,6.48768401848461,20254,3,23.192452090464755,11812830289.368382,-0.07398538564369517,0.9286852658734485,-0.36411601159389917
20254,11290770,장위2동,14118815886,733149,660,705,6084675,성북구,0.937125748502994,0.9510978043912176,23.370774204800952,15.621284037300049,6.493753839851686,20254,3,23.26398339134829,12688772588.616165,0.10679081345266184,1.1127014679628517,0.14388512803981524
20254,11290780,장위3동,6493400019,253201,400,452,3971878,성북구,0.8952095808383234,0.8972055888223552,22.59405211646049,15.194749840440487,5.993961427306569,20254,3,22.914069861616564,8942400134.359827,-0.3200177451560755,0.7261361515293961,-1.0554941888308362
20254,11290810,석관동,45506672764,1914067,1286,1431,10318531,성북구,0.9850299401197604,0.9880239520958084,24.54112480632647,16.14945205983746,7.160069207596127,20254,3,24.436641588293007,40991951859.34637,0.10448321803346161,1.1101367634345582,0.13740052935576824
20254,11305535,미아동,49340384038,2275631,1156,1269,7847140,강북구,0.5688622754491018,0.6017964071856288,24.62200873153983,15.875659819598615,7.053585727193677,20254,3,24.468776299264135,42330609884.92802,0.1532324322756935,1.1655958695640678,0.2743912201385847
20254,11305545,송중동,75586231242,2398137,1557,1741,11297871,강북구,0.6047904191616766,0.6407185628742514,25.048539977129526,16.240124947364325,7.351158226430694,20254,3,24.965948669351086,69594311479.95386,0.08259130777843993,1.0860978380937367,0.07588183710589824
20254,11305595,번1동,53071411855,2153093,1220,1347,6453446,강북구,0.5479041916167665,0.593812375249501,24.694904237087894,15.680124964625842,7.107425474110705,20254,3,24.537038835484818,45321113179.66934,0.15786540160307538,1.1710085682274762,0.28741037702960637
20254,11305635,수유3동,107559312289,4310472,1956,2173,9345749,강북구,0.5329341317365269,0.5688622754491018,25.401308274592903,16.050432252473225,7.579167967396076,20254,3,25.15988701068002,84488985243.76642,0.24142126391288343,1.2730572154307618,0.5222116035662672
20254,11320511,창1동,30682685938,1891146,713,787,3357329,도봉구,0.6706586826347305,0.6936127744510978,24.146964356516982,15.026656573186248,6.570882962339584,20254,3,24.273994549713503,34838695641.08963,-0.12703019319652142,0.8807070808303188,-0.5131777952976468
20254,11320514,창4동,24734602257,1269573,949,1064,3460963,도봉구,0.6706586826347305,0.6886227544910181,23.931469001367425,15.057057720945355,6.856461984594587,20254,3,23.986470228595465,26133143943.728527,-0.055001227228039795,0.946483986399036,-0.31076842403344
20254,11320515,창5동,61180128406,2428152,1888,2032,3752012,도봉구,0.6796407185628742,0.7035928143712574,24.837088274506456,15.137803053921013,7.543802867501509,20254,3,25.101767974299293,79718536513.33405,-0.26467969979283623,0.7674517255565368,-0.8999881529137759
20254,11320522,도봉2동,13380603185,717617,896,960,3037470,도봉구,0.6107784431137725,0.6287425149700598,23.317071971796288,14.926535819260263,6.799055862058796,20254,3,23.25863210224216,12621052654.164862,0.058439869554128165,1.0601812346123516,0.008013621029488494
20254,11320680,쌍문3동,32540651259,1311262,686,757,5550556,도봉구,0.5778443113772455,0.6067864271457085,24.20575595267347,15.529408841047214,6.532334292222349,20254,3,23.58373248213394,17469677174.578846,0.6220234705395313,1.8626933362198481,1.59174595421597
20254,11320690,방학1동,62232465977,2379116,1580,1778,6491419,도봉구,0.6197604790419161,0.6307385229540917,24.854142661578347,15.68599186289845,7.365812837209472,20254,3,24.833272289892427,60947110855.769485,0.020870371685919764,1.0210896809247003,-0.09756082863765732
20254,11350560,월계1동,24199024382,1422714,905,1044,4573146,노원구,0.9700598802395208,0.9760479041916168,23.909578154544324,15.335712147323633,6.80903930604298,20254,3,23.866874219095155,23187385030.584053,0.042703935449168284,1.0436288675968246,-0.03620609649128853
20254,11350570,월계2동,4778671939,275831,459,510,3670360,노원구,0.8413173652694611,0.8473053892215568,22.287428508025894,15.115800580315838,6.131226489483141,20254,3,22.52198407424659,6041898218.353569,-0.2345555662206955,0.7909222840735306,-0.8153360014600942
20254,11350580,월계3동,9315407735,532179,580,661,2300869,노원구,0.8383233532934131,0.8493013972055888,22.954935612022673,14.648797870246336,6.364750756851911,20254,3,23.284999087449687,12958257768.261496,-0.3300634754270142,0.7188781008675499,-1.08372380341284
20254,11350595,공릉1동,72371761036,3234261,2049,2279,10139716,노원구,1.0,1.0,25.00508201932692,16.13197064646762,7.6255950721324535,20254,3,24.99349189333724,71537805368.60228,0.0115901259896809,1.0116575517392619,-0.1236393467906879
20254,11350600,공릉2동,41768789327,2662905,1287,1494,8198449,노원구,0.8922155688622755,0.9301397205588824,24.455415230788375,15.919455669976877,7.160845906664299,20254,3,24.428461660918284,40658008349.05631,0.026953569870091343,1.0273201030509767,-0.0804663680525571
20254,11350611,하계1동,56170368431,2095078,705,805,3642081,노원구,0.9191616766467066,0.9271457085828344,24.751655202700146,15.108066054117822,6.559615237493242,20254,3,24.38824817948658,39055446536.03248,0.3634070232135649,1.4382211295210088,0.8650050965902001
20254,11350612,하계2동,2445995318,182244,280,309,2564244,노원구,0.8892215568862275,0.8962075848303392,21.61771796047285,14.757174646279875,5.638354669333745,20254,3,21.787555185738015,2898778230.655069,-0.16983722526516587,0.8438021550366244,-0.6334702961020106
20254,11350625,중계2·3동,58263034360,2279371,1019,1138,4456423,노원구,0.874251497005988,0.8862275449101796,24.788233670214453,15.309857208665766,6.927557906278317,20254,3,24.226402521902415,33219487776.15685,0.561831148312038,1.753881178198601,1.4225988627204358
20254,11350640,상계2동,94836299343,3439704,2383,2642,10163366,노원구,0.6916167664670658,0.7105788423153693,25.27541807739075,16.134300342852338,7.776535028185241,20254,3,25.165546786970406,84968529776.53574,0.10987129042034383,1.116134404024833,0.15254160946834527
20254,11350670,상계5동,25163604977,1102904,1167,1242,5306644,노원구,0.5329341317365269,0.5838323353293413,23.948664540629217,15.484470366789493,7.0630481633881725,20254,3,24.030732910861047,27315848745.694973,-0.08206837023183056,0.9212089732692574,-0.38683009344173064
20254,11350695,상계6·7동,97803554033,3273085,1432,1620,6079845,노원구,0.7664670658682635,0.8003992015968064,25.30622675314286,15.620489924674198,7.267525427828172,20254,3,25.15658950192351,84210840918.80165,0.14963725121934957,1.161412865207044,0.2642883632196892
20254,11350700,상계8동,13716090451,688791,373,416,999826,노원구,0.6227544910179641,0.6736526946107785,23.341835466159345,13.815337542998048,5.924255797414532,20254,3,23.298001542408123,13127847080.665873,0.043833923751222414,1.0448088225525163,-0.03303070422125694
20254,11350710,상계9동,19019406557,1053601,428,472,1764587,노원구,0.5149700598802395,0.5588822355289421,23.668725692630524,14.383427793338994,6.061456918928017,20254,3,23.483825065508196,15808681141.76384,0.18490062712232813,1.2030988788023544,0.3633823547716234
20254,11410520,천연동,19004151548,760836,573,629,3212534,서대문구,0.6227544910179641,0.6776447105788422,23.667923294823588,14.982570903067897,6.352629396319567,20254,3,23.342439044000024,13724371678.188782,0.325484250823564,1.384701026291937,0.7584379063932102
20254,11410565,충현동,30723570402,1579862,1070,1184,10746254,서대문구,0.7125748502994012,0.7514970059880239,24.14829596252838,16.190067879749268,6.976348070447749,20254,3,24.258400958105202,34299649008.44641,-0.11010499557682252,0.8957400816094128,-0.46561611559472327
20254,11440555,아현동,36509402289,1403848,1275,1404,7711312,마포구,0.5359281437125748,0.5738522954091816,24.320835661348752,15.858199029354278,7.151485463904735,20254,3,24.40769114862004,39822230500.62434,-0.08685548727128634,0.9168095767118721,-0.40028242247486445
20254,11680521,논현1동,260554044768,6111149,4191,4477,9197399,강남구,0.5299401197604791,0.6017964071856288,26.28607614214583,16.034431393382253,8.340933226000878,20254,3,26.34832010321969,277287331463.96606,-0.06224396107386099,0.9396536199197381,-0.3311213082412759
20254,11680531,논현2동,203485513107,4621323,4465,4797,11457248,강남구,0.6107784431137725,0.6487025948103793,26.03886065063655,16.254133188077667,8.404248432400102,20254,3,26.570167001701936,346160023828.2729,-0.5313063510653855,0.5878365469721237,-1.649238570724477
20254,11680545,압구정동,353798537330,3626820,4395,4621,7378991,강남구,0.5808383233532934,0.6786427145708583,26.591993484494527,15.814147601882171,8.388450315523512,20254,3,26.333222062285127,273132281468.95505,0.2587714222093993,1.29533768556103,0.5709674698335817
20254,11680565,청담동,304226566513,3484599,4440,4638,9144809,강남구,0.6017964071856288,0.6397205588822356,26.441038545351514,16.028697063210736,8.398634855292102,20254,3,26.361049731733647,280839658115.31683,0.07998881361786658,1.083274949679935,0.0685685402998477
20254,11680580,삼성1동,251151596955,7141656,3496,3785,4923443,강남구,0.7395209580838323,0.7644710578842315,26.249322565696808,15.409518843582765,8.159660737063376,20254,3,25.78260105801539,157485788281.74097,0.4667215076814166,1.5947572139378796,1.1553302395719014
20254,11680590,삼성2동,92938918999,3465372,2929,3149,8719348,강남구,0.5059880239520959,0.5259481037924152,25.255208329375712,15.981055137134964,7.982757702011113,20254,3,25.60089330764157,131318736452.15015,-0.345684978265858,0.7077354040248859,-1.127621956403069
20254,11710510,풍납1동,10667586358,442261,422,458,4301974,송파구,0.6197604790419161,0.6387225548902196,23.09047566851745,15.274584777542346,6.0473721790462776,20254,3,22.98737494125024,9622548093.607506,0.10310072726720776,1.1086030700212077,0.13351557719779253
20254,11710680,잠실3동,99129036900,4587155,1520,1670,3450782,송파구,0.5059880239520959,0.5289421157684631,25.31968824142904,15.054111719778547,7.327123292259293,20254,3,25.08916138128104,78719865513.12944,0.23052686014800017,1.259263290833069,0.49159712247940346
20254,11710690,잠실4동,13455125434,557114,322,368,2039053,송파구,0.7065868263473054,0.7345309381237525,23.322625943638496,14.527996532776287,5.777652323222656,20254,3,22.471945093932337,5747007340.569158,0.8506808497061584,2.341240342433157,2.2342985124783024
20254,11710710,잠실6동,251589130813,7703378,1680,1886,2279811,송파구,0.6317365269461078,0.6407185628742514,26.251063160577218,14.639603541390578,7.427144133408616,20254,3,25.98510857701198,192836511656.79947,0.26595458356523594,1.3046758036194175,0.5911529487471684
20254,11740610,천호2동,145293691119,3993408,2891,3168,10996301,강동구,0.7245508982035929,0.7445109780439122,25.702022986896573,16.213069592422688,7.969703583278656,20254,3,25.726841372601243,148944765465.99115,-0.024818385704669765,0.975487058336234,-0.22595129673515532
20254,11740620,천호3동,41213714765,1728279,1381,1522,7473454,강동구,0.5808383233532934,0.6057884231536926,24.44203692057865,15.826867966914707,7.231287004327616,20254,3,24.572918556874974,46976746309.6579,-0.13088163629632277,0.8773216112782787,-0.5240007769385575
20254,11740650,성내2동,58301128830,2295924,1416,1544,8151201,강동구,0.6736526946107785,0.6906187624750499,24.788887292568237,15.913675959004829,7.256297239690681,20254,3,24.692677449355923,52953364568.064835,0.09620984321231418,1.100990075051063,0.11415142986828784
20254,11740685,길동,110895860307,4873555,2729,2993,18073434,강동구,0.5598802395209581,0.5798403193612774,25.431857402454533,16.709953738581405,7.912056888179006,20254,3,25.748350094404564,152183078130.82394,-0.3164926919500317,0.7287003369170162,-1.0455883989376367
20254,11740690,둔촌1동,26521528966,1329223,176,228,29398,강동구,0.5419161676646707,0.5568862275449101,24.00122265395814,10.288715939142856,5.176149732573829,20254,3,22.12079844463693,4045206530.5657682,1.8804242093212125,6.556285511160455,5.127991392567399
