area_code,polygon_km2,footprint_km2,food_bar_inside_count,food_meal_inside_count,other_inside_count,shopping_daily_inside_count,shopping_destination_inside_count,all_inside_count,food_bar_buffer400_count,food_meal_buffer400_count,other_buffer400_count,shopping_daily_buffer400_count,shopping_destination_buffer400_count,all_buffer400_count,wholesale_flag,wholesale_reason,food_meal_sales_coverage,food_meal_sales_per_store,shopping_destination_sales_coverage,shopping_destination_sales_per_store,food_meal_inside_density,food_meal_walk_density,food_meal_lq,food_meal_sales_signal_missing,food_meal_supply_v1,food_meal_score_v1,shopping_destination_inside_density,shopping_destination_walk_density,shopping_destination_lq,shopping_destination_sales_signal_missing,shopping_destination_supply_v1,shopping_destination_score_v1,feature_snapshot_date,historical_2025_use_allowed
3110008,0.14926436523749542,1.4802098374424713,11,60,193,13,35,312,81,484,1108,90,190,1953,False,,1.0,38947810.53731343,0.4,,301.10752581621074,326.9806670358727,1.337586176547434,False,65.58524173027989,54.802024905423686,175.64605672612294,128.36017920829715,1.019194882267596,True,62.03562340966921,58.424936386768444,2026-06-30,False
3001494,0.6531269528731195,4.051060084055413,163,710,1582,185,778,3418,696,3305,9151,818,3867,17837,False,,1.0,108438215.02354789,0.9324861000794281,47950470.83560477,1009.7749732090283,815.8358383792345,1.0039356859070743,False,77.08651399491093,79.28037258894935,1106.485815713555,954.5649582488653,2.2697364347362528,False,94.80916030534351,89.39757368682828,2026-06-30,False
3130021,0.009799528402654115,0.6965299797842012,0,1,7,0,5,13,42,305,968,107,340,1762,False,,0.0,,0.0,,16.722539904773168,437.8849566453623,0.9389321956267254,True,28.702290076335878,35.09160305343511,83.61269952386584,488.13405003089565,2.0049975726106046,True,71.1704834605598,64.81933842239185,2026-06-30,False
3130002,0.049556830284805786,0.9430461707870752,30,97,125,11,14,277,94,586,1129,89,176,2074,False,,0.9574468085106383,142605512.41111112,0.3333333333333333,,974.3178817817786,621.3905725431438,1.5233341111605867,False,94.72010178117048,93.9171757710003,140.62319943242164,186.62925045664386,0.8908524301342035,True,60.725190839694655,57.50763358778626,2026-06-30,False
3130001,0.03828019466114574,0.8615790018302651,3,49,73,21,17,163,67,374,875,72,170,1558,False,,0.8703703703703703,29516482.276595745,0.6086956521739131,88905.56538461539,555.0508830217395,434.0867166046366,1.294978463407103,False,78.85496183206106,60.8146979314287,192.56867370141984,197.31214391119846,1.140729108979283,False,73.15521628498726,51.29363723518513,2026-06-30,False
3130020,0.031213415440165242,0.9782512760901431,4,21,78,10,54,167,64,433,1350,177,582,2606,False,,0.8947368421052632,93094897.23529412,0.8513513513513513,23559274.746031746,258.5779687528589,442.6265629119407,0.9014046271621418,False,48.282442748091604,56.91783472865632,664.9147767930658,594.9391677015,2.325091703526728,False,93.15521628498729,80.59108766011433,2026-06-30,False
3130019,0.008494390660935528,0.6786568652791809,0,0,14,1,7,22,56,354,1179,138,736,2463,False,,0.0,,0.0,,0.0,521.6185352436892,0.7814122678915185,True,27.430025445292618,34.20101781170483,119.66959431333694,1084.495033726992,3.105796652376062,True,81.87022900763358,72.30916030534351,2026-06-30,False
3130018,0.0385857517698156,0.891506522770976,6,31,85,10,12,144,64,445,1271,168,868,2816,False,,0.7391304347826086,47631891.47058824,0.5333333333333333,124181515.9375,349.94340941590144,499.1550691259704,0.8577377395718763,False,54.796437659033074,50.057974380043895,135.46196493518767,973.6328089917804,3.206611450852177,False,83.70229007633588,86.55194299677788,2026-06-30,False
3130017,0.00689624963207364,0.6531854825423983,0,0,8,0,10,18,50,349,1028,127,789,2343,False,,0.0,,0.0,,0.0,534.3045877896504,0.8095109691716497,True,28.30788804071247,34.81552162849873,175.75850894683197,1207.9264176677198,3.4969039041462313,True,88.15521628498728,76.70865139949109,2026-06-30,False
3130016,0.004841019873859624,0.6337160061404363,0,1,19,1,6,27,50,395,1027,139,1508,3119,False,,0.0,,0.9367088607594937,23219392.837837838,18.234525949738167,623.307595472766,0.6891740446901397,True,29.69465648854962,35.786259541984734,109.40715569842901,2379.614820184636,5.027867969643258,False,82.2264631043257,72.77098876226312,2026-06-30,False
3130015,0.024588353844847175,0.8675706196700682,5,57,56,18,9,145,74,380,1123,159,631,2367,False,,0.875,64528832.6122449,0.6,14354439.333333334,764.1943689837547,438.00468962919894,0.8714790591162106,False,62.137404580152676,60.110847792690336,120.66226878690864,727.3183135684856,2.7711416417882484,False,81.0178117048346,68.10057017638705,2026-06-30,False
3130014,0.008176984186905873,0.704642249125634,2,8,16,2,7,35,72,481,1124,164,1540,3381,False,,0.75,36093839.5,0.9915966386554622,41437692.779661015,137.51142503878006,682.6158956503901,0.7728462725558555,False,41.43765903307888,36.63506647136114,120.32249690893255,2185.5061939742222,4.739986291049747,False,84.12213740458014,80.04696927102479,2026-06-30,False
3130013,0.004486010909160999,0.6295053312076806,0,0,27,1,10,38,59,446,985,150,1498,3138,True,신발 x8,0.0,,0.9696969696969697,,0.0,708.4928083839528,0.7722663691993076,True,30.75063613231552,36.52544529262086,183.53334797572145,2379.6462487873573,4.964634918929245,True,90.6234096692112,78.43638676844783,2026-06-30,False
3130012,0.03935500142282443,0.8677214314532476,0,17,56,11,163,247,113,560,1164,186,1545,3568,False,,0.3333333333333333,,0.0,,190.25236113596657,645.3684093777883,0.8516454833334833,True,47.82442748091603,48.477099236641216,1824.1844038330912,1780.5253437297908,4.508196121564778,True,98.70229007633588,84.09160305343511,2026-06-30,False
3130011,0.017933921152039442,0.7468657790021815,0,2,11,4,8,25,101,350,876,115,304,1746,False,,0.0,,0.0,,29.440373322833846,468.62503255618793,1.0846778044178889,True,39.338422391857506,42.536895674300254,117.76149329133538,407.0343139916604,1.8106427491321107,True,76.62849872773538,68.63994910941476,2026-06-30,False
3130010,0.0451174563802042,0.903569303647372,23,84,69,14,54,244,123,614,1298,236,1710,3981,True,일반의류 x9,0.9195402298850575,67346007.0625,0.9259259259259259,,883.1186534702376,679.5272897402681,0.8369000230200868,False,69.21119592875318,66.138944794433,567.7191343737242,1892.4945691463492,4.475086278691046,True,97.01017811704834,82.90712468193384,2026-06-30,False
3130009,0.004468926551704809,0.6178155382545364,0,0,3,0,12,15,105,466,953,175,949,2648,False,,0.0,,0.3125,,0.0,754.2704434345429,0.9540346802316394,True,36.094147582697204,40.26590330788804,220.30909657470409,1536.0571905995307,3.7247341211199916,True,90.69974554707379,78.48982188295165,2026-06-30,False
3130007,0.06637261536922387,1.009636689794838,5,85,78,57,242,467,117,526,1355,242,988,3228,False,,0.8850574712643678,92132522.03896104,0.8058608058608059,16279879.595454546,730.4123889483304,520.9794823392217,0.8839778765411609,False,65.34351145038167,68.67337533195983,2079.5270367705407,978.5698261428727,3.1870871540793564,False,96.97201017811705,80.79825415017767,2026-06-30,False
3130005,0.017109789225641943,0.7770829087618999,0,0,49,4,29,82,124,394,1489,164,1014,3185,False,,0.0,,0.8235294117647058,46079163.571428575,0.0,507.02440570691095,0.6733408447674661,True,25.025445292620866,32.5178117048346,432.1277169042188,1304.8800695096643,3.314460734809128,False,94.80916030534351,88.88765867266397,2026-06-30,False
3130004,0.0086888296187123,0.6946714815264169,2,8,15,2,113,140,330,1010,1999,148,958,4445,False,,0.5,173697955.40451267,0.0913978494623656,,136.31214069140827,1453.9246634692774,1.2295940357239472,False,63.54961832061069,73.876308487454,1925.4089872661418,1379.0691362411562,2.2500897225193817,True,96.04325699745547,82.23027989821882,2026-06-30,False
3120017,0.07119801197330466,1.091946985860887,22,47,228,21,89,407,71,447,1349,177,604,2648,False,,0.9459459459459459,116265223.85714285,0.9032258064516129,16155923.112244898,387.7951398274777,409.36053287201196,0.9155930203230964,False,53.396946564885496,63.77411844565385,734.3354775456493,553.14040683377,2.374714682457711,False,93.11704834605598,78.0147950320409,2026-06-30,False
3120012,0.25688784454997043,1.783758650918471,62,397,699,52,94,1304,90,608,1436,110,178,2422,False,,1.0,98797863.55621302,0.8189655172413793,38704651.631578945,1293.632208151394,340.8532873474425,1.3557489753354366,False,81.83206106870229,81.05779376213216,306.30082510385654,99.78928478263941,0.772965773103637,False,51.03053435114504,56.20296044806781,2026-06-30,False
3120011,0.11598840761697587,1.244874879527542,5,39,180,19,354,597,125,584,1849,259,1168,3985,False,,0.8709677419354839,68860577.74074075,0.9080962800875274,27134318.34939759,234.95616687879723,469.12345136375563,0.7955811876159856,False,45.25445292620866,49.88404528547554,2132.6790532075443,938.2469027275113,3.0559901833844125,False,96.65394402035625,84.73991378875363,2026-06-30,False
3120016,0.05878769158282426,1.0521956423054086,12,64,114,10,30,230,90,576,1513,206,1651,4036,False,,0.9655172413793104,76282783.76785715,0.9375,10946076.358333332,588.3018480199512,547.4267111940871,0.7749415794056598,False,61.06870229007633,62.592085362803815,275.7664912593521,1569.0998267038854,4.2624922443976985,False,92.64631043256996,73.69094421498028,2026-06-30,False
3120015,0.053939794002835134,0.9632070407677233,24,39,106,16,18,203,120,580,1275,187,1313,3475,False,,0.8181818181818182,66913087.11111111,0.7435897435897436,35859425.93103448,375.21721467849176,602.1550668252087,0.9051599044424528,False,59.605597964376585,59.181016858994965,173.17717600545774,1363.1544874853432,3.9341787099145766,False,88.46055979643766,81.55411990283214,2026-06-30,False
3120014,0.1360259562822107,1.379368356840805,43,139,326,41,79,628,120,647,1640,239,1416,4062,False,,0.984,83396697.32520325,0.8035714285714286,142000891.33333334,747.2075552141231,469.05527214053035,0.8640293912010001,False,63.218829516539444,65.92244743224843,424.6719198698973,1026.5568243446537,3.6335929507844402,False,94.7582697201018,94.46110041880212,2026-06-30,False
3120013,0.1342833354517019,1.3160151408078564,5,42,151,7,15,220,118,541,1283,191,795,2928,False,,0.95,114540226.60526316,0.6538461538461539,908924.7058823529,227.90991869694923,411.08949526819174,1.001106722041513,False,47.82442748091603,59.59254385442593,81.39639953462472,604.0963932314463,2.8265816945511393,False,73.05343511450381,51.90227710139913,2026-06-30,False
3120009,0.40151967685323087,2.1409248540884454,222,567,1164,101,454,2508,509,1788,4649,310,1706,8962,False,,1.0,90067211.51717903,0.9628040057224606,92759562.63893016,1255.7592261572838,835.1530865670144,1.0807197991215536,False,82.91348600508906,80.6915462878057,1005.4932780871372,796.8518823732251,1.991509557221339,False,93.46055979643765,92.78783095099078,2026-06-30,False
3120010,0.09912026629079931,1.1515087182865673,1,41,97,12,15,166,51,376,914,128,646,2115,False,,0.725,42337300.37931035,0.6774193548387096,76428571.42857143,274.945860947203,326.52814002093186,0.9637586487152316,False,44.64376590330789,41.45344424464001,100.5899491270255,561.0031341848988,3.169984025745728,False,76.85750636132317,80.14586351808202,2026-06-30,False
3120008,0.18231858518615443,1.4419696322827262,19,211,501,37,357,1125,390,1637,3713,247,1093,7080,False,,0.9782608695652174,90620356.20444444,0.3485576923076923,,908.2355586442984,1135.2527566121685,1.2517125967119875,False,91.69211195928753,86.9301881998944,1536.6829120190262,757.990997542517,1.6151694074539573,True,92.86259541984734,80.00381679389314,2026-06-30,False
3120007,0.19767462515347953,1.7181646077541013,21,170,314,23,99,627,83,607,1487,101,683,2961,False,,1.0,137959349.05487806,0.47572815533980584,,686.3844041134777,353.283962002593,1.1096216104047625,False,67.56997455470739,74.7248792241766,399.71797651314284,397.51720930440035,2.402992024141771,True,90.39440203562341,78.2760814249364,2026-06-30,False
3120006,0.2703260950695938,1.6851912980065453,113,525,1269,68,133,2108,407,2003,5179,313,1001,8903,False,,1.0,147141549.1033708,0.7942857142857143,15790775.45323741,1638.9548278479745,1188.5890951189924,1.2182644527144233,False,91.53944020356235,91.92472202704903,415.20188972148685,593.9978453390471,1.1776290837569625,False,86.61577608142494,73.208946939717,2026-06-30,False
3120005,0.2516427438712981,2.2329177227462824,4,102,204,16,121,447,31,401,871,71,332,1706,False,,0.9444444444444444,98874656.42156863,0.4342105263157895,,338.14836283123174,179.5856586721015,1.2688471034218474,False,55.05089058524173,62.357776295784646,401.136783358618,148.68438573351045,2.0213832946585177,True,79.49109414758269,70.64376590330788,2026-06-30,False
3120004,0.1240673552147224,1.2015248704854238,10,105,391,22,24,552,125,962,2411,144,586,4228,False,,0.9659090909090909,157556099.84705883,0.5227272727272727,162865598.24215597,603.2147720661136,800.6492613102098,1.2311783164340175,False,85.41984732824427,88.10902573507519,137.87766218654025,487.71358329291365,1.449238810660395,False,78.34605597964376,84.07736666450418,2026-06-30,False
3120003,0.3945216386605419,2.1597198157821142,54,437,978,60,56,1585,170,1505,3879,227,279,6060,False,,1.0,108251320.91727494,0.6264367816091954,25202022.3853211,983.079251927518,696.8496510529927,1.343919122623733,False,93.33333333333333,90.60634425377015,125.9781192401396,129.18342368357804,0.4850114104042203,False,39.08396946564886,43.42110157212984,2026-06-30,False
3120002,0.17663678049778775,1.6323740431894622,25,156,363,23,89,656,100,612,1357,99,208,2376,False,,0.9820359281437125,78593237.9695122,0.47058823529411764,,688.3260504202351,374.9140722699962,1.3906772613174878,False,80.96692111959287,77.12926288043887,392.69883645769823,127.42177619633858,0.9184083605014257,True,64.38931297709924,60.07251908396946,2026-06-30,False
3120001,0.1482919353622951,1.4148555387378352,33,147,189,28,16,413,56,530,1170,133,92,1981,False,,1.0,98966252.8275862,0.6785714285714286,15611563.105263159,741.3312081069728,374.5965474841358,1.4429005096859706,False,82.17557251908396,81.39185552154909,80.68911108647323,65.02430635573678,0.49432813614952276,False,21.31043256997456,27.240248974619583,2026-06-30,False
3110036,0.018430769710986578,0.7963909714948001,1,5,28,3,15,52,56,371,1182,132,421,2162,False,,0.6666666666666666,29623915.5,0.7647058823529411,3576854.846153846,73.06654624984071,465.8515895824949,0.9307349669183125,False,34.19847328244275,29.601957818770764,219.19963874952214,528.6348226798661,2.026358319959966,False,85.6615776081425,63.277551917767724,2026-06-30,False
3110034,0.029603568842623884,0.8436123068493161,0,11,39,4,26,80,63,413,1297,170,665,2608,False,,0.6666666666666666,14326417.75,0.725,6730794.24137931,138.18475930076679,489.56137392358954,0.8596427525255806,False,38.93129770992366,28.702766431267936,326.61852198363056,788.2767885210341,2.6530409705755313,False,91.69211195928753,70.30345854147293,2026-06-30,False
3110033,0.07786913372453341,1.098320513138765,1,20,56,5,7,89,53,277,879,111,200,1520,False,,0.7142857142857143,63902886.6,0.0,,156.4099123646658,252.20324730928795,0.987648691684773,False,29.758269720101787,37.351849646504945,54.74346932763303,182.0962074435292,1.3715201708228473,True,54.56743002544529,53.1972010178117,2026-06-30,False
3110032,0.009322805511170977,0.6833781010840694,1,8,17,3,5,34,58,388,1161,149,731,2487,False,,1.0,17735757.0,0.0,,134.85538876770642,567.767681440919,0.8471518915837609,False,40.75063613231552,30.725133280140362,84.28461797981652,1069.6860183848241,3.0553653745546834,True,75.31806615776081,67.72264631043257,2026-06-30,False
3110031,0.03287752954007633,0.906462424030544,0,9,30,3,7,49,7,77,325,39,34,482,False,,0.0,,0.0,,108.59397052427765,84.94560608218374,0.8734478744964015,True,13.384223918575064,24.368956743002542,84.46197707443817,37.50844943888633,0.7544835254137117,True,26.208651399491096,33.346055979643765,2026-06-30,False
3110030,0.009160977572614316,0.773059518325308,1,15,11,7,6,40,64,366,1069,143,486,2128,False,,1.0,104609710.375,0.42857142857142855,,253.54550609967467,473.4434947426455,0.9328451313603846,False,50.483460559796434,60.00300897532084,101.41820243986986,628.670870068103,2.3739252657109615,True,76.53944020356235,68.57760814249365,2026-06-30,False
3110029,0.15322997470306668,1.6814293149617812,2,22,89,13,17,143,104,551,1652,211,777,3295,False,,0.7916666666666666,26602470.315789472,0.5714285714285714,333029.1666666667,108.2517479625904,327.6973911998937,0.9069041178397766,False,27.862595419847327,24.184004001381428,83.64907797109258,462.1068474815197,2.4578651394443556,False,72.36641221374046,50.91144605670047,2026-06-30,False
3110028,0.15912380127517525,1.4341341842225388,6,31,124,11,25,197,117,572,1378,166,384,2617,False,,0.7666666666666667,20335256.56521739,0.6470588235294118,41549245.09090909,148.2375502500009,398.84691843538195,1.182183399567823,False,50.64885496183206,38.21550892570053,119.54641149193623,267.7573718167599,1.531561778756628,False,72.58269720101781,72.0543469642252,2026-06-30,False
3110027,0.11767326367583224,1.332649065190937,4,14,98,7,8,131,80,526,1196,98,152,2052,False,,0.7692307692307693,16947912.0,0.0,,83.49572074332984,394.7025617915671,1.3832852650197418,False,52.54452926208651,38.88725472683029,47.711840424759906,114.05853496638441,0.7794672244136956,True,28.715012722646307,35.100508905852415,2026-06-30,False
3110026,0.016485206266736895,0.7184514048266716,0,1,16,1,4,22,103,374,912,117,435,1941,False,,0.0,,0.0,,15.040940024883525,520.5640875463645,1.043341349513181,True,37.53180661577608,41.27226463104326,60.1637600995341,605.4689253547288,2.327999683351864,True,67.60814249363868,62.32569974554708,2026-06-30,False
3110025,0.03918373224232771,0.8747855256907521,2,4,29,2,3,40,100,368,947,111,334,1860,False,,1.0,68752255.33333333,0.0,,44.851229023823585,420.67454157911243,1.0708551825816943,False,36.88295165394402,43.930390650740534,33.63842176786769,381.8078719766944,1.8677671757539367,True,58.62595419847329,56.0381679389313,2026-06-30,False
3110024,0.05284980148655468,0.9622934615679901,2,12,77,8,8,107,78,505,1139,96,154,1972,False,,0.8666666666666667,130320450.46153846,0.4166666666666667,,116.67499427861057,524.7879364961472,1.3817266008653009,False,60.86513994910942,69.61027815158408,77.78332951907372,160.03434103050824,0.8210835783601741,True,44.402035623409674,46.08142493638677,2026-06-30,False
3110023,0.015968922002453156,0.7248241293453183,1,20,18,5,0,44,58,345,726,62,84,1275,False,,0.6666666666666666,55789485.75,0.0,,303.1730607824131,475.977531696708,1.4553996372696856,False,76.6793893129771,68.79257719927116,0.0,115.89018163050282,0.697516958778294,True,17.239185750636132,27.06743002544529,2026-06-30,False
3110022,0.06018173051700756,1.2100378162111511,0,15,74,5,8,102,54,449,1107,95,156,1861,False,,0.4666666666666667,,0.0,,136.13872217848868,371.06278331523623,1.3023768429555498,True,54.07124681933843,52.849872773536894,72.60731849519397,128.9215906395921,0.8803637686540574,True,41.221374045801525,43.854961832061065,2026-06-30,False
3110021,0.07765544937667886,1.3207193969322595,15,48,106,7,9,185,74,476,915,92,108,1665,False,,0.725,40091578.20689655,0.0,,376.01215016183266,360.4096381908551,1.5392845909609394,False,73.81679389312978,60.8917245239428,70.50227815534363,81.77361538784108,0.6854055356806628,True,24.860050890585242,32.40203562340967,2026-06-30,False
3110017,0.0838551574831826,1.2451067635994362,0,3,54,3,15,75,14,230,650,42,274,1210,False,,0.0,,0.0,,22.41228546144676,184.72311509665317,1.029191680987602,True,16.81933842239186,26.7735368956743,112.0614273072338,220.06145015862162,2.3397766796309005,True,71.97201017811705,65.38040712468194,2026-06-30,False
3110018,0.1668721751638925,1.5582079801521187,0,17,156,7,42,222,32,311,851,52,302,1548,False,,0.7692307692307693,102426093.7,0.48936170212765956,,78.38718815427994,199.5882475005929,1.0868669197554937,False,25.43256997455471,42.233376205277224,193.66246485175046,193.812381817296,2.024551939043647,True,77.97709923664124,69.58396946564886,2026-06-30,False
3110019,0.04099884967300892,1.0013264223060938,18,34,103,5,41,201,233,593,1189,94,633,2742,False,,0.35294117647058826,,0.6388888888888888,41607604.86956522,373.6310966806068,592.2144735123417,1.1699216181438665,True,73.2442748091603,66.2709923664122,450.5551459972023,632.1614869027188,2.403818570712188,False,92.67175572519085,86.2016737668404,2026-06-30,False
3110020,0.13369150567029053,1.4880361025974658,0,50,73,16,6,145,19,229,678,66,93,1085,False,,0.6851851851851852,30584276.135135137,0.0,,272.19549329485835,153.89411560664777,1.139712496522673,False,43.218829516539444,36.15021654301287,32.663459195383005,62.49848363064736,0.900962478135038,True,23.651399491094146,31.5559796437659,2026-06-30,False
3110002,0.03153104300396345,0.8999385690837781,1,11,45,9,3,69,3,43,189,29,15,279,False,,0.8571428571428571,158824418.0,0.0,,134.9179354845891,47.78103914779209,0.8510834449171091,False,14.961832061068703,38.83521692012719,36.795800586706115,16.667804353880964,0.605790355528013,True,10.025445292620866,22.017811704834607,2026-06-30,False
3110004,0.018780704446169336,0.7741721153672988,1,9,40,1,3,54,10,124,378,81,45,638,False,,0.6,173697955.40451267,0.0,,130.85065168304254,160.17110089423636,1.0506932626181573,False,25.661577608142494,47.35467998872626,43.61688389434752,58.126609195488996,0.7508497897821379,True,18.396946564885496,27.87786259541985,2026-06-30,False
3110035,0.09577854011019328,1.233863519854785,5,21,80,11,12,129,83,497,1478,155,389,2602,False,,0.7777777777777778,23559021.5,0.34615384615384615,,144.05412473006112,402.79981699960837,1.034525322385092,False,42.06106870229008,32.999690369294164,82.31664270289207,315.2698768870174,1.560197733658123,True,66.98473282442748,61.88931297709924,2026-06-30,False
3110012,0.12434766686765937,1.4607975645143385,1,35,97,2,10,145,117,789,1645,113,151,2815,False,,0.8285714285714286,123542053.72413793,0.0,,200.74831300476856,540.1159059724429,1.5131809780866972,False,72.02290076335878,77.2335032332591,57.3566608585053,103.36818986291365,0.5667386572602592,True,21.997455470737915,30.398218829516537,2026-06-30,False
3110013,0.01706435884978394,0.7427114507776873,1,3,35,3,7,49,80,461,949,84,174,1748,False,,0.0,,0.0,,44.73314964092384,620.6986569512164,1.4217174463729467,True,58.587786259541986,56.01145038167939,104.37734916215562,234.2767165065329,1.0424043590295893,True,63.15521628498727,59.20865139949109,2026-06-30,False
3110015,0.06939895954124108,1.0820448987432694,0,3,35,1,4,43,54,315,779,65,157,1370,False,,0.42857142857142855,,0.0,,25.12584708884153,291.1154614432855,1.240535001843967,True,36.19592875318066,40.337150127226465,33.50112945178871,145.0956426876058,1.1966051198919283,True,45.165394402035616,46.615776081424926,2026-06-30,False
3110007,0.0802518389451018,1.1910069963653158,2,10,41,2,1,56,53,329,665,92,78,1217,False,,0.4444444444444444,,0.0,,76.77434791699774,276.23683236457356,1.453572184288212,True,44.65648854961832,46.25954198473282,7.677434791699774,65.4907991624217,0.6795380459201374,True,9.872773536895675,21.910941475826974,2026-06-30,False
3110037,0.05523150448918982,0.9598364278891338,1,25,54,4,9,93,53,320,913,99,139,1524,False,,0.72,12825909.111111112,0.5555555555555556,5582481.1,237.57143947864193,333.3901388841242,1.13503234014851,False,52.226463104325695,37.822174719049826,85.5257182123111,144.81634157779146,0.9566409935771638,False,50.954198473282446,40.937060744328875,2026-06-30,False
3110038,0.03689327950661435,0.9008818196079205,0,23,45,9,2,79,46,392,693,77,35,1243,False,,0.6470588235294118,173697955.40451267,0.0,,264.69250706838875,435.1292161391438,1.6920300976619884,False,72.98982188295166,80.48445098109268,23.016739745077285,38.850822869566414,0.31168487536189904,True,4.987277353689568,18.491094147582697,2026-06-30,False
3001493,0.6060583256011925,2.4788867121427076,28,299,801,111,1384,2623,292,1650,3986,581,2525,9034,False,,1.0,71740818.45488721,0.9921677834827256,9906116.050697308,455.75216155668045,665.621382339723,0.989641860441994,False,66.6412213740458,65.46320753593503,2109.5685337606883,1018.60241842897,2.9225711984542806,False,96.7557251908397,75.97263369591073,2026-06-30,False
3001492,0.9836178774112327,3.2392511639381856,74,1071,2820,372,2381,6718,446,3044,8465,695,2917,15567,False,,1.0,151897013.74906716,0.9375841939829367,41974763.37021073,1036.1662887278937,939.7233638095526,1.0593803578136718,False,81.2849872773537,84.9338124670025,2303.559228255009,900.5167714298505,1.9617916023433617,False,94.54198473282443,87.76579157926605,2026-06-30,False
3130048,0.008632595511199843,0.6914293661694175,0,13,17,2,30,62,47,366,1117,127,1184,2841,False,,0.625,79282138.0,0.9889042995839112,17900577.90743338,221.71967463928448,529.3382345440052,0.7011772182081888,False,44.59287531806615,51.94824205181947,511.66078762911803,1712.3947259565634,4.332103478742755,False,96.47582697201017,81.13081259145528,2026-06-30,False
3130047,0.010175002064311685,0.697429327220273,0,3,13,4,25,45,43,339,1060,119,1271,2832,False,,0.0,,0.9807923169267707,3774816.697674419,49.854589066632144,486.07075551460395,0.6522666044115523,True,27.544529262086517,34.281170483460556,415.4549088886012,1822.4068739205356,4.664279022588314,False,96.0941475826972,71.09026591412034,2026-06-30,False
3130024,0.07806833720407992,1.121825531330275,3,119,237,130,829,1318,57,862,2001,328,1934,5182,False,,0.9917355371900827,70578768.6,0.9271986022131625,39205048.08040201,929.1914191902928,768.3904278571994,0.901867266153382,False,72.13740458015268,69.02972454776054,6473.106609317249,1723.9757395311178,3.8942690100495496,False,98.96946564885496,89.93018402785287,2026-06-30,False
3130022,0.007684610402818835,0.6533797090583313,0,1,14,15,124,154,51,591,1062,234,1421,3359,False,,0.0,,0.911504424778761,11525045.572815534,17.335646249786123,904.527630421467,0.953728599554767,True,37.8880407124682,41.521628498727736,2149.6201349734793,2174.8456223839335,4.402791018362147,False,99.03307888040712,78.84156881401869,2026-06-30,False
3130035,0.09972704427716338,1.1135328448090456,8,42,200,17,34,301,140,666,2149,325,1057,4337,False,,0.9565217391304348,93567798.12121212,0.6708860759493671,38543776.981132075,280.51044621072447,598.0964127862876,0.8331932754819259,False,53.30788804071246,60.57605204971557,227.07988502772935,949.2310935662251,2.5433021202972435,False,89.0203562340967,82.71084993043992,2026-06-30,False
3130046,0.004221553194853214,0.616804093743148,0,0,19,1,9,29,22,269,785,99,1039,2214,True,일반의류 x29,0.0,,0.6548672566371682,,0.0,436.1190250336082,0.6628830061036668,True,21.857506361323153,30.300254452926204,165.98565459121323,1684.4894684383603,4.865406994433277,True,88.7913486005089,77.15394402035622,2026-06-30,False
3130042,0.028172561692626004,0.8349399989706595,4,39,74,24,10,151,36,227,695,73,101,1132,False,,0.8823529411764706,92544220.06666666,0.55,36801691.54545455,498.89627710228734,271.8758237476379,1.0842882375379415,False,55.267175572519086,61.66674208953091,127.92212233391983,120.96677620489616,0.9366673095624646,False,53.4351145038168,57.63120904785589,2026-06-30,False
3130038,0.1336103840500062,1.4214967353937076,0,55,118,14,746,933,176,953,2262,416,2245,6052,False,,0.0,,0.0,,299.5473283527406,670.4201116128843,0.8539284798026028,True,56.539440203562336,54.57760814249363,4062.951035475354,1579.3212492874345,3.8730658619046396,True,98.68956743002545,84.08269720101781,2026-06-30,False
3130036,0.09224272661770917,1.0882951984618252,9,37,146,92,22,306,146,613,2443,292,580,4074,True,청과상 x17,0.8205128205128205,53656971.53125,0.5283018867924528,,260.1187482818788,563.2662910452991,0.8166149467669888,False,50.81424936386768,49.938149281696454,154.66520168111714,532.9436358993042,1.4882999921658624,True,80.53435114503816,71.3740458015267,2026-06-30,False
3130034,0.0022117493190529024,0.5954250767408554,0,3,9,0,0,12,84,334,1558,75,70,2121,False,,0.0,,0.0,,57.45833148910128,560.9437913300476,0.8552746479854167,True,34.13486005089058,38.8944020356234,0.0,117.56307003923153,0.3549742876203602,True,12.201017811704833,23.540712468193384,2026-06-30,False
3130033,0.011005037142233312,0.7362824575563842,2,14,31,4,19,70,135,422,1847,189,510,3103,False,,0.0,,0.7272727272727273,27737942.0625,229.48924639385078,573.1496053845387,0.7393877556269063,True,47.15012722646311,48.00508905852418,311.44969153451177,692.6689543746795,1.7154272183776909,False,88.95674300254453,79.69181641906162,2026-06-30,False
3130032,0.019722474645917646,0.7662366683590268,27,58,124,11,6,226,234,762,3060,165,246,4467,False,,0.864406779661017,71954607.74509804,0.0,,831.8694982435766,994.4708096936942,0.9247736515469883,False,73.09160305343512,70.0720784556573,86.05546533554241,321.049631475917,0.5799206594782652,True,45.356234096692106,46.74936386768447,2026-06-30,False
3130031,0.029341462997293274,0.8385521002767978,21,7,28,2,2,60,272,864,2802,166,543,4647,False,,0.4444444444444444,,0.0,,88.22625315390017,1030.3474282812028,1.00734844832053,True,46.335877862595424,47.4351145038168,25.207500901114337,647.5447379128393,1.2230596020665487,True,55.38167938931298,53.76717557251908,2026-06-30,False
3130025,0.017828729581708155,0.7412777928898238,0,3,19,5,260,287,49,579,1326,265,1788,4007,False,,0.0,,0.8892857142857142,23454230.371485945,44.229045988339294,781.0836983835786,0.7845348561478699,True,34.40203562340967,39.08142493638677,3833.1839856560723,2412.0512136612065,4.648737925957939,False,99.66921119592875,85.0658982620793,2026-06-30,False
3130052,0.07000223133689847,1.0353931804623264,24,112,73,66,91,366,115,780,1545,234,618,3292,False,,0.9224137931034483,59083649.88785047,0.897196261682243,50515604.302083336,933.3159788134878,753.3370073499156,1.2812268589524496,False,91.95928753180662,80.05012841735044,758.3192327859589,596.8747058233946,1.9585177176869442,False,92.264631043257,88.04133238183796,2026-06-30,False
3130051,0.06020603169890604,0.9938347258174198,1,57,100,8,17,183,100,598,1131,162,252,2243,False,,0.7272727272727273,36603811.53125,0.8636363636363636,7393550.684210527,517.2130701133467,601.7097053115654,1.438677509680611,False,86.87022900763358,68.71867668599873,154.25652968292798,253.56328718815126,1.175001712985931,False,73.79134860050891,58.28283920449221,2026-06-30,False
3130050,0.014439622436704198,0.7402582189950299,0,0,32,9,69,110,71,397,1243,164,764,2639,False,,0.0,,0.9991809991809992,326580.72172131145,0.0,536.2993477316129,0.8171770581989293,True,28.575063613231556,35.00254452926209,1070.7697747263376,1032.072296390308,3.010929535946827,False,96.00508905852416,67.37353401235501,2026-06-30,False
3130049,0.01019624034027507,0.6769447957237891,0,17,22,3,5,47,62,437,914,108,174,1695,False,,0.7222222222222222,172264688.23076922,0.625,26929739.6,282.40966385779296,645.5474696910253,1.3900148408155308,False,78.91857506361323,83.97935199850741,83.06166584052734,257.0372076115295,1.0744318552780345,False,60.83969465648855,59.41498172696407,2026-06-30,False
3130055,0.03970926769917673,0.9169550531731427,8,45,57,18,10,138,96,668,1157,191,362,2474,False,,0.7906976744186046,38090679.323529415,0.5882352941176471,5135180.3,501.62041396769723,728.4980847080471,1.4574247346778206,False,88.76590330788804,70.60727116107545,111.47120310393272,394.7848902160375,1.526956804809704,False,73.95674300254453,56.69889857203613,2026-06-30,False
3130054,0.07288396744376537,1.1735738645775178,2,21,99,10,65,197,98,710,1608,223,697,3336,False,,0.8571428571428571,26460508.083333332,0.8548387096774194,47533060.56603774,170.89291985636856,604.9896145698484,1.151799782920619,False,59.46564885496184,46.21253766181182,528.9542757459027,593.9123399368794,2.1788648492995595,False,92.06106870229007,87.21895205760872,2026-06-30,False
3130053,0.04221226501258432,0.9617076803306078,23,78,74,22,26,223,108,696,1229,198,325,2556,False,,0.9285714285714286,49884519.50769231,0.5384615384615384,27144750.785714287,845.8744613783779,723.7126355908221,1.4698772459725276,False,95.15267175572518,79.3369794333758,281.9581537927926,337.94052667674885,1.3286026412451843,False,82.95165394402036,75.23329657101254,2026-06-30,False
3130327,0.03621293784281447,0.8492957822556951,0,9,53,12,101,175,65,555,1281,182,1660,3743,False,,0.0,,0.988469184890656,8038768.283588094,104.392684267517,653.482581210921,0.8049640061024761,True,38.30788804071247,41.81552162849873,1171.5179012243575,1954.5605131714035,4.618501722140454,False,98.48600508905852,76.07901376064123,2026-06-30,False
3120035,0.04895109674305224,0.938792232269166,3,14,236,6,11,270,82,469,1710,207,235,2703,False,,0.75,105001740.22222222,0.45161290322580644,,141.4840306050776,499.5780577203696,0.9407828854979396,False,41.730279898218825,53.96938625636628,111.1660240468467,250.3216280688419,0.912049436923202,True,60.521628498727736,57.36513994910941,2026-06-30,False
3120034,0.09521298461721786,1.1994661138041525,4,31,343,14,20,412,205,760,3462,271,331,5029,False,,0.8214285714285714,43044919.30434783,0.4857142857142857,,213.47953202474386,633.6152320215458,0.8198993100223589,False,48.48600508905852,44.2834172908901,137.7287303385444,275.9561076304364,0.6915679221591835,True,55.725190839694655,54.00763358778626,2026-06-30,False
3120039,0.19897566420458382,1.661035589450124,31,201,455,34,134,855,127,930,2208,321,1518,5104,False,,1.0,70100723.38172042,0.9947941315664931,10043412.038534729,807.307817180228,559.891675956125,0.9873340953870214,False,71.15776081424937,68.29717203955335,538.2052114534853,913.8877033348364,3.1043141896465505,False,94.55470737913487,74.51690706341141,2026-06-30,False
3120038,0.13683707316210558,1.5309043984072996,27,117,344,30,48,566,40,286,948,103,140,1517,False,,0.9578947368421052,116668176.32967032,0.8247422680412371,59640613.3375,626.2140485281913,186.81767476633067,1.0210857978849477,False,48.80407124681934,60.60590759508243,256.9083276013092,91.44921142407794,0.9677436233631477,False,57.69720101781171,65.45886224221323,2026-06-30,False
3120037,0.3706378615605334,2.078584037131062,35,241,619,79,391,1365,123,1036,2993,404,2029,6585,False,,1.0,97221153.81553398,0.9758771929824561,36006724.359550565,572.9393904436204,498.41622060656505,0.8531077597449229,False,60.610687022900755,66.06242631384643,929.5406708027202,976.1452814775295,3.218815087852845,False,95.99236641221374,86.9963562052635,2026-06-30,False
3120036,0.088201948562552,1.2240351030486782,2,50,77,4,9,142,48,374,1398,98,222,2140,False,,0.8958333333333334,146198169.8604651,0.75,9540655.933333334,361.78939964344534,305.546792790898,0.9476616589357049,False,45.85241730279898,59.850202252364895,65.12209193582017,181.36734759245817,1.0858988266823544,False,53.7531806615776,45.530909182651065,2026-06-30,False
3120029,0.05687627189349183,0.9486465272102261,0,33,99,10,9,151,221,1246,3088,234,901,5690,False,,0.8292682926829268,115191755.0,0.42105263157894735,,308.76825524833373,1313.450230682053,1.185514073269295,False,75.05089058524173,78.6978698995288,84.20952415863647,949.7742037275519,1.6559147679743424,True,72.06106870229007,65.44274809160305,2026-06-30,False
3120033,0.08552759700710226,1.132625988578935,7,35,98,8,18,166,255,846,3272,324,1007,5704,False,,0.5806451612903226,36094259.61111111,0.25,,258.2499857808727,746.9367721832392,0.8046460025046891,False,53.15521628498728,44.88415841977191,132.81427840159165,889.084313934423,1.8455940518214526,True,80.57251908396947,71.40076335877862,2026-06-30,False
3120032,0.23651609283064415,1.8017078792326313,90,280,1185,55,63,1673,284,986,4029,263,323,5885,False,,1.0,79337318.17843866,0.5363636363636364,16781013.06779661,977.257497942722,547.2585269594032,0.9082663213221226,False,69.27480916030534,69.31919948553667,219.88293703711247,179.27434503842517,0.5773132489623488,False,53.30788804071247,50.573311996770684,2026-06-30,False
3120031,0.25477385270027325,1.6765221644536692,89,314,1191,47,112,1753,468,1684,5446,370,1029,8997,False,,0.9826388888888888,114183904.25795053,0.567741935483871,9867632.659090908,1030.2721090342357,1004.4603260874678,1.0141059433154984,False,78.35877862595419,80.91978778387775,367.48559303131975,613.7705911781499,1.1978708853738234,False,86.84478371501274,68.9499888271378,2026-06-30,False
3120030,0.13795448553664516,1.3116186052236272,33,123,438,25,42,661,266,1123,4030,245,571,6235,False,,1.0,53404920.76377953,0.3939393939393939,,654.4137515463492,856.1940151867027,0.9760088827571084,False,71.95928753180661,64.64607225510393,223.45835418655827,435.33996676011327,0.9598834215377186,True,75.80152671755725,68.06106870229007,2026-06-30,False
3120028,0.2215149245081082,1.7060660328571502,12,302,735,101,399,1549,220,1589,4600,399,2194,9002,False,,1.0,107407162.97843666,0.9373134328358209,64058548.960191086,1112.2777156619302,931.3824725405854,0.9565545310156791,False,75.81424936386767,78.24938173099443,1469.5324786394374,1285.9994617709528,2.548886539480324,False,96.36132315521628,93.03366275256074,2026-06-30,False
3120027,0.15715558874239516,1.4626720676441218,9,103,332,30,353,827,76,895,2346,359,2421,6097,False,,0.9895833333333334,62907507.37894737,0.9452054794520548,58416729.83816425,497.21081929430306,611.8938207670482,0.7963659976582914,False,60.6234096692112,58.676636378432235,1704.0331962222233,1655.189877181032,4.14564062103907,False,98.26972010178116,93.77463976529779,2026-06-30,False
3120026,0.20030607536670794,1.4840589035086325,17,209,710,36,32,1004,284,1804,5105,309,980,8482,False,,1.0,171361043.28402367,0.40625,,834.9777355336142,1215.5851736982665,1.1518473268950362,False,85.75063613231552,88.66819100244925,127.84348103863951,660.3511475744464,1.210020641141862,True,76.62849872773536,68.63994910941474,2026-06-30,False
3120025,0.07526060775539685,1.0204005572805583,0,62,125,16,368,571,93,1079,3010,256,1563,6001,False,,0.881578947368421,53106442.32835821,0.94,39941721.4543179,494.96805987937364,1057.427881924735,0.9743479713467172,False,68.57506361323155,61.9963042796521,2937.8749360582174,1531.7514174683604,2.720795342268257,False,97.31552162849871,88.94239488499159,2026-06-30,False
3120024,0.10686651716234515,1.1895847003842988,5,60,136,18,24,243,45,639,1422,256,1636,3998,False,,0.890625,95903204.68421052,0.43636363636363634,,382.4908022781208,537.1622548554711,0.8669965894686502,False,57.76081424936387,63.88030788407109,152.99632091124832,1375.2698731510968,4.26368029937013,True,86.98473282442748,75.88931297709922,2026-06-30,False
3120023,0.08881591346273618,1.1277823340962476,9,108,524,18,15,674,105,1108,3136,194,612,5155,False,,1.0,173697955.40451267,0.34375,,778.0087837623283,982.4590849686431,1.1636300652739808,False,85.13994910941476,88.98954003961684,108.05677552254559,542.6579061379148,1.242684700137467,True,72.69720101781171,65.88804071246818,2026-06-30,False
3120022,0.10851724646608528,1.305957618637514,32,164,224,21,18,459,85,1125,2944,356,2141,6651,False,,1.0,173697955.40451267,0.5925925925925926,11717310.3125,1034.587741435994,861.4368368046244,0.9168585768712733,False,73.94402035623409,81.15238991239038,113.55231308443838,1639.4100156432896,3.3626914106302657,False,81.6412213740458,66.83724023095387,2026-06-30,False
3120021,0.13268883292387335,1.277809332573779,5,91,326,25,10,457,64,825,2059,290,1465,4703,False,,1.0,173697955.40451267,0.6551724137931034,29049393.10526316,498.1147371931585,645.6362298890673,0.9507832054771005,False,65.59796437659034,75.31015072663975,54.73788320803939,1146.493426409071,3.249978267373739,False,68.60050890585241,65.95236756554144,2026-06-30,False
3120020,0.058426452569221396,1.0001341073883252,3,57,171,14,8,253,52,602,1721,126,299,2800,False,,0.9807692307692307,173697955.40451267,0.0,,525.7019726215811,601.919278177621,1.1631756122655172,False,77.54452926208651,83.67274614648707,73.78273299952016,298.9599072676224,1.1177756593071533,True,61.03053435114505,57.72137404580153,2026-06-30,False
3120019,0.09082735094338118,1.2597800622991695,0,30,163,10,6,209,70,714,1572,148,113,2617,False,,0.8888888888888888,72205934.875,0.0,,213.0268005400551,566.7655977162473,1.4728489129271585,False,73.15521628498728,70.25701333396847,42.60536010801102,89.6981968374453,0.4586924025682315,True,15.432569974554706,25.802798982188293,2026-06-30,False
3120018,0.14468270186519994,1.5625845125799693,16,87,225,18,19,365,79,713,1485,131,219,2627,False,,0.8255813953488372,102102594.95774648,0.5925925925925926,51943824.28125,446.8809974716685,456.2953198753852,1.4652663988394212,False,81.03053435114504,81.01154565266579,97.59470059726094,140.1524194287649,0.8750329732514407,False,48.19338422391857,57.616388786771324,2026-06-30,False
3120043,0.43545472917608674,2.3278211173796057,10,204,345,38,148,745,116,1190,2873,375,1662,6216,False,,1.0,141462895.89893618,0.8436657681940701,6746201.274760383,420.22456006604074,511.207665879226,1.0370986958368522,False,65.01272264631044,73.07520850452337,304.86879847928446,713.9723871355241,2.7932381620691147,False,91.04325699745547,70.0192317395786,2026-06-30,False
3110591,0.05103790267270184,0.9543006762034533,2,17,38,8,14,79,35,312,702,80,128,1257,False,,0.6428571428571429,141123703.55555555,0.7647058823529411,162865598.24215597,168.25369044990097,326.94098178914294,1.3368253692121328,False,54.974554707379134,66.0016890751966,138.56186272344786,134.12963355452018,1.0655384688859866,False,61.170483460559794,72.05446590114539,2026-06-30,False
3110052,0.06889311625227522,1.0650777410739578,3,33,79,10,16,141,26,377,1206,105,200,1914,False,,0.7307692307692307,83083672.0,0.6521739130434783,2887475.7,277.5602241762966,353.96477220513196,1.0661936997407502,False,52.81170483460561,58.54385641074498,134.5746541460832,187.77972000272254,1.093547461304225,False,67.04834605597965,49.65338898139538,2026-06-30,False
3110051,0.044892666441989734,0.9301704360572051,0,17,33,4,10,64,62,483,1229,138,534,2446,False,,0.7692307692307693,22906720.0,0.75,90468431.38095239,179.14977666258883,519.2596768043225,1.0690691184538432,False,53.46055979643766,40.74532477482305,105.38222156622872,574.0883383302447,2.2721874906907735,False,76.46310432569975,80.71964045008613,2026-06-30,False
3110050,0.03455303249031161,0.9679435187708265,0,14,21,2,4,41,34,204,652,73,94,1057,False,,0.6428571428571429,146298536.33333334,0.0,,165.5765569567735,210.75609892925965,1.0444555322692046,False,31.18320610687023,49.628556287289655,47.30758770193528,97.11310440858043,0.9338108964530308,True,32.913486005089055,38.039440203562336,2026-06-30,False
3110056,0.12960734496759782,1.455987114344762,6,61,155,13,28,263,109,719,1371,225,346,2770,False,,0.8301886792452831,43713147.31818182,0.782608695652174,11159693.722222222,339.6297629754771,493.82305167142334,1.402043688045507,False,78.10432569974554,65.43745856704497,155.89562890677635,237.63946575565018,1.3056540493076663,False,74.9618320610687,61.4817810263175,2026-06-30,False
3110055,0.02757546729511887,0.8117459702000185,3,13,100,2,19,137,80,445,1183,190,625,2523,False,,0.9,24378910.333333332,0.0,,167.57875206274102,548.2010583808006,0.9561776759974775,False,46.94656488549618,36.84075454621238,244.9227914763138,769.9453067146077,2.577184029542957,True,89.38931297709925,77.57251908396947,2026-06-30,False
3110054,0.06915518322098599,1.0256581269704506,1,32,136,7,13,189,38,313,993,116,154,1614,False,,0.4782608695652174,,0.7567567567567568,31505021.44642857,268.557347947278,305.1699116590899,1.0498251222493074,True,46.55216284987277,47.58651399491094,109.1014226035817,150.14749647124552,0.9998840169568542,False,57.20101781170483,58.567624649496494,2026-06-30,False
3110053,0.08554969248815195,1.0626269956825962,1,33,94,14,17,159,42,457,1268,129,260,2156,False,,0.8181818181818182,34876427.777777776,0.7735849056603774,56141372.46341463,243.45315281983721,430.06624324129695,1.1464504192331721,False,58.95674300254453,48.57081214546292,125.4152605435525,244.67663729264157,1.260115802473942,False,71.34860050890586,74.50492687181483,2026-06-30,False
3110049,0.07069254501320163,1.0252579609667134,3,39,129,8,19,198,46,376,1059,118,171,1770,False,,0.6451612903225806,90813007.25,0.1951219512195122,,323.1351198678766,366.7369718792239,1.148479056385651,False,60.91603053435115,65.43373307451382,157.42480198691425,166.78729306209385,1.012198392434988,True,65.95419847328245,61.16793893129771,2026-06-30,False
3110048,0.13560649734642657,1.3261381390131317,0,8,75,8,14,105,54,561,1569,153,372,2709,False,,0.4444444444444444,,0.746031746031746,155172832.5106383,43.10193939530221,423.03285268416886,1.1207151149454981,True,39.63104325699746,42.74173027989822,75.42839394177888,280.5137632772029,1.434206882980018,False,64.31297709923665,73.31936725558462,2026-06-30,False
3110047,0.0853860903070754,1.222744398763332,1,2,43,3,5,54,39,305,881,91,138,1454,False,,0.0,,0.4,,14.772566335756562,249.43888543547865,1.1338049154737815,True,26.412213740458014,33.488549618320604,36.931415839391406,112.8608727544133,0.9947040584198351,True,35.76335877862596,40.03435114503817,2026-06-30,False
3110046,0.05801328848578472,1.0444139644047135,0,1,15,3,2,21,29,168,525,73,70,865,False,,0.0,,0.0,,9.258120125947343,160.855758086072,1.0505766868269966,True,15.928753180661577,26.150127226463106,18.516240251894686,67.02323253586333,0.8531281482361954,True,19.491094147582697,28.643765903307887,2026-06-30,False
3110045,0.04482025075995535,0.8903885558987175,4,45,64,5,3,121,54,358,1331,146,313,2202,False,,0.8979591836734694,67757375.81818181,0.5555555555555556,16642152.3,474.58216614424396,402.0716547043343,0.8824972164251524,False,54.198473282442755,55.72364268616546,31.63881107628293,351.53192157110794,1.4829816551852697,False,56.00508905852418,52.29138103785077,2026-06-30,False
3110044,0.029574814551538795,0.874268663471786,0,6,21,1,2,30,43,310,1139,111,108,1711,False,,0.75,119305075.33333333,0.0,,75.40074122464887,354.5820786587122,0.9819975580541772,False,30.21628498727735,47.68806095755281,25.13358040821629,123.53182095206748,0.6672960269837583,True,20.674300254452927,29.472010178117046,2026-06-30,False
3110043,0.11005783539506013,1.2554145142760382,2,39,156,11,8,216,97,516,2075,207,140,3035,False,,0.8620689655172413,21393778.52,0.3076923076923077,,243.6619232275564,411.01962270809213,0.9219632671297359,False,45.92875318066157,35.192248911330495,49.98193296975516,111.51695189754439,0.48845004415751697,True,20.763358778625957,29.53435114503817,2026-06-30,False
3110042,0.0726069917535452,1.254970354477544,0,9,97,2,2,110,65,286,1259,65,61,1736,False,,0.8,42026134.75,0.0,,73.40527543560552,227.89382950728307,0.8944619078867576,False,17.27735368956743,22.156550078797043,16.31228343013456,48.606725873931005,0.37895592341817735,True,4.707379134860051,18.295165394402034,2026-06-30,False
3110041,0.13056042485107902,1.3665246921749459,1,28,157,6,5,197,19,329,1125,110,587,2170,False,,0.8076923076923077,173697955.40451267,0.34782608695652173,,155.07274101228762,240.75671803366185,0.8239111426397275,False,23.396946564885496,45.769438258446364,27.69156089505136,429.556819105652,2.809699153234473,True,59.529262086513995,56.670483460559794,2026-06-30,False
3110040,0.07624157194126455,1.0490893824201666,0,11,44,1,7,63,17,324,1018,151,1178,2688,False,,0.5454545454545454,75799288.0,0.0,,87.13452970244924,308.8392709232816,0.6569217291383994,False,19.694656488549622,33.489847685510476,55.44924617428588,1122.8785837889682,4.55283053698572,True,69.74554707379136,63.82188295165395,2026-06-30,False
3110039,0.009927791206470036,0.6814786977375312,1,8,14,1,2,26,15,370,1025,219,1614,3243,False,,0.8571428571428571,42778809.833333336,0.0,,133.49399066682585,542.9370004203771,0.6216782146908325,False,36.717557251908396,35.951900060735255,33.37349766670646,2368.3792396715908,5.176767508932963,True,66.29770992366412,61.40839694656488,2026-06-30,False
3110057,0.030230297014019792,0.84551304533609,2,14,68,4,5,93,87,610,1005,178,300,2180,False,,0.8571428571428571,173697955.40451267,0.5,6733563.571428572,174.49767134170747,721.4554563821379,1.5091099498308522,False,72.82442748091603,80.36867489966774,62.320596907752666,354.81415887646125,1.4361015371778825,False,62.6208651399491,50.03857160363009,2026-06-30,False
3110058,0.1356202570016365,1.3730524154309658,5,26,116,19,16,182,41,219,699,121,311,1391,False,,0.7692307692307693,28762361.85,0.803030303030303,162865598.24215597,140.0709190903166,159.49864516371105,0.8561554719242211,False,18.460559796437657,18.351409018192786,86.19748867096408,226.50264221878604,2.3146069611018776,False,67.735368956743,76.64988574847364,2026-06-30,False
3001491,0.37256526571112414,2.4181525113535365,138,449,684,49,475,1795,224,801,1590,123,715,3453,False,,0.9891304347826086,92722987.29230769,0.9494097807757167,47555694.31438721,1062.5577548225351,331.24461597819084,1.2546709423711766,False,77.51908396946565,77.2898798394684,1124.086711671947,295.6802751865249,2.1598294994464844,False,89.98727735368956,85.85228394928241,2026-06-30,False
3130062,0.010505708881803877,0.7511460301389662,0,1,7,4,2,14,25,94,377,49,65,610,False,,0.0,,0.0,,16.527366069761626,125.14211115861117,0.8426805865211611,True,6.399491094147582,19.479643765903308,33.05473213952325,86.53443856712474,1.111177009456265,True,33.791348600508904,38.653944020356235,2026-06-30,False
3130061,0.010572910974858529,0.7029232172412583,5,16,9,3,100,133,118,394,571,37,376,1496,False,,0.8333333333333334,78181038.86666666,0.9256198347107438,26968913.42857143,264.14447881893904,560.5164125127635,1.418604728654917,False,76.29770992366413,73.62680568291434,1650.902992618369,534.9090637177642,2.6017102082423182,False,94.51653944020356,83.07375891125864,2026-06-30,False
3130059,0.03329002358764939,0.8734089571520253,2,32,59,23,14,130,23,289,866,82,77,1337,False,,0.84,78552053.95238096,0.34782608695652173,,384.1996750826362,330.88737828194354,1.1674282968058174,False,61.78117048346056,63.6056336909965,168.08735784865334,88.16030494017181,0.6122199428957822,True,38.67684478371502,42.07379134860051,2026-06-30,False
3130058,0.007485791154107021,0.6476245445507655,8,47,29,14,1,99,12,92,189,42,56,391,False,,0.8205128205128205,82457329.5,0.0,,817.5933401351843,142.0576177572411,1.2552947120424005,False,63.56234096692112,66.02249983129096,17.39560298159967,86.46985428701632,1.465177563271059,True,33.854961832061065,38.69847328244275,2026-06-30,False
3130056,0.04024608911503229,0.9187857861242755,15,82,100,49,35,281,50,268,797,121,366,1602,False,,0.9545454545454546,68544435.92063493,0.7551020408163265,17574803.108108107,908.6266319582957,291.6893187154183,0.9081441267737637,False,54.452926208651405,56.08896722281105,387.82844047000424,398.3518307829967,2.3685152968989014,False,90.16539440203562,76.54353812108498,2026-06-30,False
3120041,1.031423148031266,3.565643690694089,41,438,771,68,254,1572,118,952,1964,162,750,3946,False,,0.9496021220159151,87118092.27932961,0.7559633027522936,12389628.740291262,405.0218462563709,266.9924654795453,1.3048729284098552,False,64.07124681933843,67.08076200910631,234.87568253223336,210.3407028462804,1.984270873467757,False,80.16539440203563,66.39906220040511,2026-06-30,False
3120040,0.36502472838478833,2.242797398104128,10,87,338,31,390,856,97,613,1497,183,730,3120,False,,0.9523809523809523,79788569.35,0.9785470502194051,162865598.24215597,209.62606333986523,273.31938253458765,1.0639326163592768,False,40.75063613231552,49.539485854243324,939.7030425580166,325.48637724347304,2.4380556718826223,False,91.19592875318067,93.07227760598,2026-06-30,False
3120042,0.08715414434090134,1.185368128475279,11,62,179,18,20,290,74,533,1150,82,123,1962,False,,1.0,63428297.52830189,0.6,11107719.083333334,452.04612881326335,449.64934284642004,1.4648231312168805,False,80.80152671755725,72.94172392849912,145.82133187524624,103.76523296455846,0.6621242986128912,False,40.69974554707379,37.413334630827,2026-06-30,False
3120047,0.1562101509189901,1.5079724565940786,39,171,335,23,60,628,67,330,735,58,164,1354,False,,1.0,138602546.23448277,0.4019607843137255,,829.2511267652268,218.83688827138212,1.3136002634459876,False,69.41475826972011,76.0630296967604,290.9653076369217,108.7553020500202,1.2634408505172248,True,67.59541984732824,62.31679389312977,2026-06-30,False
3120046,0.2834289116370955,2.2695786263017252,154,423,558,49,306,1490,226,798,1585,118,724,3451,False,,0.9882629107981221,91670530.05938242,0.9341463414634147,50961920.90600522,1268.636237700928,351.60711805800696,1.25072224644449,False,79.10941475826972,78.26270577540659,917.7368528049267,319.0019467092695,2.1881642282352765,False,90.13994910941474,86.7240266995365,2026-06-30,False
3120045,0.06686977414663946,1.0940852645382655,25,137,167,7,18,354,59,416,939,59,107,1580,False,,0.9606299212598425,152491072.9180328,0.3181818181818182,,1172.2449281719553,380.22630729385025,1.418628778613677,False,85.470737913486,87.95744165644489,154.01758180361455,97.7985934626009,0.7150826718353083,True,42.175572519083964,44.52290076335878,2026-06-30,False
3120044,0.1344190906363482,1.3682017125901282,29,151,214,10,40,444,77,435,766,53,124,1455,False,,0.864516129032258,70802708.42537314,0.3018867924528302,,818.7872496224019,317.93557630950926,1.6073663965004026,False,80.25445292620864,74.85206400622435,216.89728466818593,90.62991140776816,0.895239652633506,True,53.00254452926208,52.101781170483456,2026-06-30,False
3110099,0.2631870018948174,1.8225624458932101,0,8,86,4,18,116,56,302,746,61,120,1285,False,,0.375,,0.4,,25.543844257900485,165.70076963919576,1.2671572183707627,True,29.8854961832061,35.91984732824427,57.47364958027609,65.84136541954798,0.9790979154868809,True,32.97709923664122,38.083969465648856,2026-06-30,False
3110098,0.041414403527599855,1.024223743129886,3,21,34,3,10,71,51,256,589,42,89,1027,False,,0.7037037037037037,134838689.47368422,0.4117647058823529,,229.72309821678894,249.94538714529253,1.3406548772683329,False,53.95674300254453,65.10201339351283,109.39195153180425,86.89507599973061,0.9107436497871894,True,43.282442748091604,45.29770992366412,2026-06-30,False
3110097,0.007814447879179363,0.686366436822056,0,0,9,0,2,11,31,185,306,22,103,647,False,,0.0,,0.0,,0.0,269.53532409971587,1.5249282102533936,True,38.99491094147583,42.296437659033074,34.5934290366242,150.0656128771391,1.6386498912250194,True,48.778625954198475,49.14503816793893,2026-06-30,False
3110096,0.05006839450457291,1.1016532958441896,1,7,83,2,19,112,1,47,229,11,58,346,False,,0.0,,0.4666666666666667,,69.95215656907651,42.663150173743375,0.7570685842733285,True,7.379134860050891,20.165394402035624,189.87013925892197,52.64814276759821,1.6962721191086967,True,58.75318066157761,56.12722646310432,2026-06-30,False
3110095,0.14919203696770136,1.6273959169324856,11,54,92,6,71,234,141,450,947,74,332,1944,False,,0.8307692307692308,51186624.018518515,0.7868852459016393,46047615.03125,271.0951743957315,276.51537976586235,1.2503611250409274,False,56.43765903307887,52.7512911203471,356.4399515203136,204.00690240503621,1.7776704151606821,False,82.56997455470737,80.23524281152461,2026-06-30,False
3110093,0.23476811655483903,1.6943190022683683,12,39,174,12,44,281,215,720,1419,120,463,2937,False,,0.8666666666666667,55024301.94871795,0.5606060606060606,57127521.64864865,136.95353423630064,424.9494924132103,1.324954694077946,False,57.60814249363868,55.06828944913522,154.51167965121098,273.2661319268283,1.6454018378682447,False,77.58269720101782,79.03876622768131,2026-06-30,False
3110092,0.10515268202703869,1.2812091755606831,5,7,52,3,9,76,76,213,767,78,162,1296,False,,0.5454545454545454,19914117.166666668,0.0,,45.11684818171625,166.2491996334532,0.8929769387581002,False,11.361323155216285,10.62063291691973,58.00737623363518,126.44305324234469,1.3028986232790987,True,48.155216284987276,48.70865139949109,2026-06-30,False
3110091,0.05514143062650151,0.9791594390979121,1,16,25,0,29,71,133,395,672,56,333,1589,False,,0.7777777777777778,55018917.571428575,0.43902439024390244,,152.1759776775104,403.4072330078427,1.3404626724701976,False,58.49872773536896,55.644897246271526,275.8189595404876,340.08761668762435,2.173934948024128,True,85.86513994910942,75.10559796437659,2026-06-30,False
3110090,0.09705945940493352,1.2172237421982668,4,22,73,5,15,119,31,138,621,68,119,977,False,,0.9,65186285.05555555,0.45,,149.59935313934622,113.37274752033382,0.7723124236889533,False,15.788804071246819,27.85403492475577,101.99955895864514,97.76345619507046,1.268157375910001,True,52.786259541984734,51.95038167938931,2026-06-30,False
3110088,0.0965604311176303,1.443767797169252,3,18,82,12,8,123,24,121,565,65,98,873,False,,0.7916666666666666,28156626.157894738,0.0,,122.81623261296967,83.80849069860176,0.7592561982540316,False,11.755725190839694,13.330411689750033,54.584992272430966,67.87795114432208,1.170508936589095,True,36.895674300254456,40.82697201017812,2026-06-30,False
3110087,0.05254215134730601,1.0150024082573739,2,13,88,3,24,130,177,479,933,75,454,2118,False,,0.42857142857142855,,0.9047619047619048,5874870.2105263155,126.77713339531505,471.9200625566793,1.2222263194061131,True,54.65648854961832,53.25954198473282,234.0500924221201,447.2895791247023,2.228861136424669,False,86.47582697201018,66.14214403621449,2026-06-30,False
3110079,0.2930409786001958,1.8141046715295237,6,72,327,20,22,447,43,528,1394,156,277,2398,False,,0.8676470588235294,66292748.983050846,0.47368421052631576,,209.88746094942172,291.05266542025277,1.1906245565794047,False,48.89312977099237,51.49508163532648,64.13227973454552,152.6924021238826,1.2078916502116754,True,53.11704834605598,52.18193384223918,2026-06-30,False
3110081,0.10501044409014862,1.4251118118703958,15,104,151,16,22,308,67,359,832,77,134,1469,False,,0.9791666666666666,40700201.97872341,0.25,,670.9225343520546,251.91005857205582,1.3176464562126662,False,69.19847328244275,57.93971132891117,141.92592072831926,94.02770988483421,0.9567869895927466,True,51.37404580152672,50.9618320610687,2026-06-30,False
3110060,0.09471894494979326,1.1581290203020553,4,18,98,12,16,148,52,272,891,133,166,1514,False,,0.7333333333333333,39902499.45454545,0.6666666666666666,53837527.5,124.37901621135136,234.8615700252972,0.9739405557656522,False,23.8676844783715,25.833744189462237,110.55912552120121,143.33463464779166,1.146088536116317,False,59.89821882951654,66.23470218916016,2026-06-30,False
3110061,0.10024876087932981,1.203082824779781,0,11,94,7,9,121,39,311,1057,118,116,1641,False,,0.4444444444444444,,0.16666666666666666,,73.21191825890995,258.5025682308508,1.0263770193741286,True,24.70737913486005,32.295165394402034,59.90066039365359,96.41896435620157,0.745419888431921,True,26.768447837150127,33.737913486005084,2026-06-30,False
3110062,0.13268414035639212,1.324660063494411,15,115,168,11,13,322,22,374,726,67,229,1418,False,,0.9344262295081968,111039740.60526316,0.0,,629.5018263525805,282.3365860471402,1.420183563460276,False,73.01526717557252,76.80491479201152,71.16107602246562,172.87454065453238,1.6780078889280723,True,59.10941475826972,56.3765903307888,2026-06-30,False
3110063,0.11032910654075419,1.1910964902538876,16,46,126,11,18,217,62,378,1036,133,382,1991,False,,0.7209302325581395,80227682.93548387,0.8888888888888888,6326102.145833333,286.90985057231154,317.35464178844785,1.028252747698102,False,47.9643765903308,54.6359060469289,112.26907196307843,320.7128919661034,1.995589047858011,False,74.24936386768448,57.7535915345746,2026-06-30,False
3110064,0.13154972578773466,1.4309367825838861,1,24,90,12,13,140,63,489,1258,148,178,2136,False,,0.8571428571428571,68441322.5,0.4444444444444444,,132.19518727370846,341.7341743895896,1.2370843223004584,False,48.94402035623409,52.18593125404405,71.60572643992542,124.39403484938026,0.8750286591182447,True,40.12722646310433,43.089058524173026,2026-06-30,False
3110082,0.07113952008305995,1.146640586313817,7,56,100,3,42,208,170,484,850,67,433,2004,False,,0.9516129032258065,54579683.711864404,0.7272727272727273,36104507.71875,462.2768850462946,422.1026237663081,1.3040478800853303,False,76.18320610687023,67.97723023424754,346.707663784721,377.6248679562219,2.24558938703971,False,88.61323155216284,82.00093347461598,2026-06-30,False
3110084,0.2257252811564681,1.9311625086344792,23,91,267,22,55,458,67,377,935,74,168,1621,False,,0.9213483146067416,50993611.80487805,0.4935064935064935,,330.03865158218656,195.21919999709183,1.2554091776474974,False,54.770992366412216,51.53782258160555,199.47391029692594,86.99423235944676,1.0845059130292838,True,58.21882951653944,55.7531806615776,2026-06-30,False
3110085,0.18183031585287052,1.7071208472140171,15,82,231,12,51,391,153,554,919,74,468,2168,False,,0.8666666666666667,73498024.75384615,0.15625,,353.7069761490586,324.5230124768938,1.3793043422305715,False,68.2442748091603,67.1001655333389,219.98848516587793,274.14579393354927,2.244906123555263,True,82.90076335877862,73.03053435114504,2026-06-30,False
3110086,0.13375733050630145,1.5656332631832668,0,4,52,4,6,66,223,721,1343,98,614,2999,False,,0.0,,0.0,,21.767839078739943,460.5165315241534,1.2996232512813177,True,49.51653944020356,49.66157760814249,32.651758618109916,392.17357885690734,2.134129657596738,True,59.020356234096695,56.31424936386768,2026-06-30,False
3110065,0.018065070423732794,0.802143851738912,0,3,26,0,8,37,52,281,736,101,306,1476,False,,0.0,,0.8541666666666666,162865598.24215597,44.07547044796659,350.31123082329884,1.0308954019381027,True,29.885496183206108,35.91984732824427,117.53458786124423,381.4777104339126,2.1491766833375716,False,76.69211195928753,82.91960585025481,2026-06-30,False
3110066,0.13373741193400437,1.3050030358584224,7,53,212,7,8,287,47,333,957,96,193,1626,False,,0.7142857142857143,66289686.925,0.0,,288.45513519607414,255.17182017967858,1.107655505443711,False,48.282442748091604,51.020798847221066,43.54039776544515,147.89237626029418,1.239433149461518,True,48.30788804071247,48.81552162849873,2026-06-30,False
3110067,0.2049363051500872,1.5469650935323684,3,32,162,10,14,221,78,572,1564,125,208,2547,False,,0.8461538461538461,30145576.09090909,0.3125,,125.52154931860656,369.7562423298671,1.214295482598381,False,48.396946564885496,39.68129473270533,54.91567782689037,134.45681539267895,0.8574662457766512,True,37.37913486005089,41.165394402035616,2026-06-30,False
3110068,0.1453124140983608,1.4147944168109994,7,62,170,13,15,267,96,652,1480,125,186,2539,False,,0.75,87332715.35555555,0.37037037037037035,,317.44013961537706,460.84434052944096,1.3868040182186547,False,75.17811704834605,74.90237304148654,76.80003377791381,131.4678640160675,0.7703956116158562,True,37.63358778625954,41.343511450381676,2026-06-30,False
3110069,0.17354216405098996,1.4807968557818427,16,168,314,21,38,557,81,607,1451,115,158,2412,False,,1.0,64747090.15,0.52,20939370.46153846,751.5360724595973,409.9144306188518,1.359081997019101,False,82.79898218829517,74.66755586253984,169.99030210395654,106.69930813472583,0.6903056712418414,False,44.18575063613231,45.63257502036344,2026-06-30,False
3110071,0.0277831640772186,0.8888486762048119,3,14,27,3,2,49,17,120,223,37,55,452,False,,0.6842105263157895,80754612.23076923,0.0,,179.98753542735307,135.00610757769655,1.4111827722438677,False,45.470737913486005,52.98396271728731,25.712505061050436,61.87779930644425,1.2580092796955162,True,31.043256997455472,36.730279898218825,2026-06-30,False
3110072,0.018090382868817673,0.7591462845807376,4,22,30,2,2,60,38,205,582,45,48,918,False,,0.85,107278099.64705883,0.0,,323.0999602746397,270.0401808766247,1.2033137282473327,False,55.712468193384225,64.13133303958112,29.372723661330884,63.22892040038042,0.562242092348206,True,10.279898218829517,22.19592875318066,2026-06-30,False
3110073,0.04142140436598053,0.9912345389138789,2,31,72,2,14,121,70,427,716,46,124,1383,False,,0.4166666666666667,,0.0,,339.0890811073083,430.77594982502814,1.6585938375005862,True,76.78117048346056,68.74681933842238,153.13700437104245,125.0965287548091,0.9408569597740669,True,56.997455470737904,54.89821882951653,2026-06-30,False
3110074,0.10592214309217902,1.294671081158768,12,93,219,16,17,357,39,440,1169,111,149,1908,False,,0.9545454545454546,81485325.0595238,0.3181818181818182,,596.4515248165854,339.85465992349754,1.2456296970135856,False,72.43002544529263,71.99586960577659,109.02877335356938,115.08714620136621,0.8211624960049964,True,43.791348600508904,45.653944020356235,2026-06-30,False
3110075,0.1289048548973175,1.2729190860178672,3,27,132,6,14,182,75,577,1430,122,156,2360,False,,0.5909090909090909,65506138.23076923,0.0,,150.91820742090346,453.2888274973206,1.3206404655503174,False,60.80152671755725,59.5501482654726,78.25388532935736,122.55295856080072,0.6965556010564111,True,33.75318066157761,38.62722646310432,2026-06-30,False
3110076,0.008988836433612634,0.6684845119822596,0,11,12,1,1,25,41,224,357,26,63,711,False,,0.7692307692307693,154344177.8,0.0,,186.47596164029525,335.08629741588476,1.6783916054163956,False,60.979643765903305,70.90727949728675,16.952360149117748,94.2430211482176,0.9314368736899532,True,26.005089058524174,33.203562340966926,2026-06-30,False
3110077,0.04579679918770469,0.9564084879374805,1,16,60,9,6,92,32,293,918,92,89,1424,False,,0.6666666666666666,102576778.4,0.0,,167.02019415752633,306.35445387133905,1.112481076300507,False,42.20101781170483,54.01809156335719,62.63257280907237,93.05647233634531,0.6620743038686789,True,24.109414758269722,31.876590330788805,2026-06-30,False
3110110,0.05194164878309127,1.0107545726412321,1,15,91,11,14,132,68,485,1177,133,130,1993,False,,0.5454545454545454,119343671.66666667,0.5714285714285714,4417305.875,147.14299973621772,479.83953090870756,1.313816924812362,False,61.259541984732834,69.46514272784651,137.33346642046988,128.6167814806845,0.6882385428096979,False,44.707379134860055,35.62944301479864,2026-06-30,False
3130073,0.021455854179824648,0.7692791003951863,14,78,57,22,26,197,52,333,905,79,182,1551,False,,0.9135802469135802,48522221.91891892,0.6296296296296297,40851796.35294118,1091.583060552414,432.87280237944145,1.1602008330264297,False,78.26972010178118,67.05089455486616,363.861020184138,236.58513523440945,1.2253189126790804,False,81.42493638676845,78.07394272286255,2026-06-30,False
3130072,0.11806507177096269,1.2028778197215029,16,104,157,36,20,333,38,251,749,115,155,1308,False,,0.9772727272727273,72403941.3372093,0.8125,30631614.346153848,618.8079349511129,208.66624679978966,1.0388497393597884,False,50.82697201017811,54.674044213676936,119.00152595213709,128.85764244608524,1.2363890920784346,False,60.53435114503817,60.81597214713578,2026-06-30,False
3130071,0.010658964184147496,0.7282330202701628,0,14,74,2,5,95,50,514,2363,95,299,3321,False,,0.8181818181818182,10333333.333333334,0.0,,230.79853387372438,705.8180358387405,0.8400420507755738,False,51.28498727735369,36.788726663570365,82.42804781204443,410.5828652058043,0.9439883962516393,True,60.12722646310432,57.08905852417302,2026-06-30,False
3130069,0.023243181880570427,0.8182076553387453,32,123,70,8,5,238,61,358,594,82,133,1228,False,,0.9782608695652174,70921353.64444445,0.5,2439079.0,1679.3372002948006,437.5417385355369,1.565766126439539,False,90.52162849872772,82.0858887790626,68.26573984938213,162.55042241683356,1.131752318025159,False,53.104325699745544,39.63761722494935,2026-06-30,False
3130068,0.21830321394702065,1.6827118556945995,6,57,74,67,10,214,35,339,933,190,102,1599,False,,0.9130434782608695,49108171.015873015,0.0,,212.446206519372,201.46051675618915,1.1459711613418433,False,40.725190839694655,41.00373343178001,37.27126430164421,60.61643867000382,0.6745774677934077,True,14.796437659033078,25.357506361323153,2026-06-30,False
3130070,0.05616643761350809,1.0846296822089305,2,63,268,24,24,381,54,568,2412,110,273,3417,False,,1.0,78572108.68965517,0.72,162865598.24215597,593.4078736761173,523.681040005493,0.901527837379937,False,63.37150127226463,64.76566711523422,226.0601423528066,251.69880972094992,0.8386550047631098,False,66.89567430025446,76.06209948893166,2026-06-30,False
3130067,0.08669497382113288,1.097520642825419,39,119,268,23,22,471,88,511,1300,146,217,2262,False,,1.0,59749390.684210524,0.75,7779474.642857143,870.5513939065017,465.59488729478414,1.2210847119299342,False,82.29007633587787,73.42208619642496,160.942274503723,197.71837679641519,1.0052373679237887,False,68.28244274809161,54.7665484505763,2026-06-30,False
3130066,0.0810075519529078,1.0804592796826513,15,94,165,15,17,306,91,575,1543,156,250,2615,False,,0.8229166666666666,105744148.56962025,0.6666666666666666,14359071.9,717.5158881969597,532.1810926265421,1.1892227641064523,False,81.00508905852416,81.5085545406549,129.76351169519486,231.38308375067047,1.0018224313683428,False,66.14503816793894,57.774614536254134,2026-06-30,False
3130065,0.06933809552873288,1.1271100463597115,3,47,126,15,19,210,77,472,1419,143,170,2281,False,,0.85,46967789.941176474,0.84,31616998.85714286,393.8390318009044,418.77011168913276,1.1196081256907864,False,65.24173027989822,57.229273598424854,159.21152349398264,150.82821819311985,0.7838502055643018,False,54.46564885496183,56.822838051164496,2026-06-30,False
3130064,0.011274052797490374,0.7028557619289234,6,48,28,13,13,108,32,234,489,79,105,939,False,,0.8958333333333334,44455648.65116279,0.9090909090909091,35383709.1,783.3658426126818,332.92748338266216,1.3393918345015596,False,77.97709923664122,65.58240940324636,212.161582374268,149.39053741529713,1.1664855923705801,False,70.24173027989822,68.63096756986643,2026-06-30,False
3130063,0.015023541954510954,0.7406315936598168,5,36,56,12,9,118,10,90,325,50,31,506,False,,1.0,57778697.39393939,0.7333333333333333,5629432.2727272725,553.6456323032173,121.51790548829645,0.9657510674741757,False,41.53944020356234,44.61582967135479,138.41140807580433,41.85616744596878,0.6620479870152782,False,32.099236641221374,27.82357329758017,2026-06-30,False
3120052,0.2989392463000814,1.9965283836090535,27,238,1275,54,159,1753,106,962,4365,197,575,6205,False,,1.0,97140707.8539823,0.8616187989556136,45739885.03030303,682.0671578894979,481.83637552952126,0.8407950715919883,False,61.85750636132316,66.88839797866724,455.6667147244965,287.9999126086016,0.9712248213679735,False,78.53689567430025,77.24211592385153,2026-06-30,False
3120051,0.21816291297124493,1.8598222245907887,22,233,612,30,86,983,89,951,3756,154,458,5408,False,,0.9862385321100917,73469508.09302326,0.8370786516853933,33765170.43624161,868.8748097876776,511.3391954487724,0.9530629850231221,False,68.91857506361323,67.52537383938106,320.70057356970074,246.26009623084937,0.8881042380168622,False,71.46310432569975,69.14598605915128,2026-06-30,False
3120050,0.058912842675049884,1.0562042090648904,5,38,192,3,15,253,51,470,1526,65,207,2319,False,,0.4358974358974359,,0.3055555555555556,,348.902838881692,444.9897055571423,1.0968828764868945,True,63.60050890585242,59.520356234096695,137.72480482172054,195.9848277666563,0.9362329646839306,True,63.11704834605598,59.18193384223918,2026-06-30,False
3120049,0.19372460922064402,1.8223935434098317,25,144,365,35,116,685,137,799,1807,216,257,3216,False,,0.9850746268656716,55636984.666666664,0.6629213483146067,2336879.593220339,590.8307760158791,438.4343891523082,1.3429397383472321,False,81.17048346055981,71.8427393584293,475.9470140127915,141.0233266735209,0.8389326248417764,False,63.85496183206107,46.738133339099974,2026-06-30,False
3120048,0.06103140747864208,1.1978922845164588,13,81,134,29,31,288,35,259,632,86,112,1124,False,,0.9523809523809523,44497863.7,0.8918918918918919,13441340.030303031,729.5233109206608,216.21309640920506,1.242051089842432,False,64.91094147582697,56.48290084275126,279.20027948815414,93.49755520398057,1.0430498338598195,False,60.99236641221374,53.48785762169409,2026-06-30,False
3110138,0.1020738239903634,1.3722293973817097,2,33,119,17,16,187,44,385,1362,110,126,2027,False,,0.75,18968737.5,0.5454545454545454,9084215.083333334,216.99986976122295,280.56533458225096,1.0286954587801596,False,39.63104325699746,30.269031371941903,105.21205806604749,91.8213822269185,0.6564849036502238,False,32.48091603053435,30.470352269532686,2026-06-30,False
3110137,0.3309827667095718,1.906306711327985,1,93,620,25,55,794,130,906,3531,221,412,5200,False,,0.9259259259259259,59316639.29333334,0.8085106382978723,128485556.92982456,244.10552950521023,475.2645493068929,0.9443470796314836,False,50.17811704834606,50.850110951002925,144.36348519125337,216.12471778635748,0.8312550488407939,False,59.834605597964384,69.92954969761189,2026-06-30,False
3110111,0.019485146334908644,0.7874934579730979,0,1,9,0,0,10,4,62,326,36,36,464,False,,0.0,,0.0,,14.391564999807878,78.7308127734542,0.740752124928066,True,3.3078880407124682,17.31552162849873,0.0,45.714665481360505,0.8244010681367905,True,13.155216284987276,24.208651399491092,2026-06-30,False
3110100,0.02605980393469153,0.9464609299964454,0,5,21,0,1,27,1,56,257,19,26,359,False,,0.0,,0.0,,65.73774505510468,59.16778836312907,0.8571260794431551,True,9.60559796437659,21.723918575063614,13.147549011020937,27.470758882881356,0.7775355126498811,True,11.0941475826972,22.76590330788804,2026-06-30,False
3110101,0.02381822142294835,0.8119224186240697,0,6,32,1,3,42,5,117,376,33,43,574,False,,0.0,,0.0,,81.28074456877582,144.1024380115959,1.0992307016821286,True,23.905852417302796,31.734096692111958,40.64037228438791,52.96072508118481,0.7957104253753543,True,19.338422391857506,28.536895674300254,2026-06-30,False
3110102,0.03468220912739243,0.932104675103964,4,45,106,9,11,175,7,134,493,43,48,725,False,,0.8,49292707.46428572,0.625,4066411.3,531.3985129072843,143.7606779357201,1.001384910526346,False,43.74045801526718,43.20802419883055,129.89741426622504,51.49636224563108,0.7059675543656945,False,33.333333333333336,27.41265344664778,2026-06-30,False
3110103,0.01905692191199441,0.7679148095478666,0,4,28,0,0,32,18,164,452,52,59,745,False,,0.0,,0.0,,57.92323041993629,213.56535641832463,1.1852814600035835,True,29.567430025445287,35.6972010178117,0.0,76.83143919927532,0.8364872233661252,True,17.048346055979643,26.93384223918575,2026-06-30,False
3110104,0.06683816212964368,1.1443381050051247,2,11,61,5,2,81,36,273,689,115,121,1234,False,,0.5833333333333334,56707326.28571428,0.0,,94.14732138455237,238.5658563722978,1.1939734722341877,False,34.65648854961832,39.61055602529444,17.11769479719134,105.73798029687924,1.0268932279977256,True,31.37404580152672,36.961832061068705,2026-06-30,False
3110108,0.01177781540899509,0.8191825913410038,0,6,5,4,0,15,8,92,478,67,59,704,False,,0.6666666666666666,173697955.40451267,0.0,,97.12224299738473,112.30707411566912,0.7199987381060636,False,10.038167938931299,36.41829322027843,0.0,72.02301492200519,0.8832119865241786,True,18.57506361323155,28.00254452926208,2026-06-30,False
3110109,0.029788470403236865,0.9646207047379043,5,24,94,13,11,147,22,180,459,78,79,818,False,,0.45,,0.35,,300.7953389594791,186.60184165226636,1.185477764542826,True,48.74045801526718,49.11832061068702,137.86453035642793,81.89747494738357,1.0116311610687363,True,50.92875318066159,50.650127226463106,2026-06-30,False
3110129,0.07069274601235563,1.0575214429603732,4,26,350,7,22,409,31,427,1936,100,179,2673,False,,0.6470588235294118,68838243.63636364,0.0,,215.42305448364155,403.7743185657563,0.8670340704359335,False,41.768447837150134,47.39703985105969,182.28104610154287,169.26370731445053,0.7050652449034389,True,54.694656488549626,53.286259541984734,2026-06-30,False
3110130,0.04306535896196093,1.0137950571985008,1,6,31,2,4,44,31,226,640,96,100,1093,False,,0.5,108631594.5,0.0,,64.47081993690487,222.92474045446963,1.1171190393742134,False,27.493638676844782,44.612161738377935,42.98054662460325,98.63926568781842,0.9598647661511193,True,33.43511450381679,38.404580152671755,2026-06-30,False
3110131,0.13186514549006162,1.3909429870254506,12,143,326,13,101,595,108,895,3479,172,505,5159,False,,0.8611111111111112,65193559.338709675,0.788659793814433,162865598.24215597,786.2968993573016,643.4483716072137,0.9403226956354501,False,70.69974554707379,66.33849582990953,555.356551294318,363.06304766664016,1.0256382864825437,False,82.25190839694656,86.81146335661613,2026-06-30,False
3110132,0.07645014802799488,1.0563673530292237,2,24,105,5,16,152,26,333,1762,81,169,2371,False,,0.375,,0.6756756756756757,24820411.92,189.79811707841282,315.2312489070152,0.7639639804309809,True,31.157760814249365,36.81043256997455,126.5320780522752,159.98222542127797,0.7501035167576945,False,49.93638676844784,50.84782201270102,2026-06-30,False
3110136,0.2606282955711468,1.7095383579201435,13,86,438,17,68,622,142,886,3065,233,497,4823,False,,0.7830188679245284,65688578.975903615,0.7658227848101266,39938930.22314049,276.85822967889425,518.2685699301443,0.9953781599908788,False,56.48854961832062,56.62466804015672,218.91115835075357,290.7217598818078,1.0793741640154344,False,76.71755725190839,74.43883398568431,2026-06-30,False
3110105,0.06900947257737478,1.2153896035836778,2,28,54,5,21,110,37,272,663,99,123,1194,False,,0.6538461538461539,24901671.17647059,0.6521739130434783,47649337.06666667,235.27538937537614,223.79654984540372,1.2285655376651692,False,48.587786259541986,38.13001512426909,176.4565420315321,101.20211629038477,1.0775748389190192,False,59.211195928753185,64.39401278752099,2026-06-30,False
3110106,0.021366252006735875,0.770665436196043,0,10,25,2,0,37,7,107,419,63,58,654,False,,0.4444444444444444,,0.0,,140.122252728869,138.8410521278149,0.8914515143238942,True,18.587786259541986,28.01145038167939,0.0,75.25963573283424,0.9324536795100439,True,21.0941475826972,29.76590330788804,2026-06-30,False
3110107,0.022190586278084824,0.8523428964566581,2,19,28,2,8,59,30,225,466,74,99,894,False,,0.8666666666666667,107634879.6923077,0.5,50947097.25,263.19221077953625,263.9782661829708,1.351846786163848,False,57.96437659033079,65.80127266159349,110.81777295980473,116.15043712050715,1.155247674311504,False,55.68702290076337,62.52199251778647,2026-06-30,False
3110112,0.06859122287597944,1.0369672492745485,3,29,67,8,11,118,65,362,1152,113,147,1839,False,,0.7391304347826086,101477512.1764706,0.7333333333333333,12804918.0,244.53749018447746,349.0949210336695,1.06549319971553,False,49.86005089058524,59.145405358199056,92.75559972514662,141.75953975676634,0.8402645021989988,False,46.76844783715013,43.27615711206741,2026-06-30,False
3110113,0.0891146652535318,1.1128510532035083,0,9,38,7,2,56,9,71,261,28,30,399,False,,0.6,14412046.5,0.0,,64.69483273814305,63.800092380391675,0.9666568926132411,False,12.862595419847327,10.548278572364266,14.376629497365121,26.957785512841554,0.8027469457256693,True,12.302798982188296,23.611959287531807,2026-06-30,False
3110114,0.027057555825684875,0.881276646124776,2,8,18,5,1,34,37,281,618,88,76,1100,False,,1.0,173697955.40451267,0.0,,103.81850182345693,318.85560707371167,1.3739190047068877,False,48.40966921119593,63.27834411086367,12.977312727932116,86.23852718007859,0.7313498943492542,True,14.351145038167939,25.045801526717554,2026-06-30,False
3110133,0.0801873202095715,1.148856168883649,0,11,39,1,5,56,34,240,853,111,144,1382,False,,0.7272727272727273,73934836.625,0.0,,84.49363564971259,208.90343499936077,0.9421956037132355,False,18.56234096692112,32.36961371584634,38.40619802259663,125.34206099961646,1.0899550358628172,True,41.08142493638677,43.75699745547074,2026-06-30,False
3110134,0.22282641880690976,1.556205343342883,19,58,206,19,31,333,74,421,1269,123,248,2135,False,,0.7454545454545455,41823515.24390244,0.125,,212.58938285243164,270.52985121850975,1.067475098188107,False,40.92875318066157,38.478520362188526,113.62535980043761,159.3620026180295,1.214254858347119,True,63.98218829516539,59.787531806615775,2026-06-30,False
3110135,0.13676175426328718,1.7357641642770623,4,21,141,5,6,177,39,450,2089,104,180,2862,False,,0.7368421052631579,68645187.14285715,0.0,,112.44272192043813,259.25180923839554,0.8534622616980605,False,20.699745547073793,32.50854263178161,32.12649197726804,103.70072369535822,0.6626108707807304,True,19.071246819338423,28.349872773536894,2026-06-30,False
3110115,0.08087794177592772,1.0773905650906035,7,27,126,14,12,186,73,419,1186,125,121,1924,False,,0.8518518518518519,119017738.47826087,0.8064516129032258,53097765.24,206.29908778842128,388.90260744464945,1.1771991228114425,False,55.31806615776081,65.21250590481634,91.68848346152058,112.30839021671261,0.6642748414478635,False,34.16030534351145,48.04819107756849,2026-06-30,False
3110116,0.09808270895781873,1.215005757136214,1,4,32,4,3,44,33,230,582,137,79,1061,False,,1.0,52718096.5,0.0,,27.01193156278224,189.2995145488967,1.169750398189392,False,25.6234096692112,31.836542774688088,20.25894867208668,65.02026804070799,0.7863090967793661,True,15.916030534351142,26.1412213740458,2026-06-30,False
3110117,0.0497353498384075,0.9651402930248432,3,17,28,4,8,60,57,305,779,138,77,1356,False,,0.8571428571428571,34666788.166666664,0.0,,170.45109910922875,316.0162332919502,1.2139729398002106,False,49.033078880407125,41.53064351581697,80.21228193375471,79.78114742124644,0.60382731741597,True,24.491094147582697,32.14376590330789,2026-06-30,False
3110118,0.06357522801374411,1.0138481930695835,0,32,133,14,13,192,81,473,1001,99,182,1836,False,,0.75,57181958.53333333,0.3333333333333333,,281.75158051302856,466.53927405829734,1.3895137348731261,False,73.8295165394402,67.17208123439441,114.46157958341784,179.5140547116493,1.0381721334113752,True,62.50636132315521,58.75445292620864,2026-06-30,False
3110119,0.022523703971870597,0.8460273966804241,2,5,14,4,1,26,37,251,629,137,54,1108,False,,0.0,,0.0,,68.9429762431787,296.68069968520416,1.221424385995955,True,38.72773536895674,42.10941475826972,13.78859524863574,63.827720251000095,0.5236214336461879,True,6.603053435114504,19.62213740458015,2026-06-30,False
3110120,0.03485196702185528,0.8818621109123391,4,50,74,4,29,161,34,341,753,42,126,1296,False,,0.0,,0.673469387755102,43297968.09090909,589.2615310511485,386.6817677961185,1.416005673777945,True,79.59287531806615,70.71501272264629,341.7716880096661,142.87948018273,1.0183932479702191,False,70.13994910941476,71.02430998565548,2026-06-30,False
3110121,0.029266821799125004,0.8227719037874495,0,19,48,4,2,73,54,255,421,56,31,817,False,,0.45,,0.0,,239.6967554489454,309.9279385041755,1.6666516581709347,True,62.290076335877856,58.6030534351145,25.231237415678464,37.67751409266447,0.41895834833552437,True,5.356234096692112,18.74936386768448,2026-06-30,False
3110122,0.08033464814225844,1.1806466762865757,6,26,85,14,9,140,17,144,441,114,45,761,False,,0.95,173697955.40451267,0.0,,199.48647861941797,121.96705660741402,1.024308616265301,False,29.083969465648853,49.750354288980716,69.05301182979854,38.11470518981688,0.6340931220916158,True,18.142493638676847,27.699745547073793,2026-06-30,False
3110123,0.1695529766389479,1.4965673519568923,2,18,71,17,6,114,51,347,673,133,156,1360,False,,0.6875,153981914.0909091,0.0,,81.98476866747643,231.86393819581008,1.3741964231946993,False,40.38167938931298,56.441902561598646,27.328256222492143,104.23854282001835,1.1976747385070665,True,36.335877862595424,40.43511450381679,2026-06-30,False
3110124,0.07959597285676161,1.0854236180303682,2,26,243,9,21,301,41,459,1659,91,188,2438,False,,0.42857142857142855,,0.0,,200.62351805281008,422.87637045609046,1.0198448614454647,True,47.50636132315522,48.25445292620865,162.04207227342354,173.2042650234096,0.8104152710246714,True,58.15521628498728,55.708651399491096,2026-06-30,False
3110125,0.12892270405599446,1.4028558624482486,1,37,63,14,4,119,62,384,609,99,120,1274,False,,0.6666666666666666,48013267.54545455,0.0,,206.79320824718098,273.7273374114483,1.6185646533044031,False,57.137404580152676,51.790254968977386,22.356022513208757,85.53979294107758,0.987357177043902,True,27.53180661577608,34.27226463104326,2026-06-30,False
3110126,0.01853052674553681,0.7622171711527523,2,20,32,4,0,58,48,512,1672,81,220,2533,False,,0.34782608695652173,,0.0,,291.8407452822116,671.7245679806293,1.0940867774269432,True,67.08651399491094,61.96055979643766,0.0,288.6316503041767,0.9112141596773136,True,39.64376590330788,42.75063613231551,2026-06-30,False
3110127,0.038774408817297136,0.9024140271813594,2,16,140,4,8,170,47,419,1692,78,243,2479,False,,0.3684210526315789,,0.0,,180.2321210939171,464.310158507535,0.9167983602923709,True,43.651399491094146,45.5559796437659,90.11606054695855,269.27772915830786,1.0268893430458859,True,62.11195928753181,58.478371501272264,2026-06-30,False
3110128,0.24733970065891672,1.6825872730251743,14,96,362,26,53,551,62,429,1431,101,225,2248,False,,0.9560439560439561,38470672.90804598,0.7195121951219512,2849189.7966101696,322.8630411184922,254.96448646535165,1.0335511826128274,False,45.089058524173026,40.26748917284935,178.24730395083424,133.72263276154806,1.0482169876524758,False,63.969465648854964,47.413186860714056,2026-06-30,False
3110157,0.11515759171876147,1.1891834586803665,3,28,131,19,14,195,38,298,873,150,123,1482,False,,0.9166666666666666,56548397.04545455,0.4074074074074074,,169.53504654923634,250.59211665346385,1.0877240336972014,False,36.99745547073792,41.20243099800328,84.76752327461817,103.43231660528878,0.8723224886487297,True,39.770992366412216,42.83969465648855,2026-06-30,False
3130076,0.028989862634905574,0.8523772980515802,4,31,64,20,24,143,32,289,870,121,112,1424,False,,0.8461538461538461,70751571.36363636,0.3181818181818182,,392.455423593826,339.0517329128956,1.0975752969281654,False,59.14758269720102,60.030452973844135,303.8364569758653,131.39721137108756,0.8278401019767755,True,59.07124681933842,56.349872773536894,2026-06-30,False
3130075,0.010815533065002979,0.6947039508152428,2,7,9,7,11,36,41,312,888,115,126,1482,False,,0.8888888888888888,42123103.625,0.5714285714285714,11346586.0,115.10217286952029,449.11217164356776,1.1378930226031845,False,47.74809160305344,43.532868490312126,180.87484308067474,181.37222316374852,0.8931147134976921,False,64.05852417302799,54.104423011771146,2026-06-30,False
3130074,0.014261140784554071,0.8261127263583189,1,12,19,14,4,50,46,371,1096,129,189,1831,False,,1.0,24725138.125,0.0,,186.7380481188772,449.0912537268941,1.0962767584551,False,52.938931297709914,41.12901477891175,62.24601603962574,228.78233680426678,1.080378382704334,True,55.0381679389313,53.52671755725191,2026-06-30,False
3130084,0.01618076619962991,0.7262871859589703,3,25,30,22,24,104,32,173,647,98,121,1071,False,,0.8333333333333334,53588121.8,0.6774193548387096,26529813.904761903,377.75325726192335,238.19778641912205,0.8786170651402299,False,39.5674300254453,42.0185738727259,362.6431269714464,166.60076391164029,1.1789219256940284,False,76.43765903307887,69.9936134478011,2026-06-30,False
3130083,0.0417507098680234,0.8729292188571754,8,59,69,62,30,228,78,321,985,143,135,1662,False,,0.9122807017543859,56516454.942307696,0.3684210526315789,,643.0467958762077,367.7274091251613,1.0456610563786235,False,63.70229007633587,59.84901334984696,326.97294705569885,154.6517141180585,0.853843368039837,True,64.72010178117048,60.30407124681933,2026-06-30,False
3130082,0.007792758581978666,0.6543808515845388,0,8,14,3,5,30,48,117,398,62,31,656,False,,0.7,34047717.0,0.5,1134044.0,138.42564702378846,178.79496277541196,0.9678357781574427,False,22.608142493638677,22.79917868470464,86.51602938986778,47.37302432510915,0.5172853076387597,False,21.463104325699746,16.044003056318434,2026-06-30,False
3130081,0.043687974933123264,0.9602205323897312,1,56,50,49,17,173,50,388,1272,179,179,2068,False,,0.9285714285714286,31697743.153846152,0.6666666666666666,17934429.166666668,597.7287911279345,404.07384232283823,1.0163399957656465,False,62.86259541984734,50.27526765192746,181.4533830209801,186.41550973141247,0.9083848221992351,False,64.94910941475825,59.14709613707298,2026-06-30,False
3130080,0.006160205867578242,0.6410754817685503,0,2,2,2,0,6,27,198,600,109,74,1008,False,,0.0,,0.0,,35.61240506695893,308.8559859656037,1.0624409043984084,True,27.849872773536898,34.49491094147582,0.0,115.43102505785188,0.775979593417055,True,20.178117048346053,29.124681933842236,2026-06-30,False
3130079,0.011039600557968274,0.6878872873732944,0,12,17,6,4,39,153,572,1215,112,151,2203,False,,0.6666666666666666,62624842.25,0.0,,196.59368492432716,831.5315757385031,1.4013611547944593,False,74.04580152671757,68.02550880661181,65.53122830810905,219.51270618271673,0.7220651499800436,True,40.87786259541985,43.61450381679389,2026-06-30,False
3130078,0.018615662436390124,0.7802101727035905,3,33,45,19,6,106,162,672,1551,127,184,2696,False,,0.9354838709677419,36466180.37931035,0.0,,480.93975672963177,861.3063806530236,1.3466854507852708,False,87.02290076335876,68.77874504293148,87.44359213266033,235.83388994070884,0.7183374041061557,True,47.06106870229008,47.94274809160305,2026-06-30,False
3130077,0.005328489273956967,0.6261392592334564,0,5,15,1,1,22,126,485,1100,133,298,2142,False,,0.0,,0.0,,90.36935700959924,774.5880694236544,1.2236885998597642,True,58.2824427480916,55.797709923664115,18.07387140191985,475.9324632747402,1.4515772718763196,True,54.63104325699746,53.24173027989822,2026-06-30,False
3120061,0.04718781488023358,1.1172662283513843,1,29,158,16,6,210,21,213,907,95,72,1308,False,,0.9333333333333333,173697955.40451267,0.5384615384615384,36098857.71428572,298.3913161926447,190.6439079558491,0.8849681769755166,False,33.66412213740458,52.956461159209724,61.73613438468511,64.44301114000532,0.5863290398498872,False,18.231552162849873,32.64877206640284,2026-06-30,False
3120060,0.12710823140706912,1.3040733293949154,0,70,332,20,573,995,13,226,974,83,615,1911,False,,1.0,66133418.75757576,0.987012987012987,68359334.98552631,395.23854675681673,173.30313787251754,0.646329047510171,False,33.040712468193384,40.304785779217426,3235.3098184522282,471.59924686547913,3.3357846543969076,False,95.53435114503817,92.62475401682417,2026-06-30,False
3120059,0.10896127250078992,1.2335160416923328,9,84,217,25,15,350,62,457,1631,135,697,2982,False,,0.9,106682330.95238096,0.6551724137931034,2397524.8421052634,528.4305961980933,370.4856560868191,0.832051997491273,False,52.837150127226465,61.978204777046045,94.36260646394524,565.0514273359145,2.434946574615643,False,75.12722646310432,54.8836760879124,2026-06-30,False
3120058,0.09265686549517108,1.3815344045181188,7,56,133,13,21,230,26,257,965,76,99,1423,False,,0.9142857142857143,51613381.03125,0.6521739130434783,11935195.933333334,392.5503326154015,186.02504516682086,0.9790023785784405,False,40.916030534351144,42.1201605316121,147.20637473077554,71.65945319655745,0.7346516524871506,False,38.91857506361323,37.101359485039175,2026-06-30,False
3120057,0.20125745003282175,1.8187964776995076,14,114,312,38,42,520,70,485,1520,209,225,2509,False,,1.0,89893575.9090909,0.7951807228915663,56102959.95454545,453.7178896988256,266.6598522411089,1.0468104131135911,False,51.27226463104326,58.49588945389877,167.15922252061995,123.70817887474124,0.9404640795086019,False,57.97709923664122,65.05989014553553,2026-06-30,False
3120056,0.1587338933954685,1.6732597464670673,42,171,464,31,52,760,93,670,2038,226,272,3299,False,,1.0,85877578.12903225,0.7386363636363636,35468496.015384614,819.2248858982492,400.4160151552339,1.0994977582568206,False,71.56488549618321,72.09229972252325,249.12101793397053,162.55694943615464,0.8652341604369368,False,63.63867684478371,64.09381600098033,2026-06-30,False
3120055,0.2886931938551902,2.039683233601426,61,235,809,68,99,1272,160,709,2354,274,323,3820,False,,1.0,100138008.52525252,0.7278481012658228,74192449.91304348,693.8432902211649,347.6029945827096,1.0055947580542746,False,60.63613231552162,66.501454867355,292.299939284661,158.35792277886486,0.8869630824966994,False,65.40712468193384,71.87563883542734,2026-06-30,False
3120054,0.14520222230987612,1.6786730873289337,27,195,407,35,47,711,95,699,1842,162,179,2977,False,,1.0,66445597.20710059,0.5833333333333334,10270120.357142856,998.9640368460812,416.4003136025924,1.2694902928136,False,83.0025445292621,75.41847383819017,240.7759473423888,106.63183996404011,0.6337849540984354,False,45.35623409669211,40.24794743708958,2026-06-30,False
3120053,0.27508233987304587,2.0463585162304883,113,395,680,53,257,1498,207,1122,2704,284,473,4790,False,,1.0,87392892.9439528,0.9023255813953488,26237209.791237112,1215.0767714858305,548.291020904191,1.2674849376911697,False,89.68193384223918,85.1018466692866,790.56893739711,231.14229312627663,1.0345850759738284,False,79.8473282442748,72.21041022425015,2026-06-30,False
3110158,0.1667987598606485,1.4563802438625764,16,52,156,22,13,259,104,353,1012,169,130,1768,False,,0.7446808510638298,28697910.971428573,0.4,,239.85377053551406,242.38175537439452,1.0804463476372133,False,41.73027989821883,34.593411217364725,59.963442633878515,89.26240282909713,0.7743640556752052,True,26.895674300254456,33.82697201017812,2026-06-30,False
3110159,0.2108953271895923,1.7123225435567395,8,73,277,30,53,441,85,573,1811,234,235,2938,False,,0.8333333333333334,41836066.38,0.676056338028169,25150665.625,279.8057013376518,334.63321624546086,1.0561515193591218,False,51.14503816793893,45.67672172535756,203.14660508076088,137.2404988092204,0.8398352800239592,False,57.55725190839695,56.26741344635945,2026-06-30,False
3110160,0.047847939820143744,0.9389227882908369,0,10,49,3,4,66,21,183,605,43,56,908,False,,0.2222222222222222,,0.0,,102.19939242850896,194.90420541727727,1.0890617236011249,True,26.93384223918575,33.853689567430024,40.87975697140359,59.6428169582925,0.6576116781845585,True,14.745547073791347,25.32188295165394,2026-06-30,False
3110139,0.15586074381157236,1.3987508547583518,14,44,212,20,30,320,55,369,1131,150,149,1854,False,,0.8095238095238095,21146294.147058822,0.4444444444444444,,213.73671922741084,263.80680930039426,1.077141478705546,False,41.05597964376591,31.734505563428648,145.72958129141648,106.52361676357384,0.8446990006675601,True,48.969465648854964,49.278625954198475,2026-06-30,False
3110140,0.17974631926896797,1.590371198053844,12,109,241,32,20,414,165,763,2075,227,438,3668,False,,0.8584070796460177,51738843.690721646,0.32432432432432434,,474.4363276279165,479.7622095606938,1.126047961549122,False,70.55979643765903,62.96440040807739,87.05253717943421,275.4074020807128,1.249303737116862,True,66.03053435114504,61.221374045801525,2026-06-30,False
3110141,0.06745826762806122,0.9998853972405064,18,32,112,6,9,177,156,758,2027,151,237,3329,False,,0.8387096774193549,48196129.5,0.6666666666666666,2724488.214285714,272.4371868085945,758.0868788482519,1.2316267066982498,False,74.50381679389312,64.18075287897011,76.62295878991719,237.02716396706558,0.7483148775703676,False,45.25445292620865,34.227692119167585,2026-06-30,False
3110142,0.11689233931065207,1.1726793752971278,10,84,177,16,8,295,166,775,2120,165,221,3447,False,,0.8048780487804879,33468957.151515152,0.0,,503.3184887153093,660.8797053360253,1.2163199227583568,False,81.06870229007633,63.487561181836575,47.93509416336279,188.45730952162785,0.6746969147474352,True,34.109414758269715,38.8765903307888,2026-06-30,False
3110144,0.04282951128318643,0.926515780434377,5,20,68,6,2,101,98,591,1330,115,140,2274,False,,0.29411764705882354,,0.0,,215.44872663379476,637.8736471416843,1.4028586041194036,True,73.72773536895674,66.60941475826971,21.544872663379476,151.10374043965447,0.649782719332808,True,24.00763358778626,31.80534351145038,2026-06-30,False
3110145,0.014956070098912526,0.746477277856693,3,7,24,4,0,38,47,323,793,81,76,1320,False,,0.0,,0.0,,107.76514018383006,432.6990379766238,1.3185888955528322,True,54.720101781170484,53.30407124681933,0.0,101.8115383474409,0.6121669486034498,True,12.048346055979643,23.43384223918575,2026-06-30,False
3110146,0.10688518554342125,1.2776897740555857,4,28,145,13,9,199,28,273,831,125,85,1342,False,,0.8333333333333334,74286752.95,0.0,,178.47446782826043,213.66688968125308,1.0999872222332459,False,36.50127226463104,45.02046936839305,57.36679323051228,66.52632096302752,0.671092501843696,True,19.796437659033078,28.857506361323153,2026-06-30,False
3110147,0.15702876874216162,1.3469307771824355,8,51,119,20,17,215,69,394,1290,123,162,2038,False,,0.825,57962752.96969697,0.45,,246.34257504335818,292.5168885250252,1.0468040695973906,False,44.07124681933842,46.434896174472925,82.1141916811194,120.27344147475654,0.8354175892012017,True,40.24173027989822,43.16921119592875,2026-06-30,False
3110148,0.04575699130738685,1.0941817364643407,4,43,51,4,3,105,90,469,953,79,96,1687,False,,0.9512195121951219,41883888.76923077,0.0,,449.05337367970236,428.6308063553432,1.4974721176854218,False,79.55470737913485,65.65709391734447,31.32930514044435,87.7367961836097,0.6033843955108903,True,14.541984732824426,25.179389312977097,2026-06-30,False
3110149,0.045956609251849884,0.8940646247496048,0,12,42,1,2,57,50,280,729,71,84,1214,False,,0.0,,0.0,,125.05652391806102,313.1764664980654,1.243657736749949,True,45.547073791348595,46.88295165394402,20.842753986343503,93.95293994941962,0.7317199607762651,True,17.391857506361323,27.174300254452923,2026-06-30,False
3110150,0.15951027742691867,1.3568484285283393,20,41,178,15,21,275,127,461,1465,178,204,2435,False,,0.6585365853658537,33010422.777777776,0.0,,195.69445710987426,339.75792012377417,1.0254821986414195,False,42.51908396946565,36.36242274118445,100.23374632456975,150.34840716973954,0.8794212535784672,True,50.67430025445292,50.472010178117046,2026-06-30,False
3110151,0.1075738237778287,1.2726266986348715,11,48,162,11,15,247,31,279,911,158,115,1494,False,,0.8571428571428571,48120062.952380955,0.21052631578947367,,304.61912295583835,219.23160994443955,1.0116089066371985,False,40.81424936386769,40.45765006172766,95.19347592369948,90.36428366885502,0.8104444568542407,True,36.99745547073792,40.89821882951654,2026-06-30,False
3110152,0.050805595201208927,0.9514523857357564,3,14,56,3,3,79,72,247,746,123,113,1301,False,,0.7777777777777778,171424718.7142857,0.0,,138.88117987950832,259.6031117300687,1.028030013565749,False,30.68702290076336,50.17046361243762,29.760252831323214,118.76579605464681,0.9122154692698037,True,31.895674300254452,37.32697201017811,2026-06-30,False
3110153,0.050068231912847115,1.0520252126009109,6,10,98,2,7,123,140,546,1649,195,215,2745,False,,0.0,,0.0,,99.93181461134785,518.998968332831,1.0768882658767662,True,46.1323155216285,47.292620865139945,69.9522702279435,204.36772562556536,0.8227190935616467,True,45.86513994910941,47.105597964376585,2026-06-30,False
3110156,0.15369613736399262,1.3630441159375308,2,30,145,12,13,202,77,394,1419,131,151,2172,False,,0.8260869565217391,72037176.0,0.0,,147.27819775193785,289.0588759330056,0.9831020962431443,False,31.157760814249365,40.811992632377056,63.82055235917307,110.78144737533971,0.7322304631723149,True,29.541984732824428,35.679389312977094,2026-06-30,False
3110174,0.10345849636284345,1.2759451403339095,9,41,108,20,19,197,54,366,1019,161,168,1768,False,,0.9361702127659575,30812442.40909091,0.6060606060606061,17469539.3,267.1732160274655,286.84618831199856,1.119621687138882,False,49.669211195928746,40.759087462735145,123.81197815906937,131.66710283173703,0.9958394117971898,False,56.80661577608142,53.107407247222994,2026-06-30,False
3110175,0.0961147833132825,1.232189587414415,4,21,108,9,15,157,63,448,1320,124,140,2095,False,,0.7647058823529411,24141846.0,0.4583333333333333,,143.7226235689938,363.58041374141783,1.156412404342164,False,46.959287531806616,36.66245291033015,102.65901683499558,113.61887929419308,0.7045173578083715,True,37.45547073791349,41.218829516539444,2026-06-30,False
3110178,0.04593285134960441,0.9737866073083603,1,16,35,2,3,57,11,102,285,28,29,455,False,,0.8181818181818182,33399338.888888888,0.8571428571428571,3687797.1666666665,166.78332578369648,104.74574124811369,1.2013640861614694,False,35.81424936386769,31.715840389340762,31.271873584443092,29.7806519234833,0.6884518729740928,False,11.475826972010179,11.602483979557267,2026-06-30,False
3110179,0.0420853663614844,0.9154196594784192,5,24,55,5,6,95,11,109,277,30,25,452,False,,0.85,95054844.47058824,0.5833333333333334,10483164.142857144,260.62772998900977,119.0710717990317,1.287529745645718,False,48.54961832061069,57.3388669897941,65.15693249725244,27.309878852988923,0.6057718528981882,False,16.513994910941477,20.143365842758183,2026-06-30,False
3110154,0.10210176400448903,1.2459294458161896,7,45,142,23,31,248,47,401,1365,200,189,2202,False,,0.8055555555555556,66976801.5862069,0.6060606060606061,36267983.35,295.8545569443356,321.84808003900326,0.9868810804392146,False,46.04325699745547,49.78098192629996,203.81091700609787,151.69398286127586,0.9007993594143215,False,62.3791348600509,63.722051625831654,2026-06-30,False
3110155,0.09731407400343176,1.400296743002936,3,28,117,5,6,159,63,507,1407,175,309,2461,False,,0.7741935483870968,28982866.083333332,0.0,,190.0700947239279,362.0661138672212,1.1148346674171115,False,49.338422391857506,40.10631845121133,40.729306012270264,220.66751318534781,1.3119622356796523,True,53.43511450381679,52.40458015267175,2026-06-30,False
3110161,0.14190086476511463,1.3904793620433349,8,45,171,15,23,262,96,377,1065,180,138,1856,False,,0.8809523809523809,48364257.16216216,0.6190476190476191,2419145.0,234.49607720673743,271.12951856113244,1.0989822652683023,False,44.70737913486005,43.463652133871605,119.85355057233247,99.246348969327,0.7826833630408458,False,41.23409669211196,31.2434710839118,2026-06-30,False
3110162,0.07094502140673456,1.1072422528471502,3,25,88,7,6,129,114,471,1718,192,227,2722,False,,0.7727272727272727,17907800.29411765,0.5,14562703.5,206.70549071983487,425.3811654937083,0.9382253370892301,False,44.10941475826972,33.12308019038319,49.60931777276037,205.01385258401652,0.8752895568750343,False,43.54961832061069,42.21277815020652,2026-06-30,False
3110143,0.008061338928178209,0.7389965106637938,0,4,25,0,1,30,19,167,608,87,81,962,False,,0.75,78686429.0,0.0,,68.89265858901383,225.98212250013802,0.942386979746286,False,18.333333333333336,33.379355174206964,17.22316464725346,109.60809534437831,0.8859090597117365,True,26.513994910941477,33.55979643765903,2026-06-30,False
3110176,0.13531773651695475,1.4884165850093856,3,33,141,18,18,213,50,307,894,137,148,1536,False,,0.896551724137931,30046310.807692308,0.78125,7842883.44,178.07253973761343,206.25945927501482,1.0813556808217013,False,34.73282442748092,30.06960736444725,97.13047622051641,99.43452759837848,1.0095361659858275,False,47.30279898218829,40.16578365013803,2026-06-30,False
3110177,0.029079075187662114,0.9514503109625304,0,10,18,3,3,34,26,206,413,67,54,766,False,,0.8888888888888888,16873644.5,0.75,12067246.666666666,126.45570242531359,216.51156936572025,1.4398990768596955,False,43.99491094147583,32.85572003032793,37.936710727594075,56.75545993081987,0.7485944616700524,False,17.010178117048344,21.850467458137807,2026-06-30,False
3110163,0.06648280798236972,1.0453460646318833,4,33,108,9,14,168,28,190,683,93,91,1085,False,,0.8,52297002.2,0.22727272727272727,,283.30360996272276,181.7579904190945,0.9501952039020434,False,34.50381679389313,37.95922401781567,120.18941028721571,87.05251120072421,0.8821655609621644,True,43.99491094147583,45.796437659033074,2026-06-30,False
3110164,0.08504955305241958,1.1062054164454844,0,6,76,6,10,98,50,305,1039,129,131,1654,False,,0.0,,0.3125,,44.42813666825758,275.7173265161199,0.9991487497405533,True,22.010178117048344,30.40712468193384,74.04689444709597,118.42285171675968,0.8330082265011258,True,38.19338422391858,41.735368956743,2026-06-30,False
3110165,0.09568707845541873,1.1867161671246105,3,28,99,16,6,152,79,404,1181,188,199,2051,False,,0.9642857142857143,37650807.44444445,0.47619047619047616,,192.19274829900715,340.4352373313359,1.0663014531215116,False,45.16539440203562,39.85290556660434,41.18416034978725,167.6896342300392,1.016519453845044,True,45.44529262086514,46.81170483460559,2026-06-30,False
3110166,0.13161955938224393,1.2861494490588437,15,79,197,15,21,327,77,506,1478,120,185,2366,False,,0.9382716049382716,40206758.05263158,0.6216216216216216,1514117.4782608696,434.9751770608218,393.4223976616963,1.1567758371177705,False,66.65394402035624,55.9245314850762,115.62631288958555,143.84020467868342,0.8216473476282377,False,50.0381679389313,36.38649092835672,2026-06-30,False
3110167,0.15435382465986328,1.4139236697889397,9,46,168,20,31,274,89,475,1786,218,243,2811,False,,0.8857142857142857,50311621.03225806,0.5476190476190477,20893541.739130434,225.0997752381914,335.9445846683538,0.916462207278052,False,39.66921119592876,40.68576452981784,151.69767461704203,171.86217699875786,0.9068867869419668,False,61.348600508905854,57.47659825991681,2026-06-30,False
3110168,0.05851384265027913,1.0676743781993259,0,19,62,8,5,94,23,217,651,93,104,1088,False,,0.5,65033694.5,0.0,,175.09286866960954,203.24548797918976,1.0784976958860697,False,34.223918575063614,40.71181320535264,46.07707070252883,97.40797580569463,1.001650498822196,True,35.38167938931298,39.76717557251908,2026-06-30,False
3110169,0.07550016010689899,1.207897324726298,1,15,76,9,4,105,20,242,878,91,650,1881,False,,0.8823529411764706,15474193.733333332,0.2857142857142857,,119.52175987045152,200.34815463709688,0.7018402375964318,False,14.707379134860052,11.980032789097823,31.87246929878707,538.1252087360041,3.580079989806434,True,62.21374045801526,58.549618320610676,2026-06-30,False
3110170,0.12072697536283442,1.299744218816356,5,39,157,17,17,235,81,525,1548,120,180,2454,False,,0.7333333333333333,40754487.72727273,0.5588235294117647,6368931.47368421,228.43490266910635,403.9256281348219,1.1572389979747408,False,56.895674300254456,49.37455391345425,99.57418834294378,138.48878678908181,0.7714455065611402,False,43.16793893129771,36.08157991479791,2026-06-30,False
3110171,0.0478786027684498,0.9338583990041778,1,1,17,2,3,24,25,187,673,104,118,1107,False,,0.0,,0.0,,10.216737588354091,200.24449124129302,0.9175135443669656,True,11.297709923664122,22.908396946564885,30.650212765062275,126.35748645172501,1.1139447636037767,True,39.68193384223919,42.777353689567434,2026-06-30,False
3110172,0.09549861195097356,1.3480525349507382,0,27,87,12,10,136,29,309,853,99,105,1395,False,,0.7727272727272727,16807344.76470588,0.4666666666666667,,185.56878060869593,229.2195533843136,1.1959575422950712,False,43.06615776081425,32.15879093178994,68.72917800322071,77.89013949952404,0.7932102028119945,True,28.206106870229007,34.7442748091603,2026-06-30,False
3110173,0.04926708562228645,0.9430045659217856,0,8,65,7,1,81,32,329,1103,90,654,2208,False,,0.4444444444444444,,0.0,,80.59066053817862,348.88484307433123,0.8099215879389635,True,24.732824427480914,32.31297709923663,10.073832567272328,693.5279251386402,3.075714917701342,True,58.295165394402034,55.80661577608142,2026-06-30,False
3110180,0.07469889616192582,1.225425319514599,4,36,135,5,14,194,11,107,415,26,43,602,False,,0.9354838709677419,60628950.344827585,0.5681818181818182,162865598.24215597,288.6954183880887,87.31662247878441,0.9647987908188982,False,32.3027989821883,38.524595792992024,112.27044048425671,35.089857631661026,0.7604574318460664,False,31.475826972010175,51.26820635916066,2026-06-30,False
3110181,0.14174734191881871,1.4161509890943618,1,12,70,7,26,116,56,491,1227,147,327,2248,False,,0.7857142857142857,34164623.63636363,0.5737704918032787,2316270.1428571427,62.58235384081891,346.71444202005455,1.1810189392916968,False,39.592875318066156,34.73529353387875,135.59509998844098,230.90758154899763,1.517438539467867,False,73.10432569974554,53.127702210785046,2026-06-30,False
3130104,0.02644791434145678,0.8342722201695362,3,19,20,14,13,69,27,250,559,102,97,1035,False,,0.8571428571428571,51363673.0,0.46153846153846156,,248.5352303417456,299.66238112207117,1.3000588736728174,False,58.06615776081425,54.0316458459865,170.05042076014175,116.26900387536361,0.9826199891230757,True,58.778625954198475,56.14503816793893,2026-06-30,False
3130103,0.011622126794468076,0.6986762297936034,0,2,7,3,1,13,20,125,306,47,40,538,False,,0.0,,0.0,,32.4558742782559,178.9097648805461,1.2452136447724917,True,29.669211195928757,35.76844783715013,16.22793713912795,57.251124761774754,0.7907944594279627,True,14.236641221374045,24.96564885496183,2026-06-30,False
3130099,0.021809120386584967,0.7680837058342539,2,23,28,11,24,88,15,212,568,89,88,972,False,,0.8,31041041.7,0.7307692307692307,13005127.736842105,320.29357658441324,276.0115836199601,1.1763165369175597,False,54.82188295165395,44.412759563817666,334.2193842619964,114.57084603092683,0.950276204092996,False,62.95165394402035,54.689387222570616,2026-06-30,False
3130098,0.0322115722517486,0.8680781310749964,2,38,74,6,15,135,73,461,936,123,124,1717,False,,0.8108108108108109,37814392.53333333,0.4,,462.22203224183875,531.0581887705365,1.4469454033492268,False,84.07124681933843,67.18060600286607,182.45606535862055,142.84428504890786,0.7609793269380404,True,53.67684478371502,52.57379134860051,2026-06-30,False
3130102,0.007291303282061208,0.6556517392618052,3,8,11,5,4,31,20,91,366,49,40,566,False,,0.5,119384736.66666667,0.0,,139.63724931537598,138.79319545839445,0.8776188304832289,False,18.104325699745548,39.3032932004303,69.81862465768799,61.00799800368986,0.7536430418709443,True,24.478371501272264,32.13486005089058,2026-06-30,False
3130101,0.01834351105136439,0.8484899333043427,4,22,33,16,6,81,39,236,847,113,142,1377,False,,0.8636363636363636,26172182.789473683,0.6363636363636364,9725624.285714285,321.903274525443,278.14119029194154,0.9301401487105215,False,41.79389312977099,33.70190303795358,87.79180214330263,167.35613992142245,1.0789324434900807,False,57.913486005089055,48.61309459449718,2026-06-30,False
3130100,0.022189289646434872,0.7808407153661316,3,28,46,15,9,101,17,204,626,98,94,1039,False,,0.88,43059938.68181818,0.3333333333333333,,387.8691719663265,261.25686837980214,1.0620422484346355,False,50.203562340966926,45.53250923930087,124.67223384631924,120.38306680245785,0.9495345598170668,True,53.16793893129771,52.217557251908396,2026-06-30,False
3130097,0.051942922576817846,1.0472753409744011,0,7,42,3,6,58,43,291,836,124,163,1457,False,,0.375,,0.5,84473958.33333333,68.66587520801393,277.86388986228695,1.0805050325065533,True,29.656488549618317,35.75954198473282,58.856464464011935,155.64197267200265,1.16887885392869,False,51.24681933842239,62.64331178052173,2026-06-30,False
3130096,0.006616955834729354,0.6440441275138405,1,9,7,1,7,25,26,210,564,77,92,969,False,,1.0,107014387.16666667,0.375,,158.96297968177439,326.0646142534497,1.1690016700577603,False,46.79389312977099,57.79472675090209,123.63787308582451,142.84735481579702,0.9950889707674578,True,58.435114503816806,55.90458015267176,2026-06-30,False
3130095,0.030888984223636305,0.878220549306652,12,80,35,27,11,165,71,452,966,617,265,2371,False,,0.927710843373494,80931769.24675325,0.0,,989.009823374979,514.677093762894,1.0325070230880813,False,73.80407124681933,72.86409792269552,135.98885071405962,301.7465262105462,1.1691001877665235,True,72.86259541984732,66.00381679389312,2026-06-30,False
3130094,0.028296904684796,0.8547483224375619,4,46,48,52,9,159,78,465,1003,698,264,2508,True,청과상 x20,0.8269230769230769,110139073.86046511,0.0,,587.5072607938288,544.0197866360452,1.0045258561302144,False,68.0025445292621,73.24920706751935,114.94707276400999,308.8628466062708,1.1018637783701914,True,69.16030534351145,63.412213740458014,2026-06-30,False
3130093,0.004579326613875651,0.6246575365980293,0,0,2,11,0,13,67,429,813,682,228,2219,True,청과상 x29,0.0,,0.0,,0.0,686.7763132041805,1.0468784321885374,True,40.521628498727736,43.36513994910941,0.0,364.99999862599805,1.0757119350128819,True,46.666666666666664,47.666666666666664,2026-06-30,False
3130092,0.0324765940279651,0.9025900998906206,2,33,17,76,4,132,82,507,1125,758,283,2755,True,청과상 x12,0.90625,18361267.344827585,0.0,,400.1135157061746,561.7167749363086,0.9971465553091651,False,63.867684478371494,47.000670866529305,48.498607964384796,313.5421051419632,1.0756325366812245,True,54.42748091603053,53.09923664122137,2026-06-30,False
3130091,0.04567835688903716,0.9528912875116142,9,18,30,16,1,74,71,474,1132,749,265,2691,False,,0.7619047619047619,7242526.75,0.0,,188.1303210597092,497.4334493474133,0.9548882322951487,False,46.844783715012724,33.49337668163215,10.451684503317177,278.100979065537,1.0316095372390381,True,45.0381679389313,46.526717557251914,2026-06-30,False
3130090,0.024349032477403845,0.8101802253254117,4,15,16,57,6,98,80,494,1043,742,231,2590,True,청과상 x22,0.8125,68139728.0,0.0,,201.751112289979,609.7408756200921,1.0330595023328335,False,55.407124681933844,56.66330240995899,80.70044491599161,285.1217454822698,0.9353870174868711,True,56.81933842239186,54.7735368956743,2026-06-30,False
3130089,0.030327975963947297,0.8503944648681265,2,4,10,40,2,58,49,432,970,704,148,2303,True,수산물판매 x8,1.0,4154299.570277778,0.0,,49.7958519681272,507.99954356122447,1.0161527417049119,False,37.56997455470738,26.462788740557254,24.8979259840636,174.03688066449357,0.6776397925134188,True,27.608142493638674,34.32569974554707,2026-06-30,False
3130088,0.021322675604015608,0.7625089076644467,2,35,84,141,3,265,51,383,891,713,118,2156,True,청과상 x8,0.6938775510204082,25658934.088235293,0.0,,490.72752394091935,502.2892141327545,0.9630329629950116,False,62.07379134860051,47.7106243028347,42.062359194935944,154.75229051609668,0.5793939598433184,True,27.595419847328248,34.31679389312977,2026-06-30,False
3130087,0.020975750877609764,0.8220356974493966,0,9,18,59,1,87,74,402,865,741,119,2201,True,청과상 x20,1.0,4968307.4,0.0,,126.80387158593864,489.02985751996073,0.9897520494586164,False,41.69211195928753,29.605695220175214,14.089319065104293,144.76256976337146,0.5724045170512645,True,19.987277353689567,28.991094147582697,2026-06-30,False
3130086,0.16531322703553422,1.561733044600773,6,52,288,179,17,542,75,515,1372,769,164,2895,False,,0.7446808510638298,42189808.91428571,0.5652173913043478,910047.5384615385,241.50861847153578,329.7618640909592,0.9642390300686475,False,42.099236641221374,39.62547188910457,78.95474065415593,105.01154506974235,0.5978126964498596,False,27.964376590330787,20.424921970172058,2026-06-30,False
3130085,0.005526987659616319,0.6308284213546907,0,3,1,2,0,6,8,159,492,67,63,789,False,,0.0,,0.0,,54.02778228111662,252.0495187242053,1.0885248809445007,True,26.577608142493638,33.604325699745544,0.0,99.8686772303455,0.8427286000051959,True,20.90330788804071,29.6323155216285,2026-06-30,False
3120067,0.21958768016791713,1.7663984495599268,62,197,490,78,82,909,122,577,1435,231,224,2589,False,,1.0,80358860.18012422,0.7953216374269005,26118304.32352941,730.7455588374636,326.6533664268961,1.2051663660424814,False,70.92875318066157,70.75777153223532,304.1682021556955,126.8117055106148,0.9077354015076224,False,61.75572519083969,59.46130225115152,2026-06-30,False
3120066,0.45007439486628775,2.4683312035935647,31,209,876,67,131,1314,96,627,2053,262,277,3315,False,,0.97,89533681.7886598,0.61328125,53573161.59235669,417.93781514425143,254.01777487849714,1.0245869216016648,False,48.12977099236641,56.249342034750086,261.96102288945906,112.22156880597082,0.8767596193464717,False,57.08651399491094,64.1815229692422,2026-06-30,False
3120065,0.12720256240191433,1.5390628677520906,22,69,241,24,32,388,73,488,1263,156,163,2143,False,,0.921875,79619876.18644068,0.46153846153846156,,389.3848884842908,317.0760663680739,1.230605794432097,False,64.23664122137404,65.88608567243452,180.58429610865662,105.9086041352378,0.7998724600975435,True,49.00763358778626,49.30534351145038,2026-06-30,False
3120064,0.04856672108705416,0.9583422175339361,35,171,140,22,18,386,69,418,732,91,103,1413,False,,1.0,53716930.25165563,0.4,,1734.8654608178833,436.16986954370304,1.5903179730919699,False,90.45801526717557,77.78238915816173,182.61741692819825,107.47726450478807,0.7687913904084117,True,48.040712468193384,48.62849872773537,2026-06-30,False
3120063,0.3169327905286661,2.0857254136758936,18,160,399,53,184,814,125,760,1750,688,436,3759,False,,0.9503105590062112,44019778.47058824,0.8837772397094431,16544339.164383562,436.0471566726884,364.381617549825,1.0947138055959655,False,61.7175572519084,54.06032439770873,501.45423017359167,209.0399805943733,1.2137679221985753,False,81.33587786259542,69.9379473650066,2026-06-30,False
3120062,0.27189953329970273,1.7840928408816368,25,208,512,65,135,945,87,632,1792,212,491,3214,False,,1.0,75891021.54450262,0.7112299465240641,22940323.80451128,646.1643416125826,354.2416546482455,1.0648380107172626,False,64.26208651399492,64.73385057539707,419.3855101812435,275.20989308906417,1.595353615913576,False,85.62340966921118,74.97887968629485,2026-06-30,False
3110227,0.05545773443946534,1.2036305684228121,1,8,72,11,9,101,36,322,744,136,138,1376,False,,0.36363636363636365,,0.5625,12272126.111111112,75.85977493753334,267.52394667238764,1.2622167554726011,True,39.58015267175573,42.70610687022901,85.34224680472501,114.65312000245184,1.0498867871230693,False,49.07124681933843,44.54817305682301,2026-06-30,False
3110226,0.28586059423974364,1.7270420931661552,25,144,292,52,52,565,139,671,1712,243,240,3005,False,,0.9307692307692308,32639363.611570247,0.7368421052631579,65051703.7,428.74931584623494,388.5255620897275,1.2077911986948275,False,68.89312977099236,54.6838491860285,154.8261418333626,138.96592384729448,0.8385593139144962,False,54.89821882951654,64.09447556026497,2026-06-30,False
3110222,0.010333607449264686,0.7001853993611874,0,5,2,3,0,10,23,188,574,74,58,917,False,,0.6666666666666666,8250000.0,0.0,,82.87255165712682,268.5003145902805,1.1073190609789716,False,31.603053435114504,22.87096735777828,0.0,82.83520343742696,0.6734934707337592,True,10.75063613231552,22.525445292620866,2026-06-30,False
3110182,0.05911793149099052,1.170212084119654,2,7,52,8,8,77,75,441,960,108,116,1700,False,,0.0,,0.8928571428571429,18077067.0,64.15077617722221,376.8547650332654,1.3985252044012575,True,50.55979643765903,50.39185750636132,73.31517277396824,99.12733048494056,0.7199980540865549,False,29.32569974554707,34.38068104001326,2026-06-30,False
3110183,0.043441014811787346,0.9586407696478813,0,26,63,7,10,106,32,318,876,100,120,1446,False,,0.7391304347826086,23277054.352941178,0.46153846153846156,,278.25040269918134,331.71967025437976,1.1876719207229622,False,58.04071246819339,44.04503538920183,107.01938565353129,125.17723405825652,0.872299294624152,True,47.25190839694656,48.07633587786259,2026-06-30,False
3110206,0.1006230853587919,1.2114966025636937,3,23,109,15,11,161,42,393,1050,128,338,1951,False,,0.5555555555555556,11592881.3,0.21739130434782608,,152.6990364406148,324.3921602160153,1.0900416785086107,False,41.6412213740458,30.225298019554366,73.02997394985925,278.9937662926544,1.803128262226375,True,65.0381679389313,60.52671755725191,2026-06-30,False
3110207,0.029327361724417234,0.823108983825835,9,21,27,3,1,61,42,202,620,71,162,1097,False,,0.8095238095238095,24712229.0,0.0,,264.72580889496703,245.4110014218263,0.997769886400118,False,38.88040712468194,31.241245985717292,12.605990899760336,196.81476351651418,1.532957918782684,True,47.430025445292614,48.20101781170483,2026-06-30,False
3110208,0.04222270630957606,1.055080610218874,0,6,24,2,1,33,102,542,1015,126,225,2010,False,,0.0,,0.0,,65.05989945533601,513.7048247788038,1.4542607522552167,True,58.06615776081425,55.64631043256997,10.843316575889334,213.25384792478016,1.1705089695452648,True,45.10178117048346,46.57124681933843,2026-06-30,False
3110209,0.02797249504540781,0.8513059872907972,0,3,32,1,2,38,20,174,650,69,93,1006,False,,0.0,,0.0,,38.475105846656945,204.39184335322128,0.938972625020501,True,14.033078880407125,24.823155216284988,25.650070564437964,109.24391627499757,0.969665215367343,True,31.297709923664122,36.908396946564885,2026-06-30,False
3110184,0.024379109747469832,0.8786969677300142,1,9,18,5,5,38,32,269,778,86,108,1273,False,,0.5714285714285714,111806273.5,0.0,,121.00171715629003,306.1351181112214,1.1416035807341738,False,38.854961832061065,52.986304795703276,67.22317619793891,122.90926675097366,0.8916058196306397,True,39.656488549618324,42.75954198473282,2026-06-30,False
3110185,0.02884688067397788,0.8193091029713057,2,7,17,4,3,33,30,302,819,98,192,1441,False,,0.875,33588603.571428575,0.0,,88.7796694068867,368.6032523070561,1.1327748077209743,False,41.50127226463104,35.83716203609976,38.04842974580858,234.34378954620786,1.3881862774876934,True,53.89312977099236,52.72519083969465,2026-06-30,False
3110186,0.022890325355547966,0.9106143581397801,0,6,45,5,6,62,48,296,618,96,63,1121,False,,0.6666666666666666,173697955.40451267,0.0,,82.31545092895261,325.0552743366295,1.4194632817953745,False,48.71501272264631,63.49208456887894,82.31545092895261,69.18406176759343,0.5996478917500047,True,23.880407124681938,31.716284987277355,2026-06-30,False
3110187,0.15998119015884152,1.306570587838151,4,56,188,18,21,287,35,283,986,240,150,1694,False,,0.8909090909090909,68699304.63265306,0.6862745098039216,23864319.057142857,266.69055431888194,216.5975590099967,0.9068242325536399,False,33.62595419847328,41.603690559836124,100.00895786958071,114.80435989929154,0.9291718089220187,False,47.1882951653944,48.499228712093355,2026-06-30,False
3110188,0.15251707041750903,1.2939129663355535,6,27,94,7,12,146,31,240,674,102,97,1144,False,,0.8,10861110.6,0.5416666666666666,162865598.24215597,133.32209449967263,185.4838820262353,1.1332028896448796,False,32.12468193384224,23.47011666726211,59.25426422207673,74.96640231893677,0.8913886613424835,False,30.49618320610687,50.582455723028346,2026-06-30,False
3110189,0.08849940262528061,1.1286469625495041,0,3,32,2,4,41,36,364,1034,515,125,2074,False,,0.0,,0.0,,21.660743246068005,322.5100603449632,0.9516365455665483,True,22.290076335877863,30.603053435114504,28.88099099475734,110.75208116241868,0.6368394322645596,True,18.384223918575064,27.868956743002542,2026-06-30,False
3110190,0.1014159538177464,1.1688136976574435,0,25,59,9,6,99,52,442,985,259,85,1823,False,,0.6666666666666666,42000305.875,0.0,,165.10809706414122,378.1612081428067,1.3086167589940751,False,57.69720101781171,50.40364133649315,39.625943295393895,72.72330925823205,0.49689094038292003,True,13.282442748091603,24.297709923664122,2026-06-30,False
3110195,0.11538322914088439,1.254175445465182,11,51,100,23,16,201,51,441,1095,710,156,2453,False,,0.9333333333333333,50234684.71428572,0.5555555555555556,1408861.9,308.37467780094454,351.62544570184133,0.9744053981531112,False,48.89312977099237,47.09570566028748,96.74499695715906,124.38451140473299,0.6704663256241735,False,37.17557251908397,27.21270246307549,2026-06-30,False
3110196,0.0373140272277803,0.8738336032961211,1,4,22,1,2,30,16,151,456,86,52,761,False,,0.0,,0.0,,45.81165394610659,172.8017776272558,1.072257738405533,True,20.572519083969468,29.400763358778626,22.905826973053294,59.50789693124041,0.7268301249577845,True,12.86259541984733,24.00381679389313,2026-06-30,False
3110197,0.024770762231143155,0.7927040851794257,1,7,19,4,2,33,6,78,235,32,32,383,False,,0.5,38511056.0,0.0,,93.6194816144912,98.39737357017025,1.0959408294043675,False,23.269720101781168,25.040754149249935,26.74842331842606,40.36815325955702,0.8845932260631143,True,19.083969465648856,28.358778625954198,2026-06-30,False
3110198,0.016139806886385347,0.7439789171597064,8,4,11,6,2,31,63,418,936,583,253,2253,False,,0.75,41509987.333333336,0.0,,60.47795099963297,561.8438780440198,1.0051812681435446,False,39.732824427480914,37.5477664908123,30.238975499816483,340.06339986874883,1.174445105098948,True,52.79898218829517,51.959287531806616,2026-06-30,False
3110199,0.06987664192679477,1.0478836619155367,13,29,66,17,14,139,62,385,870,391,256,1964,False,,0.9230769230769231,26633281.0,0.3,,241.91535176393637,367.40719794811764,1.0611968699652898,False,50.521628498727736,40.092129028672595,116.78672154121067,244.30192902524186,1.3604292973483096,True,70.49618320610686,64.34732824427479,2026-06-30,False
3110200,0.03535694776029027,0.8876397661732541,0,3,23,5,0,31,64,309,672,172,156,1373,False,,1.0,93437658.28571428,0.0,,35.14652384741971,348.11419201298804,1.2147109748898621,False,39.63104325699746,50.95545882904018,0.0,175.74697072500368,1.1865772534032948,True,42.43002544529262,44.70101781170483,2026-06-30,False
3110201,0.02414885749376829,0.8071812264567717,2,7,18,3,2,32,19,218,672,115,167,1191,False,,0.8333333333333334,47908992.8,0.0,,94.40469127374354,270.0756569338706,0.9919563266195512,False,25.394402035623408,29.523351315732015,26.972768935355294,206.89281976126784,1.4578542023648406,True,50.089058524173026,50.06234096692111,2026-06-30,False
3110202,0.029821159526532266,0.8281761058994163,2,5,27,4,6,44,21,235,660,95,206,1217,False,,0.625,11884949.4,0.0,,62.640032162624976,283.75607352832907,1.0451394855123157,False,27.048346055979643,20.05708716898294,75.16803859514997,248.73936658227996,1.7551980374648564,True,64.58015267175573,60.20610687022901,2026-06-30,False
3110203,0.046179569899532744,0.9340752914498439,2,15,51,11,12,91,52,279,690,93,216,1330,False,,0.8235294117647058,15828107.642857144,0.0,,155.9582769570367,298.6911253877024,1.13359703949639,False,42.07379134860051,31.323728827015675,124.76662156562938,231.2447422356406,1.6864152690863579,True,72.65903307888041,65.86132315521628,2026-06-30,False
3110191,0.07917252166221073,1.1145803289657508,2,57,101,8,11,179,36,342,746,124,79,1327,False,,0.9821428571428571,39161590.38181818,0.0,,441.2703202392873,306.8419485900591,1.3876505337003693,False,69.47837150127226,57.620819489268115,85.15743022161685,70.87869572694346,0.6321762893045604,True,25.521628498727736,32.86513994910941,2026-06-30,False
3110192,0.0332312450335459,0.8601456265474026,3,19,64,12,5,103,34,266,873,605,123,1901,False,,0.7894736842105263,97919757.4,0.75,24286726.583333332,228.27965618371027,309.2499592978408,0.7619133678358828,False,33.37150127226463,47.088600032550914,60.07359373255533,142.9990413294527,0.6830407057674155,False,32.74809160305343,38.646043725536835,2026-06-30,False
3110193,0.06778014008651176,1.029440365477087,0,20,51,9,6,86,6,176,515,80,49,826,False,,0.65,20518428.615384616,0.0,,169.80791485992137,170.96667850054047,1.1490796041179108,False,35.788804071246815,27.90707704644063,50.942374457976406,47.59867753708229,0.6349121318574491,True,15.050890585241731,25.535623409669213,2026-06-30,False
3110194,0.0879455073778368,1.106273594394168,2,8,40,14,2,66,59,403,811,459,100,1832,False,,0.75,4154299.570277778,0.0,,57.99391478613193,364.2860157217222,1.188805087617626,False,41.10687022900764,28.938615712567437,14.498478696532983,90.39355228826854,0.5789087714219693,True,11.361323155216285,22.952926208651398,2026-06-30,False
3110204,0.12255398675130232,1.2926369186314608,3,47,128,12,11,201,17,196,683,76,82,1054,False,,0.8205128205128205,20597178.71875,0.5384615384615384,162865598.24215597,272.37852271555977,151.62803814044622,1.0073590010718225,False,35.216284987277355,27.599917431811775,63.74816489087569,63.436220038349944,0.8203884396290771,False,26.666666666666664,47.901794145420205,2026-06-30,False
3110205,0.08881564762159352,1.4225261060523202,10,78,126,15,30,259,72,445,950,119,126,1712,False,,1.0,31577469.75,0.6285714285714286,15103678.727272727,561.8963087837561,312.8237844681305,1.4013327249262688,False,73.47328244274809,57.655946695883095,216.11396491682927,88.57482436625718,0.7751948603952414,False,46.53944020356234,44.56061097535483,2026-06-30,False
3110228,0.17793748398108236,1.488159644464795,10,76,137,26,17,266,96,467,1173,190,194,2120,False,,0.8970588235294118,45218459.49180328,0.6060606060606061,3748492.15,333.4247560892951,313.81041794608865,1.1908479648661285,False,59.173027989821875,52.653568890847225,74.58185333576337,130.36235777631947,0.9595258496893727,False,45.954198473282446,35.907315701835955,2026-06-30,False
3110229,0.20564821386044965,1.5842369061295207,7,58,187,20,14,286,121,493,1421,165,169,2369,False,,0.84,26567355.80952381,0.4318181818181818,,226.87426258201975,311.1908314296614,1.1259681722843593,False,48.48600508905852,38.57358889775438,54.76275303703925,106.67596452659792,0.7507288635828364,True,27.36641221374046,34.15648854961832,2026-06-30,False
3110230,0.07979586208506537,1.1130033260478853,6,28,77,12,12,135,99,442,1028,164,161,1894,False,,0.9130434782608695,56767291.52380952,0.47368421052631576,,215.72336398250823,397.1237009411988,1.260325807908535,False,61.33587786259542,58.37973228852818,92.45287027821782,144.65365577269912,0.8924970338587359,True,49.541984732824424,49.679389312977094,2026-06-30,False
3110231,0.00825607640253181,0.6909124001738631,0,1,8,0,1,10,13,119,250,33,39,454,False,,0.0,,0.0,,17.165591329740497,172.23601714204943,1.3941567054125994,True,32.56997455470738,37.79898218829516,17.165591329740497,56.44709805495737,0.9063883711388547,True,19.821882951653944,28.87531806615776,2026-06-30,False
3110232,0.10453467815613329,1.2799386833309412,2,38,125,10,21,196,47,354,874,152,145,1572,False,,0.9090909090909091,33801259.733333334,0.6923076923076923,26647939.185185187,245.8994994094911,276.57574898724243,1.2160179674491607,False,52.646310432569976,43.6854906257319,135.89182862103456,113.28667684505695,0.9672258376792602,False,54.10941475826972,54.44882829112875,2026-06-30,False
3110223,0.04358131957143985,0.8804151728659935,0,4,29,3,3,39,50,321,1082,105,159,1717,False,,0.75,35835437.333333336,0.0,,42.743573378941356,364.6007132692372,1.012740988776549,False,29.656488549618317,28.29464338878898,32.057680034206015,180.59661498382778,0.9709248600437629,True,42.79898218829517,44.959287531806616,2026-06-30,False
3110224,0.04576972619837954,0.9434453134181643,0,23,41,13,10,87,30,273,609,106,73,1091,False,,0.75,27973918.111111112,0.0,,240.15940018829426,289.36494369864755,1.3462823094594232,False,57.92620865139949,45.55614636799213,104.41713051664968,77.37597395604861,0.7091771067288367,True,32.17557251908397,37.52290076335878,2026-06-30,False
3110225,0.05480596527154074,1.1344462657203276,1,25,81,14,5,126,48,297,813,149,132,1439,False,,0.7619047619047619,63774556.125,0.6153846153846154,656685.5,238.53604072275607,261.80173444479277,1.1158750770240449,False,45.06361323155216,48.018788232445324,47.70720814455122,116.35632641990789,0.9620593156921531,False,37.74809160305344,26.933579136301713,2026-06-30,False
3110210,0.11097044858895908,1.255912195663113,7,26,93,11,8,145,66,342,990,116,206,1720,False,,0.84375,40503300.88888889,0.0,,161.52033014700396,272.3120303959039,1.0760238709893721,False,37.36641221374046,35.61046670874468,49.698563122155065,164.02420544314677,1.2507039729821006,True,51.19592875318066,50.83715012722646,2026-06-30,False
3110211,0.12640328868645512,1.4131172995831272,6,49,116,15,18,204,53,395,1010,140,207,1805,False,,0.975,18765523.512820512,0.2857142857142857,,277.7725991667547,279.523858434488,1.1826752407243868,False,53.295165394402034,39.74031312397534,102.03891397962416,146.48465492642788,1.1984802365354512,True,60.24173027989822,57.16921119592875,2026-06-30,False
3110212,0.0809817146392483,1.2754229874039353,3,43,151,15,14,226,45,347,1138,150,197,1877,False,,0.8863636363636364,34659819.179487176,0.391304347826087,,328.290098495284,272.0666033362802,1.001642909407778,False,44.82188295165394,38.536004493614854,106.88514834730175,154.45856154826282,1.098279192870363,True,60.10178117048346,57.07124681933842,2026-06-30,False
3110213,0.03545548425896905,0.8653583015034759,0,11,29,2,2,44,87,537,890,115,123,1752,False,,0.0,,0.0,,128.72199011434992,620.5522025581944,1.6496075648661115,True,66.83206106870229,61.7824427480916,23.403998202609078,142.13765533455847,0.7401524146110434,True,26.03053435114504,33.221374045801525,2026-06-30,False
3110214,0.07986193618986549,1.2954513685843896,0,33,60,11,0,104,24,279,569,99,62,1033,False,,0.75,53202980.952380955,0.0,,254.11603252050804,215.36894920639014,1.450321706223039,False,55.80152671755725,53.10163032475497,0.0,47.85976649030892,0.6394312719476748,True,5.865139949109414,19.10559796437659,2026-06-30,False
3110215,0.05147806652796553,0.9473968213754257,0,15,49,5,4,73,60,458,1024,120,139,1801,False,,0.6,41844589.166666664,0.0,,147.81519310743144,483.4299521240508,1.3716869837496233,False,62.659033078880405,53.78332003509148,39.41738482864838,146.71782389791062,0.8119170420638517,True,34.10941475826972,38.8765903307888,2026-06-30,False
3110216,0.06506899834083638,0.9959036409154283,2,44,80,15,4,145,17,206,584,84,85,976,False,,0.8823529411764706,32963242.066666666,0.0,,382.37927360479176,206.84732090209664,1.1393237228432582,False,50.83969465648855,42.140048350025594,34.761752145890156,85.34962270232143,0.9152474279617802,True,27.64631043256997,34.352417302798976,2026-06-30,False
3110217,0.05664895935630379,0.9902554771129876,3,4,30,3,2,42,43,304,1022,134,162,1665,False,,0.8571428571428571,10457952.333333334,0.0,,37.50622625989617,306.9914855571294,0.9894679904196138,False,23.06615776081425,17.082347874067633,18.753113129948083,163.59414690873342,1.0192587459988702,True,40.521628498727736,43.36513994910941,2026-06-30,False
3110218,0.08216034346898482,1.2252593592053862,4,42,120,20,19,205,30,264,982,144,149,1569,False,,0.918918918918919,148551630.17647058,0.7916666666666666,11222463.789473685,317.7957842539695,215.46458553167972,0.9133322149389602,False,36.793893129771,53.69644281954484,143.7647595434624,121.6069062281071,0.9952551077283822,False,57.51908396946565,49.356843197889404,2026-06-30,False
3110219,0.17944464371659904,1.5546980813988733,5,60,175,26,16,282,37,249,804,96,92,1278,False,,0.8909090909090909,20334219.734693877,0.2222222222222222,,261.50098354054245,160.15971395292186,1.0543917810854009,False,37.51908396946565,28.977867358969167,69.73359561081132,59.17547664124021,0.7600106129944115,True,24.31297709923664,32.01908396946565,2026-06-30,False
3110220,0.09862503543613681,1.276038224430585,20,122,184,24,21,371,47,426,994,157,125,1749,False,,0.9705882352941176,55336260.696969695,0.6538461538461539,13445303.411764706,820.8576680368402,333.8457985379684,1.3143197535618225,False,78.33333333333333,69.71632865314612,141.2951723669971,97.95944792780763,0.7531816556968148,False,42.340966921119595,40.51686381362224,2026-06-30,False
3110254,0.16561508458579885,1.417271465290149,10,45,220,33,16,324,77,288,939,148,125,1577,False,,0.7872340425531915,15238870.81081081,0.8157894736842105,6730406.387096774,208.70524938663706,203.2073650343617,0.9897051841516529,False,31.11959287531807,23.37497866326867,74.20631089302651,88.19764107394171,0.8337959959456338,False,33.14249363867685,29.23373988135141,2026-06-30,False
3130108,0.004442777966764316,0.615153180192523,1,7,42,1,1,52,40,196,523,91,98,948,False,,1.0,36417467.8,0.0,,128.57536410565402,318.6198272414984,1.1165410604926949,False,39.68193384223919,35.546464453998006,18.367909157950574,159.3099136207492,1.080745981329195,True,41.48854961832061,44.041984732824424,2026-06-30,False
3130107,0.007886575932142993,0.6529039259042121,2,7,10,2,21,42,70,287,615,101,114,1187,False,,0.0,,0.9090909090909091,29902636.55,120.92613679906867,439.57462746533696,1.3024141167870666,True,55.903307888040715,54.1323155216285,362.778410397206,174.60455585731154,1.0062761470188872,False,73.43511450381679,69.59154899119866,2026-06-30,False
3130106,0.05046807566095486,1.0142605171583432,24,75,103,30,38,270,82,373,854,147,143,1599,False,,0.9428571428571428,34891172.74242424,0.5227272727272727,34449392.86956522,746.5057880982926,367.7556147458399,1.2590592689310212,False,77.67175572519085,61.764924795465106,378.22959930313493,140.9894179856705,0.9383285631150526,False,67.25190839694656,66.45310641610621,2026-06-30,False
3130105,0.026866689793541197,0.8767406769064899,3,18,25,20,6,72,53,216,624,96,102,1091,False,,0.5294117647058824,21982406.222222224,0.5,4011005.4,234.1716554771228,246.3670338213791,1.0707780313994466,False,41.18320610687023,32.0107715759012,78.05721849237426,116.33998819342901,0.9802735905757904,False,45.45801526717557,35.81494496464329,2026-06-30,False
3130116,0.004107626711100528,0.6082088964381209,0,7,12,4,8,31,13,161,480,73,79,806,False,,0.0,,0.6923076923076923,1491879.0,129.37178038459234,264.7116820271308,1.0793521281067446,True,33.295165394402034,38.30661577608142,147.85346329667695,129.88958310648033,1.0261521825194837,False,60.49618320610686,43.622115779685565,2026-06-30,False
3130115,0.07830955724213823,1.121730797422212,19,84,102,65,47,317,86,410,930,193,207,1826,False,,0.935064935064935,60617552.68055555,0.8936170212765957,38448529.5952381,654.6667435028254,365.50659119121855,1.2130834206664562,False,73.26972010178118,67.15463870463216,366.30163029324757,184.53625457702984,1.1849198459280996,False,78.35877862595419,75.16275976904612,2026-06-30,False
3130114,0.005784420275733427,0.6484935842055276,0,1,4,0,0,5,30,151,489,88,71,829,False,,0.0,,0.0,,17.926152052081218,232.8473306100488,0.9873758685433953,True,16.62849872773537,26.639949109414758,0.0,109.48450644578453,0.9010814598315156,True,24.75826972010178,32.33078880407125,2026-06-30,False
3130113,0.00581677348714506,0.642837316511898,0,11,125,14,31,181,15,155,492,72,78,812,False,,0.7,4990515.285714285,0.7666666666666667,11309380.695652174,197.0733762053331,241.11854744377018,1.0330509195797641,False,35.36895674300255,25.226288440850613,555.3886056695751,121.33707548783275,1.0063942319031014,False,68.18066157760813,56.90493335928319,2026-06-30,False
3130112,0.05911378119267762,1.0148217153222636,16,72,113,32,38,271,79,386,967,157,171,1760,False,,0.9104477611940298,22688779.81967213,0.8653846153846154,27086839.777777776,659.8616527903055,380.36237712692525,1.185164698051751,False,72.67175572519083,54.146360052875394,348.260316750439,168.50250385674667,1.01785313205753,False,73.24427480916032,68.26815950522241,2026-06-30,False
3130111,0.09085002533120595,1.2673967028162951,8,114,126,75,62,385,103,456,1103,216,178,2056,False,,0.9913793103448276,85521339.88695653,0.8767123287671232,15386386.625,809.3715264298415,359.79263555500637,1.1988122558206462,False,74.22391857506362,73.90682100566465,440.1845143741243,140.4453708964718,0.9085868052013989,False,66.46310432569975,58.67714753223911,2026-06-30,False
3130110,0.060053060192174997,1.0941910278189142,5,68,100,36,32,241,79,401,1075,177,169,1901,False,,0.9428571428571428,48631699.09090909,0.7948717948717948,17858739.51612903,617.8837724390233,366.48079704996854,1.1407139158675956,False,68.8295165394402,60.536355805377255,290.76883408895213,154.4520067367698,0.9326766150881535,False,67.04834605597964,60.44659011453985,2026-06-30,False
3130109,0.02899985519795361,0.87825201364226,3,28,35,13,10,89,44,281,704,96,118,1243,False,,0.8928571428571429,72957707.72,0.375,,354.43102939668813,319.9537212953778,1.2195824629369856,False,62.48091603053435,62.97221064415095,126.58251049881719,134.3577904372049,0.9949373104615036,True,57.50636132315522,55.25445292620865,2026-06-30,False
3120069,0.20582817116068003,1.9300459597608077,32,163,359,46,79,679,165,724,1714,223,277,3103,False,,1.0,173697955.40451267,0.6457142857142857,7617666.0,637.1464067482361,375.1206008015094,1.2616704693701406,False,76.6793893129771,83.06714818211049,308.80101922153773,143.51989837295318,0.9360871135378065,False,66.34860050890586,53.24288721175818,2026-06-30,False
3120068,0.035711973390471705,0.9995028639234218,16,55,129,12,23,235,92,455,1099,189,188,2023,False,,0.868421052631579,143246866.36363637,0.5428571428571428,90031772.42105263,641.683977446658,455.2263094214209,1.215442822620566,False,78.19338422391859,82.39527535299885,268.3405723867843,188.09350806863108,0.9742352113438328,False,71.2086513994911,76.871551730352,2026-06-30,False
3110279,0.4812167054289562,2.5504366919848693,0,7,116,4,5,132,4,63,302,27,22,418,False,,0.0,,0.0,,13.177296437519818,24.70165215156564,0.828905804723908,True,4.2748091603053435,17.99236641221374,9.412354598228442,8.625973767213399,0.5815718507261061,True,3.7277353689567425,17.60941475826972,2026-06-30,False
3110276,0.11891421205550236,1.2478255396647944,0,2,14,0,2,18,1,25,133,12,14,185,False,,0.0,,0.0,,11.840329926429362,20.03485199278402,0.7695640467263025,True,2.951653944020356,17.06615776081425,11.840329926429362,11.21951711595905,0.8219066908571114,True,12.709923664122138,23.896946564885496,2026-06-30,False
3110275,0.035477323346630237,0.9208896105846379,10,24,46,5,6,91,81,338,740,176,153,1488,False,,0.8095238095238095,131050021.8235294,0.0,,280.77622298342766,367.0363918922015,1.2261981363794574,False,63.05343511450382,71.23568851150992,70.19405574585691,166.14369218789003,1.075974995094329,True,52.97709923664122,52.083969465648856,2026-06-30,False
3110274,0.16409813518426317,1.616436662634348,4,35,160,34,29,262,48,244,768,158,124,1342,False,,0.85,43486784.38235294,0.8048780487804879,5959693.7272727275,163.47643556015709,150.9493106908049,0.9854615128647765,False,24.529262086513995,27.794508421558234,135.45190374984443,76.71194477729429,0.9689729476390354,False,48.30788804071247,39.50957262000014,2026-06-30,False
3110271,0.11259554937244971,1.3716077607346775,0,8,16,2,3,29,9,98,319,38,30,494,False,,0.875,95639816.14285715,0.0,,49.20183873960036,71.44899788807554,1.0705888904216179,False,17.544529262086513,35.68210652090205,18.450689527350136,21.87214221063537,0.6572107628173894,True,7.493638676844784,20.24554707379135,2026-06-30,False
3110270,0.0356438327934132,0.9008393627504766,7,10,33,4,4,58,49,238,686,144,122,1239,False,,0.9166666666666666,39642360.90909091,0.6,22955110.333333332,116.76263980526912,264.19804666764276,1.039829543608665,False,28.931297709923662,29.284669707398976,46.70505592210765,135.4292508128253,1.0311050602939342,False,42.92620865139949,45.17582480952072,2026-06-30,False
3110269,0.05006575256850322,1.0003711041057355,5,23,39,4,4,75,38,244,602,147,106,1137,False,,0.6842105263157895,85937344.53846154,0.0,,229.84886846530847,243.90948418898964,1.1585717186379376,False,45.53435114503817,53.917727548796606,39.973716254836255,105.9606775575119,0.9775525452707535,True,34.70737913486005,39.295165394402034,2026-06-30,False
3110268,0.07123686854039829,1.075838976855631,0,10,64,8,4,86,81,342,859,168,132,1582,False,,0.7777777777777778,89111321.85714285,0.0,,82.48315978788104,317.8914385492595,1.1681400584562043,False,38.76590330788804,49.647832783540345,32.99326391515241,122.69494119445103,0.876715344138817,True,31.469465648854964,37.028625954198475,2026-06-30,False
3110267,0.12568199634465443,1.6053556651517704,2,32,126,23,8,191,69,427,1137,170,188,1991,False,,0.8333333333333334,11510338.96,0.6470588235294118,3175701.909090909,182.14729264131387,265.9846719758711,1.1596205306226266,False,43.19338422391858,31.265010142390427,45.53682316032847,117.10800546010249,0.989661003903458,False,38.26972010178117,29.84829415623265,2026-06-30,False
3110266,0.11404706915528857,1.2059247274586236,4,38,83,11,14,150,91,407,1068,161,172,1899,False,,0.7714285714285715,13421670.925925925,0.4375,,231.6408345218824,337.5003354129038,1.1587496507783328,False,53.2824427480916,38.65496421383572,85.3413600870093,142.62913437596916,0.9499411030102932,True,50.165394402035616,50.115776081424926,2026-06-30,False
3110265,0.16484572276944776,1.4967534023117572,3,37,67,11,13,131,137,613,1303,233,219,2505,False,,0.48148148148148145,,0.5,14233579.461538462,172.21660046593027,409.5531027711129,1.3220464463635984,True,60.39440203562341,57.276081424936386,60.508535298840364,146.31668761317084,0.9171450137787289,False,43.66412213740458,41.868001643491986,2026-06-30,False
3110264,0.21694757551387703,1.5544177744306746,19,61,180,28,21,309,93,515,1221,241,213,2283,False,,0.8269230769230769,53389613.02325582,0.6486486486486487,9694126.416666666,228.50928644912517,331.31376163568723,1.219368423238562,False,55.80152671755725,53.2888378130545,78.6671314005185,137.02879850175026,0.9779882931196782,False,48.62595419847328,42.02683649417209,2026-06-30,False
3110263,0.15210352623097223,1.3488382723641048,5,15,95,16,14,145,152,588,1346,233,195,2514,False,,0.75,4243450.222222222,0.52,1575309.2307692308,74.21938785401193,435.9306909118275,1.264124006087094,False,51.06870229007633,36.075704707577614,69.27142866374446,144.568851577902,0.8150392524198224,False,39.98727735368957,29.435853354381564,2026-06-30,False
3110262,0.12197548994573203,1.2781812045954695,39,109,123,17,12,300,109,495,1191,156,187,2138,False,,0.7524752475247525,93388874.96052632,0.0,,633.8112485354492,387.26903370219884,1.250938259646619,False,76.39949109414758,76.64657044297039,69.77738515986596,146.301634954164,0.917723988729249,True,45.43256997455471,46.80279898218829,2026-06-30,False
3110261,0.10950263853469218,1.4049669744732725,4,27,93,15,8,147,98,441,1198,205,189,2131,False,,0.7142857142857143,25295534.066666666,0.0,,169.276196607415,313.8863816819129,1.119596762431363,False,43.51145038167939,34.62338188184015,50.15591010590074,134.5227350065341,0.9303952661789754,True,39.59287531806616,42.715012722646314,2026-06-30,False
3110260,0.0659411043774043,1.0781949924225862,4,26,103,13,13,159,95,451,1052,196,154,1948,False,,0.8064516129032258,42963084.0,0.4,,224.25178835080274,418.29168487107546,1.250571846123679,False,62.31552162849873,53.91727699642337,112.12589417540137,142.83130702914772,0.8310461698064047,True,49.541984732824424,49.679389312977094,2026-06-30,False
3110259,0.08629842381263693,1.0772467377814157,13,65,133,16,17,244,89,463,1144,187,189,2072,False,,0.8909090909090909,60825750.346938774,0.6,11469953.083333334,476.8947298271949,429.79939856076635,1.2077307903210237,False,72.16284987277353,66.47343328847657,124.72631395480482,175.4472706867923,0.9565100714618295,False,60.77608142493639,51.97668475949513,2026-06-30,False
3110258,0.11143172628798736,1.199718878567262,11,24,106,14,9,164,94,468,1130,205,198,2095,False,,0.7222222222222222,17464302.692307692,0.5714285714285714,29707844.25,148.66966086446365,390.09138587441316,1.2074077060065989,False,51.69211195928753,38.33736448694589,55.75112282417387,165.03866325455942,0.9905400951188985,False,47.23918575063614,51.16941302827816,2026-06-30,False
3110257,0.11432821854708954,1.5154145480150991,2,26,73,11,3,115,102,478,1215,177,203,2175,False,,0.6538461538461539,5801892.117647059,0.0,,158.2199346519995,315.4252416449927,1.1881740967267505,False,46.43765903307887,33.06798378805381,18.256146305999945,133.9567448827061,0.9783646751687277,True,34.796437659033074,39.357506361323146,2026-06-30,False
3110256,0.22186135984349137,1.5802659562776502,5,47,169,31,21,273,139,651,1579,254,257,2880,False,,0.675,47345327.40740741,0.3055555555555556,,172.88223683960663,411.95597324227896,1.222433426804769,False,56.603053435114504,51.27580355122602,77.24525475812212,162.63085272391044,0.9357990722461879,True,49.961832061068705,49.97328244274809,2026-06-30,False
3110273,0.0692295234683986,0.9956494724400008,14,27,66,12,7,126,71,363,835,176,141,1586,False,,1.0,81601691.65384616,0.3,,226.45397896902827,364.58614205902154,1.2356590600681754,False,58.85496183206107,62.54012694858939,58.71029084382214,141.61610476672737,0.9329075907590758,True,42.76081424936386,44.932569974554696,2026-06-30,False
3110272,0.14635197624355378,1.410243941618974,13,107,181,29,28,358,33,246,785,114,99,1277,False,,0.9484536082474226,62273683.80434783,0.5675675675675675,43119270.047619045,544.9397660621346,174.43790591122098,1.042761818863172,False,47.6208651399491,49.43444959172412,142.60106027794177,70.20062067158894,0.8167167949991047,False,41.85750636132315,51.05662839060326,2026-06-30,False
3110278,0.13752297797396704,1.4654495661668792,6,49,147,31,18,251,55,274,688,173,123,1313,False,,0.825,50559178.15151515,0.6060606060606061,27859766.1,261.3013110681425,186.97334000834394,1.1277741769961722,False,43.460559796437664,43.433312294323834,95.98823671890949,83.93328766797922,0.9820935240780934,False,43.62595419847328,48.0452500919058,2026-06-30,False
3110277,0.11817289504310798,1.3461890842539086,4,26,83,20,18,151,69,301,753,186,153,1462,False,,0.6666666666666666,53674453.85,0.5555555555555556,12105604.4,154.60279727797626,223.59414700411247,1.1131993909890796,False,35.48346055979644,39.25339899092147,107.03270580782971,113.65416774627644,1.0947252295932919,False,53.71501272264631,47.71382335344448,2026-06-30,False
3110253,0.08650343067915324,1.1846815384406402,12,33,105,17,7,174,59,217,672,114,74,1136,False,,0.84375,24044955.740740743,0.375,,241.75216575739697,183.1715891222804,1.0340998490571405,False,35.5852417302799,28.653818977186564,51.28076243338723,62.46404421681452,0.6907948696114092,True,18.486005089058523,27.940203562340965,2026-06-30,False
3110252,0.12154415886332451,1.244508383742812,7,46,124,13,17,207,60,308,938,139,112,1557,False,,0.8,50479232.0625,0.42857142857142855,,268.1525287995954,247.4872841544881,1.0704607731371332,False,43.893129770992374,43.689309404437246,99.09984759985048,89.99537605617749,0.7584621980303917,True,34.75826972010178,39.33078880407125,2026-06-30,False
3110251,0.09055636153017847,1.1352611848067657,4,13,99,14,19,149,47,332,970,156,145,1650,False,,0.9333333333333333,35267758.78571428,0.17391304347826086,,92.48958822264908,292.4437164268152,1.0886067060791305,False,32.98982188295165,30.534372977972552,135.17709047925632,127.72391229484397,0.9223189237870089,True,54.47837150127227,53.13486005089059,2026-06-30,False
3110242,0.10501014845367086,1.1784342657927653,2,19,68,9,9,107,19,151,517,72,53,812,False,,0.8095238095238095,22004222.23529412,0.2,,122.57261985449091,128.13612467252733,1.0073110107823948,False,20.44529262086514,17.541034007772524,58.06071466791674,44.97493117644999,0.6952516747808606,True,18.549618320610687,27.984732824427482,2026-06-30,False
3110241,0.09907623649513372,1.2504518107052465,22,60,211,24,32,349,85,339,1038,146,154,1762,False,,0.9272727272727272,30430501.31372549,0.375,,402.4786338227593,271.1020105675294,1.0417338291438965,False,50.15267175572519,40.957104238368004,214.6552713721383,123.15548562654728,0.9173043101992568,True,59.16030534351145,56.412213740458014,2026-06-30,False
3110240,0.045536111742244624,0.98697928929836,10,41,62,17,13,143,61,267,734,125,126,1313,False,,0.8780487804878049,58813718.083333336,0.35714285714285715,,429.1570930855711,270.5223938283541,1.099533108036438,False,54.5674300254453,53.829026290822625,136.0742002466445,127.66225326731318,1.005502194198444,True,57.87531806615776,55.51272264631043,2026-06-30,False
3110250,0.039366615386379845,0.9338900774698478,0,6,62,7,7,82,34,240,646,84,103,1107,False,,0.42857142857142855,,0.0,,67.13916571707207,256.98955989576706,1.1700793249279582,True,32.88804071246819,38.021628498727736,78.32902666991743,110.29135278860004,0.9756956696212297,True,43.95674300254453,45.76972010178117,2026-06-30,False
3110249,0.17031679756299004,1.5843420700915398,3,33,160,16,18,230,70,332,1084,175,156,1817,False,,0.8571428571428571,25990629.416666668,0.5172413793103449,33283850.266666666,149.78431224956907,209.55070642087904,0.9901782708245476,False,26.552162849872776,22.939088097875057,81.7005339543104,98.46358494475038,0.9013361594611925,False,39.4529262086514,46.56888970582935,2026-06-30,False
3110248,0.037643474650547,0.861072389470208,0,11,23,3,4,41,54,272,675,89,113,1203,False,,0.5,34888482.333333336,0.0,,125.50848815452967,315.8851721715911,1.2195979060033797,False,44.4529262086514,38.46494226181261,45.63945023801079,131.23170755658012,0.9847192129749464,True,40.43256997455471,43.30279898218829,2026-06-30,False
3110247,0.14843947730222815,1.394652780440629,2,36,162,18,24,242,99,389,1086,151,171,1896,False,,0.782608695652174,63682194.777777776,0.627906976744186,19077442.037037037,181.41551514556312,278.9224712097148,1.1099166988152505,False,41.79389312977099,45.68318228912362,120.94367676370874,122.61116343666124,0.9459798060140077,False,53.01526717557252,51.303321583807275,2026-06-30,False
3110246,0.08735294099116621,1.125467552690026,8,24,96,10,10,148,89,421,982,168,182,1842,False,,0.9230769230769231,18498395.375,0.0,,174.73233428284254,374.0667591826621,1.2345531984921214,False,55.6234096692112,41.27648037219199,72.80513928451772,161.71057047801543,1.0348446586248004,True,52.239185750636125,51.56743002544528,2026-06-30,False
3110245,0.06237389365630095,1.0439383696562152,2,6,36,7,8,59,71,328,920,148,183,1650,False,,1.0,66919141.333333336,0.7,4927516.285714285,53.39318417097112,314.19479303937777,1.0757061089318776,False,30.44529262086514,38.81560499061184,71.19091222796149,175.29770465306748,1.1593502870651806,False,55.64885496183206,43.713405272149295,2026-06-30,False
3110244,0.06306582679888928,1.017915756486668,9,40,104,19,15,187,63,285,900,143,149,1540,False,,0.8888888888888888,56092628.4375,0.5,44668592.5,353.77621278220687,279.98387703878,1.0026761009720813,False,46.57760814249364,47.76813225200763,132.66607979332755,146.3775357150113,1.013638800801072,False,60.97964376590331,64.86705375227963,2026-06-30,False
3110243,0.12830168092182945,1.2736177667543516,9,66,154,23,13,265,83,372,911,151,144,1661,False,,0.9705882352941176,28129687.727272727,0.0,,370.15915755127145,292.0813525929317,1.2096920746817192,False,59.83460559796438,46.938826102662425,72.91013709343225,113.06374939081228,0.9101221233816073,True,40.26717557251908,43.18702290076335,2026-06-30,False
3110239,0.010368445242107371,0.7398005819623646,1,11,12,2,0,26,67,262,647,110,133,1219,False,,1.0,52905397.833333336,0.0,,182.2143995241976,354.14949161709166,1.160593843141477,False,50.64885496183206,49.40115635159757,0.0,179.7781770422641,1.1399074588275822,True,41.666666666666664,44.166666666666664,2026-06-30,False
3110238,0.029173814283715013,0.8294385051832457,0,2,20,4,3,29,48,200,583,95,93,1019,False,,0.0,,0.6,62588303.0,25.26087719903338,241.1269777689119,1.0616302768057582,True,22.391857506361326,30.674300254452927,37.89131579855007,112.12404466254404,0.9576483919166515,False,34.478371501272264,49.46063908771778,2026-06-30,False
3110237,0.12440977907012572,1.2051673402226348,24,76,132,26,9,267,78,348,791,133,132,1482,False,,0.9230769230769231,41047975.902777776,0.15,,435.7553825547955,288.75658042285875,1.2668989940757132,False,65.25445292620866,55.36610456784684,51.60261109201526,109.52835809142917,0.934699163195617,True,35.903307888040715,40.1323155216285,2026-06-30,False
3110236,0.18065004551823236,1.6463740532607967,15,46,185,22,30,298,97,372,1078,152,163,1862,False,,0.926829268292683,34772295.34210526,0.6666666666666666,7708372.863636363,199.4363361023651,225.95108278293105,1.081178276050099,False,37.92620865139949,33.802636227586504,130.06717571893375,99.0054475634886,0.918669585513722,False,49.18575063613231,41.313878136510745,2026-06-30,False
3110235,0.03263064073113665,0.866238984812448,0,5,9,2,0,16,40,213,495,89,93,930,False,,0.0,,0.0,,60.510241186063,245.89057261849888,1.233424396659626,True,34.86005089058524,39.40203562340967,0.0,107.36067255173896,1.046430378250591,True,29.94910941475827,35.96437659033079,2026-06-30,False
3110234,0.05842142686174404,1.1017334794064242,2,23,43,2,5,75,77,306,681,124,127,1315,False,,0.7857142857142857,86992555.9090909,0.0,,212.13519011633144,277.7441238917984,1.2550072456244892,False,52.12468193384224,58.671364717184105,46.11634567746336,115.27288802045227,1.0117983108790984,True,38.905852417302796,42.234096692111954,2026-06-30,False
3110233,0.1243302966568404,1.245691538200956,3,23,72,19,14,131,79,316,732,131,137,1395,False,,0.8181818181818182,63047064.222222224,0.3333333333333333,,131.93346446988633,253.67435702129868,1.2225735111462457,False,40.788804071246815,44.839214331932055,80.30732619906125,109.97907250606936,1.0285344149973041,True,46.06870229007633,47.24809160305343,2026-06-30,False
3110255,0.1912454219333802,1.424030970507148,9,67,190,24,36,326,139,573,1385,201,217,2515,False,,0.9142857142857143,38023975.734375,0.6326530612244898,49268320.77419355,277.72547749528695,402.37888913043395,1.2316926166828581,False,64.8854961832061,53.79738242964832,149.22562969896018,152.38432625009452,0.9053061089514043,False,59.262086513994916,64.68459370427236,2026-06-30,False
3110221,0.047130064344911654,0.9607506906284633,3,11,25,2,1,42,19,120,439,66,45,689,False,,1.0,67270391.3,0.0,,113.25020810177458,124.90233019921482,0.9460223869562507,False,16.564885496183205,29.23972561955913,10.29547346379769,46.838373824705556,0.6975906252774244,True,8.842239185750635,21.189567430025445,2026-06-30,False
3130128,0.04817507672148472,0.9006085968344585,2,29,35,25,17,108,49,294,669,112,103,1227,False,,0.8461538461538461,15707525.227272727,0.5,12507852.285714285,295.390652785236,326.4459178308736,1.2911421923172501,False,63.70229007633588,46.37007419228067,173.16003783962108,114.36710726727884,0.8825504982970072,False,54.05852417302799,48.20923887579381,2026-06-30,False
3130127,0.007878731554883701,0.6543654645256141,0,4,7,3,2,16,34,229,528,91,89,971,False,,0.5,173697955.40451267,0.0,,69.11001489738915,349.95734404476076,1.2695099236990812,False,46.14503816793893,61.69310238058377,34.555007448694575,136.00962279468868,0.9616943434815776,True,38.04071246819338,41.62849872773536,2026-06-30,False
3130126,0.007326739883132347,0.6503709244579138,0,1,8,2,2,13,11,112,371,81,44,619,False,,0.0,,0.0,,17.443866545326383,172.20942048316866,0.9812697839857852,True,12.913486005089057,24.03944020356234,34.887733090652766,67.65370090410198,0.7566847122505255,True,18.34605597964377,27.842239185750635,2026-06-30,False
3130125,0.058888566092708025,1.0052292240342522,0,20,22,31,12,85,45,148,555,125,89,962,False,,0.7894736842105263,15353885.733333332,0.7692307692307693,42689510.5,183.6740138810529,147.2301008182359,0.8386099986625382,False,21.348600508905854,16.582085878855,110.20440832863174,88.53702008664186,0.9704193929688095,False,46.221374045801525,54.02634993404406,2026-06-30,False
3130124,0.0074256567176195646,0.6525422106638058,0,1,0,1,0,2,9,97,233,36,24,399,False,,0.0,,0.0,,17.413819138670398,148.649387602567,1.2950357290887684,True,29.31297709923664,35.51908396946565,0.0,36.77922992228462,0.6561835705665493,True,5.178117048346055,18.62468193384224,2026-06-30,False
3130122,0.00675078498039341,0.6401879732152577,0,3,12,1,3,19,30,177,462,59,62,790,False,,1.0,4154299.570277778,0.0,,52.862704913006176,276.48129519060063,1.2061346243009485,False,34.55470737913486,24.352101717656492,52.862704913006176,96.84655537749853,0.8289212708297297,True,29.24936386768448,35.474554707379134,2026-06-30,False
3130121,0.00794614242882499,0.6554563999658792,3,7,26,10,32,78,20,154,586,84,77,921,False,,1.0,20360926.5,0.7857142857142857,14981316.909090908,120.80182919161652,234.95079155229348,0.9089491308983335,False,21.412213740458014,17.79666194281359,552.2369334473898,117.47539577614674,0.8800259326377858,False,62.277353689567434,55.407178744170295,2026-06-30,False
3130120,0.020331631611192166,0.7573687614769624,14,54,89,33,11,201,123,612,1516,153,199,2603,False,,0.8823529411764706,51802488.666666664,0.3888888888888889,,767.7910886316869,808.0607903691784,1.2707821840979399,False,90.58524173027989,77.07581585706176,156.40188842497327,262.7517929468407,0.8034094126287644,True,61.539440203562336,58.07760814249363,2026-06-30,False
3130123,0.012761706655135131,0.7139990036797271,2,18,26,4,2,52,28,141,357,54,47,627,False,,0.8571428571428571,115337963.75,0.0,,286.7990843350855,197.47926716050048,1.2084830487980436,False,49.66921119592875,60.977496199084605,31.86656492612061,65.8264223868335,0.7953214950109928,True,18.918575063613233,28.24300254452926,2026-06-30,False
3120075,0.094515746008683,1.3226517963430096,8,97,153,22,25,305,23,282,657,89,89,1140,False,,1.0,71414280.35135135,0.8043478260869565,29336757.891891893,671.2071361010856,213.20804219198112,1.3315783983937,False,67.07379134860051,65.71920464604844,172.99152992296018,67.28906296129901,0.8227829383120163,False,44.541984732824424,49.196386480115905,2026-06-30,False
3120074,0.02761728899575615,0.8570903723432397,16,59,58,11,9,153,49,345,600,83,55,1132,False,,0.9761904761904762,78298279.63414635,0.5714285714285714,162865598.24215597,760.1399219602467,402.52464749637574,1.6345064773123408,False,85.12722646310434,79.90107100467225,115.95354741766477,64.17059597768309,0.521824847515696,False,28.218829516539444,48.98830814033115,2026-06-30,False
3120073,0.09050311020122413,1.2047271327654163,1,51,102,15,191,360,95,418,1109,116,339,2077,False,,0.6271186440677966,132748098.4054054,0.9258064516129032,4604538.289198606,362.9812886487666,346.9665359329071,1.0891451519561997,False,57.69720101781171,67.5799283879752,1359.4005123904788,281.39152076855385,1.7002735494989683,False,88.85496183206106,66.6177367385334,2026-06-30,False
3120072,0.19728642093661797,1.6177998989890585,74,328,651,50,103,1206,125,698,1920,191,238,3172,False,,1.0,69828061.87372014,0.8653846153846154,15621871.02962963,1326.3971339698826,431.45014438199115,1.1904869018390536,False,80.20356234096693,74.53562936410586,416.5210512161521,147.1133730127706,0.7882788741670026,False,61.94656488549619,55.77052743117878,2026-06-30,False
3120071,0.05003943511349008,1.1383239475061382,9,64,145,14,18,250,119,649,1657,161,215,2801,False,,0.9166666666666666,77655726.56363636,0.6129032258064516,5565142.421052632,639.7477147626331,570.1364725057762,1.252718039702644,False,84.63104325699746,79.31973340002301,179.92904477699057,188.87417810283804,0.8064448903686222,False,60.33078880407125,47.41568814018698,2026-06-30,False
3120070,0.08006468331611409,1.3253382644321994,15,72,215,25,43,370,70,453,1470,164,186,2343,False,,0.8983050847457628,113670629.49056605,0.84,80200825.40476191,553.5707170024664,341.7995331132117,1.0469732883423217,False,60.114503816793885,68.05519167331578,330.60473376536186,140.34153015244453,0.8340271075605287,False,61.37404580152671,69.4774127976126,2026-06-30,False
3110336,0.06255431400317539,0.9928200623538393,1,15,24,3,4,47,42,232,513,88,84,959,False,,0.7333333333333333,24366593.454545453,0.0,,133.26899224472922,233.67779197567788,1.3013490253066926,False,43.06615776081425,34.077667686860146,35.5383979319278,84.60747640498681,0.9203838535952212,True,28.18066157760814,34.7264631043257,2026-06-30,False
3110335,0.14076099255397453,1.2558117866280971,26,88,140,14,16,284,54,335,679,111,106,1285,False,,0.9024390243902439,148875338.7972973,0.38095238095238093,,461.3102438911927,266.75971954323495,1.4031285312688044,False,67.53180661577608,75.25978413182328,83.87458979839867,84.4075530495012,0.8675314223049196,True,36.157760814249365,40.31043256997455,2026-06-30,False
3110334,0.0842755325895882,1.1057784167188875,1,27,79,11,18,136,45,277,635,114,99,1170,False,,0.75,34626862.44444445,0.6818181818181818,74684107.2,201.0790758322682,250.50226683020827,1.275712893426165,False,50.31806615776081,42.33653086581478,134.05271722151213,89.52969103317913,0.8895407092198582,False,46.463104325699746,58.69981042175752,2026-06-30,False
3110333,0.06737299875407954,1.1344421526810649,6,37,93,12,17,165,56,333,811,112,116,1428,False,,0.9130434782608695,76187751.23809524,0.7272727272727273,36637247.875,315.23434173751133,293.5363422568617,1.2580778580348322,False,60.712468193384225,62.295919623044455,144.83740025777547,102.25290000539326,0.8543186787172428,False,48.613231552162844,54.170905146004074,2026-06-30,False
3110332,0.034427869166980624,0.9474759055786444,1,9,37,2,4,53,47,268,627,90,91,1123,False,,0.8888888888888888,130363304.625,0.0,,106.59987145002899,282.8567971196339,1.2854216954855007,False,43.58778625954198,57.562932440961745,47.37772064445733,96.04465872345777,0.8530915875739924,True,29.147582697201017,35.403307888040715,2026-06-30,False
3110331,0.10593114827405799,1.2987038738617611,5,41,104,19,11,180,38,290,773,150,116,1367,False,,0.8823529411764706,51541973.0,0.17647058823529413,,262.93656176981483,223.2995572252129,1.146236744835647,False,46.31043256997455,45.8494400844736,70.54395559677958,89.31982289008516,0.8916225007657409,True,35.025445292620866,39.5178117048346,2026-06-30,False
3110330,0.07247590122881307,1.057792032117668,3,18,108,4,9,142,34,191,616,116,85,1042,False,,0.7647058823529411,71960892.0,0.4666666666666667,,146.96768767899795,180.56479364627444,0.9933637156274483,False,24.79643765903308,36.31226455165077,73.48384383949897,80.35605999965092,0.8588982392999541,True,33.00254452926209,38.10178117048346,2026-06-30,False
3110329,0.08860975152952133,1.162015962011563,6,16,53,10,8,93,39,172,509,92,74,886,False,,0.7333333333333333,52325301.54545455,0.0,,115.43199395024018,148.01862076167285,1.0501518972898982,False,23.142493638676847,30.05309968123916,57.71599697512009,63.68242986258018,0.8793305873001126,True,28.027989821882954,34.61959287531806,2026-06-30,False
3110328,0.08829734447639348,1.1786057389652405,0,6,45,6,4,61,14,148,382,87,50,681,False,,0.8333333333333334,50118581.4,0.0,,43.38478097838071,125.57210193965027,1.1700437674729085,False,23.804071246819333,29.48656282129147,28.923187318920473,42.42300741204401,0.7791337077269387,True,14.80916030534351,25.366412213740457,2026-06-30,False
3110327,0.1173498184630268,1.2205664430233314,1,24,71,15,7,118,21,161,516,111,72,881,False,,0.8,50041194.85,0.2727272727272727,,143.41216632572807,131.90596949495395,0.9904921834217766,False,22.213740458015266,28.32652939705374,41.82854851167068,58.9890049915322,0.8611506644557069,True,23.3206106870229,31.32442748091603,2026-06-30,False
3110326,0.045509262170521404,0.9800345078016895,1,2,19,6,4,32,37,135,437,115,82,806,False,,0.0,,0.0,,20.940377451866578,137.75025157309798,0.9108419357048294,True,9.26208651399491,21.483460559796438,41.880754903733155,83.6705231777336,1.0637572590405737,True,33.95674300254453,38.76972010178117,2026-06-30,False
3110325,0.10468538560935745,1.2542378889915793,7,35,96,19,9,166,48,188,521,98,77,932,False,,0.7586206896551724,38772537.72727273,0.5714285714285714,688062.125,226.26571904076974,149.8918200845886,1.0900531712547672,False,36.36132315521628,34.251678158729405,58.1826134676265,61.391862481453835,0.8699632660483725,False,27.506361323155218,19.849353776067005,2026-06-30,False
3110324,0.026587436412517672,1.1866141262600296,0,3,9,1,1,14,18,221,522,78,68,907,False,,0.0,,0.0,,39.170915499003065,186.2442011343214,1.3099609682049207,True,32.786259541984734,37.95038167938931,13.056971833001022,57.30590804132966,0.7925198826292856,True,13.791348600508904,24.65394402035623,2026-06-30,False
3110320,0.0529069771531194,0.9637167037853159,1,14,17,3,3,38,10,157,392,53,45,657,False,,0.8181818181818182,36797126.777777776,0.0,,136.04519719949445,162.91094611448634,1.2819001104655803,False,39.13486005089058,35.397522160428394,29.152542257034526,46.69422022389736,0.7300839295115985,True,13.193384223918576,24.235368956743002,2026-06-30,False
3110321,0.00874950762100273,0.7221603791245321,0,0,4,0,0,4,19,225,423,57,64,788,False,,0.0,,0.0,,0.0,311.5651405201228,1.5270249760579409,True,42.31552162849873,44.6208651399491,0.0,88.6229733035016,0.8565696879317023,True,19.529262086513995,28.670483460559794,2026-06-30,False
3110322,0.08426211220220084,1.1310280195769984,3,11,34,7,4,59,35,117,382,68,50,652,False,,0.7272727272727273,25725926.25,0.0,,81.92929352574036,103.44571308123534,0.9735122343343192,False,15.025445292620866,14.82358393572384,29.792470372996494,44.20756969283561,0.8122640266772045,True,17.022900763358777,26.916030534351144,2026-06-30,False
3110323,0.08364429140143885,1.187820591771411,7,54,98,13,12,184,20,261,594,92,80,1047,False,,0.8367346938775511,28311358.68292683,0.5555555555555556,2384588.6,404.0576625738211,219.7301526914663,1.3409131469655142,False,61.92111959287532,48.53979151532474,89.79059168307136,67.35023837286323,0.8062604511700701,False,33.2824427480916,25.507341651709442,2026-06-30,False
3110280,0.1510775114420588,1.4862908721889936,0,2,22,0,6,30,1,85,193,20,30,329,False,,0.0,,0.0,,9.9464131302237,57.189344017710944,1.3664382121362877,True,28.078880407124682,34.655216284987276,29.839239390671096,20.184474359192098,0.9592714198225962,True,22.608142493638677,30.825699745547073,2026-06-30,False
3110283,0.0422417113585601,1.0130032859787808,1,16,27,1,10,55,5,119,435,33,70,662,False,,0.9375,121350404.33333333,0.5384615384615384,4211632.285714285,173.45731951790364,117.47247185385011,0.9751038228608354,False,24.185750636132312,43.6538944000508,108.41082469868977,69.10145403167654,1.103395509640744,False,47.53180661577608,37.43657058005175,2026-06-30,False
3110285,0.09007092709817648,1.1823801324562933,2,12,83,5,12,114,7,117,426,33,78,661,False,,0.4,,0.0,,85.67088294910145,98.95294820029032,0.9608326249146247,True,15.025445292620866,25.517811704834607,85.67088294910145,65.96863213352688,1.2263154026952408,True,45.5089058524173,46.856234096692106,2026-06-30,False
3110286,0.11217708087441965,1.256216922044107,3,32,109,7,18,169,47,346,1048,96,165,1702,False,,0.56,38463685.28571428,0.5714285714285714,8532949.5625,197.31518058818008,275.4301378435432,1.0997198484057655,False,42.404580152671755,38.34155244072358,110.9897890808513,131.3467420352157,1.015635922886672,False,55.24173027989822,45.97799306561714,2026-06-30,False
3110288,0.08275977127306099,1.0708024179152749,1,15,85,9,13,123,37,247,817,73,128,1302,False,,0.5294117647058824,173697955.40451267,0.0,,112.9860337673219,230.66813808739772,1.0272582192612703,False,25.674300254452927,47.36358584114357,97.92122926501231,119.53652500075673,1.0295405476398383,True,51.603053435114504,51.12213740458015,2026-06-30,False
3110298,0.03790151310115658,0.9062246356065523,0,5,34,3,3,45,16,159,536,84,51,846,False,,0.0,,0.0,,56.881842230019714,175.45318649782507,1.0176962071844133,True,17.697201017811707,27.388040712468197,34.12910533801183,56.27743717854767,0.6443417209106513,True,12.455470737913487,23.71882951653944,2026-06-30,False
3110299,0.140910350917869,1.4757260554178013,7,57,164,23,20,271,31,268,907,150,112,1468,False,,0.8181818181818182,45456205.527777776,0.36363636363636365,,298.5694579992774,181.6055215777328,0.9893799832408425,False,36.81933842239186,37.14639180987087,104.7612133330798,75.89484483845548,0.803524371344614,True,35.85241730279898,40.096692111959285,2026-06-30,False
3110300,0.15566150948391325,1.5715237899233419,9,67,158,13,15,262,122,692,1830,198,240,3082,False,,0.6981132075471698,55563946.45945946,0.6296296296296297,5016762.05882353,325.77802316111416,440.3369547678024,1.2144696513102737,False,68.63867684478372,63.02367285531116,72.93537831965243,152.71801899461354,0.8178108990136557,False,42.430025445292614,34.545210446265735,2026-06-30,False
3110301,0.10737364902941983,1.2141143014684102,8,20,84,7,9,128,105,530,1316,152,168,2271,False,,0.7222222222222222,65983280.15384615,0.5333333333333333,5512375.75,127.0860790440282,436.53221064852926,1.261048641885479,False,55.152671755725194,55.73635540841481,57.188735569812685,138.3724743187791,0.7781483104786385,False,34.38931297709924,29.171669225612522,2026-06-30,False
3110302,0.06753213897997164,1.0606252183089124,3,20,107,9,16,155,20,172,669,70,89,1020,False,,0.9375,49413061.666666664,0.0,,170.16622154224683,162.16849932555925,0.9161325123024254,False,23.129770992366414,28.827345154874898,136.13297723379748,83.91276999985334,0.9168152741191039,True,47.23918575063614,48.0674300254453,2026-06-30,False
3110303,0.10929916503850386,1.3609465206693743,3,26,109,8,12,158,110,549,1270,133,167,2229,False,,0.6818181818181818,19638369.4,0.5333333333333333,19025671.75,163.2149170004475,403.3957188339607,1.3300662639280942,False,59.096692111959285,43.94178744249006,75.32996169251425,122.70871592945618,0.7879769725929483,False,36.81933842239186,39.88118562088676,2026-06-30,False
3110304,0.09328845426625386,1.3010050088229592,0,27,89,13,6,135,101,536,1111,117,138,2003,False,,0.6086956521739131,27589944.285714287,0.7,27154262.14285714,188.43109263939363,411.98919017608404,1.4432771420509416,False,64.3384223918575,49.99789411423785,41.87357614208747,106.07184373936491,0.7260899275430572,False,23.638676844783713,33.799198437240946,2026-06-30,False
3110305,0.14742440190916542,1.3399727479823824,4,29,101,13,19,166,21,258,841,103,114,1337,False,,0.7037037037037037,67058373.684210524,0.6363636363636364,1988127.0714285714,146.89166951784836,192.54122920669437,1.0445564790609512,False,28.295165394402034,37.40411967623743,96.23936968410754,85.07635709133007,0.8958581352757761,False,40.16539440203562,29.900478631000006,2026-06-30,False
3110306,0.0326251934580607,0.9590180544888777,3,19,57,2,6,87,12,150,673,67,54,956,False,,0.09090909090909091,,0.0,,229.95407580672247,156.40998550329132,0.8547034688407003,True,26.348600508905854,33.44402035623409,72.61707657054394,56.307594781184875,0.6043419791981356,True,19.78371501272265,28.848600508905854,2026-06-30,False
3110307,0.055212504633097625,1.0131317161976163,5,49,108,21,13,196,24,180,715,93,96,1108,False,,0.5,26747436.833333332,0.0,,465.72410922898644,177.66692831960472,0.8833788614519477,False,39.05852417302799,32.16155974483254,123.55945755054742,94.75569510378918,0.9103787408543045,True,47.04834605597965,47.93384223918575,2026-06-30,False
3110308,0.08496873291888625,1.385876785250146,0,25,136,9,10,180,24,246,924,108,282,1584,False,,0.8695652173913043,32954002.2,0.0,,185.2280854931382,177.50495759664366,0.84441740845983,False,23.244274809160306,22.776452584820948,74.09123419725529,203.4812928546891,1.8495398595621644,True,62.32824427480915,58.6297709923664,2026-06-30,False
3110309,0.07267770610827304,1.1608601209905114,0,3,50,4,10,67,54,356,953,112,122,1597,False,,0.0,,0.8611111111111112,21425128.096774194,24.454320961562946,306.6691615663743,1.2039934145404105,True,34.65648854961832,39.25954198473282,81.51440320520982,105.09448795252155,0.8042239222575307,False,35.73791348600509,39.80407485096843,2026-06-30,False
3110291,0.1756824007364522,1.51208914631896,5,49,182,12,15,263,45,332,1153,100,146,1776,False,,0.9361702127659575,19776032.65909091,0.5,1666666.6666666667,217.11927842003644,219.56377427099653,1.0126574010038423,False,34.4147582697201,26.711235624997517,66.4650852306234,96.55515374567919,0.8637735732480908,False,33.8676844783715,25.237124177352964,2026-06-30,False
3110293,0.07983044287934252,1.2138048499675296,2,29,161,13,26,231,120,589,1680,178,232,2799,False,,0.7931034482758621,32553053.04347826,0.3142857142857143,,223.3682590681066,485.25098578717683,1.1386884843716554,False,59.4529262086514,48.02890482031494,200.26119778519902,191.13451392635827,0.8699870156025026,True,64.22391857506362,59.956743002544535,2026-06-30,False
3110295,0.15310095421474942,1.391890225031058,2,27,110,12,13,164,30,290,773,126,91,1310,False,,0.6818181818181818,69879506.0,0.42105263157894735,,132.9388141202501,208.34976407247134,1.1949945765189542,False,36.25954198473283,43.82161698681688,64.00757716900931,65.37871907101687,0.7340407466215024,True,23.358778625954198,31.35114503816794,2026-06-30,False
3110296,0.05946015967051463,1.1988612438596007,1,18,92,10,11,132,101,472,1351,159,171,2254,False,,0.8333333333333334,28462839.733333334,0.631578947368421,15622802.833333334,164.44339250172567,393.70694683602284,1.1328434231486022,False,49.59287531806616,40.003624267108094,100.49318430661013,142.63535573932182,0.7977045124268733,False,45.534351145038165,44.36696364855221,2026-06-30,False
3110297,0.167262746199633,1.5708773489781729,3,34,168,9,13,227,139,733,1947,212,265,3296,False,,0.8125,36064848.961538464,0.5666666666666667,1752061.8823529412,156.49254460200427,466.618224826275,1.2031202158007415,False,56.679389312977094,47.25747579521501,59.83538470076634,168.69553830690708,0.8439595763161224,False,42.538167938931295,31.39144843543887,2026-06-30,False
3110310,0.021940747280179477,0.7935919850911999,0,1,4,0,0,5,25,192,666,84,266,1233,False,,0.0,,0.0,,13.900328225746854,241.93792730648016,0.8474300506369523,True,12.188295165394402,23.53180661577608,0.0,335.184836789186,2.230790840974901,True,52.659033078880405,51.86132315521628,2026-06-30,False
3110311,0.02627012511316778,0.798946374031942,0,1,10,2,0,13,7,52,246,34,25,364,False,,0.0,,0.0,,13.111293557159163,65.085720005935,0.7912412225786867,True,3.880407124681934,17.716284987277355,0.0,31.291211541314905,0.7410711499921997,True,8.078880407124682,20.655216284987276,2026-06-30,False
3110312,0.08511780170213012,1.161133308391323,5,67,81,11,7,171,49,315,521,66,43,994,False,,0.84375,71939843.7962963,0.0,,495.8636031372301,271.28667976669504,1.6960439478335485,False,70.64885496183206,68.31535291946028,51.806645103889714,37.032784857040916,0.4693448212174941,True,11.653944020356235,23.157760814249365,2026-06-30,False
3110313,0.08228911078411921,1.3125030719498678,28,114,159,10,11,322,55,427,885,119,94,1580,False,,0.9885057471264368,76668443.74418604,0.0,,861.7489325031071,325.3325718816372,1.4556478834710114,False,80.54707379134861,76.27374728576929,83.15121278538753,71.61887999267891,0.6304673567977916,True,24.923664122137403,32.44656488549618,2026-06-30,False
3110314,0.08409420579951013,1.2002392047368522,8,48,169,28,23,276,26,258,841,113,97,1335,False,,0.9166666666666666,82019071.68181819,0.5185185185185185,11405069.92857143,357.9573010914939,214.95715102604527,1.046086964744557,False,44.8854961832061,52.90190661061556,171.5212067730075,80.81722344777671,0.7666595519531689,False,42.8117048346056,39.316635310569524,2026-06-30,False
3110315,0.09280113235558826,1.1952665960117204,4,32,113,18,12,179,15,206,624,83,74,1002,False,,0.8461538461538461,28770014.454545453,0.631578947368421,432229.0,224.08785891359028,172.34648796123474,1.110619830601083,False,38.2442748091603,32.24681139917352,84.03294709259636,61.91087431617171,0.7804911026811077,False,29.567430025445294,21.03714436058791,2026-06-30,False
3110316,0.1806185149408074,1.6551175460469705,2,89,201,29,28,349,111,564,1273,184,369,2501,False,,0.9041095890410958,23414032.727272727,0.5853658536585366,4813963.208333333,385.9187109189543,340.7612959859192,1.2192388195342783,False,65.45801526717557,49.33075109263912,121.41262815427775,222.9448904588727,1.5396502601780473,False,71.23409669211196,54.53808864765118,2026-06-30,False
3110317,0.09140945172321785,1.1968123942404072,0,22,74,8,4,108,11,178,484,66,55,794,False,,0.7727272727272727,90980513.58823529,0.0,,155.5765879289372,148.72840627036874,1.2068551489425048,False,36.6412213740458,48.488168534374964,28.286652350715855,45.95540643185551,0.7358743602102412,True,13.104325699745548,24.173027989821882,2026-06-30,False
3110318,0.0768692732229268,1.2048588880960003,0,19,33,8,5,65,30,379,959,143,133,1644,False,,0.631578947368421,78205291.0,0.0,,149.76045434274997,314.5596581844713,1.24463384342874,False,48.8676844783715,54.47258974328439,39.410645879671044,110.38637081407568,0.850504430152718,True,29.821882951653947,35.87531806615776,2026-06-30,False
3110319,0.09837572943321807,1.2152530960009802,2,61,126,15,24,228,22,249,748,106,88,1213,False,,0.9361702127659575,45241614.97727273,0.7096774193548387,28407256.181818184,411.1184506591105,204.8955899140529,1.1095289216892232,False,50.445292620865146,46.5909560046524,161.75152157079756,72.41289924673356,0.7660311798078696,False,41.463104325699746,46.786212688046476,2026-06-30,False
3130143,0.02024231540892352,0.79972578108198,4,18,32,10,10,74,99,401,856,111,279,1746,False,,0.7368421052631579,34200419.071428575,0.0,,256.2557896221242,501.42187420477,1.2402694659573914,False,68.53689567430025,55.04290965531751,142.3643275678468,348.8695832995781,1.6631303431090665,True,77.98982188295165,69.59287531806615,2026-06-30,False
3130142,0.004208672076127398,0.6216521615294455,1,3,3,2,5,14,28,194,561,66,63,912,False,,0.0,,0.0,,55.341698756003105,312.07162462477964,1.1477077022910438,True,34.541984732824424,39.179389312977094,92.2361645933385,101.34284717196454,0.7326907891764919,True,34.68193384223919,39.277353689567434,2026-06-30,False
3130141,0.03029372919119202,0.9076805484492572,2,18,35,10,5,70,105,294,1006,107,128,1640,False,,0.5,15738244.0,0.4444444444444444,,224.17690872395733,323.9025012734816,0.9718357699058583,False,40.165394402035616,29.941049092345366,62.27136353443259,141.01877606464504,0.8211664727283022,True,38.18066157760815,41.7264631043257,2026-06-30,False
3130140,0.03245002516597604,0.8369185307941753,4,33,54,8,24,123,102,386,846,104,281,1719,False,,0.875,50640953.75,0.6764705882352942,13995441.52173913,400.2424490904562,461.2157405974914,1.2129472896012774,False,72.735368956743,63.97248057861245,291.08541752033176,335.75550027952096,1.7007879085245605,False,84.97455470737913,70.61533277108606,2026-06-30,False
3130139,0.07490063233976074,1.066890118687163,14,104,121,33,22,294,243,682,1529,188,232,2874,False,,0.9139784946236559,64592667.65882353,0.42857142857142855,,832.6619173319649,639.241087769394,1.2827985698550655,False,90.08905852417303,79.72380742557945,176.1400209740695,217.45444627932463,0.8475183426788843,True,63.4351145038168,59.404580152671755,2026-06-30,False
3130138,0.0020652565966020743,0.5853304313850207,0,0,6,2,12,20,42,264,576,186,167,1235,False,,0.0,,0.3888888888888889,,0.0,451.02729303740085,1.1544807997528832,True,40.36895674300254,43.25826972010178,230.4799934623419,285.30893158047706,1.4071462301086721,True,80.95419847328245,71.6679389312977,2026-06-30,False
3130137,0.03702256912873257,0.8965383175585538,4,70,44,83,64,265,62,335,851,220,200,1668,True,청과상 x11,0.8870967741935484,55297103.41818182,0.9,,804.3890303496893,373.65943366734103,1.0866395869366772,False,69.23664122137404,63.30184230269974,735.4413991768588,223.08025890587527,1.251976598807664,True,83.3587786259542,73.35114503816794,2026-06-30,False
3130136,0.010960476348575143,0.7175514484747398,0,7,9,13,1,30,55,318,774,220,192,1559,False,,0.0,,0.0,,114.82849904212755,443.1737970510064,1.1032119288779687,True,45.547073791348595,46.88295165394402,16.404071291732507,267.5766321817397,1.2850988132060397,True,49.910941475826974,49.93765903307888,2026-06-30,False
3130135,0.030758254489465876,0.8305165019293057,2,39,40,17,9,107,195,487,1113,158,170,2123,False,,0.84375,22997610.85185185,0.5294117647058824,28005502.0,482.9227705148972,586.3820873741698,1.2395207340915468,False,80.52162849872774,59.73487473850099,111.44371627266858,204.69189908338575,0.8413738156335817,False,55.470737913486005,56.42158452810875,2026-06-30,False
3130132,0.04756430250404046,1.0006125140385764,5,32,63,17,15,132,33,203,578,90,68,972,False,,0.8076923076923077,44065699.190476194,0.3333333333333333,,327.98881536281954,202.87573576375817,1.1276496135476837,False,47.862595419847324,44.455454859415745,153.74475720132165,67.95837454155446,0.7411089121992421,True,39.37659033078881,42.56361323155217,2026-06-30,False
3120078,0.09417830870728752,1.3710251434120995,51,109,184,21,156,521,111,537,1271,157,507,2583,False,,1.0,126526758.96428572,0.7723214285714286,17986355.387283236,756.0083134370307,391.6777183703259,1.1249906929167282,False,71.6412213740458,77.05993140488978,1081.9935495062089,369.79628158986077,2.044774447457204,False,91.1323155216285,77.5603262475762,2026-06-30,False
3120077,0.09334826710935014,1.1543155707724415,24,108,342,29,42,545,47,357,1110,167,187,1868,False,,0.9772727272727273,65359839.255813956,0.6545454545454545,58222785.86111111,753.4098749698489,309.27417860360646,1.0349396924442014,False,59.98727735368957,58.93337183869035,292.99272915494123,162.0007602209367,1.0482748195811442,False,71.94656488549617,75.26344527820426,2026-06-30,False
3120076,0.2973385268499826,2.1020740218710166,207,349,1047,95,143,1841,319,1096,2634,434,473,4956,False,,1.0,84224556.02702703,0.7015706806282722,153111829.19402984,1004.7834404236276,521.3898219552093,1.197032266109795,False,83.8295165394402,80.5371358365785,411.7020973655551,225.01586294234852,1.0001404063766253,False,76.45038167938931,81.73056462599743,2026-06-30,False
3110381,0.05048388491921771,0.9869226990227952,2,13,31,2,3,51,8,74,224,42,15,363,False,,0.9230769230769231,48729218.416666664,0.0,,129.37397882706392,74.98054312994458,1.0965663087445776,False,26.017811704834603,30.6617661653031,29.85553357547629,15.198758742556333,0.476308447476224,True,6.208651399491094,19.346055979643765,2026-06-30,False
3110378,0.05315388932146504,1.0430749419149974,6,28,51,11,6,102,95,322,755,98,237,1507,False,,0.6111111111111112,38344496.90909091,0.0,,271.4391108680528,308.70265122929254,1.1546367977843053,False,53.2442748091603,45.88253682819068,58.165523757439885,227.21282093584574,1.6353869055034904,True,58.829516539440206,56.18066157760814,2026-06-30,False
3110377,0.03563509730036753,0.9149681003787473,16,24,44,1,5,90,96,390,835,110,451,1882,False,,0.8076923076923077,40930539.61904762,0.0,,280.25892136047116,426.2443683430724,1.1208775171129806,False,60.43256997455471,51.94398462961419,58.38727528343149,492.9133592890401,2.4875292244082416,True,66.6793893129771,61.675572519083964,2026-06-30,False
3110376,0.20892841522684033,1.628173624279169,18,64,178,30,23,313,239,721,1720,274,273,3227,False,,0.7666666666666667,24005050.06521739,0.4482758620689655,,247.172562902883,442.8274658479398,1.2086456334452294,False,63.587786259541986,48.20879827559514,88.82763979322357,167.67253561232673,0.8875786924834018,True,51.0941475826972,50.76590330788804,2026-06-30,False
3110375,0.05826235839635594,1.151895554801175,0,15,38,6,3,62,36,238,606,74,65,1019,False,,0.6153846153846154,78773208.625,0.0,,138.552311460683,206.61595489973087,1.2579062829736856,False,40.75063613231552,49.118269005569374,27.7104622921366,56.42872717849792,0.6779344957597803,True,11.908396946564885,23.335877862595417,2026-06-30,False
3110374,0.20437448103529376,1.5639362317345216,2,44,227,22,22,317,54,400,1149,150,274,2027,False,,0.9230769230769231,13412264.0,0.25,,172.9733258655577,255.76490389021185,1.0682062813507442,False,36.76844783715013,27.04836590410181,86.48666293277886,175.19895916479513,1.4104633362869796,True,62.06106870229007,58.44274809160305,2026-06-30,False
3110373,0.08473211803970222,1.1252421124585006,5,33,127,3,15,183,253,634,1678,174,217,2956,False,,0.8214285714285714,50786731.217391305,0.375,,244.93046261082094,563.4342982549741,1.1604725413163068,False,65.59796437659033,59.069901116655345,111.33202845946407,192.84738599578768,0.7716021591699007,True,50.99236641221374,50.69465648854962,2026-06-30,False
3110366,0.05756259491553357,1.0110534037493542,4,32,48,12,8,104,201,591,1173,188,200,2353,False,,0.8064516129032258,44030018.64,0.375,,297.50119012216896,584.5388560172556,1.3563517515279504,False,77.7735368956743,65.34631202041975,74.37529753054224,197.81348765389362,0.8920924317143993,True,50.13994910941476,50.097964376590326,2026-06-30,False
3110371,0.06280929996640292,1.0706884392799323,6,40,71,17,14,148,81,400,944,106,272,1803,False,,0.8666666666666667,36375806.56410257,0.38461538461538464,,354.58069513695125,373.5914065430753,1.1987454013848777,False,65.27989821882952,53.41823764553635,124.10324329793295,254.0421564492912,1.5713936279839404,True,73.11704834605598,66.18193384223918,2026-06-30,False
3110372,0.08248345044759889,1.094905364143589,2,40,57,8,11,118,133,499,1076,152,159,2019,False,,0.7837837837837838,31890572.344827585,0.6666666666666666,6971270.75,301.92450351239285,455.7471507049441,1.3341664959108126,False,73.3587786259542,57.669397768277136,83.02923846590804,145.21802998414051,0.8278212447518076,False,44.262086513994916,37.442384072544314,2026-06-30,False
3110360,0.10652629849787805,1.2779762218023043,4,42,106,19,7,178,92,447,1327,275,254,2395,False,,0.803921568627451,38337189.63414634,0.0,,268.32551720099207,349.7717659954618,1.011116745742372,False,48.10432569974555,42.237770579525474,44.72091953349868,198.75174175133625,1.1099948273256806,True,50.77608142493639,50.54325699745547,2026-06-30,False
3110361,0.07485180617039129,1.038044496633933,1,8,46,8,1,64,43,326,825,132,106,1432,False,,0.5714285714285714,4154299.570277778,0.0,,64.0759653014712,314.0520479200268,1.2286934072516156,False,39.89821882951654,28.092559732923664,8.0094956626839,102.11508306602097,0.7803035706778175,True,18.66412213740458,28.064885496183205,2026-06-30,False
3110364,0.12715006227274656,1.2657736029484203,6,29,133,21,18,207,66,447,1164,247,245,2169,False,,0.9259259259259259,26295094.6,0.7391304347826086,33790699.52941176,163.70301894306178,353.1437209298597,1.1150332462143029,False,46.25954198473283,36.874659108501746,101.60877037845214,193.5575204201692,1.1811841402227747,False,63.80407124681935,63.86964873962907,2026-06-30,False
3110365,0.11522842571301414,1.2411499348492798,3,25,67,14,9,118,64,442,1275,177,165,2123,False,,0.9090909090909091,43324721.75,0.625,8256355.9,151.3056841891273,356.12135777429233,1.1262735041412082,False,46.14503816793893,42.8787498064808,54.47004630808583,132.9412308433444,0.8170373518066494,False,34.74554707379134,31.545678985648273,2026-06-30,False
3110358,0.11145498649199397,1.2443864695059657,5,18,51,6,7,87,186,552,1545,261,245,2789,False,,0.7222222222222222,12443368.538461538,0.0,,111.4861819451613,443.5920941981551,1.0716120761330628,False,43.473282442748086,31.648146383870618,43.355737423118285,196.88417224374638,0.9213990508513238,True,44.36386768447837,46.054707379134854,2026-06-30,False
3110359,0.13541262289047798,1.3029793580602727,3,27,95,14,19,158,249,661,1789,236,238,3173,False,,0.7916666666666666,32226215.57894737,0.4375,,145.62115339875604,507.29890378618245,1.1275253762161535,False,52.96437659033079,43.44011821541564,102.4741449843098,182.65830423768747,0.7880327677435972,True,49.770992366412216,49.83969465648855,2026-06-30,False
3110367,0.0639383069307076,1.0347141131885012,13,34,111,10,17,185,259,725,1695,204,248,3131,False,,0.7096774193548387,75462237.77272727,0.46153846153846156,,298.40710219327156,700.6766320852547,1.252208741328218,False,76.61577608142493,73.2878295284483,149.20355109663578,239.67973069950781,0.8316550991210101,True,61.539440203562336,58.07760814249363,2026-06-30,False
3110368,0.10507549320522407,1.3082571635924374,4,20,83,3,5,115,69,396,992,121,275,1853,False,,0.9,9821506.555555556,0.0,,128.9694431184711,302.69278167955537,1.155404842023949,False,40.038167938931295,28.869151254599796,32.242360779617776,210.20332061080234,1.5463634434764704,True,52.25190839694656,51.57633587786259,2026-06-30,False
3110369,0.13393226942546876,1.304786274154791,10,70,151,18,21,270,124,503,1486,270,280,2663,False,,0.9354838709677419,48136986.672413796,0.6764705882352942,63224020.17391305,380.5748725802827,385.5037487467679,1.023163814826825,False,56.38676844783715,51.40521529258117,114.17246177408481,214.59453210555668,1.1007050763778607,False,65.81424936386769,71.56572526292268,2026-06-30,False
3110370,0.1089840638947567,1.2308985113836675,2,24,89,8,9,132,40,382,1115,146,264,1947,False,,0.8333333333333334,51299670.25,0.4375,,150.95852635826049,310.34240147921645,1.062100053770991,False,38.18066157760814,40.01819477359247,56.609447384347675,214.47747117935378,1.4145322556922337,True,56.844783715012724,54.791348600508904,2026-06-30,False
3110396,0.05297104372125985,0.986303980049721,7,39,112,17,18,193,43,316,747,141,101,1348,False,,0.8888888888888888,40259884.5625,0.5416666666666666,52166368.0,378.747253505287,320.3880410013858,1.2642723174044992,False,65.99236641221374,55.508229031451336,174.80642469474785,102.40250677575938,0.7898457283828622,False,47.671755725190835,57.33623467335596,2026-06-30,False
3130153,0.03362776840090296,0.8704646706731627,31,62,192,9,22,316,62,246,863,73,379,1623,False,,0.9,134714728.08888888,0.5,2982884.411764706,741.3805388513817,282.60767873526567,0.8244946746849158,False,49.59287531806616,61.95370227022822,263.0705137859742,435.39963512465727,2.420839456593714,False,88.01526717557252,64.50020543649849,2026-06-30,False
3130152,0.024434184799351055,0.8216815549122622,9,9,42,3,4,67,50,193,523,78,74,918,False,,0.75,24183484.0,0.0,,120.91218603738191,234.88418213380513,1.134728275059406,False,33.37150127226463,27.197804400725644,53.73874934994752,90.0592200927543,0.8496485421591805,True,29.389312977099237,35.57251908396947,2026-06-30,False
3130151,0.008485442126026657,0.6622482038915953,0,9,8,7,4,28,58,230,519,87,85,979,False,,0.5,53324430.0,0.0,,153.88444838300884,347.3018101799928,1.2648143552275783,False,53.14249363867684,51.28710904161356,68.39308817022615,128.35066897956256,0.9125261769371168,True,41.74300254452926,44.220101781170484,2026-06-30,False
3130148,0.0425458664414612,0.952706158991331,5,42,50,48,23,168,62,269,717,156,135,1339,False,,0.972972972972973,43665289.30555555,0.5,15141153.5,453.82902138116134,282.3535855848789,1.0865664468200353,False,55.216284987277355,49.369028196242354,248.52541647063597,141.7016135834894,1.055298012215781,False,68.3969465648855,59.94585126397508,2026-06-30,False
3130147,0.03385674746146198,0.841001886846425,5,57,75,11,10,158,41,304,741,137,95,1318,False,,0.9302325581395349,154402709.65,0.631578947368421,5185003.166666667,679.7306326028859,361.4736242030731,1.2441752550157608,False,75.35623409669212,81.01769460091381,119.25098817594488,112.96050756346034,0.7607802119943038,False,42.264631043257,34.599406036228906,2026-06-30,False
3130146,0.10899440134012793,1.2895579729062414,11,68,183,51,40,353,44,341,871,151,112,1519,False,,0.9508196721311475,66493905.70689655,0.6274509803921569,28402834.875,427.68801559579043,264.431694553055,1.2121520486956456,False,59.720101781170484,59.214367658675805,251.5811856445826,86.85146565965442,0.7770687593765214,False,47.773536895674305,51.11852965133461,2026-06-30,False
3130145,0.032420360079551486,0.8690598394585666,4,31,45,8,4,92,38,309,743,140,100,1330,False,,0.68,102987975.41176471,0.0,,376.1206572026504,355.55664405400466,1.253117277772409,False,68.14249363867684,72.22392651431247,48.5316977035678,115.06687509838339,0.7925942149909609,True,29.669211195928753,35.76844783715013,2026-06-30,False
3120079,0.0960965951438476,1.4385261373259017,22,87,397,30,37,573,63,287,1015,93,389,1847,False,,1.0,81415353.63513513,0.8571428571428571,14146651.518518519,595.4964242276781,199.50975693323772,0.8444528397069047,False,41.88295165394403,50.5661160797577,253.25709995889758,270.4156635784999,2.187767946184432,False,83.90585241730281,69.95222700372669,2026-06-30,False
3110408,0.053197254020179205,1.0244902349772351,1,19,59,9,7,95,30,255,682,91,88,1146,False,,0.5,159315479.5,0.0,,184.11342608287558,248.9042757988477,1.200386015706447,False,44.23664122137405,59.374385204415816,67.83126224105942,85.89637753058273,0.8096741126710731,True,29.605597964376592,35.723918575063614,2026-06-30,False
3110407,0.4543396480213434,2.268520149084847,15,65,159,37,23,299,70,290,868,130,125,1483,False,,0.8412698412698413,44551616.73584906,0.38461538461538464,,128.8814001734982,127.83664280742232,1.0583560690914728,False,24.592875318066156,28.307056404393578,45.604187753699364,55.10200121009583,0.8855982587472793,True,24.69465648854962,32.286259541984734,2026-06-30,False
3110406,0.24753187793129763,1.9083209193528192,6,54,40,14,13,127,32,177,284,63,78,634,False,,0.8939393939393939,77428603.7457627,0.95,70513133.89473684,181.49315755829366,92.75169506606211,1.489503602299364,False,45.547073791348595,51.914152901993944,43.692797189959585,40.873628334196866,1.2761806374433906,False,33.56234096692112,49.41431856353034,2026-06-30,False
3110413,0.07435293985495767,1.096530079183793,1,18,46,10,8,83,28,141,374,69,60,672,False,,0.4,,0.0,,144.74929198292196,128.58744386196315,1.1310161866956048,True,30.814249363867688,36.56997455470738,64.33301865907643,54.71806121785666,0.9384001131518863,True,31.641221374045806,37.14885496183206,2026-06-30,False
3110405,0.1856247417900722,1.4246842848660086,22,80,195,38,36,371,106,464,1131,205,243,2149,False,,1.0,27324669.11842105,0.4883720930232558,,339.52291848567967,325.68619232270055,1.167539408929159,False,59.61832061068702,46.647020995343624,152.78531331855584,170.5641050310695,1.18240723345669,True,69.37659033078882,63.56361323155217,2026-06-30,False
3110403,0.15305420470038322,1.374161199759746,26,69,157,27,43,322,109,494,1140,232,258,2233,False,,0.9354838709677419,39769184.4137931,0.6862745098039216,9346054.114285715,339.8107421701166,359.4920305466123,1.1960300027008501,False,63.536895674300254,53.55539015453748,211.76611468572486,187.750898544587,1.2079781624216896,False,74.50381679389312,59.97136863957787,2026-06-30,False
3110402,0.11838604510414936,1.2277108673350408,10,36,91,12,10,159,74,398,987,180,208,1847,False,,0.725,31555312.413793102,0.0,,213.7944387121477,324.18056285836093,1.1648715072641387,False,50.99236641221374,41.87250360243417,59.38734408670769,169.4209976747213,1.1772458792575546,True,52.95165394402036,52.06615776081425,2026-06-30,False
3110401,0.044767126171760874,0.9564927957220616,0,8,40,5,1,54,20,262,678,86,82,1128,False,,0.8333333333333334,173697955.40451267,0.0,,84.4174591250175,273.9173793799615,1.2517976771016452,False,40.30534351145038,57.60531612104178,10.552182390627188,85.72986682884293,0.7679629262158201,True,15.432569974554706,25.802798982188293,2026-06-30,False
3110400,0.12329896537597362,1.2495622527923542,6,67,118,17,19,227,48,327,905,112,113,1505,False,,0.6666666666666666,36682512.421052635,0.6551724137931034,15929364.05263158,386.61511829942503,261.6916438290803,1.1737902359633277,False,56.348600508905854,47.400338608964205,109.63712309983694,90.43166896845895,0.7909829248196147,False,38.42239185750636,39.643549654362104,2026-06-30,False
3110412,0.021145619922396285,0.7836661356349073,0,4,4,2,0,10,1,26,165,23,29,244,False,,0.75,166018573.66666666,0.0,,56.222716231344826,33.177393813164365,0.6236296381313915,False,4.631043256997455,31.837674117651726,0.0,37.005554637760255,1.2186100671256752,True,24.681933842239186,32.277353689567434,2026-06-30,False
3110411,0.09032051861297742,1.4779669781895757,6,27,86,8,6,133,64,264,829,119,116,1392,False,,0.8888888888888888,29691833.125,0.0,,192.41662065452863,178.62374727978346,1.0270170265030925,False,30.979643765903308,27.395579029268042,42.759249034339696,78.48619198657153,0.8759469996974262,True,26.590330788804074,33.61323155216285,2026-06-30,False
3110410,0.13095094568849508,1.4163700748435821,13,74,123,21,23,254,96,408,974,161,190,1829,False,,0.9642857142857143,49291165.722222224,0.7837837837837838,10625978.27586207,408.9506121034047,288.06030799899366,1.2052965718952395,False,60.890585241730285,55.16631138527984,127.1062713294366,134.14573166619803,1.0871777576851225,False,60.35623409669212,51.00290494417173,2026-06-30,False
3110409,0.0776423881924157,1.163050055267061,5,55,175,14,15,264,68,381,1037,121,409,2016,False,,0.8913043478260869,28517349.048780486,0.7222222222222222,12766401.538461538,430.8913424362583,327.5869325439431,1.0236332138335305,False,54.50381679389313,43.48808517226185,117.51582066443407,351.6615627571462,2.1094946536978108,False,76.10687022900764,63.728066950673615,2026-06-30,False
3110394,0.15781671468949476,1.4240986033742367,2,44,116,26,26,214,89,369,945,204,185,1792,False,,0.8888888888888888,26748280.65625,0.6333333333333333,15908838.842105264,211.72502926793803,259.1112715971333,1.113795030670279,False,42.569974554707386,34.666376884083,125.11024456741792,129.9067350825736,1.0804978292630392,False,59.12213740458015,54.048385701619694,2026-06-30,False
3110389,0.0528897623305391,1.07492782717361,0,9,30,4,4,47,68,410,818,159,130,1585,False,,0.5555555555555556,69503827.6,0.0,,87.47225959262106,381.42095649160404,1.3941070147101815,False,52.722646310432566,55.25218627065693,38.876559818942695,120.93835205831348,0.8621093325721478,True,31.972010178117046,37.38040712468193,2026-06-30,False
3110388,0.055370739364293826,1.0268165104098392,3,10,41,5,3,62,35,249,672,139,82,1177,False,,0.7142857142857143,81737590.0,0.0,,94.90300685304503,242.4970746726844,1.142621747853939,False,32.69720101781171,44.27649625068972,28.47090205591351,79.85847439020128,0.7367863036933883,True,16.78117048346056,26.74681933842239,2026-06-30,False
3110397,0.542024475933846,3.149504250087362,24,92,157,34,56,363,39,228,512,104,110,993,False,,0.971830985915493,51359885.85507246,0.8795180722891566,162865598.24215597,155.3989805149209,72.39234555523323,1.236912202171001,False,36.704834605597966,39.03191776526023,94.59068379169099,34.9261316275248,1.1561299566241228,False,42.54452926208651,59.0162979622141,2026-06-30,False
3110398,0.10231807698022911,1.2163284674169896,5,52,108,17,20,202,27,292,832,109,100,1360,False,,0.92,59643272.217391305,0.7307692307692307,13951535.315789474,341.39086463617576,240.06673182622689,1.1598052044166123,False,52.519083969465655,52.53558966786153,131.30417870622145,82.21463418706401,0.7754878650271273,False,39.54198473282443,38.727547953203725,2026-06-30,False
3110399,0.16120488859043233,1.5537566543660288,3,28,133,22,18,204,53,354,861,198,157,1623,False,,0.9285714285714286,38890885.07692308,0.6896551724137931,4733392.35,132.57268895085798,227.83490516694891,1.1785001717202395,False,36.62849872773537,34.485502931567645,85.22530003983726,101.04542404296888,1.0134586617354504,False,45.49618320610687,36.43656337175356,2026-06-30,False
3110430,0.011185082437858004,0.6971133709481673,1,12,54,8,6,81,78,257,579,88,117,1119,False,,0.7142857142857143,79284192.4,0.0,,196.12623734204615,368.66313387511946,1.238024765948193,False,57.2264631043257,60.83855537427604,98.06311867102308,167.8349675618248,1.0931905264522341,True,59.97455470737913,56.982188295165386,2026-06-30,False
3130159,0.05771958639815696,0.9916605947617289,1,72,97,43,36,249,61,546,1227,170,190,2194,False,,0.9019607843137255,35659601.04347826,0.7619047619047619,78290243.71875,668.4021207978932,550.5916065276245,1.3436892705971342,False,87.41730279898219,68.68041149126881,334.2010603989466,191.59781179532723,0.9087515519499294,False,70.34351145038168,75.67105291611703,2026-06-30,False
3130158,0.011940490223190697,0.7632045848244075,0,4,37,7,18,66,108,389,867,133,167,1664,False,,0.0,,0.0,,64.57811337279969,509.69295485757374,1.26192418058924,True,53.53689567430025,52.47582697201017,290.6015101775986,218.81419912908692,1.0507910159902423,True,75.39440203562341,67.7760814249364,2026-06-30,False
3130157,0.05246263611892253,1.0063265259279346,20,61,82,32,24,219,126,550,1213,164,211,2264,False,,0.82,21715925.243902437,0.6086956521739131,19260221.42857143,595.3389675549707,546.5422860565506,1.3121351094225855,False,85.0,62.63572542901716,234.23172493966064,209.6734951962403,0.976952205465589,False,71.25954198473282,64.15929978591353,2026-06-30,False
3130156,0.015764254391629016,0.720380437979808,0,8,12,5,1,26,6,120,277,51,262,716,False,,0.0,,0.0,,121.64663119815287,166.5786488268905,0.9117829708063596,True,17.91348600508906,27.539440203562343,15.20582889976911,363.69671660537756,3.7206055051686215,True,57.18829516539441,55.031806615776084,2026-06-30,False
3130155,0.008516399278987122,0.7107158427490001,0,6,39,1,1,47,5,98,191,32,175,501,False,,0.0,,0.0,,102.53535887254367,137.8891451482814,1.0564756658774537,True,22.55725190839695,30.790076335877863,17.08922647875728,246.23061633621674,3.51012096361297,True,54.52926208651398,53.17048346055979,2026-06-30,False
3130154,0.006758449408446577,0.6481925421651367,1,5,21,3,2,32,3,67,207,32,21,330,False,,0.42857142857142855,,0.0,,88.09261091716715,103.36434877236023,1.0917300103435987,True,22.888040712468193,31.021628498727733,35.237044366866854,32.39778095850097,0.6946247438928289,True,12.926208651399492,24.048346055979643,2026-06-30,False
3120083,0.1258195747469345,1.2100433586585313,4,68,126,21,250,469,7,183,411,77,340,1018,False,,0.9534883720930233,111724537.02439025,0.9104477611940298,91733044.59016393,386.760120981271,151.23425015354493,0.9747518098643654,False,38.84223918575064,52.930597071211096,1421.912209489967,280.9816669519414,3.4283927959143163,False,92.0356234096692,91.7053896445588,2026-06-30,False
3120082,0.03888208478531981,0.9830779731071834,1,24,97,15,13,150,6,128,458,73,43,708,False,,0.9047619047619048,52110643.05263158,0.5882352941176471,8950976.1,270.02066904672733,130.2033038085824,0.9804012230844361,False,32.519083969465655,36.476307296566674,146.26119573364397,43.740172373195655,0.651231838654084,False,32.86259541984733,30.65254200635772,2026-06-30,False
3120081,0.2676932503401734,1.8715893511645774,115,452,1151,101,354,2173,176,766,1913,231,450,3536,False,,1.0,103215109.25699745,0.9011976047904192,20046170.12624585,1422.7560689942775,409.2778148814345,1.172288310211495,False,78.26972010178116,79.35978691056039,1114.2824080176422,240.43735861180878,1.3308122814763548,False,85.3562340966921,74.11197009997909,2026-06-30,False
3120086,0.07247963646647006,1.0699338383612438,9,63,190,22,36,320,48,455,1078,158,194,1933,False,,1.0,99946095.4,0.5192307692307693,6692853.37037037,514.3712197190171,425.2599400883492,1.2711686779623137,False,76.79389312977099,77.71828369317979,293.9264112680097,181.31962280690053,1.0509325404137295,False,73.8676844783715,57.656387633443615,2026-06-30,False
3120084,0.08104001350269976,1.2415669744978872,19,88,151,17,21,296,52,542,1045,148,153,1940,False,,0.9452054794520548,123883886.98550725,0.3225806451612903,,671.5506023523644,436.5451168827963,1.5059349921830667,False,85.29262086513995,86.5691091765808,160.25639374317785,123.23137063296649,0.8291015444432442,True,52.340966921119595,51.63867684478372,2026-06-30,False
3120080,0.038975830275145236,0.8878079072393987,3,34,147,23,22,229,7,80,307,51,38,483,False,,0.9473684210526315,107259506.47222222,0.5897435897435898,88441652.60869566,382.12624591262346,90.10958265595609,0.903430924264515,False,34.033078880407125,48.90895864842227,247.25815911993283,42.80205176157914,0.8347225931916737,False,45.67430025445293,58.912520093131214,2026-06-30,False
3110418,0.08826644662991538,1.3139287449257304,1,15,43,7,4,70,19,208,465,72,45,809,False,,0.85,16401429.0,0.0,,108.48619000204056,158.30386602262604,1.3790180772157452,False,38.18066157760814,28.6453398593959,28.929650667210815,34.24843255297198,0.5978160424010347,True,8.180661577608143,20.7264631043257,2026-06-30,False
3110417,0.029841663151515836,0.9364475179275826,0,16,40,5,3,64,5,58,190,35,16,304,False,,0.6,55481686.666666664,0.0,,200.39662712983244,61.93619918856494,1.030714211099041,False,28.52417302798982,34.89671831148055,37.57436758684358,17.085848052017916,0.5918218598264464,True,9.885496183206106,21.919847328244273,2026-06-30,False
3110416,0.09268681758688231,1.1978140399626636,5,32,76,11,5,129,36,212,455,74,53,830,False,,0.7333333333333333,173697955.40451267,0.4,,224.26738882528605,176.9890758724185,1.3705455465016219,False,49.69465648854962,64.17783520501125,35.04177950395095,44.24726896810463,0.6806998955412613,True,13.282442748091604,24.297709923664122,2026-06-30,False
3110435,0.017818160776489435,0.7819986933961229,2,38,43,4,3,90,26,230,375,47,35,713,False,,0.9375,43631475.266666666,0.0,,560.321889666661,294.11813848580573,1.7176281082431044,False,74.14758269720102,62.57413472111403,44.235938657894295,44.75710803044869,0.5340172898192429,True,11.475826972010179,23.033078880407125,2026-06-30,False
3110434,0.03809014188125956,0.9128052122975572,1,23,60,5,7,96,41,417,999,135,168,1760,False,,0.45,,0.6666666666666666,6778259.75,261.09618521221904,456.8335000524361,1.2790003264636125,True,69.17302798982189,63.42111959287532,79.46405636893623,184.04802879810373,1.0002900907325962,False,54.74554707379135,44.695820628707764,2026-06-30,False
3110433,0.09530930711072298,1.1020023657032925,5,44,111,7,14,181,59,609,1213,172,171,2224,False,,0.6744186046511628,4861715.620689655,0.4782608695652174,,302.8023522710271,552.6303925956994,1.4772470001438942,False,79.66921119592875,56.14286281374919,96.34620299532679,155.1720806795806,0.8083216975967075,True,47.50636132315522,48.25445292620865,2026-06-30,False
3110432,0.06909928620236598,1.1528804252578646,1,31,79,10,2,123,9,141,363,47,86,646,False,,0.6785714285714286,45583162.94736842,0.5,637028.75,260.2870343599437,122.3023627697231,1.1745168092608202,False,42.773536895674305,41.36113261324346,16.792711894189914,74.59576736309353,1.3775417068837692,False,31.641221374045802,22.573784140302315,2026-06-30,False
3110429,0.16055365206015956,1.7307346300642688,5,109,244,24,44,426,72,578,1282,169,219,2320,False,,0.8260869565217391,37751764.026315786,0.7169811320754716,41712846.5,517.6827802960948,333.96223196766834,1.345425090837066,False,73.63867684478372,59.83100514860289,208.97286544062547,126.53586297736915,0.9893457914591821,False,62.277353689567434,65.0955640132921,2026-06-30,False
3110420,0.05043135254717185,1.1628923922100918,6,54,89,9,6,164,9,158,323,54,50,594,False,,0.7317073170731707,48149430.3,0.1,,537.6807006023005,135.868117341209,1.4200058120059293,False,62.646310432569976,55.833696553969034,59.74230006692228,42.99623966493956,0.8877629265927138,True,27.048346055979643,33.93384223918575,2026-06-30,False
3110419,0.12599439828180883,1.5924540813194115,27,106,158,23,20,334,42,256,643,101,69,1111,False,,0.9876543209876543,86661386.8375,0.8709677419354839,7552294.37037037,602.2918969856576,160.75816753717245,1.241956358696431,False,59.974554707379134,64.11947378658505,113.6399805633316,43.32934984400352,0.660009124756808,False,28.65139949109415,26.769860663595935,2026-06-30,False
3110428,0.21772473490331795,1.5471284312898794,12,65,270,36,34,417,118,469,1127,180,203,2097,False,,0.8783783783783784,25657039.276923075,0.5,12090214.15,242.78668171423575,303.1422540719409,1.208819758376055,False,53.25699745547074,41.49206670556899,126.9961104351387,131.21082638934755,1.0142426463314738,False,57.82442748091603,50.505427848539235,2026-06-30,False
3110427,0.030639540791045132,0.8173312294989664,1,6,39,4,3,53,7,106,280,42,82,517,False,,0.0,,0.0,,74.40518560922024,129.69038276560073,1.1048164259519149,True,23.37150127226463,31.360050890585242,37.20259280461012,100.32652251678546,1.6257789187530522,True,41.043256997455465,43.730279898218825,2026-06-30,False
3110426,0.1300170326145573,1.3084870910550643,26,60,127,24,19,256,176,643,1447,177,241,2684,False,,0.86,20582011.76744186,0.35714285714285715,,333.30179443891143,491.407217079638,1.2947440182708576,False,75.0,55.40171606864275,105.54556823898862,184.18217623047084,0.9416016208748612,True,57.67175572519084,55.37022900763359,2026-06-30,False
3110425,0.10427738856403782,1.3576965900903462,23,39,139,11,18,230,140,669,1552,212,255,2828,False,,0.8918918918918919,23279566.393939395,0.2727272727272727,,252.79141916387692,492.74632114637797,1.2787997853166932,False,69.80916030534351,52.32975074728179,116.67296269102012,187.81810447283465,0.9454922104928805,True,60.10178117048346,57.07124681933842,2026-06-30,False
3110442,0.020049910111780554,0.7691126618299018,0,11,29,3,2,45,0,40,115,15,8,178,False,,0.6153846153846154,66449716.375,0.0,,157.0308938647744,52.00798528635648,1.1862020772781159,False,33.600508905852415,40.88385077387828,28.551071611777168,10.401597057271296,0.5472800509183487,True,6.488549618320611,19.541984732824428,2026-06-30,False
3110440,0.05463222258693232,1.1384898311487974,0,2,17,3,1,23,17,88,298,43,43,489,False,,0.0,,0.0,,19.11457054578312,77.2953763769706,0.9765049529141924,True,10.241730279898219,22.169211195928753,9.55728527289156,37.769331638747,0.9260290884907784,True,18.053435114503817,27.63740458015267,2026-06-30,False
3110439,0.09902610997323158,1.1637337555187348,8,19,37,15,11,90,26,126,406,67,59,684,False,,1.0,5534581.590909091,0.47058823529411764,,127.49443707154958,108.27218803482712,0.9981787129308424,False,20.089058524173026,14.57716155974483,73.81256883089712,50.69888169884762,0.9079518180794777,True,31.88295165394402,37.31806615776081,2026-06-30,False
3110424,0.07591143268967643,1.1151184112763135,6,76,98,10,11,201,171,684,1434,180,269,2738,False,,0.9354838709677419,14401348.72413793,0.6363636363636364,1318452.357142857,603.5988819800897,613.3877739648518,1.3497411663521683,False,87.7735368956743,62.93913573336826,87.36299607606561,241.22998712945193,1.0292365159403654,False,60.75063613231552,43.63026115664352,2026-06-30,False
3110415,0.19750791011105384,1.6731554402391444,7,75,252,42,35,411,46,287,850,123,95,1401,False,,0.9491525423728814,63081152.41071428,0.6304347826086957,30065667.931034483,303.020618477803,171.53217991448483,1.1076435919845282,False,44.14758269720102,47.23716124217488,141.40962195630806,56.77894457099672,0.7166538964139214,False,35.55979643765904,43.16381218058228,2026-06-30,False
3110414,0.06848252545469462,1.0081509866199705,0,0,13,2,3,18,1,74,191,30,18,314,False,,0.0,,0.0,,0.0,73.4017036952966,1.2527632538855205,True,24.79643765903308,32.35750636132316,25.320189525730026,17.854468466423498,0.6355437902028698,True,7.811704834605598,20.468193384223916,2026-06-30,False
3110423,0.0581647727976526,1.4508994105648776,6,42,64,13,9,134,44,338,621,97,93,1193,False,,0.8378378378378378,36455278.29032258,0.0,,388.2964750323174,232.9589477663422,1.521969559300095,False,64.79643765903307,53.173418997828605,83.20638750692515,64.09817201854977,0.8214007875065963,True,31.653944020356235,37.157760814249365,2026-06-30,False
3110438,0.10007135309926435,1.2265561197595554,8,86,166,20,16,296,55,504,998,151,138,1846,False,,0.95,65228954.25,0.65,4730801.692307692,573.0607356029868,410.9065960217134,1.4716409403680628,False,81.50127226463104,73.94636640427449,106.61595080985802,112.51013938689773,0.7868554491977799,False,41.00508905852417,33.20781163275162,2026-06-30,False
3110437,0.08370052489541203,1.1728102898015134,8,31,60,17,12,128,30,173,575,91,75,944,False,,0.9230769230769231,18879476.208333332,0.0,,231.86146818982138,147.50893772366078,0.9931800705537915,False,30.77608142493639,24.02375621742427,89.75282639605989,63.948961440893406,0.8377270013252364,True,34.211195928753185,38.94783715012723,2026-06-30,False
3110436,0.04154533698907462,0.9466541145422419,0,11,88,5,5,109,66,248,685,83,124,1206,False,,0.75,173697955.40451267,0.0,,120.15904208548363,261.9753045914994,1.1114289634772314,False,33.72773536895674,53.00099042129624,54.61774640249256,130.9876522957497,1.0755913302271491,True,44.58015267175573,46.20610687022901,2026-06-30,False
3110422,0.03532383754426875,0.9303858597194657,2,11,63,8,9,93,105,493,1148,99,354,2199,False,,0.0,,0.5384615384615384,33087698.14285714,128.92059612640895,529.8876749359149,1.2118428197892228,True,56.43765903307889,54.50636132315522,105.48048773978913,380.48729599860826,1.6777324309791304,False,73.00254452926208,69.96863669456278,2026-06-30,False
3110421,0.06979355716776163,1.1313490513047746,8,66,101,13,14,202,45,283,542,78,64,1012,False,,0.9107142857142857,75292728.1764706,0.3888888888888889,,550.9478269150326,250.1438434704291,1.500350265760533,False,69.6437659033079,68.3606205316915,116.86772086076449,56.56963244560941,0.6724318663417778,True,30.890585241730278,36.62340966921119,2026-06-30,False
3110431,0.055707310256413546,1.007078144279826,25,117,141,12,48,343,111,401,939,137,173,1761,False,,0.9805825242718447,99117903.40594059,0.6944444444444444,18253668.98,1106.8297898810767,398.1816130929542,1.2298819494920865,False,80.19083969465649,80.04934441652475,454.0840163614674,171.78408744409248,1.0289869732164896,False,75.08905852417303,66.58500385643953,2026-06-30,False
3130181,0.04581604939535234,0.9458103910861742,2,8,40,4,47,101,30,294,719,109,146,1298,False,,0.875,77969243.42857143,0.9180327868852459,46904820.58928572,83.493319234972,310.844544287961,1.222112752818361,False,41.08142493638677,48.881802447670424,490.5232505054605,154.36497777565413,1.1746800250647982,False,76.59033078880407,76.30444968247446,2026-06-30,False
3130182,0.04180307392900113,0.9497348346746699,4,48,57,40,19,168,26,220,515,89,57,907,False,,0.8611111111111112,49705890.09677419,0.875,20901148.904761903,522.8583090488053,231.64360405434707,1.3041784166554584,False,64.47837150127228,57.81816738318389,206.96474733181878,60.01675195953538,0.6694973697555955,False,38.7531806615776,41.74479020248109,2026-06-30,False
3130179,0.05563759251502521,0.9363037022632322,3,115,245,19,54,436,28,391,1254,122,155,1950,False,,1.0,56453498.775700934,0.8918918918918919,13637435.363636363,1088.6276112705157,417.59954494986533,1.085119224000942,False,73.21882951653944,66.46378908591458,511.181660944416,165.54457664252973,0.8354992955560331,False,66.80661577608143,57.72780384778957,2026-06-30,False
3130178,0.0075259869754527265,0.6784852534913554,1,30,47,1,21,100,22,310,894,93,130,1449,False,,0.7142857142857143,21614032.24,0.8648648648648649,3740362.3125,521.5034383121751,456.90012922874786,1.15595520525512,False,72.55725190839695,53.87899989282014,365.05240681852257,191.60327999915233,0.9413837539580925,False,72.46819338422392,54.38212630380094,2026-06-30,False
3130177,0.0227759042874535,0.7948689656779101,5,50,32,80,17,184,53,331,696,180,107,1367,True,청과상 x10,0.96,78928938.97916667,0.6111111111111112,,687.040586984777,416.42083700890765,1.3052548428139534,False,80.9796437659033,77.32537622115572,233.59379957482415,134.61338235635384,0.8241110248066187,True,57.60814249363868,55.32569974554708,2026-06-30,False
3130176,0.01853106150695689,0.7846332614724375,0,5,19,8,10,42,47,297,614,168,88,1214,False,,0.8571428571428571,62445915.0,0.6875,13222979.454545455,72.95961699779636,378.52078746018464,1.3177013570324132,False,49.64376590330789,50.89728199815015,145.91923399559272,112.15430739561026,0.7654153991167059,False,45.712468193384225,42.70694303281938,2026-06-30,False
3130175,0.006147282209268656,0.6418389254228851,2,8,40,2,9,61,171,657,1484,119,281,2712,False,,0.5,121680820.0,0.7777777777777778,49116212.0,142.48240850167775,1023.6213074286914,1.3091870083198232,False,67.27735368956743,73.86481840953027,160.29270956438745,437.80454701288016,1.0848570576256222,False,76.66666666666666,76.78281397544852,2026-06-30,False
3120097,0.0595492704114004,1.0211975145646397,2,52,66,9,7,136,37,353,768,79,123,1360,False,,0.9318181818181818,43987996.02439024,0.0,,474.6722621220538,345.6726000263447,1.397584556152309,False,73.9821882951654,62.59876425591375,63.89818913181493,120.44682663807478,0.9488860452063881,True,41.31043256997455,43.917302798982185,2026-06-30,False
3120095,0.10061418262789887,1.4210014138840719,21,102,249,49,49,470,62,378,926,212,132,1710,False,,0.9552238805970149,88630578.15625,0.7017543859649122,90125690.625,677.2270593666265,266.0095875392549,1.1943096569527956,False,64.50381679389312,67.57076847959414,325.334567734948,92.89223691846996,0.8122213418113637,False,52.48091603053435,63.8471228077763,2026-06-30,False
3120096,0.15141710164171893,1.6814633471834388,12,110,418,39,45,624,82,687,1946,199,231,3145,False,,0.9619047619047619,37457674.10891089,0.55,25840207.424242426,546.1303886482697,408.5726882782012,1.1818388349191624,False,71.27226463104326,58.03411098275992,223.41697717429213,137.38033623328164,0.7718784207293237,False,54.720101781170484,54.451380028689016,2026-06-30,False
3120094,0.3438287336170001,1.9167042549065696,158,572,1188,105,271,2294,224,1091,3365,222,476,5378,False,,1.0,65516178.76413255,0.816711590296496,16758668.283828383,1452.4079915313444,569.2062284555116,1.0986153152393132,False,81.25954198473282,73.91756082457039,688.1163736101299,248.34295576977408,0.9279101165246827,False,76.41221374045801,66.6613541508985,2026-06-30,False
3110514,0.09193512900222628,1.3620602854791208,0,18,69,7,1,95,229,870,2734,143,403,4379,False,,0.45,,0.0,,126.81849889126228,638.738247693616,1.075953322205987,True,51.1323155216285,50.792620865139945,7.045472160625682,295.87530324198536,0.9646519332099021,True,42.646310432569976,44.85241730279898,2026-06-30,False
3110530,0.01747263235395633,0.8008819238739862,2,13,60,5,6,86,26,181,619,87,117,1030,False,,0.46153846153846156,,0.0,,192.67071027854644,226.00085556242274,0.953493768994493,True,30.076335877862597,36.05343511450381,88.92494320548296,146.0889508331683,1.1849772782015255,True,57.74809160305344,55.4236641221374,2026-06-30,False
3110533,0.0392279491057577,0.8878146414708596,0,1,16,2,5,24,31,263,665,72,129,1160,False,,0.0,,0.6666666666666666,11620394.75,11.207250755194954,296.2330059845407,1.2226890427609673,True,34.338422391857506,39.036895674300254,56.03625377597477,145.30059989355797,1.1611994040169258,False,49.16030534351145,44.015613173885775,2026-06-30,False
3110532,0.061152064933821554,1.0538644537828883,7,26,75,7,16,131,26,259,772,113,152,1322,False,,0.6086956521739131,48422815.071428575,0.7647058823529411,58011280.384615384,233.91378302760322,245.7621557215534,1.0601530752057444,False,40.33078880407125,40.44684077439433,143.94694340160197,144.23107208369157,1.2003334032761201,False,66.04325699745547,71.04614392088172,2026-06-30,False
3110529,0.11349830158307637,1.4278381049481936,15,49,110,15,9,198,59,375,864,199,133,1630,False,,0.7837837837837838,46094510.75862069,0.2857142857142857,,299.69730281939496,262.63481742112924,1.2420747293327263,False,56.74300254452926,51.18656043951681,55.04644337499091,93.1478152453605,0.8576773590817169,True,30.674300254452923,36.472010178117046,2026-06-30,False
3110527,0.10607258701687419,1.2046865839855976,4,32,88,14,8,146,62,391,942,208,133,1736,False,,0.5555555555555556,48065137.8,0.4,,205.0328030798915,324.56574614320976,1.2166115874982248,False,53.2442748091603,49.111866001357605,51.25820076997287,110.40215917403299,0.8061972910960645,True,29.923664122137403,35.94656488549618,2026-06-30,False
3110525,0.035519352532863445,1.092038289050955,0,22,65,7,4,98,46,320,719,186,105,1376,False,,0.8125,31100080.307692308,0.0,,257.2517137749122,293.0300184603405,1.2545094285851954,False,56.88295165394402,45.949111399570484,46.773038868165855,96.15047480729923,0.8039292596067513,True,26.52671755725191,33.56870229007633,2026-06-30,False
3110539,0.04805189639381146,0.9234358490623281,8,32,40,6,2,88,56,489,1039,96,61,1741,False,,0.8372093023255814,100010075.97222222,0.0,,326.35778783386877,529.5440939362909,1.5130009272178389,False,80.10178117048346,80.0806071937534,20.397361739616798,66.05764770984406,0.37788603091840833,True,7.531806615776081,20.272264631043257,2026-06-30,False
3110538,0.016656964900918128,0.7817617270880368,3,26,37,2,9,77,34,328,665,65,71,1163,False,,0.8695652173913043,78678553.8,0.0,,390.05676359023477,419.56518032899663,1.5148250318571286,False,77.95165394402035,75.065377729613,135.01964893508128,90.82051159560598,0.6488088633656931,True,36.67938931297711,40.67557251908397,2026-06-30,False
3110537,0.05278603511873035,0.9478891126280803,1,31,122,6,7,167,54,427,845,92,61,1479,False,,0.7241379310344828,37062303.333333336,0.0,,301.59739077581145,450.4746328567025,1.5530769333255985,False,76.17048346055981,61.41606229134662,68.10263662679614,64.35351897952893,0.44349646173393054,True,17.595419847328245,27.31679389312977,2026-06-30,False
3110536,0.021585866892265434,0.8772600495846183,0,14,30,3,1,48,49,320,701,110,57,1237,False,,0.14285714285714285,,0.0,,195.56932964253372,364.77211079145764,1.392139113331322,True,61.36132315521629,57.9529262086514,13.96923783160955,64.97503223472839,0.4951215749494814,True,6.6157760814249365,19.631043256997454,2026-06-30,False
3110522,0.03741968574487702,0.8904716359249771,2,14,31,4,2,53,37,256,653,169,97,1212,False,,0.45454545454545453,,0.0,,160.1469952758373,287.4881014419736,1.1409599076269143,True,42.07379134860051,44.45165394402035,22.87814218226247,108.93103843699781,0.8425847732818644,True,25.330788804071247,32.73155216284987,2026-06-30,False
3110521,0.03042770907627384,0.9142143813639956,3,27,47,3,4,84,48,290,658,178,106,1280,False,,0.6,109289362.26666667,0.5,903767.6666666666,335.7051979982978,317.2122490212021,1.2223608645308386,False,61.55216284987277,68.54673240364728,49.73410340715523,115.94654619395664,0.8708426109396712,False,33.80407124681934,24.342736558325946,2026-06-30,False
3110520,0.060585443868275815,0.9634390682634447,5,28,91,3,7,134,164,764,1710,158,372,3168,False,,0.9444444444444444,83846242.52941176,0.0,,253.19788048553917,792.9925463548778,1.3037972522234205,False,75.96692111959288,74.9397152985356,63.29947012138479,386.11678958640647,1.2283591783872012,True,62.1119592875318,58.47837150127226,2026-06-30,False
3110535,0.034671305952014016,0.9493830762265507,1,10,37,5,3,56,24,202,463,81,51,821,False,,0.5454545454545454,26336114.0,0.0,,118.10376475907108,212.7697502286178,1.321370930637994,False,40.483460559796434,32.87820398312115,35.431129427721324,53.71909535475004,0.6632706786342308,True,13.396946564885496,24.37786259541985,2026-06-30,False
3110534,0.07178652520299596,1.1141934453948814,1,6,31,3,1,42,45,360,830,73,84,1392,False,,0.7142857142857143,6274725.0,0.0,,49.26653412599705,323.10367781100376,1.3928061101720342,False,44.961832061068705,32.08170677972157,8.211089020999507,75.39085815590089,0.640126322929447,True,9.669211195928753,21.768447837150127,2026-06-30,False
3110566,0.1567430039746281,1.4962844119362393,20,92,566,16,66,760,351,1486,4704,189,864,7594,False,,0.9895833333333334,23599996.87368421,0.648,8854477.024691358,444.9969199987557,993.1266998077384,1.060010583885553,False,72.54452926208651,54.43171650530143,319.23692086867254,577.430328824957,1.1915135183407382,False,85.22900763358778,67.22404472028198,2026-06-30,False
3130198,0.02767092030438102,0.8916349715937819,5,46,76,32,24,183,26,201,723,106,120,1176,False,,0.9111111111111111,26669458.219512194,0.68,10543858.88235294,592.242242266896,225.4285738038247,0.9279174221982476,False,45.72519083969466,36.78142453942432,308.9959524870762,134.5842231664625,1.0675901814803055,False,69.18575063613233,57.09858068608583,2026-06-30,False
3130197,0.00970120004307786,0.7131945729831021,7,36,15,15,6,79,57,438,1396,101,84,2076,False,,0.9512195121951219,112050813.92307693,0.5714285714285714,10207267.0,603.0029542793767,614.1381561106995,1.1411176881332556,False,78.53689567430025,80.81046035734559,100.5004923798961,117.77992034999716,0.4322220471062079,False,32.68447837150127,31.29273259376194,2026-06-30,False
3130196,0.00742568165487021,0.6553380800754056,8,22,69,8,3,110,61,442,1416,103,87,2109,False,,0.9,52275825.518518515,0.0,,383.10385468683774,674.4610353623001,1.1336450932286215,False,73.49872773536896,65.20885980477387,52.24143473002332,132.755905150498,0.44025127404268577,True,24.452926208651398,32.11704834605598,2026-06-30,False
3130195,0.10187974758373666,1.4294234801593209,53,207,302,21,26,609,132,689,2232,172,168,3393,False,,1.0,109561352.96825397,0.6530612244897959,26295586.40625,1362.9203583306826,482.012510332631,1.0993791418264778,False,78.20610687022901,80.25129508997153,171.18806433139008,117.52990092290567,0.5230847976661839,False,42.264631043257,45.98750801923174,2026-06-30,False
3130194,0.05419767593809147,1.1717585760000186,29,83,79,11,7,209,100,466,1618,110,127,2421,False,,0.9848484848484849,147860925.5076923,0.0,,796.5628719906769,397.6928435128369,1.0423928493106203,False,67.18829516539441,74.92572237240634,67.18000125222576,108.38410112903495,0.5552299992380202,True,24.872773536895675,32.410941475826974,2026-06-30,False
3120107,0.1922184096514582,1.9365330194101644,17,151,729,42,43,982,146,972,3057,227,212,4614,False,,0.9669421487603306,108711483.83760683,0.5897435897435898,162865598.24215597,623.4043077785973,501.9279249346623,1.1405124417300836,False,75.61068702290076,78.34089745269199,177.5257300296668,109.47399185817738,0.4848422998841383,False,40.63613231552163,57.68042009961868,2026-06-30,False
3120106,0.1367237699422222,1.529703559525959,20,125,514,25,31,715,129,690,1986,139,144,3088,False,,0.9351851851851852,69171684.53465347,0.8211382113821138,14497160.277227722,669.4380690721842,451.0677874174684,1.2086571691064398,False,78.07888040712469,72.90794639419164,166.0206411299017,94.13588606973254,0.49359092708091656,False,37.659033078880405,38.00438264530127,2026-06-30,False
3120103,0.4619232356156593,2.442973932015457,246,716,1863,74,331,3230,539,2191,7732,287,1040,11789,False,,1.0,84978262.78382353,0.908411214953271,44270480.58230453,1398.6471997875028,896.8577074387453,1.0069707679875648,False,78.60050890585241,76.92363236514193,646.5813172202004,425.71064159575315,0.9246512037255395,False,79.93638676844785,78.05178801836675,2026-06-30,False
3120102,0.24642871388348964,1.7915003317887639,16,149,855,27,46,1093,303,1484,5394,244,704,8129,False,,0.9523809523809523,95995373.03571428,0.6226415094339622,40589483.5,502.65036085054834,828.3559727383733,0.9891756575486902,False,68.99491094147584,71.79097744062435,155.18064831627666,392.9667148300639,0.9078825900244462,False,69.26208651399492,69.47496197622704,2026-06-30,False
3110579,0.055046068311519154,1.0839990896238971,2,18,57,7,8,92,75,331,1120,71,100,1697,False,,0.5,28452745.777777776,0.2222222222222222,,171.3533908439118,305.3508099484136,1.0558430894100133,False,39.13486005089059,32.63621170801031,76.15706259729413,92.25099998441499,0.6241622075203862,True,26.005089058524174,33.203562340966926,2026-06-30,False
3110578,0.11194988783762667,1.2622310044404372,8,84,154,24,17,287,45,421,1204,107,70,1847,False,,0.8987341772151899,40455743.18309859,0.6538461538461539,43242525.058823526,518.6789637311736,333.53641173363076,1.2312645645057279,False,69.3765903307888,57.97078951860364,104.97074265988037,55.457360620793715,0.40679259066137174,False,23.95674300254453,38.61107987515228,2026-06-30,False
3110577,0.026040174360308387,0.9417057097319592,2,14,85,8,7,116,107,565,1590,112,107,2481,False,,0.7857142857142857,104726345.18181819,0.36363636363636365,,184.11320223520886,599.9751240340444,1.2311078068670267,False,64.87277353689568,70.1223299313652,92.05660111760443,113.62360756042963,0.458495858882854,True,30.699745547073793,36.48982188295165,2026-06-30,False
3110576,0.07604009012092304,1.145562651663541,12,75,149,13,11,260,55,491,1484,114,101,2245,False,,0.9295774647887324,79699744.18181819,0.16666666666666666,,595.0487652622661,428.61034207687294,1.1825763269039495,False,73.46055979643766,72.38963054705394,87.27381890513236,88.16628217874576,0.478420841191905,True,25.852417302798983,33.096692111959285,2026-06-30,False
3110575,0.07153142968342246,1.0862824457980857,1,8,105,2,0,116,86,682,2011,180,381,3340,False,,0.7272727272727273,34011459.5,0.0,,65.82659334165014,627.8293482860605,1.1054145539641276,False,48.12977099236641,40.61751676173917,0.0,350.737509819632,1.1936516867647367,True,48.61323155216285,49.029262086513995,2026-06-30,False
3110574,0.016303874205611805,0.7308617422987319,0,4,40,1,1,46,27,232,783,68,51,1161,False,,0.0,,0.0,,60.328299785255226,317.4334988041726,1.0806332376392267,True,31.781170483460556,37.246819338422384,15.082074946313806,69.78063982333104,0.47392388540531527,True,7.251908396946565,20.076335877862597,2026-06-30,False
3110573,0.009366614853438886,0.6920752312053601,2,7,34,0,4,47,41,275,1118,90,251,1775,False,,0.8,51789452.25,0.0,,117.91138870358743,397.35564516742403,0.842115773134463,False,30.814249363867685,35.18931932849833,67.37793640204997,362.6773343164488,1.4738502007164231,True,63.905852417302796,59.734096692111954,2026-06-30,False
3110572,0.1482246299232206,1.5865337882507469,6,76,198,19,10,309,97,698,2424,180,359,3758,False,,0.9577464788732394,38049372.89705882,0.2631578947368421,,383.40341474940567,439.9528110709756,1.0063197095270984,False,58.93129770992366,49.6762453704255,50.44781773018496,226.27945440469946,1.0010723324371351,True,50.038167938931295,50.02671755725191,2026-06-30,False
3110571,0.07554996142605784,1.1270386729832482,1,19,77,8,14,119,36,289,1171,100,87,1683,False,,0.85,12366723.764705881,0.0,,151.3341763246178,256.4242087940274,0.9316255001363412,False,27.264631043256998,20.255288532151972,111.50939308129732,77.19344693799441,0.5497358290585551,True,29.541984732824428,35.679389312977094,2026-06-30,False
3110589,0.031213729925546906,1.004153706496322,0,3,29,3,1,36,26,197,756,111,140,1230,False,,0.0,,0.0,,36.939566779536726,196.1851046563075,0.8709487364791284,True,11.526717557251908,23.068702290076335,12.313188926512241,139.42088655778198,1.1881741153514203,True,39.287531806615775,42.50127226463104,2026-06-30,False
3110569,0.08493351350718002,1.1577036230251634,18,88,296,7,25,434,206,793,2904,145,467,4515,False,,1.0,46731318.58108108,0.6451612903225806,3018635.8,652.1730422095426,684.976693713572,0.9519632312132097,False,69.77099236641222,60.35295518690977,185.27643244589277,403.384761619468,1.0833496981849484,False,78.00254452926208,57.57628541977524,2026-06-30,False
3110587,0.07662895877536795,1.273512817074889,5,24,121,12,11,173,48,411,1523,131,112,2225,False,,0.625,23572829.1,0.0,,189.53010616295546,322.7293785264127,1.0008430508021238,False,39.12213740458015,30.989240332972095,86.86796532468793,87.94571872252608,0.5337824870395705,True,26.24681933842239,33.37277353689567,2026-06-30,False
3110586,0.13213935203006488,1.4168832482574585,6,96,215,9,14,340,49,479,1679,153,122,2482,False,,0.9333333333333333,43216099.97619048,0.2647058823529412,,527.0689663162617,338.06596315475815,1.0451202763074565,False,59.08396946564885,51.88919984280287,76.86422425445484,86.10448330872754,0.5208886630226921,True,23.066157760814246,31.146310432569972,2026-06-30,False
3110585,0.01821571614480642,0.9270961639612189,0,9,32,2,2,45,24,282,840,91,67,1304,False,,0.25,,0.0,,131.93440615495481,304.17556555847887,1.1678761065372032,True,41.18320610687023,43.82824427480916,29.318756923323292,72.26866273907122,0.5488094817839307,True,11.259541984732824,22.881679389312975,2026-06-30,False
3110583,0.007972372040056828,0.7280444016215349,1,9,48,1,3,62,30,320,1004,80,49,1483,False,,0.36363636363636365,,0.0,,155.2463644886106,439.53363185992623,1.1657899911373328,True,53.25699745547073,52.27989821882951,51.7487881628702,67.3035873785512,0.3592100362656817,True,14.312977099236642,25.019083969465647,2026-06-30,False
3110582,0.053598994447046536,0.9951024268164296,3,26,124,17,8,178,27,356,1219,125,155,1882,False,,0.782608695652174,24332700.944444444,0.375,,250.96768688512327,357.75211717544397,1.0245278689629957,False,48.104325699745544,37.557583372037165,77.22082673388408,155.7628600061624,0.8652137056490301,True,46.1323155216285,47.292620865139945,2026-06-30,False
3110581,0.013748071312449612,0.7109792438789017,1,3,14,1,1,20,98,570,1522,103,96,2389,False,,0.0,,0.0,,47.06024728647937,801.7111679523036,1.2891289611626024,True,57.646310432569976,55.35241730279898,15.686749095493122,135.02503881301956,0.42828069743373237,True,17.08651399491094,26.960559796437657,2026-06-30,False
3110580,0.03935983064567227,0.8974832666318107,0,12,67,8,3,90,17,187,964,111,74,1353,False,,1.0,18704471.7,0.6666666666666666,1018518.5,134.28852666006216,208.36043072067224,0.7543115690131886,False,17.760814249363868,14.81946545037374,33.57213166501554,82.45279076646923,0.5824055082913254,False,14.223918575063614,10.89158719517909,2026-06-30,False
3110584,0.014176536989747125,0.8620402207776867,5,8,47,5,4,69,30,205,729,107,121,1192,False,,0.0,,0.0,,124.65614966538448,237.80792944331523,0.9335036124210077,True,22.63358778625954,30.843511450381676,62.32807483269224,140.36468030556654,1.0621874305966656,True,47.671755725190835,48.37022900763358,2026-06-30,False
3120153,0.4438260732631088,2.4066368847278636,35,222,538,457,35,1287,82,513,1370,623,122,2710,True,수산물판매 x20,1.0,173697955.40451267,0.4666666666666667,,449.5509897504322,213.1605325487267,1.0253878326084311,False,46.208651399491096,61.73763164267028,70.87515604173481,50.693148091510054,0.47754464288795706,True,17.111959287531807,26.978371501272264,2026-06-30,False
3110832,0.1008571212990453,1.2775485137573028,4,15,89,11,11,130,82,418,1234,205,122,2061,False,,0.6666666666666666,109625646.25,0.0,,99.4318323910303,327.18914037217365,1.0974791177291787,False,37.07379134860051,51.50547609690646,72.91667708675556,95.49539503685452,0.6257639031626028,True,25.547073791348602,32.88295165394402,2026-06-30,False
3120174,0.07027818606829689,1.1666324790714273,0,8,88,2,10,108,63,362,2434,126,162,3147,False,,0.0,,0.2727272727272727,,66.51247629771707,310.2948070570873,0.6268198899176346,True,18.104325699745548,27.673027989821882,83.14059537214634,138.86121199792305,0.5437971591023245,True,33.57506361323155,38.50254452926208,2026-06-30,False
3120178,0.3530662941022393,2.075130398118325,65,307,1963,76,130,2541,160,900,5217,213,548,7038,False,,1.0,115437433.65100671,0.8548387096774194,84758627.22169812,761.6613060732096,433.7076844983317,0.6941745503199748,False,58.15521628498729,66.96450163350046,322.5275888909357,264.07979011676196,0.8167297913815271,False,68.61323155216286,74.8847861658341,2026-06-30,False
3120170,0.10085828997916978,1.2650998473578206,2,43,421,21,27,514,7,240,1234,88,742,2311,False,,0.8571428571428571,135226725.0,0.5238095238095238,33800608.54545455,285.03571136818107,189.70834634218278,0.5682956823763727,False,28.435114503816795,47.28367531647831,178.975911789323,586.5149707745818,3.3343130039798314,False,86.73027989821882,80.00298063130275,2026-06-30,False
3120167,0.32081494045181685,1.8895502916206888,7,261,742,76,1015,2101,11,424,1574,156,1241,3406,False,,0.89,38224467.533707865,0.7724609375,1962012.0796460176,703.8551350762361,224.39201638625366,0.677339447026423,False,42.90076335877863,38.54847506877375,2737.214414185363,656.770029092785,3.7935937493979752,False,97.0737913486005,69.65137065790135,2026-06-30,False
3120177,0.14053499913155856,1.292167660385511,13,48,336,11,28,436,141,679,3134,200,228,4382,False,,0.7954545454545454,36912458.885714285,0.6666666666666666,15607702.607142856,251.92222016311803,525.4736059540634,0.8406600848716164,False,49.56743002544529,42.747123014691574,146.9546284284855,176.4476909536472,0.5483400140172193,False,48.56234096692113,46.23159901678813,2026-06-30,False
3120176,0.13050699807881536,1.2369567168434288,7,29,173,8,15,232,121,628,2877,162,203,3991,False,,0.8666666666666667,33976977.0,0.48484848484848486,,160.65859112751758,507.6976352111849,0.8536835373189294,False,41.66666666666667,36.04654186167447,83.09927127285393,164.11245214629065,0.5365068661395287,True,36.730279898218825,40.71119592875318,2026-06-30,False
3110927,0.06023645139003461,1.0194195689535186,0,6,38,5,3,52,7,119,606,57,188,977,False,,0.4166666666666667,,0.0,,54.42845741442654,116.73309363892142,0.6700812764843079,True,6.017811704834606,19.212468193384225,27.21422870721327,184.4186689421616,1.986201478539115,True,50.67430025445292,50.472010178117046,2026-06-30,False
3110968,0.04374977140110653,0.9315096818390394,2,6,56,2,7,73,56,393,2762,103,212,3526,False,,0.3333333333333333,,0.0,,64.00015605722514,421.89577592378544,0.6072476279880645,True,25.0381679389313,32.52671755725191,74.66684873342932,227.5875432464186,0.6331855007485766,True,40.5089058524173,43.356234096692106,2026-06-30,False
3001496,0.23789166635731343,1.567189317990621,0,160,448,21,336,965,73,810,4280,172,545,5880,False,,0.9932432432432432,173697955.40451267,0.93026941362916,94026721.4327087,555.7646111277769,516.8488520828774,0.7476790439078552,False,58.867684478371494,70.59895479788656,1167.1056833683315,347.7563264014422,0.9714396483101527,False,81.52671755725191,84.51912721925481,2026-06-30,False
3130303,0.03909747451212377,0.884015641594992,18,101,89,29,8,245,118,631,3528,192,302,4771,False,,0.9504950495049505,90096453.75,0.2,,1133.5899311742737,713.7882751277041,0.7183745586263183,False,69.00763358778626,71.00425146776863,89.7893014791504,341.62291456191224,0.6654328181234898,True,48.68956743002544,49.08269720101781,2026-06-30,False
3130302,0.003960949017534503,0.6122036085134702,2,26,20,4,1,53,97,517,2321,91,291,3317,False,,0.6956521739130435,75247976.125,0.0,,481.8299246655456,844.4902852751227,0.8459024991199541,False,63.7531806615776,64.19040899040542,18.53192017944406,475.3320561219743,0.9200689767697121,True,45.534351145038165,46.87404580152671,2026-06-30,False
3120196,0.1854798989178606,1.606203501960146,22,63,594,25,34,738,126,869,4513,186,397,6091,False,,0.9642857142857143,103929039.16666667,0.7362637362637363,18164512.865671642,267.53875931454974,541.0273349170933,0.7741316691397402,False,50.10178117048346,59.68903153072688,144.38599709039192,247.16668810366633,0.6845735477175618,False,55.22900763358779,52.59798239733581,2026-06-30,False
3120195,0.12682978442063841,1.258967863545716,19,98,455,22,79,673,147,779,2382,128,683,4119,False,,0.9090909090909091,100680079.63,0.795774647887324,162865598.24215597,554.2052789414705,618.7608298483885,1.0245402204478649,False,70.17811704834605,73.27444792448186,446.757316697716,542.5078906116166,1.7323087838534679,False,90.02544529262087,92.25293918358815,2026-06-30,False
3120194,0.24244635627512262,1.7243543047695924,26,180,766,35,74,1081,123,962,4869,217,400,6571,False,,0.927710843373494,56725435.97402597,0.8148148148148148,162865598.24215597,615.4974959943174,557.8899866106938,0.7941762265378044,False,62.29007633587787,59.000869347751006,253.0378594643305,231.97088840361485,0.6395565110666304,False,58.70229007633587,70.32673053218865,2026-06-30,False
3120193,0.18502317385125094,1.460327532223799,26,118,451,24,73,692,178,1042,4251,184,579,6234,False,,0.9914529914529915,143657244.8448276,0.7737226277372263,162865598.24215597,502.0781485773129,713.5385569381368,0.9061011072036624,False,65.20356234096691,73.34920190700757,310.60766818765967,396.48639584182456,0.9734201606840394,False,78.56234096692111,84.22876615559832,2026-06-30,False
3120191,0.36628660263697665,2.0544657228131062,17,134,1320,46,129,1646,157,1055,5596,251,530,7589,False,,0.9682539682539683,105936642.9262295,0.8797250859106529,72940394.140625,321.89361644399327,513.5155034640472,0.7542006294720754,False,51.43765903307889,60.858155394918086,309.88266060653086,257.97461311463985,0.7329070877614972,False,64.46564885496183,71.13161992085287,2026-06-30,False
3120190,0.2951951691582832,1.8129745912152633,41,174,1224,40,127,1606,169,1036,5777,243,719,7944,False,,1.0,79187415.35555555,0.8117647058823529,82272845.41545893,504.062673948416,571.4365799829296,0.7077135478696595,False,58.9440203562341,61.94724170646215,367.9078137439588,396.5858117835197,0.9486585492685745,False,78.84223918575063,81.79013400226339,2026-06-30,False
3120207,0.32347504029709634,2.1583427566375626,22,129,1338,44,74,1607,113,923,5010,227,365,6638,False,,0.9448818897637795,67975259.5,0.6844444444444444,69411182.0974026,345.4046082902396,427.6429205516563,0.7545059223311404,False,48.778625954198475,51.97655142846935,198.13907762385836,169.1112307706983,0.5781250274767742,False,51.66666666666667,62.00236071765816,2026-06-30,False
3120203,0.17325165605592208,1.5364474632333616,23,176,1156,50,87,1492,92,672,3892,170,298,5124,False,,1.0,93048976.18934911,0.8235294117647058,28658836.62987013,788.3480154606958,437.3725858389042,0.71227484261557,False,59.12213740458016,64.45881911612342,389.6947576425031,193.95391455356167,0.6117240656801254,False,59.41475826972011,59.43735628455478,2026-06-30,False
3120200,0.26659713458621226,1.7338839431903577,51,314,885,40,154,1444,234,1226,4350,193,952,6955,False,,0.9968152866242038,88388159.60383387,0.861271676300578,118891568.5,991.7967211244452,707.0830806265799,0.9553007133949096,False,73.93129770992365,74.12320324874062,486.4225957107152,549.0563562451093,1.432537697971506,False,88.9440203562341,90.1361683570126,2026-06-30,False
3120188,0.2517459280039016,1.7371010204141608,18,241,1176,78,212,1725,110,712,3745,187,662,5416,False,,1.0,97294854.3119266,0.8584070796460177,26780929.845360823,798.6851772756445,409.87829241516675,0.7138807511778362,False,57.62086513994911,64.01635286785518,702.5778322922681,381.0947044646635,1.279339742270771,False,87.68447837150127,78.12134449177893,2026-06-30,False
3120187,0.38239210643988775,1.9478552290220743,71,384,2029,101,143,2728,222,1185,5668,304,492,7871,False,,1.0,106586252.15284973,0.7644787644787645,30147630.505050506,888.0828171487092,608.3614338191511,0.8164317428411276,False,67.58269720101781,72.2532858566251,330.7183407611078,252.5855066995969,0.6563481092706641,False,62.07379134860051,61.80859445393536,2026-06-30,False
3120223,0.13356967321676996,1.5695858030312742,0,14,159,16,13,202,28,340,2704,115,178,3365,False,,0.38461538461538464,,0.2,,76.26532070723887,216.61765756505474,0.5514595795663354,True,11.959287531806616,23.37150127226463,70.81779779957895,113.4057148428816,0.5582657071134368,True,26.87022900763359,33.80916030534351,2026-06-30,False
3120222,0.3563365643534962,1.9295937447206677,6,204,1039,42,261,1552,74,795,4126,164,534,5693,False,,1.0,173697955.40451267,0.8214285714285714,115020123.8832952,502.0468692611388,412.0038231752695,0.7579083325996384,False,52.74809160305343,66.31523978516393,642.324670966457,276.74219066112437,0.9830397041674567,False,79.54198473282443,83.46975758493178,2026-06-30,False
3120218,0.14539600444956283,1.2632415928432774,0,95,190,15,117,417,60,641,3042,124,488,4355,False,,1.0,173697955.40451267,0.8669950738916257,51497064.54545455,486.19213206338696,507.4247108640959,0.7988822722881221,False,57.595419847328245,69.70836955615628,598.7839942254344,386.30773619606674,1.1730648314827843,False,85.83969465648855,83.79883441818221,2026-06-30,False
3120216,0.07169494842536328,1.051565992257482,5,31,241,13,30,320,14,115,816,50,99,1094,False,,0.8214285714285714,72849082.17391305,0.603448275862069,22927973.65714286,254.73530660981058,109.36070664773037,0.5810487920038374,False,22.913486005089062,35.228207754264375,246.51803865465538,94.14530398369831,0.9496875899144394,False,57.07379134860051,54.90916102617332,2026-06-30,False
3120215,0.31862582803261325,1.746364697262624,57,367,2585,83,127,3219,139,1154,6642,233,677,8845,False,,1.0,164556427.61311474,0.7337278106508875,8644814.338709677,995.5894896424095,660.8012643686977,0.7079055127132977,False,67.3791348600509,75.71453636771425,344.52279341849044,387.6624401885688,0.8027575725368762,False,71.11959287531806,57.177482718105075,2026-06-30,False
3120214,0.08913584482796641,1.1438133259014958,6,34,201,8,16,265,43,226,1092,62,168,1591,False,,0.7586206896551724,134807797.9090909,0.7111111111111111,45919534.90625,244.36549792067652,197.58468876193433,0.773920222836053,False,27.51908396946565,46.548850198282736,114.99552843325954,146.8771137699335,1.1045769663240885,False,61.19592875318067,65.18842491476187,2026-06-30,False
3120213,0.2289253408264441,1.734577477656339,27,191,653,30,44,945,86,718,3970,165,540,5479,False,,1.0,101447711.93333334,0.7169811320754716,98622072.32894737,684.7710553443262,413.9336577632267,0.7116180932520555,False,56.18320610687024,63.524812137523675,157.74830594319556,311.3150072313961,1.0326396650741727,False,72.98982188295166,78.71327191863273,2026-06-30,False
3120209,0.13414844389960032,1.552692607629028,7,62,410,40,61,580,33,349,2404,143,293,3222,False,,0.9827586206896551,83116864.59649123,0.6705882352941176,83952388.26315789,336.684897721987,224.7708260380819,0.5907040374675044,False,32.93893129770992,44.679716806992886,331.2544961458259,188.70444707495128,0.9533915829938441,False,72.12468193384225,77.17282976162159,2026-06-30,False
3120208,0.33133668745174427,2.032761747162743,43,208,938,40,235,1464,123,712,2769,137,658,4399,False,,0.9866071428571429,113832654.11764705,0.8257756563245824,162865598.24215597,545.4497478067098,350.2623959712861,0.8778041478696085,False,52.97709923664122,63.1058103392838,616.2533208393115,323.69755133301436,1.5636412533554103,False,87.7735368956743,90.67660330572554,2026-06-30,False
3120186,0.25668759947867087,1.7254969277329466,52,274,1071,37,239,1673,166,891,4931,213,593,6794,False,,1.0,86337486.32954545,0.8649289099526066,96583405.35890411,893.4172769481534,516.3729854741875,0.711849569819016,False,63.62595419847328,66.62865155827606,779.2946320825133,343.66911378921793,0.9150371959348039,False,78.42239185750635,82.43108506512696,2026-06-30,False
3120185,0.32118245599064543,1.9247646065768411,40,239,1337,61,106,1783,192,981,6010,294,478,7955,False,,1.0,100409114.6695279,0.9023255813953488,157339436.78865978,643.8881906800663,509.6727135609017,0.6694181636332028,False,59.55470737913487,65.79125928395915,285.5738418915775,248.34205614894088,0.6310703159440499,False,59.796437659033074,70.24277548313617,2026-06-30,False
3110966,0.09354485266976358,1.2042407941456552,2,74,231,6,28,341,106,700,3507,144,326,4783,False,,0.7424242424242424,43199668.10204082,0.4583333333333333,,515.518310992613,581.2790958444592,0.7942604532084648,False,60.71246819338422,52.982347080142745,195.06098253774547,270.7099789218482,0.7160286124213432,True,60.43256997455472,57.3027989821883,2026-06-30,False
3110982,0.019865177353307718,0.7478021114792495,0,4,90,1,6,101,16,153,1091,70,81,1411,False,,0.0,,0.4444444444444444,,57.253128833725384,204.59958276574824,0.5961085167817272,True,9.465648854961831,21.62595419847328,85.87969325058808,108.31742617010201,0.6098693873935063,True,30.712468193384225,36.49872773536896,2026-06-30,False
3110976,0.055724401625039326,1.013297515614952,2,19,131,8,9,169,69,458,2409,118,400,3454,False,,0.55,55681901.45454545,0.6842105263157895,24470821.153846152,179.71253284918208,451.98966043260066,0.7208837162013664,False,38.70229007633588,42.161805861547435,85.12698924434942,394.7507951376425,1.2117429763349103,False,67.264631043257,62.89260716937338,2026-06-30,False
3110974,0.03515081795010233,0.8446609975542967,0,1,43,1,8,53,36,260,1999,78,130,2503,False,,0.0,,0.35714285714285715,,11.743868398140245,307.81579918195126,0.5680004770943595,True,13.053435114503817,24.13740458015267,93.95094718512196,153.90789959097563,0.5496670241231815,True,38.38422391857506,41.86895674300254,2026-06-30,False
3110962,0.010043981014324514,0.6803245866181328,0,15,11,0,11,37,136,633,1884,88,446,3187,False,,0.42857142857142855,,0.5625,53076436.11111111,249.81688000370085,930.4382238287441,1.0754593588960666,True,64.49109414758269,60.14376590330788,183.19904533604728,655.5694278477407,1.46215712478992,False,83.4732824427481,82.4822892113401,2026-06-30,False
3110961,0.06303130462794762,1.0960658159084595,2,45,121,2,6,176,69,574,2872,127,247,3889,False,,0.7878787878787878,120246139.03846154,0.0,,398.11979653000924,523.6911795522495,0.8012441848072773,False,56.48854961832061,66.21905181550773,53.082639537334565,225.35143092230948,0.668125156161683,True,36.47582697201018,40.533078880407125,2026-06-30,False
3110959,0.03595989912755016,0.8452168853768239,0,13,31,2,6,52,88,591,2358,125,485,3647,False,,0.4166666666666667,,0.0,,151.2333091586132,699.2288136038762,0.8790280728558895,True,45.712468193384225,46.99872773536896,69.79998884243686,573.8172159016581,1.3903865765788355,True,65.94147582697201,61.159033078880405,2026-06-30,False
3110957,0.09481525822317949,1.1574362441707602,1,25,278,6,23,333,97,483,3413,130,304,4427,False,,0.7916666666666666,53358321.315789476,0.5813953488372093,5873189.16,172.6337425126273,417.30160294577877,0.5939006365922629,False,34.910941475826974,38.57182439969354,158.82304311161712,262.6494560983783,0.7214946202509824,False,58.155216284987276,46.232730719604405,2026-06-30,False
3110955,0.19091274179022635,1.4391344721255788,4,41,304,25,58,432,140,924,4706,256,442,6468,False,,0.6764705882352942,61174779.26086956,0.5694444444444444,36002965.53658537,170.18610014284988,642.0525794474694,0.7750790613890259,False,44.24936386768447,47.027596829063995,240.75106849476325,307.1290477443522,0.7174272614887142,False,63.12977099236642,63.90755357567632,2026-06-30,False
3110953,0.09294660901392712,1.1615262839309646,1,6,95,2,9,113,87,514,3485,134,373,4593,False,,0.0,,0.0,,41.9737134122253,442.521195698185,0.6089078330410875,True,24.56743002544529,32.1972010178117,62.960570118337955,321.1291945436245,0.85199479424749,True,49.732824427480914,49.81297709923664,2026-06-30,False
3110952,0.02162903598546622,0.7728787990151802,0,9,28,3,0,40,69,414,2053,127,240,2903,False,,0.9166666666666666,6767770.7272727275,0.0,,125.6473701785702,535.6596668553054,0.7750275594832348,False,37.1501272264631,26.66031526757253,0.0,310.5273431045249,0.8677216221379122,True,37.84987277353689,41.49491094147582,2026-06-30,False
3110951,0.029000236148820285,0.8665567359287244,2,18,72,6,9,107,114,639,3220,131,459,4563,False,,0.75,33418698.25,0.6111111111111112,2279023.909090909,227.84742017848757,737.4012266088469,0.7603444943130249,False,49.605597964376585,41.41658628177188,113.92371008924378,529.6825712260732,1.0537753380491126,False,70.45801526717557,51.190299072292014,2026-06-30,False
3110950,0.04616392881455119,0.9335845188572621,0,1,29,0,3,33,75,496,3175,146,252,4144,False,,0.0,,0.0,,10.39890957375988,531.2855879477523,0.6510427402289689,True,26.50127226463104,33.55089058524173,31.196728721279644,269.9273551670032,0.6398607794961718,True,32.56997455470738,37.79898218829516,2026-06-30,False
3110949,0.0621261809620729,1.00466567843646,2,22,123,3,10,160,99,534,2347,108,354,3442,False,,0.7368421052631579,102291290.71428572,0.3,,196.2075209485783,531.5200981395651,0.8419775138784193,False,45.44529262086513,56.19548018561963,89.18523679480832,352.3560201149926,1.0770926234598162,True,65.05089058524173,60.535623409669206,2026-06-30,False
3110990,0.010107359629928052,0.698457910313331,0,2,34,1,2,39,14,121,785,55,115,1090,False,,0.0,,0.0,,33.27379562691987,173.23878534888223,0.612150309842313,True,6.2849872773536894,19.39949109414758,33.27379562691987,164.64843235637568,1.1027833502195203,True,45.636132315521635,46.945292620865146,2026-06-30,False
3110988,0.07918537632425438,1.0402196255706957,0,4,33,0,4,41,15,156,1059,74,147,1451,False,,0.0,,0.0,,30.963256939856944,149.96832992303305,0.5909838791951435,True,5.038167938931298,18.526717557251906,30.963256939856944,141.3163108890119,1.0604013197906341,True,40.83969465648855,43.587786259541986,2026-06-30,False
3110985,0.04326545636910097,0.8844689940385166,0,6,63,2,7,78,51,283,1411,86,265,2096,False,,0.0,,0.0,,64.3325003016638,319.9659930506009,0.7353551161441557,True,19.770992366412212,28.839694656488547,75.05458368527444,299.6147991463224,1.3203243418755517,True,64.03307888040713,59.82315521628499,2026-06-30,False
3110973,0.0661364000000673,1.0433111734374332,0,7,154,2,15,178,62,538,2567,131,279,3577,False,,0.0,,0.0,,60.273953730233956,515.6659045713399,0.816473227444762,True,31.615776081424933,37.13104325699745,129.15847227907275,267.41782040037884,0.818885358847159,True,59.338422391857506,56.536895674300254,2026-06-30,False
3110971,0.13322194949100513,1.3820508612860172,3,14,158,5,9,189,113,907,4914,193,335,6462,False,,0.8461538461538461,115528050.54545455,0.3870967741935484,,76.41005915990048,656.2710717867677,0.761607128354052,False,35.597964376590326,51.22122716969747,49.12075231707888,242.39339476137508,0.5453726499536071,True,33.49872773536896,38.44910941475827,2026-06-30,False
3110970,0.050014071558371606,0.9449693595902011,1,4,46,1,3,55,57,439,2314,98,163,3071,False,,0.42857142857142855,,0.0,,39.99437216857494,464.56532748361104,0.7767210906193107,True,27.569974554707382,34.29898218829517,29.995779126431206,172.4923653299057,0.5605039844540348,True,26.068702290076335,33.24809160305343,2026-06-30,False
3001495,2.462734200143081,6.886626409392057,116,612,1594,106,518,2946,297,1947,5412,481,982,9119,False,,1.0,132614064.44424778,0.7632093933463796,162865598.24215597,243.55938641068815,282.7218850357063,1.1563377758437594,False,49.42748091603053,61.744322444653505,206.149938171138,142.5952188521128,1.1280636419332475,False,68.23155216284988,76.99721399274846,2026-06-30,False
3130313,0.14364450788370237,1.456210720450274,8,98,252,45,40,443,110,674,2074,175,206,3239,False,,0.974025974025974,53764327.97333334,0.6779661016949152,27255967.6,506.082000832454,462.8451023843533,1.1263080576458673,False,71.05597964376591,64.24776609384986,206.56408197243022,141.46304316198336,0.6695417414251074,False,50.99236641221374,53.03176697013602,2026-06-30,False
3130311,0.07937539022948582,1.0995220005019535,14,144,187,47,31,423,142,707,2350,218,263,3680,False,,0.8787878787878788,77182550.73275863,0.9142857142857143,74841533.21875,1113.0401210351758,643.006688067397,1.04062084013619,False,78.11704834605598,74.66633321821422,239.61280383396144,239.19485001658475,0.7509571396710697,False,62.31552162849873,69.88148836941087,2026-06-30,False
3130314,0.12081268283630944,1.3575527187641305,7,42,109,39,20,217,96,475,1457,169,531,2728,False,,1.0,45327859.74285714,0.6,7315261.0,245.88338115530206,349.8943307575,0.9440424694985301,False,43.24427480916031,41.5970454085339,117.08732435966765,391.14503080469996,2.0284620677950413,False,76.62849872773538,60.18385845785669,2026-06-30,False
3120230,0.10234118034539065,1.3021846037707603,12,96,266,23,42,439,36,415,1406,138,137,2132,False,,0.9620253164556962,54456422.776315786,0.647887323943662,23959973.913043477,630.1644754382701,318.69521325799485,1.0539195572461488,False,60.203562340966926,56.697875853965456,275.69695800424313,105.20781738878385,0.677919306832173,False,47.55725190839695,48.8424842678892,2026-06-30,False
3120229,0.14669396615195598,1.3297599122033352,109,264,728,35,51,1187,182,836,2204,150,280,3652,False,,0.9836065573770492,163539911.81666666,0.5441176470588235,3423578.5945945946,1342.1865711734476,628.6849169748217,1.2383643862964218,False,89.94910941475828,91.46671668393454,259.2860421585069,210.56432625950967,0.8050512685186254,False,64.36386768447836,48.28416913550879,2026-06-30,False
3120239,0.15165001460818833,1.4141349952247488,21,107,419,23,49,619,37,239,1015,81,109,1481,False,,0.95,43100787.08421053,0.030927835051546393,,530.6223270447266,169.00790999943797,0.8768775259041974,False,40.02544529262087,38.45462917753352,242.99527126347292,77.07892129681481,0.775805204700596,True,46.208651399491096,47.346055979643765,2026-06-30,False
3120238,0.045609911489656485,1.0491364029487344,14,41,204,20,12,291,40,312,1083,91,81,1607,False,,0.8928571428571429,79419705.72,0.47368421052631576,,428.8258336525661,297.387450405003,1.0510044289407545,False,53.40966921119593,58.26040339323497,125.51000009343397,77.20635731668347,0.5368489842602582,True,31.513994910941474,37.05979643765903,2026-06-30,False
3120233,0.11500254083930425,1.2447263899476462,14,85,565,25,37,726,148,502,1790,134,154,2728,False,,0.8666666666666667,112080031.51923077,0.5178571428571429,31553788.344827585,515.1435824420508,403.30148380730833,0.9970855339110927,False,59.59287531806615,67.5964479800566,224.23897118065742,123.72196913610655,0.5960149832766746,False,46.959287531806616,51.4833992892618,2026-06-30,False
3120232,0.06091167176469778,1.1392776354781382,9,30,159,16,18,232,176,771,2055,166,203,3371,False,,0.6190476190476191,106581225.15384616,0.2962962962962963,,270.48550907830366,676.744610787012,1.2371277177957722,False,73.8676844783715,76.60597507869781,162.29130544698222,178.18308169878526,0.6343117050123624,True,51.793893129770986,51.25572519083969,2026-06-30,False
3120228,0.22814977569296954,1.9672652828068276,19,139,560,47,52,817,130,894,2587,211,254,4076,False,,0.9919354838709677,89028577.46341464,0.7596153846153846,22870822.481012657,499.7307643110687,454.43794886903663,1.1870229461399182,False,73.25699745547074,73.74479681477335,186.94963844730628,129.1132427435518,0.6555619718131455,False,47.671755725190835,48.242750254092506,2026-06-30,False
3120227,0.526867253790624,2.4177381968160274,3,348,467,68,490,1376,136,899,2001,199,653,3888,False,,1.0,113274592.85359116,0.775811209439528,162865598.24215597,603.2583713380752,371.8351313570315,1.250895219719177,False,75.12722646310434,78.51729565365821,849.415522861083,270.0871421314144,1.7542038551535801,False,87.79898218829517,90.69441501056016,2026-06-30,False
3120225,0.23804723601867955,1.7389636973647233,106,361,1325,105,175,2072,127,628,2068,208,265,3296,False,,1.0,115980086.7056962,0.891213389121339,56516043.79812206,1253.2666690007384,361.134623426406,1.0320690028741477,False,66.94656488549619,73.21204939800646,607.5392439754272,152.38961020381782,0.8439595763161224,False,66.59669211195929,71.26357682964628,2026-06-30,False
3111035,0.09504138410012188,1.2171917063399738,3,13,82,8,8,114,22,119,578,62,64,845,False,,0.6875,8802384.181818182,0.0,,89.62959144836978,97.76602927884403,0.7711678233367978,False,10.025445292620866,7.813443530107617,55.156671660535245,52.58004936005057,0.8007702911178656,True,22.519083969465647,30.76335877862595,2026-06-30,False
3111015,0.22658388635963508,1.654595551124316,7,59,300,12,26,404,115,803,2454,237,261,3870,False,,0.5254237288135594,48233903.161290325,0.3333333333333333,,213.31683771079773,485.3149758890338,1.1232962548416667,False,58.12977099236642,52.7657226899763,94.00403017763968,157.74247659656018,0.7089980578286961,True,42.93893129770992,45.05725190839694,2026-06-30,False
3111014,0.07271407602795014,1.0460347167547208,16,46,81,5,7,155,183,699,2151,145,183,3361,False,,0.7755102040816326,173697955.40451267,0.0,,374.8551224842596,668.2378594169593,1.1257320290446757,False,72.37913486005088,80.05697006506213,57.04317081282212,174.9463923795473,0.5743758426038051,True,32.162849872773535,37.51399491094148,2026-06-30,False
3111022,0.08053506901499925,1.408858049467017,0,8,48,3,3,62,71,431,1315,130,135,2082,False,,0.0,,0.6363636363636364,109120101.42857143,61.28621266581437,305.92152286956866,1.1199176588994855,True,32.97709923664122,38.083969465648856,22.98232974968039,95.82228674568857,0.6840449709864603,False,16.501272264631044,39.25627302150235,2026-06-30,False
3111021,0.32427836566539975,1.9001029920240706,12,138,388,19,24,581,49,471,1589,169,150,2428,False,,1.0,72649250.46153846,0.5,62693310.03571428,368.709529215403,247.88130010693303,1.0504459429086905,False,47.56997455470738,52.440947866922315,64.12339638528748,78.94308920602963,0.6517055323765502,False,22.03562340966921,40.83570125928969,2026-06-30,False
3111013,0.19152273240334974,1.4220310724403948,30,181,254,15,27,507,188,896,2354,177,313,3928,False,,1.0,40373479.296875,0.5,51521451.884615384,749.4118594920701,630.0846847617363,1.2341467201753908,False,86.33587786259542,69.7954889187934,111.79071937174527,220.1077079580619,0.836284753505185,False,55.85241730279899,62.892726106293566,2026-06-30,False
3111012,0.12075434013939165,1.278555133674885,4,51,172,10,14,251,70,622,1989,185,191,3057,False,,0.7555555555555555,15530444.470588235,0.2,,298.67469229986915,486.4866470108469,1.101442176465286,False,63.51145038167939,46.18968453394624,81.98913121957192,149.38737874448836,0.6580961233756137,True,37.595419847328245,41.31679389312977,2026-06-30,False
3111011,0.0258393335215067,0.8293192274458165,0,24,98,28,4,154,4,118,262,47,22,453,False,,0.6153846153846154,16469687.125,0.0,,316.45847722533085,142.28537828964,1.385825247656008,False,54.961832061068705,40.43896106989318,52.74307953755514,26.527782392983728,0.5394289629923302,True,12.17557251908397,23.522900763358777,2026-06-30,False
3111010,0.20017770583016034,1.5385923748844628,23,96,232,24,16,391,89,573,1806,157,139,2764,False,,0.9705882352941176,77044314.3030303,0.3103448275862069,,383.72723773065576,372.4183281767714,1.1219247349527106,False,62.49363867684478,63.68314457769149,63.95453962177596,90.34231695736689,0.5320759141084153,True,21.094147582697204,29.765903307888042,2026-06-30,False
3111032,0.07791262564040176,1.2630992702221784,3,32,129,13,8,185,31,208,822,68,55,1184,False,,1.0,110112075.30555555,0.45,,250.17076961551058,164.67430937824304,0.953044618438229,False,31.14503816793893,47.40215074251825,62.542692403877645,43.54368757597773,0.49947320660069094,True,15.08905852417303,25.56234096692112,2026-06-30,False
3111020,0.028997120136225584,0.8640024444172983,4,25,81,8,8,126,22,210,768,88,78,1166,False,,0.45,,0.6111111111111112,3998928.5454545454,316.4672326901166,243.05486790795885,0.9764487193877112,True,40.699745547073796,43.48982188295166,101.26951446083731,90.27752236581328,0.7085150027277687,False,33.3587786259542,27.260493480094283,2026-06-30,False
3111019,0.18279813102422873,1.3876510315081365,2,40,146,18,20,226,48,371,1438,126,146,2129,False,,0.6571428571428571,40823179.95652174,0.5714285714285714,3641634.8928571427,171.8226852767858,267.35828502702674,0.9449611150926083,False,30.534351145038165,30.968429576877732,85.9113426383929,105.21377254432858,0.7225451937406447,False,33.70229007633588,27.0760223168912,2026-06-30,False
3111004,0.24556095116183016,1.8214734892448912,9,98,441,35,28,611,153,799,2701,230,237,4120,False,,0.9080459770114943,94276109.58227848,0.39285714285714285,,331.5728942364294,438.655849079216,1.0504053953434014,False,59.60559796437659,65.03125086835534,94.73511263897984,130.1144383376398,0.605684258737076,True,35.99236641221374,40.19465648854962,2026-06-30,False
3111030,0.050911408567817305,0.9790473876873563,3,22,119,10,9,163,33,200,801,74,60,1168,False,,0.8235294117647058,64230842.428571425,0.9047619047619048,24189732.736842107,218.01301074114872,204.28020391579545,0.9295911188390988,False,29.541984732824428,37.24725202748567,89.18714075774265,61.28406117473864,0.5498805337501036,False,23.842239185750635,32.326961197730824,2026-06-30,False
3111029,0.04308873866785578,1.030023738530276,0,5,72,7,7,91,29,223,975,98,108,1433,False,,0.0,,0.0,,53.71218980461421,216.49986467126968,0.8463909287844861,True,13.282442748091603,24.297709923664122,75.1970657264599,104.85195239684809,0.7940959555562019,True,33.98218829516539,38.787531806615775,2026-06-30,False
3111018,0.027101118152840237,0.9445034711492184,0,4,19,3,2,28,10,87,332,71,41,541,False,,0.0,,0.0,,51.87992205340862,92.1118901703382,0.8780872500185982,True,9.122137404580151,21.385496183206104,25.93996102670431,43.40905168946973,0.8049921791225215,True,15.483460559796438,25.838422391857506,2026-06-30,False
3111078,0.20732794838853477,1.477469783662305,18,73,310,28,31,460,57,431,1390,222,199,2299,False,,0.9166666666666666,28785324.939393938,0.46551724137931033,,283.6846928487481,291.71493371028606,1.015571530955652,False,44.783715012722645,36.87122141374204,120.46884216864646,134.68972577342674,0.9082769357885516,True,53.33333333333333,52.33333333333333,2026-06-30,False
3111080,0.08354928294874274,1.1286304339156314,3,38,101,9,21,172,47,321,1053,154,179,1754,False,,0.7878787878787878,47318778.07692308,0.6666666666666666,3599088.4375,284.53915409328476,284.4155095892051,0.9917368314981115,False,43.11704834605598,41.78879811681017,157.24532199892053,158.5993028550396,1.0682686978553784,False,66.59033078880408,50.01266497992489,2026-06-30,False
3111077,0.24720288597036597,1.7923304545204646,12,91,282,61,43,489,195,650,2027,290,245,3407,False,,0.8681318681318682,48637907.58227848,0.6612903225806451,33302776.536585364,306.1881438428346,362.65633848971595,1.033419558103006,False,52.96437659033079,49.47755971307554,144.68230972793285,136.69354296920062,0.7557241560517548,False,49.32569974554708,53.56481701735038,2026-06-30,False
3111050,0.019564582190471413,0.7885960812676484,0,10,29,1,1,41,27,254,948,98,91,1418,False,,0.38461538461538464,,0.0,,143.7513125949565,322.0913799009772,0.9711572539150107,True,32.96437659033079,38.07506361323155,14.37513125949565,115.39494319286977,0.6792918511552577,True,18.206106870229007,27.744274809160302,2026-06-30,False
3111051,0.1596469425657861,1.3851463965218762,11,36,234,14,20,315,119,663,1997,229,553,3561,False,,0.8571428571428571,28229524.888888888,0.35135135135135137,,171.7172669413168,478.64976703170373,1.0087163134569848,False,47.39185750636132,38.32250618269005,95.39848163406488,399.2357785347393,1.6221226878596544,True,71.81933842239187,65.27353689567431,2026-06-30,False
3111052,0.1292951678633152,1.3236075125731765,8,46,150,18,16,238,50,323,915,162,132,1582,False,,0.7674418604651163,69356763.42424242,0.5806451612903226,43856369.94444445,256.56017698741255,244.03004435360722,1.1042773008662055,False,44.88549618320611,49.719379309523525,89.23832243040437,99.72744846648963,0.876715344138817,False,40.66793893129771,50.478888696667596,2026-06-30,False
3111053,0.139845232912942,1.499120548402023,1,32,100,7,21,161,28,358,1179,94,110,1769,False,,0.8076923076923077,152437571.7142857,0.8085106382978723,40348962.026315786,168.55835413404532,238.8066792771319,1.0949048288276488,False,36.43765903307888,53.58748456808501,110.61641990046725,73.37635396783384,0.6574324322548513,False,31.055979643765905,42.64570133137268,2026-06-30,False
3111054,0.015537970487008303,0.7814878418718043,1,7,24,0,3,35,33,252,757,128,101,1271,False,,1.0,161264849.33333334,0.0,,106.80831200574971,322.46183049555134,1.0725589562376965,False,35.43256997455471,53.258337203717154,45.77499085960702,129.2406542859154,0.8365929390557909,True,33.68956743002545,38.58269720101781,2026-06-30,False
3111056,0.031984880179916096,0.8635868902037385,1,5,62,5,5,78,115,559,1365,174,526,2739,False,,0.3333333333333333,,0.0,,60.986855003355295,647.3002385065388,1.1046595154322958,True,47.88804071246819,48.52162849872773,60.986855003355295,609.0875231743101,2.001481392690263,True,66.80661577608143,61.764631043257,2026-06-30,False
3111057,0.11616094136856199,1.1925779908743788,4,55,124,32,18,233,118,534,1221,193,278,2344,False,,0.8771929824561403,30663451.8,0.6923076923076923,3205883.777777778,331.0043837438569,447.76945749978154,1.2314009807017152,False,70.43256997455471,55.24663673569843,108.32870740708044,233.10844416655294,1.239781048036152,False,67.51908396946565,50.407834699305845,2026-06-30,False
3111059,0.2823003360004211,1.7787181983020535,15,114,367,29,44,569,241,913,2587,319,625,4685,False,,0.9230769230769231,53387716.604166664,0.7872340425531915,2346014.864864865,343.06314995677747,513.2909759800854,1.0555382782790208,False,63.68956743002545,58.763664439707355,132.41033857980887,351.3766264923914,1.395450864776918,False,75.470737913486,54.954162431791474,2026-06-30,False
3111058,0.03969435408113032,0.9191877204096961,1,9,38,3,4,55,36,324,1056,146,119,1681,False,,0.5,4154299.570277778,0.0,,100.34076383290882,352.4851266024183,1.043549538163746,False,35.343511450381676,24.904264567529264,44.59589503684837,129.46212983236967,0.7463673159213157,True,28.931297709923662,35.25190839694656,2026-06-30,False
3111060,0.21922075350989018,1.6269661841390557,22,96,232,35,21,406,103,591,1447,278,210,2629,False,,0.9213483146067416,44684913.17073171,0.5405405405405406,14489915.6,356.5846939674111,363.2527865431576,1.2155645821327965,False,65.59796437659034,57.05742061743538,78.00290180537118,129.07459420315243,0.8389052568688169,False,41.0559796437659,40.29725940502706,2026-06-30,False
3111048,0.06926465953301962,1.011606324419396,4,22,65,5,6,102,62,301,928,121,401,1813,False,,0.5909090909090909,81846203.15384616,0.0,,184.46369684146944,297.54657788716054,0.901190174365549,False,32.34096692111959,44.07393425508012,50.30828095676439,396.39926157060256,2.296360179530496,True,63.46055979643765,59.422391857506355,2026-06-30,False
3111049,0.11042447961687124,1.2409932399554813,5,24,115,10,22,176,82,377,1025,120,422,2026,False,,0.7083333333333334,70647960.35294117,0.6551724137931034,11928421.894736841,149.6031033251113,303.7889231479813,1.0081131090933941,False,33.74045801526718,42.198663824415576,137.1361780480187,340.05020044681197,2.165494512974768,False,78.47328244274809,64.70466881473952,2026-06-30,False
3111061,0.17533132077024952,1.470158862409087,11,74,165,22,26,298,90,464,1434,220,181,2389,False,,0.8636363636363636,37535827.666666664,0.55,4293213.363636363,328.4053000135355,315.6121504037073,1.0517025101515658,False,51.43765903307888,44.19668893625973,115.38564595070166,123.11594660144615,0.7965067877725296,False,45.13994910941476,35.847256161292876,2026-06-30,False
3111062,0.10681102823448871,1.1542119918028406,2,38,122,5,8,175,36,385,1040,152,128,1741,False,,0.6923076923076923,55047981.40740741,0.0,,242.32989495596172,333.5609079911246,1.194820191253974,False,55.57251908396946,53.690154934441644,51.016819990728784,110.89817200743883,0.7743354090662138,True,28.307888040712466,34.81552162849873,2026-06-30,False
3111063,0.15052189480319556,1.2995683815731078,10,37,105,23,14,189,158,659,1525,223,319,2884,False,,0.8181818181818182,13711865.472222222,0.4444444444444444,,184.51850375897388,507.0914384684325,1.235630500486152,False,62.735368956743,45.31881443196659,69.81781223312525,245.46611361370253,1.1574779486330764,True,58.702290076335885,56.091603053435115,2026-06-30,False
3111064,0.0511284645464722,0.9475507388677852,0,28,90,6,14,138,48,438,1417,170,158,2231,False,,0.6785714285714286,26078871.63157895,0.6,5703255.5,276.8755574958125,462.24437598282066,1.0628898059304008,False,58.75318066157761,45.52660243814332,138.43777874790624,166.7456881399216,0.7455667621285169,False,52.1119592875318,41.917464985691524,2026-06-30,False
3111066,0.10656207794336474,1.1693023676880476,12,31,94,11,16,164,76,374,916,185,125,1676,False,,0.9310344827586207,40022648.88888889,0.4,,198.00452579081147,319.84883494204774,1.205407854566518,False,51.386768447837156,45.143904840163074,102.1958842791285,106.90134857688763,0.7854104135314383,True,39.414758269720096,42.59033078880407,2026-06-30,False
3111067,0.20396560292595065,1.5235030276766268,11,37,177,15,20,260,194,715,2249,275,254,3687,False,,0.8333333333333334,45200399.657142855,0.07894736842105263,,145.68902077179393,469.31314674864126,1.050322658950776,False,47.06106870229008,44.12839551750009,78.75082203880754,166.72103394986695,0.7241693452420703,True,40.89058524173028,43.62340966921119,2026-06-30,False
3111068,0.019646467025241338,0.765915241269019,4,8,16,5,2,35,159,445,1271,142,125,2142,False,,0.3333333333333333,,0.0,,114.8658408918378,581.0042365297426,1.1239049755163721,True,51.55216284987277,51.08651399491094,28.71646022295945,163.2034372274558,0.6169015494864796,True,25.661577608142494,32.963104325699746,2026-06-30,False
3111069,0.11049066094753178,1.2972374447075146,2,20,82,14,3,121,74,421,1042,171,132,1840,False,,0.6818181818181818,4154299.570277778,0.0,,124.61784306900248,324.5358062377871,1.2358735762445192,False,46.28498727735369,32.56329764640967,18.69267646035037,101.7546945923703,0.7557567565517502,True,19.40203562340967,28.581424936386767,2026-06-30,False
3111070,0.059079523298243244,1.0404526888943586,1,13,26,6,3,49,62,281,912,145,104,1504,False,,0.6363636363636364,31092835.285714287,0.0,,119.17910536201774,270.07475015380646,1.0120785367136784,False,27.938931297709928,25.64149527813174,27.502870468157937,99.95649116012765,0.7300164652432953,True,19.325699745547077,28.527989821882954,2026-06-30,False
3111071,0.03550036752741184,0.8508616701097813,0,3,21,4,3,31,114,428,1102,182,126,1952,False,,0.5,54515903.0,0.0,,35.087568472009025,503.01948605203694,1.1851722215893918,False,45.99236641221374,46.79684057591311,35.087568472009025,148.08517580036602,0.6813266633746269,True,28.256997455470735,34.779898218829516,2026-06-30,False
3111072,0.15325427589064713,1.3570941066938722,3,40,109,24,8,184,95,509,1477,248,176,2505,False,,0.5652173913043478,102143903.07692307,0.2777777777777778,,196.7978278672002,375.0661044723099,1.0997592339801645,False,50.279898218829516,59.53290223211982,39.359565573440044,129.68886912991462,0.7393899459575399,True,27.67175572519084,34.37022900763358,2026-06-30,False
3111073,0.179873790010373,1.4232766444921654,7,63,224,22,25,341,168,565,1750,239,194,2916,False,,0.8245614035087719,51667854.404255316,0.5625,60703495.55555555,274.0634327956969,396.97131417595614,1.0493250858937897,False,53.715012722646314,51.1262499354936,108.75533047448289,136.30519460200972,0.7002649615859305,False,41.97201017811705,54.621200325815074,2026-06-30,False
3111074,0.04943573753393313,1.0124829989817503,4,13,43,6,6,72,51,302,1081,166,147,1747,False,,0.7,61133456.428571425,0.0,,130.7377037914931,298.27661333940426,0.9377106033525903,False,28.015267175572518,35.61692727251075,60.3404786729968,145.1876230493127,0.8837672226279847,True,41.781170483460556,44.246819338422384,2026-06-30,False
3111075,0.08778199431329561,1.1677786742279976,4,14,72,16,10,116,70,415,1262,185,180,2112,False,,0.5833333333333334,48275655.71428572,0.35714285714285715,,101.60979357118387,355.3755597346824,1.063760075987943,False,37.1882951653944,38.153491483170775,72.57842397941705,154.13879699335624,0.8946174781969524,True,45.94147582697201,47.159033078880405,2026-06-30,False
3111076,0.060068150273128576,1.0450477681640657,6,39,85,6,12,148,98,348,1116,150,136,1848,False,,0.7931034482758621,41706165.73913044,0.25,,354.3259326446703,332.99913228977516,1.019995356252651,False,51.972010178117046,46.16199838833248,109.02336389066777,130.13759192933742,0.774857433465006,True,43.778625954198475,45.645038167938935,2026-06-30,False
3120242,0.2057104013832462,1.7704615216379616,10,145,436,33,33,657,41,422,1530,141,161,2295,False,,1.0,67411277.5038168,0.7922077922077922,60235688.62295082,567.0477196689435,238.3559285770764,0.9963448767221924,False,48.956743002544535,52.00762961816183,129.05223964879403,90.93674052348176,0.7385652873738529,False,39.32569974554707,52.68379718732204,2026-06-30,False
3120246,0.24267391957309728,1.896851981035553,116,219,622,63,58,1078,216,849,2589,353,292,4299,False,,0.9587628865979382,96629875.4892473,0.5307692307692308,20409954.420289855,748.2730279467326,447.58368522593065,1.0695529985602739,False,71.43765903307889,73.54770297682137,198.17276539228536,153.93926511893022,0.7137791976373536,False,53.93129770992367,52.19950046493524,2026-06-30,False
3120247,0.09455168758181685,1.3589751551615037,8,59,232,24,31,354,66,422,1401,218,181,2288,False,,0.9666666666666667,83553041.96551724,0.546875,49655140.885714285,408.15850016697834,310.52811995657754,0.9993536835112585,False,50.76335877862596,57.25041978778387,214.45616110468356,133.18860121360316,0.8312122172656381,False,56.66666666666667,62.95278564683664,2026-06-30,False
3120248,0.14309864965390492,1.5957495042586813,23,144,404,43,59,673,50,352,1236,187,224,2049,False,,1.0,78157711.88429752,0.90625,46602220.35632184,745.7328171796873,220.58599990825283,0.9318058115679957,False,48.346055979643765,54.01384605002521,305.5433070388997,140.37290903252455,1.1435108304706414,False,71.20865139949109,72.45228827426132,2026-06-30,False
3120249,0.0924066823771174,1.147053798130878,2,98,373,41,41,555,5,150,638,77,88,958,False,,1.0,173697955.40451267,0.6271186440677966,31820124.37837838,688.1699535733803,130.7698036869977,0.8529732998754356,False,41.25954198473283,58.27325505233949,287.9078377194754,76.71828482970533,0.9637416563777146,False,56.03053435114505,58.003243734186796,2026-06-30,False
3120243,0.21526979320844242,1.812256892228227,20,209,568,54,340,1191,153,786,2266,310,669,4184,False,,1.0,74197291.26470588,0.829736211031175,39078713.6849711,787.877117376018,433.7133457021031,1.017737335133155,False,67.6208651399491,66.75738250904081,1281.7139708509383,369.15296218156107,1.6707734232733173,False,90.25445292620864,83.74468928630638,2026-06-30,False
3120244,0.08060530758907966,1.176792247045918,13,96,259,39,30,437,57,335,1086,169,131,1778,False,,1.0,126831008.01282051,0.4883720930232558,,735.0390406953635,284.67216778572845,1.0205276651650874,False,56.81933842239186,66.7314152108069,229.69970021730109,111.3195641191953,0.7758771313207389,True,51.0178117048346,50.71246819338422,2026-06-30,False
3120245,0.16542013099133673,1.7581394450614076,25,175,578,55,74,907,72,535,1731,205,202,2745,False,,1.0,74671610.31927711,0.7948717948717948,55240079.80645161,812.3660458039446,304.2989573453963,1.055410514950529,False,61.526717557251914,62.585082945302545,343.5147850828109,114.89418576405618,0.7736269648371776,False,54.61832061068702,62.62375927167355,2026-06-30,False
3130318,0.0565641083937348,0.9754416160506074,52,107,188,27,110,484,122,591,1612,193,559,3077,False,,0.9642857142857143,173697955.40451267,0.768595041322314,15058560.634408602,1004.0904166781432,605.8794194088783,1.0402916716739958,False,76.79389312977099,83.14730085386621,1032.2424844354744,573.0737655660964,1.8950493273406122,False,92.32824427480915,76.52778798953354,2026-06-30,False
3130319,0.03165055542221553,0.9032334383886982,5,28,41,26,21,121,56,339,1295,133,224,2047,False,,0.8571428571428571,38950626.777777776,0.5714285714285714,2924732.75,342.9247952474031,375.3182572655315,0.8987900923571799,False,49.59287531806616,43.65417028894896,257.19359643555237,247.9979045058379,1.1446119482659909,False,77.93893129770993,57.361784486300635,2026-06-30,False
3130320,0.037200773051280875,0.8993054811464557,6,49,59,51,23,188,56,333,1057,168,134,1748,False,,0.9512195121951219,84025560.92307693,0.6206896551724138,49722229.722222224,561.9216239193679,370.28574492338663,1.0316521468024664,False,61.34860050890586,64.75369274312958,263.7591295948053,149.00387333253397,0.8066499985374168,False,60.050890585241746,65.40672822553324,2026-06-30,False
3130321,0.03848742408026993,0.9199112984502491,2,7,75,4,7,95,33,356,1060,123,116,1688,False,,0.0,,0.0,,79.10728640546778,386.9938336443351,1.1402196073674318,True,42.01017811704835,44.40712468193384,79.10728640546778,126.09911433354739,0.7250271441034575,True,35.41984732824427,39.79389312977099,2026-06-30,False
3130323,0.03661341364733415,0.8496862102632982,7,54,70,44,13,188,46,398,1282,169,149,2044,False,,0.86,48594010.79069767,0.5,41622648.375,623.4600130168411,468.40821375301476,1.0542255637101199,False,69.40203562340967,60.890317292080994,150.0922253559062,175.3588538924603,0.7673157749554884,False,54.961832061068705,59.889713037648946,2026-06-30,False
3130324,0.029463692240471174,0.8874917056914072,1,29,39,39,18,126,93,397,1188,196,158,2032,False,,0.9,50643654.18518519,0.6923076923076923,26651275.888888888,364.94654580409974,447.3281242563435,1.0577330593273242,False,61.832061068702295,56.38696692905884,226.5185456715102,178.02983282746163,0.8175201014415988,False,61.98473282442748,60.04653677313323,2026-06-30,False
3130325,0.027547079224892516,0.7964067833557242,1,15,35,28,7,86,40,278,860,138,160,1476,False,,0.4444444444444444,,0.875,8826287.57142857,193.43088288984868,349.0678454904974,1.0201020736475725,True,42.56997455470738,44.79898218829516,90.26774534859604,200.90235711683306,1.1332569799603789,False,61.781170483460556,50.72557287949887,2026-06-30,False
