area_code,area_name,area_type_name,analysis_universe,recommendation_universe,recommendation_eligible,exclusion_reason,coffee_stores,bakery_stores,bar_stores,coffee_sales_observed,bakery_sales_observed,score_status,score_status_reason,coffee_supply_score,bakery_supply_score,coffee_full_score,bakery_full_score,cafe_full_score,cafe_supply_only_score,cafe_subtype_best,cafe_top3_status,area_km2,total_stores_2025q4,density,industry_lq,residual_log_count,cafe_size_residual_percentile_exploratory,cafe_size_method_status,cafe_residual_variant_score,study_cafe_inside_count,study_room_stores,study_public_inside_count,study_public_nearby_only_count,study_s3a_input_role,study_s3b_input_role,verified_c_stay_count,verified_s4_count,study_final_score,study_final_status,study_legacy_proxy_score,walk_network_status,score_version
3001491,이태원 관광특구,관광특구,accessible_official_786,broad_tourism_reference,False,broad_tourism_zone;prefer_named_subarea,92.0,27.0,119.0,True,True,complete,both_cafe_industries_sales_observed,84.41540577716644,80.8955223880597,82.23882179861164,76.692655145326,80.57497180262594,,C1_coffee,only_C1_C2_scored_C_stay_unverified,0.3722855835534407,1680,319.6470807817833,1.5901828295748843,0.6294034574125442,79.20489296636084,residual_candidate_min10_cafe_min50_total,77.66678834677444,1.0,5.0,0,0,primary_unverified_candidate,validation_only_not_added,,,,incomplete_stay_evidence_and_walk_network,60.71882951653943,not_computed_missing_graph_and_runtime,cafe_draft_2025q4_observed_sales_study_unverified_2026poi
3001492,명동 남대문 북창동 다동 무교동 관광특구,관광특구,accessible_official_786,broad_tourism_reference,False,broad_tourism_zone;prefer_named_subarea,230.0,61.0,78.0,True,True,complete,both_cafe_industries_sales_observed,69.01650618982119,62.32276119402984,73.06994976258173,68.0996170463472,71.57884994771136,,C1_coffee,only_C1_C2_scored_C_stay_unverified,0.9828817971994296,8453,296.06815471520554,0.7728433957836754,0.2021329131209297,42.201834862385326,residual_candidate_min10_cafe_min50_total,54.21426646762244,0.0,4.0,0,4,primary_unverified_candidate,validation_only_not_added,,,,incomplete_stay_evidence_and_walk_network,48.80736558983736,not_computed_missing_graph_and_runtime,cafe_draft_2025q4_observed_sales_study_unverified_2026poi
3001493,동대문패션타운 관광특구,관광특구,accessible_official_786,broad_tourism_reference,False,broad_tourism_zone;prefer_named_subarea,77.0,10.0,18.0,True,True,complete,both_cafe_industries_sales_observed,45.82530949105914,13.88992537313433,49.11080159158044,23.867684603299296,41.5378664950961,,C1_coffee,only_C1_C2_scored_C_stay_unverified,0.6056013616241605,12590,143.6588579765986,0.1551325397445385,-0.9865815528126918,0.3058103975535168,residual_candidate_min10_cafe_min50_total,16.380647794406375,0.0,2.0,0,6,primary_unverified_candidate,validation_only_not_added,,,,incomplete_stay_evidence_and_walk_network,48.527341595797175,not_computed_missing_graph_and_runtime,cafe_draft_2025q4_observed_sales_study_unverified_2026poi
3001494,종로·청계 관광특구,관광특구,accessible_official_786,broad_tourism_reference,False,broad_tourism_zone;prefer_named_subarea,112.0,14.0,140.0,True,True,complete,both_cafe_industries_sales_observed,63.08115543328748,22.658582089552244,66.54053955342542,20.23600746268657,52.64917992620376,,C1_coffee,only_C1_C2_scored_C_stay_unverified,0.6526362010529243,4244,193.06314880590307,0.6665067467753023,-0.0710628497071921,21.100917431192663,residual_candidate_min10_cafe_min50_total,31.751753726921784,10.0,11.0,1,3,primary_unverified_candidate,validation_only_not_added,,,,incomplete_stay_evidence_and_walk_network,67.69462929390947,not_computed_missing_graph_and_runtime,cafe_draft_2025q4_observed_sales_study_unverified_2026poi
3001495,잠실 관광특구,관광특구,accessible_official_786,broad_tourism_reference,False,broad_tourism_zone;prefer_named_subarea,112.0,32.0,80.0,True,True,complete,both_cafe_industries_sales_observed,28.4525447042641,21.86567164179104,41.20776489954224,40.63491751767478,41.035910684982,,C1_coffee,only_C1_C2_scored_C_stay_unverified,2.4608282285006786,3030,58.51688400361679,1.066913581636731,-0.3728666266042841,7.033639143730887,residual_candidate_min10_cafe_min50_total,27.4259201357281,3.0,5.0,0,2,primary_unverified_candidate,validation_only_not_added,,,,incomplete_stay_evidence_and_walk_network,46.19717199276308,not_computed_missing_graph_and_runtime,cafe_draft_2025q4_observed_sales_study_unverified_2026poi
3001496,강남 마이스 관광특구,관광특구,accessible_official_786,broad_tourism_reference,False,broad_tourism_zone;prefer_named_subarea,24.0,20.0,1.0,True,True,complete,both_cafe_industries_sales_observed,47.01513067400275,86.18470149253731,58.473979449944,86.31613315003926,66.82662555997257,,C2_bakery,only_C1_C2_scored_C_stay_unverified,0.2377100963824016,1017,185.0994159255974,0.9712725247446806,0.1255665156625536,37.61467889908257,residual_candidate_min10_cafe_min50_total,52.02069944563618,0.0,1.0,0,1,primary_unverified_candidate,validation_only_not_added,,,,incomplete_stay_evidence_and_walk_network,38.79076809953656,not_computed_missing_graph_and_runtime,cafe_draft_2025q4_observed_sales_study_unverified_2026poi
3110002,독립문역 1번,골목상권,accessible_official_786,non_tourism_observed_subset_if_ranked,True,,2.0,1.0,1.0,True,True,complete,both_cafe_industries_sales_observed,36.485557083906464,55.10727611940299,36.81249303871465,56.07509328358209,42.59127311217488,,C2_bakery,only_C1_C2_scored_C_stay_unverified,0.0315075957912267,62,95.2151354193566,1.0862729006583651,0.1345669082563849,,below_residual_ranking_support,,0.0,3.0,1,2,primary_unverified_candidate,validation_only_not_added,,,,incomplete_stay_evidence_and_walk_network,56.28833234883506,not_computed_missing_graph_and_runtime,cafe_draft_2025q4_observed_sales_study_unverified_2026poi
3110004,대신고등학교,골목상권,accessible_official_786,non_tourism_observed_subset_if_ranked,True,,3.0,0.0,2.0,True,False,insufficient,partial_or_unusable_sales,80.96286107290234,0.0,67.52842401282994,,,,unknown,only_C1_C2_scored_C_stay_unverified,0.0187667266281941,36,150.0,1.870803328911629,0.630741503506999,,below_residual_ranking_support,,1.0,0.0,0,4,primary_unverified_candidate,validation_only_not_added,,,,incomplete_stay_evidence_and_walk_network,55.826829303689074,not_computed_missing_graph_and_runtime,cafe_draft_2025q4_observed_sales_study_unverified_2026poi
3110007,사직공원(한국사회과학도서관),골목상권,accessible_official_786,non_tourism_observed_subset_if_ranked,True,,6.0,3.0,2.0,False,False,supply_only,no_cafe_sales_rows,61.98418156808803,73.06902985074626,,,,65.3096360528855,unknown,only_C1_C2_scored_C_stay_unverified,0.0801920442395288,50,112.23058453426556,4.040935190449119,0.7312968742814512,,below_residual_ranking_support,,0.0,0.0,0,2,primary_unverified_candidate,validation_only_not_added,,,,incomplete_stay_evidence_and_walk_network,30.615023848914948,not_computed_missing_graph_and_runtime,cafe_draft_2025q4_observed_sales_study_unverified_2026poi
3110008,배화여자대학교(박노수미술관),골목상권,accessible_official_786,non_tourism_observed_subset_if_ranked,True,,46.0,9.0,11.0,True,True,complete,both_cafe_industries_sales_observed,96.4786795048143,85.2705223880597,94.9830885694157,73.73541830322074,88.6087874895572,,C1_coffee,only_C1_C2_scored_C_stay_unverified,0.1491530845267322,315,368.7486596372905,3.9197784034338894,1.1879057808384816,97.24770642201835,residual_candidate_min10_cafe_min50_total,91.5008193261185,0.0,0.0,0,2,primary_unverified_candidate,validation_only_not_added,,,,incomplete_stay_evidence_and_walk_network,38.76707156609488,not_computed_missing_graph_and_runtime,cafe_draft_2025q4_observed_sales_study_unverified_2026poi
3110012,성곡미술관,골목상권,accessible_official_786,non_tourism_observed_subset_if_ranked,True,,12.0,3.0,1.0,True,False,insufficient,partial_or_unusable_sales,68.13961485557084,53.40485074626865,71.98297630053892,,,,unknown,only_C1_C2_scored_C_stay_unverified,0.1242549095683796,128,120.71957600794232,2.6308171812819783,0.5004715419030146,71.55963302752293,residual_candidate_min10_cafe_min50_total,,0.0,0.0,0,1,primary_unverified_candidate,validation_only_not_added,,,,incomplete_stay_evidence_and_walk_network,33.27818332220706,not_computed_missing_graph_and_runtime,cafe_draft_2025q4_observed_sales_study_unverified_2026poi
3110013,체부동홍종문가옥,골목상권,accessible_official_786,non_tourism_observed_subset_if_ranked,True,,3.0,1.0,1.0,True,False,insufficient,partial_or_unusable_sales,80.64993122420908,79.76212686567165,71.9196935360323,,,,unknown,only_C1_C2_scored_C_stay_unverified,0.0170516277786817,37,200.0,2.426988102371843,0.8395768669206296,,below_residual_ranking_support,,0.0,0.0,0,1,primary_unverified_candidate,validation_only_not_added,,,,incomplete_stay_evidence_and_walk_network,38.88134318249983,not_computed_missing_graph_and_runtime,cafe_draft_2025q4_observed_sales_study_unverified_2026poi
3110015,청와대사랑채,골목상권,accessible_official_786,non_tourism_observed_subset_if_ranked,True,,3.0,0.0,,True,False,insufficient,partial_or_unusable_sales,44.64924346629986,0.0,54.81721260226683,,,,unknown,only_C1_C2_scored_C_stay_unverified,0.0693471471155256,22,43.260611644229456,3.061314538219029,0.3095939753264918,,below_residual_ranking_support,,0.0,0.0,0,2,primary_unverified_candidate,validation_only_not_added,,,,incomplete_stay_evidence_and_walk_network,28.97307684865372,not_computed_missing_graph_and_runtime,cafe_draft_2025q4_observed_sales_study_unverified_2026poi
3110017,정독도서관,골목상권,accessible_official_786,non_tourism_observed_subset_if_ranked,True,,5.0,0.0,,True,False,insufficient,partial_or_unusable_sales,53.01925722145805,0.0,56.85729525621288,,,,unknown,only_C1_C2_scored_C_stay_unverified,0.0837923696433066,57,59.67130445509968,1.969266662012241,0.1311120695028658,,below_residual_ranking_support,,0.0,0.0,0,1,primary_unverified_candidate,validation_only_not_added,,,,incomplete_stay_evidence_and_walk_network,28.07039299915828,not_computed_missing_graph_and_runtime,cafe_draft_2025q4_observed_sales_study_unverified_2026poi
3110018,중앙고등학교,골목상권,accessible_official_786,non_tourism_observed_subset_if_ranked,True,,18.0,0.0,,True,False,insufficient,partial_or_unusable_sales,73.91334250343878,0.0,74.67515694068335,,,,unknown,only_C1_C2_scored_C_stay_unverified,0.1667471197601167,183,107.94789154916076,2.208161306256349,0.3454746264341297,57.49235474006116,residual_candidate_min10_cafe_min50_total,,0.0,1.0,0,1,primary_unverified_candidate,validation_only_not_added,,,,incomplete_stay_evidence_and_walk_network,38.32442264340793,not_computed_missing_graph_and_runtime,cafe_draft_2025q4_observed_sales_study_unverified_2026poi
3110019,창덕궁,골목상권,accessible_official_786,non_tourism_observed_subset_if_ranked,True,,20.0,3.0,12.0,True,False,insufficient,partial_or_unusable_sales,97.09078404401652,78.92723880597015,94.06233174188957,,,,unknown,only_C1_C2_scored_C_stay_unverified,0.0409680943626428,213,561.4124932540869,2.4241395247868995,1.1485609307106528,96.63608562691131,residual_candidate_min10_cafe_min50_total,,0.0,0.0,0,2,primary_unverified_candidate,validation_only_not_added,,,,incomplete_stay_evidence_and_walk_network,43.725812459485866,not_computed_missing_graph_and_runtime,cafe_draft_2025q4_observed_sales_study_unverified_2026poi
3110020,서울국제고등학교,골목상권,accessible_official_786,non_tourism_observed_subset_if_ranked,True,,6.0,1.0,,True,False,insufficient,partial_or_unusable_sales,33.10866574965612,12.462686567164177,36.356642279106026,,,,unknown,only_C1_C2_scored_C_stay_unverified,0.1335911076583044,128,52.398697208981936,1.2277146845982565,-0.226250390036506,,below_residual_ranking_support,,0.0,1.0,1,1,primary_unverified_candidate,validation_only_not_added,,,,incomplete_stay_evidence_and_walk_network,39.44390347157885,not_computed_missing_graph_and_runtime,cafe_draft_2025q4_observed_sales_study_unverified_2026poi
3110021,성균관대학교,골목상권,accessible_official_786,non_tourism_observed_subset_if_ranked,True,,13.0,2.0,18.0,True,False,insufficient,partial_or_unusable_sales,84.12654745529574,44.55223880597015,81.45433085904482,,,,unknown,only_C1_C2_scored_C_stay_unverified,0.0775971131907636,149,193.30616028362064,2.260030867141565,0.6377359572316599,79.81651376146789,residual_candidate_min10_cafe_min50_total,,1.0,0.0,0,3,primary_unverified_candidate,validation_only_not_added,,,,incomplete_stay_evidence_and_walk_network,59.03480345204578,not_computed_missing_graph_and_runtime,cafe_draft_2025q4_observed_sales_study_unverified_2026poi
3110022,경신고등학교,골목상권,accessible_official_786,non_tourism_observed_subset_if_ranked,True,,5.0,2.0,,True,False,insufficient,partial_or_unusable_sales,53.95116918844566,60.27518656716418,52.3527036778136,,,,unknown,only_C1_C2_scored_C_stay_unverified,0.0601364861364292,101,116.4018792870502,1.5559156398868996,0.2696407523198465,,below_residual_ranking_support,,0.0,1.0,0,2,primary_unverified_candidate,validation_only_not_added,,,,incomplete_stay_evidence_and_walk_network,41.3430422120957,not_computed_missing_graph_and_runtime,cafe_draft_2025q4_observed_sales_study_unverified_2026poi
3110023,서울대병원,골목상권,accessible_official_786,non_tourism_observed_subset_if_ranked,True,,3.0,0.0,1.0,True,False,insufficient,partial_or_unusable_sales,81.58872077028886,0.0,78.60835391823846,,,,unknown,only_C1_C2_scored_C_stay_unverified,0.0159569111051518,34,150.0,1.9808505835534895,0.6605561317231179,,below_residual_ranking_support,,0.0,0.0,0,2,primary_unverified_candidate,validation_only_not_added,,,,incomplete_stay_evidence_and_walk_network,40.93942714229047,not_computed_missing_graph_and_runtime,cafe_draft_2025q4_observed_sales_study_unverified_2026poi
3110024,혜회동주민센터,골목상권,accessible_official_786,non_tourism_observed_subset_if_ranked,True,,13.0,0.0,1.0,True,False,insufficient,partial_or_unusable_sales,93.92022008253096,0.0,83.08454153914275,,,,unknown,only_C1_C2_scored_C_stay_unverified,0.0528100522585577,92,246.16525536373413,3.172231731632762,0.93902363589027,92.04892966360856,residual_candidate_min10_cafe_min50_total,,1.0,0.0,1,2,primary_unverified_candidate,validation_only_not_added,,,,incomplete_stay_evidence_and_walk_network,69.82086962444987,not_computed_missing_graph_and_runtime,cafe_draft_2025q4_observed_sales_study_unverified_2026poi
3110025,충신시장옆,골목상권,accessible_official_786,non_tourism_observed_subset_if_ranked,True,,4.0,0.0,,False,False,supply_only,no_cafe_sales_rows,65.43672627235213,0.0,,,,45.80570839064649,unknown,only_C1_C2_scored_C_stay_unverified,0.0391542408380709,70,102.16007038784608,1.2828365683965457,0.1928775583628617,,below_residual_ranking_support,,1.0,0.0,0,2,primary_unverified_candidate,validation_only_not_added,,,,incomplete_stay_evidence_and_walk_network,54.55636906316819,not_computed_missing_graph_and_runtime,cafe_draft_2025q4_observed_sales_study_unverified_2026poi
3110026,종로5가역 4번,골목상권,accessible_official_786,non_tourism_observed_subset_if_ranked,True,,1.0,0.0,,False,False,supply_only,no_cafe_sales_rows,28.97524071526822,0.0,,,,20.282668500687752,unknown,only_C1_C2_scored_C_stay_unverified,0.0164727950307938,31,50.0,0.7241819337722435,0.0154881368988638,,below_residual_ranking_support,,0.0,0.0,0,2,primary_unverified_candidate,validation_only_not_added,,,,incomplete_stay_evidence_and_walk_network,34.92673352102865,not_computed_missing_graph_and_runtime,cafe_draft_2025q4_observed_sales_study_unverified_2026poi
3110027,혜화역 1번,골목상권,accessible_official_786,non_tourism_observed_subset_if_ranked,True,,9.0,2.0,3.0,True,False,insufficient,partial_or_unusable_sales,62.39339752407153,45.17723880597015,64.75488646357138,,,,unknown,only_C1_C2_scored_C_stay_unverified,0.1175846614271553,77,93.54961664633947,3.207091420991364,0.508287673497229,72.47706422018348,residual_candidate_min10_cafe_min50_total,,2.0,2.0,0,4,primary_unverified_candidate,validation_only_not_added,,,,incomplete_stay_evidence_and_walk_network,57.15590321113788,not_computed_missing_graph_and_runtime,cafe_draft_2025q4_observed_sales_study_unverified_2026poi
3110028,이화달팽이길,골목상권,accessible_official_786,non_tourism_observed_subset_if_ranked,True,,16.0,5.0,7.0,True,True,complete,both_cafe_industries_sales_observed,71.19669876203577,63.162313432835816,64.27407760833809,52.60177729772191,60.772387515153234,,C1_coffee,only_C1_C2_scored_C_stay_unverified,0.1590039666466332,171,132.0721768323549,2.756973326817137,0.55029776132133,74.61773700305811,residual_candidate_min10_cafe_min50_total,64.85433520300087,0.0,1.0,0,2,primary_unverified_candidate,validation_only_not_added,,,,incomplete_stay_evidence_and_walk_network,40.99064425932914,not_computed_missing_graph_and_runtime,cafe_draft_2025q4_observed_sales_study_unverified_2026poi
3110029,동대문역 1번,골목상권,accessible_official_786,non_tourism_observed_subset_if_ranked,True,,8.0,2.0,1.0,True,False,insufficient,partial_or_unusable_sales,44.21251719394773,29.84608208955224,38.202711365122575,,,,unknown,only_C1_C2_scored_C_stay_unverified,0.1531144593227146,134,65.31061824098082,1.675346264696981,0.0045989571386839,27.217125382262996,residual_candidate_min10_cafe_min50_total,,0.0,0.0,0,5,primary_unverified_candidate,validation_only_not_added,,,,incomplete_stay_evidence_and_walk_network,33.944274325409495,not_computed_missing_graph_and_runtime,cafe_draft_2025q4_observed_sales_study_unverified_2026poi
3110030,동대문역 3번,골목상권,accessible_official_786,non_tourism_observed_subset_if_ranked,True,,0.0,0.0,2.0,False,False,supply_only,no_cafe_sales_rows,0.0,0.0,,,,0.0,unknown,only_C1_C2_scored_C_stay_unverified,0.0091540688494183,39,0.0,0.0,-0.7973811930460659,,below_residual_ranking_support,,0.0,0.0,0,1,primary_unverified_candidate,validation_only_not_added,,,,incomplete_stay_evidence_and_walk_network,31.458714287096434,not_computed_missing_graph_and_runtime,cafe_draft_2025q4_observed_sales_study_unverified_2026poi
3110031,창신역 1번,골목상권,accessible_official_786,non_tourism_observed_subset_if_ranked,True,,2.0,0.0,,False,False,supply_only,no_cafe_sales_rows,41.39958734525447,0.0,,,,28.979711141678123,unknown,only_C1_C2_scored_C_stay_unverified,0.0328527179857973,46,60.87776362566496,0.97607130204085,-0.0152942103562958,,below_residual_ranking_support,,0.0,2.0,0,2,primary_unverified_candidate,validation_only_not_added,,,,incomplete_stay_evidence_and_walk_network,44.34751206958272,not_computed_missing_graph_and_runtime,cafe_draft_2025q4_observed_sales_study_unverified_2026poi
3110032,수족관거리,골목상권,accessible_official_786,non_tourism_observed_subset_if_ranked,True,,2.0,0.0,2.0,False,False,supply_only,no_cafe_sales_rows,70.74965612104539,0.0,,,,49.52475928473177,unknown,only_C1_C2_scored_C_stay_unverified,0.0093157695304199,20,100.0,2.244963994693955,0.6469449041512512,,below_residual_ranking_support,,0.0,0.0,0,1,primary_unverified_candidate,validation_only_not_added,,,,incomplete_stay_evidence_and_walk_network,43.94350516162115,not_computed_missing_graph_and_runtime,cafe_draft_2025q4_observed_sales_study_unverified_2026poi
3110033,창신역 4번,골목상권,accessible_official_786,non_tourism_observed_subset_if_ranked,True,,1.0,0.0,2.0,False,False,supply_only,no_cafe_sales_rows,3.493810178817056,0.0,,,,2.4456671251719397,unknown,only_C1_C2_scored_C_stay_unverified,0.0778103394612388,83,12.85176246401225,0.2704775897221632,-1.1318900154216536,,below_residual_ranking_support,,0.0,1.0,1,2,primary_unverified_candidate,validation_only_not_added,,,,incomplete_stay_evidence_and_walk_network,48.40074283205506,not_computed_missing_graph_and_runtime,cafe_draft_2025q4_observed_sales_study_unverified_2026poi
3110034,창신1동주민센터,골목상권,accessible_official_786,non_tourism_observed_subset_if_ranked,True,,1.0,0.0,,False,False,supply_only,no_cafe_sales_rows,9.36382393397524,0.0,,,,6.554676753782668,unknown,only_C1_C2_scored_C_stay_unverified,0.0295812148359314,76,33.80523773436548,0.2953899993018361,-0.6370078313025839,,below_residual_ranking_support,,0.0,0.0,0,1,primary_unverified_candidate,validation_only_not_added,,,,incomplete_stay_evidence_and_walk_network,32.1769246025987,not_computed_missing_graph_and_runtime,cafe_draft_2025q4_observed_sales_study_unverified_2026poi
3110035,동묘앞역 2번,골목상권,accessible_official_786,non_tourism_observed_subset_if_ranked,True,,5.0,0.0,6.0,True,False,insufficient,partial_or_unusable_sales,36.82943603851445,0.0,37.00529474509225,,,,unknown,only_C1_C2_scored_C_stay_unverified,0.0957061763834788,118,52.243232244132585,0.9512559299550656,-0.3160868272690296,,below_residual_ranking_support,,0.0,0.0,0,3,primary_unverified_candidate,validation_only_not_added,,,,incomplete_stay_evidence_and_walk_network,34.72949380315212,not_computed_missing_graph_and_runtime,cafe_draft_2025q4_observed_sales_study_unverified_2026poi
3110036,동묘앞역 3번,골목상권,accessible_official_786,non_tourism_observed_subset_if_ranked,True,,2.0,0.0,,False,False,supply_only,no_cafe_sales_rows,57.2455295735901,0.0,,,,40.07187070151306,unknown,only_C1_C2_scored_C_stay_unverified,0.0184168413733316,47,100.0,0.9553038275293424,0.2034109770031875,,below_residual_ranking_support,,0.0,0.0,0,2,primary_unverified_candidate,validation_only_not_added,,,,incomplete_stay_evidence_and_walk_network,41.13304356659797,not_computed_missing_graph_and_runtime,cafe_draft_2025q4_observed_sales_study_unverified_2026poi
3110037,신설동역 12번,골목상권,accessible_official_786,non_tourism_observed_subset_if_ranked,True,,4.0,0.0,1.0,True,False,insufficient,partial_or_unusable_sales,45.32668500687758,0.0,40.29196812875867,,,,unknown,only_C1_C2_scored_C_stay_unverified,0.0551897450961715,98,72.47723273643963,0.916311834568961,-0.1445654470862425,,below_residual_ranking_support,,0.0,0.0,1,0,primary_unverified_candidate,validation_only_not_added,,,,incomplete_stay_evidence_and_walk_network,47.07298328863214,not_computed_missing_graph_and_runtime,cafe_draft_2025q4_observed_sales_study_unverified_2026poi
3110038,경향신문사,골목상권,accessible_official_786,non_tourism_observed_subset_if_ranked,True,,5.0,1.0,,True,False,insufficient,partial_or_unusable_sales,78.10178817056396,50.844216417910445,79.66519111333417,,,,unknown,only_C1_C2_scored_C_stay_unverified,0.0368657623837425,60,162.7526358344335,2.244963994693955,0.6387077866259945,,below_residual_ranking_support,,0.0,0.0,0,0,primary_unverified_candidate,validation_only_not_added,,,,incomplete_stay_evidence_and_walk_network,34.2970737913486,not_computed_missing_graph_and_runtime,cafe_draft_2025q4_observed_sales_study_unverified_2026poi
3110039,회현역 1번,골목상권,accessible_official_786,non_tourism_observed_subset_if_ranked,True,,1.0,1.0,1.0,False,False,supply_only,no_cafe_sales_rows,38.12242090784044,83.3535447761194,,,,51.69175806832412,unknown,only_C1_C2_scored_C_stay_unverified,0.0099203638991191,20,100.0,2.244963994693955,0.6469449041512512,,below_residual_ranking_support,,0.0,0.0,0,1,primary_unverified_candidate,validation_only_not_added,,,,incomplete_stay_evidence_and_walk_network,36.52883396704689,not_computed_missing_graph_and_runtime,cafe_draft_2025q4_observed_sales_study_unverified_2026poi
3110040,중구회현체육센터(정화예술대남산캠퍼스),골목상권,accessible_official_786,non_tourism_observed_subset_if_ranked,True,,5.0,0.0,1.0,True,False,insufficient,partial_or_unusable_sales,54.51169188445667,0.0,60.65776206377937,,,,unknown,only_C1_C2_scored_C_stay_unverified,0.0761845144048914,67,65.63013545544075,1.675346264696981,0.0898807526001868,,below_residual_ranking_support,,0.0,0.0,0,1,primary_unverified_candidate,validation_only_not_added,,,,incomplete_stay_evidence_and_walk_network,31.10306552888476,not_computed_missing_graph_and_runtime,cafe_draft_2025q4_observed_sales_study_unverified_2026poi
3110041,남산케이블카,골목상권,accessible_official_786,non_tourism_observed_subset_if_ranked,True,,15.0,1.0,1.0,True,False,insufficient,partial_or_unusable_sales,74.01994497936727,7.905783582089551,71.1882784254478,,,,unknown,only_C1_C2_scored_C_stay_unverified,0.1304626481130644,179,122.64046630521965,2.0066717271007417,0.3597627612738039,59.32721712538226,residual_candidate_min10_cafe_min50_total,,0.0,0.0,0,1,primary_unverified_candidate,validation_only_not_added,,,,incomplete_stay_evidence_and_walk_network,34.730098491664975,not_computed_missing_graph_and_runtime,cafe_draft_2025q4_observed_sales_study_unverified_2026poi
3110042,남산골공원옆,골목상권,accessible_official_786,non_tourism_observed_subset_if_ranked,True,,4.0,2.0,,False,False,supply_only,no_cafe_sales_rows,46.88445667125171,60.57369402985075,,,,50.99122787883142,unknown,only_C1_C2_scored_C_stay_unverified,0.0725524734106466,61,82.69876570630518,2.208161306256349,0.3162297029387986,,below_residual_ranking_support,,1.0,1.0,0,2,primary_unverified_candidate,validation_only_not_added,,,,incomplete_stay_evidence_and_walk_network,53.08720575856965,not_computed_missing_graph_and_runtime,cafe_draft_2025q4_observed_sales_study_unverified_2026poi
3110043,충무초등학교,골목상권,accessible_official_786,non_tourism_observed_subset_if_ranked,True,,9.0,3.0,2.0,True,True,complete,both_cafe_industries_sales_observed,51.48211829436038,49.83675373134328,55.45206303456692,35.24756971720345,49.39071503935787,,C1_coffee,only_C1_C2_scored_C_stay_unverified,0.1099750700946959,195,109.11563856851554,1.381516304427049,0.1249785600057524,37.308868501529055,residual_candidate_min10_cafe_min50_total,39.814966742609535,0.0,0.0,1,3,primary_unverified_candidate,validation_only_not_added,,,,incomplete_stay_evidence_and_walk_network,44.52377628695366,not_computed_missing_graph_and_runtime,cafe_draft_2025q4_observed_sales_study_unverified_2026poi
3110044,관성묘,골목상권,accessible_official_786,non_tourism_observed_subset_if_ranked,True,,0.0,0.0,1.0,False,False,supply_only,no_cafe_sales_rows,0.0,0.0,,,,0.0,unknown,only_C1_C2_scored_C_stay_unverified,0.0295525606367088,33,0.0,0.0,-0.8911260612967722,,below_residual_ranking_support,,0.0,0.0,0,2,primary_unverified_candidate,validation_only_not_added,,,,incomplete_stay_evidence_and_walk_network,30.452154626109003,not_computed_missing_graph_and_runtime,cafe_draft_2025q4_observed_sales_study_unverified_2026poi
3110045,동대문역사문화공원역 5번,골목상권,accessible_official_786,non_tourism_observed_subset_if_ranked,True,,6.0,2.0,3.0,True,False,insufficient,partial_or_unusable_sales,69.7111416781293,68.01305970149255,49.384684420592144,,,,unknown,only_C1_C2_scored_C_stay_unverified,0.044786511600874,117,178.62520910969727,1.535018116030055,0.4458227817557989,,below_residual_ranking_support,,0.0,0.0,0,2,primary_unverified_candidate,validation_only_not_added,,,,incomplete_stay_evidence_and_walk_network,40.17911599376929,not_computed_missing_graph_and_runtime,cafe_draft_2025q4_observed_sales_study_unverified_2026poi
3110046,버티고개,골목상권,accessible_official_786,non_tourism_observed_subset_if_ranked,True,,1.0,0.0,,False,False,supply_only,no_cafe_sales_rows,18.242778541953232,0.0,,,,12.769944979367262,unknown,only_C1_C2_scored_C_stay_unverified,0.0579696088157988,27,17.25041828689146,0.8314681461829462,-0.406043917784367,,below_residual_ranking_support,,0.0,0.0,0,3,primary_unverified_candidate,validation_only_not_added,,,,incomplete_stay_evidence_and_walk_network,30.65548960419509,not_computed_missing_graph_and_runtime,cafe_draft_2025q4_observed_sales_study_unverified_2026poi
3110047,다산성곽길,골목상권,accessible_official_786,non_tourism_observed_subset_if_ranked,True,,9.0,0.0,1.0,False,False,supply_only,no_cafe_sales_rows,75.30261348005502,0.0,,,,52.71182943603851,unknown,only_C1_C2_scored_C_stay_unverified,0.0853217773594521,51,105.48303467805064,3.96170116710698,0.6921434692035446,,below_residual_ranking_support,,0.0,0.0,0,3,primary_unverified_candidate,validation_only_not_added,,,,incomplete_stay_evidence_and_walk_network,37.84457328341025,not_computed_missing_graph_and_runtime,cafe_draft_2025q4_observed_sales_study_unverified_2026poi
3110048,장충동주민센터,골목상권,accessible_official_786,non_tourism_observed_subset_if_ranked,True,,4.0,1.0,,True,False,insufficient,partial_or_unusable_sales,18.86176066024759,12.611940298507465,21.68472774284892,,,,unknown,only_C1_C2_scored_C_stay_unverified,0.1355043246488274,123,36.89919132070497,0.9125869897129898,-0.4993130643817141,,below_residual_ranking_support,,0.0,0.0,0,5,primary_unverified_candidate,validation_only_not_added,,,,incomplete_stay_evidence_and_walk_network,36.69164030224751,not_computed_missing_graph_and_runtime,cafe_draft_2025q4_observed_sales_study_unverified_2026poi
3110049,장충단 고개,골목상권,accessible_official_786,non_tourism_observed_subset_if_ranked,True,,11.0,3.0,5.0,True,False,insufficient,partial_or_unusable_sales,80.44016506189821,69.39365671641792,66.02281996459055,,,,unknown,only_C1_C2_scored_C_stay_unverified,0.0706392592506431,152,198.19007374249247,2.067729995112853,0.6061092796070109,78.59327217125383,residual_candidate_min10_cafe_min50_total,,1.0,2.0,0,4,primary_unverified_candidate,validation_only_not_added,,,,incomplete_stay_evidence_and_walk_network,65.48523592527017,not_computed_missing_graph_and_runtime,cafe_draft_2025q4_observed_sales_study_unverified_2026poi
3110050,약수역 7번,골목상권,accessible_official_786,non_tourism_observed_subset_if_ranked,True,,2.0,1.0,,False,False,supply_only,no_cafe_sales_rows,40.94566712517194,58.62873134328358,,,,46.25058639060543,unknown,only_C1_C2_scored_C_stay_unverified,0.0345269828630637,44,86.88856515202033,1.5306572691095146,0.272683215975777,,below_residual_ranking_support,,0.0,1.0,1,2,primary_unverified_candidate,validation_only_not_added,,,,incomplete_stay_evidence_and_walk_network,57.68018893999216,not_computed_missing_graph_and_runtime,cafe_draft_2025q4_observed_sales_study_unverified_2026poi
3110051,한양공고앞 교차로,골목상권,accessible_official_786,non_tourism_observed_subset_if_ranked,True,,3.0,1.0,1.0,False,False,supply_only,no_cafe_sales_rows,44.36038514442916,43.84328358208956,,,,44.20525467572728,unknown,only_C1_C2_scored_C_stay_unverified,0.0448588178291834,70,89.16864495251491,1.2828365683965457,0.1298459039249928,,below_residual_ranking_support,,0.0,0.0,0,3,primary_unverified_candidate,validation_only_not_added,,,,incomplete_stay_evidence_and_walk_network,36.8694864501398,not_computed_missing_graph_and_runtime,cafe_draft_2025q4_observed_sales_study_unverified_2026poi
3110052,장충초등학교,골목상권,accessible_official_786,non_tourism_observed_subset_if_ranked,True,,3.0,1.0,5.0,False,False,supply_only,no_cafe_sales_rows,16.007565337001374,16.62313432835821,,,,16.192236034408424,unknown,only_C1_C2_scored_C_stay_unverified,0.0688411659575551,165,58.104768336815376,0.544233695683383,-0.5243074415689051,,below_residual_ranking_support,,0.0,0.0,1,4,primary_unverified_candidate,validation_only_not_added,,,,incomplete_stay_evidence_and_walk_network,45.98820805102551,not_computed_missing_graph_and_runtime,cafe_draft_2025q4_observed_sales_study_unverified_2026poi
3110053,청구역 1번,골목상권,accessible_official_786,non_tourism_observed_subset_if_ranked,True,,6.0,3.0,1.0,False,True,insufficient,partial_or_unusable_sales,42.35213204951857,60.21455223880597,,54.12387077769049,,,unknown,only_C1_C2_scored_C_stay_unverified,0.0854851663367102,170,105.2814234992615,1.1885103501320935,0.0525665635534808,,below_residual_ranking_support,,0.0,0.0,1,3,primary_unverified_candidate,validation_only_not_added,,,,incomplete_stay_evidence_and_walk_network,47.24828843733583,not_computed_missing_graph_and_runtime,cafe_draft_2025q4_observed_sales_study_unverified_2026poi
3110054,청구역 3번,골목상권,accessible_official_786,non_tourism_observed_subset_if_ranked,True,,7.0,0.0,2.0,True,False,insufficient,partial_or_unusable_sales,53.693259972489685,0.0,56.548123510797424,,,,unknown,only_C1_C2_scored_C_stay_unverified,0.0691030147736126,209,101.29804065615085,0.7519018164046739,-0.1822108761578769,,below_residual_ranking_support,,2.0,2.0,0,5,primary_unverified_candidate,validation_only_not_added,,,,incomplete_stay_evidence_and_walk_network,65.44232239089001,not_computed_missing_graph_and_runtime,cafe_draft_2025q4_observed_sales_study_unverified_2026poi
3110055,황학동벼룩시장,골목상권,accessible_official_786,non_tourism_observed_subset_if_ranked,True,,1.0,0.0,3.0,False,False,supply_only,no_cafe_sales_rows,9.20907840440165,0.0,,,,6.446354883081154,unknown,only_C1_C2_scored_C_stay_unverified,0.0275546367472384,93,36.29153268007508,0.2413939779240811,-0.7111499503110782,,below_residual_ranking_support,,0.0,0.0,0,2,primary_unverified_candidate,validation_only_not_added,,,,incomplete_stay_evidence_and_walk_network,34.460741202991514,not_computed_missing_graph_and_runtime,cafe_draft_2025q4_observed_sales_study_unverified_2026poi
3110056,신당역 3번,골목상권,accessible_official_786,non_tourism_observed_subset_if_ranked,True,,12.0,1.0,5.0,True,False,insufficient,partial_or_unusable_sales,55.03782668500688,5.0559701492537314,50.84401469540149,,,,unknown,only_C1_C2_scored_C_stay_unverified,0.1295093803868188,268,100.37882940348862,1.0889750720530378,-0.0465460747664736,23.24159021406728,residual_candidate_min10_cafe_min50_total,,0.0,0.0,3,3,primary_unverified_candidate,validation_only_not_added,,,,incomplete_stay_evidence_and_walk_network,51.19163925629981,not_computed_missing_graph_and_runtime,cafe_draft_2025q4_observed_sales_study_unverified_2026poi
3110057,황학코아루아파트,골목상권,accessible_official_786,non_tourism_observed_subset_if_ranked,True,,3.0,0.0,2.0,True,False,insufficient,partial_or_unusable_sales,48.7585969738652,0.0,52.146219073956,,,,unknown,only_C1_C2_scored_C_stay_unverified,0.0302074367686059,101,99.3132923849352,0.6668209885229569,-0.1044222543925121,,below_residual_ranking_support,,1.0,0.0,0,3,primary_unverified_candidate,validation_only_not_added,,,,incomplete_stay_evidence_and_walk_network,56.558154103658126,not_computed_missing_graph_and_runtime,cafe_draft_2025q4_observed_sales_study_unverified_2026poi
3110058,성심여자고등학교,골목상권,accessible_official_786,non_tourism_observed_subset_if_ranked,True,,6.0,3.0,4.0,True,False,insufficient,partial_or_unusable_sales,19.41540577716644,39.02985074626865,29.757997158770603,,,,unknown,only_C1_C2_scored_C_stay_unverified,0.1355194930696753,247,66.41111028487086,0.8180030749897,-0.360430277690134,,below_residual_ranking_support,,0.0,2.0,1,1,primary_unverified_candidate,validation_only_not_added,,,,incomplete_stay_evidence_and_walk_network,37.63802809572409,not_computed_missing_graph_and_runtime,cafe_draft_2025q4_observed_sales_study_unverified_2026poi
3110060,효창공원앞역 6번,골목상권,accessible_official_786,non_tourism_observed_subset_if_ranked,True,,11.0,2.0,4.0,True,False,insufficient,partial_or_unusable_sales,71.23796423658872,37.65858208955224,60.56215370381379,,,,unknown,only_C1_C2_scored_C_stay_unverified,0.0946484901613076,163,137.35031565579493,1.7904620816577554,0.3642743957252388,60.24464831804281,residual_candidate_min10_cafe_min50_total,,0.0,1.0,1,3,primary_unverified_candidate,validation_only_not_added,,,,incomplete_stay_evidence_and_walk_network,50.012078342528525,not_computed_missing_graph_and_runtime,cafe_draft_2025q4_observed_sales_study_unverified_2026poi
3110061,효창동주민센터,골목상권,accessible_official_786,non_tourism_observed_subset_if_ranked,True,,8.0,0.0,,True,False,insufficient,partial_or_unusable_sales,59.24346629986245,0.0,60.95013331502045,,,,unknown,only_C1_C2_scored_C_stay_unverified,0.1001741771520505,111,79.86090055780653,1.6179920682478954,0.1007597614248556,,below_residual_ranking_support,,0.0,1.0,0,4,primary_unverified_candidate,validation_only_not_added,,,,incomplete_stay_evidence_and_walk_network,36.88508015750927,not_computed_missing_graph_and_runtime,cafe_draft_2025q4_observed_sales_study_unverified_2026poi
3110062,한강로동땡땡거리(은행나무길),골목상권,accessible_official_786,non_tourism_observed_subset_if_ranked,True,,41.0,3.0,12.0,True,False,insufficient,partial_or_unusable_sales,95.99037138927096,34.421641791044784,89.41814819901724,,,,unknown,only_C1_C2_scored_C_stay_unverified,0.1325853606103121,333,331.8616761116069,2.966318791787808,0.9940608979864116,94.4954128440367,residual_candidate_min10_cafe_min50_total,,0.0,2.0,0,1,primary_unverified_candidate,validation_only_not_added,,,,incomplete_stay_evidence_and_walk_network,43.05140336110063,not_computed_missing_graph_and_runtime,cafe_draft_2025q4_observed_sales_study_unverified_2026poi
3110063,효창공원앞역 5번,골목상권,accessible_official_786,non_tourism_observed_subset_if_ranked,True,,7.0,3.0,16.0,True,True,complete,both_cafe_industries_sales_observed,34.84181568088033,45.04664179104478,35.50226153796745,50.08528083267871,39.87716732638083,,C2_bakery,only_C1_C2_scored_C_stay_unverified,0.1102469535873046,235,90.70545420632412,0.9553038275293424,-0.1428617511461993,17.737003058103976,residual_candidate_min10_cafe_min50_total,25.760785007302843,0.0,0.0,0,3,primary_unverified_candidate,validation_only_not_added,,,,incomplete_stay_evidence_and_walk_network,28.95940121324703,not_computed_missing_graph_and_runtime,cafe_draft_2025q4_observed_sales_study_unverified_2026poi
3110064,효창공원앞역 2번,골목상권,accessible_official_786,non_tourism_observed_subset_if_ranked,True,,12.0,7.0,0.0,True,True,complete,both_cafe_industries_sales_observed,63.79642365887207,85.61567164179104,57.89120247278521,82.46386488609582,65.26300119677839,,C2_bakery,only_C1_C2_scored_C_stay_unverified,0.1314517379660423,168,144.53973978577778,2.5389473749514964,0.5526137819630166,74.92354740061162,residual_candidate_min10_cafe_min50_total,68.4699457395831,1.0,1.0,0,4,primary_unverified_candidate,validation_only_not_added,,,,incomplete_stay_evidence_and_walk_network,50.012717808802336,not_computed_missing_graph_and_runtime,cafe_draft_2025q4_observed_sales_study_unverified_2026poi
3110065,남정초등학교,골목상권,accessible_official_786,non_tourism_observed_subset_if_ranked,True,,1.0,0.0,,False,False,supply_only,no_cafe_sales_rows,18.74484181568088,0.0,,,,13.121389270976614,unknown,only_C1_C2_scored_C_stay_unverified,0.0180516132820201,70,50.0,0.3207091420991364,-0.4120924271536678,,below_residual_ranking_support,,0.0,0.0,0,1,primary_unverified_candidate,validation_only_not_added,,,,incomplete_stay_evidence_and_walk_network,28.99240753103261,not_computed_missing_graph_and_runtime,cafe_draft_2025q4_observed_sales_study_unverified_2026poi
3110066,서울역 15번,골목상권,accessible_official_786,non_tourism_observed_subset_if_ranked,True,,12.0,4.0,8.0,True,False,insufficient,partial_or_unusable_sales,58.648555708390646,55.79291044776119,61.35336803213772,,,,unknown,only_C1_C2_scored_C_stay_unverified,0.1336377162063377,219,119.72667937018524,1.6401563431554007,0.2409544530890937,46.17737003058104,residual_candidate_min10_cafe_min50_total,,0.0,1.0,1,1,primary_unverified_candidate,validation_only_not_added,,,,incomplete_stay_evidence_and_walk_network,49.50843975197442,not_computed_missing_graph_and_runtime,cafe_draft_2025q4_observed_sales_study_unverified_2026poi
3110067,배문고등학교,골목상권,accessible_official_786,non_tourism_observed_subset_if_ranked,True,,8.0,1.0,4.0,True,False,insufficient,partial_or_unusable_sales,28.469738651994497,5.746268656716417,34.507306872590874,,,,unknown,only_C1_C2_scored_C_stay_unverified,0.2047835179977709,180,43.9488494386446,1.1224819973469775,-0.3827825570361449,,below_residual_ranking_support,,0.0,1.0,0,2,primary_unverified_candidate,validation_only_not_added,,,,incomplete_stay_evidence_and_walk_network,31.49047494654553,not_computed_missing_graph_and_runtime,cafe_draft_2025q4_observed_sales_study_unverified_2026poi
3110068,남영역 1번,골목상권,accessible_official_786,non_tourism_observed_subset_if_ranked,True,,17.0,3.0,6.0,True,False,insufficient,partial_or_unusable_sales,71.31361760660248,35.96082089552239,71.32266198184975,,,,unknown,only_C1_C2_scored_C_stay_unverified,0.1452040835662006,256,137.7371731483138,1.7538781208546523,0.3303933004304302,55.65749235474006,residual_candidate_min10_cafe_min50_total,,1.0,1.0,1,2,primary_unverified_candidate,validation_only_not_added,,,,incomplete_stay_evidence_and_walk_network,57.57100951995446,not_computed_missing_graph_and_runtime,cafe_draft_2025q4_observed_sales_study_unverified_2026poi
3110069,숙대입구,골목상권,accessible_official_786,non_tourism_observed_subset_if_ranked,True,,39.0,8.0,16.0,True,True,complete,both_cafe_industries_sales_observed,90.04126547455297,70.1492537313433,87.32205523109418,70.65053024351926,82.3205977348217,,C1_coffee,only_C1_C2_scored_C_stay_unverified,0.1734127662783234,439,271.0296422154186,2.4034922038864663,0.7863083456753892,85.93272171253822,residual_candidate_min10_cafe_min50_total,83.62193956748541,8.0,4.0,1,1,primary_unverified_candidate,validation_only_not_added,,,,incomplete_stay_evidence_and_walk_network,67.03433022608421,not_computed_missing_graph_and_runtime,cafe_draft_2025q4_observed_sales_study_unverified_2026poi
3110071,한강미주맨션아파트,골목상권,accessible_official_786,non_tourism_observed_subset_if_ranked,True,,3.0,2.0,2.0,False,False,supply_only,no_cafe_sales_rows,63.79642365887207,90.16324626865674,,,,71.70647044180747,unknown,only_C1_C2_scored_C_stay_unverified,0.0277624447436743,61,180.09941293586022,1.8401344218802904,0.6072609828305777,,below_residual_ranking_support,,0.0,0.0,0,1,primary_unverified_candidate,validation_only_not_added,,,,incomplete_stay_evidence_and_walk_network,31.592490736171985,not_computed_missing_graph_and_runtime,cafe_draft_2025q4_observed_sales_study_unverified_2026poi
3110072,열정도,골목상권,accessible_official_786,non_tourism_observed_subset_if_ranked,True,,7.0,0.0,3.0,True,False,insufficient,partial_or_unusable_sales,95.97661623108664,0.0,77.1511425391079,,,,unknown,only_C1_C2_scored_C_stay_unverified,0.0180768909789205,66,350.0,2.381022418614801,1.0053135618037896,,below_residual_ranking_support,,0.0,0.0,0,1,primary_unverified_candidate,validation_only_not_added,,,,incomplete_stay_evidence_and_walk_network,40.18709304463084,not_computed_missing_graph_and_runtime,cafe_draft_2025q4_observed_sales_study_unverified_2026poi
3110073,삼각지역 3번,골목상권,accessible_official_786,non_tourism_observed_subset_if_ranked,True,,8.0,2.0,1.0,False,False,supply_only,no_cafe_sales_rows,84.43603851444291,70.49906716417911,,,,80.25494710936377,unknown,only_C1_C2_scored_C_stay_unverified,0.0413904828657152,113,241.60143365428715,1.9866938006141197,0.7015403639538711,81.9571865443425,residual_candidate_min10_cafe_min50_total,,0.0,1.0,0,1,primary_unverified_candidate,validation_only_not_added,,,,incomplete_stay_evidence_and_walk_network,45.09547789742548,not_computed_missing_graph_and_runtime,cafe_draft_2025q4_observed_sales_study_unverified_2026poi
3110074,서울역 12번,골목상권,accessible_official_786,non_tourism_observed_subset_if_ranked,True,,8.0,4.0,6.0,True,False,insufficient,partial_or_unusable_sales,40.990371389270976,60.74626865671642,49.81958883488412,,,,unknown,only_C1_C2_scored_C_stay_unverified,0.1058430359479592,265,113.37543271056728,1.0165874692953758,-0.0211186935003584,25.382262996941897,residual_candidate_min10_cafe_min50_total,,0.0,1.0,0,1,primary_unverified_candidate,validation_only_not_added,,,,incomplete_stay_evidence_and_walk_network,37.06562563492294,not_computed_missing_graph_and_runtime,cafe_draft_2025q4_observed_sales_study_unverified_2026poi
3110075,숙대입구역 1번,골목상권,accessible_official_786,non_tourism_observed_subset_if_ranked,True,,13.0,3.0,3.0,True,False,insufficient,partial_or_unusable_sales,70.51581843191197,49.65485074626866,71.48655725405223,,,,unknown,only_C1_C2_scored_C_stay_unverified,0.1288085942556467,154,124.21531414468171,2.332430124357356,0.445903401688799,67.58409785932722,residual_candidate_min10_cafe_min50_total,,0.0,0.0,0,2,primary_unverified_candidate,validation_only_not_added,,,,incomplete_stay_evidence_and_walk_network,33.57426300564053,not_computed_missing_graph_and_runtime,cafe_draft_2025q4_observed_sales_study_unverified_2026poi
3110076,삼각지역 14번,골목상권,accessible_official_786,non_tourism_observed_subset_if_ranked,True,,2.0,0.0,,True,False,insufficient,partial_or_unusable_sales,67.9573590096286,0.0,67.81446327892084,,,,unknown,only_C1_C2_scored_C_stay_unverified,0.008982122958183,27,100.0,1.6629362923658924,0.4925962086563218,,below_residual_ranking_support,,0.0,0.0,0,0,primary_unverified_candidate,validation_only_not_added,,,,incomplete_stay_evidence_and_walk_network,35.41030534351145,not_computed_missing_graph_and_runtime,cafe_draft_2025q4_observed_sales_study_unverified_2026poi
3110077,삼광초등학교,골목상권,accessible_official_786,non_tourism_observed_subset_if_ranked,True,,6.0,1.0,,True,False,insufficient,partial_or_unusable_sales,76.79160935350757,40.86287313432836,67.89779271735097,,,,unknown,only_C1_C2_scored_C_stay_unverified,0.0457625762122178,75,152.96341638500508,2.0952997283810246,0.5540933588676276,,below_residual_ranking_support,,0.0,2.0,0,1,primary_unverified_candidate,validation_only_not_added,,,,incomplete_stay_evidence_and_walk_network,43.00830116390445,not_computed_missing_graph_and_runtime,cafe_draft_2025q4_observed_sales_study_unverified_2026poi
3110079,후암동주민센터,골목상권,accessible_official_786,non_tourism_observed_subset_if_ranked,True,,36.0,5.0,8.0,True,False,insufficient,partial_or_unusable_sales,76.12104539202201,31.44589552238806,76.41068805856841,,,,unknown,only_C1_C2_scored_C_stay_unverified,0.2928218394247191,415,140.01687879752765,2.2179162357217383,0.4400846569506611,66.66666666666666,residual_candidate_min10_cafe_min50_total,,0.0,2.0,1,2,primary_unverified_candidate,validation_only_not_added,,,,incomplete_stay_evidence_and_walk_network,40.9957956824848,not_computed_missing_graph_and_runtime,cafe_draft_2025q4_observed_sales_study_unverified_2026poi
3110081,해방촌 남동측,골목상권,accessible_official_786,non_tourism_observed_subset_if_ranked,True,,35.0,11.0,17.0,True,True,complete,both_cafe_industries_sales_observed,96.9050894085282,97.50932835820896,84.97514231771339,75.16442458758837,82.03192699867589,,C1_coffee,only_C1_C2_scored_C_stay_unverified,0.1049317763014622,263,438.3800753343294,3.926552994521746,1.2721360022576742,98.1651376146789,residual_candidate_min10_cafe_min50_total,82.78707056354841,0.0,1.0,1,2,primary_unverified_candidate,validation_only_not_added,,,,incomplete_stay_evidence_and_walk_network,52.1340418583039,not_computed_missing_graph_and_runtime,cafe_draft_2025q4_observed_sales_study_unverified_2026poi
3110082,용산구청,골목상권,accessible_official_786,non_tourism_observed_subset_if_ranked,True,,17.0,5.0,9.0,True,True,complete,both_cafe_industries_sales_observed,91.47180192572216,87.91977611940298,90.1829439113438,73.22147486252945,85.09450319669949,,C1_coffee,only_C1_C2_scored_C_stay_unverified,0.071086160561412,178,309.4835876104744,2.77467460018354,0.9464241297088104,92.35474006116208,residual_candidate_min10_cafe_min50_total,86.45848531083446,0.0,0.0,0,0,primary_unverified_candidate,validation_only_not_added,,,,incomplete_stay_evidence_and_walk_network,37.92302798982188,not_computed_missing_graph_and_runtime,cafe_draft_2025q4_observed_sales_study_unverified_2026poi
3110084,경리단길북측,골목상권,accessible_official_786,non_tourism_observed_subset_if_ranked,True,,21.0,5.0,26.0,True,True,complete,both_cafe_industries_sales_observed,59.24346629986245,40.78358208955224,57.97579153658031,37.13403377847604,51.72326420914902,,C1_coffee,only_C1_C2_scored_C_stay_unverified,0.2255559565911681,384,115.27073101033795,1.5200277047406985,0.1607546321454469,39.14373088685015,residual_candidate_min10_cafe_min50_total,41.53002510420556,1.0,3.0,1,2,primary_unverified_candidate,validation_only_not_added,,,,incomplete_stay_evidence_and_walk_network,57.127918357506495,not_computed_missing_graph_and_runtime,cafe_draft_2025q4_observed_sales_study_unverified_2026poi
3110085,경리단길남측,골목상권,accessible_official_786,non_tourism_observed_subset_if_ranked,True,,32.0,7.0,21.0,True,True,complete,both_cafe_industries_sales_observed,85.89408528198075,66.455223880597,83.64463764075464,63.42655145326,77.57921178450624,,C1_coffee,only_C1_C2_scored_C_stay_unverified,0.1816939097520648,348,214.64671024592116,2.5159079250880527,0.7066827966619393,82.56880733944955,residual_candidate_min10_cafe_min50_total,79.333678119025,0.0,2.0,0,2,primary_unverified_candidate,validation_only_not_added,,,,incomplete_stay_evidence_and_walk_network,44.25721514333537,not_computed_missing_graph_and_runtime,cafe_draft_2025q4_observed_sales_study_unverified_2026poi
3110086,이태원역 북측,골목상권,accessible_official_786,non_tourism_observed_subset_if_ranked,True,,5.0,1.0,1.0,False,False,supply_only,no_cafe_sales_rows,41.32393397524071,32.355410447761194,,,,38.63337691699686,unknown,only_C1_C2_scored_C_stay_unverified,0.1336569525568923,42,44.89104296647827,3.207091420991364,0.2294230884107695,,below_residual_ranking_support,,0.0,1.0,0,0,primary_unverified_candidate,validation_only_not_added,,,,incomplete_stay_evidence_and_walk_network,32.30279898218829,not_computed_missing_graph_and_runtime,cafe_draft_2025q4_observed_sales_study_unverified_2026poi
3110087,이태원엔틱가구거리,골목상권,accessible_official_786,non_tourism_observed_subset_if_ranked,True,,6.0,1.0,3.0,True,False,insufficient,partial_or_unusable_sales,65.19944979367263,28.736007462686565,70.15561088140292,,,,unknown,only_C1_C2_scored_C_stay_unverified,0.0525027079197418,121,133.32645643155286,1.2987395010626186,0.2364882792714251,,below_residual_ranking_support,,0.0,0.0,0,0,primary_unverified_candidate,validation_only_not_added,,,,incomplete_stay_evidence_and_walk_network,34.12531806615776,not_computed_missing_graph_and_runtime,cafe_draft_2025q4_observed_sales_study_unverified_2026poi
3110088,오산고등학교,골목상권,accessible_official_786,non_tourism_observed_subset_if_ranked,True,,6.0,0.0,2.0,False,False,supply_only,no_cafe_sales_rows,47.912654745529565,0.0,,,,33.53885832187069,unknown,only_C1_C2_scored_C_stay_unverified,0.096487905700601,105,62.18395928934156,1.2828365683965457,-0.1036384658151921,,below_residual_ranking_support,,0.0,0.0,0,2,primary_unverified_candidate,validation_only_not_added,,,,incomplete_stay_evidence_and_walk_network,27.891052061262204,not_computed_missing_graph_and_runtime,cafe_draft_2025q4_observed_sales_study_unverified_2026poi
3110090,한국폴리텍대학서울정수캠퍼스,골목상권,accessible_official_786,non_tourism_observed_subset_if_ranked,True,,1.0,0.0,2.0,True,False,insufficient,partial_or_unusable_sales,2.2696011004126544,0.0,12.820265728063326,,,,unknown,only_C1_C2_scored_C_stay_unverified,0.0969865483885944,99,10.310708202474808,0.2267640398680762,-1.3275274953659055,,below_residual_ranking_support,,0.0,0.0,0,1,primary_unverified_candidate,validation_only_not_added,,,,incomplete_stay_evidence_and_walk_network,22.95910128774466,not_computed_missing_graph_and_runtime,cafe_draft_2025q4_observed_sales_study_unverified_2026poi
3110091,리움미술관,골목상권,accessible_official_786,non_tourism_observed_subset_if_ranked,True,,8.0,0.0,1.0,True,False,insufficient,partial_or_unusable_sales,80.39889958734526,0.0,76.66166885669557,,,,unknown,only_C1_C2_scored_C_stay_unverified,0.0550999931323678,94,145.19058070990033,1.910607655058685,0.4661033683952531,,below_residual_ranking_support,,0.0,0.0,0,0,primary_unverified_candidate,validation_only_not_added,,,,incomplete_stay_evidence_and_walk_network,36.09096692111959,not_computed_missing_graph_and_runtime,cafe_draft_2025q4_observed_sales_study_unverified_2026poi
3110092,NH농협은행 보광동지점,골목상권,accessible_official_786,non_tourism_observed_subset_if_ranked,True,,0.0,0.0,4.0,False,False,supply_only,no_cafe_sales_rows,0.0,0.0,,,,0.0,unknown,only_C1_C2_scored_C_stay_unverified,0.1050736326129043,89,0.0,0.0,-2.001261704965138,,below_residual_ranking_support,,0.0,1.0,0,1,primary_unverified_candidate,validation_only_not_added,,,,incomplete_stay_evidence_and_walk_network,30.40656353099392,not_computed_missing_graph_and_runtime,cafe_draft_2025q4_observed_sales_study_unverified_2026poi
3110093,우사단길,골목상권,accessible_official_786,non_tourism_observed_subset_if_ranked,True,,12.0,2.0,12.0,True,False,insufficient,partial_or_unusable_sales,34.439477303988994,9.9580223880597,42.11580599555434,,,,unknown,only_C1_C2_scored_C_stay_unverified,0.2345916093765286,308,59.678178760134,1.020438179406343,-0.3272515462996321,9.174311926605505,residual_candidate_min10_cafe_min50_total,,0.0,1.0,0,1,primary_unverified_candidate,validation_only_not_added,,,,incomplete_stay_evidence_and_walk_network,33.035013883648254,not_computed_missing_graph_and_runtime,cafe_draft_2025q4_observed_sales_study_unverified_2026poi
3110095,한강진역 3번,골목상권,accessible_official_786,non_tourism_observed_subset_if_ranked,True,,30.0,12.0,10.0,True,True,complete,both_cafe_industries_sales_observed,89.73177441540577,93.2742537313433,81.77272395864296,72.06829340141398,78.86139479147425,,C1_coffee,only_C1_C2_scored_C_stay_unverified,0.1490798112423067,279,281.72828802241605,3.3795156909371364,0.988876056357458,94.18960244648318,residual_candidate_min10_cafe_min50_total,81.23795375688157,0.0,0.0,0,0,primary_unverified_candidate,validation_only_not_added,,,,incomplete_stay_evidence_and_walk_network,37.7321882951654,not_computed_missing_graph_and_runtime,cafe_draft_2025q4_observed_sales_study_unverified_2026poi
3110096,한남힐사이드아파트,골목상권,accessible_official_786,non_tourism_observed_subset_if_ranked,True,,9.0,0.0,,True,False,insufficient,partial_or_unusable_sales,87.02200825309491,0.0,81.55363230473722,,,,unknown,only_C1_C2_scored_C_stay_unverified,0.0500307248361786,90,179.8894585171361,2.244963994693955,0.6392703930780934,,below_residual_ranking_support,,0.0,0.0,0,1,primary_unverified_candidate,validation_only_not_added,,,,incomplete_stay_evidence_and_walk_network,38.9917060923577,not_computed_missing_graph_and_runtime,cafe_draft_2025q4_observed_sales_study_unverified_2026poi
3110097,한남초등학교,골목상권,accessible_official_786,non_tourism_observed_subset_if_ranked,True,,0.0,0.0,,False,False,supply_only,no_cafe_sales_rows,0.0,0.0,,,,0.0,unknown,only_C1_C2_scored_C_stay_unverified,0.0078085639358808,11,0.0,0.0,-0.1514193846673816,,below_residual_ranking_support,,0.0,0.0,0,0,primary_unverified_candidate,validation_only_not_added,,,,incomplete_stay_evidence_and_walk_network,25.46119592875318,not_computed_missing_graph_and_runtime,cafe_draft_2025q4_observed_sales_study_unverified_2026poi
3110098,서울독일학교,골목상권,accessible_official_786,non_tourism_observed_subset_if_ranked,True,,6.0,0.0,3.0,True,False,insufficient,partial_or_unusable_sales,78.24621733149932,0.0,75.59433424829393,,,,unknown,only_C1_C2_scored_C_stay_unverified,0.0413831828399607,83,144.98643140145904,1.6228655383329793,0.4134819477536371,,below_residual_ranking_support,,0.0,0.0,0,0,primary_unverified_candidate,validation_only_not_added,,,,incomplete_stay_evidence_and_walk_network,32.045165394402034,not_computed_missing_graph_and_runtime,cafe_draft_2025q4_observed_sales_study_unverified_2026poi
3110099,유엔빌리지길,골목상권,accessible_official_786,non_tourism_observed_subset_if_ranked,True,,2.0,0.0,,False,False,supply_only,no_cafe_sales_rows,4.0784044016506185,0.0,,,,2.8548830811554327,unknown,only_C1_C2_scored_C_stay_unverified,0.2629885257731711,137,7.604894525797714,0.3277319700283145,-1.5571564808956986,,below_residual_ranking_support,,0.0,0.0,0,1,primary_unverified_candidate,validation_only_not_added,,,,incomplete_stay_evidence_and_walk_network,29.61470457338016,not_computed_missing_graph_and_runtime,cafe_draft_2025q4_observed_sales_study_unverified_2026poi
3110100,옥수동우편취급국,골목상권,accessible_official_786,non_tourism_observed_subset_if_ranked,True,,0.0,0.0,1.0,False,False,supply_only,no_cafe_sales_rows,0.0,0.0,,,,0.0,unknown,only_C1_C2_scored_C_stay_unverified,0.026040162923484,34,0.0,0.0,-0.848040777310405,,below_residual_ranking_support,,0.0,0.0,0,0,primary_unverified_candidate,validation_only_not_added,,,,incomplete_stay_evidence_and_walk_network,22.32506361323156,not_computed_missing_graph_and_runtime,cafe_draft_2025q4_observed_sales_study_unverified_2026poi
3110101,옥정중학교,골목상권,accessible_official_786,non_tourism_observed_subset_if_ranked,True,,2.0,0.0,,False,False,supply_only,no_cafe_sales_rows,46.25171939477304,0.0,,,,32.376203576341126,unknown,only_C1_C2_scored_C_stay_unverified,0.0238002575800851,59,84.03270398525027,0.7610047439640525,0.0030687918317062,,below_residual_ranking_support,,0.0,0.0,0,1,primary_unverified_candidate,validation_only_not_added,,,,incomplete_stay_evidence_and_walk_network,34.290064242107604,not_computed_missing_graph_and_runtime,cafe_draft_2025q4_observed_sales_study_unverified_2026poi
3110102,옥수역 6번,골목상권,accessible_official_786,non_tourism_observed_subset_if_ranked,True,,6.0,1.0,3.0,True,True,complete,both_cafe_industries_sales_observed,71.61279229711143,36.93563432835821,65.31035053445589,37.82862824037706,57.06583384623224,,C1_coffee,only_C1_C2_scored_C_stay_unverified,0.034656027872479,147,201.98506377468695,1.069030473663788,0.3253415345720338,,below_residual_ranking_support,,1.0,0.0,0,1,primary_unverified_candidate,validation_only_not_added,,,,incomplete_stay_evidence_and_walk_network,55.857271742180174,not_computed_missing_graph_and_runtime,cafe_draft_2025q4_observed_sales_study_unverified_2026poi
3110103,옥수터널,골목상권,accessible_official_786,non_tourism_observed_subset_if_ranked,True,,0.0,0.0,,False,False,supply_only,no_cafe_sales_rows,0.0,0.0,,,,0.0,unknown,only_C1_C2_scored_C_stay_unverified,0.0190425348133075,37,0.0,0.0,-0.7698610455134707,,below_residual_ranking_support,,0.0,0.0,0,1,primary_unverified_candidate,validation_only_not_added,,,,incomplete_stay_evidence_and_walk_network,28.25215269110576,not_computed_missing_graph_and_runtime,cafe_draft_2025q4_observed_sales_study_unverified_2026poi
3110104,신금호역 4번,골목상권,accessible_official_786,non_tourism_observed_subset_if_ranked,True,,1.0,1.0,3.0,False,False,supply_only,no_cafe_sales_rows,3.562585969738652,27.621268656716417,,,,10.78019077583198,unknown,only_C1_C2_scored_C_stay_unverified,0.0667876536686037,86,29.94565447565921,0.5220846499288267,-0.6744606764995993,,below_residual_ranking_support,,0.0,0.0,0,6,primary_unverified_candidate,validation_only_not_added,,,,incomplete_stay_evidence_and_walk_network,32.16525653305469,not_computed_missing_graph_and_runtime,cafe_draft_2025q4_observed_sales_study_unverified_2026poi
3110105,금동어린이공원,골목상권,accessible_official_786,non_tourism_observed_subset_if_ranked,True,,5.0,2.0,3.0,True,False,insufficient,partial_or_unusable_sales,47.1251719394773,54.73414179104478,43.42147530050544,,,,unknown,only_C1_C2_scored_C_stay_unverified,0.0689572793789091,113,101.51212552247216,1.3906856604298836,0.1465356559901243,,below_residual_ranking_support,,0.0,0.0,0,3,primary_unverified_candidate,validation_only_not_added,,,,incomplete_stay_evidence_and_walk_network,35.57117667547093,not_computed_missing_graph_and_runtime,cafe_draft_2025q4_observed_sales_study_unverified_2026poi
3110106,금북초등학교,골목상권,accessible_official_786,non_tourism_observed_subset_if_ranked,True,,1.0,2.0,,False,False,supply_only,no_cafe_sales_rows,24.04401650618982,95.7695895522388,,,,45.56168842000452,unknown,only_C1_C2_scored_C_stay_unverified,0.0213500891145584,34,140.51463597659327,1.9808505835534895,0.6302832575991323,,below_residual_ranking_support,,0.0,0.0,0,3,primary_unverified_candidate,validation_only_not_added,,,,incomplete_stay_evidence_and_walk_network,35.35901324509719,not_computed_missing_graph_and_runtime,cafe_draft_2025q4_observed_sales_study_unverified_2026poi
3110107,금호사거리,골목상권,accessible_official_786,non_tourism_observed_subset_if_ranked,True,,5.0,0.0,3.0,True,False,insufficient,partial_or_unusable_sales,90.94222833562586,0.0,69.06805461884271,,,,unknown,only_C1_C2_scored_C_stay_unverified,0.0221737996311966,51,225.49134939261543,2.2009450928372107,0.8057970190256281,,below_residual_ranking_support,,0.0,0.0,0,2,primary_unverified_candidate,validation_only_not_added,,,,incomplete_stay_evidence_and_walk_network,40.34716135024526,not_computed_missing_graph_and_runtime,cafe_draft_2025q4_observed_sales_study_unverified_2026poi
3110108,성동구립금호도서관,골목상권,accessible_official_786,non_tourism_observed_subset_if_ranked,True,,0.0,0.0,1.0,False,False,supply_only,no_cafe_sales_rows,0.0,0.0,,,,0.0,unknown,only_C1_C2_scored_C_stay_unverified,0.0117689041751077,24,0.0,0.0,-0.5452123789322805,,below_residual_ranking_support,,0.0,0.0,1,2,primary_unverified_candidate,validation_only_not_added,,,,incomplete_stay_evidence_and_walk_network,47.956017964674686,not_computed_missing_graph_and_runtime,cafe_draft_2025q4_observed_sales_study_unverified_2026poi
3110109,금호삼성래미안아파트,골목상권,accessible_official_786,non_tourism_observed_subset_if_ranked,True,,11.0,1.0,4.0,True,False,insufficient,partial_or_unusable_sales,91.27235213204952,39.51492537313433,77.24002552869894,,,,unknown,only_C1_C2_scored_C_stay_unverified,0.0297659252116047,169,403.1455402340935,1.594057274338903,0.8069853594294962,86.85015290519877,residual_candidate_min10_cafe_min50_total,,1.0,0.0,0,3,primary_unverified_candidate,validation_only_not_added,,,,incomplete_stay_evidence_and_walk_network,61.29858309387669,not_computed_missing_graph_and_runtime,cafe_draft_2025q4_observed_sales_study_unverified_2026poi
3110110,상왕십리역 6번,골목상권,accessible_official_786,non_tourism_observed_subset_if_ranked,True,,1.0,2.0,1.0,False,False,supply_only,no_cafe_sales_rows,3.3631361760660248,64.38899253731344,,,,21.670893084440248,unknown,only_C1_C2_scored_C_stay_unverified,0.0519023206987068,112,57.80088365248662,0.6013296414358807,-0.4102132298959358,,below_residual_ranking_support,,0.0,0.0,0,2,primary_unverified_candidate,validation_only_not_added,,,,incomplete_stay_evidence_and_walk_network,31.07554494528778,not_computed_missing_graph_and_runtime,cafe_draft_2025q4_observed_sales_study_unverified_2026poi
3110111,대현산장미원,골목상권,accessible_official_786,non_tourism_observed_subset_if_ranked,True,,1.0,0.0,,False,False,supply_only,no_cafe_sales_rows,44.5735900962861,0.0,,,,31.20151306740027,unknown,only_C1_C2_scored_C_stay_unverified,0.0194703855450163,14,50.0,1.6035457104956818,0.4220056465075789,,below_residual_ranking_support,,0.0,0.0,0,1,primary_unverified_candidate,validation_only_not_added,,,,incomplete_stay_evidence_and_walk_network,33.750967501620565,not_computed_missing_graph_and_runtime,cafe_draft_2025q4_observed_sales_study_unverified_2026poi
3110112,행당역 2번,골목상권,accessible_official_786,non_tourism_observed_subset_if_ranked,True,,4.0,1.0,3.0,True,False,insufficient,partial_or_unusable_sales,36.3273727647868,22.416044776119406,39.731495758997056,,,,unknown,only_C1_C2_scored_C_stay_unverified,0.0685392407341243,111,72.9509102587797,1.0112450426549346,-0.128832157179731,,below_residual_ranking_support,,1.0,2.0,0,1,primary_unverified_candidate,validation_only_not_added,,,,incomplete_stay_evidence_and_walk_network,57.46325912595904,not_computed_missing_graph_and_runtime,cafe_draft_2025q4_observed_sales_study_unverified_2026poi
3110113,응봉산,골목상권,accessible_official_786,non_tourism_observed_subset_if_ranked,True,,2.0,0.0,,False,False,supply_only,no_cafe_sales_rows,17.039202200825308,0.0,,,,11.927441540577714,unknown,only_C1_C2_scored_C_stay_unverified,0.0890471285413787,61,22.46001676596044,0.7360537687521164,-0.6260042415932379,,below_residual_ranking_support,,0.0,0.0,0,0,primary_unverified_candidate,validation_only_not_added,,,,incomplete_stay_evidence_and_walk_network,24.09987277353689,not_computed_missing_graph_and_runtime,cafe_draft_2025q4_observed_sales_study_unverified_2026poi
3110114,왕십리파출소,골목상권,accessible_official_786,non_tourism_observed_subset_if_ranked,True,,2.0,0.0,2.0,False,False,supply_only,no_cafe_sales_rows,45.6980742778542,0.0,,,,31.988651994497936,unknown,only_C1_C2_scored_C_stay_unverified,0.027037049861497,50,73.97256765236675,0.8979855978775819,0.0311716535486457,,below_residual_ranking_support,,1.0,1.0,0,0,primary_unverified_candidate,validation_only_not_added,,,,incomplete_stay_evidence_and_walk_network,61.01781170483461,not_computed_missing_graph_and_runtime,cafe_draft_2025q4_observed_sales_study_unverified_2026poi
3110115,상왕십리역 3번,골목상권,accessible_official_786,non_tourism_observed_subset_if_ranked,True,,9.0,5.0,5.0,True,True,complete,both_cafe_industries_sales_observed,65.04126547455294,85.18656716417911,57.139765116836834,65.55164964650432,59.66333047573707,,C2_bakery,only_C1_C2_scored_C_stay_unverified,0.0808166434626446,179,173.23164388126486,1.755837761213149,0.4565376731863746,68.80733944954129,residual_candidate_min10_cafe_min50_total,58.06906890340741,2.0,2.0,0,1,primary_unverified_candidate,validation_only_not_added,,,,incomplete_stay_evidence_and_walk_network,62.76048046130478,not_computed_missing_graph_and_runtime,cafe_draft_2025q4_observed_sales_study_unverified_2026poi
3110116,청계천박물관,골목상권,accessible_official_786,non_tourism_observed_subset_if_ranked,True,,1.0,0.0,1.0,False,False,supply_only,no_cafe_sales_rows,0.9284731774415405,0.0,,,,0.6499312242090782,unknown,only_C1_C2_scored_C_stay_unverified,0.0980083077263874,224,10.203216678240468,0.1002216069059801,-1.767468747374318,,below_residual_ranking_support,,0.0,0.0,0,0,primary_unverified_candidate,validation_only_not_added,,,,incomplete_stay_evidence_and_walk_network,29.06806615776081,not_computed_missing_graph_and_runtime,cafe_draft_2025q4_observed_sales_study_unverified_2026poi
3110117,성동구보건소,골목상권,accessible_official_786,non_tourism_observed_subset_if_ranked,True,,1.0,0.0,4.0,False,False,supply_only,no_cafe_sales_rows,4.53920220082531,0.0,,,,3.1774415405777168,unknown,only_C1_C2_scored_C_stay_unverified,0.0496976196374309,88,20.121688066661992,0.2551095448515857,-0.9551484111928982,,below_residual_ranking_support,,0.0,0.0,0,1,primary_unverified_candidate,validation_only_not_added,,,,incomplete_stay_evidence_and_walk_network,31.157042444296096,not_computed_missing_graph_and_runtime,cafe_draft_2025q4_observed_sales_study_unverified_2026poi
3110118,왕십리역 9번,골목상권,accessible_official_786,non_tourism_observed_subset_if_ranked,True,,3.0,1.0,2.0,True,False,insufficient,partial_or_unusable_sales,18.1808803301238,18.978544776119403,27.525150756670364,,,,unknown,only_C1_C2_scored_C_stay_unverified,0.0635269927882922,158,62.96536046228818,0.5683453151123936,-0.4639615037496056,,below_residual_ranking_support,,0.0,1.0,0,1,primary_unverified_candidate,validation_only_not_added,,,,incomplete_stay_evidence_and_walk_network,38.87766909509573,not_computed_missing_graph_and_runtime,cafe_draft_2025q4_observed_sales_study_unverified_2026poi
3110119,마장지하차도,골목상권,accessible_official_786,non_tourism_observed_subset_if_ranked,True,,1.0,0.0,2.0,False,False,supply_only,no_cafe_sales_rows,14.178129298486931,0.0,,,,9.924690508940852,unknown,only_C1_C2_scored_C_stay_unverified,0.0225066080388566,81,44.43139536057797,0.2771560487276487,-0.5440933541849692,,below_residual_ranking_support,,0.0,0.0,0,1,primary_unverified_candidate,validation_only_not_added,,,,incomplete_stay_evidence_and_walk_network,35.29113333139833,not_computed_missing_graph_and_runtime,cafe_draft_2025q4_observed_sales_study_unverified_2026poi
3110120,서울숲카페거리,골목상권,accessible_official_786,non_tourism_observed_subset_if_ranked,True,,35.0,13.0,4.0,True,False,insufficient,partial_or_unusable_sales,99.90371389270976,99.9347014925373,82.18866033095743,,,,unknown,only_C1_C2_scored_C_stay_unverified,0.0348254902205212,178,1378.3007703855842,6.053835491309541,2.033426818894198,100.0,residual_candidate_min10_cafe_min50_total,,0.0,0.0,0,3,primary_unverified_candidate,validation_only_not_added,,,,incomplete_stay_evidence_and_walk_network,44.38411507464275,not_computed_missing_graph_and_runtime,cafe_draft_2025q4_observed_sales_study_unverified_2026poi
3110121,한양대역 4번,골목상권,accessible_official_786,non_tourism_observed_subset_if_ranked,True,,3.0,1.0,,True,False,insufficient,partial_or_unusable_sales,66.16231086657496,61.282649253731336,53.61510791956819,,,,unknown,only_C1_C2_scored_C_stay_unverified,0.0292445831859834,51,136.77746660164934,1.7607560742697683,0.4952061858331986,,below_residual_ranking_support,,2.0,2.0,0,0,primary_unverified_candidate,validation_only_not_added,,,,incomplete_stay_evidence_and_walk_network,69.75826972010178,not_computed_missing_graph_and_runtime,cafe_draft_2025q4_observed_sales_study_unverified_2026poi
3110122,마장역 2번,골목상권,accessible_official_786,non_tourism_observed_subset_if_ranked,True,,4.0,0.0,2.0,True,False,insufficient,partial_or_unusable_sales,20.192572214580466,0.0,28.4186058159788,,,,unknown,only_C1_C2_scored_C_stay_unverified,0.0802735686412854,196,49.829602292562896,0.4581559172844805,-0.6873696648940018,,below_residual_ranking_support,,0.0,0.0,0,2,primary_unverified_candidate,validation_only_not_added,,,,incomplete_stay_evidence_and_walk_network,34.9013124159483,not_computed_missing_graph_and_runtime,cafe_draft_2025q4_observed_sales_study_unverified_2026poi
3110123,마장역 3번,골목상권,accessible_official_786,non_tourism_observed_subset_if_ranked,True,,2.0,1.0,2.0,False,False,supply_only,no_cafe_sales_rows,4.133425034387895,9.421641791044776,,,,5.719890061384959,unknown,only_C1_C2_scored_C_stay_unverified,0.1694240348071145,142,17.707050852704775,0.474288167893089,-1.084797420529853,,below_residual_ranking_support,,0.0,1.0,1,3,primary_unverified_candidate,validation_only_not_added,,,,incomplete_stay_evidence_and_walk_network,40.77433926830206,not_computed_missing_graph_and_runtime,cafe_draft_2025q4_observed_sales_study_unverified_2026poi
3110124,뚝섬역교차로,골목상권,accessible_official_786,non_tourism_observed_subset_if_ranked,True,,10.0,5.0,4.0,True,False,insufficient,partial_or_unusable_sales,67.37964236588721,84.25373134328358,66.53127374951399,,,,unknown,only_C1_C2_scored_C_stay_unverified,0.0795354395863287,203,188.595173145662,1.6588403901679472,0.4613287085620912,69.41896024464832,residual_candidate_min10_cafe_min50_total,,0.0,0.0,1,2,primary_unverified_candidate,validation_only_not_added,,,,incomplete_stay_evidence_and_walk_network,49.67974277792727,not_computed_missing_graph_and_runtime,cafe_draft_2025q4_observed_sales_study_unverified_2026poi
3110125,사근동살곶이상점가,골목상권,accessible_official_786,non_tourism_observed_subset_if_ranked,True,,12.0,2.0,3.0,True,True,complete,both_cafe_industries_sales_observed,68.02269601100413,37.46735074626866,70.29109833537304,33.85872446975648,59.36138617568807,,C1_coffee,only_C1_C2_scored_C_stay_unverified,0.1288246237584656,112,108.67487590143264,2.806204993367444,0.4902445812368854,71.25382262996942,residual_candidate_min10_cafe_min50_total,68.03979731455821,2.0,2.0,1,1,primary_unverified_candidate,validation_only_not_added,,,,incomplete_stay_evidence_and_walk_network,67.47409710526131,not_computed_missing_graph_and_runtime,cafe_draft_2025q4_observed_sales_study_unverified_2026poi
3110126,서울숲역 1번,골목상권,accessible_official_786,non_tourism_observed_subset_if_ranked,True,,8.0,1.0,1.0,True,False,insufficient,partial_or_unusable_sales,98.2634112792297,74.1464552238806,85.35649420445233,,,,unknown,only_C1_C2_scored_C_stay_unverified,0.0185164297625411,55,450.0,3.673577445862835,1.324678049483487,,below_residual_ranking_support,,0.0,0.0,1,3,primary_unverified_candidate,validation_only_not_added,,,,incomplete_stay_evidence_and_walk_network,60.26826760728744,not_computed_missing_graph_and_runtime,cafe_draft_2025q4_observed_sales_study_unverified_2026poi
3110127,성수1가1동주민센터,골목상권,accessible_official_786,non_tourism_observed_subset_if_ranked,True,,8.0,1.0,2.0,True,False,insufficient,partial_or_unusable_sales,83.55226960110042,34.16044776119403,79.0455057600152,,,,unknown,only_C1_C2_scored_C_stay_unverified,0.0387448903202353,134,232.2886947314332,1.507811638227283,0.5461269219539466,,below_residual_ranking_support,,0.0,0.0,1,2,primary_unverified_candidate,validation_only_not_added,,,,incomplete_stay_evidence_and_walk_network,55.46522910307631,not_computed_missing_graph_and_runtime,cafe_draft_2025q4_observed_sales_study_unverified_2026poi
3110128,성원중학교,골목상권,accessible_official_786,non_tourism_observed_subset_if_ranked,True,,22.0,12.0,8.0,True,True,complete,both_cafe_industries_sales_observed,53.0261348005502,75.53171641791045,46.16290439515911,60.40509622937941,50.43556194542519,,C2_bakery,only_C1_C2_scored_C_stay_unverified,0.2471513793541441,515,137.56751060361785,1.482112151836786,0.2207646084495302,44.03669724770643,residual_candidate_min10_cafe_min50_total,39.416783518788904,0.0,1.0,0,2,primary_unverified_candidate,validation_only_not_added,,,,incomplete_stay_evidence_and_walk_network,35.19224740951441,not_computed_missing_graph_and_runtime,cafe_draft_2025q4_observed_sales_study_unverified_2026poi
3110129,성원어린이공원,골목상권,accessible_official_786,non_tourism_observed_subset_if_ranked,True,,13.0,3.0,3.0,True,False,insufficient,partial_or_unusable_sales,81.31361760660248,63.54011194029851,66.22857355661378,,,,unknown,only_C1_C2_scored_C_stay_unverified,0.0706389164911968,214,226.5040404745444,1.678477753042209,0.5487487243359883,74.31192660550458,residual_candidate_min10_cafe_min50_total,,0.0,0.0,0,2,primary_unverified_candidate,validation_only_not_added,,,,incomplete_stay_evidence_and_walk_network,40.91591201540263,not_computed_missing_graph_and_runtime,cafe_draft_2025q4_observed_sales_study_unverified_2026poi
3110130,답십리역 6번,골목상권,accessible_official_786,non_tourism_observed_subset_if_ranked,True,,2.0,0.0,,False,False,supply_only,no_cafe_sales_rows,30.484869325997245,0.0,,,,21.33940852819807,unknown,only_C1_C2_scored_C_stay_unverified,0.0430325570349778,49,46.47643871997559,0.916311834568961,-0.1735818560924702,,below_residual_ranking_support,,0.0,0.0,0,2,primary_unverified_candidate,validation_only_not_added,,,,incomplete_stay_evidence_and_walk_network,35.516120995752665,not_computed_missing_graph_and_runtime,cafe_draft_2025q4_observed_sales_study_unverified_2026poi
3110131,성수동카페거리,골목상권,accessible_official_786,non_tourism_observed_subset_if_ranked,True,,40.0,13.0,18.0,True,True,complete,both_cafe_industries_sales_observed,90.91471801925724,90.9608208955224,84.38779391998776,74.79099567949724,81.5087544478406,,C1_coffee,only_C1_C2_scored_C_stay_unverified,0.1317646576062157,569,402.232290227572,2.0910912428608013,0.892489734418735,90.21406727828746,residual_candidate_min10_cafe_min50_total,81.00861732514608,0.0,0.0,0,3,primary_unverified_candidate,validation_only_not_added,,,,incomplete_stay_evidence_and_walk_network,42.784815545816045,not_computed_missing_graph_and_runtime,cafe_draft_2025q4_observed_sales_study_unverified_2026poi
3110132,성수2가3동주민센터,골목상권,accessible_official_786,non_tourism_observed_subset_if_ranked,True,,18.0,4.0,1.0,True,True,complete,both_cafe_industries_sales_observed,92.5515818431912,81.99160447761194,83.14259015163474,65.53557050274941,77.86048425696913,,C1_coffee,only_C1_C2_scored_C_stay_unverified,0.0763918799902144,146,287.9887234457136,3.382822457758014,1.0187351477400743,95.71865443425077,residual_candidate_min10_cafe_min50_total,82.29503031748246,0.0,1.0,1,0,primary_unverified_candidate,validation_only_not_added,,,,incomplete_stay_evidence_and_walk_network,58.32542466130253,not_computed_missing_graph_and_runtime,cafe_draft_2025q4_observed_sales_study_unverified_2026poi
3110133,서울교통공사,골목상권,accessible_official_786,non_tourism_observed_subset_if_ranked,True,,3.0,1.0,,True,False,insufficient,partial_or_unusable_sales,26.32049518569464,26.991604477611936,33.39704906416409,,,,unknown,only_C1_C2_scored_C_stay_unverified,0.0801261612688167,73,49.92127336014922,1.2301172573665506,-0.1611852818635715,,below_residual_ranking_support,,0.0,0.0,0,0,primary_unverified_candidate,validation_only_not_added,,,,incomplete_stay_evidence_and_walk_network,31.63804071246819,not_computed_missing_graph_and_runtime,cafe_draft_2025q4_observed_sales_study_unverified_2026poi
3110134,성수119안전센터,골목상권,accessible_official_786,non_tourism_observed_subset_if_ranked,True,,18.0,5.0,15.0,True,False,insufficient,partial_or_unusable_sales,56.38927097661623,46.38059701492537,56.693304388052624,,,,unknown,only_C1_C2_scored_C_stay_unverified,0.2226564474090304,303,103.29815402896423,1.70409808178089,0.1757032245598702,40.67278287461774,residual_candidate_min10_cafe_min50_total,,0.0,1.0,0,1,primary_unverified_candidate,validation_only_not_added,,,,incomplete_stay_evidence_and_walk_network,31.76011764819706,not_computed_missing_graph_and_runtime,cafe_draft_2025q4_observed_sales_study_unverified_2026poi
3110135,성동세무서,골목상권,accessible_official_786,non_tourism_observed_subset_if_ranked,True,,10.0,0.0,1.0,True,False,insufficient,partial_or_unusable_sales,54.56671251719395,0.0,47.5238969736602,,,,unknown,only_C1_C2_scored_C_stay_unverified,0.1366573738102531,161,73.17570740006217,1.3943875743440712,-0.0405251651685532,23.853211009174313,residual_candidate_min10_cafe_min50_total,,0.0,1.0,0,3,primary_unverified_candidate,validation_only_not_added,,,,incomplete_stay_evidence_and_walk_network,35.82885380083011,not_computed_missing_graph_and_runtime,cafe_draft_2025q4_observed_sales_study_unverified_2026poi
3110136,경수초등학교,골목상권,accessible_official_786,non_tourism_observed_subset_if_ranked,True,,48.0,14.0,9.0,True,False,insufficient,partial_or_unusable_sales,86.74002751031637,83.08768656716417,79.27149665414147,,,,unknown,only_C1_C2_scored_C_stay_unverified,0.2604293531536957,529,238.06840223348368,2.631148727240552,0.769936838511704,85.01529051987767,residual_candidate_min10_cafe_min50_total,,0.0,1.0,0,2,primary_unverified_candidate,validation_only_not_added,,,,incomplete_stay_evidence_and_walk_network,44.4609854971507,not_computed_missing_graph_and_runtime,cafe_draft_2025q4_observed_sales_study_unverified_2026poi
3110137,성수초등학교,골목상권,accessible_official_786,non_tourism_observed_subset_if_ranked,True,,41.0,6.0,4.0,True,False,insufficient,partial_or_unusable_sales,72.11829436038514,29.370335820895527,74.19140019037192,,,,unknown,only_C1_C2_scored_C_stay_unverified,0.3307299607080388,640,142.10989503152567,1.6486454336033731,0.2852356143951016,51.98776758409785,residual_candidate_min10_cafe_min50_total,,0.0,0.0,0,5,primary_unverified_candidate,validation_only_not_added,,,,incomplete_stay_evidence_and_walk_network,42.916560241488405,not_computed_missing_graph_and_runtime,cafe_draft_2025q4_observed_sales_study_unverified_2026poi
3110138,송정체육공원,골목상권,accessible_official_786,non_tourism_observed_subset_if_ranked,True,,9.0,4.0,1.0,True,False,insufficient,partial_or_unusable_sales,56.56121045392022,68.69402985074628,54.643344088732725,,,,unknown,only_C1_C2_scored_C_stay_unverified,0.1019957666475365,176,127.45627026780124,1.6582120415353077,0.2886998779600795,52.59938837920489,residual_candidate_min10_cafe_min50_total,,0.0,2.0,0,3,primary_unverified_candidate,validation_only_not_added,,,,incomplete_stay_evidence_and_walk_network,41.39977650712565,not_computed_missing_graph_and_runtime,cafe_draft_2025q4_observed_sales_study_unverified_2026poi
3110139,자양4동주민센터,골목상권,accessible_official_786,non_tourism_observed_subset_if_ranked,True,,22.0,1.0,12.0,False,False,supply_only,no_cafe_sales_rows,78.00550206327372,3.563432835820896,,,,55.67288129503788,unknown,only_C1_C2_scored_C_stay_unverified,0.1557416682020164,299,147.6804522869636,1.7268953805338114,0.3484536926721211,57.798165137614674,residual_candidate_min10_cafe_min50_total,,0.0,2.0,1,0,primary_unverified_candidate,validation_only_not_added,,,,incomplete_stay_evidence_and_walk_network,47.72302455126883,not_computed_missing_graph_and_runtime,cafe_draft_2025q4_observed_sales_study_unverified_2026poi
3110140,건대입구역 6번,골목상권,accessible_official_786,non_tourism_observed_subset_if_ranked,True,,14.0,3.0,13.0,True,False,insufficient,partial_or_unusable_sales,45.19601100412655,23.71268656716418,42.75787337601327,,,,unknown,only_C1_C2_scored_C_stay_unverified,0.1796089177476753,392,94.65008872155532,0.9735813242295212,-0.1501819324743145,16.207951070336392,residual_candidate_min10_cafe_min50_total,,0.0,2.0,1,1,primary_unverified_candidate,validation_only_not_added,,,,incomplete_stay_evidence_and_walk_network,44.47131985263643,not_computed_missing_graph_and_runtime,cafe_draft_2025q4_observed_sales_study_unverified_2026poi
3110141,건대입구역 1번,골목상권,accessible_official_786,non_tourism_observed_subset_if_ranked,True,,7.0,3.0,17.0,True,False,insufficient,partial_or_unusable_sales,62.84731774415405,71.15671641791046,57.422854164574005,,,,unknown,only_C1_C2_scored_C_stay_unverified,0.0674066913657297,143,148.35322424806196,1.569904891394374,0.3501888337324663,58.103975535168196,residual_candidate_min10_cafe_min50_total,,0.0,0.0,0,3,primary_unverified_candidate,validation_only_not_added,,,,incomplete_stay_evidence_and_walk_network,39.045557232558366,not_computed_missing_graph_and_runtime,cafe_draft_2025q4_observed_sales_study_unverified_2026poi
3110142,화양사거리,골목상권,accessible_official_786,non_tourism_observed_subset_if_ranked,True,,18.0,1.0,12.0,True,False,insufficient,partial_or_unusable_sales,79.29160935350757,5.704291044776119,68.20385332341158,,,,unknown,only_C1_C2_scored_C_stay_unverified,0.1168029272855529,264,162.66715605123423,1.6156937840600434,0.3660229385153881,60.550458715596335,residual_candidate_min10_cafe_min50_total,,0.0,2.0,1,2,primary_unverified_candidate,validation_only_not_added,,,,incomplete_stay_evidence_and_walk_network,55.35791441166881,not_computed_missing_graph_and_runtime,cafe_draft_2025q4_observed_sales_study_unverified_2026poi
3110143,뚝섬유원지역 1번,골목상권,accessible_official_786,non_tourism_observed_subset_if_ranked,True,,2.0,0.0,,False,False,supply_only,no_cafe_sales_rows,67.9573590096286,0.0,,,,47.57015130674002,unknown,only_C1_C2_scored_C_stay_unverified,0.008055172250296,27,100.0,1.6629362923658924,0.4925962086563218,,below_residual_ranking_support,,0.0,1.0,0,2,primary_unverified_candidate,validation_only_not_added,,,,incomplete_stay_evidence_and_walk_network,52.99395795237957,not_computed_missing_graph_and_runtime,cafe_draft_2025q4_observed_sales_study_unverified_2026poi
3110144,어린이대공원역 4번,골목상권,accessible_official_786,non_tourism_observed_subset_if_ranked,True,,6.0,3.0,4.0,True,False,insufficient,partial_or_unusable_sales,76.10729023383769,89.05783582089552,58.0479546291608,,,,unknown,only_C1_C2_scored_C_stay_unverified,0.0427967201515514,89,210.2964892666838,2.2701883092410777,0.7175753369640712,,below_residual_ranking_support,,1.0,1.0,1,2,primary_unverified_candidate,validation_only_not_added,,,,incomplete_stay_evidence_and_walk_network,78.04499836962904,not_computed_missing_graph_and_runtime,cafe_draft_2025q4_observed_sales_study_unverified_2026poi
3110145,장안초등학교,골목상권,accessible_official_786,non_tourism_observed_subset_if_ranked,True,,2.0,4.0,2.0,True,False,insufficient,partial_or_unusable_sales,65.57427785419532,99.75746268656717,59.90460254562673,,,,unknown,only_C1_C2_scored_C_stay_unverified,0.0149446169156735,31,300.0,4.3450916026334605,1.2682511053942318,,below_residual_ranking_support,,0.0,2.0,0,2,primary_unverified_candidate,validation_only_not_added,,,,incomplete_stay_evidence_and_walk_network,50.47932932787663,not_computed_missing_graph_and_runtime,cafe_draft_2025q4_observed_sales_study_unverified_2026poi
3110146,신자초등학교,골목상권,accessible_official_786,non_tourism_observed_subset_if_ranked,True,,13.0,1.0,3.0,True,False,insufficient,partial_or_unusable_sales,72.08734525447043,8.442164179104477,60.12656641732453,,,,unknown,only_C1_C2_scored_C_stay_unverified,0.1068033262394303,197,131.08205982850183,1.5954058845540795,0.2761944822935631,50.15290519877675,residual_candidate_min10_cafe_min50_total,,0.0,2.0,0,4,primary_unverified_candidate,validation_only_not_added,,,,incomplete_stay_evidence_and_walk_network,45.1781944484757,not_computed_missing_graph_and_runtime,cafe_draft_2025q4_observed_sales_study_unverified_2026poi
3110147,능동우편취급국,골목상권,accessible_official_786,non_tourism_observed_subset_if_ranked,True,,10.0,1.0,6.0,True,False,insufficient,partial_or_unusable_sales,45.63617606602476,6.119402985074626,42.52361435401664,,,,unknown,only_C1_C2_scored_C_stay_unverified,0.1569084864495397,202,70.10455743282883,1.222505145625421,-0.1385984104155473,18.04281345565749,residual_candidate_min10_cafe_min50_total,,0.0,0.0,1,0,primary_unverified_candidate,validation_only_not_added,,,,incomplete_stay_evidence_and_walk_network,36.66819682277698,not_computed_missing_graph_and_runtime,cafe_draft_2025q4_observed_sales_study_unverified_2026poi
3110148,어린이대공원역 3번,골목상권,accessible_official_786,non_tourism_observed_subset_if_ranked,True,,9.0,0.0,3.0,True,False,insufficient,partial_or_unusable_sales,88.44910591471802,0.0,80.09899907820623,,,,unknown,only_C1_C2_scored_C_stay_unverified,0.0457219271775131,95,196.84209646408712,2.1268079949732206,0.6523084721565975,,below_residual_ranking_support,,0.0,0.0,0,1,primary_unverified_candidate,validation_only_not_added,,,,incomplete_stay_evidence_and_walk_network,40.18193626099324,not_computed_missing_graph_and_runtime,cafe_draft_2025q4_observed_sales_study_unverified_2026poi
3110149,세종대학교,골목상권,accessible_official_786,non_tourism_observed_subset_if_ranked,True,,3.0,0.0,,False,False,supply_only,no_cafe_sales_rows,52.55845942228336,0.0,,,,36.79092159559835,unknown,only_C1_C2_scored_C_stay_unverified,0.0459213861440778,44,65.32903842639976,1.5306572691095146,0.1405179672976217,,below_residual_ranking_support,,0.0,0.0,0,2,primary_unverified_candidate,validation_only_not_added,,,,incomplete_stay_evidence_and_walk_network,39.9566148085798,not_computed_missing_graph_and_runtime,cafe_draft_2025q4_observed_sales_study_unverified_2026poi
3110150,중곡1동 마을마당,골목상권,accessible_official_786,non_tourism_observed_subset_if_ranked,True,,15.0,2.0,16.0,True,False,insufficient,partial_or_unusable_sales,61.71939477303989,17.21082089552239,55.69061061832613,,,,unknown,only_C1_C2_scored_C_stay_unverified,0.1593880026837776,251,106.65796492680592,1.5204935422229973,0.143591551314727,37.920489296636084,residual_candidate_min10_cafe_min50_total,,1.0,1.0,0,2,primary_unverified_candidate,validation_only_not_added,,,,incomplete_stay_evidence_and_walk_network,52.331640205497344,not_computed_missing_graph_and_runtime,cafe_draft_2025q4_observed_sales_study_unverified_2026poi
3110151,자양한강도서관,골목상권,accessible_official_786,non_tourism_observed_subset_if_ranked,True,,7.0,0.0,9.0,True,False,insufficient,partial_or_unusable_sales,35.52269601100413,0.0,37.86484398862688,,,,unknown,only_C1_C2_scored_C_stay_unverified,0.1074913577474804,239,65.12151438671431,0.6575208352660119,-0.4586024092044698,,below_residual_ranking_support,,0.0,1.0,0,4,primary_unverified_candidate,validation_only_not_added,,,,incomplete_stay_evidence_and_walk_network,34.514130361168355,not_computed_missing_graph_and_runtime,cafe_draft_2025q4_observed_sales_study_unverified_2026poi
3110152,중곡어린이공원,골목상권,accessible_official_786,non_tourism_observed_subset_if_ranked,True,,3.0,0.0,1.0,True,False,insufficient,partial_or_unusable_sales,34.697386519944985,0.0,24.46549296833307,,,,unknown,only_C1_C2_scored_C_stay_unverified,0.0507666361216236,93,59.09392918634167,0.7241819337722435,-0.3011897005595372,,below_residual_ranking_support,,0.0,0.0,0,2,primary_unverified_candidate,validation_only_not_added,,,,incomplete_stay_evidence_and_walk_network,32.85532706392283,not_computed_missing_graph_and_runtime,cafe_draft_2025q4_observed_sales_study_unverified_2026poi
3110153,중곡1동주민센터,골목상권,accessible_official_786,non_tourism_observed_subset_if_ranked,True,,5.0,2.0,5.0,False,False,supply_only,no_cafe_sales_rows,61.96698762035764,69.33768656716418,,,,64.1781973043996,unknown,only_C1_C2_scored_C_stay_unverified,0.0500298256656206,90,139.91653792250264,1.7460831069841871,0.416135170756241,,below_residual_ranking_support,,0.0,0.0,1,1,primary_unverified_candidate,validation_only_not_added,,,,incomplete_stay_evidence_and_walk_network,49.58881619116577,not_computed_missing_graph_and_runtime,cafe_draft_2025q4_observed_sales_study_unverified_2026poi
3110154,광진정말공원,골목상권,accessible_official_786,non_tourism_observed_subset_if_ranked,True,,10.0,2.0,5.0,True,False,insufficient,partial_or_unusable_sales,54.98624484181568,28.84794776119403,52.20408226855562,,,,unknown,only_C1_C2_scored_C_stay_unverified,0.1020234555142221,243,117.620011393627,1.1086241949105948,0.0422315887709925,29.66360856269113,residual_candidate_min10_cafe_min50_total,,0.0,2.0,0,6,primary_unverified_candidate,validation_only_not_added,,,,incomplete_stay_evidence_and_walk_network,42.58169583684053,not_computed_missing_graph_and_runtime,cafe_draft_2025q4_observed_sales_study_unverified_2026poi
3110155,광진구청,골목상권,accessible_official_786,non_tourism_observed_subset_if_ranked,True,,10.0,1.0,2.0,True,False,insufficient,partial_or_unusable_sales,68.94085281980743,12.40205223880597,68.00310765444145,,,,unknown,only_C1_C2_scored_C_stay_unverified,0.0972394220594485,145,113.12284428505774,1.7030761339057587,0.259984541807984,48.01223241590214,residual_candidate_min10_cafe_min50_total,,1.0,0.0,0,3,primary_unverified_candidate,validation_only_not_added,,,,incomplete_stay_evidence_and_walk_network,50.86444092918856,not_computed_missing_graph_and_runtime,cafe_draft_2025q4_observed_sales_study_unverified_2026poi
3110156,군자역 5번,골목상권,accessible_official_786,non_tourism_observed_subset_if_ranked,True,,9.0,2.0,2.0,True,False,insufficient,partial_or_unusable_sales,44.09559834938102,23.94589552238806,40.39747026036403,,,,unknown,only_C1_C2_scored_C_stay_unverified,0.1535782110607594,171,71.62474366658773,1.444128885475643,-0.0397481583742842,24.159021406727827,residual_candidate_min10_cafe_min50_total,,0.0,1.0,1,1,primary_unverified_candidate,validation_only_not_added,,,,incomplete_stay_evidence_and_walk_network,41.92083208800186,not_computed_missing_graph_and_runtime,cafe_draft_2025q4_observed_sales_study_unverified_2026poi
3110157,자양동우체국,골목상권,accessible_official_786,non_tourism_observed_subset_if_ranked,True,,8.0,2.0,9.0,True,True,complete,both_cafe_industries_sales_observed,42.283356258596974,27.462686567164177,41.90436030997963,37.05282796543597,40.44890060661653,,C1_coffee,only_C1_C2_scored_C_stay_unverified,0.1150692315441545,221,86.90420424127703,1.0158208120787129,-0.1298907576025518,18.654434250764528,residual_candidate_min10_cafe_min50_total,27.02099583633471,1.0,0.0,0,4,primary_unverified_candidate,validation_only_not_added,,,,incomplete_stay_evidence_and_walk_network,42.21231581187899,not_computed_missing_graph_and_runtime,cafe_draft_2025q4_observed_sales_study_unverified_2026poi
3110158,중곡3동주민센터,골목상권,accessible_official_786,non_tourism_observed_subset_if_ranked,True,,6.0,2.0,20.0,True,False,insufficient,partial_or_unusable_sales,14.621733149931224,15.307835820895525,19.98764738279587,,,,unknown,only_C1_C2_scored_C_stay_unverified,0.1666707615233718,267,47.99882071024306,0.6726483879232824,-0.6032884853956761,,below_residual_ranking_support,,0.0,2.0,1,1,primary_unverified_candidate,validation_only_not_added,,,,incomplete_stay_evidence_and_walk_network,41.56423269407625,not_computed_missing_graph_and_runtime,cafe_draft_2025q4_observed_sales_study_unverified_2026poi
3110159,구의역 4번,골목상권,accessible_official_786,non_tourism_observed_subset_if_ranked,True,,13.0,3.0,8.0,True,False,insufficient,partial_or_unusable_sales,35.23383768913343,18.073694029850746,40.64349264170785,,,,unknown,only_C1_C2_scored_C_stay_unverified,0.2107335010857079,418,75.9252796426165,0.8593163616053415,-0.3157726142486128,9.480122324159021,residual_candidate_min10_cafe_min50_total,,1.0,4.0,1,3,primary_unverified_candidate,validation_only_not_added,,,,incomplete_stay_evidence_and_walk_network,54.3284754292504,not_computed_missing_graph_and_runtime,cafe_draft_2025q4_observed_sales_study_unverified_2026poi
3110160,광진경찰서,골목상권,accessible_official_786,non_tourism_observed_subset_if_ranked,True,,3.0,1.0,0.0,False,False,supply_only,no_cafe_sales_rows,44.9312242090784,43.69402985074628,,,,44.56006590157876,unknown,only_C1_C2_scored_C_stay_unverified,0.0478112010114906,61,83.66240369152553,1.4721075375042327,0.1730306216770996,,below_residual_ranking_support,,0.0,1.0,0,1,primary_unverified_candidate,validation_only_not_added,,,,incomplete_stay_evidence_and_walk_network,37.98826420534255,not_computed_missing_graph_and_runtime,cafe_draft_2025q4_observed_sales_study_unverified_2026poi
3110161,중곡역 3번,골목상권,accessible_official_786,non_tourism_observed_subset_if_ranked,True,,7.0,5.0,10.0,True,True,complete,both_cafe_industries_sales_observed,22.43466299862448,60.9794776119403,33.09042902700534,67.71852906520031,43.47885903846383,,C2_bakery,only_C1_C2_scored_C_stay_unverified,0.141791898842042,276,84.63106917954569,0.97607130204085,-0.1783675196987508,14.984709480122325,residual_candidate_min10_cafe_min50_total,30.169480506716003,0.0,1.0,1,2,primary_unverified_candidate,validation_only_not_added,,,,incomplete_stay_evidence_and_walk_network,43.9020894897161,not_computed_missing_graph_and_runtime,cafe_draft_2025q4_observed_sales_study_unverified_2026poi
3110162,군자역 4번,골목상권,accessible_official_786,non_tourism_observed_subset_if_ranked,True,,5.0,3.0,2.0,True,True,complete,both_cafe_industries_sales_observed,40.925034387895465,69.44496268656717,39.316823624432935,62.42726335428122,46.24995554338742,,C2_bakery,only_C1_C2_scored_C_stay_unverified,0.0708905446313285,150,112.8500287535466,1.1973141305034427,0.1006976672151211,,below_residual_ranking_support,,0.0,1.0,0,4,primary_unverified_candidate,validation_only_not_added,,,,incomplete_stay_evidence_and_walk_network,42.40386903898064,not_computed_missing_graph_and_runtime,cafe_draft_2025q4_observed_sales_study_unverified_2026poi
3110163,성자초등학교,골목상권,accessible_official_786,non_tourism_observed_subset_if_ranked,True,,8.0,2.0,4.0,True,False,insufficient,partial_or_unusable_sales,65.23383768913344,45.7929104477612,59.343442964609,,,,unknown,only_C1_C2_scored_C_stay_unverified,0.0664317492980598,173,150.5304331989352,1.2976670489560431,0.2554075123485075,47.09480122324159,residual_candidate_min10_cafe_min50_total,,0.0,2.0,0,2,primary_unverified_candidate,validation_only_not_added,,,,incomplete_stay_evidence_and_walk_network,44.11204152516956,not_computed_missing_graph_and_runtime,cafe_draft_2025q4_observed_sales_study_unverified_2026poi
3110164,아차산역 5번,골목상권,accessible_official_786,non_tourism_observed_subset_if_ranked,True,,3.0,1.0,,False,False,supply_only,no_cafe_sales_rows,24.46354883081155,24.673507462686565,,,,24.52653642037405,unknown,only_C1_C2_scored_C_stay_unverified,0.0849842193221789,76,47.06756185917088,1.1815599972073445,-0.2097858787414721,,below_residual_ranking_support,,0.0,1.0,0,3,primary_unverified_candidate,validation_only_not_added,,,,incomplete_stay_evidence_and_walk_network,36.6848750471657,not_computed_missing_graph_and_runtime,cafe_draft_2025q4_observed_sales_study_unverified_2026poi
3110165,국립정신건강센터,골목상권,accessible_official_786,non_tourism_observed_subset_if_ranked,True,,5.0,0.0,4.0,True,False,insufficient,partial_or_unusable_sales,30.77372764786795,0.0,31.86687015827657,,,,unknown,only_C1_C2_scored_C_stay_unverified,0.0956135630542434,162,52.293836149202015,0.6928901218191218,-0.4844433299006065,,below_residual_ranking_support,,2.0,4.0,0,6,primary_unverified_candidate,validation_only_not_added,,,,incomplete_stay_evidence_and_walk_network,59.5700132547722,not_computed_missing_graph_and_runtime,cafe_draft_2025q4_observed_sales_study_unverified_2026poi
3110166,구의1동주민센터,골목상권,accessible_official_786,non_tourism_observed_subset_if_ranked,True,,18.0,5.0,11.0,True,True,complete,both_cafe_industries_sales_observed,71.97730398899587,61.315298507462686,63.47899605111479,50.65097211311861,59.630588869715936,,C1_coffee,only_C1_C2_scored_C_stay_unverified,0.1315184451548985,327,174.88041295585032,1.579026662934586,0.3789223410660711,61.773700305810394,residual_candidate_min10_cafe_min50_total,54.727087442608074,1.0,1.0,1,1,primary_unverified_candidate,validation_only_not_added,,,,incomplete_stay_evidence_and_walk_network,62.11086130393593,not_computed_missing_graph_and_runtime,cafe_draft_2025q4_observed_sales_study_unverified_2026poi
3110167,용마초등학교,골목상권,accessible_official_786,non_tourism_observed_subset_if_ranked,True,,10.0,2.0,10.0,True,True,complete,both_cafe_industries_sales_observed,40.58115543328748,16.87966417910448,31.938626985119413,31.22365966221524,31.72413678824816,,C1_coffee,only_C1_C2_scored_C_stay_unverified,0.1542352283240312,264,77.80323685059372,1.020438179406343,-0.1935889789926617,14.37308868501529,residual_candidate_min10_cafe_min50_total,18.35580322783606,0.0,1.0,1,7,primary_unverified_candidate,validation_only_not_added,,,,incomplete_stay_evidence_and_walk_network,44.69441644355295,not_computed_missing_graph_and_runtime,cafe_draft_2025q4_observed_sales_study_unverified_2026poi
3110168,대원고등학교,골목상권,accessible_official_786,non_tourism_observed_subset_if_ranked,True,,4.0,1.0,0.0,True,False,insufficient,partial_or_unusable_sales,40.43328748280605,25.90951492537313,35.142620661709884,,,,unknown,only_C1_C2_scored_C_stay_unverified,0.0584688645314084,116,85.51559945745298,0.9676568942646356,-0.0786204641608241,,below_residual_ranking_support,,0.0,4.0,2,3,primary_unverified_candidate,validation_only_not_added,,,,incomplete_stay_evidence_and_walk_network,60.66501550748205,not_computed_missing_graph_and_runtime,cafe_draft_2025q4_observed_sales_study_unverified_2026poi
3110169,성동초등학교,골목상권,accessible_official_786,non_tourism_observed_subset_if_ranked,True,,4.0,3.0,1.0,True,True,complete,both_cafe_industries_sales_observed,32.64786795048143,70.49440298507463,35.98656767462661,56.45134524744698,42.12600094647272,,C2_bakery,only_C1_C2_scored_C_stay_unverified,0.0754421216233291,119,92.786361907343,1.3205670557023264,0.0773631576089104,,below_residual_ranking_support,,0.0,1.0,0,3,primary_unverified_candidate,validation_only_not_added,,,,incomplete_stay_evidence_and_walk_network,38.44872241411005,not_computed_missing_graph_and_runtime,cafe_draft_2025q4_observed_sales_study_unverified_2026poi
3110170,동대부여고,골목상권,accessible_official_786,non_tourism_observed_subset_if_ranked,True,,6.0,4.0,5.0,True,False,insufficient,partial_or_unusable_sales,24.026822558459425,58.94589552238806,30.432064414865955,,,,unknown,only_C1_C2_scored_C_stay_unverified,0.1206341565886115,219,82.89526186270906,1.0250977144721254,-0.1469223550574718,16.819571865443425,residual_candidate_min10_cafe_min50_total,,0.0,0.0,1,2,primary_unverified_candidate,validation_only_not_added,,,,incomplete_stay_evidence_and_walk_network,39.07422417483225,not_computed_missing_graph_and_runtime,cafe_draft_2025q4_observed_sales_study_unverified_2026poi
3110171,중곡4동주민센터,골목상권,accessible_official_786,non_tourism_observed_subset_if_ranked,True,,0.0,0.0,1.0,False,False,supply_only,no_cafe_sales_rows,0.0,0.0,,,,0.0,unknown,only_C1_C2_scored_C_stay_unverified,0.0478417862548132,29,0.0,0.0,-1.047220124258257,,below_residual_ranking_support,,0.0,0.0,1,3,primary_unverified_candidate,validation_only_not_added,,,,incomplete_stay_evidence_and_walk_network,41.06895913560791,not_computed_missing_graph_and_runtime,cafe_draft_2025q4_observed_sales_study_unverified_2026poi
3110172,광진초등학교,골목상권,accessible_official_786,non_tourism_observed_subset_if_ranked,True,,7.0,2.0,,False,False,supply_only,no_cafe_sales_rows,50.27510316368638,41.52985074626866,,,,47.65152743846106,unknown,only_C1_C2_scored_C_stay_unverified,0.0954251727814094,141,94.31473622391351,1.4329557412940137,0.1012955515488389,,below_residual_ranking_support,,0.0,1.0,0,2,primary_unverified_candidate,validation_only_not_added,,,,incomplete_stay_evidence_and_walk_network,45.03785350090461,not_computed_missing_graph_and_runtime,cafe_draft_2025q4_observed_sales_study_unverified_2026poi
3110173,구남초등학교,골목상권,accessible_official_786,non_tourism_observed_subset_if_ranked,True,,4.0,0.0,,True,False,insufficient,partial_or_unusable_sales,51.85006877579093,0.0,54.63252951414158,,,,unknown,only_C1_C2_scored_C_stay_unverified,0.0492291862831634,85,81.252612565892,1.056453644561861,-0.0160718796303516,,below_residual_ranking_support,,1.0,0.0,0,2,primary_unverified_candidate,validation_only_not_added,,,,incomplete_stay_evidence_and_walk_network,51.35763939279599,not_computed_missing_graph_and_runtime,cafe_draft_2025q4_observed_sales_study_unverified_2026poi
3110174,아차산역 1번,골목상권,accessible_official_786,non_tourism_observed_subset_if_ranked,True,,7.0,6.0,7.0,True,True,complete,both_cafe_industries_sales_observed,38.33562585969739,84.01119402985076,43.10187799249855,70.35388845247448,51.27748113049133,,C2_bakery,only_C1_C2_scored_C_stay_unverified,0.1033789055819646,221,125.75099268866676,1.3205670557023264,0.1609198589898715,39.44954128440367,residual_candidate_min10_cafe_min50_total,42.46535261205353,1.0,1.0,0,6,primary_unverified_candidate,validation_only_not_added,,,,incomplete_stay_evidence_and_walk_network,53.44310606720266,not_computed_missing_graph_and_runtime,cafe_draft_2025q4_observed_sales_study_unverified_2026poi
3110175,푸른동산공원,골목상권,accessible_official_786,non_tourism_observed_subset_if_ranked,True,,12.0,2.0,1.0,True,False,insufficient,partial_or_unusable_sales,75.36107290233838,38.92257462686567,55.90312360987829,,,,unknown,only_C1_C2_scored_C_stay_unverified,0.0960408407817767,150,145.77131859779007,2.0952997283810246,0.4708093256141721,70.33639143730886,residual_candidate_min10_cafe_min50_total,,0.0,1.0,0,4,primary_unverified_candidate,validation_only_not_added,,,,incomplete_stay_evidence_and_walk_network,44.19533857719212,not_computed_missing_graph_and_runtime,cafe_draft_2025q4_observed_sales_study_unverified_2026poi
3110176,해오름공원,골목상권,accessible_official_786,non_tourism_observed_subset_if_ranked,True,,7.0,2.0,3.0,True,False,insufficient,partial_or_unusable_sales,32.22145804676754,24.6035447761194,35.08773300233489,,,,unknown,only_C1_C2_scored_C_stay_unverified,0.135213606968565,206,66.56134838627858,0.9808095122449316,-0.2624276199170889,,below_residual_ranking_support,,0.0,0.0,1,6,primary_unverified_candidate,validation_only_not_added,,,,incomplete_stay_evidence_and_walk_network,38.26478865450073,not_computed_missing_graph_and_runtime,cafe_draft_2025q4_observed_sales_study_unverified_2026poi
3110177,동의초등학교,골목상권,accessible_official_786,non_tourism_observed_subset_if_ranked,True,,5.0,0.0,1.0,False,False,supply_only,no_cafe_sales_rows,86.83287482806053,0.0,,,,60.783012379642365,unknown,only_C1_C2_scored_C_stay_unverified,0.0290566815998045,42,172.07746117965658,2.6725761841594697,0.7824781542132346,,below_residual_ranking_support,,0.0,0.0,0,3,primary_unverified_candidate,validation_only_not_added,,,,incomplete_stay_evidence_and_walk_network,40.78704563705144,not_computed_missing_graph_and_runtime,cafe_draft_2025q4_observed_sales_study_unverified_2026poi
3110178,장로회신학대학교,골목상권,accessible_official_786,non_tourism_observed_subset_if_ranked,True,,8.0,1.0,1.0,True,False,insufficient,partial_or_unusable_sales,88.03301237964236,47.5,78.36747031502932,,,,unknown,only_C1_C2_scored_C_stay_unverified,0.0458974061392767,54,196.08951261187397,3.741606657823258,0.9493858687915624,,below_residual_ranking_support,,0.0,0.0,0,3,primary_unverified_candidate,validation_only_not_added,,,,incomplete_stay_evidence_and_walk_network,40.06798875763117,not_computed_missing_graph_and_runtime,cafe_draft_2025q4_observed_sales_study_unverified_2026poi
3110179,광나루역 1번,골목상권,accessible_official_786,non_tourism_observed_subset_if_ranked,True,,9.0,1.0,6.0,True,True,complete,both_cafe_industries_sales_observed,89.27097661623108,36.7304104477612,87.09758229008008,36.40207678711704,71.88893063919116,,C1_coffee,only_C1_C2_scored_C_stay_unverified,0.0420528916767528,103,237.7957757784368,2.179576693877626,0.7434394854506736,84.09785932721712,residual_candidate_min10_cafe_min50_total,79.30126743226006,1.0,0.0,1,2,primary_unverified_candidate,validation_only_not_added,,,,incomplete_stay_evidence_and_walk_network,71.08285036698382,not_computed_missing_graph_and_runtime,cafe_draft_2025q4_observed_sales_study_unverified_2026poi
3110180,광진정보도서관,골목상권,accessible_official_786,non_tourism_observed_subset_if_ranked,True,,13.0,0.0,2.0,True,False,insufficient,partial_or_unusable_sales,80.9869325997249,0.0,74.60434015214722,,,,unknown,only_C1_C2_scored_C_stay_unverified,0.0746411767564544,203,174.16660032595024,1.4376616714788877,0.3572298731278667,58.71559633027523,residual_candidate_min10_cafe_min50_total,,0.0,3.0,1,2,primary_unverified_candidate,validation_only_not_added,,,,incomplete_stay_evidence_and_walk_network,59.81516038431256,not_computed_missing_graph_and_runtime,cafe_draft_2025q4_observed_sales_study_unverified_2026poi
3110181,신설동역 9번,골목상권,accessible_official_786,non_tourism_observed_subset_if_ranked,True,,3.0,0.0,2.0,False,False,supply_only,no_cafe_sales_rows,7.582530949105914,0.0,,,,5.30777166437414,unknown,only_C1_C2_scored_C_stay_unverified,0.1416400257823609,171,21.180453642459053,0.3938533324024482,-1.1008592350382782,,below_residual_ranking_support,,0.0,1.0,0,1,primary_unverified_candidate,validation_only_not_added,,,,incomplete_stay_evidence_and_walk_network,35.20057759846747,not_computed_missing_graph_and_runtime,cafe_draft_2025q4_observed_sales_study_unverified_2026poi
3110182,용두희망어린이공원,골목상권,accessible_official_786,non_tourism_observed_subset_if_ranked,True,,3.0,2.0,2.0,False,False,supply_only,no_cafe_sales_rows,28.90990371389271,61.12406716417911,,,,38.57415274897863,unknown,only_C1_C2_scored_C_stay_unverified,0.059073173023431,101,84.64078944966748,1.1113683142049282,-0.0097738142066614,,below_residual_ranking_support,,0.0,0.0,0,1,primary_unverified_candidate,validation_only_not_added,,,,incomplete_stay_evidence_and_walk_network,33.14761897851179,not_computed_missing_graph_and_runtime,cafe_draft_2025q4_observed_sales_study_unverified_2026poi
3110183,한국의류시험연구원,골목상권,accessible_official_786,non_tourism_observed_subset_if_ranked,True,,8.0,1.0,1.0,True,False,insufficient,partial_or_unusable_sales,86.74690508940853,38.89925373134328,67.91001687108076,,,,unknown,only_C1_C2_scored_C_stay_unverified,0.0434081178254476,86,207.33449066349135,2.3493809246797204,0.7291906327704827,,below_residual_ranking_support,,0.0,0.0,0,1,primary_unverified_candidate,validation_only_not_added,,,,incomplete_stay_evidence_and_walk_network,42.44115897019128,not_computed_missing_graph_and_runtime,cafe_draft_2025q4_observed_sales_study_unverified_2026poi
3110184,용두사거리,골목상권,accessible_official_786,non_tourism_observed_subset_if_ranked,True,,2.0,0.0,1.0,False,False,supply_only,no_cafe_sales_rows,52.40715268225584,0.0,,,,36.685006877579085,unknown,only_C1_C2_scored_C_stay_unverified,0.0243606419787138,42,82.09964260168469,1.069030473663788,0.1710240953262538,,below_residual_ranking_support,,0.0,0.0,0,0,primary_unverified_candidate,validation_only_not_added,,,,incomplete_stay_evidence_and_walk_network,35.27671755725191,not_computed_missing_graph_and_runtime,cafe_draft_2025q4_observed_sales_study_unverified_2026poi
3110185,용두초등학교,골목상권,accessible_official_786,non_tourism_observed_subset_if_ranked,True,,0.0,0.0,1.0,False,False,supply_only,no_cafe_sales_rows,0.0,0.0,,,,0.0,unknown,only_C1_C2_scored_C_stay_unverified,0.0288250296487112,31,0.0,0.0,-0.8470478489552554,,below_residual_ranking_support,,0.0,0.0,0,0,primary_unverified_candidate,validation_only_not_added,,,,incomplete_stay_evidence_and_walk_network,28.673664122137403,not_computed_missing_graph_and_runtime,cafe_draft_2025q4_observed_sales_study_unverified_2026poi
3110186,종암초등학교,골목상권,accessible_official_786,non_tourism_observed_subset_if_ranked,True,,3.0,0.0,,False,False,supply_only,no_cafe_sales_rows,66.48211829436039,0.0,,,,46.53748280605227,unknown,only_C1_C2_scored_C_stay_unverified,0.0228729815450159,67,131.15911426307736,1.0052077588181887,0.2420143653165472,,below_residual_ranking_support,,0.0,0.0,0,0,primary_unverified_candidate,validation_only_not_added,,,,incomplete_stay_evidence_and_walk_network,36.15458015267176,not_computed_missing_graph_and_runtime,cafe_draft_2025q4_observed_sales_study_unverified_2026poi
3110187,제기동역 6번,골목상권,accessible_official_786,non_tourism_observed_subset_if_ranked,True,,7.0,0.0,2.0,True,False,insufficient,partial_or_unusable_sales,17.70288858321871,0.0,22.80332354824316,,,,unknown,only_C1_C2_scored_C_stay_unverified,0.159859909703987,329,43.78833950902335,0.4776519137646712,-0.8133900447405895,,below_residual_ranking_support,,0.0,0.0,0,0,primary_unverified_candidate,validation_only_not_added,,,,incomplete_stay_evidence_and_walk_network,32.3059796437659,not_computed_missing_graph_and_runtime,cafe_draft_2025q4_observed_sales_study_unverified_2026poi
3110188,용두동신동아아파트,골목상권,accessible_official_786,non_tourism_observed_subset_if_ranked,True,,5.0,0.0,5.0,True,False,insufficient,partial_or_unusable_sales,15.361072902338378,0.0,18.40975550257576,,,,unknown,only_C1_C2_scored_C_stay_unverified,0.1524014500740438,196,32.80808678375937,0.5726948966056007,-0.802142176507131,,below_residual_ranking_support,,0.0,0.0,0,0,primary_unverified_candidate,validation_only_not_added,,,,incomplete_stay_evidence_and_walk_network,30.2321882951654,not_computed_missing_graph_and_runtime,cafe_draft_2025q4_observed_sales_study_unverified_2026poi
3110189,제기동역 1번,골목상권,accessible_official_786,non_tourism_observed_subset_if_ranked,True,,1.0,1.0,,False,False,supply_only,no_cafe_sales_rows,3.3940852819807423,22.546641791044777,,,,9.139852234699951,unknown,only_C1_C2_scored_C_stay_unverified,0.0884322982105113,82,22.61617124592918,0.5475521938277939,-0.7793011286191864,,below_residual_ranking_support,,0.0,0.0,0,0,primary_unverified_candidate,validation_only_not_added,,,,incomplete_stay_evidence_and_walk_network,30.13040712468193,not_computed_missing_graph_and_runtime,cafe_draft_2025q4_observed_sales_study_unverified_2026poi
3110190,고대앞사거리,골목상권,accessible_official_786,non_tourism_observed_subset_if_ranked,True,,9.0,1.0,1.0,False,False,supply_only,no_cafe_sales_rows,66.59215955983494,20.732276119402982,,,,52.83419452770535,unknown,only_C1_C2_scored_C_stay_unverified,0.1013390382282828,84,98.67865508525313,2.6725761841594697,0.4440718397387808,67.2782874617737,residual_candidate_min10_cafe_min50_total,,0.0,0.0,0,0,primary_unverified_candidate,validation_only_not_added,,,,incomplete_stay_evidence_and_walk_network,35.70928753180661,not_computed_missing_graph_and_runtime,cafe_draft_2025q4_observed_sales_study_unverified_2026poi
3110191,고려대역 6번,골목상권,accessible_official_786,non_tourism_observed_subset_if_ranked,True,,17.0,1.0,4.0,True,False,insufficient,partial_or_unusable_sales,91.1416781292985,15.23320895522388,82.7196416552382,,,,unknown,only_C1_C2_scored_C_stay_unverified,0.079112448117574,144,227.5242446454073,2.806204993367444,0.8188125301425808,88.07339449541286,residual_candidate_min10_cafe_min50_total,,1.0,0.0,0,0,primary_unverified_candidate,validation_only_not_added,,,,incomplete_stay_evidence_and_walk_network,53.60368956743002,not_computed_missing_graph_and_runtime,cafe_draft_2025q4_observed_sales_study_unverified_2026poi
3110192,동의보감타워,골목상권,accessible_official_786,non_tourism_observed_subset_if_ranked,True,,1.0,0.0,5.0,True,False,insufficient,partial_or_unusable_sales,6.458046767537828,0.0,19.773787233053923,,,,unknown,only_C1_C2_scored_C_stay_unverified,0.0332060218425174,107,30.11501964139492,0.2098097191302761,-0.872096729430606,,below_residual_ranking_support,,0.0,0.0,0,0,primary_unverified_candidate,validation_only_not_added,,,,incomplete_stay_evidence_and_walk_network,31.04643765903308,not_computed_missing_graph_and_runtime,cafe_draft_2025q4_observed_sales_study_unverified_2026poi
3110193,고려대역 4번,골목상권,accessible_official_786,non_tourism_observed_subset_if_ranked,True,,4.0,1.0,,False,False,supply_only,no_cafe_sales_rows,45.416093535075646,31.478544776119403,,,,41.23482890738877,unknown,only_C1_C2_scored_C_stay_unverified,0.0677286891250741,73,73.82395945633223,1.5376465717081882,0.0990352498150581,,below_residual_ranking_support,,0.0,1.0,0,0,primary_unverified_candidate,validation_only_not_added,,,,incomplete_stay_evidence_and_walk_network,37.69083969465649,not_computed_missing_graph_and_runtime,cafe_draft_2025q4_observed_sales_study_unverified_2026poi
3110194,홍파초등학교,골목상권,accessible_official_786,non_tourism_observed_subset_if_ranked,True,,2.0,0.0,2.0,False,False,supply_only,no_cafe_sales_rows,7.162998624484182,0.0,,,,5.014099037138927,unknown,only_C1_C2_scored_C_stay_unverified,0.0878787070532103,132,22.758641621672997,0.3401460598021144,-1.0293671442134331,,below_residual_ranking_support,,0.0,0.0,0,0,primary_unverified_candidate,validation_only_not_added,,,,incomplete_stay_evidence_and_walk_network,29.85687022900764,not_computed_missing_graph_and_runtime,cafe_draft_2025q4_observed_sales_study_unverified_2026poi
3110195,동대문구청,골목상권,accessible_official_786,non_tourism_observed_subset_if_ranked,True,,8.0,3.0,9.0,True,True,complete,both_cafe_industries_sales_observed,41.43741403026135,44.0018656716418,41.6689568355893,38.79472702278083,40.80668789174676,,C1_coffee,only_C1_C2_scored_C_stay_unverified,0.1152955773631362,229,95.40695533666728,1.078366984350808,-0.0627840966249961,22.018348623853214,residual_candidate_min10_cafe_min50_total,26.67480726257118,1.0,1.0,0,0,primary_unverified_candidate,validation_only_not_added,,,,incomplete_stay_evidence_and_walk_network,53.51781170483461,not_computed_missing_graph_and_runtime,cafe_draft_2025q4_observed_sales_study_unverified_2026poi
3110196,홍릉근린공원,골목상권,accessible_official_786,non_tourism_observed_subset_if_ranked,True,,0.0,0.0,2.0,False,False,supply_only,no_cafe_sales_rows,0.0,0.0,,,,0.0,unknown,only_C1_C2_scored_C_stay_unverified,0.0372856784161125,28,0.0,0.0,-0.9135027817475508,,below_residual_ranking_support,,0.0,0.0,0,0,primary_unverified_candidate,validation_only_not_added,,,,incomplete_stay_evidence_and_walk_network,26.96882951653944,not_computed_missing_graph_and_runtime,cafe_draft_2025q4_observed_sales_study_unverified_2026poi
3110197,세종대왕기념관교차로,골목상권,accessible_official_786,non_tourism_observed_subset_if_ranked,True,,1.0,0.0,1.0,True,False,insufficient,partial_or_unusable_sales,26.83287482806052,0.0,33.06023542981623,,,,unknown,only_C1_C2_scored_C_stay_unverified,0.0247519417035206,25,40.4008708479531,0.8979855978775819,0.028101951133553,,below_residual_ranking_support,,0.0,0.0,0,0,primary_unverified_candidate,validation_only_not_added,,,,incomplete_stay_evidence_and_walk_network,28.514631043257,not_computed_missing_graph_and_runtime,cafe_draft_2025q4_observed_sales_study_unverified_2026poi
3110198,동대문중앙새마을금고본점,골목상권,accessible_official_786,non_tourism_observed_subset_if_ranked,True,,0.0,0.0,10.0,False,False,supply_only,no_cafe_sales_rows,0.0,0.0,,,,0.0,unknown,only_C1_C2_scored_C_stay_unverified,0.0161275408825244,36,0.0,0.0,-0.7555528576128916,,below_residual_ranking_support,,0.0,0.0,0,0,primary_unverified_candidate,validation_only_not_added,,,,incomplete_stay_evidence_and_walk_network,29.44338422391857,not_computed_missing_graph_and_runtime,cafe_draft_2025q4_observed_sales_study_unverified_2026poi
3110199,홍릉시장,골목상권,accessible_official_786,non_tourism_observed_subset_if_ranked,True,,3.0,1.0,13.0,False,False,supply_only,no_cafe_sales_rows,16.361760660247594,16.627798507462686,,,,16.44157201441212,unknown,only_C1_C2_scored_C_stay_unverified,0.0698235332546062,154,57.28727570136424,0.583107531089339,-0.4940882551647896,,below_residual_ranking_support,,0.0,0.0,0,0,primary_unverified_candidate,validation_only_not_added,,,,incomplete_stay_evidence_and_walk_network,32.153307888040715,not_computed_missing_graph_and_runtime,cafe_draft_2025q4_observed_sales_study_unverified_2026poi
3110200,동대문경찰서,골목상권,accessible_official_786,non_tourism_observed_subset_if_ranked,True,,1.0,0.0,1.0,False,False,supply_only,no_cafe_sales_rows,17.15612104539202,0.0,,,,12.009284731774413,unknown,only_C1_C2_scored_C_stay_unverified,0.0353300631972771,33,28.304506403404066,0.6802921196042288,-0.2807305632495148,,below_residual_ranking_support,,0.0,0.0,0,0,primary_unverified_candidate,validation_only_not_added,,,,incomplete_stay_evidence_and_walk_network,30.181297709923665,not_computed_missing_graph_and_runtime,cafe_draft_2025q4_observed_sales_study_unverified_2026poi
3110201,전농119안전센터,골목상권,accessible_official_786,non_tourism_observed_subset_if_ranked,True,,2.0,0.0,,False,False,supply_only,no_cafe_sales_rows,54.511691884456674,0.0,,,,38.15818431911967,unknown,only_C1_C2_scored_C_stay_unverified,0.0241304875105393,39,82.88270177411353,1.151263587022541,0.214225155649272,,below_residual_ranking_support,,0.0,0.0,0,0,primary_unverified_candidate,validation_only_not_added,,,,incomplete_stay_evidence_and_walk_network,36.21819338422392,not_computed_missing_graph_and_runtime,cafe_draft_2025q4_observed_sales_study_unverified_2026poi
3110202,전농1동주민센터(전농시장),골목상권,accessible_official_786,non_tourism_observed_subset_if_ranked,True,,0.0,1.0,,False,False,supply_only,no_cafe_sales_rows,0.0,60.19123134328359,,,,18.05736940298508,unknown,only_C1_C2_scored_C_stay_unverified,0.0297984669198958,51,33.55877343247888,0.4401890185674421,-0.4297796712523302,,below_residual_ranking_support,,0.0,0.0,0,0,primary_unverified_candidate,validation_only_not_added,,,,incomplete_stay_evidence_and_walk_network,29.44338422391857,not_computed_missing_graph_and_runtime,cafe_draft_2025q4_observed_sales_study_unverified_2026poi
3110203,떡전교사거리,골목상권,accessible_official_786,non_tourism_observed_subset_if_ranked,True,,4.0,1.0,3.0,True,False,insufficient,partial_or_unusable_sales,53.95460797799174,36.809701492537314,54.11715752696878,,,,unknown,only_C1_C2_scored_C_stay_unverified,0.0461444204305949,87,108.35546211963852,1.2902091923528476,0.1839039991929389,,below_residual_ranking_support,,0.0,0.0,0,0,primary_unverified_candidate,validation_only_not_added,,,,incomplete_stay_evidence_and_walk_network,34.94592875318067,not_computed_missing_graph_and_runtime,cafe_draft_2025q4_observed_sales_study_unverified_2026poi
3110204,간데메공원,골목상권,accessible_official_786,non_tourism_observed_subset_if_ranked,True,,9.0,2.0,4.0,True,False,insufficient,partial_or_unusable_sales,45.73590096286107,25.0839552238806,51.71592550758447,,,,unknown,only_C1_C2_scored_C_stay_unverified,0.1224606929465254,222,89.82474078276972,1.112369546920428,-0.0741420413191642,20.489296636085626,residual_candidate_min10_cafe_min50_total,,0.0,2.0,0,1,primary_unverified_candidate,validation_only_not_added,,,,incomplete_stay_evidence_and_walk_network,43.503865168974166,not_computed_missing_graph_and_runtime,cafe_draft_2025q4_observed_sales_study_unverified_2026poi
3110205,경희대삼거리,골목상권,accessible_official_786,non_tourism_observed_subset_if_ranked,True,,24.0,7.0,13.0,True,True,complete,both_cafe_industries_sales_observed,93.30811554332875,90.2891791044776,77.88932717938626,68.26821484681854,75.00299347961594,,C1_coffee,only_C1_C2_scored_C_stay_unverified,0.0887479958423762,249,349.30366264336345,2.7949350937956865,0.994587383324638,94.80122324159022,residual_candidate_min10_cafe_min50_total,76.68214552055773,2.0,0.0,0,0,primary_unverified_candidate,validation_only_not_added,,,,incomplete_stay_evidence_and_walk_network,57.24236641221374,not_computed_missing_graph_and_runtime,cafe_draft_2025q4_observed_sales_study_unverified_2026poi
3110206,텃골근린공원,골목상권,accessible_official_786,non_tourism_observed_subset_if_ranked,True,,9.0,4.0,2.0,True,False,insufficient,partial_or_unusable_sales,57.81980742778542,70.18190298507463,53.17697001812838,,,,unknown,only_C1_C2_scored_C_stay_unverified,0.1005464312689159,169,129.29349988793658,1.7268953805338114,0.3169818179990407,54.12844036697248,residual_candidate_min10_cafe_min50_total,,0.0,2.0,0,0,primary_unverified_candidate,validation_only_not_added,,,,incomplete_stay_evidence_and_walk_network,44.75826972010179,not_computed_missing_graph_and_runtime,cafe_draft_2025q4_observed_sales_study_unverified_2026poi
3110207,시립대앞사거리,골목상권,accessible_official_786,non_tourism_observed_subset_if_ranked,True,,3.0,0.0,8.0,True,False,insufficient,partial_or_unusable_sales,59.54951856946356,0.0,58.91350055451123,,,,unknown,only_C1_C2_scored_C_stay_unverified,0.0293050178236987,69,102.37154667668987,0.97607130204085,0.1116229877369938,,below_residual_ranking_support,,0.0,1.0,0,0,primary_unverified_candidate,validation_only_not_added,,,,incomplete_stay_evidence_and_walk_network,45.890585241730285,not_computed_missing_graph_and_runtime,cafe_draft_2025q4_observed_sales_study_unverified_2026poi
3110208,시조사삼거리,골목상권,accessible_official_786,non_tourism_observed_subset_if_ranked,True,,2.0,0.0,,False,False,supply_only,no_cafe_sales_rows,36.73314993122421,0.0,,,,25.713204951856948,unknown,only_C1_C2_scored_C_stay_unverified,0.0421905349934292,37,47.40399713612264,1.2134940511859216,-0.0171817080566112,,below_residual_ranking_support,,0.0,0.0,0,0,primary_unverified_candidate,validation_only_not_added,,,,incomplete_stay_evidence_and_walk_network,30.620229007633583,not_computed_missing_graph_and_runtime,cafe_draft_2025q4_observed_sales_study_unverified_2026poi
3110209,답십리 장령당공원,골목상권,accessible_official_786,non_tourism_observed_subset_if_ranked,True,,1.0,0.0,1.0,False,False,supply_only,no_cafe_sales_rows,13.56946354883081,0.0,,,,9.498624484181567,unknown,only_C1_C2_scored_C_stay_unverified,0.0279511850314422,50,35.7766584448961,0.4489927989387909,-0.3897031453693002,,below_residual_ranking_support,,0.0,0.0,0,2,primary_unverified_candidate,validation_only_not_added,,,,incomplete_stay_evidence_and_walk_network,34.92263131415746,not_computed_missing_graph_and_runtime,cafe_draft_2025q4_observed_sales_study_unverified_2026poi
3110210,서울시립대,골목상권,accessible_official_786,non_tourism_observed_subset_if_ranked,True,,10.0,2.0,6.0,True,False,insufficient,partial_or_unusable_sales,63.79298486932599,37.82182835820896,64.39296819640698,,,,unknown,only_C1_C2_scored_C_stay_unverified,0.1108858612695521,138,108.21938759919298,1.9521426040817,0.3055282663421033,53.21100917431193,residual_candidate_min10_cafe_min50_total,,1.0,2.0,0,0,primary_unverified_candidate,validation_only_not_added,,,,incomplete_stay_evidence_and_walk_network,56.73027989821883,not_computed_missing_graph_and_runtime,cafe_draft_2025q4_observed_sales_study_unverified_2026poi
3110211,전곡마을마당공원,골목상권,accessible_official_786,non_tourism_observed_subset_if_ranked,True,,5.0,0.0,8.0,True,False,insufficient,partial_or_unusable_sales,19.903713892709767,0.0,20.325644931056797,,,,unknown,only_C1_C2_scored_C_stay_unverified,0.1263069266231812,174,39.58611086244535,0.6451045961764238,-0.6515745572108109,,below_residual_ranking_support,,0.0,1.0,0,0,primary_unverified_candidate,validation_only_not_added,,,,incomplete_stay_evidence_and_walk_network,37.10559796437659,not_computed_missing_graph_and_runtime,cafe_draft_2025q4_observed_sales_study_unverified_2026poi
3110212,답십리초등학교,골목상권,accessible_official_786,non_tourism_observed_subset_if_ranked,True,,11.0,2.0,1.0,True,False,insufficient,partial_or_unusable_sales,69.09215955983493,35.41044776119403,66.51632490599275,,,,unknown,only_C1_C2_scored_C_stay_unverified,0.0809199521336077,230,160.6525913230346,1.268892692653105,0.2531107245185251,46.788990825688074,residual_candidate_min10_cafe_min50_total,,2.0,2.0,0,1,primary_unverified_candidate,validation_only_not_added,,,,incomplete_stay_evidence_and_walk_network,65.78086572045008,not_computed_missing_graph_and_runtime,cafe_draft_2025q4_observed_sales_study_unverified_2026poi
3110213,청량초등학교,골목상권,accessible_official_786,non_tourism_observed_subset_if_ranked,True,,7.0,0.0,,True,False,insufficient,partial_or_unusable_sales,90.72214580467676,0.0,77.83113544628415,,,,unknown,only_C1_C2_scored_C_stay_unverified,0.0354284410966298,40,197.58137200865687,3.9286869907144206,1.0038314361645897,,below_residual_ranking_support,,1.0,0.0,0,0,primary_unverified_candidate,validation_only_not_added,,,,incomplete_stay_evidence_and_walk_network,57.32506361323156,not_computed_missing_graph_and_runtime,cafe_draft_2025q4_observed_sales_study_unverified_2026poi
3110214,경희대후문,골목상권,accessible_official_786,non_tourism_observed_subset_if_ranked,True,,15.0,3.0,1.0,True,True,complete,both_cafe_industries_sales_observed,89.79367262723521,72.1268656716418,85.73023551864735,69.63354281225452,80.90122770672949,,C1_coffee,only_C1_C2_scored_C_stay_unverified,0.0798010251186227,81,225.56101219556191,4.988808877097677,1.120623568765209,96.3302752293578,residual_candidate_min10_cafe_min50_total,89.18687898888992,0.0,1.0,0,0,primary_unverified_candidate,validation_only_not_added,,,,incomplete_stay_evidence_and_walk_network,45.17175572519084,not_computed_missing_graph_and_runtime,cafe_draft_2025q4_observed_sales_study_unverified_2026poi
3110215,회기역 1번,골목상권,accessible_official_786,non_tourism_observed_subset_if_ranked,True,,4.0,0.0,,True,False,insufficient,partial_or_unusable_sales,56.49243466299862,0.0,50.91882249559431,,,,unknown,only_C1_C2_scored_C_stay_unverified,0.0514387853945348,64,77.76233379773751,1.4031024966837218,0.1137865175635772,,below_residual_ranking_support,,1.0,2.0,0,0,primary_unverified_candidate,validation_only_not_added,,,,incomplete_stay_evidence_and_walk_network,59.87913486005089,not_computed_missing_graph_and_runtime,cafe_draft_2025q4_observed_sales_study_unverified_2026poi
3110216,전농중학교,골목상권,accessible_official_786,non_tourism_observed_subset_if_ranked,True,,6.0,0.0,1.0,True,False,insufficient,partial_or_unusable_sales,53.05364511691885,0.0,42.542568968827794,,,,unknown,only_C1_C2_scored_C_stay_unverified,0.0650193474167504,146,92.28022486202728,0.9225879430249128,-0.0961480776726071,,below_residual_ranking_support,,0.0,1.0,0,0,primary_unverified_candidate,validation_only_not_added,,,,incomplete_stay_evidence_and_walk_network,44.204834605597966,not_computed_missing_graph_and_runtime,cafe_draft_2025q4_observed_sales_study_unverified_2026poi
3110217,자동차부품상가,골목상권,accessible_official_786,non_tourism_observed_subset_if_ranked,True,,1.0,0.0,1.0,False,False,supply_only,no_cafe_sales_rows,1.891334250343879,0.0,,,,1.323933975240715,unknown,only_C1_C2_scored_C_stay_unverified,0.0566057280156147,421,17.666056688187986,0.0533245604440369,-1.850496397620332,,below_residual_ranking_support,,0.0,0.0,0,0,primary_unverified_candidate,validation_only_not_added,,,,incomplete_stay_evidence_and_walk_network,29.589694656488547,not_computed_missing_graph_and_runtime,cafe_draft_2025q4_observed_sales_study_unverified_2026poi
3110218,답십리사거리,골목상권,accessible_official_786,non_tourism_observed_subset_if_ranked,True,,5.0,7.0,6.0,True,True,complete,both_cafe_industries_sales_observed,30.416093535075653,92.80317164179104,29.258851167548485,77.69248330714848,43.78894080942848,,C2_bakery,only_C1_C2_scored_C_stay_unverified,0.082097654773404,203,146.16739093365024,1.3270723121343575,0.2389955152150569,45.56574923547401,residual_candidate_min10_cafe_min50_total,41.292413397297096,1.0,2.0,0,0,primary_unverified_candidate,validation_only_not_added,,,,incomplete_stay_evidence_and_walk_network,61.9147582697201,not_computed_missing_graph_and_runtime,cafe_draft_2025q4_observed_sales_study_unverified_2026poi
3110219,삼육보건대학교,골목상권,accessible_official_786,non_tourism_observed_subset_if_ranked,True,,16.0,1.0,6.0,True,False,insufficient,partial_or_unusable_sales,61.12448418156809,3.75,56.65012948844888,,,,unknown,only_C1_C2_scored_C_stay_unverified,0.1793076543769617,254,94.80911486500511,1.5025349570786313,0.0826679295731773,33.63914373088685,residual_candidate_min10_cafe_min50_total,,1.0,2.0,0,0,primary_unverified_candidate,validation_only_not_added,,,,incomplete_stay_evidence_and_walk_network,54.51017811704835,not_computed_missing_graph_and_runtime,cafe_draft_2025q4_observed_sales_study_unverified_2026poi
3110220,외대앞역 1번,골목상권,accessible_official_786,non_tourism_observed_subset_if_ranked,True,,8.0,3.0,22.0,True,False,insufficient,partial_or_unusable_sales,38.232462173314985,42.30410447761194,47.013667386198776,,,,unknown,only_C1_C2_scored_C_stay_unverified,0.0985497248085467,333,111.61877946762188,0.741579697946952,-0.1902115571075717,14.678899082568808,residual_candidate_min10_cafe_min50_total,,2.0,5.0,0,0,primary_unverified_candidate,validation_only_not_added,,,,incomplete_stay_evidence_and_walk_network,65.91603053435114,not_computed_missing_graph_and_runtime,cafe_draft_2025q4_observed_sales_study_unverified_2026poi
3110221,의릉,골목상권,accessible_official_786,non_tourism_observed_subset_if_ranked,True,,3.0,0.0,4.0,True,False,insufficient,partial_or_unusable_sales,51.92572214580468,0.0,49.52547693773143,,,,unknown,only_C1_C2_scored_C_stay_unverified,0.0470940757816898,43,63.70227996206693,1.56625394978648,0.1408892664478547,,below_residual_ranking_support,,0.0,0.0,0,0,primary_unverified_candidate,validation_only_not_added,,,,incomplete_stay_evidence_and_walk_network,32.14058524173028,not_computed_missing_graph_and_runtime,cafe_draft_2025q4_observed_sales_study_unverified_2026poi
3110222,회기역 2번,골목상권,accessible_official_786,non_tourism_observed_subset_if_ranked,True,,0.0,0.0,,False,False,supply_only,no_cafe_sales_rows,0.0,0.0,,,,0.0,unknown,only_C1_C2_scored_C_stay_unverified,0.0103257161537975,26,0.0,0.0,-0.5865039206750635,,below_residual_ranking_support,,0.0,0.0,0,0,primary_unverified_candidate,validation_only_not_added,,,,incomplete_stay_evidence_and_walk_network,28.88994910941476,not_computed_missing_graph_and_runtime,cafe_draft_2025q4_observed_sales_study_unverified_2026poi
3110223,군자초등학교,골목상권,accessible_official_786,non_tourism_observed_subset_if_ranked,True,,1.0,0.0,,False,False,supply_only,no_cafe_sales_rows,9.50825309491059,0.0,,,,6.655777166437412,unknown,only_C1_C2_scored_C_stay_unverified,0.043548025769003,51,22.96315349183496,0.4401890185674421,-0.605608102547153,,below_residual_ranking_support,,0.0,0.0,0,1,primary_unverified_candidate,validation_only_not_added,,,,incomplete_stay_evidence_and_walk_network,29.876302499056685,not_computed_missing_graph_and_runtime,cafe_draft_2025q4_observed_sales_study_unverified_2026poi
3110224,외대앞역 2번,골목상권,accessible_official_786,non_tourism_observed_subset_if_ranked,True,,3.0,2.0,,True,True,complete,both_cafe_industries_sales_observed,39.44979367262724,72.2714552238806,32.625113891753124,59.07686076197957,40.560637952821054,,C2_bakery,only_C1_C2_scored_C_stay_unverified,0.0457347555159795,87,109.32604632057178,1.2902091923528476,0.1880366416271701,,below_residual_ranking_support,,0.0,0.0,0,0,primary_unverified_candidate,validation_only_not_added,,,,incomplete_stay_evidence_and_walk_network,34.1380407124682,not_computed_missing_graph_and_runtime,cafe_draft_2025q4_observed_sales_study_unverified_2026poi
3110225,촬영소사거리,골목상권,accessible_official_786,non_tourism_observed_subset_if_ranked,True,,3.0,1.0,1.0,True,False,insufficient,partial_or_unusable_sales,26.502751031636866,26.217350746268657,37.74869671072007,,,,unknown,only_C1_C2_scored_C_stay_unverified,0.0547640913030407,132,73.04056188690755,0.6802921196042288,-0.2993753335371329,,below_residual_ranking_support,,1.0,0.0,0,0,primary_unverified_candidate,validation_only_not_added,,,,incomplete_stay_evidence_and_walk_network,47.48409669211196,not_computed_missing_graph_and_runtime,cafe_draft_2025q4_observed_sales_study_unverified_2026poi
3110226,장안1동주민센터,골목상권,accessible_official_786,non_tourism_observed_subset_if_ranked,True,,18.0,5.0,16.0,True,True,complete,both_cafe_industries_sales_observed,32.88858321870701,24.74347014925373,32.4177608611426,29.853323841319718,31.64842975519573,,C1_coffee,only_C1_C2_scored_C_stay_unverified,0.2856420191430507,665,80.52036625774412,0.7764537124505407,-0.3605176422977769,7.64525993883792,residual_candidate_min10_cafe_min50_total,15.688577203872555,0.0,0.0,0,0,primary_unverified_candidate,validation_only_not_added,,,,incomplete_stay_evidence_and_walk_network,33.520992366412216,not_computed_missing_graph_and_runtime,cafe_draft_2025q4_observed_sales_study_unverified_2026poi
3110227,답십리공원,골목상권,accessible_official_786,non_tourism_observed_subset_if_ranked,True,,3.0,1.0,2.0,True,False,insufficient,partial_or_unusable_sales,27.66162310866575,27.201492537313435,30.72518287253895,,,,unknown,only_C1_C2_scored_C_stay_unverified,0.0554153254727985,119,72.1821980809887,0.754609746115615,-0.2496681656572952,,below_residual_ranking_support,,0.0,0.0,0,1,primary_unverified_candidate,validation_only_not_added,,,,incomplete_stay_evidence_and_walk_network,34.31920055341092,not_computed_missing_graph_and_runtime,cafe_draft_2025q4_observed_sales_study_unverified_2026poi
3110228,장안근린공원,골목상권,accessible_official_786,non_tourism_observed_subset_if_ranked,True,,7.0,2.0,8.0,True,False,insufficient,partial_or_unusable_sales,16.492434662998626,13.022388059701491,18.45347227204737,,,,unknown,only_C1_C2_scored_C_stay_unverified,0.1778013246829036,293,50.6182955388599,0.6895793840356857,-0.577565356721907,,below_residual_ranking_support,,0.0,0.0,0,1,primary_unverified_candidate,validation_only_not_added,,,,incomplete_stay_evidence_and_walk_network,31.32517487591792,not_computed_missing_graph_and_runtime,cafe_draft_2025q4_observed_sales_study_unverified_2026poi
3110229,장평중학교,골목상권,accessible_official_786,non_tourism_observed_subset_if_ranked,True,,10.0,3.0,8.0,True,False,insufficient,partial_or_unusable_sales,25.560522696011,22.92910447761194,21.92900274761505,,,,unknown,only_C1_C2_scored_C_stay_unverified,0.2054908375517188,330,63.263161291695575,0.8843797554854973,-0.371766332105611,7.339449541284404,residual_candidate_min10_cafe_min50_total,,1.0,1.0,0,0,primary_unverified_candidate,validation_only_not_added,,,,incomplete_stay_evidence_and_walk_network,46.164122137404576,not_computed_missing_graph_and_runtime,cafe_draft_2025q4_observed_sales_study_unverified_2026poi
3110230,장안현대홈타운1차아파트,골목상권,accessible_official_786,non_tourism_observed_subset_if_ranked,True,,4.0,0.0,6.0,True,False,insufficient,partial_or_unusable_sales,25.103163686382395,0.0,27.266054620209356,,,,unknown,only_C1_C2_scored_C_stay_unverified,0.079734772144026,164,50.16631881476686,0.5475521938277939,-0.5891451119878119,,below_residual_ranking_support,,0.0,0.0,0,0,primary_unverified_candidate,validation_only_not_added,,,,incomplete_stay_evidence_and_walk_network,29.456106870229007,not_computed_missing_graph_and_runtime,cafe_draft_2025q4_observed_sales_study_unverified_2026poi
3110231,장안교,골목상권,accessible_official_786,non_tourism_observed_subset_if_ranked,True,,0.0,0.0,,False,False,supply_only,no_cafe_sales_rows,0.0,0.0,,,,0.0,unknown,only_C1_C2_scored_C_stay_unverified,0.0082497529832747,11,0.0,0.0,-0.1514193846673816,,below_residual_ranking_support,,0.0,0.0,0,1,primary_unverified_candidate,validation_only_not_added,,,,incomplete_stay_evidence_and_walk_network,30.77154626108999,not_computed_missing_graph_and_runtime,cafe_draft_2025q4_observed_sales_study_unverified_2026poi
3110232,동대부고,골목상권,accessible_official_786,non_tourism_observed_subset_if_ranked,True,,9.0,2.0,1.0,True,True,complete,both_cafe_industries_sales_observed,48.78954607977991,28.628731343283583,43.48405334377439,33.724322466614296,40.55613408062636,,C1_coffee,only_C1_C2_scored_C_stay_unverified,0.1044546095658428,245,105.308899681121,1.0079430180258573,-0.0531046384098039,22.93577981651376,residual_candidate_min10_cafe_min50_total,26.692268791004288,0.0,1.0,0,1,primary_unverified_candidate,validation_only_not_added,,,,incomplete_stay_evidence_and_walk_network,40.68134366625064,not_computed_missing_graph_and_runtime,cafe_draft_2025q4_observed_sales_study_unverified_2026poi
3110233,중랑역 1번,골목상권,accessible_official_786,non_tourism_observed_subset_if_ranked,True,,1.0,1.0,3.0,False,False,supply_only,no_cafe_sales_rows,1.1829436038514445,10.620335820895525,,,,4.014161268964668,unknown,only_C1_C2_scored_C_stay_unverified,0.1242350532725703,147,16.09851605739664,0.3054372781896537,-1.2471493275521388,,below_residual_ranking_support,,0.0,0.0,0,0,primary_unverified_candidate,validation_only_not_added,,,,incomplete_stay_evidence_and_walk_network,30.05407124681934,not_computed_missing_graph_and_runtime,cafe_draft_2025q4_observed_sales_study_unverified_2026poi
3110234,중랑역 4번,골목상권,accessible_official_786,non_tourism_observed_subset_if_ranked,True,,3.0,1.0,2.0,True,False,insufficient,partial_or_unusable_sales,32.211141678129295,30.30783582089552,30.235330222877288,,,,unknown,only_C1_C2_scored_C_stay_unverified,0.0583766765967101,88,68.52051595252043,1.020438179406343,-0.1134509449333815,,below_residual_ranking_support,,0.0,0.0,0,1,primary_unverified_candidate,validation_only_not_added,,,,incomplete_stay_evidence_and_walk_network,34.56356243771708,not_computed_missing_graph_and_runtime,cafe_draft_2025q4_observed_sales_study_unverified_2026poi
3110235,세화어린이공원,골목상권,accessible_official_786,non_tourism_observed_subset_if_ranked,True,,1.0,0.0,,False,False,supply_only,no_cafe_sales_rows,24.17812929848693,0.0,,,,16.92469050894085,unknown,only_C1_C2_scored_C_stay_unverified,0.0326056392163437,24,30.66954134420853,0.9354016644558144,-0.0785675408433075,,below_residual_ranking_support,,0.0,0.0,0,1,primary_unverified_candidate,validation_only_not_added,,,,incomplete_stay_evidence_and_walk_network,33.44589489062394,not_computed_missing_graph_and_runtime,cafe_draft_2025q4_observed_sales_study_unverified_2026poi
3110236,신묵초등학교,골목상권,accessible_official_786,non_tourism_observed_subset_if_ranked,True,,8.0,2.0,15.0,False,False,supply_only,no_cafe_sales_rows,21.38239339752407,12.509328358208954,,,,18.720473885729533,unknown,only_C1_C2_scored_C_stay_unverified,0.1805116211631253,299,55.39809534458266,0.7508240784929614,-0.5001053731501459,3.3639143730886847,residual_candidate_min10_cafe_min50_total,,0.0,2.0,0,1,primary_unverified_candidate,validation_only_not_added,,,,incomplete_stay_evidence_and_walk_network,38.85643243452433,not_computed_missing_graph_and_runtime,cafe_draft_2025q4_observed_sales_study_unverified_2026poi
3110237,메가박스 상봉,골목상권,accessible_official_786,non_tourism_observed_subset_if_ranked,True,,12.0,0.0,26.0,True,False,insufficient,partial_or_unusable_sales,54.93122420907841,0.0,52.74967115400516,,,,unknown,only_C1_C2_scored_C_stay_unverified,0.1243144554495554,285,96.52940164202695,0.9452479977658758,-0.1345602099453287,18.34862385321101,residual_candidate_min10_cafe_min50_total,,0.0,1.0,0,1,primary_unverified_candidate,validation_only_not_added,,,,incomplete_stay_evidence_and_walk_network,48.05747443376968,not_computed_missing_graph_and_runtime,cafe_draft_2025q4_observed_sales_study_unverified_2026poi
3110238,배꽃어린이공원,골목상권,accessible_official_786,non_tourism_observed_subset_if_ranked,True,,1.0,0.0,,False,False,supply_only,no_cafe_sales_rows,23.07083906464924,0.0,,,,16.149587345254467,unknown,only_C1_C2_scored_C_stay_unverified,0.029151456515923,27,34.30360330207802,0.8314681461829462,-0.087476279025716,,below_residual_ranking_support,,0.0,0.0,0,1,primary_unverified_candidate,validation_only_not_added,,,,incomplete_stay_evidence_and_walk_network,33.88037084337116,not_computed_missing_graph_and_runtime,cafe_draft_2025q4_observed_sales_study_unverified_2026poi
3110239,중랑역 2번,골목상권,accessible_official_786,non_tourism_observed_subset_if_ranked,True,,2.0,0.0,3.0,False,False,supply_only,no_cafe_sales_rows,66.70563961485557,0.0,,,,46.6939477303989,unknown,only_C1_C2_scored_C_stay_unverified,0.0103604971954484,29,100.0,1.5482510308234172,0.455579791116973,,below_residual_ranking_support,,0.0,0.0,0,0,primary_unverified_candidate,validation_only_not_added,,,,incomplete_stay_evidence_and_walk_network,41.4472010178117,not_computed_missing_graph_and_runtime,cafe_draft_2025q4_observed_sales_study_unverified_2026poi
3110240,태릉시장 특화거리,골목상권,accessible_official_786,non_tourism_observed_subset_if_ranked,True,,4.0,1.0,11.0,True,False,insufficient,partial_or_unusable_sales,44.9656121045392,30.65764925373134,37.54468157799612,,,,unknown,only_C1_C2_scored_C_stay_unverified,0.0455012034941063,136,109.8872033274382,0.825354409813954,-0.0470804605368608,,below_residual_ranking_support,,0.0,0.0,0,1,primary_unverified_candidate,validation_only_not_added,,,,incomplete_stay_evidence_and_walk_network,38.52411739664664,not_computed_missing_graph_and_runtime,cafe_draft_2025q4_observed_sales_study_unverified_2026poi
3110241,먹골역 5번,골목상권,accessible_official_786,non_tourism_observed_subset_if_ranked,True,,6.0,3.0,18.0,True,True,complete,both_cafe_industries_sales_observed,27.716643741403026,43.684701492537314,31.174328214610533,33.86876472898664,31.98265916892336,,C2_bakery,only_C1_C2_scored_C_stay_unverified,0.0990002730364318,308,90.9088401876228,0.6559959724755062,-0.3329054719135316,,below_residual_ranking_support,,1.0,5.0,0,0,primary_unverified_candidate,validation_only_not_added,,,,incomplete_stay_evidence_and_walk_network,57.43002544529262,not_computed_missing_graph_and_runtime,cafe_draft_2025q4_observed_sales_study_unverified_2026poi
3110242,면목5동주민센터,골목상권,accessible_official_786,non_tourism_observed_subset_if_ranked,True,,3.0,0.0,3.0,False,False,supply_only,no_cafe_sales_rows,12.881705639614855,0.0,,,,9.017193947730398,unknown,only_C1_C2_scored_C_stay_unverified,0.1049296200184363,125,28.590592432078715,0.5387913587265492,-0.7948575885930713,,below_residual_ranking_support,,0.0,1.0,0,0,primary_unverified_candidate,validation_only_not_added,,,,incomplete_stay_evidence_and_walk_network,35.05089058524173,not_computed_missing_graph_and_runtime,cafe_draft_2025q4_observed_sales_study_unverified_2026poi
3110243,중랑노인종합복지관,골목상권,accessible_official_786,non_tourism_observed_subset_if_ranked,True,,6.0,3.0,9.0,True,True,complete,both_cafe_industries_sales_observed,19.308803301237965,38.08768656716418,16.068248749018586,42.02322270227808,23.854740934996432,,C2_bakery,only_C1_C2_scored_C_stay_unverified,0.1282032958632375,278,70.20100333146556,0.7267869047570358,-0.3979043533848694,,below_residual_ranking_support,,0.0,0.0,0,1,primary_unverified_candidate,validation_only_not_added,,,,incomplete_stay_evidence_and_walk_network,32.624355402045296,not_computed_missing_graph_and_runtime,cafe_draft_2025q4_observed_sales_study_unverified_2026poi
3110244,중화역 4번,골목상권,accessible_official_786,non_tourism_observed_subset_if_ranked,True,,4.0,2.0,11.0,True,False,insufficient,partial_or_unusable_sales,30.426409903713893,47.83582089552239,27.304174960418894,,,,unknown,only_C1_C2_scored_C_stay_unverified,0.0630174620019212,171,95.21170496864949,0.7877066648048964,-0.1659229226204639,,below_residual_ranking_support,,1.0,0.0,0,1,primary_unverified_candidate,validation_only_not_added,,,,incomplete_stay_evidence_and_walk_network,56.56269652376668,not_computed_missing_graph_and_runtime,cafe_draft_2025q4_observed_sales_study_unverified_2026poi
3110245,KB국민은행 중화동지점,골목상권,accessible_official_786,non_tourism_observed_subset_if_ranked,True,,1.0,0.0,2.0,False,False,supply_only,no_cafe_sales_rows,7.35213204951857,0.0,,,,5.146492434662998,unknown,only_C1_C2_scored_C_stay_unverified,0.0623260539079282,52,16.044654479124578,0.4317238451334528,-0.7819742935167443,,below_residual_ranking_support,,0.0,0.0,0,2,primary_unverified_candidate,validation_only_not_added,,,,incomplete_stay_evidence_and_walk_network,32.72801836318076,not_computed_missing_graph_and_runtime,cafe_draft_2025q4_observed_sales_study_unverified_2026poi
3110246,월드순복음교회,골목상권,accessible_official_786,non_tourism_observed_subset_if_ranked,True,,5.0,0.0,6.0,True,False,insufficient,partial_or_unusable_sales,30.557083906464925,0.0,38.00488670273211,,,,unknown,only_C1_C2_scored_C_stay_unverified,0.087285940276567,178,57.28299407851269,0.6306078636780772,-0.4924510902081187,,below_residual_ranking_support,,1.0,1.0,0,1,primary_unverified_candidate,validation_only_not_added,,,,incomplete_stay_evidence_and_walk_network,54.9299819077197,not_computed_missing_graph_and_runtime,cafe_draft_2025q4_observed_sales_study_unverified_2026poi
3110247,먹골역 1번,골목상권,accessible_official_786,non_tourism_observed_subset_if_ranked,True,,6.0,2.0,2.0,True,True,complete,both_cafe_industries_sales_observed,18.803301237964234,19.33768656716418,24.33757167134396,30.04953849175177,26.051161717466304,,C2_bakery,only_C1_C2_scored_C_stay_unverified,0.148325610470121,231,53.93539237521989,0.7774767081191185,-0.4718542547875235,,below_residual_ranking_support,,2.0,3.0,0,0,primary_unverified_candidate,validation_only_not_added,,,,incomplete_stay_evidence_and_walk_network,53.68320610687023,not_computed_missing_graph_and_runtime,cafe_draft_2025q4_observed_sales_study_unverified_2026poi
3110248,먹골파출소,골목상권,accessible_official_786,non_tourism_observed_subset_if_ranked,True,,2.0,1.0,1.0,False,False,supply_only,no_cafe_sales_rows,39.06808803301237,55.23320895522388,,,,43.91762430967582,unknown,only_C1_C2_scored_C_stay_unverified,0.0376145896753708,44,79.75628674647842,1.5306572691095146,0.232990113376849,,below_residual_ranking_support,,0.0,1.0,0,0,primary_unverified_candidate,validation_only_not_added,,,,incomplete_stay_evidence_and_walk_network,40.46437659033079,not_computed_missing_graph_and_runtime,cafe_draft_2025q4_observed_sales_study_unverified_2026poi
3110249,중화역 1번,골목상권,accessible_official_786,non_tourism_observed_subset_if_ranked,True,,9.0,3.0,4.0,True,False,insufficient,partial_or_unusable_sales,32.420907840440165,30.83022388059701,31.910283774448203,,,,unknown,only_C1_C2_scored_C_stay_unverified,0.1701860947449378,268,70.51104861407569,1.0052077588181887,-0.2472346935063334,12.844036697247708,residual_candidate_min10_cafe_min50_total,,0.0,1.0,0,1,primary_unverified_candidate,validation_only_not_added,,,,incomplete_stay_evidence_and_walk_network,38.13870103232423,not_computed_missing_graph_and_runtime,cafe_draft_2025q4_observed_sales_study_unverified_2026poi
3110250,화랑대역 7번,골목상권,accessible_official_786,non_tourism_observed_subset_if_ranked,True,,1.0,0.0,,False,False,supply_only,no_cafe_sales_rows,6.788170563961486,0.0,,,,4.7517193947730405,unknown,only_C1_C2_scored_C_stay_unverified,0.0393363979829653,79,25.4217480826041,0.2841726575561968,-0.7895967321963483,,below_residual_ranking_support,,0.0,2.0,0,3,primary_unverified_candidate,validation_only_not_added,,,,incomplete_stay_evidence_and_walk_network,44.084728954421,not_computed_missing_graph_and_runtime,cafe_draft_2025q4_observed_sales_study_unverified_2026poi
3110251,장안중학교,골목상권,accessible_official_786,non_tourism_observed_subset_if_ranked,True,,5.0,1.0,4.0,True,False,insufficient,partial_or_unusable_sales,31.85694635488308,11.473880597014926,29.33257481801577,,,,unknown,only_C1_C2_scored_C_stay_unverified,0.0904868492452987,164,66.30797790002323,0.8213282907416908,-0.311296073830644,,below_residual_ranking_support,,0.0,0.0,0,1,primary_unverified_candidate,validation_only_not_added,,,,incomplete_stay_evidence_and_walk_network,34.42827668611345,not_computed_missing_graph_and_runtime,cafe_draft_2025q4_observed_sales_study_unverified_2026poi
3110252,장안제일시장,골목상권,accessible_official_786,non_tourism_observed_subset_if_ranked,True,,10.0,2.0,3.0,False,False,supply_only,no_cafe_sales_rows,52.13892709766162,25.956156716417908,,,,44.2840959832885,unknown,only_C1_C2_scored_C_stay_unverified,0.1214508709386858,216,98.80538449212251,1.2472022192744192,0.0243714017885068,28.440366972477065,residual_candidate_min10_cafe_min50_total,,0.0,2.0,0,1,primary_unverified_candidate,validation_only_not_added,,,,incomplete_stay_evidence_and_walk_network,44.206097195212806,not_computed_missing_graph_and_runtime,cafe_draft_2025q4_observed_sales_study_unverified_2026poi
3110253,중곡초등학교,골목상권,accessible_official_786,non_tourism_observed_subset_if_ranked,True,,5.0,1.0,4.0,False,False,supply_only,no_cafe_sales_rows,31.348005502063277,11.044776119402984,,,,25.257036687265185,unknown,only_C1_C2_scored_C_stay_unverified,0.0864370227763887,174,69.41469994312403,0.7741255154117086,-0.3216457935422954,,below_residual_ranking_support,,0.0,0.0,0,1,primary_unverified_candidate,validation_only_not_added,,,,incomplete_stay_evidence_and_walk_network,33.428015460675894,not_computed_missing_graph_and_runtime,cafe_draft_2025q4_observed_sales_study_unverified_2026poi
3110254,오거리공원,골목상권,accessible_official_786,non_tourism_observed_subset_if_ranked,True,,5.0,3.0,13.0,True,False,insufficient,partial_or_unusable_sales,9.484181568088031,29.412313432835823,20.894689641129084,,,,unknown,only_C1_C2_scored_C_stay_unverified,0.1654879295624417,312,48.34189430704944,0.5756317935112705,-0.6832653038011869,,below_residual_ranking_support,,0.0,0.0,0,0,primary_unverified_candidate,validation_only_not_added,,,,incomplete_stay_evidence_and_walk_network,30.041348600508904,not_computed_missing_graph_and_runtime,cafe_draft_2025q4_observed_sales_study_unverified_2026poi
3110255,상봉역 4번,골목상권,accessible_official_786,non_tourism_observed_subset_if_ranked,True,,11.0,0.0,8.0,True,False,insufficient,partial_or_unusable_sales,35.309491059147184,0.0,30.94096068129374,,,,unknown,only_C1_C2_scored_C_stay_unverified,0.1910985933563762,315,57.56190983303737,0.7839556806867779,-0.4673845383939414,3.9755351681957185,residual_candidate_min10_cafe_min50_total,,1.0,2.0,1,0,primary_unverified_candidate,validation_only_not_added,,,,incomplete_stay_evidence_and_walk_network,55.35716250601747,not_computed_missing_graph_and_runtime,cafe_draft_2025q4_observed_sales_study_unverified_2026poi
3110256,면목2동체육관,골목상권,accessible_official_786,non_tourism_observed_subset_if_ranked,True,,8.0,1.0,3.0,True,False,insufficient,partial_or_unusable_sales,17.8404401650619,2.173507462686567,20.422957891996383,,,,unknown,only_C1_C2_scored_C_stay_unverified,0.2216910333220373,291,40.59704113935109,0.694318761245553,-0.6761438022263144,,below_residual_ranking_support,,0.0,0.0,0,2,primary_unverified_candidate,validation_only_not_added,,,,incomplete_stay_evidence_and_walk_network,32.28399316943856,not_computed_missing_graph_and_runtime,cafe_draft_2025q4_observed_sales_study_unverified_2026poi
3110257,상봉역 7번,골목상권,accessible_official_786,non_tourism_observed_subset_if_ranked,True,,5.0,3.0,1.0,False,False,supply_only,no_cafe_sales_rows,27.627235213204955,54.9160447761194,,,,35.813878082079285,unknown,only_C1_C2_scored_C_stay_unverified,0.1142403749816361,133,70.02778134513287,1.3503542825226795,-0.0563531317779584,,below_residual_ranking_support,,0.0,0.0,0,1,primary_unverified_candidate,validation_only_not_added,,,,incomplete_stay_evidence_and_walk_network,33.00172457163866,not_computed_missing_graph_and_runtime,cafe_draft_2025q4_observed_sales_study_unverified_2026poi
3110258,면동초등학교,골목상권,accessible_official_786,non_tourism_observed_subset_if_ranked,True,,5.0,1.0,7.0,True,False,insufficient,partial_or_unusable_sales,23.583218707015128,9.888059701492535,22.745560596152515,,,,unknown,only_C1_C2_scored_C_stay_unverified,0.1113461098410158,167,53.88603165900477,0.8065738903092053,-0.4170966879466375,,below_residual_ranking_support,,0.0,0.0,1,0,primary_unverified_candidate,validation_only_not_added,,,,incomplete_stay_evidence_and_walk_network,41.23641771542535,not_computed_missing_graph_and_runtime,cafe_draft_2025q4_observed_sales_study_unverified_2026poi
3110259,사가정역 1번,골목상권,accessible_official_786,non_tourism_observed_subset_if_ranked,True,,9.0,3.0,14.0,True,False,insufficient,partial_or_unusable_sales,59.03713892709766,55.139925373134325,50.46211249983771,,,,unknown,only_C1_C2_scored_C_stay_unverified,0.0862321141327754,220,139.15929257542115,1.2245258152876115,0.1732808228086488,40.36697247706422,residual_candidate_min10_cafe_min50_total,,0.0,0.0,0,0,primary_unverified_candidate,validation_only_not_added,,,,incomplete_stay_evidence_and_walk_network,37.02608142493639,not_computed_missing_graph_and_runtime,cafe_draft_2025q4_observed_sales_study_unverified_2026poi
3110260,면목역 3번,골목상권,accessible_official_786,non_tourism_observed_subset_if_ranked,True,,2.0,1.0,3.0,True,False,insufficient,partial_or_unusable_sales,7.599724896836314,18.125,15.100458197780451,,,,unknown,only_C1_C2_scored_C_stay_unverified,0.0658904349752958,168,45.53012893487173,0.4008864276239204,-0.7367584680466959,,below_residual_ranking_support,,1.0,2.0,0,1,primary_unverified_candidate,validation_only_not_added,,,,incomplete_stay_evidence_and_walk_network,56.33701467699959,not_computed_missing_graph_and_runtime,cafe_draft_2025q4_observed_sales_study_unverified_2026poi
3110261,사가정역 4번,골목상권,accessible_official_786,non_tourism_observed_subset_if_ranked,True,,7.0,2.0,5.0,True,False,insufficient,partial_or_unusable_sales,45.04470426409904,36.59048507462687,45.38760197642421,,,,unknown,only_C1_C2_scored_C_stay_unverified,0.1094184543333116,148,82.25303542110099,1.3651808075841618,0.012064044460653,,below_residual_ranking_support,,0.0,1.0,0,0,primary_unverified_candidate,validation_only_not_added,,,,incomplete_stay_evidence_and_walk_network,38.96310432569975,not_computed_missing_graph_and_runtime,cafe_draft_2025q4_observed_sales_study_unverified_2026poi
3110262,상봉역 3번,골목상권,accessible_official_786,non_tourism_observed_subset_if_ranked,True,,6.0,3.0,29.0,True,False,insufficient,partial_or_unusable_sales,18.68638239339753,36.76772388059701,19.558361366386716,,,,unknown,only_C1_C2_scored_C_stay_unverified,0.1218817002563496,320,73.842094269038,0.6313961235076748,-0.4497070194235339,,below_residual_ranking_support,,1.0,0.0,0,0,primary_unverified_candidate,validation_only_not_added,,,,incomplete_stay_evidence_and_walk_network,45.68384223918576,not_computed_missing_graph_and_runtime,cafe_draft_2025q4_observed_sales_study_unverified_2026poi
3110263,면목역 1번,골목상권,accessible_official_786,non_tourism_observed_subset_if_ranked,True,,3.0,2.0,6.0,True,False,insufficient,partial_or_unusable_sales,7.49656121045392,25.28917910447761,20.96510402466499,,,,unknown,only_C1_C2_scored_C_stay_unverified,0.1519865431379663,163,32.89764933637074,0.6886392621760598,-0.7025136976017161,,below_residual_ranking_support,,0.0,0.0,0,1,primary_unverified_candidate,validation_only_not_added,,,,incomplete_stay_evidence_and_walk_network,30.823583335752083,not_computed_missing_graph_and_runtime,cafe_draft_2025q4_observed_sales_study_unverified_2026poi
3110264,면목역 2번,골목상권,accessible_official_786,non_tourism_observed_subset_if_ranked,True,,9.0,4.0,16.0,False,False,supply_only,no_cafe_sales_rows,20.53645116918845,34.76679104477612,,,,24.805553131864748,unknown,only_C1_C2_scored_C_stay_unverified,0.216780647979813,322,59.96845254014825,0.9063519233236464,-0.3834259760291609,6.727828746177369,residual_candidate_min10_cafe_min50_total,,0.0,0.0,0,1,primary_unverified_candidate,validation_only_not_added,,,,incomplete_stay_evidence_and_walk_network,31.717380682862643,not_computed_missing_graph_and_runtime,cafe_draft_2025q4_observed_sales_study_unverified_2026poi
3110265,망우역 1번,골목상권,accessible_official_786,non_tourism_observed_subset_if_ranked,True,,7.0,1.0,6.0,True,False,insufficient,partial_or_unusable_sales,32.30398899587345,9.085820895522389,27.502807200241072,,,,unknown,only_C1_C2_scored_C_stay_unverified,0.1647188495382376,146,48.56760487598532,1.2301172573665506,-0.2756165562367809,,below_residual_ranking_support,,0.0,0.0,0,0,primary_unverified_candidate,validation_only_not_added,,,,incomplete_stay_evidence_and_walk_network,32.13422391857506,not_computed_missing_graph_and_runtime,cafe_draft_2025q4_observed_sales_study_unverified_2026poi
3110266,면목동우체국,골목상권,accessible_official_786,non_tourism_observed_subset_if_ranked,True,,4.0,2.0,5.0,True,False,insufficient,partial_or_unusable_sales,15.323246217331498,32.92910447761194,23.75364443360249,,,,unknown,only_C1_C2_scored_C_stay_unverified,0.1139593166580966,163,52.65036835909906,0.8263671146112718,-0.4149183969650754,,below_residual_ranking_support,,0.0,0.0,0,1,primary_unverified_candidate,validation_only_not_added,,,,incomplete_stay_evidence_and_walk_network,31.12637748043228,not_computed_missing_graph_and_runtime,cafe_draft_2025q4_observed_sales_study_unverified_2026poi
3110267,망우역 2번,골목상권,accessible_official_786,non_tourism_observed_subset_if_ranked,True,,10.0,1.0,2.0,True,False,insufficient,partial_or_unusable_sales,51.21733149931224,6.9402985074626855,49.42687124474956,,,,unknown,only_C1_C2_scored_C_stay_unverified,0.1255853213860271,213,87.58985428072396,1.1593710770719956,-0.0637157006893684,21.712538226299692,residual_candidate_min10_cafe_min50_total,,0.0,3.0,0,0,primary_unverified_candidate,validation_only_not_added,,,,incomplete_stay_evidence_and_walk_network,42.474554707379134,not_computed_missing_graph_and_runtime,cafe_draft_2025q4_observed_sales_study_unverified_2026poi
3110268,망우3동주민센터,골목상권,accessible_official_786,non_tourism_observed_subset_if_ranked,True,,3.0,1.0,,True,False,insufficient,partial_or_unusable_sales,25.055020632737275,24.80410447761194,26.189880563134672,,,,unknown,only_C1_C2_scored_C_stay_unverified,0.0711820170847589,87,56.193968137163935,1.032167353882278,-0.1992974545659402,,below_residual_ranking_support,,0.0,0.0,0,1,primary_unverified_candidate,validation_only_not_added,,,,incomplete_stay_evidence_and_walk_network,28.761808357279,not_computed_missing_graph_and_runtime,cafe_draft_2025q4_observed_sales_study_unverified_2026poi
3110269,용마문화복지센터,골목상권,accessible_official_786,non_tourism_observed_subset_if_ranked,True,,1.0,0.0,4.0,False,False,supply_only,no_cafe_sales_rows,5.347317744154058,0.0,,,,3.74312242090784,unknown,only_C1_C2_scored_C_stay_unverified,0.0500271978814398,74,19.98912676200484,0.3033735127964804,-0.8663862136844641,,below_residual_ranking_support,,1.0,3.0,0,0,primary_unverified_candidate,validation_only_not_added,,,,incomplete_stay_evidence_and_walk_network,51.52671755725192,not_computed_missing_graph_and_runtime,cafe_draft_2025q4_observed_sales_study_unverified_2026poi
3110270,혜원여고,골목상권,accessible_official_786,non_tourism_observed_subset_if_ranked,True,,2.0,0.0,4.0,True,False,insufficient,partial_or_unusable_sales,35.47111416781293,0.0,37.86177196913323,,,,unknown,only_C1_C2_scored_C_stay_unverified,0.0356163680036124,55,56.15395707381364,0.8163505435250744,-0.1467271773718852,,below_residual_ranking_support,,0.0,0.0,0,1,primary_unverified_candidate,validation_only_not_added,,,,incomplete_stay_evidence_and_walk_network,30.834603179210323,not_computed_missing_graph_and_runtime,cafe_draft_2025q4_observed_sales_study_unverified_2026poi
3110271,신내역 1번,골목상권,accessible_official_786,non_tourism_observed_subset_if_ranked,True,,2.0,0.0,,False,False,supply_only,no_cafe_sales_rows,26.91884456671252,0.0,,,,18.84319119669876,unknown,only_C1_C2_scored_C_stay_unverified,0.1125087528143553,36,17.77639472459617,1.2472022192744192,-0.4574210304077402,,below_residual_ranking_support,,0.0,0.0,0,0,primary_unverified_candidate,validation_only_not_added,,,,incomplete_stay_evidence_and_walk_network,25.84923664122137,not_computed_missing_graph_and_runtime,cafe_draft_2025q4_observed_sales_study_unverified_2026poi
3110272,신내1동주민센터,골목상권,accessible_official_786,non_tourism_observed_subset_if_ranked,True,,16.0,3.0,15.0,True,True,complete,both_cafe_industries_sales_observed,60.30261348005502,29.179104477611936,61.67323033022629,30.16221523959151,52.21992580303585,,C1_coffee,only_C1_C2_scored_C_stay_unverified,0.1462391737222117,389,129.92414765753128,1.0965119768428055,0.0545423555876589,30.886850152905197,residual_candidate_min10_cafe_min50_total,38.16482836454402,3.0,8.0,0,1,primary_unverified_candidate,validation_only_not_added,,,,incomplete_stay_evidence_and_walk_network,63.76679340937896,not_computed_missing_graph_and_runtime,cafe_draft_2025q4_observed_sales_study_unverified_2026poi
3110273,장스여성병원,골목상권,accessible_official_786,non_tourism_observed_subset_if_ranked,True,,3.0,1.0,13.0,True,True,complete,both_cafe_industries_sales_observed,19.319119669876205,20.732276119402982,22.92400473264906,26.387593283582085,23.96308129792897,,C2_bakery,only_C1_C2_scored_C_stay_unverified,0.0691761601215344,121,57.823388765327095,0.7421368577500678,-0.3613251723425728,,below_residual_ranking_support,,0.0,0.0,0,1,primary_unverified_candidate,validation_only_not_added,,,,incomplete_stay_evidence_and_walk_network,32.449987422478934,not_computed_missing_graph_and_runtime,cafe_draft_2025q4_observed_sales_study_unverified_2026poi
3110274,서일대학교,골목상권,accessible_official_786,non_tourism_observed_subset_if_ranked,True,,14.0,4.0,2.0,True,True,complete,both_cafe_industries_sales_observed,56.35488308115544,46.180037313432834,55.31538288606861,50.68128927729772,53.92515480343734,,C1_coffee,only_C1_C2_scored_C_stay_unverified,0.1639716463826162,262,109.77507634459118,1.5423416757439383,0.1615966074026626,39.75535168195719,residual_candidate_min10_cafe_min50_total,44.442200435220315,1.0,1.0,0,1,primary_unverified_candidate,validation_only_not_added,,,,incomplete_stay_evidence_and_walk_network,48.82945365183487,not_computed_missing_graph_and_runtime,cafe_draft_2025q4_observed_sales_study_unverified_2026poi
3110275,하나은행 망우동지점,골목상권,accessible_official_786,non_tourism_observed_subset_if_ranked,True,,6.0,1.0,12.0,True,False,insufficient,partial_or_unusable_sales,80.24071526822559,42.64925373134329,67.88024932163769,,,,unknown,only_C1_C2_scored_C_stay_unverified,0.0354499701543451,95,197.4613792204282,1.6541839960902824,0.5470870343844765,,below_residual_ranking_support,,0.0,0.0,0,1,primary_unverified_candidate,validation_only_not_added,,,,incomplete_stay_evidence_and_walk_network,36.68438887760137,not_computed_missing_graph_and_runtime,cafe_draft_2025q4_observed_sales_study_unverified_2026poi
3110276,신내IC북측,골목상권,accessible_official_786,non_tourism_observed_subset_if_ranked,True,,3.0,0.0,,False,False,supply_only,no_cafe_sales_rows,37.61348005502064,0.0,,,,26.329436038514444,unknown,only_C1_C2_scored_C_stay_unverified,0.1188224675886594,24,25.247750369782125,2.806204993367444,0.0152985301413066,,below_residual_ranking_support,,0.0,0.0,0,0,primary_unverified_candidate,validation_only_not_added,,,,incomplete_stay_evidence_and_walk_network,24.392493638676843,not_computed_missing_graph_and_runtime,cafe_draft_2025q4_observed_sales_study_unverified_2026poi
3110277,러스크서울병원,골목상권,accessible_official_786,non_tourism_observed_subset_if_ranked,True,,5.0,5.0,4.0,True,False,insufficient,partial_or_unusable_sales,22.905777166437417,75.01865671641791,27.984068855055614,,,,unknown,only_C1_C2_scored_C_stay_unverified,0.1180817161098885,162,84.68711608742085,1.3857802436382436,0.0238801082818786,28.134556574923547,residual_candidate_min10_cafe_min50_total,,0.0,0.0,0,2,primary_unverified_candidate,validation_only_not_added,,,,incomplete_stay_evidence_and_walk_network,25.941483083234164,not_computed_missing_graph_and_runtime,cafe_draft_2025q4_observed_sales_study_unverified_2026poi
3110278,망우본동주민센터,골목상권,accessible_official_786,non_tourism_observed_subset_if_ranked,True,,12.0,5.0,10.0,True,True,complete,both_cafe_industries_sales_observed,54.55983493810179,63.41417910447761,51.12290780490771,59.982030636292215,53.78064465432306,,C2_bakery,only_C1_C2_scored_C_stay_unverified,0.1374168462948286,257,123.71117849354808,1.484995638513511,0.1997038127456791,41.59021406727829,residual_candidate_min10_cafe_min50_total,42.84249776980769,1.0,1.0,0,1,primary_unverified_candidate,validation_only_not_added,,,,incomplete_stay_evidence_and_walk_network,46.96639383120967,not_computed_missing_graph_and_runtime,cafe_draft_2025q4_observed_sales_study_unverified_2026poi
3110279,신내역 2번,골목상권,accessible_official_786,non_tourism_observed_subset_if_ranked,True,,2.0,1.0,,False,False,supply_only,no_cafe_sales_rows,8.562585969738652,17.08955223880597,,,,11.120675850458849,unknown,only_C1_C2_scored_C_stay_unverified,0.4808446174550623,82,6.239021694529766,0.8213282907416908,-1.276346711642731,,below_residual_ranking_support,,0.0,0.0,0,0,primary_unverified_candidate,validation_only_not_added,,,,incomplete_stay_evidence_and_walk_network,23.928117048346056,not_computed_missing_graph_and_runtime,cafe_draft_2025q4_observed_sales_study_unverified_2026poi
3110280,북정마을,골목상권,accessible_official_786,non_tourism_observed_subset_if_ranked,True,,4.0,1.0,,True,False,insufficient,partial_or_unusable_sales,38.87207702888583,36.71641791044776,45.77559301609688,,,,unknown,only_C1_C2_scored_C_stay_unverified,0.1509642061475971,22,33.12043382728433,5.102190897031716,0.3545493776308706,,below_residual_ranking_support,,0.0,0.0,0,1,primary_unverified_candidate,validation_only_not_added,,,,incomplete_stay_evidence_and_walk_network,22.543627066825334,not_computed_missing_graph_and_runtime,cafe_draft_2025q4_observed_sales_study_unverified_2026poi
3110283,성북초등학교앞,골목상권,accessible_official_786,non_tourism_observed_subset_if_ranked,True,,9.0,3.0,1.0,True,True,complete,both_cafe_industries_sales_observed,91.92572214580468,91.3945895522388,72.28436913842691,79.04200216025137,74.31165904497425,,C2_bakery,only_C1_C2_scored_C_stay_unverified,0.0422099568093369,57,284.2931125043365,4.726239988829378,1.2220686997163337,97.55351681957187,residual_candidate_min10_cafe_min50_total,78.36265316126011,0.0,0.0,0,1,primary_unverified_candidate,validation_only_not_added,,,,incomplete_stay_evidence_and_walk_network,36.7412682978744,not_computed_missing_graph_and_runtime,cafe_draft_2025q4_observed_sales_study_unverified_2026poi
3110285,홍대부중,골목상권,accessible_official_786,non_tourism_observed_subset_if_ranked,True,,9.0,4.0,2.0,True,True,complete,both_cafe_industries_sales_observed,69.49449793672628,77.5652985074627,67.39289470573323,77.22334053417126,70.34202845426464,,C2_bakery,only_C1_C2_scored_C_stay_unverified,0.0900031822053643,95,144.43933738184188,3.0720559927390965,0.6749154717444685,80.73394495412845,residual_candidate_min10_cafe_min50_total,76.5147732465915,0.0,0.0,0,0,primary_unverified_candidate,validation_only_not_added,,,,incomplete_stay_evidence_and_walk_network,32.547709923664115,not_computed_missing_graph_and_runtime,cafe_draft_2025q4_observed_sales_study_unverified_2026poi
3110286,한성대입구역 5번,골목상권,accessible_official_786,non_tourism_observed_subset_if_ranked,True,,18.0,4.0,4.0,True,False,insufficient,partial_or_unusable_sales,85.82530949105914,68.51679104477611,80.7477861916798,,,,unknown,only_C1_C2_scored_C_stay_unverified,0.1120926744171586,131,196.2661709553461,3.770168540707405,0.89878003622559,90.82568807339449,residual_candidate_min10_cafe_min50_total,,0.0,0.0,0,1,primary_unverified_candidate,validation_only_not_added,,,,incomplete_stay_evidence_and_walk_network,41.4990639421821,not_computed_missing_graph_and_runtime,cafe_draft_2025q4_observed_sales_study_unverified_2026poi
3110288,동구여중,골목상권,accessible_official_786,non_tourism_observed_subset_if_ranked,True,,13.0,4.0,0.0,True,False,insufficient,partial_or_unusable_sales,84.07152682255847,78.19496268656715,71.06646221841388,,,,unknown,only_C1_C2_scored_C_stay_unverified,0.0826974634482829,130,205.56857841995856,2.93572214690748,0.7986835893642974,86.54434250764525,residual_candidate_min10_cafe_min50_total,,0.0,0.0,0,0,primary_unverified_candidate,validation_only_not_added,,,,incomplete_stay_evidence_and_walk_network,35.75381679389313,not_computed_missing_graph_and_runtime,cafe_draft_2025q4_observed_sales_study_unverified_2026poi
3110291,한성대입구역 3번,골목상권,accessible_official_786,non_tourism_observed_subset_if_ranked,True,,13.0,3.0,7.0,True,True,complete,both_cafe_industries_sales_observed,53.08115543328748,32.87313432835821,48.689049240459696,25.083562450903376,41.6074032035928,,C1_coffee,only_C1_C2_scored_C_stay_unverified,0.1755499776195828,233,91.1421363702594,1.541606176613875,0.0814349003178742,33.02752293577982,residual_candidate_min10_cafe_min50_total,31.813544887372597,0.0,0.0,1,2,primary_unverified_candidate,validation_only_not_added,,,,incomplete_stay_evidence_and_walk_network,36.07138704170168,not_computed_missing_graph_and_runtime,cafe_draft_2025q4_observed_sales_study_unverified_2026poi
3110293,삼선중학교,골목상권,accessible_official_786,non_tourism_observed_subset_if_ranked,True,,9.0,0.0,1.0,True,False,insufficient,partial_or_unusable_sales,62.54814305364511,0.0,56.89368523442192,,,,unknown,only_C1_C2_scored_C_stay_unverified,0.0797702621635996,201,112.82399926857504,1.0052077588181887,-0.0047551395377851,,below_residual_ranking_support,,0.0,0.0,0,1,primary_unverified_candidate,validation_only_not_added,,,,incomplete_stay_evidence_and_walk_network,34.87174556642382,not_computed_missing_graph_and_runtime,cafe_draft_2025q4_observed_sales_study_unverified_2026poi
3110295,정릉우체국,골목상권,accessible_official_786,non_tourism_observed_subset_if_ranked,True,,2.0,2.0,1.0,True,False,insufficient,partial_or_unusable_sales,4.088720770288858,26.73507462686567,15.571915766226542,,,,unknown,only_C1_C2_scored_C_stay_unverified,0.1529854758988045,152,26.146272883093065,0.5907799986036723,-0.8506210330552675,,below_residual_ranking_support,,0.0,3.0,0,5,primary_unverified_candidate,validation_only_not_added,,,,incomplete_stay_evidence_and_walk_network,31.37872367186215,not_computed_missing_graph_and_runtime,cafe_draft_2025q4_observed_sales_study_unverified_2026poi
3110296,성신여대입구역 4번,골목상권,accessible_official_786,non_tourism_observed_subset_if_ranked,True,,10.0,2.0,2.0,True,False,insufficient,partial_or_unusable_sales,81.36863823933975,54.29570895522389,79.9672867079253,,,,unknown,only_C1_C2_scored_C_stay_unverified,0.0594152883932045,145,201.9682193678029,1.8579012369881005,0.5683238273270734,76.14678899082568,residual_candidate_min10_cafe_min50_total,,0.0,1.0,0,3,primary_unverified_candidate,validation_only_not_added,,,,incomplete_stay_evidence_and_walk_network,46.10162153271607,not_computed_missing_graph_and_runtime,cafe_draft_2025q4_observed_sales_study_unverified_2026poi
3110297,경동고등학교,골목상권,accessible_official_786,non_tourism_observed_subset_if_ranked,True,,15.0,3.0,6.0,True,False,insufficient,partial_or_unusable_sales,62.29023383768914,35.39179104477612,54.15669076040128,,,,unknown,only_C1_C2_scored_C_stay_unverified,0.1671365327862268,224,107.6963827113884,1.8039889243076423,0.2364637077399827,45.25993883792049,residual_candidate_min10_cafe_min50_total,,0.0,0.0,0,2,primary_unverified_candidate,validation_only_not_added,,,,incomplete_stay_evidence_and_walk_network,34.1657838214379,not_computed_missing_graph_and_runtime,cafe_draft_2025q4_observed_sales_study_unverified_2026poi
3110298,솔숲어린이공원,골목상권,accessible_official_786,non_tourism_observed_subset_if_ranked,True,,2.0,0.0,,False,False,supply_only,no_cafe_sales_rows,41.1898211829436,0.0,,,,28.83287482806052,unknown,only_C1_C2_scored_C_stay_unverified,0.0378729021594853,39,52.80820549684488,1.151263587022541,0.0053299626083818,,below_residual_ranking_support,,0.0,3.0,2,2,primary_unverified_candidate,validation_only_not_added,,,,incomplete_stay_evidence_and_walk_network,52.92641208822673,not_computed_missing_graph_and_runtime,cafe_draft_2025q4_observed_sales_study_unverified_2026poi
3110299,정릉역 1번,골목상권,accessible_official_786,non_tourism_observed_subset_if_ranked,True,,7.0,2.0,8.0,True,False,insufficient,partial_or_unusable_sales,23.69669876203577,19.30037313432836,26.767669262585493,,,,unknown,only_C1_C2_scored_C_stay_unverified,0.1408039180360215,259,63.91867588299321,0.780103318619521,-0.4035100939677924,,below_residual_ranking_support,,0.0,0.0,0,6,primary_unverified_candidate,validation_only_not_added,,,,incomplete_stay_evidence_and_walk_network,29.908355827746007,not_computed_missing_graph_and_runtime,cafe_draft_2025q4_observed_sales_study_unverified_2026poi
3110300,삼선동주민센터,골목상권,accessible_official_786,non_tourism_observed_subset_if_ranked,True,,22.0,4.0,9.0,True,False,insufficient,partial_or_unusable_sales,80.25447042640991,48.54477611940298,79.07989283549637,,,,unknown,only_C1_C2_scored_C_stay_unverified,0.1555438898187097,244,167.15539279815908,2.392174748444378,0.5754849981646215,76.75840978593273,residual_candidate_min10_cafe_min50_total,,0.0,1.0,0,1,primary_unverified_candidate,validation_only_not_added,,,,incomplete_stay_evidence_and_walk_network,41.39555336255188,not_computed_missing_graph_and_runtime,cafe_draft_2025q4_observed_sales_study_unverified_2026poi
3110301,성신여대입구역 7번,골목상권,accessible_official_786,non_tourism_observed_subset_if_ranked,True,,4.0,3.0,6.0,True,False,insufficient,partial_or_unusable_sales,21.207015130674005,58.01772388059702,24.19808992579868,,,,unknown,only_C1_C2_scored_C_stay_unverified,0.1072925400289165,125,65.24218737028151,1.257179837028615,-0.11203064122174,,below_residual_ranking_support,,0.0,0.0,0,2,primary_unverified_candidate,validation_only_not_added,,,,incomplete_stay_evidence_and_walk_network,27.92592565717548,not_computed_missing_graph_and_runtime,cafe_draft_2025q4_observed_sales_study_unverified_2026poi
3110302,보문역 8번,골목상권,accessible_official_786,non_tourism_observed_subset_if_ranked,True,,6.0,2.0,3.0,True,True,complete,both_cafe_industries_sales_observed,53.51444291609353,51.68843283582089,51.94908172531912,49.50427140612725,51.21563862956155,,C1_coffee,only_C1_C2_scored_C_stay_unverified,0.0674811155752816,136,118.55168563529809,1.3205670557023264,0.1757430719045198,,below_residual_ranking_support,,0.0,0.0,0,1,primary_unverified_candidate,validation_only_not_added,,,,incomplete_stay_evidence_and_walk_network,34.52999496899157,not_computed_missing_graph_and_runtime,cafe_draft_2025q4_observed_sales_study_unverified_2026poi
3110303,성신여대입구역 1번,골목상권,accessible_official_786,non_tourism_observed_subset_if_ranked,True,,13.0,3.0,3.0,True,True,complete,both_cafe_industries_sales_observed,75.61898211829435,55.57369402985074,60.99496160103754,47.73382266300078,57.01661991962651,,C1_coffee,only_C1_C2_scored_C_stay_unverified,0.109216544305315,139,146.4979514026005,2.584131216913905,0.5769758583480034,77.06422018348624,residual_candidate_min10_cafe_min50_total,62.237797063833995,0.0,3.0,0,0,primary_unverified_candidate,validation_only_not_added,,,,incomplete_stay_evidence_and_walk_network,42.162849872773535,not_computed_missing_graph_and_runtime,cafe_draft_2025q4_observed_sales_study_unverified_2026poi
3110304,보문역 4번,골목상권,accessible_official_786,non_tourism_observed_subset_if_ranked,True,,10.0,5.0,,True,True,complete,both_cafe_industries_sales_observed,70.67744154057772,85.44776119402985,67.3486005339434,67.52724862529458,67.40219496134875,,C2_bakery,only_C1_C2_scored_C_stay_unverified,0.0932179393642146,138,160.9132330354681,2.4401782551021247,0.5936009420855002,77.98165137614679,residual_candidate_min10_cafe_min50_total,69.41337471902216,1.0,1.0,0,1,primary_unverified_candidate,validation_only_not_added,,,,incomplete_stay_evidence_and_walk_network,55.30946506835399,not_computed_missing_graph_and_runtime,cafe_draft_2025q4_observed_sales_study_unverified_2026poi
3110305,보문역 5번,골목상권,accessible_official_786,non_tourism_observed_subset_if_ranked,True,,17.0,0.0,4.0,True,False,insufficient,partial_or_unusable_sales,75.67400275103162,0.0,64.84306372403312,,,,unknown,only_C1_C2_scored_C_stay_unverified,0.1473129338836373,168,115.40059349729825,2.2716897565355496,0.3944597256867297,62.69113149847095,residual_candidate_min10_cafe_min50_total,,1.0,2.0,0,1,primary_unverified_candidate,validation_only_not_added,,,,incomplete_stay_evidence_and_walk_network,54.87753848237696,not_computed_missing_graph_and_runtime,cafe_draft_2025q4_observed_sales_study_unverified_2026poi
3110306,미아초등학교,골목상권,accessible_official_786,non_tourism_observed_subset_if_ranked,True,,5.0,0.0,3.0,True,False,insufficient,partial_or_unusable_sales,73.34938101788171,0.0,68.30706050287984,,,,unknown,only_C1_C2_scored_C_stay_unverified,0.0326005221212482,100,153.3717767281134,1.1224819973469775,0.2709969528753213,,below_residual_ranking_support,,0.0,2.0,0,2,primary_unverified_candidate,validation_only_not_added,,,,incomplete_stay_evidence_and_walk_network,47.96959142406564,not_computed_missing_graph_and_runtime,cafe_draft_2025q4_observed_sales_study_unverified_2026poi
3110307,길음역 7번,골목상권,accessible_official_786,non_tourism_observed_subset_if_ranked,True,,5.0,4.0,4.0,False,False,supply_only,no_cafe_sales_rows,45.43672627235213,86.78171641791045,,,,57.840223316019625,unknown,only_C1_C2_scored_C_stay_unverified,0.0551707464218871,175,163.12992996646423,1.154552911556891,0.2400439020874878,,below_residual_ranking_support,,0.0,2.0,1,0,primary_unverified_candidate,validation_only_not_added,,,,incomplete_stay_evidence_and_walk_network,58.56890860325976,not_computed_missing_graph_and_runtime,cafe_draft_2025q4_observed_sales_study_unverified_2026poi
3110308,길음역 8번,골목상권,accessible_official_786,non_tourism_observed_subset_if_ranked,True,,9.0,4.0,1.0,True,True,complete,both_cafe_industries_sales_observed,64.88308115543329,74.91138059701493,57.50981105619525,68.98401904948939,60.95207345418349,,C2_bakery,only_C1_C2_scored_C_stay_unverified,0.084904448353221,169,153.11329679591307,1.7268953805338114,0.3953444938061978,63.30275229357798,residual_candidate_min10_cafe_min50_total,57.73990036815264,0.0,1.0,0,3,primary_unverified_candidate,validation_only_not_added,,,,incomplete_stay_evidence_and_walk_network,41.40622006791861,not_computed_missing_graph_and_runtime,cafe_draft_2025q4_observed_sales_study_unverified_2026poi
3110309,대광초등학교,골목상권,accessible_official_786,non_tourism_observed_subset_if_ranked,True,,6.0,2.0,,True,False,insufficient,partial_or_unusable_sales,59.02682255845943,55.98880597014925,57.81492581576015,,,,unknown,only_C1_C2_scored_C_stay_unverified,0.0726227201352281,91,110.15836345848096,1.9735947206100704,0.3553537086489922,,below_residual_ranking_support,,0.0,0.0,0,1,primary_unverified_candidate,validation_only_not_added,,,,incomplete_stay_evidence_and_walk_network,36.07996159018566,not_computed_missing_graph_and_runtime,cafe_draft_2025q4_observed_sales_study_unverified_2026poi
3110310,길음역 10번,골목상권,accessible_official_786,non_tourism_observed_subset_if_ranked,True,,0.0,0.0,,False,False,supply_only,no_cafe_sales_rows,0.0,0.0,,,,0.0,unknown,only_C1_C2_scored_C_stay_unverified,0.0219241396078357,12,0.0,0.0,-0.2369330693811449,,below_residual_ranking_support,,0.0,0.0,0,2,primary_unverified_candidate,validation_only_not_added,,,,incomplete_stay_evidence_and_walk_network,27.32801933068238,not_computed_missing_graph_and_runtime,cafe_draft_2025q4_observed_sales_study_unverified_2026poi
3110311,종암아이파크2차후문,골목상권,accessible_official_786,non_tourism_observed_subset_if_ranked,True,,0.0,0.0,,False,False,supply_only,no_cafe_sales_rows,0.0,0.0,,,,0.0,unknown,only_C1_C2_scored_C_stay_unverified,0.0262502299079008,8,0.0,0.0,-0.1230967383558623,,below_residual_ranking_support,,0.0,1.0,0,0,primary_unverified_candidate,validation_only_not_added,,,,incomplete_stay_evidence_and_walk_network,32.735368956743,not_computed_missing_graph_and_runtime,cafe_draft_2025q4_observed_sales_study_unverified_2026poi
3110312,안암역 2번,골목상권,accessible_official_786,non_tourism_observed_subset_if_ranked,True,,12.0,2.0,5.0,True,False,insufficient,partial_or_unusable_sales,78.6382393397524,42.257462686567166,77.21010583886991,,,,unknown,only_C1_C2_scored_C_stay_unverified,0.0850533300343751,152,164.60260867319093,2.067729995112853,0.520054021489543,73.39449541284404,residual_candidate_min10_cafe_min50_total,,1.0,4.0,0,0,primary_unverified_candidate,validation_only_not_added,,,,incomplete_stay_evidence_and_walk_network,59.726463104325695,not_computed_missing_graph_and_runtime,cafe_draft_2025q4_observed_sales_study_unverified_2026poi
3110313,안암역 3번,골목상권,accessible_official_786,non_tourism_observed_subset_if_ranked,True,,14.0,1.0,31.0,True,False,insufficient,partial_or_unusable_sales,77.73039889958736,9.305037313432836,73.5735246345795,,,,unknown,only_C1_C2_scored_C_stay_unverified,0.082226772520556,253,182.4223369128361,1.331006320964795,0.3282926095660605,55.04587155963303,residual_candidate_min10_cafe_min50_total,,3.0,4.0,0,0,primary_unverified_candidate,validation_only_not_added,,,,incomplete_stay_evidence_and_walk_network,69.96819338422392,not_computed_missing_graph_and_runtime,cafe_draft_2025q4_observed_sales_study_unverified_2026poi
3110314,종암경찰서,골목상권,accessible_official_786,non_tourism_observed_subset_if_ranked,True,,5.0,3.0,5.0,True,True,complete,both_cafe_industries_sales_observed,27.028885832187072,51.92164179104478,34.659291120782314,52.233307148468185,39.93149592908807,,C2_bakery,only_C1_C2_scored_C_stay_unverified,0.0840304550674432,259,95.20357819768044,0.6934251721062409,-0.2696536294174674,,below_residual_ranking_support,,3.0,5.0,0,2,primary_unverified_candidate,validation_only_not_added,,,,incomplete_stay_evidence_and_walk_network,58.35510695730415,not_computed_missing_graph_and_runtime,cafe_draft_2025q4_observed_sales_study_unverified_2026poi
3110315,종암아이파크2차,골목상권,accessible_official_786,non_tourism_observed_subset_if_ranked,True,,7.0,6.0,2.0,True,True,complete,both_cafe_industries_sales_observed,46.20357634112792,88.03171641791045,44.88010900262461,66.22746465043204,51.28431569696684,,C2_bakery,only_C1_C2_scored_C_stay_unverified,0.0927307599733494,176,140.1908061978158,1.6582120415353077,0.3328327240379329,55.96330275229357,residual_candidate_min10_cafe_min50_total,49.33221476865847,0.0,0.0,0,1,primary_unverified_candidate,validation_only_not_added,,,,incomplete_stay_evidence_and_walk_network,31.87365638212444,not_computed_missing_graph_and_runtime,cafe_draft_2025q4_observed_sales_study_unverified_2026poi
3110316,숭곡초등학교,골목상권,accessible_official_786,non_tourism_observed_subset_if_ranked,True,,11.0,1.0,3.0,True,False,insufficient,partial_or_unusable_sales,35.15130674002751,2.192164179104477,46.29940701806893,,,,unknown,only_C1_C2_scored_C_stay_unverified,0.1804815197005127,350,66.4888018447127,0.7697019410379274,-0.4172104776839043,6.116207951070336,residual_candidate_min10_cafe_min50_total,,0.0,0.0,0,3,primary_unverified_candidate,validation_only_not_added,,,,incomplete_stay_evidence_and_walk_network,30.735434263102388,not_computed_missing_graph_and_runtime,cafe_draft_2025q4_observed_sales_study_unverified_2026poi
3110317,종암중학교,골목상권,accessible_official_786,non_tourism_observed_subset_if_ranked,True,,7.0,0.0,1.0,True,False,insufficient,partial_or_unusable_sales,58.92022008253095,0.0,64.41005072940604,,,,unknown,only_C1_C2_scored_C_stay_unverified,0.0913401250897188,95,76.63663689013184,1.6541839960902824,0.1084663527145213,,below_residual_ranking_support,,0.0,4.0,0,0,primary_unverified_candidate,validation_only_not_added,,,,incomplete_stay_evidence_and_walk_network,41.354961832061065,not_computed_missing_graph_and_runtime,cafe_draft_2025q4_observed_sales_study_unverified_2026poi
3110318,KT월곡지사,골목상권,accessible_official_786,non_tourism_observed_subset_if_ranked,True,,3.0,3.0,,False,False,supply_only,no_cafe_sales_rows,27.128610729023386,73.73134328358208,,,,41.10943049539099,unknown,only_C1_C2_scored_C_stay_unverified,0.0768109609564762,72,78.1138515295989,1.870803328911629,0.2021689528782919,,below_residual_ranking_support,,0.0,0.0,0,2,primary_unverified_candidate,validation_only_not_added,,,,incomplete_stay_evidence_and_walk_network,29.322141758337445,not_computed_missing_graph_and_runtime,cafe_draft_2025q4_observed_sales_study_unverified_2026poi
3110319,종암동주민센터,골목상권,accessible_official_786,non_tourism_observed_subset_if_ranked,True,,6.0,3.0,5.0,True,True,complete,both_cafe_industries_sales_observed,31.62998624484182,48.95522388059702,31.60358351594963,54.76207776904948,38.551131791879584,,C2_bakery,only_C1_C2_scored_C_stay_unverified,0.0983010849334345,232,91.55544932280692,0.8708912048381722,-0.1781583054198163,,below_residual_ranking_support,,0.0,2.0,1,0,primary_unverified_candidate,validation_only_not_added,,,,incomplete_stay_evidence_and_walk_network,47.77240217316554,not_computed_missing_graph_and_runtime,cafe_draft_2025q4_observed_sales_study_unverified_2026poi
3110320,KB국민은행 종암동지점,골목상권,accessible_official_786,non_tourism_observed_subset_if_ranked,True,,1.0,0.0,1.0,False,False,supply_only,no_cafe_sales_rows,11.458046767537828,0.0,,,,8.020632737276479,unknown,only_C1_C2_scored_C_stay_unverified,0.0528668231776476,39,18.91545471986684,0.5756317935112705,-0.554707328971794,,below_residual_ranking_support,,0.0,0.0,0,1,primary_unverified_candidate,validation_only_not_added,,,,incomplete_stay_evidence_and_walk_network,27.75278156715913,not_computed_missing_graph_and_runtime,cafe_draft_2025q4_observed_sales_study_unverified_2026poi
3110321,동덕여대,골목상권,accessible_official_786,non_tourism_observed_subset_if_ranked,True,,1.0,0.0,,False,False,supply_only,no_cafe_sales_rows,50.08596973865199,0.0,,,,35.06017881705639,unknown,only_C1_C2_scored_C_stay_unverified,0.0087428609804823,3,50.0,7.483213315646516,1.1311610273951749,,below_residual_ranking_support,,0.0,0.0,0,2,primary_unverified_candidate,validation_only_not_added,,,,incomplete_stay_evidence_and_walk_network,37.57992289012084,not_computed_missing_graph_and_runtime,cafe_draft_2025q4_observed_sales_study_unverified_2026poi
3110322,장위1동주민센터,골목상권,accessible_official_786,non_tourism_observed_subset_if_ranked,True,,1.0,1.0,4.0,False,False,supply_only,no_cafe_sales_rows,4.006189821182943,25.79757462686567,,,,10.54360526288776,unknown,only_C1_C2_scored_C_stay_unverified,0.0841980808836018,74,23.753510519614643,0.6067470255929608,-0.7021847445852225,,below_residual_ranking_support,,0.0,0.0,0,1,primary_unverified_candidate,validation_only_not_added,,,,incomplete_stay_evidence_and_walk_network,24.678564517845565,not_computed_missing_graph_and_runtime,cafe_draft_2025q4_observed_sales_study_unverified_2026poi
3110323,상월곡역 1번,골목상권,accessible_official_786,non_tourism_observed_subset_if_ranked,True,,8.0,6.0,6.0,True,True,complete,both_cafe_industries_sales_observed,56.62998624484182,90.27985074626866,58.151695786193045,70.79457973291437,61.94456097020944,,C2_bakery,only_C1_C2_scored_C_stay_unverified,0.083580684516813,175,167.50281576341692,1.7959711957551638,0.4530100307867224,68.50152905198776,residual_candidate_min10_cafe_min50_total,63.18816938991196,1.0,0.0,0,2,primary_unverified_candidate,validation_only_not_added,,,,incomplete_stay_evidence_and_walk_network,49.314972571329065,not_computed_missing_graph_and_runtime,cafe_draft_2025q4_observed_sales_study_unverified_2026poi
3110324,월곡역 4번,골목상권,accessible_official_786,non_tourism_observed_subset_if_ranked,True,,0.0,0.0,,False,False,supply_only,no_cafe_sales_rows,0.0,0.0,,,,0.0,unknown,only_C1_C2_scored_C_stay_unverified,0.0265672156115569,13,0.0,0.0,-0.3657138033372267,,below_residual_ranking_support,,0.0,0.0,0,2,primary_unverified_candidate,validation_only_not_added,,,,incomplete_stay_evidence_and_walk_network,28.85129741967318,not_computed_missing_graph_and_runtime,cafe_draft_2025q4_observed_sales_study_unverified_2026poi
3110325,장곡초등학교,골목상권,accessible_official_786,non_tourism_observed_subset_if_ranked,True,,3.0,3.0,7.0,False,False,supply_only,no_cafe_sales_rows,10.563961485557083,55.214552238805965,,,,23.959138711531747,unknown,only_C1_C2_scored_C_stay_unverified,0.104605748965104,157,57.358224183276704,0.857948023449919,-0.3552318955001168,,below_residual_ranking_support,,1.0,1.0,1,0,primary_unverified_candidate,validation_only_not_added,,,,incomplete_stay_evidence_and_walk_network,54.37978818513169,not_computed_missing_graph_and_runtime,cafe_draft_2025q4_observed_sales_study_unverified_2026poi
3110326,장위동성당,골목상권,accessible_official_786,non_tourism_observed_subset_if_ranked,True,,2.0,0.0,,False,False,supply_only,no_cafe_sales_rows,41.13480055020632,0.0,,,,28.794360385144422,unknown,only_C1_C2_scored_C_stay_unverified,0.0454746270805046,27,43.9805695703532,1.6629362923658924,0.1119252547905242,,below_residual_ranking_support,,0.0,0.0,0,1,primary_unverified_candidate,validation_only_not_added,,,,incomplete_stay_evidence_and_walk_network,29.721289389409723,not_computed_missing_graph_and_runtime,cafe_draft_2025q4_observed_sales_study_unverified_2026poi
3110327,상월곡역 2번,골목상권,accessible_official_786,non_tourism_observed_subset_if_ranked,True,,6.0,0.0,2.0,True,False,insufficient,partial_or_unusable_sales,35.94910591471802,0.0,38.37155248108751,,,,unknown,only_C1_C2_scored_C_stay_unverified,0.1172604622754066,145,51.168142130532935,0.9289506184940504,-0.3657758121087424,,below_residual_ranking_support,,0.0,0.0,0,1,primary_unverified_candidate,validation_only_not_added,,,,incomplete_stay_evidence_and_walk_network,30.33260045085576,not_computed_missing_graph_and_runtime,cafe_draft_2025q4_observed_sales_study_unverified_2026poi
3110328,상월곡역 3번,골목상권,accessible_official_786,non_tourism_observed_subset_if_ranked,True,,4.0,0.0,1.0,True,False,insufficient,partial_or_unusable_sales,37.76478679504815,0.0,39.468013449032455,,,,unknown,only_C1_C2_scored_C_stay_unverified,0.0882300934697988,69,45.33600546812525,1.3014284027211334,-0.1760200487244254,,below_residual_ranking_support,,0.0,0.0,1,0,primary_unverified_candidate,validation_only_not_added,,,,incomplete_stay_evidence_and_walk_network,39.02862595419848,not_computed_missing_graph_and_runtime,cafe_draft_2025q4_observed_sales_study_unverified_2026poi
3110329,우리은행체육관,골목상권,accessible_official_786,non_tourism_observed_subset_if_ranked,True,,0.0,0.0,6.0,False,False,supply_only,no_cafe_sales_rows,0.0,0.0,,,,0.0,unknown,only_C1_C2_scored_C_stay_unverified,0.0885422229480156,89,0.0,0.0,-1.9219310660817768,,below_residual_ranking_support,,0.0,0.0,0,0,primary_unverified_candidate,validation_only_not_added,,,,incomplete_stay_evidence_and_walk_network,31.676208651399488,not_computed_missing_graph_and_runtime,cafe_draft_2025q4_observed_sales_study_unverified_2026poi
3110330,돌곶이역 1번,골목상권,accessible_official_786,non_tourism_observed_subset_if_ranked,True,,3.0,1.0,2.0,True,False,insufficient,partial_or_unusable_sales,19.869325997248964,20.45708955223881,20.541886369957037,,,,unknown,only_C1_C2_scored_C_stay_unverified,0.0724206543103963,112,55.23286192438864,0.8017728552478409,-0.3414508959112925,,below_residual_ranking_support,,0.0,0.0,0,0,primary_unverified_candidate,validation_only_not_added,,,,incomplete_stay_evidence_and_walk_network,29.56424936386768,not_computed_missing_graph_and_runtime,cafe_draft_2025q4_observed_sales_study_unverified_2026poi
3110331,돌곶이역 8번,골목상권,accessible_official_786,non_tourism_observed_subset_if_ranked,True,,13.0,1.0,3.0,True,False,insufficient,partial_or_unusable_sales,74.54607977991746,9.673507462686567,67.82731297460592,,,,unknown,only_C1_C2_scored_C_stay_unverified,0.1058503330281174,170,132.2622196784315,1.848793877983257,0.3590046286378183,59.021406727828754,residual_candidate_min10_cafe_min50_total,,0.0,0.0,0,0,primary_unverified_candidate,validation_only_not_added,,,,incomplete_stay_evidence_and_walk_network,36.720737913486005,not_computed_missing_graph_and_runtime,cafe_draft_2025q4_observed_sales_study_unverified_2026poi
3110332,돌곶이역 3번,골목상권,accessible_official_786,non_tourism_observed_subset_if_ranked,True,,2.0,0.0,1.0,False,False,supply_only,no_cafe_sales_rows,39.54264099037139,0.0,,,,27.67984869325997,unknown,only_C1_C2_scored_C_stay_unverified,0.034401595839042,47,58.136837876870274,0.9553038275293424,-0.0479393658858133,,below_residual_ranking_support,,0.0,0.0,0,0,primary_unverified_candidate,validation_only_not_added,,,,incomplete_stay_evidence_and_walk_network,31.510814249363868,not_computed_missing_graph_and_runtime,cafe_draft_2025q4_observed_sales_study_unverified_2026poi
3110333,돌곶이역 5번,골목상권,accessible_official_786,non_tourism_observed_subset_if_ranked,True,,6.0,1.0,3.0,True,False,insufficient,partial_or_unusable_sales,51.16574965612104,18.423507462686565,43.798513581937485,,,,unknown,only_C1_C2_scored_C_stay_unverified,0.0673215730799951,153,103.97855664605794,1.0271077099906982,-0.0037012603440067,,below_residual_ranking_support,,2.0,1.0,0,1,primary_unverified_candidate,validation_only_not_added,,,,incomplete_stay_evidence_and_walk_network,60.30413897193277,not_computed_missing_graph_and_runtime,cafe_draft_2025q4_observed_sales_study_unverified_2026poi
3110334,석관중앙교회,골목상권,accessible_official_786,non_tourism_observed_subset_if_ranked,True,,2.0,0.0,1.0,False,False,supply_only,no_cafe_sales_rows,7.431224209078404,0.0,,,,5.201856946354883,unknown,only_C1_C2_scored_C_stay_unverified,0.0842111560775704,132,23.74982238882597,0.3401460598021144,-1.0096111037331064,,below_residual_ranking_support,,0.0,0.0,0,0,primary_unverified_candidate,validation_only_not_added,,,,incomplete_stay_evidence_and_walk_network,29.048982188295167,not_computed_missing_graph_and_runtime,cafe_draft_2025q4_observed_sales_study_unverified_2026poi
3110335,석계역 7번,골목상권,accessible_official_786,non_tourism_observed_subset_if_ranked,True,,5.0,2.0,26.0,True,True,complete,both_cafe_industries_sales_observed,12.950481430536453,19.486940298507463,26.017845694867816,22.75270031421838,25.038302080672985,,C1_coffee,only_C1_C2_scored_C_stay_unverified,0.1406534298754752,258,49.767716337933,0.6090987582502978,-0.6240905402717298,,below_residual_ranking_support,,1.0,2.0,1,0,primary_unverified_candidate,validation_only_not_added,,,,incomplete_stay_evidence_and_walk_network,55.216388143869054,not_computed_missing_graph_and_runtime,cafe_draft_2025q4_observed_sales_study_unverified_2026poi
3110336,석관고등학교,골목상권,accessible_official_786,non_tourism_observed_subset_if_ranked,True,,3.0,0.0,4.0,False,False,supply_only,no_cafe_sales_rows,35.36451169188446,0.0,,,,24.75515818431912,unknown,only_C1_C2_scored_C_stay_unverified,0.0625065033659377,61,47.9950059346116,1.1040806531281746,-0.174316863058465,,below_residual_ranking_support,,0.0,0.0,0,1,primary_unverified_candidate,validation_only_not_added,,,,incomplete_stay_evidence_and_walk_network,32.52822927853404,not_computed_missing_graph_and_runtime,cafe_draft_2025q4_observed_sales_study_unverified_2026poi
3110358,인수동 우편취급국,골목상권,accessible_official_786,non_tourism_observed_subset_if_ranked,True,,8.0,0.0,5.0,True,False,insufficient,partial_or_unusable_sales,56.10729023383769,0.0,45.104189105067405,,,,unknown,only_C1_C2_scored_C_stay_unverified,0.1113707692073261,112,71.83213384391127,1.6035457104956818,0.0468882412400826,,below_residual_ranking_support,,0.0,0.0,0,0,primary_unverified_candidate,validation_only_not_added,,,,incomplete_stay_evidence_and_walk_network,28.19020356234097,not_computed_missing_graph_and_runtime,cafe_draft_2025q4_observed_sales_study_unverified_2026poi
3110359,수유시장옆,골목상권,accessible_official_786,non_tourism_observed_subset_if_ranked,True,,5.0,2.0,3.0,True,False,insufficient,partial_or_unusable_sales,25.23383768913342,34.21175373134328,23.68790396808639,,,,unknown,only_C1_C2_scored_C_stay_unverified,0.1353102846939356,126,51.73294857692166,1.2472022192744192,-0.2237928090690837,,below_residual_ranking_support,,0.0,0.0,0,0,primary_unverified_candidate,validation_only_not_added,,,,incomplete_stay_evidence_and_walk_network,24.526081424936383,not_computed_missing_graph_and_runtime,cafe_draft_2025q4_observed_sales_study_unverified_2026poi
3110360,수유초등학교,골목상권,accessible_official_786,non_tourism_observed_subset_if_ranked,True,,5.0,0.0,5.0,True,False,insufficient,partial_or_unusable_sales,22.1595598349381,0.0,21.57110569469015,,,,unknown,only_C1_C2_scored_C_stay_unverified,0.1064457859054139,191,46.97226815952041,0.5876869096057473,-0.6220324760565039,,below_residual_ranking_support,,0.0,0.0,0,1,primary_unverified_candidate,validation_only_not_added,,,,incomplete_stay_evidence_and_walk_network,25.19097272612932,not_computed_missing_graph_and_runtime,cafe_draft_2025q4_observed_sales_study_unverified_2026poi
3110361,삼양사거리역 1번,골목상권,accessible_official_786,non_tourism_observed_subset_if_ranked,True,,2.0,2.0,1.0,False,False,supply_only,no_cafe_sales_rows,14.81774415405777,57.73787313432835,,,,27.693782848138945,unknown,only_C1_C2_scored_C_stay_unverified,0.0747952100885668,73,53.479360446524645,1.2301172573665506,-0.1292788565943123,,below_residual_ranking_support,,0.0,0.0,0,1,primary_unverified_candidate,validation_only_not_added,,,,incomplete_stay_evidence_and_walk_network,23.085166748904303,not_computed_missing_graph_and_runtime,cafe_draft_2025q4_observed_sales_study_unverified_2026poi
3110364,미아역 8번,골목상권,accessible_official_786,non_tourism_observed_subset_if_ranked,True,,2.0,0.0,5.0,False,False,supply_only,no_cafe_sales_rows,4.325997248968363,0.0,,,,3.0281980742778543,unknown,only_C1_C2_scored_C_stay_unverified,0.1270538970449591,159,15.74135108419605,0.2823854081376044,-1.2993751672026856,,below_residual_ranking_support,,2.0,0.0,0,2,primary_unverified_candidate,validation_only_not_added,,,,incomplete_stay_evidence_and_walk_network,40.09710571890208,not_computed_missing_graph_and_runtime,cafe_draft_2025q4_observed_sales_study_unverified_2026poi
3110365,미아역 5번,골목상권,accessible_official_786,non_tourism_observed_subset_if_ranked,True,,4.0,2.0,4.0,False,False,supply_only,no_cafe_sales_rows,20.16850068775791,38.213619402985074,,,,25.582036302326056,unknown,only_C1_C2_scored_C_stay_unverified,0.1151412697531049,126,52.1098995422378,1.069030473663788,-0.2825217720881594,,below_residual_ranking_support,,0.0,0.0,1,1,primary_unverified_candidate,validation_only_not_added,,,,incomplete_stay_evidence_and_walk_network,34.08846854429967,not_computed_missing_graph_and_runtime,cafe_draft_2025q4_observed_sales_study_unverified_2026poi
3110366,광산사거리,골목상권,accessible_official_786,non_tourism_observed_subset_if_ranked,True,,5.0,0.0,4.0,False,False,supply_only,no_cafe_sales_rows,54.42916093535075,0.0,,,,38.100412654745526,unknown,only_C1_C2_scored_C_stay_unverified,0.0575190424437074,107,86.92773362653574,1.0490485956513806,-0.0280853424842011,,below_residual_ranking_support,,0.0,1.0,0,1,primary_unverified_candidate,validation_only_not_added,,,,incomplete_stay_evidence_and_walk_network,38.41022552462776,not_computed_missing_graph_and_runtime,cafe_draft_2025q4_observed_sales_study_unverified_2026poi
3110367,강북구청,골목상권,accessible_official_786,non_tourism_observed_subset_if_ranked,True,,10.0,0.0,13.0,True,False,insufficient,partial_or_unusable_sales,78.97524071526823,0.0,63.958227368049904,,,,unknown,only_C1_C2_scored_C_stay_unverified,0.0638899378908022,154,156.5191692170925,1.4577688277233471,0.3355258813390884,56.574923547400616,residual_candidate_min10_cafe_min50_total,,0.0,3.0,0,0,primary_unverified_candidate,validation_only_not_added,,,,incomplete_stay_evidence_and_walk_network,43.00890585241731,not_computed_missing_graph_and_runtime,cafe_draft_2025q4_observed_sales_study_unverified_2026poi
3110368,송천초등학교,골목상권,accessible_official_786,non_tourism_observed_subset_if_ranked,True,,1.0,0.0,4.0,False,False,supply_only,no_cafe_sales_rows,2.0426409903713894,0.0,,,,1.4298486932599723,unknown,only_C1_C2_scored_C_stay_unverified,0.1049959996771701,100,9.52417237870669,0.2244963994693954,-1.3696391770582563,,below_residual_ranking_support,,0.0,0.0,0,2,primary_unverified_candidate,validation_only_not_added,,,,incomplete_stay_evidence_and_walk_network,25.37488994669065,not_computed_missing_graph_and_runtime,cafe_draft_2025q4_observed_sales_study_unverified_2026poi
3110369,성신여대운정그린캠퍼스,골목상권,accessible_official_786,non_tourism_observed_subset_if_ranked,True,,11.0,0.0,9.0,True,False,insufficient,partial_or_unusable_sales,49.60797799174691,0.0,48.39808832000524,,,,unknown,only_C1_C2_scored_C_stay_unverified,0.1338309015963115,262,82.19327426471712,0.9425421351768511,-0.2038056532362469,13.761467889908257,residual_candidate_min10_cafe_min50_total,,0.0,0.0,0,1,primary_unverified_candidate,validation_only_not_added,,,,incomplete_stay_evidence_and_walk_network,29.595412591066086,not_computed_missing_graph_and_runtime,cafe_draft_2025q4_observed_sales_study_unverified_2026poi
3110370,도봉세무서,골목상권,accessible_official_786,non_tourism_observed_subset_if_ranked,True,,8.0,2.0,4.0,True,False,insufficient,partial_or_unusable_sales,51.56808803301238,36.25466417910448,45.110329283317306,,,,unknown,only_C1_C2_scored_C_stay_unverified,0.1089015558836357,150,91.82605261108732,1.4966426631293033,0.1024148987096813,35.47400611620795,residual_candidate_min10_cafe_min50_total,,0.0,0.0,0,1,primary_unverified_candidate,validation_only_not_added,,,,incomplete_stay_evidence_and_walk_network,29.39843893613521,not_computed_missing_graph_and_runtime,cafe_draft_2025q4_observed_sales_study_unverified_2026poi
3110371,삼양입구사거리,골목상권,accessible_official_786,non_tourism_observed_subset_if_ranked,True,,5.0,1.0,7.0,True,False,insufficient,partial_or_unusable_sales,46.66093535075653,22.215485074626866,40.72032985730304,,,,unknown,only_C1_C2_scored_C_stay_unverified,0.0627617396713755,132,95.59964448749167,1.020438179406343,-0.0260735479056286,,below_residual_ranking_support,,0.0,0.0,0,1,primary_unverified_candidate,validation_only_not_added,,,,incomplete_stay_evidence_and_walk_network,31.01299112801014,not_computed_missing_graph_and_runtime,cafe_draft_2025q4_observed_sales_study_unverified_2026poi
3110372,강북중학교,골목상권,accessible_official_786,non_tourism_observed_subset_if_ranked,True,,6.0,1.0,3.0,True,False,insufficient,partial_or_unusable_sales,48.531636863823934,16.138059701492537,43.99919498500462,,,,unknown,only_C1_C2_scored_C_stay_unverified,0.0824209800533865,130,84.92983213091975,1.208826766373668,-0.0106946431842778,,below_residual_ranking_support,,0.0,1.0,0,1,primary_unverified_candidate,validation_only_not_added,,,,incomplete_stay_evidence_and_walk_network,35.3279685368473,not_computed_missing_graph_and_runtime,cafe_draft_2025q4_observed_sales_study_unverified_2026poi
3110373,수유역 2번,골목상권,accessible_official_786,non_tourism_observed_subset_if_ranked,True,,5.0,1.0,6.0,True,False,insufficient,partial_or_unusable_sales,34.037138927097665,12.453358208955224,34.579822385580385,,,,unknown,only_C1_C2_scored_C_stay_unverified,0.0846679400399407,159,70.86507593275093,0.8471562244128131,-0.2639833253771766,,below_residual_ranking_support,,0.0,0.0,0,0,primary_unverified_candidate,validation_only_not_added,,,,incomplete_stay_evidence_and_walk_network,27.026081424936383,not_computed_missing_graph_and_runtime,cafe_draft_2025q4_observed_sales_study_unverified_2026poi
3110374,송중초등학교,골목상권,accessible_official_786,non_tourism_observed_subset_if_ranked,True,,3.0,0.0,1.0,True,False,insufficient,partial_or_unusable_sales,3.256533700137552,0.0,13.908684370026736,,,,unknown,only_C1_C2_scored_C_stay_unverified,0.2042196088643951,273,14.69006828816348,0.2466993400762588,-1.52025543206286,,below_residual_ranking_support,,0.0,0.0,1,0,primary_unverified_candidate,validation_only_not_added,,,,incomplete_stay_evidence_and_walk_network,26.9615053985283,not_computed_missing_graph_and_runtime,cafe_draft_2025q4_observed_sales_study_unverified_2026poi
3110375,서울북부고용노동지청,골목상권,accessible_official_786,non_tourism_observed_subset_if_ranked,True,,2.0,1.0,,True,False,insufficient,partial_or_unusable_sales,20.392022008253093,38.49347014925373,30.227669255752325,,,,unknown,only_C1_C2_scored_C_stay_unverified,0.058218196007634,62,51.53028100710331,1.0862729006583651,-0.1499643162614272,,below_residual_ranking_support,,0.0,1.0,0,0,primary_unverified_candidate,validation_only_not_added,,,,incomplete_stay_evidence_and_walk_network,31.6412213740458,not_computed_missing_graph_and_runtime,cafe_draft_2025q4_observed_sales_study_unverified_2026poi
3110376,수송초등학교,골목상권,accessible_official_786,non_tourism_observed_subset_if_ranked,True,,13.0,1.0,16.0,True,False,insufficient,partial_or_unusable_sales,40.99724896836314,1.9029850746268655,42.04638525649304,,,,unknown,only_C1_C2_scored_C_stay_unverified,0.2087700586595968,315,67.05942456445463,0.9977617754195356,-0.2852284887759615,11.009174311926607,residual_candidate_min10_cafe_min50_total,,1.0,1.0,0,1,primary_unverified_candidate,validation_only_not_added,,,,incomplete_stay_evidence_and_walk_network,43.94190636519317,not_computed_missing_graph_and_runtime,cafe_draft_2025q4_observed_sales_study_unverified_2026poi
3110377,미아사거리역 3번,골목상권,accessible_official_786,non_tourism_observed_subset_if_ranked,True,,3.0,0.0,8.0,True,False,insufficient,partial_or_unusable_sales,49.28129298486933,0.0,43.02631393193212,,,,unknown,only_C1_C2_scored_C_stay_unverified,0.0356080764777396,77,84.25054922232182,0.8746612966340084,-0.0367186754173847,,below_residual_ranking_support,,0.0,1.0,0,0,primary_unverified_candidate,validation_only_not_added,,,,incomplete_stay_evidence_and_walk_network,38.95038167938932,not_computed_missing_graph_and_runtime,cafe_draft_2025q4_observed_sales_study_unverified_2026poi
3110378,송중동주민센터,골목상권,accessible_official_786,non_tourism_observed_subset_if_ranked,True,,4.0,2.0,3.0,True,True,complete,both_cafe_industries_sales_observed,49.171251719394775,67.48134328358209,41.64178380417246,58.94746661429694,46.833488647209805,,C2_bakery,only_C1_C2_scored_C_stay_unverified,0.0531135709612743,88,112.96547928164476,1.5306572691095146,0.2668079093600835,,below_residual_ranking_support,,0.0,0.0,0,0,primary_unverified_candidate,validation_only_not_added,,,,incomplete_stay_evidence_and_walk_network,29.494274809160306,not_computed_missing_graph_and_runtime,cafe_draft_2025q4_observed_sales_study_unverified_2026poi
3110381,번동주공2단지,골목상권,accessible_official_786,non_tourism_observed_subset_if_ranked,True,,3.0,0.0,2.0,False,False,supply_only,no_cafe_sales_rows,47.64099037138928,0.0,,,,33.34869325997249,unknown,only_C1_C2_scored_C_stay_unverified,0.0504454968279538,50,59.47012495945097,1.3469783968163729,0.0298198054995844,,below_residual_ranking_support,,0.0,0.0,0,1,primary_unverified_candidate,validation_only_not_added,,,,incomplete_stay_evidence_and_walk_network,26.76787459243994,not_computed_missing_graph_and_runtime,cafe_draft_2025q4_observed_sales_study_unverified_2026poi
3110388,도봉우체국,골목상권,accessible_official_786,non_tourism_observed_subset_if_ranked,True,,2.0,0.0,2.0,True,False,insufficient,partial_or_unusable_sales,23.033012379642365,0.0,26.80440523802983,,,,unknown,only_C1_C2_scored_C_stay_unverified,0.055328790059395,57,36.14754629286158,0.7877066648048964,-0.3696895406930518,,below_residual_ranking_support,,0.0,0.0,0,2,primary_unverified_candidate,validation_only_not_added,,,,incomplete_stay_evidence_and_walk_network,27.427067309087747,not_computed_missing_graph_and_runtime,cafe_draft_2025q4_observed_sales_study_unverified_2026poi
3110389,한일병원,골목상권,accessible_official_786,non_tourism_observed_subset_if_ranked,True,,5.0,1.0,2.0,False,False,supply_only,no_cafe_sales_rows,65.7668500687758,40.4990671641791,,,,58.18651519739679,unknown,only_C1_C2_scored_C_stay_unverified,0.0528496890281012,65,113.52952326379224,2.072274456640574,0.4295272754025176,,below_residual_ranking_support,,0.0,0.0,0,2,primary_unverified_candidate,validation_only_not_added,,,,incomplete_stay_evidence_and_walk_network,32.13927427703442,not_computed_missing_graph_and_runtime,cafe_draft_2025q4_observed_sales_study_unverified_2026poi
3110394,방학중학교,골목상권,accessible_official_786,non_tourism_observed_subset_if_ranked,True,,6.0,1.0,4.0,True,False,insufficient,partial_or_unusable_sales,17.63411279229711,5.018656716417911,16.039805432501666,,,,unknown,only_C1_C2_scored_C_stay_unverified,0.1576969787828606,233,44.38892903356497,0.6744527022685701,-0.6226348569869873,,below_residual_ranking_support,,0.0,0.0,1,2,primary_unverified_candidate,validation_only_not_added,,,,incomplete_stay_evidence_and_walk_network,30.5960638242515,not_computed_missing_graph_and_runtime,cafe_draft_2025q4_observed_sales_study_unverified_2026poi
3110396,쌍문역1번(쌍리단길),골목상권,accessible_official_786,non_tourism_observed_subset_if_ranked,True,,3.0,5.0,5.0,True,True,complete,both_cafe_industries_sales_observed,24.360385144429163,93.16231343283584,36.00882697814959,80.80572466614296,49.4478962845476,,C2_bakery,only_C1_C2_scored_C_stay_unverified,0.0529308428063338,174,151.1406124642834,1.032167353882278,0.1569481003365536,,below_residual_ranking_support,,0.0,0.0,0,1,primary_unverified_candidate,validation_only_not_added,,,,incomplete_stay_evidence_and_walk_network,28.45764519780571,not_computed_missing_graph_and_runtime,cafe_draft_2025q4_observed_sales_study_unverified_2026poi
3110397,도봉산입구,골목상권,accessible_official_786,non_tourism_observed_subset_if_ranked,True,,11.0,1.0,16.0,True,True,complete,both_cafe_industries_sales_observed,15.099724896836312,1.0354477611940296,20.55701557482963,12.698497643362137,18.19946019538938,,C1_coffee,only_C1_C2_scored_C_stay_unverified,0.5416129648006449,363,22.15604274616454,0.7421368577500678,-0.9459956321594096,0.6116207951070336,residual_candidate_min10_cafe_min50_total,11.011285522663764,2.0,1.0,1,2,primary_unverified_candidate,validation_only_not_added,,,,incomplete_stay_evidence_and_walk_network,40.36465410640374,not_computed_missing_graph_and_runtime,cafe_draft_2025q4_observed_sales_study_unverified_2026poi
3110398,쌍문2동우체국,골목상권,accessible_official_786,non_tourism_observed_subset_if_ranked,True,,6.0,0.0,4.0,True,False,insufficient,partial_or_unusable_sales,30.416093535075653,0.0,37.5408680577621,,,,unknown,only_C1_C2_scored_C_stay_unverified,0.1022404117320179,228,58.685209677427615,0.5907799986036723,-0.5437515704676381,,below_residual_ranking_support,,0.0,3.0,0,3,primary_unverified_candidate,validation_only_not_added,,,,incomplete_stay_evidence_and_walk_network,35.571561257365104,not_computed_missing_graph_and_runtime,cafe_draft_2025q4_observed_sales_study_unverified_2026poi
3110399,창2동주민센터,골목상권,accessible_official_786,non_tourism_observed_subset_if_ranked,True,,7.0,5.0,4.0,True,True,complete,both_cafe_industries_sales_observed,22.730398899587342,58.86194029850746,25.02516397884179,53.96651610369207,33.70756961629687,,C2_bakery,only_C1_C2_scored_C_stay_unverified,0.1610824924970104,234,74.49599155055732,1.151263587022541,-0.1492588226726412,16.51376146788991,residual_candidate_min10_cafe_min50_total,21.76829972033545,1.0,1.0,1,2,primary_unverified_candidate,validation_only_not_added,,,,incomplete_stay_evidence_and_walk_network,46.284383765532,not_computed_missing_graph_and_runtime,cafe_draft_2025q4_observed_sales_study_unverified_2026poi
3110400,도봉구보건소,골목상권,accessible_official_786,non_tourism_observed_subset_if_ranked,True,,8.0,4.0,7.0,False,False,supply_only,no_cafe_sales_rows,39.00275103163686,56.865671641791046,,,,44.36162721468312,unknown,only_C1_C2_scored_C_stay_unverified,0.1232053255883899,232,97.3983871451317,1.161188273117563,-0.0204443032904202,25.688073394495415,residual_candidate_min10_cafe_min50_total,,2.0,1.0,1,3,primary_unverified_candidate,validation_only_not_added,,,,incomplete_stay_evidence_and_walk_network,56.075917891013816,not_computed_missing_graph_and_runtime,cafe_draft_2025q4_observed_sales_study_unverified_2026poi
3110401,도봉구민회관,골목상권,accessible_official_786,non_tourism_observed_subset_if_ranked,True,,0.0,0.0,,False,False,supply_only,no_cafe_sales_rows,0.0,0.0,,,,0.0,unknown,only_C1_C2_scored_C_stay_unverified,0.044733125221307,53,0.0,0.0,-1.3314469527012265,,below_residual_ranking_support,,2.0,2.0,0,2,primary_unverified_candidate,validation_only_not_added,,,,incomplete_stay_evidence_and_walk_network,51.3858299712652,not_computed_missing_graph_and_runtime,cafe_draft_2025q4_observed_sales_study_unverified_2026poi
3110402,도봉구 정병원,골목상권,accessible_official_786,non_tourism_observed_subset_if_ranked,True,,6.0,4.0,7.0,False,False,supply_only,no_cafe_sales_rows,35.80123796423659,65.4757462686567,,,,44.70359045556262,unknown,only_C1_C2_scored_C_stay_unverified,0.1182961325348254,144,84.5336173357661,1.5590027740930243,0.0858216470058423,33.94495412844037,residual_candidate_min10_cafe_min50_total,,0.0,1.0,0,3,primary_unverified_candidate,validation_only_not_added,,,,incomplete_stay_evidence_and_walk_network,38.05195967453245,not_computed_missing_graph_and_runtime,cafe_draft_2025q4_observed_sales_study_unverified_2026poi
3110403,방학1동주민센터,골목상권,accessible_official_786,non_tourism_observed_subset_if_ranked,True,,6.0,4.0,18.0,True,True,complete,both_cafe_industries_sales_observed,14.766162310866576,44.68283582089552,22.270938555510227,35.258248232521595,26.167131458613635,,C2_bakery,only_C1_C2_scored_C_stay_unverified,0.1529379397414316,304,65.38599916349568,0.7384749982545904,-0.4321543938901468,5.5045871559633035,residual_candidate_min10_cafe_min50_total,13.401527413075268,0.0,0.0,1,1,primary_unverified_candidate,validation_only_not_added,,,,incomplete_stay_evidence_and_walk_network,31.865837792339114,not_computed_missing_graph_and_runtime,cafe_draft_2025q4_observed_sales_study_unverified_2026poi
3110405,방학역 1번,골목상권,accessible_official_786,non_tourism_observed_subset_if_ranked,True,,4.0,5.0,17.0,True,True,complete,both_cafe_industries_sales_observed,4.614855570839064,46.71641791044776,11.779902128598769,38.09622937941869,19.67480030384474,,C2_bakery,only_C1_C2_scored_C_stay_unverified,0.1854837012687618,366,48.5217835229587,0.5520403265640873,-0.716160204300885,,below_residual_ranking_support,,0.0,0.0,0,4,primary_unverified_candidate,validation_only_not_added,,,,incomplete_stay_evidence_and_walk_network,26.141397943091555,not_computed_missing_graph_and_runtime,cafe_draft_2025q4_observed_sales_study_unverified_2026poi
3110406,도봉산역 1번,골목상권,accessible_official_786,non_tourism_observed_subset_if_ranked,True,,4.0,1.0,8.0,True,False,insufficient,partial_or_unusable_sales,14.20563961485557,9.603544776119405,30.693922891849468,,,,unknown,only_C1_C2_scored_C_stay_unverified,0.247343739920625,132,20.214782883142902,0.850365149505286,-0.8157863317026002,,below_residual_ranking_support,,0.0,0.0,0,1,primary_unverified_candidate,validation_only_not_added,,,,incomplete_stay_evidence_and_walk_network,23.395817006743485,not_computed_missing_graph_and_runtime,cafe_draft_2025q4_observed_sales_study_unverified_2026poi
3110407,도봉역 2번,골목상권,accessible_official_786,non_tourism_observed_subset_if_ranked,True,,14.0,2.0,16.0,True,True,complete,both_cafe_industries_sales_observed,27.252407152682256,7.73320895522388,31.273232448506988,13.998772584446188,26.090894489288747,,C1_coffee,only_C1_C2_scored_C_stay_unverified,0.4539944351490694,296,35.24272273237532,1.2134940511859216,-0.4868109436316903,3.669724770642202,residual_candidate_min10_cafe_min50_total,13.682048443326972,0.0,1.0,1,3,primary_unverified_candidate,validation_only_not_added,,,,incomplete_stay_evidence_and_walk_network,29.761196151017064,not_computed_missing_graph_and_runtime,cafe_draft_2025q4_observed_sales_study_unverified_2026poi
3110408,가인초등학교,골목상권,accessible_official_786,non_tourism_observed_subset_if_ranked,True,,6.0,0.0,1.0,True,False,insufficient,partial_or_unusable_sales,69.42572214580468,0.0,59.01959020151682,,,,unknown,only_C1_C2_scored_C_stay_unverified,0.0531568296463927,97,112.87354870320354,1.388637522491106,0.2147465480395378,,below_residual_ranking_support,,2.0,0.0,0,3,primary_unverified_candidate,validation_only_not_added,,,,incomplete_stay_evidence_and_walk_network,50.09277131164195,not_computed_missing_graph_and_runtime,cafe_draft_2025q4_observed_sales_study_unverified_2026poi
3110409,창동역 2번,골목상권,accessible_official_786,non_tourism_observed_subset_if_ranked,True,,8.0,5.0,8.0,True,True,complete,both_cafe_industries_sales_observed,55.20632737276478,82.65391791044776,56.604836513145976,68.38405832678711,60.13860305723831,,C2_bakery,only_C1_C2_scored_C_stay_unverified,0.0775833600105044,235,167.56170393032556,1.2418949757881452,0.2611353384897872,48.62385321100918,residual_candidate_min10_cafe_min50_total,49.76687713109596,1.0,1.0,1,1,primary_unverified_candidate,validation_only_not_added,,,,incomplete_stay_evidence_and_walk_network,65.9211435189289,not_computed_missing_graph_and_runtime,cafe_draft_2025q4_observed_sales_study_unverified_2026poi
3110410,방학역 2번,골목상권,accessible_official_786,non_tourism_observed_subset_if_ranked,True,,11.0,3.0,15.0,True,True,complete,both_cafe_industries_sales_observed,51.54057771664374,39.52891791044776,54.92716247417918,40.10445306362922,50.48034965101419,,C1_coffee,only_C1_C2_scored_C_stay_unverified,0.1308513556234982,252,106.99163133076392,1.2472022192744192,0.0505701996996461,30.58103975535168,residual_candidate_min10_cafe_min50_total,38.3311216374109,2.0,0.0,0,3,primary_unverified_candidate,validation_only_not_added,,,,incomplete_stay_evidence_and_walk_network,51.8521875211641,not_computed_missing_graph_and_runtime,cafe_draft_2025q4_observed_sales_study_unverified_2026poi
3110411,도봉역 3번,골목상권,accessible_official_786,non_tourism_observed_subset_if_ranked,True,,2.0,0.0,5.0,True,False,insufficient,partial_or_unusable_sales,7.20082530949106,0.0,13.793558342575183,,,,unknown,only_C1_C2_scored_C_stay_unverified,0.0902518096543224,125,22.16022047270068,0.3591942391510327,-1.0127072987552437,,below_residual_ranking_support,,0.0,0.0,0,5,primary_unverified_candidate,validation_only_not_added,,,,incomplete_stay_evidence_and_walk_network,27.12342176298145,not_computed_missing_graph_and_runtime,cafe_draft_2025q4_observed_sales_study_unverified_2026poi
3110412,창동중학교,골목상권,accessible_official_786,non_tourism_observed_subset_if_ranked,True,,0.0,0.0,,False,False,supply_only,no_cafe_sales_rows,0.0,0.0,,,,0.0,unknown,only_C1_C2_scored_C_stay_unverified,0.0211295248063595,17,0.0,0.0,-0.3944220145085869,,below_residual_ranking_support,,0.0,0.0,0,1,primary_unverified_candidate,validation_only_not_added,,,,incomplete_stay_evidence_and_walk_network,24.62290414961445,not_computed_missing_graph_and_runtime,cafe_draft_2025q4_observed_sales_study_unverified_2026poi
3110413,누원고등학교,골목상권,accessible_official_786,non_tourism_observed_subset_if_ranked,True,,3.0,0.0,1.0,False,False,supply_only,no_cafe_sales_rows,25.58803301237964,0.0,,,,17.911623108665747,unknown,only_C1_C2_scored_C_stay_unverified,0.0742963504537961,80,40.37883397604651,0.841861498010233,-0.3978144645473822,,below_residual_ranking_support,,1.0,5.0,0,3,primary_unverified_candidate,validation_only_not_added,,,,incomplete_stay_evidence_and_walk_network,53.007159511992185,not_computed_missing_graph_and_runtime,cafe_draft_2025q4_observed_sales_study_unverified_2026poi
3110414,장석교회,골목상권,accessible_official_786,non_tourism_observed_subset_if_ranked,True,,0.0,0.0,,False,False,supply_only,no_cafe_sales_rows,0.0,0.0,,,,0.0,unknown,only_C1_C2_scored_C_stay_unverified,0.0684303467632884,28,0.0,0.0,-1.1949002048100228,,below_residual_ranking_support,,0.0,0.0,0,0,primary_unverified_candidate,validation_only_not_added,,,,incomplete_stay_evidence_and_walk_network,23.52735368956743,not_computed_missing_graph_and_runtime,cafe_draft_2025q4_observed_sales_study_unverified_2026poi
3110415,수락산역 4번,골목상권,accessible_official_786,non_tourism_observed_subset_if_ranked,True,,8.0,4.0,5.0,True,True,complete,both_cafe_industries_sales_observed,14.993122420907838,32.01492537313433,26.672359067710502,31.423605655930874,28.09773304417661,,C2_bakery,only_C1_C2_scored_C_stay_unverified,0.1973573798900098,417,60.80340145723347,0.6460328042284762,-0.5523637772705388,2.7522935779816518,residual_candidate_min10_cafe_min50_total,15.95457423416072,3.0,2.0,1,2,primary_unverified_candidate,validation_only_not_added,,,,incomplete_stay_evidence_and_walk_network,49.25128697327055,not_computed_missing_graph_and_runtime,cafe_draft_2025q4_observed_sales_study_unverified_2026poi
3110416,노원초등학교,골목상권,accessible_official_786,non_tourism_observed_subset_if_ranked,True,,4.0,1.0,5.0,True,False,insufficient,partial_or_unusable_sales,18.27372764786795,10.652985074626866,16.681773287933794,,,,unknown,only_C1_C2_scored_C_stay_unverified,0.0926161049160197,169,53.98629109412219,0.6641905309745428,-0.4922422955211654,,below_residual_ranking_support,,0.0,1.0,0,0,primary_unverified_candidate,validation_only_not_added,,,,incomplete_stay_evidence_and_walk_network,29.6882951653944,not_computed_missing_graph_and_runtime,cafe_draft_2025q4_observed_sales_study_unverified_2026poi
3110417,월계역 3번,골목상권,accessible_official_786,non_tourism_observed_subset_if_ranked,True,,4.0,2.0,,True,False,insufficient,partial_or_unusable_sales,73.50756533700138,87.8964552238806,58.74488838369033,,,,unknown,only_C1_C2_scored_C_stay_unverified,0.0298188925068326,65,201.2147164293637,2.072274456640574,0.6947522113943096,,below_residual_ranking_support,,0.0,0.0,0,1,primary_unverified_candidate,validation_only_not_added,,,,incomplete_stay_evidence_and_walk_network,37.75331853055854,not_computed_missing_graph_and_runtime,cafe_draft_2025q4_observed_sales_study_unverified_2026poi
3110418,광운대학교 남단,골목상권,accessible_official_786,non_tourism_observed_subset_if_ranked,True,,3.0,0.0,1.0,True,False,insufficient,partial_or_unusable_sales,24.01650618982118,0.0,32.91078433784253,,,,unknown,only_C1_C2_scored_C_stay_unverified,0.0881990979511676,76,34.0139533134566,0.8861699979055084,-0.4501370852264212,,below_residual_ranking_support,,0.0,0.0,0,1,primary_unverified_candidate,validation_only_not_added,,,,incomplete_stay_evidence_and_walk_network,29.9879279985294,not_computed_missing_graph_and_runtime,cafe_draft_2025q4_observed_sales_study_unverified_2026poi
3110419,수락산디자인거리,골목상권,accessible_official_786,non_tourism_observed_subset_if_ranked,True,,17.0,5.0,22.0,True,True,complete,both_cafe_industries_sales_observed,70.84594222833562,62.92910447761194,65.06014266962131,56.78063629222309,62.576290756401846,,C1_coffee,only_C1_C2_scored_C_stay_unverified,0.1258982764127252,314,174.74425088933424,1.572904709658185,0.3782996002341816,61.46788990825688,residual_candidate_min10_cafe_min50_total,57.6741900599987,2.0,1.0,0,2,primary_unverified_candidate,validation_only_not_added,,,,incomplete_stay_evidence_and_walk_network,53.66760030573051,not_computed_missing_graph_and_runtime,cafe_draft_2025q4_observed_sales_study_unverified_2026poi
3110420,광운대역 1번,골목상권,accessible_official_786,non_tourism_observed_subset_if_ranked,True,,8.0,0.0,5.0,True,False,insufficient,partial_or_unusable_sales,75.68775790921595,0.0,73.79675592144866,,,,unknown,only_C1_C2_scored_C_stay_unverified,0.050392855330217,147,158.75266339994374,1.2217491127586149,0.2696270447157909,,below_residual_ranking_support,,2.0,0.0,0,3,primary_unverified_candidate,validation_only_not_added,,,,incomplete_stay_evidence_and_walk_network,63.81385510695731,not_computed_missing_graph_and_runtime,cafe_draft_2025q4_observed_sales_study_unverified_2026poi
3110421,석계역 1번,골목상권,accessible_official_786,non_tourism_observed_subset_if_ranked,True,,4.0,2.0,6.0,True,False,insufficient,partial_or_unusable_sales,27.2283356258597,44.05783582089552,33.55625818698405,,,,unknown,only_C1_C2_scored_C_stay_unverified,0.0697402351552099,178,86.03354988188298,0.7567294364136926,-0.2343013711886372,,below_residual_ranking_support,,2.0,3.0,0,2,primary_unverified_candidate,validation_only_not_added,,,,incomplete_stay_evidence_and_walk_network,60.32361477955476,not_computed_missing_graph_and_runtime,cafe_draft_2025q4_observed_sales_study_unverified_2026poi
3110422,노원역 9번,골목상권,accessible_official_786,non_tourism_observed_subset_if_ranked,True,,2.0,2.0,2.0,False,False,supply_only,no_cafe_sales_rows,25.90784044016506,79.75279850746269,,,,42.061327860354346,unknown,only_C1_C2_scored_C_stay_unverified,0.0352968479019191,100,113.32456685976535,0.8979855978775819,0.0518488372438177,,below_residual_ranking_support,,0.0,0.0,0,3,primary_unverified_candidate,validation_only_not_added,,,,incomplete_stay_evidence_and_walk_network,31.66534360820054,not_computed_missing_graph_and_runtime,cafe_draft_2025q4_observed_sales_study_unverified_2026poi
3110423,석계역 2번,골목상권,accessible_official_786,non_tourism_observed_subset_if_ranked,True,,4.0,1.0,7.0,True,False,insufficient,partial_or_unusable_sales,36.674690508940856,23.43283582089552,35.91083278497196,,,,unknown,only_C1_C2_scored_C_stay_unverified,0.0581203162103828,140,86.0284376619889,0.8017728552478409,-0.1759576502313302,,below_residual_ranking_support,,0.0,1.0,0,4,primary_unverified_candidate,validation_only_not_added,,,,incomplete_stay_evidence_and_walk_network,43.98323803442371,not_computed_missing_graph_and_runtime,cafe_draft_2025q4_observed_sales_study_unverified_2026poi
3110424,상계초등학교,골목상권,accessible_official_786,non_tourism_observed_subset_if_ranked,True,,5.0,4.0,1.0,True,True,complete,both_cafe_industries_sales_observed,33.483493810178814,78.17630597014926,32.647586253314934,62.19051944226238,41.510466209999166,,C2_bakery,only_C1_C2_scored_C_stay_unverified,0.075853369542824,200,118.64996972769858,1.0102337976122795,0.0212405514105862,,below_residual_ranking_support,,2.0,3.0,0,3,primary_unverified_candidate,validation_only_not_added,,,,incomplete_stay_evidence_and_walk_network,58.07091786878743,not_computed_missing_graph_and_runtime,cafe_draft_2025q4_observed_sales_study_unverified_2026poi
3110425,계상초등학교,골목상권,accessible_official_786,non_tourism_observed_subset_if_ranked,True,,9.0,3.0,14.0,True,False,insufficient,partial_or_unusable_sales,50.0343878954608,48.07835820895522,50.15603873993731,,,,unknown,only_C1_C2_scored_C_stay_unverified,0.1041976174025963,228,115.16578112947327,1.1815599972073445,0.0664999819457974,32.415902140672785,residual_candidate_min10_cafe_min50_total,,0.0,1.0,0,4,primary_unverified_candidate,validation_only_not_added,,,,incomplete_stay_evidence_and_walk_network,37.978274751110206,not_computed_missing_graph_and_runtime,cafe_draft_2025q4_observed_sales_study_unverified_2026poi
3110426,상계2동주민센터,골목상권,accessible_official_786,non_tourism_observed_subset_if_ranked,True,,9.0,3.0,19.0,True,False,insufficient,partial_or_unusable_sales,44.74209078404401,43.81996268656716,44.57251869041053,,,,unknown,only_C1_C2_scored_C_stay_unverified,0.12991753151372,216,92.36628698362186,1.2472022192744192,-0.0068591065770911,26.605504587155966,residual_candidate_min10_cafe_min50_total,,2.0,1.0,1,1,primary_unverified_candidate,validation_only_not_added,,,,incomplete_stay_evidence_and_walk_network,57.79944763502074,not_computed_missing_graph_and_runtime,cafe_draft_2025q4_observed_sales_study_unverified_2026poi
3110427,노원 을지대학교병원,골목상권,accessible_official_786,non_tourism_observed_subset_if_ranked,True,,1.0,1.0,1.0,False,False,supply_only,no_cafe_sales_rows,15.753094910591471,63.25559701492537,,,,30.003845541891643,unknown,only_C1_C2_scored_C_stay_unverified,0.0306160853470997,38,65.3251379895785,1.1815599972073445,0.1174897610718628,,below_residual_ranking_support,,0.0,0.0,0,2,primary_unverified_candidate,validation_only_not_added,,,,incomplete_stay_evidence_and_walk_network,31.211783685987672,not_computed_missing_graph_and_runtime,cafe_draft_2025q4_observed_sales_study_unverified_2026poi
3110428,상계5동주민센터,골목상권,accessible_official_786,non_tourism_observed_subset_if_ranked,True,,9.0,8.0,11.0,True,True,complete,both_cafe_industries_sales_observed,16.53713892709766,63.40485074626865,26.691720050756736,54.51497446975647,35.038696376456656,,C2_bakery,only_C1_C2_scored_C_stay_unverified,0.2175580492738075,417,78.14006448736201,0.9152131393236748,-0.2721023139715619,11.62079510703364,residual_candidate_min10_cafe_min50_total,21.755036220385932,2.0,6.0,1,2,primary_unverified_candidate,validation_only_not_added,,,,incomplete_stay_evidence_and_walk_network,49.979994942842886,not_computed_missing_graph_and_runtime,cafe_draft_2025q4_observed_sales_study_unverified_2026poi
3110429,공릉동 국수거리,골목상권,accessible_official_786,non_tourism_observed_subset_if_ranked,True,,14.0,8.0,5.0,True,False,insufficient,partial_or_unusable_sales,46.52682255845942,72.64925373134328,42.14674399757833,,,,unknown,only_C1_C2_scored_C_stay_unverified,0.1604306807970157,438,137.13087727799032,1.127607485919338,0.087882995989573,34.25076452599388,residual_candidate_min10_cafe_min50_total,,0.0,1.0,1,3,primary_unverified_candidate,validation_only_not_added,,,,incomplete_stay_evidence_and_walk_network,53.13147588711401,not_computed_missing_graph_and_runtime,cafe_draft_2025q4_observed_sales_study_unverified_2026poi
3110430,중계초등학교,골목상권,accessible_official_786,non_tourism_observed_subset_if_ranked,True,,3.0,0.0,,False,False,supply_only,no_cafe_sales_rows,64.93122420907841,0.0,,,,45.45185694635488,unknown,only_C1_C2_scored_C_stay_unverified,0.0111765121587222,87,150.0,0.7741255154117086,0.1658858866432147,,below_residual_ranking_support,,0.0,0.0,0,2,primary_unverified_candidate,validation_only_not_added,,,,incomplete_stay_evidence_and_walk_network,39.15518967869272,not_computed_missing_graph_and_runtime,cafe_draft_2025q4_observed_sales_study_unverified_2026poi
3110431,상계역,골목상권,accessible_official_786,non_tourism_observed_subset_if_ranked,True,,7.0,2.0,25.0,True,True,complete,both_cafe_industries_sales_observed,51.38927097661623,41.59514925373134,50.15649365779927,50.7613413197172,50.33794795637465,,C2_bakery,only_C1_C2_scored_C_stay_unverified,0.0556646281750619,350,161.68256745909704,0.5772764557784456,-0.1344507743621585,,below_residual_ranking_support,,1.0,1.0,0,2,primary_unverified_candidate,validation_only_not_added,,,,incomplete_stay_evidence_and_walk_network,57.60463530026413,not_computed_missing_graph_and_runtime,cafe_draft_2025q4_observed_sales_study_unverified_2026poi
3110432,대진고등학교,골목상권,accessible_official_786,non_tourism_observed_subset_if_ranked,True,,9.0,1.0,2.0,True,False,insufficient,partial_or_unusable_sales,76.97386519944979,22.60727611940299,61.051526802058966,,,,unknown,only_C1_C2_scored_C_stay_unverified,0.0690463585837646,109,144.8302300818421,2.0595999951320687,0.4835547676396015,70.9480122324159,residual_candidate_min10_cafe_min50_total,,0.0,0.0,1,1,primary_unverified_candidate,validation_only_not_added,,,,incomplete_stay_evidence_and_walk_network,49.23707757767927,not_computed_missing_graph_and_runtime,cafe_draft_2025q4_observed_sales_study_unverified_2026poi
3110433,공릉역 2번,골목상권,accessible_official_786,non_tourism_observed_subset_if_ranked,True,,24.0,3.0,6.0,True,False,insufficient,partial_or_unusable_sales,93.76203576341128,52.490671641791046,81.09730978351854,,,,unknown,only_C1_C2_scored_C_stay_unverified,0.0952362582563559,213,283.5054683408676,2.845729007358534,0.9117780635646257,91.13149847094802,residual_candidate_min10_cafe_min50_total,,1.0,2.0,0,3,primary_unverified_candidate,validation_only_not_added,,,,incomplete_stay_evidence_and_walk_network,64.56852330227653,not_computed_missing_graph_and_runtime,cafe_draft_2025q4_observed_sales_study_unverified_2026poi
3110434,태릉입구역 4번,골목상권,accessible_official_786,non_tourism_observed_subset_if_ranked,True,,9.0,2.0,2.0,True,False,insufficient,partial_or_unusable_sales,91.11760660247592,78.48880597014926,74.14384970866807,,,,unknown,only_C1_C2_scored_C_stay_unverified,0.0380609456748704,96,289.0101600198208,2.5723545772534897,0.9140580570941594,91.43730886850153,residual_candidate_min10_cafe_min50_total,,0.0,1.0,0,2,primary_unverified_candidate,validation_only_not_added,,,,incomplete_stay_evidence_and_walk_network,53.87998626147699,not_computed_missing_graph_and_runtime,cafe_draft_2025q4_observed_sales_study_unverified_2026poi
3110435,서울과학기술대,골목상권,accessible_official_786,non_tourism_observed_subset_if_ranked,True,,3.0,0.0,3.0,True,False,insufficient,partial_or_unusable_sales,70.05845942228336,0.0,67.36009695575731,,,,unknown,only_C1_C2_scored_C_stay_unverified,0.0178045027821793,67,150.0,1.0052077588181887,0.3042177136571102,,below_residual_ranking_support,,1.0,1.0,0,1,primary_unverified_candidate,validation_only_not_added,,,,incomplete_stay_evidence_and_walk_network,69.20288025232442,not_computed_missing_graph_and_runtime,cafe_draft_2025q4_observed_sales_study_unverified_2026poi
3110436,상계제일중학교,골목상권,accessible_official_786,non_tourism_observed_subset_if_ranked,True,,1.0,0.0,,False,False,supply_only,no_cafe_sales_rows,7.682255845942228,0.0,,,,5.377579092159559,unknown,only_C1_C2_scored_C_stay_unverified,0.04151348905998,65,24.08855585602955,0.3453790761067623,-0.711348428262304,,below_residual_ranking_support,,2.0,3.0,0,2,primary_unverified_candidate,validation_only_not_added,,,,incomplete_stay_evidence_and_walk_network,54.713754970539576,not_computed_missing_graph_and_runtime,cafe_draft_2025q4_observed_sales_study_unverified_2026poi
3110437,당고개역 2번,골목상권,accessible_official_786,non_tourism_observed_subset_if_ranked,True,,5.0,0.0,8.0,True,False,insufficient,partial_or_unusable_sales,39.52544704264099,0.0,32.31803647679355,,,,unknown,only_C1_C2_scored_C_stay_unverified,0.0836363416152704,123,59.78262443615893,0.9125869897129898,-0.2756967542209509,,below_residual_ranking_support,,1.0,1.0,0,0,primary_unverified_candidate,validation_only_not_added,,,,incomplete_stay_evidence_and_walk_network,45.94147582697202,not_computed_missing_graph_and_runtime,cafe_draft_2025q4_observed_sales_study_unverified_2026poi
3110438,경춘선숲길 우측,골목상권,accessible_official_786,non_tourism_observed_subset_if_ranked,True,,10.0,4.0,6.0,True,False,insufficient,partial_or_unusable_sales,54.02338376891334,61.32929104477613,51.882339825522,,,,unknown,only_C1_C2_scored_C_stay_unverified,0.0999946038950072,290,140.00755495466322,1.083775721576392,0.1001294818478135,35.16819571865443,residual_candidate_min10_cafe_min50_total,,3.0,3.0,0,3,primary_unverified_candidate,validation_only_not_added,,,,incomplete_stay_evidence_and_walk_network,63.26225582677852,not_computed_missing_graph_and_runtime,cafe_draft_2025q4_observed_sales_study_unverified_2026poi
3110439,당고개역 5번,골목상권,accessible_official_786,non_tourism_observed_subset_if_ranked,True,,4.0,0.0,5.0,True,False,insufficient,partial_or_unusable_sales,25.887207702888585,0.0,36.65574484557392,,,,unknown,only_C1_C2_scored_C_stay_unverified,0.0989501536163387,106,40.42439403893475,0.8471562244128131,-0.4568262775832374,,below_residual_ranking_support,,0.0,0.0,0,1,primary_unverified_candidate,validation_only_not_added,,,,incomplete_stay_evidence_and_walk_network,24.203434147002195,not_computed_missing_graph_and_runtime,cafe_draft_2025q4_observed_sales_study_unverified_2026poi
3110440,상계3동4동주민센터,골목상권,accessible_official_786,non_tourism_observed_subset_if_ranked,True,,0.0,0.0,,False,False,supply_only,no_cafe_sales_rows,0.0,0.0,,,,0.0,unknown,only_C1_C2_scored_C_stay_unverified,0.0545902629718061,37,0.0,0.0,-1.2352009591108648,,below_residual_ranking_support,,0.0,0.0,0,1,primary_unverified_candidate,validation_only_not_added,,,,incomplete_stay_evidence_and_walk_network,22.418408169583685,not_computed_missing_graph_and_runtime,cafe_draft_2025q4_observed_sales_study_unverified_2026poi
3110442,화랑대철도공원,골목상권,accessible_official_786,non_tourism_observed_subset_if_ranked,True,,5.0,1.0,,True,True,complete,both_cafe_industries_sales_observed,93.26685006877578,75.76492537313433,80.31113682658318,68.85781618224667,76.87514063328221,,C1_coffee,only_C1_C2_scored_C_stay_unverified,0.0200344885908788,45,299.4835616982831,2.9932853262586065,1.072744682564449,,below_residual_ranking_support,,0.0,1.0,0,0,primary_unverified_candidate,validation_only_not_added,,,,incomplete_stay_evidence_and_walk_network,45.32442748091603,not_computed_missing_graph_and_runtime,cafe_draft_2025q4_observed_sales_study_unverified_2026poi
3110514,서대문우체국,골목상권,accessible_official_786,non_tourism_observed_subset_if_ranked,True,,2.0,2.0,,False,False,supply_only,no_cafe_sales_rows,18.93053645116919,54.95335820895522,,,,29.737382978505,unknown,only_C1_C2_scored_C_stay_unverified,0.0918671971736116,55,43.54111285708171,1.6327010870501488,-0.0750185453139726,,below_residual_ranking_support,,0.0,0.0,0,4,primary_unverified_candidate,validation_only_not_added,,,,incomplete_stay_evidence_and_walk_network,24.032979711491016,not_computed_missing_graph_and_runtime,cafe_draft_2025q4_observed_sales_study_unverified_2026poi
3110520,경의중앙 신촌역,골목상권,accessible_official_786,non_tourism_observed_subset_if_ranked,True,,5.0,0.0,6.0,True,False,insufficient,partial_or_unusable_sales,55.976616231086666,0.0,44.85794830165137,,,,unknown,only_C1_C2_scored_C_stay_unverified,0.0605405853800853,90,82.58922454431271,1.2472022192744192,0.0400796613529328,,below_residual_ranking_support,,0.0,4.0,1,3,primary_unverified_candidate,validation_only_not_added,,,,incomplete_stay_evidence_and_walk_network,53.32377572475678,not_computed_missing_graph_and_runtime,cafe_draft_2025q4_observed_sales_study_unverified_2026poi
3110521,홍제역 4번,골목상권,accessible_official_786,non_tourism_observed_subset_if_ranked,True,,5.0,3.0,3.0,True,False,insufficient,partial_or_unusable_sales,80.30261348005502,95.9141791044776,68.98728894920293,,,,unknown,only_C1_C2_scored_C_stay_unverified,0.0304051675329361,75,263.11316954047624,2.3946282610068854,0.8613512558997587,,below_residual_ranking_support,,0.0,0.0,0,0,primary_unverified_candidate,validation_only_not_added,,,,incomplete_stay_evidence_and_walk_network,32.026081424936386,not_computed_missing_graph_and_runtime,cafe_draft_2025q4_observed_sales_study_unverified_2026poi
3110522,홍제역 3번,골목상권,accessible_official_786,non_tourism_observed_subset_if_ranked,True,,2.0,0.0,2.0,True,False,insufficient,partial_or_unusable_sales,40.33700137551581,0.0,41.2168994725481,,,,unknown,only_C1_C2_scored_C_stay_unverified,0.0373919510902827,42,53.48744694201726,1.069030473663788,-0.027549087531931,,below_residual_ranking_support,,0.0,0.0,0,2,primary_unverified_candidate,validation_only_not_added,,,,incomplete_stay_evidence_and_walk_network,27.766060526901384,not_computed_missing_graph_and_runtime,cafe_draft_2025q4_observed_sales_study_unverified_2026poi
3110525,홍은종합사회복지관,골목상권,accessible_official_786,non_tourism_observed_subset_if_ranked,True,,6.0,1.0,1.0,True,False,insufficient,partial_or_unusable_sales,80.41609353507565,42.92910447761194,71.21436532552165,,,,unknown,only_C1_C2_scored_C_stay_unverified,0.0354930147017823,93,197.2219057415963,1.6897578454685682,0.5578203501595309,,below_residual_ranking_support,,2.0,0.0,1,1,primary_unverified_candidate,validation_only_not_added,,,,incomplete_stay_evidence_and_walk_network,66.76969401846046,not_computed_missing_graph_and_runtime,cafe_draft_2025q4_observed_sales_study_unverified_2026poi
3110527,홍제역 2번,골목상권,accessible_official_786,non_tourism_observed_subset_if_ranked,True,,4.0,0.0,2.0,True,False,insufficient,partial_or_unusable_sales,20.77716643741403,0.0,23.270991170869404,,,,unknown,only_C1_C2_scored_C_stay_unverified,0.1059939136041925,130,37.73801592926354,0.6907581522135247,-0.5972699898505003,,below_residual_ranking_support,,1.0,1.0,0,4,primary_unverified_candidate,validation_only_not_added,,,,incomplete_stay_evidence_and_walk_network,44.58271655105022,not_computed_missing_graph_and_runtime,cafe_draft_2025q4_observed_sales_study_unverified_2026poi
3110529,홍제3동주민센터,골목상권,accessible_official_786,non_tourism_observed_subset_if_ranked,True,,6.0,4.0,15.0,True,True,complete,both_cafe_industries_sales_observed,31.836313617606603,63.810634328358205,30.28564307926948,58.22007560879811,38.66597283812807,,C2_bakery,only_C1_C2_scored_C_stay_unverified,0.1134140965881941,186,88.17246092705689,1.2069698896204055,-0.0311254983712157,24.464831804281346,residual_candidate_min10_cafe_min50_total,26.791328219542557,1.0,3.0,1,1,primary_unverified_candidate,validation_only_not_added,,,,incomplete_stay_evidence_and_walk_network,55.94979594867849,not_computed_missing_graph_and_runtime,cafe_draft_2025q4_observed_sales_study_unverified_2026poi
3110530,아현역 1번,골목상권,accessible_official_786,non_tourism_observed_subset_if_ranked,True,,1.0,3.0,2.0,False,False,supply_only,no_cafe_sales_rows,18.43191196698762,98.22761194029852,,,,42.37062195898089,unknown,only_C1_C2_scored_C_stay_unverified,0.0174596517724165,72,200.0,1.2472022192744192,0.48929386717663,,below_residual_ranking_support,,0.0,1.0,0,1,primary_unverified_candidate,validation_only_not_added,,,,incomplete_stay_evidence_and_walk_network,39.31087762072002,not_computed_missing_graph_and_runtime,cafe_draft_2025q4_observed_sales_study_unverified_2026poi
3110532,아현역 2번,골목상권,accessible_official_786,non_tourism_observed_subset_if_ranked,True,,4.0,2.0,8.0,True,True,complete,both_cafe_industries_sales_observed,37.74759284731775,55.508395522388064,32.99318583266539,54.61245581304006,39.47896682677779,,C2_bakery,only_C1_C2_scored_C_stay_unverified,0.0611065879016848,125,98.18908576033536,1.0775827174530983,0.0153204706436678,,below_residual_ranking_support,,0.0,0.0,1,1,primary_unverified_candidate,validation_only_not_added,,,,incomplete_stay_evidence_and_walk_network,42.22571610155419,not_computed_missing_graph_and_runtime,cafe_draft_2025q4_observed_sales_study_unverified_2026poi
3110533,충정로역 7번,골목상권,accessible_official_786,non_tourism_observed_subset_if_ranked,True,,1.0,1.0,,False,False,supply_only,no_cafe_sales_rows,27.555020632737275,59.50093283582089,,,,37.13879429366236,unknown,only_C1_C2_scored_C_stay_unverified,0.0391987549230294,19,51.02202873349412,2.363119994414689,0.3612747439128572,,below_residual_ranking_support,,0.0,0.0,0,2,primary_unverified_candidate,validation_only_not_added,,,,incomplete_stay_evidence_and_walk_network,28.03476958948906,not_computed_missing_graph_and_runtime,cafe_draft_2025q4_observed_sales_study_unverified_2026poi
3110534,경기대학교,골목상권,accessible_official_786,non_tourism_observed_subset_if_ranked,True,,2.0,1.0,1.0,False,False,supply_only,no_cafe_sales_rows,30.12035763411279,40.88619402985074,,,,33.35010855283417,unknown,only_C1_C2_scored_C_stay_unverified,0.0717331029030941,35,41.82169568285327,1.9242548525948184,0.0535408365068401,,below_residual_ranking_support,,0.0,0.0,0,2,primary_unverified_candidate,validation_only_not_added,,,,incomplete_stay_evidence_and_walk_network,27.75447953250321,not_computed_missing_graph_and_runtime,cafe_draft_2025q4_observed_sales_study_unverified_2026poi
3110535,영천시장입구,골목상권,accessible_official_786,non_tourism_observed_subset_if_ranked,True,,3.0,0.0,4.0,False,False,supply_only,no_cafe_sales_rows,56.25515818431912,0.0,,,,39.378610729023386,unknown,only_C1_C2_scored_C_stay_unverified,0.0346455006334822,57,86.59133062435045,1.1815599972073445,0.1349355102786498,,below_residual_ranking_support,,0.0,0.0,0,2,primary_unverified_candidate,validation_only_not_added,,,,incomplete_stay_evidence_and_walk_network,33.310212463355874,not_computed_missing_graph_and_runtime,cafe_draft_2025q4_observed_sales_study_unverified_2026poi
3110536,돈의문센트레빌아파트입구,골목상권,accessible_official_786,non_tourism_observed_subset_if_ranked,True,,1.0,0.0,0.0,False,False,supply_only,no_cafe_sales_rows,19.82806052269601,0.0,,,,13.879642365887204,unknown,only_C1_C2_scored_C_stay_unverified,0.021569789630713,43,46.3611382920541,0.5220846499288267,-0.1903876958737681,,below_residual_ranking_support,,0.0,0.0,0,2,primary_unverified_candidate,validation_only_not_added,,,,incomplete_stay_evidence_and_walk_network,30.81014957575054,not_computed_missing_graph_and_runtime,cafe_draft_2025q4_observed_sales_study_unverified_2026poi
3110537,충정로현대아파트,골목상권,accessible_official_786,non_tourism_observed_subset_if_ranked,True,,13.0,0.0,3.0,True,False,insufficient,partial_or_unusable_sales,91.3617606602476,0.0,78.65067409158215,,,,unknown,only_C1_C2_scored_C_stay_unverified,0.0527467187604055,150,246.4608283796886,1.9456354620680945,0.6795365039237917,81.03975535168195,residual_candidate_min10_cafe_min50_total,,0.0,0.0,1,0,primary_unverified_candidate,validation_only_not_added,,,,incomplete_stay_evidence_and_walk_network,50.314954267244346,not_computed_missing_graph_and_runtime,cafe_draft_2025q4_observed_sales_study_unverified_2026poi
3110538,충정로역 3번,골목상권,accessible_official_786,non_tourism_observed_subset_if_ranked,True,,5.0,1.0,3.0,True,True,complete,both_cafe_industries_sales_observed,87.08734525447042,65.65764925373135,70.4384889210503,65.40114395129615,68.92728543012404,,C1_coffee,only_C1_C2_scored_C_stay_unverified,0.0166445547127617,82,300.0,1.6426565814833816,0.7568863664218228,,below_residual_ranking_support,,0.0,0.0,0,1,primary_unverified_candidate,validation_only_not_added,,,,incomplete_stay_evidence_and_walk_network,40.37362251956772,not_computed_missing_graph_and_runtime,cafe_draft_2025q4_observed_sales_study_unverified_2026poi
3110539,미근동,골목상권,accessible_official_786,non_tourism_observed_subset_if_ranked,True,,12.0,2.0,9.0,True,False,insufficient,partial_or_unusable_sales,93.81361760660246,69.20242537313433,84.45828046173052,,,,unknown,only_C1_C2_scored_C_stay_unverified,0.0480160736232092,100,291.56902977658126,3.142949592571537,1.0078444628459375,95.10703363914374,residual_candidate_min10_cafe_min50_total,,0.0,0.0,0,1,primary_unverified_candidate,validation_only_not_added,,,,incomplete_stay_evidence_and_walk_network,39.02709730163798,not_computed_missing_graph_and_runtime,cafe_draft_2025q4_observed_sales_study_unverified_2026poi
3110566,경의선책거리,골목상권,accessible_official_786,non_tourism_observed_subset_if_ranked,True,,76.0,13.0,25.0,True,True,complete,both_cafe_industries_sales_observed,97.97111416781294,85.61567164179104,90.41460356376813,69.89807541241161,84.25964511836116,,C1_coffee,only_C1_C2_scored_C_stay_unverified,0.1566273143077063,664,568.2278368455754,3.009063185659066,1.240505097449451,97.85932721712538,residual_candidate_min10_cafe_min50_total,86.77603718334449,1.0,5.0,0,3,primary_unverified_candidate,validation_only_not_added,,,,incomplete_stay_evidence_and_walk_network,61.531956578527264,not_computed_missing_graph_and_runtime,cafe_draft_2025q4_observed_sales_study_unverified_2026poi
3110569,홍대땡땡거리,골목상권,accessible_official_786,non_tourism_observed_subset_if_ranked,True,,31.0,4.0,17.0,True,True,complete,both_cafe_industries_sales_observed,94.1678129298487,59.132462686567166,89.93974922973163,59.12298703849174,80.69472057235967,,C1_coffee,only_C1_C2_scored_C_stay_unverified,0.0848707688424441,387,412.3916924209176,2.03032919416766,0.8972456313500086,90.51987767584097,residual_candidate_min10_cafe_min50_total,85.49858944564339,0.0,3.0,0,2,primary_unverified_candidate,validation_only_not_added,,,,incomplete_stay_evidence_and_walk_network,45.51547035091284,not_computed_missing_graph_and_runtime,cafe_draft_2025q4_observed_sales_study_unverified_2026poi
3110571,신수동주민센터,골목상권,accessible_official_786,non_tourism_observed_subset_if_ranked,True,,8.0,0.0,1.0,True,False,insufficient,partial_or_unusable_sales,70.57083906464925,0.0,63.18247358469809,,,,unknown,only_C1_C2_scored_C_stay_unverified,0.075494087802896,110,105.96856300703742,1.6327010870501488,0.2366554185315186,,below_residual_ranking_support,,0.0,1.0,0,1,primary_unverified_candidate,validation_only_not_added,,,,incomplete_stay_evidence_and_walk_network,36.87720953182597,not_computed_missing_graph_and_runtime,cafe_draft_2025q4_observed_sales_study_unverified_2026poi
3110572,서강대역 1번,골목상권,accessible_official_786,non_tourism_observed_subset_if_ranked,True,,29.0,7.0,7.0,True,True,complete,both_cafe_industries_sales_observed,88.44566712517194,75.28451492537314,84.69266743471425,72.1070551846033,80.91698375968096,,C1_coffee,only_C1_C2_scored_C_stay_unverified,0.1481149863403561,294,243.0544058335525,2.748935503706883,0.8136038784991722,87.76758409785933,residual_candidate_min10_cafe_min50_total,83.20616760251988,1.0,2.0,0,2,primary_unverified_candidate,validation_only_not_added,,,,incomplete_stay_evidence_and_walk_network,53.5246471037839,not_computed_missing_graph_and_runtime,cafe_draft_2025q4_observed_sales_study_unverified_2026poi
3110573,신촌역 6번,골목상권,accessible_official_786,non_tourism_observed_subset_if_ranked,True,,1.0,1.0,1.0,False,False,supply_only,no_cafe_sales_rows,27.79573590096286,81.0027985074627,,,,43.75785468291281,unknown,only_C1_C2_scored_C_stay_unverified,0.0093596843977279,33,100.0,1.3605842392084575,0.3884266047040996,,below_residual_ranking_support,,1.0,2.0,0,3,primary_unverified_candidate,validation_only_not_added,,,,incomplete_stay_evidence_and_walk_network,62.85510695730415,not_computed_missing_graph_and_runtime,cafe_draft_2025q4_observed_sales_study_unverified_2026poi
3110574,서강대학교,골목상권,accessible_official_786,non_tourism_observed_subset_if_ranked,True,,0.0,1.0,,False,False,supply_only,no_cafe_sales_rows,0.0,76.52985074626866,,,,22.9589552238806,unknown,only_C1_C2_scored_C_stay_unverified,0.0162918047834564,47,50.0,0.4776519137646712,-0.2020541311049769,,below_residual_ranking_support,,1.0,3.0,0,0,primary_unverified_candidate,validation_only_not_added,,,,incomplete_stay_evidence_and_walk_network,49.71374045801527,not_computed_missing_graph_and_runtime,cafe_draft_2025q4_observed_sales_study_unverified_2026poi
3110575,대흥동주민센터,골목상권,accessible_official_786,non_tourism_observed_subset_if_ranked,True,,4.0,0.0,1.0,True,False,insufficient,partial_or_unusable_sales,39.37757909215956,0.0,40.13420104260409,,,,unknown,only_C1_C2_scored_C_stay_unverified,0.07147845908019,90,55.9609153788905,0.9977617754195356,-0.2192091971995418,,below_residual_ranking_support,,0.0,1.0,1,3,primary_unverified_candidate,validation_only_not_added,,,,incomplete_stay_evidence_and_walk_network,46.5761980742534,not_computed_missing_graph_and_runtime,cafe_draft_2025q4_observed_sales_study_unverified_2026poi
3110576,대흥역 3번,골목상권,accessible_official_786,non_tourism_observed_subset_if_ranked,True,,21.0,3.0,12.0,True,True,complete,both_cafe_industries_sales_observed,92.31086657496562,56.34328358208955,80.46383114296276,57.104772191673206,73.45611345757588,,C1_coffee,only_C1_C2_scored_C_stay_unverified,0.0759837439411874,254,315.857034085822,2.121225821758068,0.8090646226574534,87.1559633027523,residual_candidate_min10_cafe_min50_total,77.40087359553053,1.0,2.0,0,3,primary_unverified_candidate,validation_only_not_added,,,,incomplete_stay_evidence_and_walk_network,60.34066699561722,not_computed_missing_graph_and_runtime,cafe_draft_2025q4_observed_sales_study_unverified_2026poi
3110577,용강동주민센터,골목상권,accessible_official_786,non_tourism_observed_subset_if_ranked,True,,4.0,2.0,2.0,True,False,insufficient,partial_or_unusable_sales,64.54951856946354,81.88432835820896,56.68496106121762,,,,unknown,only_C1_C2_scored_C_stay_unverified,0.0260208773423419,123,230.5840775874468,1.0951043876555877,0.4195439556854521,,below_residual_ranking_support,,0.0,0.0,1,0,primary_unverified_candidate,validation_only_not_added,,,,incomplete_stay_evidence_and_walk_network,46.6841173234303,not_computed_missing_graph_and_runtime,cafe_draft_2025q4_observed_sales_study_unverified_2026poi
3110578,대흥역 2번,골목상권,accessible_official_786,non_tourism_observed_subset_if_ranked,True,,18.0,10.0,6.0,True,True,complete,both_cafe_industries_sales_observed,79.68019257221458,93.64738805970148,74.09848949503605,85.02685585231735,77.37699940222043,,C2_bakery,only_C1_C2_scored_C_stay_unverified,0.1118669050006477,273,250.2974405150288,2.302527174045082,0.7396775613095081,83.79204892966361,residual_candidate_min10_cafe_min50_total,77.3221878000625,1.0,3.0,1,1,primary_unverified_candidate,validation_only_not_added,,,,incomplete_stay_evidence_and_walk_network,63.48316599477602,not_computed_missing_graph_and_runtime,cafe_draft_2025q4_observed_sales_study_unverified_2026poi
3110579,마포역 4번,골목상권,accessible_official_786,non_tourism_observed_subset_if_ranked,True,,3.0,0.0,2.0,True,False,insufficient,partial_or_unusable_sales,35.013755158184324,0.0,37.52877913233856,,,,unknown,only_C1_C2_scored_C_stay_unverified,0.0550052663555293,82,54.54023221357296,0.8213282907416908,-0.2715790686702515,,below_residual_ranking_support,,0.0,0.0,0,0,primary_unverified_candidate,validation_only_not_added,,,,incomplete_stay_evidence_and_walk_network,24.41793893129771,not_computed_missing_graph_and_runtime,cafe_draft_2025q4_observed_sales_study_unverified_2026poi
3110580,양원초등학교,골목상권,accessible_official_786,non_tourism_observed_subset_if_ranked,True,,4.0,0.0,,True,False,insufficient,partial_or_unusable_sales,61.767537826685,0.0,55.79621835647383,,,,unknown,only_C1_C2_scored_C_stay_unverified,0.0393306556872001,83,101.70183868309556,1.081910358888653,0.1005845006505234,,below_residual_ranking_support,,0.0,1.0,0,2,primary_unverified_candidate,validation_only_not_added,,,,incomplete_stay_evidence_and_walk_network,40.86113449240028,not_computed_missing_graph_and_runtime,cafe_draft_2025q4_observed_sales_study_unverified_2026poi
3110581,염리초등학교,골목상권,accessible_official_786,non_tourism_observed_subset_if_ranked,True,,1.0,0.0,1.0,False,False,supply_only,no_cafe_sales_rows,36.02819807427785,0.0,,,,25.219738651994497,unknown,only_C1_C2_scored_C_stay_unverified,0.0137378761633384,22,50.0,1.020438179406343,0.1926711401082909,,below_residual_ranking_support,,0.0,1.0,0,2,primary_unverified_candidate,validation_only_not_added,,,,incomplete_stay_evidence_and_walk_network,41.63694501688291,not_computed_missing_graph_and_runtime,cafe_draft_2025q4_observed_sales_study_unverified_2026poi
3110582,이대역 5번,골목상권,accessible_official_786,non_tourism_observed_subset_if_ranked,True,,5.0,2.0,3.0,True,False,insufficient,partial_or_unusable_sales,48.24621733149931,55.611007462686565,44.88561591744444,,,,unknown,only_C1_C2_scored_C_stay_unverified,0.0535592443522617,160,130.69639209173056,0.9821717476786052,0.078431918902118,,below_residual_ranking_support,,0.0,3.0,0,1,primary_unverified_candidate,validation_only_not_added,,,,incomplete_stay_evidence_and_walk_network,40.112283400574704,not_computed_missing_graph_and_runtime,cafe_draft_2025q4_observed_sales_study_unverified_2026poi
3110583,공덕래미안3차아파트,골목상권,accessible_official_786,non_tourism_observed_subset_if_ranked,True,,1.0,1.0,1.0,False,False,supply_only,no_cafe_sales_rows,18.74484181568088,70.09794776119404,,,,34.150773599334826,unknown,only_C1_C2_scored_C_stay_unverified,0.0079664508870829,70,100.0,0.6414182841982728,-0.0066273190455032,,below_residual_ranking_support,,0.0,2.0,0,3,primary_unverified_candidate,validation_only_not_added,,,,incomplete_stay_evidence_and_walk_network,44.98227537031125,not_computed_missing_graph_and_runtime,cafe_draft_2025q4_observed_sales_study_unverified_2026poi
3110584,아현역 4번,골목상권,accessible_official_786,non_tourism_observed_subset_if_ranked,True,,2.0,0.0,6.0,False,False,supply_only,no_cafe_sales_rows,48.86863823933975,0.0,,,,34.20804676753782,unknown,only_C1_C2_scored_C_stay_unverified,0.0141660062643117,71,100.0,0.6323842238574521,-0.0141312910006532,,below_residual_ranking_support,,0.0,0.0,0,1,primary_unverified_candidate,validation_only_not_added,,,,incomplete_stay_evidence_and_walk_network,41.91635706614809,not_computed_missing_graph_and_runtime,cafe_draft_2025q4_observed_sales_study_unverified_2026poi
3110585,마포경찰서,골목상권,accessible_official_786,non_tourism_observed_subset_if_ranked,True,,2.0,1.0,,False,False,supply_only,no_cafe_sales_rows,63.648555708390646,80.48041044776119,,,,68.6981121302018,unknown,only_C1_C2_scored_C_stay_unverified,0.0182021822061654,35,150.0,1.9242548525948184,0.6454417449498977,,below_residual_ranking_support,,0.0,0.0,0,1,primary_unverified_candidate,validation_only_not_added,,,,incomplete_stay_evidence_and_walk_network,39.91231290937412,not_computed_missing_graph_and_runtime,cafe_draft_2025q4_observed_sales_study_unverified_2026poi
3110586,서울서부지방법원,골목상권,accessible_official_786,non_tourism_observed_subset_if_ranked,True,,18.0,3.0,10.0,True,False,insufficient,partial_or_unusable_sales,70.96286107290234,34.11847014925373,70.05539867750953,,,,unknown,only_C1_C2_scored_C_stay_unverified,0.1320411124587204,338,159.04137437924996,1.39480011504654,0.2723748114407067,49.54128440366973,residual_candidate_min10_cafe_min50_total,,0.0,2.0,0,4,primary_unverified_candidate,validation_only_not_added,,,,incomplete_stay_evidence_and_walk_network,41.79264505268046,not_computed_missing_graph_and_runtime,cafe_draft_2025q4_observed_sales_study_unverified_2026poi
3110587,공덕동주민센터,골목상권,accessible_official_786,non_tourism_observed_subset_if_ranked,True,,9.0,2.0,6.0,True,False,insufficient,partial_or_unusable_sales,70.00687757909216,45.44309701492537,61.64314018713301,,,,unknown,only_C1_C2_scored_C_stay_unverified,0.0765719626138079,148,143.65571450060256,1.668554320380642,0.3598059498072845,59.63302752293578,residual_candidate_min10_cafe_min50_total,,0.0,1.0,0,2,primary_unverified_candidate,validation_only_not_added,,,,incomplete_stay_evidence_and_walk_network,39.04030611751275,not_computed_missing_graph_and_runtime,cafe_draft_2025q4_observed_sales_study_unverified_2026poi
3110589,애오개역 3번,골목상권,accessible_official_786,non_tourism_observed_subset_if_ranked,True,,2.0,0.0,,False,False,supply_only,no_cafe_sales_rows,45.5433287482806,0.0,,,,31.88033012379642,unknown,only_C1_C2_scored_C_stay_unverified,0.0311905001382272,41,64.12208817225063,1.0951043876555877,0.0691147293578342,,below_residual_ranking_support,,1.0,1.0,0,1,primary_unverified_candidate,validation_only_not_added,,,,incomplete_stay_evidence_and_walk_network,55.78850898325255,not_computed_missing_graph_and_runtime,cafe_draft_2025q4_observed_sales_study_unverified_2026poi
3110591,충정로역 6번,골목상권,accessible_official_786,non_tourism_observed_subset_if_ranked,True,,4.0,1.0,2.0,True,False,insufficient,partial_or_unusable_sales,52.33837689133425,36.08675373134328,40.08979477276656,,,,unknown,only_C1_C2_scored_C_stay_unverified,0.0509998997427732,80,98.03940841488637,1.4031024966837218,0.1820103482512625,,below_residual_ranking_support,,0.0,0.0,0,2,primary_unverified_candidate,validation_only_not_added,,,,incomplete_stay_evidence_and_walk_network,32.72685736123608,not_computed_missing_graph_and_runtime,cafe_draft_2025q4_observed_sales_study_unverified_2026poi
3110832,노량진초등학교,골목상권,accessible_official_786,non_tourism_observed_subset_if_ranked,True,,4.0,1.0,5.0,True,False,insufficient,partial_or_unusable_sales,23.892709766162305,15.237873134328357,35.84255704495743,,,,unknown,only_C1_C2_scored_C_stay_unverified,0.1007824295469508,116,49.61182244242966,0.9676568942646356,-0.3309435296885654,,below_residual_ranking_support,,1.0,4.0,0,4,primary_unverified_candidate,validation_only_not_added,,,,incomplete_stay_evidence_and_walk_network,47.88768273686858,not_computed_missing_graph_and_runtime,cafe_draft_2025q4_observed_sales_study_unverified_2026poi
3110927,잠원역,골목상권,accessible_official_786,non_tourism_observed_subset_if_ranked,True,,3.0,1.0,2.0,True,False,insufficient,partial_or_unusable_sales,25.914718019257226,27.39738805970149,34.0879181127349,,,,unknown,only_C1_C2_scored_C_stay_unverified,0.0601910384784654,100,66.4550753918473,0.8979855978775819,-0.1954970766145747,,below_residual_ranking_support,,0.0,0.0,0,1,primary_unverified_candidate,validation_only_not_added,,,,incomplete_stay_evidence_and_walk_network,26.85378389883803,not_computed_missing_graph_and_runtime,cafe_draft_2025q4_observed_sales_study_unverified_2026poi
3110949,한남IC,골목상권,accessible_official_786,non_tourism_observed_subset_if_ranked,True,,10.0,1.0,2.0,True,False,insufficient,partial_or_unusable_sales,80.65337001375515,20.76958955223881,77.38609721131763,,,,unknown,only_C1_C2_scored_C_stay_unverified,0.062079246366503,145,177.19287272043027,1.7030761339057587,0.4679550451146848,70.03058103975535,residual_candidate_min10_cafe_min50_total,,0.0,1.0,0,1,primary_unverified_candidate,validation_only_not_added,,,,incomplete_stay_evidence_and_walk_network,41.41306030437602,not_computed_missing_graph_and_runtime,cafe_draft_2025q4_observed_sales_study_unverified_2026poi
3110950,논현역 7번,골목상권,accessible_official_786,non_tourism_observed_subset_if_ranked,True,,0.0,0.0,,False,False,supply_only,no_cafe_sales_rows,0.0,0.0,,,,0.0,unknown,only_C1_C2_scored_C_stay_unverified,0.0461290122490573,33,0.0,0.0,-1.0974779090932851,,below_residual_ranking_support,,0.0,0.0,0,1,primary_unverified_candidate,validation_only_not_added,,,,incomplete_stay_evidence_and_walk_network,25.21513124159484,not_computed_missing_graph_and_runtime,cafe_draft_2025q4_observed_sales_study_unverified_2026poi
3110951,신사은행나무공원,골목상권,accessible_official_786,non_tourism_observed_subset_if_ranked,True,,7.0,3.0,4.0,True,False,insufficient,partial_or_unusable_sales,89.21595598349381,95.48973880597016,76.05978816509743,,,,unknown,only_C1_C2_scored_C_stay_unverified,0.028978293542992,96,345.08588247834774,2.3385041611395363,0.9533967512334264,92.66055045871559,residual_candidate_min10_cafe_min50_total,,0.0,0.0,0,1,primary_unverified_candidate,validation_only_not_added,,,,incomplete_stay_evidence_and_walk_network,35.74548176743196,not_computed_missing_graph_and_runtime,cafe_draft_2025q4_observed_sales_study_unverified_2026poi
3110952,논현목련공원,골목상권,accessible_official_786,non_tourism_observed_subset_if_ranked,True,,2.0,0.0,,False,False,supply_only,no_cafe_sales_rows,58.22214580467676,0.0,,,,40.75550206327373,unknown,only_C1_C2_scored_C_stay_unverified,0.021612666271559,38,92.53832798185954,1.1815599972073445,0.2788770788838056,,below_residual_ranking_support,,0.0,0.0,0,1,primary_unverified_candidate,validation_only_not_added,,,,incomplete_stay_evidence_and_walk_network,31.72352915566133,not_computed_missing_graph_and_runtime,cafe_draft_2025q4_observed_sales_study_unverified_2026poi
3110953,학동근린공원,골목상권,accessible_official_786,non_tourism_observed_subset_if_ranked,True,,4.0,0.0,1.0,True,False,insufficient,partial_or_unusable_sales,31.71251719394773,0.0,39.85023992945442,,,,unknown,only_C1_C2_scored_C_stay_unverified,0.0928762500037293,86,43.06806099341205,1.0441692998576535,-0.3164506623090619,,below_residual_ranking_support,,0.0,0.0,0,1,primary_unverified_candidate,validation_only_not_added,,,,incomplete_stay_evidence_and_walk_network,27.03144622142242,not_computed_missing_graph_and_runtime,cafe_draft_2025q4_observed_sales_study_unverified_2026poi
3110955,논현초등학교,골목상권,accessible_official_786,non_tourism_observed_subset_if_ranked,True,,32.0,1.0,7.0,True,False,insufficient,partial_or_unusable_sales,82.96423658872078,1.623134328358209,65.86182601945676,,,,unknown,only_C1_C2_scored_C_stay_unverified,0.190768141499033,407,172.98485869123633,1.8202410767788824,0.4377758086027539,66.05504587155964,residual_candidate_min10_cafe_min50_total,,0.0,3.0,0,1,primary_unverified_candidate,validation_only_not_added,,,,incomplete_stay_evidence_and_walk_network,41.11733375903405,not_computed_missing_graph_and_runtime,cafe_draft_2025q4_observed_sales_study_unverified_2026poi
3110957,언북중학교,골목상권,accessible_official_786,non_tourism_observed_subset_if_ranked,True,,14.0,2.0,1.0,True,False,insufficient,partial_or_unusable_sales,74.99312242090784,30.909514925373134,74.07995966383568,,,,unknown,only_C1_C2_scored_C_stay_unverified,0.0947434026566621,243,168.87719409848452,1.4781655932141269,0.3448034755587486,57.18654434250765,residual_candidate_min10_cafe_min50_total,,0.0,1.0,0,2,primary_unverified_candidate,validation_only_not_added,,,,incomplete_stay_evidence_and_walk_network,40.816421405005855,not_computed_missing_graph_and_runtime,cafe_draft_2025q4_observed_sales_study_unverified_2026poi
3110959,신구중학교,골목상권,accessible_official_786,non_tourism_observed_subset_if_ranked,True,,2.0,0.0,,False,False,supply_only,no_cafe_sales_rows,39.288170563961486,0.0,,,,27.50171939477304,unknown,only_C1_C2_scored_C_stay_unverified,0.0359326418466982,45,55.65969818007626,0.9977617754195356,-0.0452842301295128,,below_residual_ranking_support,,0.0,0.0,0,0,primary_unverified_candidate,validation_only_not_added,,,,incomplete_stay_evidence_and_walk_network,26.87977099236641,not_computed_missing_graph_and_runtime,cafe_draft_2025q4_observed_sales_study_unverified_2026poi
3110961,언주역 3번,골목상권,accessible_official_786,non_tourism_observed_subset_if_ranked,True,,7.0,1.0,1.0,True,False,insufficient,partial_or_unusable_sales,66.88445667125173,22.691231343283583,68.9365811701246,,,,unknown,only_C1_C2_scored_C_stay_unverified,0.0629835052893028,126,127.0173827774989,1.4253739648850503,0.2483733629768325,,below_residual_ranking_support,,0.0,1.0,0,1,primary_unverified_candidate,validation_only_not_added,,,,incomplete_stay_evidence_and_walk_network,39.868647142483965,not_computed_missing_graph_and_runtime,cafe_draft_2025q4_observed_sales_study_unverified_2026poi
3110962,도산공원북측,골목상권,accessible_official_786,non_tourism_observed_subset_if_ranked,True,,8.0,1.0,2.0,False,False,supply_only,no_cafe_sales_rows,98.64855570839065,78.19496268656717,,,,92.5124778018436,unknown,only_C1_C2_scored_C_stay_unverified,0.0100363624216496,43,450.0,4.698761849359441,1.4540675820161406,,below_residual_ranking_support,,0.0,0.0,0,0,primary_unverified_candidate,validation_only_not_added,,,,incomplete_stay_evidence_and_walk_network,35.06043256997455,not_computed_missing_graph_and_runtime,cafe_draft_2025q4_observed_sales_study_unverified_2026poi
3110966,논현2동주민센터,골목상권,accessible_official_786,non_tourism_observed_subset_if_ranked,True,,15.0,6.0,2.0,True,True,complete,both_cafe_industries_sales_observed,72.15955983493811,79.96268656716417,71.15433967382577,64.67453849175176,69.21039931920356,,C1_coffee,only_C1_C2_scored_C_stay_unverified,0.0934738399676504,331,224.66178780360067,1.4242973984463156,0.4436525882732951,66.97247706422019,residual_candidate_min10_cafe_min50_total,63.94078476593354,0.0,2.0,0,1,primary_unverified_candidate,validation_only_not_added,,,,incomplete_stay_evidence_and_walk_network,43.27259841910235,not_computed_missing_graph_and_runtime,cafe_draft_2025q4_observed_sales_study_unverified_2026poi
3110968,강남구청역 2번,골목상권,accessible_official_786,non_tourism_observed_subset_if_ranked,True,,3.0,2.0,,True,False,insufficient,partial_or_unusable_sales,49.01306740027511,77.5,41.734805401752425,,,,unknown,only_C1_C2_scored_C_stay_unverified,0.0437165440454674,57,114.3731763151211,1.969266662012241,0.4326261331403507,,below_residual_ranking_support,,1.0,1.0,0,1,primary_unverified_candidate,validation_only_not_added,,,,incomplete_stay_evidence_and_walk_network,55.29560077013129,not_computed_missing_graph_and_runtime,cafe_draft_2025q4_observed_sales_study_unverified_2026poi
3110970,학동초등학교,골목상권,accessible_official_786,non_tourism_observed_subset_if_ranked,True,,1.0,1.0,1.0,False,False,supply_only,no_cafe_sales_rows,7.314305364511691,43.656716417910445,,,,18.217028680531318,unknown,only_C1_C2_scored_C_stay_unverified,0.0499760766574499,57,40.0191478356447,0.7877066648048964,-0.3225361119865735,,below_residual_ranking_support,,0.0,0.0,0,0,primary_unverified_candidate,validation_only_not_added,,,,incomplete_stay_evidence_and_walk_network,22.87849872773537,not_computed_missing_graph_and_runtime,cafe_draft_2025q4_observed_sales_study_unverified_2026poi
3110971,선정릉역 4번,골목상권,accessible_official_786,non_tourism_observed_subset_if_ranked,True,,11.0,1.0,4.0,True,False,insufficient,partial_or_unusable_sales,58.56258596973865,8.208955223880597,60.25757073520056,,,,unknown,only_C1_C2_scored_C_stay_unverified,0.1331207011191988,172,90.14375599821228,1.56625394978648,0.103433155712366,35.77981651376147,residual_candidate_min10_cafe_min50_total,,0.0,1.0,0,1,primary_unverified_candidate,validation_only_not_added,,,,incomplete_stay_evidence_and_walk_network,32.49036368385917,not_computed_missing_graph_and_runtime,cafe_draft_2025q4_observed_sales_study_unverified_2026poi
3110973,강남구청역 4번,골목상권,accessible_official_786,non_tourism_observed_subset_if_ranked,True,,3.0,1.0,,False,False,supply_only,no_cafe_sales_rows,16.327372764786794,16.69776119402985,,,,16.43848929355971,unknown,only_C1_C2_scored_C_stay_unverified,0.0660861270109799,187,60.52707551367654,0.4802062020735732,-0.572152385858254,,below_residual_ranking_support,,0.0,1.0,0,2,primary_unverified_candidate,validation_only_not_added,,,,incomplete_stay_evidence_and_walk_network,35.709976876711266,not_computed_missing_graph_and_runtime,cafe_draft_2025q4_observed_sales_study_unverified_2026poi
3110974,언주중학교,골목상권,accessible_official_786,non_tourism_observed_subset_if_ranked,True,,2.0,0.0,,False,False,supply_only,no_cafe_sales_rows,30.68431911966988,0.0,,,,21.47902338376891,unknown,only_C1_C2_scored_C_stay_unverified,0.0351240892680903,70,56.94097816272691,0.6414182841982728,-0.2676096853911345,,below_residual_ranking_support,,0.0,0.0,0,0,primary_unverified_candidate,validation_only_not_added,,,,incomplete_stay_evidence_and_walk_network,26.00826972010178,not_computed_missing_graph_and_runtime,cafe_draft_2025q4_observed_sales_study_unverified_2026poi
3110976,언북초등학교,골목상권,accessible_official_786,non_tourism_observed_subset_if_ranked,True,,7.0,1.0,0.0,True,False,insufficient,partial_or_unusable_sales,66.37551581843191,23.367537313432837,61.0241626128924,,,,unknown,only_C1_C2_scored_C_stay_unverified,0.0556820212110945,149,143.67294552170495,1.2053497958088348,0.2161713678871215,,below_residual_ranking_support,,0.0,0.0,0,2,primary_unverified_candidate,validation_only_not_added,,,,incomplete_stay_evidence_and_walk_network,34.06331572480384,not_computed_missing_graph_and_runtime,cafe_draft_2025q4_observed_sales_study_unverified_2026poi
3110982,강남구보훈회관,골목상권,accessible_official_786,non_tourism_observed_subset_if_ranked,True,,2.0,1.0,0.0,False,False,supply_only,no_cafe_sales_rows,44.19876203576341,62.06623134328358,,,,49.55900282801946,unknown,only_C1_C2_scored_C_stay_unverified,0.0198500533215776,102,150.0,0.6602835278511632,0.081441011463458,,below_residual_ranking_support,,0.0,0.0,0,0,primary_unverified_candidate,validation_only_not_added,,,,incomplete_stay_evidence_and_walk_network,31.25636132315521,not_computed_missing_graph_and_runtime,cafe_draft_2025q4_observed_sales_study_unverified_2026poi
3110985,청담근린공원,골목상권,accessible_official_786,non_tourism_observed_subset_if_ranked,True,,3.0,0.0,,True,False,insufficient,partial_or_unusable_sales,49.63892709766162,0.0,51.16515756250124,,,,unknown,only_C1_C2_scored_C_stay_unverified,0.0432324972585148,57,69.39224403487677,1.1815599972073445,0.0323209133740618,,below_residual_ranking_support,,0.0,0.0,0,1,primary_unverified_candidate,validation_only_not_added,,,,incomplete_stay_evidence_and_walk_network,32.068327383198366,not_computed_missing_graph_and_runtime,cafe_draft_2025q4_observed_sales_study_unverified_2026poi
3110988,청담역 3번,골목상권,accessible_official_786,non_tourism_observed_subset_if_ranked,True,,2.0,1.0,,False,False,supply_only,no_cafe_sales_rows,18.445667125171937,31.40391791044776,,,,22.33314236075468,unknown,only_C1_C2_scored_C_stay_unverified,0.0791250215947088,59,37.914681595494365,1.1415071159460788,-0.2659816611932595,,below_residual_ranking_support,,0.0,0.0,0,0,primary_unverified_candidate,validation_only_not_added,,,,incomplete_stay_evidence_and_walk_network,25.82379134860051,not_computed_missing_graph_and_runtime,cafe_draft_2025q4_observed_sales_study_unverified_2026poi
3110990,청담역 12번,골목상권,accessible_official_786,non_tourism_observed_subset_if_ranked,True,,2.0,0.0,,True,False,insufficient,partial_or_unusable_sales,66.70563961485557,0.0,63.30687619537655,,,,unknown,only_C1_C2_scored_C_stay_unverified,0.0100996541818893,29,100.0,1.5482510308234172,0.455579791116973,,below_residual_ranking_support,,0.0,0.0,0,0,primary_unverified_candidate,validation_only_not_added,,,,incomplete_stay_evidence_and_walk_network,36.720737913486005,not_computed_missing_graph_and_runtime,cafe_draft_2025q4_observed_sales_study_unverified_2026poi
3111004,삼전역 1번,골목상권,accessible_official_786,non_tourism_observed_subset_if_ranked,True,,19.0,5.0,9.0,True,True,complete,both_cafe_industries_sales_observed,41.65405777166437,29.645522388059703,41.0930863418044,45.7518656716418,42.49072014075561,,C2_bakery,only_C1_C2_scored_C_stay_unverified,0.2453723283299328,627,97.81054026487084,0.8593163616053415,-0.2177511770666398,13.455657492354739,residual_candidate_min10_cafe_min50_total,25.273632375795856,1.0,5.0,0,1,primary_unverified_candidate,validation_only_not_added,,,,incomplete_stay_evidence_and_walk_network,51.01598796427984,not_computed_missing_graph_and_runtime,cafe_draft_2025q4_observed_sales_study_unverified_2026poi
3111010,석촌역 7번,골목상권,accessible_official_786,non_tourism_observed_subset_if_ranked,True,,17.0,10.0,12.0,True,True,complete,both_cafe_industries_sales_observed,51.69876203576341,77.77985074626866,53.47837833313175,62.14326394344069,56.07784401622443,,C2_bakery,only_C1_C2_scored_C_stay_unverified,0.200023309440052,393,134.98426796148993,1.5423416757439383,0.2403982369059618,45.87155963302752,residual_candidate_min10_cafe_min50_total,46.521773705103215,0.0,1.0,0,2,primary_unverified_candidate,validation_only_not_added,,,,incomplete_stay_evidence_and_walk_network,33.30082044137424,not_computed_missing_graph_and_runtime,cafe_draft_2025q4_observed_sales_study_unverified_2026poi
3111011,잠실나루역,골목상권,accessible_official_786,non_tourism_observed_subset_if_ranked,True,,2.0,1.0,,False,False,supply_only,no_cafe_sales_rows,33.968363136176066,50.42910447761194,,,,38.906585538606826,unknown,only_C1_C2_scored_C_stay_unverified,0.0258193896573705,117,116.19174735773078,0.5756317935112705,-0.1098593812203445,,below_residual_ranking_support,,0.0,2.0,0,1,primary_unverified_candidate,validation_only_not_added,,,,incomplete_stay_evidence_and_walk_network,43.600296055495896,not_computed_missing_graph_and_runtime,cafe_draft_2025q4_observed_sales_study_unverified_2026poi
3111012,석촌역 6번,골목상권,accessible_official_786,non_tourism_observed_subset_if_ranked,True,,13.0,6.0,5.0,True,True,complete,both_cafe_industries_sales_observed,63.90646492434663,76.05410447761193,55.08472415543807,54.02734681853888,54.76751095436831,,C1_coffee,only_C1_C2_scored_C_stay_unverified,0.1206611099897302,262,157.46581480658634,1.6280273243963794,0.3550271456539833,58.40978593272171,residual_candidate_min10_cafe_min50_total,48.368831354045156,0.0,1.0,1,0,primary_unverified_candidate,validation_only_not_added,,,,incomplete_stay_evidence_and_walk_network,42.58008390069459,not_computed_missing_graph_and_runtime,cafe_draft_2025q4_observed_sales_study_unverified_2026poi
3111013,송파나루역 1번(송리단길),골목상권,accessible_official_786,non_tourism_observed_subset_if_ranked,True,,73.0,23.0,27.0,True,True,complete,both_cafe_industries_sales_observed,97.56533700137553,97.78917910447764,88.84908910513575,76.57742537313433,85.16758998553532,,C1_coffee,only_C1_C2_scored_C_stay_unverified,0.1913747685030363,577,501.633526461859,3.735122070894622,1.2977795984518457,98.47094801223241,residual_candidate_min10_cafe_min50_total,85.75451085148369,0.0,1.0,0,0,primary_unverified_candidate,validation_only_not_added,,,,incomplete_stay_evidence_and_walk_network,43.05343511450381,not_computed_missing_graph_and_runtime,cafe_draft_2025q4_observed_sales_study_unverified_2026poi
3111014,송파나루역 2번,골목상권,accessible_official_786,non_tourism_observed_subset_if_ranked,True,,3.0,3.0,14.0,True,False,insufficient,partial_or_unusable_sales,16.447730398899587,69.5195895522388,16.613957727317143,,,,unknown,only_C1_C2_scored_C_stay_unverified,0.072657857043091,139,82.57881864643484,0.9690492063427144,-0.1214470743306803,,below_residual_ranking_support,,0.0,0.0,0,0,primary_unverified_candidate,validation_only_not_added,,,,incomplete_stay_evidence_and_walk_network,23.228371501272264,not_computed_missing_graph_and_runtime,cafe_draft_2025q4_observed_sales_study_unverified_2026poi
3111015,석촌역 3번,골목상권,accessible_official_786,non_tourism_observed_subset_if_ranked,True,,31.0,10.0,6.0,True,False,insufficient,partial_or_unusable_sales,77.53094910591471,73.07835820895522,74.81918051919743,,,,unknown,only_C1_C2_scored_C_stay_unverified,0.2264086744851089,418,181.08846798048197,2.201998176613688,0.5554338503824066,75.22935779816514,residual_candidate_min10_cafe_min50_total,,0.0,2.0,0,1,primary_unverified_candidate,validation_only_not_added,,,,incomplete_stay_evidence_and_walk_network,36.14182606255866,not_computed_missing_graph_and_runtime,cafe_draft_2025q4_observed_sales_study_unverified_2026poi
3111018,풍납초등학교(풍납백제문화공원),골목상권,accessible_official_786,non_tourism_observed_subset_if_ranked,True,,2.0,1.0,,False,False,supply_only,no_cafe_sales_rows,47.87138927097662,66.06343283582089,,,,53.329002340429895,unknown,only_C1_C2_scored_C_stay_unverified,0.0270801370482058,45,110.78230492924206,1.4966426631293033,0.373476725116491,,below_residual_ranking_support,,0.0,0.0,0,0,primary_unverified_candidate,validation_only_not_added,,,,incomplete_stay_evidence_and_walk_network,26.09096692111959,not_computed_missing_graph_and_runtime,cafe_draft_2025q4_observed_sales_study_unverified_2026poi
3111019,한성백제역 3번,골목상권,accessible_official_786,non_tourism_observed_subset_if_ranked,True,,10.0,6.0,6.0,True,False,insufficient,partial_or_unusable_sales,32.238651994497936,58.66604477611939,43.20915773743022,,,,unknown,only_C1_C2_scored_C_stay_unverified,0.1826565738512957,315,87.5960807905327,1.1402991719080406,-0.0981393092032201,19.877675840978593,residual_candidate_min10_cafe_min50_total,,0.0,0.0,0,0,primary_unverified_candidate,validation_only_not_added,,,,incomplete_stay_evidence_and_walk_network,24.62150127226463,not_computed_missing_graph_and_runtime,cafe_draft_2025q4_observed_sales_study_unverified_2026poi
3111020,방이동고분군(방산고등학교),골목상권,accessible_official_786,non_tourism_observed_subset_if_ranked,True,,11.0,2.0,4.0,True,False,insufficient,partial_or_unusable_sales,93.3356258596974,74.81809701492537,78.82790879229984,,,,unknown,only_C1_C2_scored_C_stay_unverified,0.0289746487912472,150,448.6680785558685,1.9456354620680945,0.9571677328053004,92.96636085626912,residual_candidate_min10_cafe_min50_total,,1.0,2.0,0,0,primary_unverified_candidate,validation_only_not_added,,,,incomplete_stay_evidence_and_walk_network,68.01526717557253,not_computed_missing_graph_and_runtime,cafe_draft_2025q4_observed_sales_study_unverified_2026poi
3111021,방이역 4번,골목상권,accessible_official_786,non_tourism_observed_subset_if_ranked,True,,27.0,8.0,15.0,True,True,complete,both_cafe_industries_sales_observed,50.40577716643741,41.492537313432834,52.216955094499234,47.03819717203456,50.66332771775983,,C1_coffee,only_C1_C2_scored_C_stay_unverified,0.324026928449671,647,108.01571390211268,1.2144318363877653,0.0012151959819339,26.911314984709477,residual_candidate_min10_cafe_min50_total,36.088984559681236,2.0,9.0,0,0,primary_unverified_candidate,validation_only_not_added,,,,incomplete_stay_evidence_and_walk_network,52.19465648854962,not_computed_missing_graph_and_runtime,cafe_draft_2025q4_observed_sales_study_unverified_2026poi
3111022,석촌중학교(방이육교),골목상권,accessible_official_786,non_tourism_observed_subset_if_ranked,True,,2.0,0.0,,False,False,supply_only,no_cafe_sales_rows,12.561898211829435,0.0,,,,8.793328748280604,unknown,only_C1_C2_scored_C_stay_unverified,0.0804726189266222,80,24.853173994792822,0.5612409986734888,-0.7225037388195852,,below_residual_ranking_support,,0.0,0.0,0,0,primary_unverified_candidate,validation_only_not_added,,,,incomplete_stay_evidence_and_walk_network,21.275445292620866,not_computed_missing_graph_and_runtime,cafe_draft_2025q4_observed_sales_study_unverified_2026poi
3111029,오금역 4번,골목상권,accessible_official_786,non_tourism_observed_subset_if_ranked,True,,3.0,2.0,,True,False,insufficient,partial_or_unusable_sales,41.42022008253095,73.78731343283582,37.36544069463207,,,,unknown,only_C1_C2_scored_C_stay_unverified,0.043055293256851,88,116.12973973192936,1.275547724257929,0.2099529079562705,,below_residual_ranking_support,,0.0,0.0,0,0,primary_unverified_candidate,validation_only_not_added,,,,incomplete_stay_evidence_and_walk_network,25.72201017811705,not_computed_missing_graph_and_runtime,cafe_draft_2025q4_observed_sales_study_unverified_2026poi
3111030,방이역 2번,골목상권,accessible_official_786,non_tourism_observed_subset_if_ranked,True,,12.0,3.0,2.0,True,True,complete,both_cafe_industries_sales_observed,87.24896836313617,77.52798507462687,79.56315018405125,70.42090534171248,76.82047673134961,,C1_coffee,only_C1_C2_scored_C_stay_unverified,0.0508718679465197,176,294.8584474187014,1.913321586386893,0.744602374325817,84.40366972477065,residual_candidate_min10_cafe_min50_total,76.8701741750807,1.0,5.0,0,0,primary_unverified_candidate,validation_only_not_added,,,,incomplete_stay_evidence_and_walk_network,59.71374045801527,not_computed_missing_graph_and_runtime,cafe_draft_2025q4_observed_sales_study_unverified_2026poi
3111032,방이역 1번,골목상권,accessible_official_786,non_tourism_observed_subset_if_ranked,True,,2.0,5.0,3.0,True,True,complete,both_cafe_industries_sales_observed,5.6121045392022015,84.9160447761194,7.748766272324799,67.03991555380989,25.536111056770324,,C2_bakery,only_C1_C2_scored_C_stay_unverified,0.0778521031918219,206,89.9140769871369,0.7628518428571691,-0.229737519298308,,below_residual_ranking_support,,1.0,6.0,0,0,primary_unverified_candidate,validation_only_not_added,,,,incomplete_stay_evidence_and_walk_network,46.583969465648856,not_computed_missing_graph_and_runtime,cafe_draft_2025q4_observed_sales_study_unverified_2026poi
3111035,오금공원(오주중학교),골목상권,accessible_official_786,non_tourism_observed_subset_if_ranked,True,,8.0,0.0,2.0,True,False,insufficient,partial_or_unusable_sales,57.20770288858321,0.0,54.41628124207779,,,,unknown,only_C1_C2_scored_C_stay_unverified,0.0949674752537834,142,84.23936698981885,1.2647684477149042,-0.0056019288869957,,below_residual_ranking_support,,0.0,1.0,0,1,primary_unverified_candidate,validation_only_not_added,,,,incomplete_stay_evidence_and_walk_network,33.82354705444131,not_computed_missing_graph_and_runtime,cafe_draft_2025q4_observed_sales_study_unverified_2026poi
3111048,천호역 1번(천호문구완구거리),골목상권,accessible_official_786,non_tourism_observed_subset_if_ranked,True,,4.0,2.0,4.0,True,False,insufficient,partial_or_unusable_sales,38.26341127922971,57.03824626865672,46.54255977822284,,,,unknown,only_C1_C2_scored_C_stay_unverified,0.0692109717933286,98,86.69145721456773,1.3744677518534416,0.0869946759069966,,below_residual_ranking_support,,0.0,0.0,0,0,primary_unverified_candidate,validation_only_not_added,,,,incomplete_stay_evidence_and_walk_network,28.540076335877863,not_computed_missing_graph_and_runtime,cafe_draft_2025q4_observed_sales_study_unverified_2026poi
3111049,천호지구대(천호동자전거거리),골목상권,accessible_official_786,non_tourism_observed_subset_if_ranked,True,,5.0,4.0,6.0,True,False,insufficient,partial_or_unusable_sales,20.993810178817057,64.19309701492537,26.8385384614859,,,,unknown,only_C1_C2_scored_C_stay_unverified,0.110338842403215,196,81.56692424876992,1.0308508138900814,-0.141646506144343,,below_residual_ranking_support,,0.0,0.0,0,0,primary_unverified_candidate,validation_only_not_added,,,,incomplete_stay_evidence_and_walk_network,27.299618320610687,not_computed_missing_graph_and_runtime,cafe_draft_2025q4_observed_sales_study_unverified_2026poi
3111050,강동구청(강동구청역 2번),골목상권,accessible_official_786,non_tourism_observed_subset_if_ranked,True,,6.0,0.0,0.0,True,False,insufficient,partial_or_unusable_sales,95.75997248968363,0.0,83.49921869608207,,,,unknown,only_C1_C2_scored_C_stay_unverified,0.0195494057557165,46,300.0,2.92821390612255,1.062004522998159,,below_residual_ranking_support,,0.0,0.0,0,0,primary_unverified_candidate,validation_only_not_added,,,,incomplete_stay_evidence_and_walk_network,34.86323155216285,not_computed_missing_graph_and_runtime,cafe_draft_2025q4_observed_sales_study_unverified_2026poi
3111051,천호역 6번,골목상권,accessible_official_786,non_tourism_observed_subset_if_ranked,True,,19.0,2.0,11.0,True,False,insufficient,partial_or_unusable_sales,70.26822558459422,13.40018656716418,60.18348567871421,,,,unknown,only_C1_C2_scored_C_stay_unverified,0.1595231048398986,316,131.6423725646271,1.4919064521700331,0.2207517063336483,43.730886850152906,residual_candidate_min10_cafe_min50_total,,0.0,1.0,0,0,primary_unverified_candidate,validation_only_not_added,,,,incomplete_stay_evidence_and_walk_network,38.396946564885496,not_computed_missing_graph_and_runtime,cafe_draft_2025q4_observed_sales_study_unverified_2026poi
3111052,암사역 3번(천호동자전거거리),골목상권,accessible_official_786,non_tourism_observed_subset_if_ranked,True,,18.0,5.0,7.0,True,False,insufficient,partial_or_unusable_sales,74.79023383768913,63.95522388059702,61.925046448429086,,,,unknown,only_C1_C2_scored_C_stay_unverified,0.1291948555298473,291,178.02566445601553,1.7743701676275243,0.4495594416515103,67.88990825688074,residual_candidate_min10_cafe_min50_total,,0.0,0.0,0,0,primary_unverified_candidate,validation_only_not_added,,,,incomplete_stay_evidence_and_walk_network,31.50445292620865,not_computed_missing_graph_and_runtime,cafe_draft_2025q4_observed_sales_study_unverified_2026poi
3111053,성내천어린이공원(하니사랑길),골목상권,accessible_official_786,non_tourism_observed_subset_if_ranked,True,,9.0,4.0,1.0,True,True,complete,both_cafe_industries_sales_observed,44.51169188445667,56.21268656716418,48.78257577465867,57.638354281225446,51.4393093266287,,C2_bakery,only_C1_C2_scored_C_stay_unverified,0.1397367307431585,197,93.0320892070568,1.4814483213716454,0.0826452745118691,33.33333333333333,residual_candidate_min10_cafe_min50_total,41.15724945747379,0.0,1.0,0,1,primary_unverified_candidate,validation_only_not_added,,,,incomplete_stay_evidence_and_walk_network,36.474085469093154,not_computed_missing_graph_and_runtime,cafe_draft_2025q4_observed_sales_study_unverified_2026poi
3111054,암사역 4번(삼성광나루아파트),골목상권,accessible_official_786,non_tourism_observed_subset_if_ranked,True,,1.0,0.0,,False,False,supply_only,no_cafe_sales_rows,23.583218707015128,0.0,,,,16.50825309491059,unknown,only_C1_C2_scored_C_stay_unverified,0.0155259060792445,41,50.0,0.5475521938277939,-0.1304111674556834,,below_residual_ranking_support,,0.0,0.0,0,0,primary_unverified_candidate,validation_only_not_added,,,,incomplete_stay_evidence_and_walk_network,26.25636132315521,not_computed_missing_graph_and_runtime,cafe_draft_2025q4_observed_sales_study_unverified_2026poi
3111056,천호태영아파트,골목상권,accessible_official_786,non_tourism_observed_subset_if_ranked,True,,1.0,3.0,1.0,True,False,insufficient,partial_or_unusable_sales,8.31155433287483,94.55223880597016,11.874695087160417,,,,unknown,only_C1_C2_scored_C_stay_unverified,0.031960042383596,82,125.15627958156472,1.0951043876555877,0.2031798166444018,,below_residual_ranking_support,,0.0,0.0,0,0,primary_unverified_candidate,validation_only_not_added,,,,incomplete_stay_evidence_and_walk_network,26.020992366412216,not_computed_missing_graph_and_runtime,cafe_draft_2025q4_observed_sales_study_unverified_2026poi
3111057,천호공원(해공체육문화센터),골목상권,accessible_official_786,non_tourism_observed_subset_if_ranked,True,,6.0,1.0,6.0,True,False,insufficient,partial_or_unusable_sales,27.63067400275104,7.164179104477611,32.28784537370913,,,,unknown,only_C1_C2_scored_C_stay_unverified,0.1160707125765865,222,60.30806432226576,0.7078715298584541,-0.4547717498472332,,below_residual_ranking_support,,0.0,0.0,0,0,primary_unverified_candidate,validation_only_not_added,,,,incomplete_stay_evidence_and_walk_network,24.742366412213737,not_computed_missing_graph_and_runtime,cafe_draft_2025q4_observed_sales_study_unverified_2026poi
3111058,성내중학교,골목상권,accessible_official_786,non_tourism_observed_subset_if_ranked,True,,2.0,2.0,0.0,True,False,insufficient,partial_or_unusable_sales,28.321870701513067,82.01492537313433,30.35422156259417,,,,unknown,only_C1_C2_scored_C_stay_unverified,0.0396635189317969,69,100.8483389201591,1.3014284027211334,0.1944990295371957,,below_residual_ranking_support,,1.0,2.0,0,0,primary_unverified_candidate,validation_only_not_added,,,,incomplete_stay_evidence_and_walk_network,51.10050890585242,not_computed_missing_graph_and_runtime,cafe_draft_2025q4_observed_sales_study_unverified_2026poi
3111059,강동역 4번(강풀만화거리),골목상권,accessible_official_786,non_tourism_observed_subset_if_ranked,True,,28.0,9.0,17.0,True,True,complete,both_cafe_industries_sales_observed,60.58459422283356,56.240671641791046,60.90946434147778,48.41452278083268,57.16098187328424,,C1_coffee,only_C1_C2_scored_C_stay_unverified,0.282081034729625,529,131.16798169527613,1.5702016598048456,0.2273775470384542,44.64831804281346,residual_candidate_min10_cafe_min50_total,46.9178122892891,1.0,0.0,0,0,primary_unverified_candidate,validation_only_not_added,,,,incomplete_stay_evidence_and_walk_network,48.13295165394401,not_computed_missing_graph_and_runtime,cafe_draft_2025q4_observed_sales_study_unverified_2026poi
3111060,암사역 2번(서울강동초등학교),골목상권,accessible_official_786,non_tourism_observed_subset_if_ranked,True,,15.0,3.0,23.0,True,False,insufficient,partial_or_unusable_sales,39.84869325997249,15.914179104477611,39.51301225664543,,,,unknown,only_C1_C2_scored_C_stay_unverified,0.2190504596698758,446,82.1728474212163,0.9060392803697576,-0.2571918724393098,11.926605504587156,residual_candidate_min10_cafe_min50_total,,0.0,1.0,0,0,primary_unverified_candidate,validation_only_not_added,,,,incomplete_stay_evidence_and_walk_network,30.979643765903308,not_computed_missing_graph_and_runtime,cafe_draft_2025q4_observed_sales_study_unverified_2026poi
3111061,암사역 1번,골목상권,accessible_official_786,non_tourism_observed_subset_if_ranked,True,,20.0,7.0,11.0,True,True,complete,both_cafe_industries_sales_observed,69.44291609353509,68.76865671641791,62.90691160824654,53.92753338570306,60.213098141483485,,C1_coffee,only_C1_C2_scored_C_stay_unverified,0.1751950857327215,324,154.11391185476137,1.870803328911629,0.4051131567968515,64.22018348623854,residual_candidate_min10_cafe_min50_total,56.69877978557051,0.0,0.0,0,0,primary_unverified_candidate,validation_only_not_added,,,,incomplete_stay_evidence_and_walk_network,30.244910941475823,not_computed_missing_graph_and_runtime,cafe_draft_2025q4_observed_sales_study_unverified_2026poi
3111062,둔촌동역 3번(성내3동주민센터),골목상권,accessible_official_786,non_tourism_observed_subset_if_ranked,True,,21.0,4.0,4.0,True,False,insufficient,partial_or_unusable_sales,89.2503438789546,66.35727611940298,80.45492278183553,,,,unknown,only_C1_C2_scored_C_stay_unverified,0.1067280273226065,186,234.2402518546752,3.0174247240510144,0.857234595306219,88.9908256880734,residual_candidate_min10_cafe_min50_total,,1.0,0.0,0,0,primary_unverified_candidate,validation_only_not_added,,,,incomplete_stay_evidence_and_walk_network,47.66857506361323,not_computed_missing_graph_and_runtime,cafe_draft_2025q4_observed_sales_study_unverified_2026poi
3111063,강동구립 천호도서관,골목상권,accessible_official_786,non_tourism_observed_subset_if_ranked,True,,5.0,0.0,10.0,True,False,insufficient,partial_or_unusable_sales,15.275103163686383,0.0,21.89835959659736,,,,unknown,only_C1_C2_scored_C_stay_unverified,0.1504049067224535,199,33.243596295875136,0.5640613051994862,-0.8041397287328995,,below_residual_ranking_support,,0.0,0.0,0,0,primary_unverified_candidate,validation_only_not_added,,,,incomplete_stay_evidence_and_walk_network,25.62022900763359,not_computed_missing_graph_and_runtime,cafe_draft_2025q4_observed_sales_study_unverified_2026poi
3111064,둔촌동역 4번,골목상권,accessible_official_786,non_tourism_observed_subset_if_ranked,True,,3.0,4.0,,False,True,insufficient,partial_or_unusable_sales,27.713204951856945,90.55970149253731,,80.33258051846033,,,unknown,only_C1_C2_scored_C_stay_unverified,0.0510887265410409,139,137.01652935852135,1.1305574073998337,0.1753029616859347,,below_residual_ranking_support,,0.0,0.0,0,0,primary_unverified_candidate,validation_only_not_added,,,,incomplete_stay_evidence_and_walk_network,26.69529262086514,not_computed_missing_graph_and_runtime,cafe_draft_2025q4_observed_sales_study_unverified_2026poi
3111066,암사동성당(효정하나플러스아파트),골목상권,accessible_official_786,non_tourism_observed_subset_if_ranked,True,,7.0,0.0,10.0,True,False,insufficient,partial_or_unusable_sales,41.07290233837689,0.0,41.90175195479725,,,,unknown,only_C1_C2_scored_C_stay_unverified,0.1064792120559996,187,65.74053155388262,0.8403608536287531,-0.3232002213463221,,below_residual_ranking_support,,0.0,0.0,0,0,primary_unverified_candidate,validation_only_not_added,,,,incomplete_stay_evidence_and_walk_network,25.97646310432569,not_computed_missing_graph_and_runtime,cafe_draft_2025q4_observed_sales_study_unverified_2026poi
3111067,강동구립성내도서관,골목상권,accessible_official_786,non_tourism_observed_subset_if_ranked,True,,10.0,7.0,12.0,True,True,complete,both_cafe_industries_sales_observed,27.647867950481437,64.50559701492537,30.615951678600787,65.28549685781618,41.0168152323654,,C2_bakery,only_C1_C2_scored_C_stay_unverified,0.2038069724034054,297,83.41225915642889,1.2849962259190988,-0.0602902516408105,22.32415902140673,residual_candidate_min10_cafe_min50_total,29.550095878479887,0.0,0.0,0,0,primary_unverified_candidate,validation_only_not_added,,,,incomplete_stay_evidence_and_walk_network,27.089694656488547,not_computed_missing_graph_and_runtime,cafe_draft_2025q4_observed_sales_study_unverified_2026poi
3111068,강동성심병원,골목상권,accessible_official_786,non_tourism_observed_subset_if_ranked,True,,0.0,0.0,2.0,True,False,insufficient,partial_or_unusable_sales,0.0,0.0,19.052781917536013,,,,unknown,only_C1_C2_scored_C_stay_unverified,0.0196311859562933,27,0.0,0.0,-0.606016080011788,,below_residual_ranking_support,,0.0,0.0,0,0,primary_unverified_candidate,validation_only_not_added,,,,incomplete_stay_evidence_and_walk_network,23.769083969465647,not_computed_missing_graph_and_runtime,cafe_draft_2025q4_observed_sales_study_unverified_2026poi
3111069,천호1동주민센터,골목상권,accessible_official_786,non_tourism_observed_subset_if_ranked,True,,6.0,0.0,,True,False,insufficient,partial_or_unusable_sales,43.27716643741402,0.0,41.08259077345261,,,,unknown,only_C1_C2_scored_C_stay_unverified,0.1104047005374646,109,54.34551220003507,1.2357599970792412,-0.1859521779930848,,below_residual_ranking_support,,0.0,0.0,0,0,primary_unverified_candidate,validation_only_not_added,,,,incomplete_stay_evidence_and_walk_network,25.26399491094148,not_computed_missing_graph_and_runtime,cafe_draft_2025q4_observed_sales_study_unverified_2026poi
3111070,천호초등학교,골목상권,accessible_official_786,non_tourism_observed_subset_if_ranked,True,,0.0,0.0,,False,False,supply_only,no_cafe_sales_rows,0.0,0.0,,,,0.0,unknown,only_C1_C2_scored_C_stay_unverified,0.0590335471842071,57,0.0,0.0,-1.4983378215305023,,below_residual_ranking_support,,0.0,0.0,0,0,primary_unverified_candidate,validation_only_not_added,,,,incomplete_stay_evidence_and_walk_network,21.35178117048346,not_computed_missing_graph_and_runtime,cafe_draft_2025q4_observed_sales_study_unverified_2026poi
3111071,천동초등학교,골목상권,accessible_official_786,non_tourism_observed_subset_if_ranked,True,,4.0,1.0,1.0,True,False,insufficient,partial_or_unusable_sales,72.54470426409904,55.09794776119404,57.09825771412913,,,,unknown,only_C1_C2_scored_C_stay_unverified,0.0354727303106187,51,140.9533451814184,2.2009450928372107,0.5880535491174537,,below_residual_ranking_support,,0.0,0.0,0,0,primary_unverified_candidate,validation_only_not_added,,,,incomplete_stay_evidence_and_walk_network,31.5617048346056,not_computed_missing_graph_and_runtime,cafe_draft_2025q4_observed_sales_study_unverified_2026poi
3111072,굽은다리역 1번(십자성마을),골목상권,accessible_official_786,non_tourism_observed_subset_if_ranked,True,,8.0,1.0,4.0,True,False,insufficient,partial_or_unusable_sales,34.79023383768913,6.166044776119403,36.17976577282054,,,,unknown,only_C1_C2_scored_C_stay_unverified,0.1531349588172852,206,58.77168785958572,0.9808095122449316,-0.320107770402898,,below_residual_ranking_support,,0.0,0.0,0,0,primary_unverified_candidate,validation_only_not_added,,,,incomplete_stay_evidence_and_walk_network,26.19910941475827,not_computed_missing_graph_and_runtime,cafe_draft_2025q4_observed_sales_study_unverified_2026poi
3111073,둔촌동역 1번(한산중학교),골목상권,accessible_official_786,non_tourism_observed_subset_if_ranked,True,,17.0,3.0,6.0,True,False,insufficient,partial_or_unusable_sales,57.13204951856946,24.83208955223881,55.71255388803588,,,,unknown,only_C1_C2_scored_C_stay_unverified,0.1797337334675332,360,111.27571666235244,1.2472022192744192,0.0492147847350143,30.275229357798167,residual_candidate_min10_cafe_min50_total,,0.0,1.0,0,0,primary_unverified_candidate,validation_only_not_added,,,,incomplete_stay_evidence_and_walk_network,34.54834605597964,not_computed_missing_graph_and_runtime,cafe_draft_2025q4_observed_sales_study_unverified_2026poi
3111074,명일역 1번,골목상권,accessible_official_786,non_tourism_observed_subset_if_ranked,True,,3.0,0.0,2.0,True,False,insufficient,partial_or_unusable_sales,38.37345254470426,0.0,33.191098847860296,,,,unknown,only_C1_C2_scored_C_stay_unverified,0.0493972398587117,80,60.73213824458088,0.841861498010233,-0.2086578784281496,,below_residual_ranking_support,,1.0,0.0,0,0,primary_unverified_candidate,validation_only_not_added,,,,incomplete_stay_evidence_and_walk_network,41.73346055979644,not_computed_missing_graph_and_runtime,cafe_draft_2025q4_observed_sales_study_unverified_2026poi
3111075,굽은다리역 2번,골목상권,accessible_official_786,non_tourism_observed_subset_if_ranked,True,,2.0,0.0,4.0,True,False,insufficient,partial_or_unusable_sales,7.132049518569464,0.0,21.548843008751238,,,,unknown,only_C1_C2_scored_C_stay_unverified,0.0877136202088711,134,22.801475930846667,0.3350692529393962,-1.0365037268376736,,below_residual_ranking_support,,1.0,1.0,0,0,primary_unverified_candidate,validation_only_not_added,,,,incomplete_stay_evidence_and_walk_network,42.77353689567431,not_computed_missing_graph_and_runtime,cafe_draft_2025q4_observed_sales_study_unverified_2026poi
3111076,둔촌2동주민센터,골목상권,accessible_official_786,non_tourism_observed_subset_if_ranked,True,,7.0,1.0,6.0,True,False,insufficient,partial_or_unusable_sales,66.16918844566712,22.52332089552239,65.34612689458,,,,unknown,only_C1_C2_scored_C_stay_unverified,0.0600213387916273,138,133.2859306549817,1.3014284027211334,0.2222568318675117,,below_residual_ranking_support,,2.0,4.0,0,0,primary_unverified_candidate,validation_only_not_added,,,,incomplete_stay_evidence_and_walk_network,57.13104325699746,not_computed_missing_graph_and_runtime,cafe_draft_2025q4_observed_sales_study_unverified_2026poi
3111077,길동주민센터(강동도서관),골목상권,accessible_official_786,non_tourism_observed_subset_if_ranked,True,,21.0,4.0,11.0,True,True,complete,both_cafe_industries_sales_observed,49.09215955983493,21.63246268656717,37.624745174249085,22.905881775333857,33.209086154574514,,C1_coffee,only_C1_C2_scored_C_stay_unverified,0.2470102341690204,555,101.2103813597188,1.0112450426549346,-0.1162799759354569,18.960244648318042,residual_candidate_min10_cafe_min50_total,17.883282059898924,2.0,2.0,0,0,primary_unverified_candidate,validation_only_not_added,,,,incomplete_stay_evidence_and_walk_network,47.75445292620865,not_computed_missing_graph_and_runtime,cafe_draft_2025q4_observed_sales_study_unverified_2026poi
3111078,굽은다리역 4번,골목상권,accessible_official_786,non_tourism_observed_subset_if_ranked,True,,15.0,3.0,20.0,True,True,complete,both_cafe_industries_sales_observed,38.52132049518569,15.792910447761194,34.64361287122014,23.555037313432837,31.31704020388395,,C1_coffee,only_C1_C2_scored_C_stay_unverified,0.2071663133693092,512,86.88671293731011,0.7892451543845935,-0.3052304899873217,10.091743119266056,residual_candidate_min10_cafe_min50_total,16.18930215069935,2.0,3.0,0,0,primary_unverified_candidate,validation_only_not_added,,,,incomplete_stay_evidence_and_walk_network,48.689567430025456,not_computed_missing_graph_and_runtime,cafe_draft_2025q4_observed_sales_study_unverified_2026poi
3111080,굽은다리역 3번,골목상권,accessible_official_786,non_tourism_observed_subset_if_ranked,True,,18.0,3.0,3.0,True,False,insufficient,partial_or_unusable_sales,90.7496561210454,61.5018656716418,84.09030821667415,,,,unknown,only_C1_C2_scored_C_stay_unverified,0.0834841254861266,169,251.54482816604195,2.78960023009308,0.8551476601680426,88.68501529051987,residual_candidate_min10_cafe_min50_total,,1.0,2.0,0,0,primary_unverified_candidate,validation_only_not_added,,,,incomplete_stay_evidence_and_walk_network,56.30407124681934,not_computed_missing_graph_and_runtime,cafe_draft_2025q4_observed_sales_study_unverified_2026poi
3120001,서대문역,발달상권,accessible_official_786,non_tourism_observed_subset_if_ranked,True,,24.0,0.0,36.0,True,True,complete,both_cafe_industries_sales_observed,79.27441540577718,0.0,74.32942312383538,15.986842105263158,56.82664881826371,,C1_coffee,only_C1_C2_scored_C_stay_unverified,0.1481814110194253,381,161.96363521503926,1.4141505478387115,0.2826916014079619,51.681957186544345,residual_candidate_min10_cafe_min50_total,54.15955530001394,4.0,4.0,0,2,primary_unverified_candidate,validation_only_not_added,,,,incomplete_stay_evidence_and_walk_network,61.99668630694957,not_computed_missing_graph_and_runtime,cafe_draft_2025q4_observed_sales_study_unverified_2026poi
3120002,서촌(경복궁역),발달상권,accessible_official_786,non_tourism_observed_subset_if_ranked,True,,77.0,21.0,23.0,True,True,complete,both_cafe_industries_sales_observed,98.17744154057772,96.68843283582088,95.70689660945258,91.3332187745483,94.3947932589813,,C1_coffee,only_C1_C2_scored_C_stay_unverified,0.1765049327736606,628,555.2252759171855,3.5032877624205025,1.310305674057469,98.77675840978594,residual_candidate_min10_cafe_min50_total,95.12700689542599,1.0,3.0,0,2,primary_unverified_candidate,validation_only_not_added,,,,incomplete_stay_evidence_and_walk_network,63.87663386836173,not_computed_missing_graph_and_runtime,cafe_draft_2025q4_observed_sales_study_unverified_2026poi
3120003,광화문역,발달상권,accessible_official_786,non_tourism_observed_subset_if_ranked,True,,102.0,18.0,53.0,True,True,complete,both_cafe_industries_sales_observed,85.42640990371389,57.3320895522388,86.30333044973831,61.18509426551453,78.76785959447116,,C1_coffee,only_C1_C2_scored_C_stay_unverified,0.3942269485656003,1840,304.3931939118356,1.464106953061275,0.5623828623558182,75.53516819571865,residual_candidate_min10_cafe_min50_total,77.74379767268427,1.0,3.0,0,1,primary_unverified_candidate,validation_only_not_added,,,,incomplete_stay_evidence_and_walk_network,60.23646707108234,not_computed_missing_graph_and_runtime,cafe_draft_2025q4_observed_sales_study_unverified_2026poi
3120004,종로구청,발달상권,accessible_official_786,non_tourism_observed_subset_if_ranked,True,,22.0,2.0,5.0,True,False,insufficient,partial_or_unusable_sales,74.38101788170565,16.091417910447763,76.8811188758626,,,,unknown,only_C1_C2_scored_C_stay_unverified,0.1239745268476526,489,193.58815564985096,1.1018228194816957,0.2317627252846166,44.95412844036697,residual_candidate_min10_cafe_min50_total,,0.0,0.0,0,1,primary_unverified_candidate,validation_only_not_added,,,,incomplete_stay_evidence_and_walk_network,42.87866320301086,not_computed_missing_graph_and_runtime,cafe_draft_2025q4_observed_sales_study_unverified_2026poi
3120005,삼청동,발달상권,accessible_official_786,non_tourism_observed_subset_if_ranked,True,,50.0,10.0,5.0,True,True,complete,both_cafe_industries_sales_observed,89.70426409903715,69.70149253731343,90.14474840633544,74.97525530243519,85.59390047516536,,C1_coffee,only_C1_C2_scored_C_stay_unverified,0.2514544612950112,433,238.6117935271264,3.1108046115851566,0.8611434723904532,89.60244648318043,residual_candidate_min10_cafe_min50_total,89.72321017202765,0.0,2.0,0,1,primary_unverified_candidate,validation_only_not_added,,,,incomplete_stay_evidence_and_walk_network,42.48808521754273,not_computed_missing_graph_and_runtime,cafe_draft_2025q4_observed_sales_study_unverified_2026poi
3120006,종각역,발달상권,accessible_official_786,non_tourism_observed_subset_if_ranked,True,,95.0,17.0,107.0,True,True,complete,both_cafe_industries_sales_observed,88.2668500687758,67.72388059701493,84.72834994133729,71.68303220738413,80.81475462115134,,C1_coffee,only_C1_C2_scored_C_stay_unverified,0.2701237119002433,1696,414.6248369390156,1.482523392722423,0.7128762990018229,82.87461773700305,residual_candidate_min10_cafe_min50_total,81.35421557798021,9.0,7.0,1,1,primary_unverified_candidate,validation_only_not_added,,,,incomplete_stay_evidence_and_walk_network,73.0117951521893,not_computed_missing_graph_and_runtime,cafe_draft_2025q4_observed_sales_study_unverified_2026poi
3120007,북촌(안국역),발달상권,accessible_official_786,non_tourism_observed_subset_if_ranked,True,,80.0,21.0,18.0,True,True,complete,both_cafe_industries_sales_observed,98.52819807427784,97.17350746268656,96.44385688348976,96.47540259230163,96.45332059613332,,C2_bakery,only_C1_C2_scored_C_stay_unverified,0.1975265453737354,554,511.323679604178,4.092804394658654,1.355164856873036,99.08256880733946,residual_candidate_min10_cafe_min50_total,97.12586513771063,0.0,2.0,0,1,primary_unverified_candidate,validation_only_not_added,,,,incomplete_stay_evidence_and_walk_network,49.785330740429,not_computed_missing_graph_and_runtime,cafe_draft_2025q4_observed_sales_study_unverified_2026poi
3120008,인사동,발달상권,accessible_official_786,non_tourism_observed_subset_if_ranked,True,,73.0,13.0,23.0,True,True,complete,both_cafe_industries_sales_observed,90.7840440165062,71.29664179104478,89.67247711061046,77.40764925373134,85.99302875354672,,C1_coffee,only_C1_C2_scored_C_stay_unverified,0.1821820285401519,1215,472.05534315941645,1.589028012705186,0.8127504160955477,87.46177370030581,residual_candidate_min10_cafe_min50_total,87.75979399955337,0.0,0.0,0,3,primary_unverified_candidate,validation_only_not_added,,,,incomplete_stay_evidence_and_walk_network,46.37419818303195,not_computed_missing_graph_and_runtime,cafe_draft_2025q4_observed_sales_study_unverified_2026poi
3120009,종로3가역,발달상권,accessible_official_786,non_tourism_observed_subset_if_ranked,True,,119.0,19.0,172.0,True,True,complete,both_cafe_industries_sales_observed,73.01925722145805,49.28638059701493,70.86221328899977,50.388624312647295,64.72013659609402,,C1_coffee,only_C1_C2_scored_C_stay_unverified,0.4012185177336677,4123,343.95222030007494,0.7514068185005234,0.2602039382237393,48.318042813455655,residual_candidate_min10_cafe_min50_total,52.4131906016254,4.0,6.0,2,0,primary_unverified_candidate,validation_only_not_added,,,,incomplete_stay_evidence_and_walk_network,68.6969947046283,not_computed_missing_graph_and_runtime,cafe_draft_2025q4_observed_sales_study_unverified_2026poi
3120010,원남동사거리,발달상권,accessible_official_786,non_tourism_observed_subset_if_ranked,True,,15.0,1.0,,True,False,insufficient,partial_or_unusable_sales,74.91746905089408,6.501865671641791,73.5984131344336,,,,unknown,only_C1_C2_scored_C_stay_unverified,0.0990457868654798,271,161.54144973102785,1.3254399968672796,0.265937780528394,48.92966360856269,residual_candidate_min10_cafe_min50_total,,0.0,1.0,0,0,primary_unverified_candidate,validation_only_not_added,,,,incomplete_stay_evidence_and_walk_network,42.58269720101781,not_computed_missing_graph_and_runtime,cafe_draft_2025q4_observed_sales_study_unverified_2026poi
3120011,종로4가,발달상권,accessible_official_786,non_tourism_observed_subset_if_ranked,True,,8.0,0.0,4.0,True,False,insufficient,partial_or_unusable_sales,28.308115543328743,0.0,38.49114039349455,,,,unknown,only_C1_C2_scored_C_stay_unverified,0.1159012569743261,663,69.02427297895589,0.2708855498876567,-0.9217199109015036,,below_residual_ranking_support,,0.0,0.0,0,0,primary_unverified_candidate,validation_only_not_added,,,,incomplete_stay_evidence_and_walk_network,37.72582697201018,not_computed_missing_graph_and_runtime,cafe_draft_2025q4_observed_sales_study_unverified_2026poi
3120012,대학로(혜화역),발달상권,accessible_official_786,non_tourism_observed_subset_if_ranked,True,,84.0,18.0,63.0,True,True,complete,both_cafe_industries_sales_observed,94.12654745529574,81.99626865671641,89.29215996982475,75.686861743912,85.21057050205093,,C1_coffee,only_C1_C2_scored_C_stay_unverified,0.2566946381480262,985,397.3592932672806,2.324734288921659,0.9351612737607492,91.74311926605505,residual_candidate_min10_cafe_min50_total,86.0895293172841,14.0,7.0,1,2,primary_unverified_candidate,validation_only_not_added,,,,incomplete_stay_evidence_and_walk_network,73.83858908977186,not_computed_missing_graph_and_runtime,cafe_draft_2025q4_observed_sales_study_unverified_2026poi
3120013,이화사거리,발달상권,accessible_official_786,non_tourism_observed_subset_if_ranked,True,,20.0,5.0,4.0,True,True,complete,both_cafe_industries_sales_observed,82.33837689133424,68.51679104477611,82.1233268144953,64.86964846818539,76.94722331060233,,C1_coffee,only_C1_C2_scored_C_stay_unverified,0.1341823352353747,193,186.31364520632675,2.9079844490854336,0.7314313061451623,83.4862385321101,residual_candidate_min10_cafe_min50_total,80.65325948692264,0.0,0.0,0,2,primary_unverified_candidate,validation_only_not_added,,,,incomplete_stay_evidence_and_walk_network,42.6876977331437,not_computed_missing_graph_and_runtime,cafe_draft_2025q4_observed_sales_study_unverified_2026poi
3120014,종로5가역,발달상권,accessible_official_786,non_tourism_observed_subset_if_ranked,True,,30.0,2.0,19.0,True,False,insufficient,partial_or_unusable_sales,79.52544704264099,12.266791044776118,77.64535888116514,,,,unknown,only_C1_C2_scored_C_stay_unverified,0.1359236266809117,636,235.4263256609668,1.1295416325504175,0.3259860361797497,54.74006116207951,residual_candidate_min10_cafe_min50_total,,0.0,2.0,1,1,primary_unverified_candidate,validation_only_not_added,,,,incomplete_stay_evidence_and_walk_network,53.407428006766246,not_computed_missing_graph_and_runtime,cafe_draft_2025q4_observed_sales_study_unverified_2026poi
3120015,종로6가,발달상권,accessible_official_786,non_tourism_observed_subset_if_ranked,True,,11.0,1.0,4.0,True,False,insufficient,partial_or_unusable_sales,83.7414030261348,22.57929104477612,78.64590710587508,,,,unknown,only_C1_C2_scored_C_stay_unverified,0.053899167436495,179,222.63794731409575,1.5050037953255564,0.501157070209663,71.86544342507645,residual_candidate_min10_cafe_min50_total,,0.0,0.0,0,1,primary_unverified_candidate,validation_only_not_added,,,,incomplete_stay_evidence_and_walk_network,40.863613715302975,not_computed_missing_graph_and_runtime,cafe_draft_2025q4_observed_sales_study_unverified_2026poi
3120016,동대문역,발달상권,accessible_official_786,non_tourism_observed_subset_if_ranked,True,,7.0,1.0,6.0,True,False,insufficient,partial_or_unusable_sales,52.49656121045392,16.436567164179106,49.06654466053185,,,,unknown,only_C1_C2_scored_C_stay_unverified,0.0587433646189142,282,136.18559392875088,0.636869218352895,-0.1492242213383221,,below_residual_ranking_support,,0.0,0.0,0,2,primary_unverified_candidate,validation_only_not_added,,,,incomplete_stay_evidence_and_walk_network,40.01019988583481,not_computed_missing_graph_and_runtime,cafe_draft_2025q4_observed_sales_study_unverified_2026poi
3120017,동묘앞역(동묘),발달상권,accessible_official_786,non_tourism_observed_subset_if_ranked,True,,7.0,2.0,17.0,True,True,complete,both_cafe_industries_sales_observed,40.09628610729024,31.31529850746269,44.448895555778776,35.99965632364493,41.91412378613862,,C1_coffee,only_C1_C2_scored_C_stay_unverified,0.0711442824066116,488,126.5034897472465,0.4140302449230654,-0.4260591149716992,,below_residual_ranking_support,,0.0,0.0,0,2,primary_unverified_candidate,validation_only_not_added,,,,incomplete_stay_evidence_and_walk_network,38.01778026103194,not_computed_missing_graph_and_runtime,cafe_draft_2025q4_observed_sales_study_unverified_2026poi
3120018,중림동,발달상권,accessible_official_786,non_tourism_observed_subset_if_ranked,True,,22.0,5.0,12.0,True,True,complete,both_cafe_industries_sales_observed,75.81155433287483,52.99440298507463,75.18207213634075,45.977661036920665,66.42074880651472,,C1_coffee,only_C1_C2_scored_C_stay_unverified,0.1445748253754032,390,186.7545053565983,1.5542058424804304,0.3949451774696171,62.99694189602446,residual_candidate_min10_cafe_min50_total,62.242121883757505,2.0,2.0,0,3,primary_unverified_candidate,validation_only_not_added,,,,incomplete_stay_evidence_and_walk_network,59.269521763948966,not_computed_missing_graph_and_runtime,cafe_draft_2025q4_observed_sales_study_unverified_2026poi
3120019,경찰청앞교차로,발달상권,accessible_official_786,non_tourism_observed_subset_if_ranked,True,,9.0,1.0,,True,False,insufficient,partial_or_unusable_sales,67.90921595598348,17.588619402985074,71.14613820346564,,,,unknown,only_C1_C2_scored_C_stay_unverified,0.0907595904161892,108,110.18119357021972,2.078670365457365,0.3617363809179794,59.9388379204893,residual_candidate_min10_cafe_min50_total,,0.0,0.0,0,0,primary_unverified_candidate,validation_only_not_added,,,,incomplete_stay_evidence_and_walk_network,32.929389312977094,not_computed_missing_graph_and_runtime,cafe_draft_2025q4_observed_sales_study_unverified_2026poi
3120020,시청역_1번,발달상권,accessible_official_786,non_tourism_observed_subset_if_ranked,True,,14.0,3.0,3.0,True,True,complete,both_cafe_industries_sales_observed,86.97386519944979,71.1054104477612,86.44715521735951,75.135629418696,83.05369747776045,,C1_coffee,only_C1_C2_scored_C_stay_unverified,0.0583828117231853,216,291.181590921029,1.7668698106387608,0.6892501776982183,81.34556574923548,residual_candidate_min10_cafe_min50_total,82.44626336046505,0.0,1.0,0,0,primary_unverified_candidate,validation_only_not_added,,,,incomplete_stay_evidence_and_walk_network,46.10687022900764,not_computed_missing_graph_and_runtime,cafe_draft_2025q4_observed_sales_study_unverified_2026poi
3120021,시청역_8번,발달상권,accessible_official_786,non_tourism_observed_subset_if_ranked,True,,26.0,4.0,4.0,True,True,complete,both_cafe_industries_sales_observed,85.59834938101788,45.39179104477611,87.405605619867,53.1887274155538,77.14054215857304,,C1_coffee,only_C1_C2_scored_C_stay_unverified,0.1325897309466503,356,226.2618664794712,1.891823591034232,0.5856405515715126,77.37003058103976,residual_candidate_min10_cafe_min50_total,79.82409624919913,0.0,3.0,0,0,primary_unverified_candidate,validation_only_not_added,,,,incomplete_stay_evidence_and_walk_network,50.5470737913486,not_computed_missing_graph_and_runtime,cafe_draft_2025q4_observed_sales_study_unverified_2026poi
3120022,북창동(시청역_6번),발달상권,accessible_official_786,non_tourism_observed_subset_if_ranked,True,,26.0,4.0,26.0,True,True,complete,both_cafe_industries_sales_observed,87.19738651994498,51.184701492537314,85.70411691269473,53.36218578161822,76.00153757337176,,C1_coffee,only_C1_C2_scored_C_stay_unverified,0.1084361264665277,394,276.6605648649804,1.709363447736514,0.6245658436399628,78.89908256880734,residual_candidate_min10_cafe_min50_total,77.75538866333102,0.0,0.0,0,0,primary_unverified_candidate,validation_only_not_added,,,,incomplete_stay_evidence_and_walk_network,44.74236641221373,not_computed_missing_graph_and_runtime,cafe_draft_2025q4_observed_sales_study_unverified_2026poi
3120023,서울시청,발달상권,accessible_official_786,non_tourism_observed_subset_if_ranked,True,,18.0,4.0,6.0,True,True,complete,both_cafe_industries_sales_observed,68.87207702888583,50.764925373134325,72.00218268326032,62.04860565593087,69.01610957506148,,C1_coffee,only_C1_C2_scored_C_stay_unverified,0.088749515728105,601,247.8886765692299,0.8217838250127623,0.1928412343756562,41.284403669724774,residual_candidate_min10_cafe_min50_total,53.50724007135656,0.0,0.0,0,1,primary_unverified_candidate,validation_only_not_added,,,,incomplete_stay_evidence_and_walk_network,45.32895296974622,not_computed_missing_graph_and_runtime,cafe_draft_2025q4_observed_sales_study_unverified_2026poi
3120024,회현역,발달상권,accessible_official_786,non_tourism_observed_subset_if_ranked,True,,20.0,3.0,6.0,True,False,insufficient,partial_or_unusable_sales,85.8665749656121,45.42910447761194,82.77776492004173,,,,unknown,only_C1_C2_scored_C_stay_unverified,0.1067866043674542,244,215.38282012280004,2.1161545851623345,0.6319955291414505,79.51070336391437,residual_candidate_min10_cafe_min50_total,,0.0,0.0,1,0,primary_unverified_candidate,validation_only_not_added,,,,incomplete_stay_evidence_and_walk_network,46.32750498590193,not_computed_missing_graph_and_runtime,cafe_draft_2025q4_observed_sales_study_unverified_2026poi
3120025,롯데백화점(시청광장 지하쇼핑센터),발달상권,accessible_official_786,non_tourism_observed_subset_if_ranked,True,,18.0,15.0,0.0,True,True,complete,both_cafe_industries_sales_observed,63.68638239339752,85.07462686567163,62.56536583732561,69.12460722702278,64.53313825423476,,C2_bakery,only_C1_C2_scored_C_stay_unverified,0.0752043033130028,1084,438.8046766772495,0.6834299983846911,0.3444006843403917,56.88073394495413,residual_candidate_min10_cafe_min50_total,55.27765300114682,0.0,0.0,0,1,primary_unverified_candidate,validation_only_not_added,,,,incomplete_stay_evidence_and_walk_network,45.64753674087404,not_computed_missing_graph_and_runtime,cafe_draft_2025q4_observed_sales_study_unverified_2026poi
3120026,을지로입구역,발달상권,accessible_official_786,non_tourism_observed_subset_if_ranked,True,,45.0,8.0,19.0,True,True,complete,both_cafe_industries_sales_observed,84.41540577716644,54.78544776119404,84.74940302066827,65.12612922230952,78.86242088116063,,C1_coffee,only_C1_C2_scored_C_stay_unverified,0.2001561183848667,758,264.7933044849015,1.5696977799311294,0.5450969285049414,74.00611620795107,residual_candidate_min10_cafe_min50_total,77.79820936606407,0.0,0.0,0,2,primary_unverified_candidate,validation_only_not_added,,,,incomplete_stay_evidence_and_walk_network,44.86128203639741,not_computed_missing_graph_and_runtime,cafe_draft_2025q4_observed_sales_study_unverified_2026poi
3120027,명동역(명동재미로),발달상권,accessible_official_786,non_tourism_observed_subset_if_ranked,True,,28.0,2.0,8.0,True,True,complete,both_cafe_industries_sales_observed,68.78266850068775,8.106343283582088,70.673799396085,22.845492930086408,56.32530745628542,,C1_coffee,only_C1_C2_scored_C_stay_unverified,0.1570379254146197,826,191.03665513150688,0.8153622256757704,0.0564973284677918,31.19266055045872,residual_candidate_min10_cafe_min50_total,42.75433018671729,0.0,0.0,0,1,primary_unverified_candidate,validation_only_not_added,,,,incomplete_stay_evidence_and_walk_network,41.779170173860045,not_computed_missing_graph_and_runtime,cafe_draft_2025q4_observed_sales_study_unverified_2026poi
3120028,명동(명동거리),발달상권,accessible_official_786,non_tourism_observed_subset_if_ranked,True,,60.0,20.0,20.0,True,True,complete,both_cafe_industries_sales_observed,76.44429160935351,76.41324626865672,77.29781485680081,75.16690396700707,76.65854158986268,,C1_coffee,only_C1_C2_scored_C_stay_unverified,0.2213490778651317,1712,361.4200735398777,1.0490485956513806,0.4671895841873237,69.72477064220183,residual_candidate_min10_cafe_min50_total,71.96139643440284,0.0,3.0,0,2,primary_unverified_candidate,validation_only_not_added,,,,incomplete_stay_evidence_and_walk_network,51.96398958968256,not_computed_missing_graph_and_runtime,cafe_draft_2025q4_observed_sales_study_unverified_2026poi
3120029,을지로2가,발달상권,accessible_official_786,non_tourism_observed_subset_if_ranked,True,,10.0,2.0,2.0,True,True,complete,both_cafe_industries_sales_observed,82.8198074277854,56.287313432835816,78.19318959090532,51.67085624509033,70.23648958716082,,C1_coffee,only_C1_C2_scored_C_stay_unverified,0.0568336642298498,143,211.14246569548897,1.883885869673249,0.5963110837855179,78.2874617737003,residual_candidate_min10_cafe_min50_total,72.63567136824065,0.0,0.0,0,0,primary_unverified_candidate,validation_only_not_added,,,,incomplete_stay_evidence_and_walk_network,37.96119592875318,not_computed_missing_graph_and_runtime,cafe_draft_2025q4_observed_sales_study_unverified_2026poi
3120030,중부경찰서(영화인의거리),발달상권,accessible_official_786,non_tourism_observed_subset_if_ranked,True,,34.0,5.0,13.0,True,True,complete,both_cafe_industries_sales_observed,90.3920220082531,52.59328358208956,87.37665087522575,50.43371956009427,76.2937714806863,,C1_coffee,only_C1_C2_scored_C_stay_unverified,0.1378510247876365,431,282.9141100697701,2.03140593487388,0.7201890538330988,83.18042813455658,residual_candidate_min10_cafe_min50_total,79.18339083859308,0.0,0.0,0,1,primary_unverified_candidate,validation_only_not_added,,,,incomplete_stay_evidence_and_walk_network,44.50649919213615,not_computed_missing_graph_and_runtime,cafe_draft_2025q4_observed_sales_study_unverified_2026poi
3120031,을지로3가역,발달상권,accessible_official_786,non_tourism_observed_subset_if_ranked,True,,73.0,11.0,87.0,True,True,complete,both_cafe_industries_sales_observed,88.43191196698763,55.20522388059702,84.40670996159079,54.07128829536528,75.30608346172313,,C1_coffee,only_C1_C2_scored_C_stay_unverified,0.2545827169630655,1192,329.95169900785766,1.5820216069990956,0.6446664617932862,80.1223241590214,residual_candidate_min10_cafe_min50_total,76.4669764942888,2.0,4.0,0,3,primary_unverified_candidate,validation_only_not_added,,,,incomplete_stay_evidence_and_walk_network,65.88915333933184,not_computed_missing_graph_and_runtime,cafe_draft_2025q4_observed_sales_study_unverified_2026poi
3120032,충무로역,발달상권,accessible_official_786,non_tourism_observed_subset_if_ranked,True,,64.0,5.0,63.0,True,True,complete,both_cafe_industries_sales_observed,85.83906464924347,24.06716417910448,85.17375856793291,32.373330714846816,69.33363021200708,,C1_coffee,only_C1_C2_scored_C_stay_unverified,0.2363385050017294,1152,291.95411894263736,1.3446398926552334,0.5032689530075984,72.17125382262996,residual_candidate_min10_cafe_min50_total,72.73826173210682,3.0,6.0,2,2,primary_unverified_candidate,validation_only_not_added,,,,incomplete_stay_evidence_and_walk_network,76.19148870520304,not_computed_missing_graph_and_runtime,cafe_draft_2025q4_observed_sales_study_unverified_2026poi
3120033,을지로4가역,발달상권,accessible_official_786,non_tourism_observed_subset_if_ranked,True,,13.0,1.0,5.0,True,False,insufficient,partial_or_unusable_sales,74.56671251719395,8.94589552238806,60.39528296471832,,,,unknown,only_C1_C2_scored_C_stay_unverified,0.0854633490698267,239,163.81291105923646,1.3150416705320238,0.2762811187034777,50.45871559633027,residual_candidate_min10_cafe_min50_total,,0.0,0.0,0,1,primary_unverified_candidate,validation_only_not_added,,,,incomplete_stay_evidence_and_walk_network,44.14808821679777,not_computed_missing_graph_and_runtime,cafe_draft_2025q4_observed_sales_study_unverified_2026poi
3120034,중구청(퇴계로4가),발달상권,accessible_official_786,non_tourism_observed_subset_if_ranked,True,,13.0,1.0,,True,False,insufficient,partial_or_unusable_sales,74.7283356258597,8.96455223880597,69.09580115767457,,,,unknown,only_C1_C2_scored_C_stay_unverified,0.0951414358719149,203,147.1493453057366,1.5482510308234172,0.3137613631419271,53.822629969418955,residual_candidate_min10_cafe_min50_total,,0.0,1.0,1,3,primary_unverified_candidate,validation_only_not_added,,,,incomplete_stay_evidence_and_walk_network,55.70638561529051,not_computed_missing_graph_and_runtime,cafe_draft_2025q4_observed_sales_study_unverified_2026poi
3120035,퇴계로5가,발달상권,accessible_official_786,non_tourism_observed_subset_if_ranked,True,,10.0,0.0,1.0,True,False,insufficient,partial_or_unusable_sales,83.15680880330123,0.0,77.28490277433272,,,,unknown,only_C1_C2_scored_C_stay_unverified,0.0489142758214046,169,204.43929368415712,1.3283810619490857,0.4097437345529402,64.83180428134557,residual_candidate_min10_cafe_min50_total,,0.0,0.0,0,3,primary_unverified_candidate,validation_only_not_added,,,,incomplete_stay_evidence_and_walk_network,42.72343724300739,not_computed_missing_graph_and_runtime,cafe_draft_2025q4_observed_sales_study_unverified_2026poi
3120036,장충동족발거리(남소영길),발달상권,accessible_official_786,non_tourism_observed_subset_if_ranked,True,,7.0,4.0,2.0,True,True,complete,both_cafe_industries_sales_observed,55.70151306740027,76.86567164179104,59.45926580391144,79.10202278083267,65.3520928969878,,C2_bakery,only_C1_C2_scored_C_stay_unverified,0.0881355433632804,119,124.80776290967864,2.0751768018179417,0.41076034824628,65.13761467889908,residual_candidate_min10_cafe_min50_total,67.51289072441492,0.0,1.0,0,4,primary_unverified_candidate,validation_only_not_added,,,,incomplete_stay_evidence_and_walk_network,47.97104267649648,not_computed_missing_graph_and_runtime,cafe_draft_2025q4_observed_sales_study_unverified_2026poi
3120037,동대문역사문화공원역,발달상권,accessible_official_786,non_tourism_observed_subset_if_ranked,True,,38.0,7.0,17.0,True,True,complete,both_cafe_industries_sales_observed,45.21320495185695,19.197761194029848,52.573312020696285,33.63580125687352,46.89205879154945,,C1_coffee,only_C1_C2_scored_C_stay_unverified,0.3703586806534191,2144,121.50383493268492,0.471191136946026,-0.4578204136477977,4.281345565749235,residual_candidate_min10_cafe_min50_total,23.703000410417744,0.0,2.0,1,3,primary_unverified_candidate,validation_only_not_added,,,,incomplete_stay_evidence_and_walk_network,47.86916632477252,not_computed_missing_graph_and_runtime,cafe_draft_2025q4_observed_sales_study_unverified_2026poi
3120038,약수역,발달상권,accessible_official_786,non_tourism_observed_subset_if_ranked,True,,21.0,7.0,25.0,True,True,complete,both_cafe_industries_sales_observed,67.70976616231087,68.38152985074626,61.145321162102455,71.7157551060487,64.31645134528632,,C2_bakery,only_C1_C2_scored_C_stay_unverified,0.1367339337511763,542,204.77725778703504,1.1597599972588697,0.2796815815246156,51.07033639143731,residual_candidate_min10_cafe_min50_total,52.5277801311034,1.0,0.0,1,4,primary_unverified_candidate,validation_only_not_added,,,,incomplete_stay_evidence_and_walk_network,63.75209712513431,not_computed_missing_graph_and_runtime,cafe_draft_2025q4_observed_sales_study_unverified_2026poi
3120039,신당역,발달상권,accessible_official_786,non_tourism_observed_subset_if_ranked,True,,32.0,3.0,23.0,True,True,complete,both_cafe_industries_sales_observed,54.08528198074279,12.201492537313433,51.933294008477226,19.98841319717204,42.34982976508567,,C1_coffee,only_C1_C2_scored_C_stay_unverified,0.1988254682002035,2716,176.0337863998259,0.2892994838523137,-0.541497890179695,3.058103975535168,residual_candidate_min10_cafe_min50_total,15.42640094456051,0.0,1.0,0,5,primary_unverified_candidate,validation_only_not_added,,,,incomplete_stay_evidence_and_walk_network,50.81153068431389,not_computed_missing_graph_and_runtime,cafe_draft_2025q4_observed_sales_study_unverified_2026poi
3120040,용산전자상가(용산역),발달상권,accessible_official_786,non_tourism_observed_subset_if_ranked,True,,30.0,0.0,14.0,True,False,insufficient,partial_or_unusable_sales,32.88858321870701,0.0,40.418009246636885,,,,unknown,only_C1_C2_scored_C_stay_unverified,0.3647530050172379,2580,82.2474375463534,0.2610423249644134,-0.944683829184779,0.9174311926605505,residual_candidate_min10_cafe_min50_total,,0.0,0.0,0,3,primary_unverified_candidate,validation_only_not_added,,,,incomplete_stay_evidence_and_walk_network,33.527373039599844,not_computed_missing_graph_and_runtime,cafe_draft_2025q4_observed_sales_study_unverified_2026poi
3120041,신용산역(용산역),발달상권,accessible_official_786,non_tourism_observed_subset_if_ranked,True,,105.0,34.0,37.0,True,True,complete,both_cafe_industries_sales_observed,65.0343878954608,58.45149253731344,69.8730779848454,53.547623723487824,64.97544170643812,,C1_coffee,only_C1_C2_scored_C_stay_unverified,1.030655016703545,1863,134.86569001971063,1.674986555354051,0.2562073124403037,47.706422018348626,residual_candidate_min10_cafe_min50_total,54.228273617670546,3.0,6.0,1,1,primary_unverified_candidate,validation_only_not_added,,,,incomplete_stay_evidence_and_walk_network,51.73696141211308,not_computed_missing_graph_and_runtime,cafe_draft_2025q4_observed_sales_study_unverified_2026poi
3120042,"숙대입구역(남영역, 남영동)",발달상권,accessible_official_786,non_tourism_observed_subset_if_ranked,True,,11.0,4.0,12.0,True,True,complete,both_cafe_industries_sales_observed,65.67400275103164,68.19962686567163,64.0411511557271,54.12131775333856,61.06520113501054,,C1_coffee,only_C1_C2_scored_C_stay_unverified,0.0870890949458693,243,172.23740824638642,1.3857802436382436,0.3232183684178165,54.43425076452599,residual_candidate_min10_cafe_min50_total,52.66699368038219,0.0,0.0,0,1,primary_unverified_candidate,validation_only_not_added,,,,incomplete_stay_evidence_and_walk_network,39.40641598699678,not_computed_missing_graph_and_runtime,cafe_draft_2025q4_observed_sales_study_unverified_2026poi
3120043,서울역,발달상권,accessible_official_786,non_tourism_observed_subset_if_ranked,True,,35.0,18.0,9.0,True,True,complete,both_cafe_industries_sales_observed,47.68225584594223,69.26305970149254,59.255298913322,71.01703652788687,62.783820197691455,,C2_bakery,only_C1_C2_scored_C_stay_unverified,0.4351296111240818,877,121.80278851417098,1.3567057208526752,0.1070806784481126,36.08562691131498,residual_candidate_min10_cafe_min50_total,50.13421113378682,1.0,5.0,0,2,primary_unverified_candidate,validation_only_not_added,,,,incomplete_stay_evidence_and_walk_network,53.65827842761637,not_computed_missing_graph_and_runtime,cafe_draft_2025q4_observed_sales_study_unverified_2026poi
3120044,삼각지역,발달상권,accessible_official_786,non_tourism_observed_subset_if_ranked,True,,37.0,13.0,28.0,True,False,insufficient,partial_or_unusable_sales,92.6547455295736,93.85261194029852,86.21023443900751,,,,unknown,only_C1_C2_scored_C_stay_unverified,0.1343187267681394,430,372.2489127395456,2.6104232496441333,0.9764083382051304,93.88379204892966,residual_candidate_min10_cafe_min50_total,,0.0,1.0,0,0,primary_unverified_candidate,validation_only_not_added,,,,incomplete_stay_evidence_and_walk_network,41.25954198473283,not_computed_missing_graph_and_runtime,cafe_draft_2025q4_observed_sales_study_unverified_2026poi
3120045,남영동 먹자골목,발달상권,accessible_official_786,non_tourism_observed_subset_if_ranked,True,,24.0,5.0,22.0,True,False,insufficient,partial_or_unusable_sales,94.1334250343879,82.4580223880597,84.72655698755887,,,,unknown,only_C1_C2_scored_C_stay_unverified,0.0668198450222151,295,434.0028024662223,2.2069137574957525,0.9709520420422022,93.27217125382263,residual_candidate_min10_cafe_min50_total,,0.0,1.0,0,1,primary_unverified_candidate,validation_only_not_added,,,,incomplete_stay_evidence_and_walk_network,45.82189262667016,not_computed_missing_graph_and_runtime,cafe_draft_2025q4_observed_sales_study_unverified_2026poi
3120046,이태원(이태원역),발달상권,accessible_official_786,non_tourism_observed_subset_if_ranked,True,,68.0,21.0,138.0,True,True,complete,both_cafe_industries_sales_observed,81.76066024759285,80.09328358208955,74.37506028558523,75.01266692851532,74.56634227846426,,C2_bakery,only_C1_C2_scored_C_stay_unverified,0.2832161178472999,1389,314.2476518514587,1.4384578511717925,0.570431981073007,76.45259938837921,residual_candidate_min10_cafe_min50_total,71.20084877677041,1.0,5.0,0,0,primary_unverified_candidate,validation_only_not_added,,,,incomplete_stay_evidence_and_walk_network,61.863867684478365,not_computed_missing_graph_and_runtime,cafe_draft_2025q4_observed_sales_study_unverified_2026poi
3120047,한남오거리,발달상권,accessible_official_786,non_tourism_observed_subset_if_ranked,True,,20.0,5.0,41.0,True,True,complete,both_cafe_industries_sales_observed,59.43603851444291,42.38805970149254,56.319981058470695,47.30322073841319,53.61495296245344,,C1_coffee,only_C1_C2_scored_C_stay_unverified,0.156092487095066,613,160.16145597561072,0.915564435030161,0.0431876034364058,29.96941896024465,residual_candidate_min10_cafe_min50_total,36.568394825234236,1.0,2.0,1,0,primary_unverified_candidate,validation_only_not_added,,,,incomplete_stay_evidence_and_walk_network,54.41730279898219,not_computed_missing_graph_and_runtime,cafe_draft_2025q4_observed_sales_study_unverified_2026poi
3120048,금호역,발달상권,accessible_official_786,non_tourism_observed_subset_if_ranked,True,,8.0,3.0,17.0,True,True,complete,both_cafe_industries_sales_observed,57.18363136176066,60.615671641791046,43.96987329948184,51.24675962293794,46.15293919651867,,C2_bakery,only_C1_C2_scored_C_stay_unverified,0.0609852935694319,284,180.37135440655825,0.8695283078039965,0.1173219648688443,36.69724770642202,residual_candidate_min10_cafe_min50_total,31.091742178975245,1.0,3.0,0,2,primary_unverified_candidate,validation_only_not_added,,,,incomplete_stay_evidence_and_walk_network,64.29981423968886,not_computed_missing_graph_and_runtime,cafe_draft_2025q4_observed_sales_study_unverified_2026poi
3120049,왕십리역(왕십리),발달상권,accessible_official_786,non_tourism_observed_subset_if_ranked,True,,28.0,8.0,16.0,True,True,complete,both_cafe_industries_sales_observed,68.38376891334251,59.15111940298508,63.85212060396966,50.71499410840534,59.91098265530036,,C1_coffee,only_C1_C2_scored_C_stay_unverified,0.1935775786423285,643,185.97195115513284,1.256900525800659,0.2706710047174394,49.235474006116206,residual_candidate_min10_cafe_min50_total,48.446032617417,3.0,1.0,1,2,primary_unverified_candidate,validation_only_not_added,,,,incomplete_stay_evidence_and_walk_network,68.36102192227928,not_computed_missing_graph_and_runtime,cafe_draft_2025q4_observed_sales_study_unverified_2026poi
3120050,서울숲역,발달상권,accessible_official_786,non_tourism_observed_subset_if_ranked,True,,13.0,6.0,9.0,True,False,insufficient,partial_or_unusable_sales,83.9477303988996,93.5820895522388,80.02232831847462,,,,unknown,only_C1_C2_scored_C_stay_unverified,0.0588680204784052,224,322.75588418961445,1.9042105312136224,0.7713512866096615,85.3211009174312,residual_candidate_min10_cafe_min50_total,,0.0,1.0,0,4,primary_unverified_candidate,validation_only_not_added,,,,incomplete_stay_evidence_and_walk_network,48.41459379444461,not_computed_missing_graph_and_runtime,cafe_draft_2025q4_observed_sales_study_unverified_2026poi
3120051,뚝섬역,발달상권,accessible_official_786,non_tourism_observed_subset_if_ranked,True,,60.0,22.0,22.0,True,True,complete,both_cafe_industries_sales_observed,89.96561210453919,93.00373134328358,89.20846697292905,80.43155930871956,86.5753946736662,,C1_coffee,only_C1_C2_scored_C_stay_unverified,0.2179968678909574,864,376.15219334718427,2.1306371245938,0.8652457782749847,89.90825688073394,residual_candidate_min10_cafe_min50_total,85.89724097686621,1.0,1.0,1,5,primary_unverified_candidate,validation_only_not_added,,,,incomplete_stay_evidence_and_walk_network,66.2769057624658,not_computed_missing_graph_and_runtime,cafe_draft_2025q4_observed_sales_study_unverified_2026poi
3120052,성수역,발달상권,accessible_official_786,non_tourism_observed_subset_if_ranked,True,,56.0,10.0,22.0,True,True,complete,both_cafe_industries_sales_observed,71.27235213204952,40.31716417910447,73.29750193207698,46.675962293794186,65.31104004059215,,C1_coffee,only_C1_C2_scored_C_stay_unverified,0.2987112480533986,1526,220.9491622096588,0.970954283419404,0.2001953440162633,41.896024464831804,residual_candidate_min10_cafe_min50_total,51.24820014365821,1.0,5.0,0,3,primary_unverified_candidate,validation_only_not_added,,,,incomplete_stay_evidence_and_walk_network,63.63285248502791,not_computed_missing_graph_and_runtime,cafe_draft_2025q4_observed_sales_study_unverified_2026poi
3120053,건대입구역(건대),발달상권,accessible_official_786,non_tourism_observed_subset_if_ranked,True,,88.0,14.0,126.0,True,True,complete,both_cafe_industries_sales_observed,88.02613480055021,62.15485074626865,83.642561623177,60.41629025923015,76.67468021399294,,C1_coffee,only_C1_C2_scored_C_stay_unverified,0.2748718649144815,1545,371.0819949933194,1.482112151836786,0.6621415620797348,80.42813455657493,residual_candidate_min10_cafe_min50_total,76.78904969460939,3.0,5.0,0,4,primary_unverified_candidate,validation_only_not_added,,,,incomplete_stay_evidence_and_walk_network,69.7584535454097,not_computed_missing_graph_and_runtime,cafe_draft_2025q4_observed_sales_study_unverified_2026poi
3120054,어린이대공원역,발달상권,accessible_official_786,non_tourism_observed_subset_if_ranked,True,,22.0,2.0,33.0,True,True,complete,both_cafe_industries_sales_observed,65.90784044016506,10.279850746268655,63.37368999713691,22.88668499607227,51.22758849681751,,C1_coffee,only_C1_C2_scored_C_stay_unverified,0.1450910444302478,625,165.41337953865198,0.8620661739624785,0.0274529675536929,28.74617737003058,residual_candidate_min10_cafe_min50_total,36.89630218344163,5.0,7.0,0,3,primary_unverified_candidate,validation_only_not_added,,,,incomplete_stay_evidence_and_walk_network,71.20723884712507,not_computed_missing_graph_and_runtime,cafe_draft_2025q4_observed_sales_study_unverified_2026poi
3120055,군자역,발달상권,accessible_official_786,non_tourism_observed_subset_if_ranked,True,,28.0,14.0,56.0,True,True,complete,both_cafe_industries_sales_observed,45.08940852819808,63.59141791044776,47.31365402736409,61.98109780047132,51.71388715929625,,C2_bakery,only_C1_C2_scored_C_stay_unverified,0.2884717492795102,1117,145.59484630609273,0.8441225405295085,-0.0598635795847557,22.629969418960243,residual_candidate_min10_cafe_min50_total,32.10685781255734,6.0,7.0,1,4,primary_unverified_candidate,validation_only_not_added,,,,incomplete_stay_evidence_and_walk_network,66.4180336549361,not_computed_missing_graph_and_runtime,cafe_draft_2025q4_observed_sales_study_unverified_2026poi
3120056,구의역,발달상권,accessible_official_786,non_tourism_observed_subset_if_ranked,True,,21.0,3.0,44.0,True,True,complete,both_cafe_industries_sales_observed,57.41746905089409,20.75559701492537,57.35171666150763,27.58812843676355,48.4226401940844,,C1_coffee,only_C1_C2_scored_C_stay_unverified,0.1586119681481813,735,151.31266751307376,0.733049467655169,-0.1006908242257975,19.571865443425075,residual_candidate_min10_cafe_min50_total,29.629710796409526,3.0,1.0,0,5,primary_unverified_candidate,validation_only_not_added,,,,incomplete_stay_evidence_and_walk_network,64.17536450623554,not_computed_missing_graph_and_runtime,cafe_draft_2025q4_observed_sales_study_unverified_2026poi
3120057,아차산역,발달상권,accessible_official_786,non_tourism_observed_subset_if_ranked,True,,14.0,7.0,17.0,True,True,complete,both_cafe_industries_sales_observed,36.35488308115544,54.444962686567166,45.42954085924298,56.07200019638648,48.62227866038603,,C2_bakery,only_C1_C2_scored_C_stay_unverified,0.2011027079340528,525,104.42425273998045,0.8979855978775819,-0.1582870615958285,15.59633027522936,residual_candidate_min10_cafe_min50_total,30.29237497910132,1.0,2.0,1,5,primary_unverified_candidate,validation_only_not_added,,,,incomplete_stay_evidence_and_walk_network,58.66478082296734,not_computed_missing_graph_and_runtime,cafe_draft_2025q4_observed_sales_study_unverified_2026poi
3120058,구의사거리,발달상권,accessible_official_786,non_tourism_observed_subset_if_ranked,True,,8.0,0.0,4.0,True,False,insufficient,partial_or_unusable_sales,50.557083906464925,0.0,41.84803126308977,,,,unknown,only_C1_C2_scored_C_stay_unverified,0.0925856406376635,198,86.4064874952718,0.9070561594723052,-0.171130880129358,,below_residual_ranking_support,,0.0,3.0,0,2,primary_unverified_candidate,validation_only_not_added,,,,incomplete_stay_evidence_and_walk_network,42.252692073259226,not_computed_missing_graph_and_runtime,cafe_draft_2025q4_observed_sales_study_unverified_2026poi
3120059,구삼강변맛길,발달상권,accessible_official_786,non_tourism_observed_subset_if_ranked,True,,11.0,2.0,9.0,True,False,insufficient,partial_or_unusable_sales,51.052269601100406,21.97761194029851,53.86505369841559,,,,unknown,only_C1_C2_scored_C_stay_unverified,0.108877415642917,373,119.40033590286372,0.7824271295180004,-0.1429358075312605,17.431192660550458,residual_candidate_min10_cafe_min50_total,,2.0,11.0,2,1,primary_unverified_candidate,validation_only_not_added,,,,incomplete_stay_evidence_and_walk_network,74.08919802744724,not_computed_missing_graph_and_runtime,cafe_draft_2025q4_observed_sales_study_unverified_2026poi
3120060,강변역(테크노마트),발달상권,accessible_official_786,non_tourism_observed_subset_if_ranked,True,,12.0,4.0,2.0,True,True,complete,both_cafe_industries_sales_observed,37.30398899587346,33.498134328358205,44.65002528270506,42.98816771406127,44.15146801211192,,C1_coffee,only_C1_C2_scored_C_stay_unverified,0.1270103610671587,1058,125.97397460778612,0.339503061579426,-0.5785978585249989,2.1406727828746175,residual_candidate_min10_cafe_min50_total,20.336376143190936,0.0,0.0,0,2,primary_unverified_candidate,validation_only_not_added,,,,incomplete_stay_evidence_and_walk_network,34.30318356408247,not_computed_missing_graph_and_runtime,cafe_draft_2025q4_observed_sales_study_unverified_2026poi
3120061,올림픽대교북단,발달상권,accessible_official_786,non_tourism_observed_subset_if_ranked,True,,2.0,1.0,0.0,True,True,complete,both_cafe_industries_sales_observed,11.56121045392022,25.02798507462687,22.03887314983556,43.40774744697565,28.449535438977584,,C2_bakery,only_C1_C2_scored_C_stay_unverified,0.0471514721990557,205,63.62473662190511,0.3285313162966763,-0.6879020010539698,,below_residual_ranking_support,,3.0,4.0,0,4,primary_unverified_candidate,validation_only_not_added,,,,incomplete_stay_evidence_and_walk_network,65.52860418541201,not_computed_missing_graph_and_runtime,cafe_draft_2025q4_observed_sales_study_unverified_2026poi
3120062,신설동역,발달상권,accessible_official_786,non_tourism_observed_subset_if_ranked,True,,23.0,4.0,17.0,True,True,complete,both_cafe_industries_sales_observed,42.75103163686383,15.130597014925376,49.29628846473165,26.676944226237232,42.51048519318332,,C1_coffee,only_C1_C2_scored_C_stay_unverified,0.2716938298011346,830,99.37656670290436,0.7302894922498406,-0.3019206281878968,10.397553516819572,residual_candidate_min10_cafe_min50_total,25.66334177975942,0.0,4.0,0,2,primary_unverified_candidate,validation_only_not_added,,,,incomplete_stay_evidence_and_walk_network,47.40145028492922,not_computed_missing_graph_and_runtime,cafe_draft_2025q4_observed_sales_study_unverified_2026poi
3120063,청량리역(청량리),발달상권,accessible_official_786,non_tourism_observed_subset_if_ranked,True,,24.0,10.0,17.0,True,True,complete,both_cafe_industries_sales_observed,36.74002751031637,45.037313432835816,40.35346386725623,42.9405930871956,41.12960263323804,,C2_bakery,only_C1_C2_scored_C_stay_unverified,0.3166915961977297,1010,107.359969156781,0.7557304536593512,-0.2549928431959514,12.232415902140673,residual_candidate_min10_cafe_min50_total,22.23184446378597,1.0,2.0,0,0,primary_unverified_candidate,validation_only_not_added,,,,incomplete_stay_evidence_and_walk_network,56.12595419847328,not_computed_missing_graph_and_runtime,cafe_draft_2025q4_observed_sales_study_unverified_2026poi
3120064,경희대학교(경희대),발달상권,accessible_official_786,non_tourism_observed_subset_if_ranked,True,,31.0,9.0,37.0,True,True,complete,both_cafe_industries_sales_observed,97.40715268225586,95.59701492537314,92.43672073748968,90.76659465828752,91.93568291372902,,C1_coffee,only_C1_C2_scored_C_stay_unverified,0.0485297167267939,330,824.2372446801336,2.721168478416915,1.3715808880034466,99.38837920489296,residual_candidate_min10_cafe_min50_total,93.70267040852036,0.0,6.0,0,0,primary_unverified_candidate,validation_only_not_added,,,,incomplete_stay_evidence_and_walk_network,57.83715012722647,not_computed_missing_graph_and_runtime,cafe_draft_2025q4_observed_sales_study_unverified_2026poi
3120065,회기역,발달상권,accessible_official_786,non_tourism_observed_subset_if_ranked,True,,13.0,4.0,18.0,True,True,complete,both_cafe_industries_sales_observed,56.40302613480055,46.632462686567166,56.77536220891577,50.20851335428122,54.805307552525406,,C1_coffee,only_C1_C2_scored_C_stay_unverified,0.1271055173477748,348,133.7471445357176,1.0966778134999204,0.0737610293420747,32.7217125382263,residual_candidate_min10_cafe_min50_total,40.28020635905244,1.0,1.0,0,0,primary_unverified_candidate,validation_only_not_added,,,,incomplete_stay_evidence_and_walk_network,55.33078880407125,not_computed_missing_graph_and_runtime,cafe_draft_2025q4_observed_sales_study_unverified_2026poi
3120066,장한평역(장한평),발달상권,accessible_official_786,non_tourism_observed_subset_if_ranked,True,,30.0,4.0,19.0,True,True,complete,both_cafe_industries_sales_observed,30.17193947730399,4.477611940298507,35.74032782785348,14.647486252945797,29.41247535538117,,C1_coffee,only_C1_C2_scored_C_stay_unverified,0.4497304430328177,1609,75.6008416301917,0.4743864252305436,-0.6671687819592029,1.834862385321101,residual_candidate_min10_cafe_min50_total,14.9723301737643,0.0,0.0,1,0,primary_unverified_candidate,validation_only_not_added,,,,incomplete_stay_evidence_and_walk_network,38.98509387249845,not_computed_missing_graph_and_runtime,cafe_draft_2025q4_observed_sales_study_unverified_2026poi
3120067,장안동사거리,발달상권,accessible_official_786,non_tourism_observed_subset_if_ranked,True,,19.0,4.0,28.0,True,True,complete,both_cafe_industries_sales_observed,38.603851444291614,19.59888059701493,44.39981970698028,31.087637470542028,40.4061650360488,,C1_coffee,only_C1_C2_scored_C_stay_unverified,0.2194195724861226,987,104.82200716827418,0.5231425722184495,-0.4498883758713421,4.892966360856269,residual_candidate_min10_cafe_min50_total,20.79958935557216,4.0,9.0,0,0,primary_unverified_candidate,validation_only_not_added,,,,incomplete_stay_evidence_and_walk_network,64.63740458015268,not_computed_missing_graph_and_runtime,cafe_draft_2025q4_observed_sales_study_unverified_2026poi
3120068,사가정역,발달상권,accessible_official_786,non_tourism_observed_subset_if_ranked,True,,10.0,1.0,15.0,True,True,complete,both_cafe_industries_sales_observed,82.61348005502063,31.823694029850746,74.76808482142552,43.95421739984289,65.52392459495073,,C1_coffee,only_C1_C2_scored_C_stay_unverified,0.0356845193240033,217,308.25691948163126,1.138000181642097,0.5094665315056546,72.78287461773701,residual_candidate_min10_cafe_min50_total,69.30835585413787,1.0,1.0,0,0,primary_unverified_candidate,validation_only_not_added,,,,incomplete_stay_evidence_and_walk_network,73.2442748091603,not_computed_missing_graph_and_runtime,cafe_draft_2025q4_observed_sales_study_unverified_2026poi
3120069,상봉역,발달상권,accessible_official_786,non_tourism_observed_subset_if_ranked,True,,12.0,3.0,28.0,True,True,complete,both_cafe_industries_sales_observed,24.587345254470424,13.022388059701496,36.74209051071748,34.74067164179104,36.14166485003955,,C1_coffee,only_C1_C2_scored_C_stay_unverified,0.2056699497566519,774,72.93238520137704,0.4350705416073556,-0.695084689867675,1.529051987767584,residual_candidate_min10_cafe_min50_total,22.429500574249037,2.0,3.0,0,1,primary_unverified_candidate,validation_only_not_added,,,,incomplete_stay_evidence_and_walk_network,59.36935825617508,not_computed_missing_graph_and_runtime,cafe_draft_2025q4_observed_sales_study_unverified_2026poi
3120070,한성대입구역,발달상권,accessible_official_786,non_tourism_observed_subset_if_ranked,True,,15.0,4.0,17.0,True,False,insufficient,partial_or_unusable_sales,74.7799174690509,63.274253731343286,74.25625022634854,,,,unknown,only_C1_C2_scored_C_stay_unverified,0.080004360486842,344,237.4870555102413,1.2399510435809635,0.3998445523525116,63.608562691131496,residual_candidate_min10_cafe_min50_total,,4.0,6.0,0,3,primary_unverified_candidate,validation_only_not_added,,,,incomplete_stay_evidence_and_walk_network,73.22651147940671,not_computed_missing_graph_and_runtime,cafe_draft_2025q4_observed_sales_study_unverified_2026poi
3120071,성북구청,발달상권,accessible_official_786,non_tourism_observed_subset_if_ranked,True,,12.0,1.0,6.0,True,False,insufficient,partial_or_unusable_sales,82.34525447042641,21.986940298507463,74.99659616208537,,,,unknown,only_C1_C2_scored_C_stay_unverified,0.0500016598739593,238,259.991368941941,1.2262408374378746,0.457940982765145,69.1131498470948,residual_candidate_min10_cafe_min50_total,,3.0,3.0,0,2,primary_unverified_candidate,validation_only_not_added,,,,incomplete_stay_evidence_and_walk_network,69.95884248106117,not_computed_missing_graph_and_runtime,cafe_draft_2025q4_observed_sales_study_unverified_2026poi
3120072,성신여대,발달상권,accessible_official_786,non_tourism_observed_subset_if_ranked,True,,76.0,14.0,67.0,True,True,complete,both_cafe_industries_sales_observed,91.3961485557084,73.0223880597015,85.67345401383442,67.29988216810683,80.16138246011613,,C1_coffee,only_C1_C2_scored_C_stay_unverified,0.197137426561376,1177,456.534315019983,1.7166249747022595,0.8381736666409045,88.37920489296636,residual_candidate_min10_cafe_min50_total,81.90801160035815,4.0,10.0,0,1,primary_unverified_candidate,validation_only_not_added,,,,incomplete_stay_evidence_and_walk_network,69.99649764413356,not_computed_missing_graph_and_runtime,cafe_draft_2025q4_observed_sales_study_unverified_2026poi
3120073,미아사거리,발달상권,accessible_official_786,non_tourism_observed_subset_if_ranked,True,,10.0,2.0,2.0,True,True,complete,both_cafe_industries_sales_observed,48.54883081155434,25.326492537313435,52.15363015229072,34.01143951296151,46.71097296049195,,C1_coffee,only_C1_C2_scored_C_stay_unverified,0.0904345567263946,470,132.69263912361978,0.5731822965176054,-0.2547570759497906,12.538226299694188,residual_candidate_min10_cafe_min50_total,26.38024083978044,2.0,0.0,0,2,primary_unverified_candidate,validation_only_not_added,,,,incomplete_stay_evidence_and_walk_network,57.101667489043045,not_computed_missing_graph_and_runtime,cafe_draft_2025q4_observed_sales_study_unverified_2026poi
3120074,안암역,발달상권,accessible_official_786,non_tourism_observed_subset_if_ranked,True,,10.0,3.0,17.0,True,True,complete,both_cafe_industries_sales_observed,93.95804676753782,93.67070895522389,85.70915732744041,79.68133837391989,83.90081164138425,,C1_coffee,only_C1_C2_scored_C_stay_unverified,0.027596368287638,125,471.0764787779502,2.334762554481713,1.0768638756745186,96.02446483180428,residual_candidate_min10_cafe_min50_total,85.4076452269567,0.0,0.0,0,0,primary_unverified_candidate,validation_only_not_added,,,,incomplete_stay_evidence_and_walk_network,45.37213740458015,not_computed_missing_graph_and_runtime,cafe_draft_2025q4_observed_sales_study_unverified_2026poi
3120075,월곡역,발달상권,accessible_official_786,non_tourism_observed_subset_if_ranked,True,,14.0,5.0,10.0,True,True,complete,both_cafe_industries_sales_observed,70.3576341127923,74.73880597014926,69.52177954711158,70.14611154752554,69.70907914723577,,C2_bakery,only_C1_C2_scored_C_stay_unverified,0.0944439190927174,305,201.1775896481735,1.398502160629021,0.3873112518190615,62.38532110091744,residual_candidate_min10_cafe_min50_total,63.208413948878416,1.0,2.0,0,1,primary_unverified_candidate,validation_only_not_added,,,,incomplete_stay_evidence_and_walk_network,63.95837808028328,not_computed_missing_graph_and_runtime,cafe_draft_2025q4_observed_sales_study_unverified_2026poi
3120076,수유역,발달상권,accessible_official_786,non_tourism_observed_subset_if_ranked,True,,54.0,6.0,118.0,True,True,complete,both_cafe_industries_sales_observed,69.38789546079781,21.44589552238806,66.79122379225544,28.20291633935585,55.21473155638556,,C1_coffee,only_C1_C2_scored_C_stay_unverified,0.2971135276979249,1575,201.9430096801313,0.8552243789310305,0.0919158588055424,34.5565749235474,residual_candidate_min10_cafe_min50_total,40.90062716737633,2.0,5.0,0,0,primary_unverified_candidate,validation_only_not_added,,,,incomplete_stay_evidence_and_walk_network,59.07124681933842,not_computed_missing_graph_and_runtime,cafe_draft_2025q4_observed_sales_study_unverified_2026poi
3120077,미아역,발달상권,accessible_official_786,non_tourism_observed_subset_if_ranked,True,,16.0,5.0,19.0,True,True,complete,both_cafe_industries_sales_observed,68.88927097661623,66.78171641791045,65.05281755248382,69.04983307148467,66.25192220818407,,C2_bakery,only_C1_C2_scored_C_stay_unverified,0.0932776138789567,448,225.13440392301428,1.0523268725127914,0.2826559791820946,51.37614678899083,residual_candidate_min10_cafe_min50_total,54.4353217341745,2.0,3.0,0,2,primary_unverified_candidate,validation_only_not_added,,,,incomplete_stay_evidence_and_walk_network,66.34053638289843,not_computed_missing_graph_and_runtime,cafe_draft_2025q4_observed_sales_study_unverified_2026poi
3120078,미아사거리역,발달상권,accessible_official_786,non_tourism_observed_subset_if_ranked,True,,7.0,6.0,41.0,True,True,complete,both_cafe_industries_sales_observed,31.2585969738652,70.51305970149254,39.13161400689192,64.62229968578161,46.77881971055882,,C2_bakery,only_C1_C2_scored_C_stay_unverified,0.0941069382615871,513,138.14071778495406,0.5688992579146473,-0.2459696657117347,13.149847094801222,residual_candidate_min10_cafe_min50_total,25.8592576224123,1.0,0.0,0,2,primary_unverified_candidate,validation_only_not_added,,,,incomplete_stay_evidence_and_walk_network,50.66181222728548,not_computed_missing_graph_and_runtime,cafe_draft_2025q4_observed_sales_study_unverified_2026poi
3120079,창동역,발달상권,accessible_official_786,non_tourism_observed_subset_if_ranked,True,,6.0,2.0,17.0,True,True,complete,both_cafe_industries_sales_observed,24.814305364511693,22.621268656716417,33.560798653320134,32.611203849175176,33.27592021207665,,C1_coffee,only_C1_C2_scored_C_stay_unverified,0.0960234584028343,499,83.31297511113041,0.3599140672856039,-0.6823292582306242,,below_residual_ranking_support,,4.0,4.0,0,3,primary_unverified_candidate,validation_only_not_added,,,,incomplete_stay_evidence_and_walk_network,63.35738542362058,not_computed_missing_graph_and_runtime,cafe_draft_2025q4_observed_sales_study_unverified_2026poi
3120080,마들역,발달상권,accessible_official_786,non_tourism_observed_subset_if_ranked,True,,1.0,4.0,4.0,True,True,complete,both_cafe_industries_sales_observed,4.22283356258597,82.56996268656715,17.044607438171827,80.66081598586015,36.12947000247833,,C2_bakery,only_C1_C2_scored_C_stay_unverified,0.0389460931460183,294,128.38258207964,0.3817965977370672,-0.3865011661468673,,below_residual_ranking_support,,3.0,0.0,0,0,primary_unverified_candidate,validation_only_not_added,,,,incomplete_stay_evidence_and_walk_network,43.38740458015267,not_computed_missing_graph_and_runtime,cafe_draft_2025q4_observed_sales_study_unverified_2026poi
3120081,노원역,발달상권,accessible_official_786,non_tourism_observed_subset_if_ranked,True,,57.0,25.0,79.0,True,True,complete,both_cafe_industries_sales_observed,65.98349381017881,75.50373134328358,66.26263841426874,73.24734878240376,68.35805152470924,,C2_bakery,only_C1_C2_scored_C_stay_unverified,0.2674887709227367,2306,306.5549245941447,0.7982959564826725,0.2441124436889996,46.48318042813456,residual_candidate_min10_cafe_min50_total,52.708582275326265,4.0,11.0,2,3,primary_unverified_candidate,validation_only_not_added,,,,incomplete_stay_evidence_and_walk_network,75.31039125504049,not_computed_missing_graph_and_runtime,cafe_draft_2025q4_observed_sales_study_unverified_2026poi
3120082,상계백병원,발달상권,accessible_official_786,non_tourism_observed_subset_if_ranked,True,,4.0,0.0,1.0,True,False,insufficient,partial_or_unusable_sales,49.72489683631362,0.0,43.49977751219548,,,,unknown,only_C1_C2_scored_C_stay_unverified,0.0388523839079087,156,102.9537855252627,0.5756317935112705,-0.229303980906993,,below_residual_ranking_support,,0.0,0.0,0,1,primary_unverified_candidate,validation_only_not_added,,,,incomplete_stay_evidence_and_walk_network,41.90747056376319,not_computed_missing_graph_and_runtime,cafe_draft_2025q4_observed_sales_study_unverified_2026poi
3120083,등나무근린공원,발달상권,accessible_official_786,non_tourism_observed_subset_if_ranked,True,,5.0,2.0,5.0,True,True,complete,both_cafe_industries_sales_observed,10.02063273727648,14.552238805970148,26.90363814709205,31.699725058915945,28.34246422063921,,C2_bakery,only_C1_C2_scored_C_stay_unverified,0.1257233662584766,573,55.67779648540903,0.2742538911493487,-0.999054386628392,,below_residual_ranking_support,,1.0,2.0,0,3,primary_unverified_candidate,validation_only_not_added,,,,incomplete_stay_evidence_and_walk_network,50.6273425632988,not_computed_missing_graph_and_runtime,cafe_draft_2025q4_observed_sales_study_unverified_2026poi
3120084,공릉역,발달상권,accessible_official_786,non_tourism_observed_subset_if_ranked,True,,9.0,4.0,18.0,True,True,complete,both_cafe_industries_sales_observed,57.92297111416782,69.55223880597015,62.38080407201881,58.324725058915945,61.16398036808795,,C1_coffee,only_C1_C2_scored_C_stay_unverified,0.0809779350242889,249,160.53755873252038,1.1720695554627072,0.2103700985693701,42.50764525993883,residual_candidate_min10_cafe_min50_total,47.93110605484917,3.0,3.0,1,4,primary_unverified_candidate,validation_only_not_added,,,,incomplete_stay_evidence_and_walk_network,82.33274498775327,not_computed_missing_graph_and_runtime,cafe_draft_2025q4_observed_sales_study_unverified_2026poi
3120086,태릉입구역,발달상권,accessible_official_786,non_tourism_observed_subset_if_ranked,True,,14.0,3.0,8.0,True,True,complete,both_cafe_industries_sales_observed,75.18569463548832,54.463619402985074,72.40944476446427,54.506112529457965,67.03844509396238,,C1_coffee,only_C1_C2_scored_C_stay_unverified,0.072424068844499,321,234.72859604864965,1.1889217417382316,0.3776313209596713,61.16207951070336,residual_candidate_min10_cafe_min50_total,61.573550305438594,1.0,0.0,0,3,primary_unverified_candidate,validation_only_not_added,,,,incomplete_stay_evidence_and_walk_network,64.44536760224074,not_computed_missing_graph_and_runtime,cafe_draft_2025q4_observed_sales_study_unverified_2026poi
3120094,"신촌역(신촌역, 신촌로터리)",발달상권,accessible_official_786,non_tourism_observed_subset_if_ranked,True,,105.0,14.0,153.0,True,True,complete,both_cafe_industries_sales_observed,85.36451169188446,48.80597014925373,79.96524263538717,49.65760015710919,70.87294989190377,,C1_coffee,only_C1_C2_scored_C_stay_unverified,0.3435744377341374,2031,346.3587127866708,1.3153654129422976,0.5648549186910667,75.84097859327217,residual_candidate_min10_cafe_min50_total,71.88377044682764,5.0,20.0,3,3,primary_unverified_candidate,validation_only_not_added,,,,incomplete_stay_evidence_and_walk_network,74.17342335805169,not_computed_missing_graph_and_runtime,cafe_draft_2025q4_observed_sales_study_unverified_2026poi
3120095,홍제역,발달상권,accessible_official_786,non_tourism_observed_subset_if_ranked,True,,6.0,7.0,17.0,True,True,complete,both_cafe_industries_sales_observed,24.70426409903714,79.66417910447761,28.23232913162108,63.98860958366064,38.95921326723294,,C2_bakery,only_C1_C2_scored_C_stay_unverified,0.1005396022257897,425,129.30228200828645,0.6866948689652097,-0.1758607475225457,15.29051987767584,residual_candidate_min10_cafe_min50_total,20.828010161137538,5.0,4.0,0,3,primary_unverified_candidate,validation_only_not_added,,,,incomplete_stay_evidence_and_walk_network,60.86279375767954,not_computed_missing_graph_and_runtime,cafe_draft_2025q4_observed_sales_study_unverified_2026poi
3120096,"이화여대(이대역, 이대)",발달상권,accessible_official_786,non_tourism_observed_subset_if_ranked,True,,32.0,9.0,10.0,True,True,complete,both_cafe_industries_sales_observed,83.08115543328748,76.47388059701493,76.48569603628683,67.0185585231736,73.64555478235285,,C1_coffee,only_C1_C2_scored_C_stay_unverified,0.1513048895278378,559,270.97604134238253,1.6465746651601456,0.5865888341077441,77.67584097859327,residual_candidate_min10_cafe_min50_total,71.24936237968414,0.0,3.0,0,3,primary_unverified_candidate,validation_only_not_added,,,,incomplete_stay_evidence_and_walk_network,47.51021197960507,not_computed_missing_graph_and_runtime,cafe_draft_2025q4_observed_sales_study_unverified_2026poi
3120097,충정로역,발달상권,accessible_official_786,non_tourism_observed_subset_if_ranked,True,,5.0,0.0,2.0,True,False,insufficient,partial_or_unusable_sales,50.92847317744154,0.0,59.85293668868995,,,,unknown,only_C1_C2_scored_C_stay_unverified,0.0595049224153323,117,84.02666194741022,0.9593863225187842,-0.0913266365618026,,below_residual_ranking_support,,0.0,0.0,0,2,primary_unverified_candidate,validation_only_not_added,,,,incomplete_stay_evidence_and_walk_network,32.907233525866154,not_computed_missing_graph_and_runtime,cafe_draft_2025q4_observed_sales_study_unverified_2026poi
3120102,서교동(홍대),발달상권,accessible_official_786,non_tourism_observed_subset_if_ranked,True,,75.0,7.0,14.0,True,False,insufficient,partial_or_unusable_sales,93.24277854195324,38.72201492537314,90.08301005636676,,,,unknown,only_C1_C2_scored_C_stay_unverified,0.2462473499719262,895,332.99850743306894,2.0568385202782604,0.7898827066650549,86.23853211009175,residual_candidate_min10_cafe_min50_total,,0.0,5.0,0,2,primary_unverified_candidate,validation_only_not_added,,,,incomplete_stay_evidence_and_walk_network,46.88048452481157,not_computed_missing_graph_and_runtime,cafe_draft_2025q4_observed_sales_study_unverified_2026poi
3120103,홍대입구역(홍대),발달상권,accessible_official_786,non_tourism_observed_subset_if_ranked,True,,224.0,30.0,246.0,True,True,complete,both_cafe_industries_sales_observed,94.88308115543327,68.75932835820896,88.64798790666717,70.73021406127258,83.27265575304878,,C1_coffee,only_C1_C2_scored_C_stay_unverified,0.4615829428010732,2981,550.2802994812256,1.912850904569824,0.9759986252967856,93.57798165137615,residual_candidate_min10_cafe_min50_total,87.84507418762591,1.0,15.0,1,1,primary_unverified_candidate,validation_only_not_added,,,,incomplete_stay_evidence_and_walk_network,59.544653860606026,not_computed_missing_graph_and_runtime,cafe_draft_2025q4_observed_sales_study_unverified_2026poi
3120106,마포역,발달상권,accessible_official_786,non_tourism_observed_subset_if_ranked,True,,23.0,2.0,13.0,True,True,complete,both_cafe_industries_sales_observed,64.51169188445668,11.819029850746269,64.03890960476299,18.010163000785546,50.23028562356976,,C1_coffee,only_C1_C2_scored_C_stay_unverified,0.1366223999600533,776,182.98609896554072,0.7232487096307844,-0.0213931826044446,25.076452599388375,residual_candidate_min10_cafe_min50_total,33.69107715110114,0.0,1.0,0,2,primary_unverified_candidate,validation_only_not_added,,,,incomplete_stay_evidence_and_walk_network,44.73549473195367,not_computed_missing_graph_and_runtime,cafe_draft_2025q4_observed_sales_study_unverified_2026poi
3120107,공덕역(공덕오거리),발달상권,accessible_official_786,non_tourism_observed_subset_if_ranked,True,,23.0,5.0,14.0,True,True,complete,both_cafe_industries_sales_observed,54.36726272352132,31.651119402985078,60.11480869533726,44.65578358208956,55.47710116136295,,C1_coffee,only_C1_C2_scored_C_stay_unverified,0.1920756922518944,836,145.77586404468025,0.7519018164046739,-0.1099783730256436,19.26605504587156,residual_candidate_min10_cafe_min50_total,35.676645884320735,0.0,2.0,0,5,primary_unverified_candidate,validation_only_not_added,,,,incomplete_stay_evidence_and_walk_network,44.673951953869526,not_computed_missing_graph_and_runtime,cafe_draft_2025q4_observed_sales_study_unverified_2026poi
3120153,노량진역(노량진),발달상권,accessible_official_786,non_tourism_observed_subset_if_ranked,True,,43.0,6.0,30.0,True,True,complete,both_cafe_industries_sales_observed,45.96286107290234,10.447761194029852,46.7663524778076,19.97790652003142,38.72981869047474,,C1_coffee,only_C1_C2_scored_C_stay_unverified,0.4434975212713991,1625,110.48539766249192,0.676942989169254,-0.3093317488259548,9.785932721712538,residual_candidate_min10_cafe_min50_total,20.8641398192051,13.0,44.0,2,1,primary_unverified_candidate,validation_only_not_added,,,,incomplete_stay_evidence_and_walk_network,62.43122135574172,not_computed_missing_graph_and_runtime,cafe_draft_2025q4_observed_sales_study_unverified_2026poi
3120167,고속터미널(고속터미널역),발달상권,accessible_official_786,non_tourism_observed_subset_if_ranked,True,,28.0,23.0,5.0,True,True,complete,both_cafe_industries_sales_observed,35.99381017881705,70.76492537313433,43.28506106456587,60.127553024351926,48.337808652501685,,C2_bakery,only_C1_C2_scored_C_stay_unverified,0.3205734440746637,2268,159.08990885758385,0.5048199458967888,-0.29846975374566,10.703363914373089,residual_candidate_min10_cafe_min50_total,23.33256207658428,7.0,7.0,0,1,primary_unverified_candidate,validation_only_not_added,,,,incomplete_stay_evidence_and_walk_network,58.72108379531536,not_computed_missing_graph_and_runtime,cafe_draft_2025q4_observed_sales_study_unverified_2026poi
3120170,삼호가든사거리,발달상권,accessible_official_786,non_tourism_observed_subset_if_ranked,True,,7.0,1.0,3.0,True,True,complete,both_cafe_industries_sales_observed,29.580467675378262,4.878731343283582,40.6485529067936,16.507217203456403,33.40615219579244,,C1_coffee,only_C1_C2_scored_C_stay_unverified,0.1007822578750222,495,79.3790511214843,0.362822463788922,-0.700435770251683,,below_residual_ranking_support,,2.0,6.0,1,0,primary_unverified_candidate,validation_only_not_added,,,,incomplete_stay_evidence_and_walk_network,63.30891960662954,not_computed_missing_graph_and_runtime,cafe_draft_2025q4_observed_sales_study_unverified_2026poi
3120174,논현역 5번,발달상권,accessible_official_786,non_tourism_observed_subset_if_ranked,True,,2.0,0.0,,False,False,supply_only,no_cafe_sales_rows,13.033012379642363,0.0,,,,9.123108665749657,unknown,only_C1_C2_scored_C_stay_unverified,0.0702251339213652,82,28.479831768487703,0.5475521938277939,-0.6724663663659285,,below_residual_ranking_support,,0.0,0.0,0,1,primary_unverified_candidate,validation_only_not_added,,,,incomplete_stay_evidence_and_walk_network,26.20192484447412,not_computed_missing_graph_and_runtime,cafe_draft_2025q4_observed_sales_study_unverified_2026poi
3120176,논현역 4번,발달상권,accessible_official_786,non_tourism_observed_subset_if_ranked,True,,17.0,2.0,5.0,True,False,insufficient,partial_or_unusable_sales,74.12654745529574,22.09888059701493,62.00994437121571,,,,unknown,only_C1_C2_scored_C_stay_unverified,0.13040841609032,257,145.69611816188862,1.6597010077503946,0.3293238172293296,55.35168195718655,residual_candidate_min10_cafe_min50_total,,0.0,0.0,0,0,primary_unverified_candidate,validation_only_not_added,,,,incomplete_stay_evidence_and_walk_network,31.59987277353689,not_computed_missing_graph_and_runtime,cafe_draft_2025q4_observed_sales_study_unverified_2026poi
3120177,신논현역 1번,발달상권,accessible_official_786,non_tourism_observed_subset_if_ranked,True,,19.0,3.0,11.0,True,False,insufficient,partial_or_unusable_sales,72.76478679504815,33.18097014925373,71.37889273368224,,,,unknown,only_C1_C2_scored_C_stay_unverified,0.1404288146842193,328,156.66300430913094,1.5057685330264332,0.3043500258528588,52.90519877675841,residual_candidate_min10_cafe_min50_total,,0.0,4.0,0,0,primary_unverified_candidate,validation_only_not_added,,,,incomplete_stay_evidence_and_walk_network,40.1145038167939,not_computed_missing_graph_and_runtime,cafe_draft_2025q4_observed_sales_study_unverified_2026poi
3120178,신사역,발달상권,accessible_official_786,non_tourism_observed_subset_if_ranked,True,,55.0,5.0,44.0,True,True,complete,both_cafe_industries_sales_observed,63.04676753782668,10.429104477611942,64.0322405054901,20.75432050274941,51.04886450466788,,C1_coffee,only_C1_C2_scored_C_stay_unverified,0.3527995446368653,1850,170.06824671998282,0.7280964307115529,-0.0739872358684987,20.795107033639145,residual_candidate_min10_cafe_min50_total,32.522411394381706,0.0,4.0,0,1,primary_unverified_candidate,validation_only_not_added,,,,incomplete_stay_evidence_and_walk_network,45.58246500062887,not_computed_missing_graph_and_runtime,cafe_draft_2025q4_observed_sales_study_unverified_2026poi
3120185,논현역,발달상권,accessible_official_786,non_tourism_observed_subset_if_ranked,True,,50.0,6.0,38.0,True,True,complete,both_cafe_industries_sales_observed,65.36451169188446,20.38246268656717,67.07326548685265,30.15588177533386,55.99805037339701,,C1_coffee,only_C1_C2_scored_C_stay_unverified,0.3209396527694187,1491,174.48763191699962,0.8431789651432694,0.0177317261575638,27.82874617737003,residual_candidate_min10_cafe_min50_total,39.16924480435354,1.0,2.0,0,0,primary_unverified_candidate,validation_only_not_added,,,,incomplete_stay_evidence_and_walk_network,54.63104325699745,not_computed_missing_graph_and_runtime,cafe_draft_2025q4_observed_sales_study_unverified_2026poi
3120186,가로수길,발달상권,accessible_official_786,non_tourism_observed_subset_if_ranked,True,,83.0,18.0,55.0,True,True,complete,both_cafe_industries_sales_observed,87.24896836313617,72.9757462686567,82.87241496298816,71.64223291437548,79.50336034840436,,C1_coffee,only_C1_C2_scored_C_stay_unverified,0.2564935155481949,1502,393.77213799785983,1.5095962947009949,0.6995896662708923,81.65137614678899,residual_candidate_min10_cafe_min50_total,78.58242243680203,1.0,11.0,1,0,primary_unverified_candidate,validation_only_not_added,,,,incomplete_stay_evidence_and_walk_network,63.233030740664326,not_computed_missing_graph_and_runtime,cafe_draft_2025q4_observed_sales_study_unverified_2026poi
3120187,신논현역,발달상권,accessible_official_786,non_tourism_observed_subset_if_ranked,True,,87.0,11.0,71.0,True,True,complete,both_cafe_industries_sales_observed,76.34800550206327,33.72201492537314,73.89986316590031,31.302778868813828,61.12073787677436,,C1_coffee,only_C1_C2_scored_C_stay_unverified,0.3821027846256797,2169,256.47549283369915,1.014322136837287,0.2879738025615088,52.293577981651374,residual_candidate_min10_cafe_min50_total,53.234096633590966,2.0,8.0,0,0,primary_unverified_candidate,validation_only_not_added,,,,incomplete_stay_evidence_and_walk_network,58.31424936386769,not_computed_missing_graph_and_runtime,cafe_draft_2025q4_observed_sales_study_unverified_2026poi
3120188,압구정역,발달상권,accessible_official_786,non_tourism_observed_subset_if_ranked,True,,40.0,24.0,20.0,True,True,complete,both_cafe_industries_sales_observed,60.22696011004126,83.22761194029852,61.132344506239015,81.21985467399843,67.15859755656683,,C2_bakery,only_C1_C2_scored_C_stay_unverified,0.2515553125665566,1612,254.4172068839407,0.8913008415658381,0.220117189435486,43.425076452599384,residual_candidate_min10_cafe_min50_total,50.567142112003495,2.0,13.0,0,2,primary_unverified_candidate,validation_only_not_added,,,,incomplete_stay_evidence_and_walk_network,62.33104035449259,not_computed_missing_graph_and_runtime,cafe_draft_2025q4_observed_sales_study_unverified_2026poi
3120190,강남을지병원,발달상권,accessible_official_786,non_tourism_observed_subset_if_ranked,True,,56.0,6.0,32.0,True,True,complete,both_cafe_industries_sales_observed,75.72902338376892,23.32089552238806,67.97059952810173,25.56804791830322,55.249834045162174,,C1_coffee,only_C1_C2_scored_C_stay_unverified,0.294971646748385,1239,210.18969342801572,1.1233879553755062,0.2561769444561941,47.40061162079511,residual_candidate_min10_cafe_min50_total,46.425652661970496,0.0,1.0,0,2,primary_unverified_candidate,validation_only_not_added,,,,incomplete_stay_evidence_and_walk_network,45.04168964483016,not_computed_missing_graph_and_runtime,cafe_draft_2025q4_observed_sales_study_unverified_2026poi
3120191,학동역,발달상권,accessible_official_786,non_tourism_observed_subset_if_ranked,True,,36.0,4.0,12.0,True,False,insufficient,partial_or_unusable_sales,47.61348005502063,6.333955223880597,56.10936649057604,,,,unknown,only_C1_C2_scored_C_stay_unverified,0.3660091242139766,1255,109.28689301367024,0.7155263728108222,-0.2802626116688085,11.314984709480122,residual_candidate_min10_cafe_min50_total,,0.0,3.0,1,1,primary_unverified_candidate,validation_only_not_added,,,,incomplete_stay_evidence_and_walk_network,41.613509774250495,not_computed_missing_graph_and_runtime,cafe_draft_2025q4_observed_sales_study_unverified_2026poi
3120193,도산공원교차로,발달상권,accessible_official_786,non_tourism_observed_subset_if_ranked,True,,12.0,5.0,14.0,True,True,complete,both_cafe_industries_sales_observed,30.60866574965612,38.348880597014926,38.7139696511875,40.2981637863315,39.189227891730695,,C2_bakery,only_C1_C2_scored_C_stay_unverified,0.1848828842036462,558,91.95010167233605,0.6839496041182299,-0.352633153036507,7.951070336391437,residual_candidate_min10_cafe_min50_total,21.70346598450007,0.0,1.0,0,1,primary_unverified_candidate,validation_only_not_added,,,,incomplete_stay_evidence_and_walk_network,33.77249199392409,not_computed_missing_graph_and_runtime,cafe_draft_2025q4_observed_sales_study_unverified_2026poi
3120194,언주역(차병원),발달상권,accessible_official_786,non_tourism_observed_subset_if_ranked,True,,40.0,4.0,18.0,True,True,complete,both_cafe_industries_sales_observed,71.67812929848692,16.96828358208955,70.96157575484249,23.292272191673213,56.660784685891706,,C1_coffee,only_C1_C2_scored_C_stay_unverified,0.2422625098307379,931,181.62116800796613,1.060992650553534,0.1641302438735774,40.0611620795107,residual_candidate_min10_cafe_min50_total,46.01797523305181,0.0,0.0,0,0,primary_unverified_candidate,validation_only_not_added,,,,incomplete_stay_evidence_and_walk_network,33.40648854961832,not_computed_missing_graph_and_runtime,cafe_draft_2025q4_observed_sales_study_unverified_2026poi
3120195,성수대교남단,발달상권,accessible_official_786,non_tourism_observed_subset_if_ranked,True,,23.0,10.0,23.0,True,False,insufficient,partial_or_unusable_sales,69.92434662998625,81.00746268656717,63.58815044029489,,,,unknown,only_C1_C2_scored_C_stay_unverified,0.1267335963608988,656,260.3887283844295,1.1293263997698249,0.3716954523432294,60.85626911314985,residual_candidate_min10_cafe_min50_total,,0.0,8.0,0,1,primary_unverified_candidate,validation_only_not_added,,,,incomplete_stay_evidence_and_walk_network,50.968473959693874,not_computed_missing_graph_and_runtime,cafe_draft_2025q4_observed_sales_study_unverified_2026poi
3120196,서울세관,발달상권,accessible_official_786,non_tourism_observed_subset_if_ranked,True,,14.0,1.0,19.0,True,False,insufficient,partial_or_unusable_sales,38.92709766162311,1.417910447761194,45.50152673372733,,,,unknown,only_C1_C2_scored_C_stay_unverified,0.1853392010859372,517,80.93268942626374,0.6513435187700062,-0.43068918922858,5.81039755351682,residual_candidate_min10_cafe_min50_total,,0.0,2.0,1,1,primary_unverified_candidate,validation_only_not_added,,,,incomplete_stay_evidence_and_walk_network,39.67968008643712,not_computed_missing_graph_and_runtime,cafe_draft_2025q4_observed_sales_study_unverified_2026poi
3120200,학동사거리,발달상권,accessible_official_786,non_tourism_observed_subset_if_ranked,True,,41.0,13.0,49.0,True,True,complete,both_cafe_industries_sales_observed,62.15955983493811,58.38152985074627,65.40761836235036,51.49207089552239,61.23295412230197,,C1_coffee,only_C1_C2_scored_C_stay_unverified,0.2663947080420891,1417,202.70672941246363,0.8555261518240901,0.0956315258568647,34.862385321100916,residual_candidate_min10_cafe_min50_total,42.918318259296214,0.0,2.0,0,1,primary_unverified_candidate,validation_only_not_added,,,,incomplete_stay_evidence_and_walk_network,43.68152749155855,not_computed_missing_graph_and_runtime,cafe_draft_2025q4_observed_sales_study_unverified_2026poi
3120203,강남구청역,발달상권,accessible_official_786,non_tourism_observed_subset_if_ranked,True,,48.0,8.0,20.0,True,True,complete,both_cafe_industries_sales_observed,78.34250343878955,51.33395522388061,78.47912150799719,56.756137077769054,71.96222617892874,,C1_coffee,only_C1_C2_scored_C_stay_unverified,0.1731200559890376,1243,323.47494159513246,1.0114077530399153,0.4013240813364609,63.91437308868502,residual_candidate_min10_cafe_min50_total,67.53433005898647,0.0,6.0,0,1,primary_unverified_candidate,validation_only_not_added,,,,incomplete_stay_evidence_and_walk_network,50.408450159154015,not_computed_missing_graph_and_runtime,cafe_draft_2025q4_observed_sales_study_unverified_2026poi
3120207,선정릉역,발달상권,accessible_official_786,non_tourism_observed_subset_if_ranked,True,,41.0,7.0,9.0,True,False,insufficient,partial_or_unusable_sales,59.98624484181568,26.69776119402985,63.84591038579358,,,,unknown,only_C1_C2_scored_C_stay_unverified,0.3232290356255783,1205,148.50151041381747,0.8942595165585877,-0.0226162402402665,24.770642201834864,residual_candidate_min10_cafe_min50_total,,0.0,4.0,0,0,primary_unverified_candidate,validation_only_not_added,,,,incomplete_stay_evidence_and_walk_network,42.23282442748092,not_computed_missing_graph_and_runtime,cafe_draft_2025q4_observed_sales_study_unverified_2026poi
3120208,청담사거리(청담동명품거리),발달상권,accessible_official_786,non_tourism_observed_subset_if_ranked,True,,36.0,9.0,27.0,True,True,complete,both_cafe_industries_sales_observed,50.11691884456672,33.367537313432834,50.12319937599551,45.75859190887667,48.81381713585986,,C1_coffee,only_C1_C2_scored_C_stay_unverified,0.3310845580004111,1455,135.9169399858997,0.694318761245553,-0.1979959922416085,14.067278287461773,residual_candidate_min10_cafe_min50_total,27.096438867424503,0.0,1.0,1,1,primary_unverified_candidate,validation_only_not_added,,,,incomplete_stay_evidence_and_walk_network,41.91281215328468,not_computed_missing_graph_and_runtime,cafe_draft_2025q4_observed_sales_study_unverified_2026poi
3120209,"강남구청(청담역_8번, 강남세무서)",발달상권,accessible_official_786,non_tourism_observed_subset_if_ranked,True,,19.0,7.0,4.0,True,True,complete,both_cafe_industries_sales_observed,63.97524071526823,68.74533582089552,61.38646879875034,66.34541928515318,62.87415394467119,,C2_bakery,only_C1_C2_scored_C_stay_unverified,0.1340463186494407,542,193.96280525984056,1.0769199974546648,0.2174224013026133,43.11926605504588,residual_candidate_min10_cafe_min50_total,47.27325171033382,2.0,2.0,1,0,primary_unverified_candidate,validation_only_not_added,,,,incomplete_stay_evidence_and_walk_network,64.07960250326663,not_computed_missing_graph_and_runtime,cafe_draft_2025q4_observed_sales_study_unverified_2026poi
3120213,삼성중앙역,발달상권,accessible_official_786,non_tourism_observed_subset_if_ranked,True,,38.0,6.0,28.0,True,True,complete,both_cafe_industries_sales_observed,74.40852819807428,35.2705223880597,73.787708437112,37.68278672427337,62.9562319232604,,C1_coffee,only_C1_C2_scored_C_stay_unverified,0.2287508783412215,797,192.34898820526664,1.239377864071945,0.2740073836310497,49.84709480122324,residual_candidate_min10_cafe_min50_total,53.98220976556774,1.0,3.0,0,0,primary_unverified_candidate,validation_only_not_added,,,,incomplete_stay_evidence_and_walk_network,52.56361323155217,not_computed_missing_graph_and_runtime,cafe_draft_2025q4_observed_sales_study_unverified_2026poi
3120214,영동대교남단교차로,발달상권,accessible_official_786,non_tourism_observed_subset_if_ranked,True,,12.0,3.0,2.0,True,False,insufficient,partial_or_unusable_sales,71.86382393397525,54.80876865671641,66.88227238219797,,,,unknown,only_C1_C2_scored_C_stay_unverified,0.0890678956395079,214,168.41084986122027,1.573572893477071,0.3806930246353954,62.079510703363916,residual_candidate_min10_cafe_min50_total,,1.0,0.0,0,1,primary_unverified_candidate,validation_only_not_added,,,,incomplete_stay_evidence_and_walk_network,49.46893110420961,not_computed_missing_graph_and_runtime,cafe_draft_2025q4_observed_sales_study_unverified_2026poi
3120215,포스코사거리,발달상권,accessible_official_786,non_tourism_observed_subset_if_ranked,True,,73.0,2.0,43.0,True,True,complete,both_cafe_industries_sales_observed,73.88583218707015,1.828358208955224,77.20135426467985,5.029850746268656,55.54990320915649,,C1_coffee,only_C1_C2_scored_C_stay_unverified,0.3183828525232976,2108,235.56545022949024,0.7987300740135038,0.1234310839589643,37.00305810397553,residual_candidate_min10_cafe_min50_total,44.864030886394396,0.0,5.0,0,1,primary_unverified_candidate,validation_only_not_added,,,,incomplete_stay_evidence_and_walk_network,44.65108021555936,not_computed_missing_graph_and_runtime,cafe_draft_2025q4_observed_sales_study_unverified_2026poi
3120216,경기고교사거리(경기고교앞사거리),발달상권,accessible_official_786,non_tourism_observed_subset_if_ranked,True,,2.0,1.0,3.0,True,False,insufficient,partial_or_unusable_sales,5.440165061898211,11.525186567164178,14.754936209001873,,,,unknown,only_C1_C2_scored_C_stay_unverified,0.0716402698938749,264,41.875889139503286,0.2551095448515857,-1.0168765739070351,,below_residual_ranking_support,,0.0,1.0,0,0,primary_unverified_candidate,validation_only_not_added,,,,incomplete_stay_evidence_and_walk_network,38.2824427480916,not_computed_missing_graph_and_runtime,cafe_draft_2025q4_observed_sales_study_unverified_2026poi
3120218,코엑스,발달상권,accessible_official_786,non_tourism_observed_subset_if_ranked,True,,14.0,6.0,,True,True,complete,both_cafe_industries_sales_observed,51.71251719394773,64.1884328358209,59.61982512567896,69.50427140612726,62.58515900981344,,C2_bakery,only_C1_C2_scored_C_stay_unverified,0.1452850502706948,387,137.66041284176205,1.1601881109529482,0.1091245156234177,36.391437308868504,residual_candidate_min10_cafe_min50_total,49.24046080546462,0.0,1.0,0,1,primary_unverified_candidate,validation_only_not_added,,,,incomplete_stay_evidence_and_walk_network,39.10518677618784,not_computed_missing_graph_and_runtime,cafe_draft_2025q4_observed_sales_study_unverified_2026poi
3120222,삼성역,발달상권,accessible_official_786,non_tourism_observed_subset_if_ranked,True,,51.0,19.0,4.0,True,True,complete,both_cafe_industries_sales_observed,64.73865199449793,71.43656716417911,71.34432912342126,75.56480754124115,72.61047264876723,,C2_bakery,only_C1_C2_scored_C_stay_unverified,0.3560643567445971,1397,196.5936737953544,1.124892481235339,0.2241436448535516,44.342507645259936,residual_candidate_min10_cafe_min50_total,56.926609418667596,0.0,2.0,0,2,primary_unverified_candidate,validation_only_not_added,,,,incomplete_stay_evidence_and_walk_network,41.3652802368444,not_computed_missing_graph_and_runtime,cafe_draft_2025q4_observed_sales_study_unverified_2026poi
3120223,휘문고교사거리,발달상권,accessible_official_786,non_tourism_observed_subset_if_ranked,True,,11.0,0.0,,True,False,insufficient,partial_or_unusable_sales,59.44979367262724,0.0,57.155690146099865,,,,unknown,only_C1_C2_scored_C_stay_unverified,0.1334675750184676,161,82.41702150112457,1.5338263317784786,0.0574316222838162,31.804281345565748,residual_candidate_min10_cafe_min50_total,,0.0,0.0,0,2,primary_unverified_candidate,validation_only_not_added,,,,incomplete_stay_evidence_and_walk_network,28.346643736878253,not_computed_missing_graph_and_runtime,cafe_draft_2025q4_observed_sales_study_unverified_2026poi
3120225,잠실새내역(신천),발달상권,accessible_official_786,non_tourism_observed_subset_if_ranked,True,,46.0,22.0,90.0,True,True,complete,both_cafe_industries_sales_observed,63.52819807427787,75.84888059701493,65.43265469769743,75.3310585231736,68.40217584534028,,C2_bakery,only_C1_C2_scored_C_stay_unverified,0.2378645015826352,1917,285.87704154071304,0.7963356893019767,0.2128514122052909,42.813455657492355,residual_candidate_min10_cafe_min50_total,51.31451282381565,8.0,14.0,1,0,primary_unverified_candidate,validation_only_not_added,,,,incomplete_stay_evidence_and_walk_network,68.64435045732755,not_computed_missing_graph_and_runtime,cafe_draft_2025q4_observed_sales_study_unverified_2026poi
3120227,잠실역,발달상권,accessible_official_786,non_tourism_observed_subset_if_ranked,True,,87.0,28.0,10.0,True,True,complete,both_cafe_industries_sales_observed,69.36038514442916,68.90858208955224,71.53736647144318,73.89390219952867,72.24432718986883,,C2_bakery,only_C1_C2_scored_C_stay_unverified,0.5264609141199128,2251,218.4397681112681,1.146916301154175,0.2780203919752777,50.764525993883794,residual_candidate_min10_cafe_min50_total,59.32210442601124,3.0,10.0,0,1,primary_unverified_candidate,validation_only_not_added,,,,incomplete_stay_evidence_and_walk_network,60.150040151317256,not_computed_missing_graph_and_runtime,cafe_draft_2025q4_observed_sales_study_unverified_2026poi
3120228,석촌역(석촌호수),발달상권,accessible_official_786,non_tourism_observed_subset_if_ranked,True,,46.0,12.0,18.0,True,True,complete,both_cafe_industries_sales_observed,80.818431911967,72.1455223880597,78.19018996877928,65.99528672427337,74.5317189954275,,C1_coffee,only_C1_C2_scored_C_stay_unverified,0.2279735884416076,849,254.41543643927827,1.5336620929593567,0.5125901070910208,73.08868501529052,residual_candidate_min10_cafe_min50_total,70.94220716777451,1.0,3.0,0,1,primary_unverified_candidate,validation_only_not_added,,,,incomplete_stay_evidence_and_walk_network,56.75126984587699,not_computed_missing_graph_and_runtime,cafe_draft_2025q4_observed_sales_study_unverified_2026poi
3120229,방이동먹자골목,발달상권,accessible_official_786,non_tourism_observed_subset_if_ranked,True,,16.0,2.0,74.0,True,False,insufficient,partial_or_unusable_sales,46.5474552957359,9.067164179104475,51.034237087541705,,,,unknown,only_C1_C2_scored_C_stay_unverified,0.1465806054379109,909,122.79932905328666,0.4445473256819712,-0.4524283634341204,4.587155963302752,residual_candidate_min10_cafe_min50_total,,2.0,4.0,0,0,primary_unverified_candidate,validation_only_not_added,,,,incomplete_stay_evidence_and_walk_network,53.99491094147582,not_computed_missing_graph_and_runtime,cafe_draft_2025q4_observed_sales_study_unverified_2026poi
3120230,송파사거리(송파역),발달상권,accessible_official_786,non_tourism_observed_subset_if_ranked,True,,10.0,6.0,11.0,True,True,complete,both_cafe_industries_sales_observed,43.7757909215956,72.86847014925374,43.04136462375577,60.38292910447761,48.24383396797232,,C2_bakery,only_C1_C2_scored_C_stay_unverified,0.1022620742735971,441,156.46074181120946,0.8144994085057433,-0.009359055834242,26.299694189602445,residual_candidate_min10_cafe_min50_total,29.901103617768904,4.0,1.0,0,2,primary_unverified_candidate,validation_only_not_added,,,,incomplete_stay_evidence_and_walk_network,58.12989193006898,not_computed_missing_graph_and_runtime,cafe_draft_2025q4_observed_sales_study_unverified_2026poi
3120232,송파나루역,발달상권,accessible_official_786,non_tourism_observed_subset_if_ranked,True,,16.0,2.0,9.0,True,True,complete,both_cafe_industries_sales_observed,89.8968363136176,44.16044776119404,78.0136771234568,39.36626080125687,66.41945222679682,,C1_coffee,only_C1_C2_scored_C_stay_unverified,0.0608645685379562,225,295.7385623915972,1.7959711957551638,0.7022218712751118,82.26299694189603,residual_candidate_min10_cafe_min50_total,70.68040626260068,0.0,0.0,0,0,primary_unverified_candidate,validation_only_not_added,,,,incomplete_stay_evidence_and_walk_network,33.27290076335878,not_computed_missing_graph_and_runtime,cafe_draft_2025q4_observed_sales_study_unverified_2026poi
3120233,몽촌토성역,발달상권,accessible_official_786,non_tourism_observed_subset_if_ranked,True,,14.0,3.0,10.0,True,True,complete,both_cafe_industries_sales_observed,54.243466299862455,30.988805970149254,53.05783326534336,30.771111547525532,46.37181674999801,,C1_coffee,only_C1_C2_scored_C_stay_unverified,0.1149135772327244,523,147.93726215285588,0.7297206101299663,-0.097562524254914,20.18348623853211,residual_candidate_min10_cafe_min50_total,27.413309376306543,1.0,0.0,0,0,primary_unverified_candidate,validation_only_not_added,,,,incomplete_stay_evidence_and_walk_network,49.29707379134861,not_computed_missing_graph_and_runtime,cafe_draft_2025q4_observed_sales_study_unverified_2026poi
3120238,방이역,발달상권,accessible_official_786,non_tourism_observed_subset_if_ranked,True,,9.0,0.0,10.0,True,False,insufficient,partial_or_unusable_sales,69.11279229711141,0.0,70.37840815989055,,,,unknown,only_C1_C2_scored_C_stay_unverified,0.0455745238778518,291,197.4787498410664,0.694318761245553,0.0569712414322438,,below_residual_ranking_support,,4.0,7.0,0,0,primary_unverified_candidate,validation_only_not_added,,,,incomplete_stay_evidence_and_walk_network,67.81806615776081,not_computed_missing_graph_and_runtime,cafe_draft_2025q4_observed_sales_study_unverified_2026poi
3120239,오금역,발달상권,accessible_official_786,non_tourism_observed_subset_if_ranked,True,,22.0,3.0,14.0,True,False,insufficient,partial_or_unusable_sales,68.08115543328749,23.964552238805968,67.58713667215369,,,,unknown,only_C1_C2_scored_C_stay_unverified,0.1515323325741472,519,164.98129194815306,1.0813892074633695,0.1460804438188367,38.226299694189606,residual_candidate_min10_cafe_min50_total,,2.0,2.0,0,0,primary_unverified_candidate,validation_only_not_added,,,,incomplete_stay_evidence_and_walk_network,51.74300254452927,not_computed_missing_graph_and_runtime,cafe_draft_2025q4_observed_sales_study_unverified_2026poi
3120242,강동구청역,발달상권,accessible_official_786,non_tourism_observed_subset_if_ranked,True,,36.0,7.0,12.0,True,True,complete,both_cafe_industries_sales_observed,79.21595598349381,49.375,78.8056152887934,47.194078947368425,69.32215438636591,,C1_coffee,only_C1_C2_scored_C_stay_unverified,0.2055509010035976,634,209.19392612756,1.522609649398108,0.4236807818283918,65.4434250764526,residual_candidate_min10_cafe_min50_total,65.94798350797075,2.0,5.0,0,1,primary_unverified_candidate,validation_only_not_added,,,,incomplete_stay_evidence_and_walk_network,59.90495264079567,not_computed_missing_graph_and_runtime,cafe_draft_2025q4_observed_sales_study_unverified_2026poi
3120243,천호역,발달상권,accessible_official_786,non_tourism_observed_subset_if_ranked,True,,28.0,24.0,21.0,True,True,complete,both_cafe_industries_sales_observed,50.26822558459423,84.61753731343285,51.73015731309077,74.59411822466615,58.58934558656338,,C2_bakery,only_C1_C2_scored_C_stay_unverified,0.2151027499788514,1711,241.74493354972248,0.6822801152781159,0.0566113796508651,31.49847094801223,residual_candidate_min10_cafe_min50_total,38.23716187789988,4.0,2.0,0,0,primary_unverified_candidate,validation_only_not_added,,,,incomplete_stay_evidence_and_walk_network,60.43893129770992,not_computed_missing_graph_and_runtime,cafe_draft_2025q4_observed_sales_study_unverified_2026poi
3120244,암사역,발달상권,accessible_official_786,non_tourism_observed_subset_if_ranked,True,,11.0,3.0,5.0,True,True,complete,both_cafe_industries_sales_observed,57.81292984869326,46.69309701492537,50.91674090898841,52.2904310683425,51.32884795679463,,C2_bakery,only_C1_C2_scored_C_stay_unverified,0.0805427279126898,399,173.820782618343,0.7877066648048964,0.0296915220838616,29.051987767584098,residual_candidate_min10_cafe_min50_total,33.531353395109484,5.0,6.0,0,0,primary_unverified_candidate,validation_only_not_added,,,,incomplete_stay_evidence_and_walk_network,65.55979643765903,not_computed_missing_graph_and_runtime,cafe_draft_2025q4_observed_sales_study_unverified_2026poi
3120245,둔촌역,발달상권,accessible_official_786,non_tourism_observed_subset_if_ranked,True,,19.0,10.0,21.0,True,True,complete,both_cafe_industries_sales_observed,49.88308115543328,69.62220149253733,52.88233962052709,71.7289620974077,58.53632636359127,,C2_bakery,only_C1_C2_scored_C_stay_unverified,0.1652914811329073,856,175.44763832494024,0.760560231847251,-0.019148905514982,25.993883792048926,residual_candidate_min10_cafe_min50_total,37.668672938430376,3.0,13.0,0,0,primary_unverified_candidate,validation_only_not_added,,,,incomplete_stay_evidence_and_walk_network,62.029262086514,not_computed_missing_graph_and_runtime,cafe_draft_2025q4_observed_sales_study_unverified_2026poi
3120246,길동역,발달상권,accessible_official_786,non_tourism_observed_subset_if_ranked,True,,11.0,6.0,53.0,True,True,complete,both_cafe_industries_sales_observed,13.686382393397524,30.307835820895523,28.005579448850693,41.77469560094266,32.13631429447828,,C2_bakery,only_C1_C2_scored_C_stay_unverified,0.2424850293233832,1011,70.10742084752968,0.377491472896115,-0.7967693645024472,1.2232415902140672,residual_candidate_min10_cafe_min50_total,19.921610512475283,3.0,5.0,0,0,primary_unverified_candidate,validation_only_not_added,,,,incomplete_stay_evidence_and_walk_network,54.35750636132315,not_computed_missing_graph_and_runtime,cafe_draft_2025q4_observed_sales_study_unverified_2026poi
3120247,굽은다리역,발달상권,accessible_official_786,non_tourism_observed_subset_if_ranked,True,,3.0,2.0,6.0,True,True,complete,both_cafe_industries_sales_observed,6.588720770288859,24.319029850746272,14.5547523285713,39.5891103692066,22.06505974076189,,C2_bakery,only_C1_C2_scored_C_stay_unverified,0.0944780118085977,450,52.92236684795466,0.2494404438548838,-1.0249374266677689,,below_residual_ranking_support,,2.0,5.0,0,0,primary_unverified_candidate,validation_only_not_added,,,,incomplete_stay_evidence_and_walk_network,54.459287531806616,not_computed_missing_graph_and_runtime,cafe_draft_2025q4_observed_sales_study_unverified_2026poi
3120248,명일역,발달상권,accessible_official_786,non_tourism_observed_subset_if_ranked,True,,17.0,12.0,19.0,True,True,complete,both_cafe_industries_sales_observed,52.66162310866575,84.49626865671642,51.06127328485887,80.56186174391202,59.91144982257481,,C2_bakery,only_C1_C2_scored_C_stay_unverified,0.1429870972968356,667,202.81550257501303,0.97607130204085,0.1817030810134627,40.97859327217125,residual_candidate_min10_cafe_min50_total,45.048053371938025,7.0,12.0,0,0,primary_unverified_candidate,validation_only_not_added,,,,incomplete_stay_evidence_and_walk_network,64.12849872773538,not_computed_missing_graph_and_runtime,cafe_draft_2025q4_observed_sales_study_unverified_2026poi
3120249,고덕역,발달상권,accessible_official_786,non_tourism_observed_subset_if_ranked,True,,13.0,5.0,4.0,True,True,complete,both_cafe_industries_sales_observed,55.47111416781293,63.61007462686568,58.32103674807014,69.82310487038492,61.77165718476457,,C2_bakery,only_C1_C2_scored_C_stay_unverified,0.0923344585743433,572,194.9434726528153,0.7064572011274683,0.009923648234281,27.522935779816514,residual_candidate_min10_cafe_min50_total,40.49875061676601,2.0,4.0,0,0,primary_unverified_candidate,validation_only_not_added,,,,incomplete_stay_evidence_and_walk_network,61.63486005089059,not_computed_missing_graph_and_runtime,cafe_draft_2025q4_observed_sales_study_unverified_2026poi
3130001,통인시장,전통시장,accessible_official_786,non_tourism_observed_subset_if_ranked,True,,24.0,4.0,2.0,True,False,insufficient,partial_or_unusable_sales,98.88927097661625,91.54384328358208,95.47072614662191,,,,unknown,only_C1_C2_scored_C_stay_unverified,0.0382516342247539,184,731.9948694343697,3.416249557142975,1.4477264534763734,99.69418960244649,residual_candidate_min10_cafe_min50_total,,0.0,2.0,1,1,primary_unverified_candidate,validation_only_not_added,,,,incomplete_stay_evidence_and_walk_network,62.86436071807447,not_computed_missing_graph_and_runtime,cafe_draft_2025q4_observed_sales_study_unverified_2026poi
3130002,세종마을음식문화거리(금천교시장),전통시장,accessible_official_786,non_tourism_observed_subset_if_ranked,True,,7.0,4.0,19.0,True,True,complete,both_cafe_industries_sales_observed,59.89683631361761,83.11100746268657,60.94738303503158,82.28954732914374,67.35003232326522,,C2_bakery,only_C1_C2_scored_C_stay_unverified,0.0495198489582525,238,222.13314926048145,1.0375884009089709,0.3082775124712102,53.51681957186545,residual_candidate_min10_cafe_min50_total,58.009044662734226,0.0,0.0,0,1,primary_unverified_candidate,validation_only_not_added,,,,incomplete_stay_evidence_and_walk_network,36.15828568387852,not_computed_missing_graph_and_runtime,cafe_draft_2025q4_observed_sales_study_unverified_2026poi
3130004,낙원시장(낙원지하시장(대일상가)),전통시장,accessible_official_786,non_tourism_observed_subset_if_ranked,True,,1.0,0.0,2.0,False,False,supply_only,no_cafe_sales_rows,15.543328748280604,0.0,,,,10.880330123796425,unknown,only_C1_C2_scored_C_stay_unverified,0.0086823172379084,230,50.0,0.097607130204085,-1.0450515617700482,,below_residual_ranking_support,,0.0,0.0,0,2,primary_unverified_candidate,validation_only_not_added,,,,incomplete_stay_evidence_and_walk_network,39.5086470457338,not_computed_missing_graph_and_runtime,cafe_draft_2025q4_observed_sales_study_unverified_2026poi
3130005,세운상가가동,전통시장,accessible_official_786,non_tourism_observed_subset_if_ranked,True,,1.0,0.0,,False,False,supply_only,no_cafe_sales_rows,15.495185694635486,0.0,,,,10.84662998624484,unknown,only_C1_C2_scored_C_stay_unverified,0.0170969405191279,267,50.0,0.0840810484904103,-1.1247627263136413,,below_residual_ranking_support,,0.0,0.0,0,0,primary_unverified_candidate,validation_only_not_added,,,,incomplete_stay_evidence_and_walk_network,31.45356234096692,not_computed_missing_graph_and_runtime,cafe_draft_2025q4_observed_sales_study_unverified_2026poi
3130007,광장시장(광장전통시장),전통시장,accessible_official_786,non_tourism_observed_subset_if_ranked,True,,7.0,3.0,8.0,True,False,insufficient,partial_or_unusable_sales,43.37689133425034,48.40485074626865,48.23759442577851,,,,unknown,only_C1_C2_scored_C_stay_unverified,0.0663227165100925,580,150.777901241097,0.3870627577058543,-0.3907173034682598,6.422018348623854,residual_candidate_min10_cafe_min50_total,,0.0,1.0,0,1,primary_unverified_candidate,validation_only_not_added,,,,incomplete_stay_evidence_and_walk_network,49.89686916475586,not_computed_missing_graph_and_runtime,cafe_draft_2025q4_observed_sales_study_unverified_2026poi
3130009,마전교지하쇼핑센터(구 한일상가),전통시장,accessible_official_786,non_tourism_observed_subset_if_ranked,True,,1.0,0.0,,False,False,supply_only,no_cafe_sales_rows,36.02819807427785,0.0,,,,25.219738651994497,unknown,only_C1_C2_scored_C_stay_unverified,0.0044655641036424,22,50.0,1.020438179406343,0.1926711401082909,,below_residual_ranking_support,,0.0,0.0,0,1,primary_unverified_candidate,validation_only_not_added,,,,incomplete_stay_evidence_and_walk_network,42.81280536769899,not_computed_missing_graph_and_runtime,cafe_draft_2025q4_observed_sales_study_unverified_2026poi
3130010,종로신진시장,전통시장,accessible_official_786,non_tourism_observed_subset_if_ranked,True,,11.0,2.0,14.0,True,False,insufficient,partial_or_unusable_sales,77.60660247592848,51.87966417910448,69.92151691447134,,,,unknown,only_C1_C2_scored_C_stay_unverified,0.0450834910565771,272,288.3538895354349,1.07296073275814,0.4345621830919803,65.74923547400611,residual_candidate_min10_cafe_min50_total,,0.0,0.0,0,1,primary_unverified_candidate,validation_only_not_added,,,,incomplete_stay_evidence_and_walk_network,42.4655061484728,not_computed_missing_graph_and_runtime,cafe_draft_2025q4_observed_sales_study_unverified_2026poi
3130011,충신시장,전통시장,accessible_official_786,non_tourism_observed_subset_if_ranked,True,,0.0,0.0,,False,False,supply_only,no_cafe_sales_rows,0.0,0.0,,,,0.0,unknown,only_C1_C2_scored_C_stay_unverified,0.017920418431998,42,0.0,0.0,-0.8361830539928115,,below_residual_ranking_support,,0.0,0.0,0,2,primary_unverified_candidate,validation_only_not_added,,,,incomplete_stay_evidence_and_walk_network,30.08591172515214,not_computed_missing_graph_and_runtime,cafe_draft_2025q4_observed_sales_study_unverified_2026poi
3130012,"동대문종합시장(동대문종합시장 신관, 동대문종합시장D동상가)",전통시장,accessible_official_786,non_tourism_observed_subset_if_ranked,True,,13.0,1.0,,False,False,supply_only,no_cafe_sales_rows,80.88033012379643,25.78358208955224,,,,64.35130571352316,unknown,only_C1_C2_scored_C_stay_unverified,0.039325351701663,319,356.00444482249765,0.9852506559785382,0.4816545178217173,70.64220183486239,residual_candidate_min10_cafe_min50_total,,0.0,0.0,0,1,primary_unverified_candidate,validation_only_not_added,,,,incomplete_stay_evidence_and_walk_network,43.38081105660852,not_computed_missing_graph_and_runtime,cafe_draft_2025q4_observed_sales_study_unverified_2026poi
3130013,동대문상가A동,전통시장,accessible_official_786,non_tourism_observed_subset_if_ranked,True,,0.0,0.0,0.0,False,False,supply_only,no_cafe_sales_rows,0.0,0.0,,,,0.0,unknown,only_C1_C2_scored_C_stay_unverified,0.0044826289851538,80,0.0,0.0,-1.175937152177675,,below_residual_ranking_support,,0.0,0.0,0,0,primary_unverified_candidate,validation_only_not_added,,,,incomplete_stay_evidence_and_walk_network,27.197837150127228,not_computed_missing_graph_and_runtime,cafe_draft_2025q4_observed_sales_study_unverified_2026poi
3130014,동문시장,전통시장,accessible_official_786,non_tourism_observed_subset_if_ranked,True,,0.0,0.0,,False,False,supply_only,no_cafe_sales_rows,0.0,0.0,,,,0.0,unknown,only_C1_C2_scored_C_stay_unverified,0.0081708192072541,143,0.0,0.0,-1.4846345431675332,,below_residual_ranking_support,,0.0,0.0,0,0,primary_unverified_candidate,validation_only_not_added,,,,incomplete_stay_evidence_and_walk_network,27.27417302798982,not_computed_missing_graph_and_runtime,cafe_draft_2025q4_observed_sales_study_unverified_2026poi
3130015,창신골목시장,전통시장,accessible_official_786,non_tourism_observed_subset_if_ranked,True,,3.0,1.0,10.0,True,False,insufficient,partial_or_unusable_sales,51.37207702888583,49.56623134328358,43.58695665246052,,,,unknown,only_C1_C2_scored_C_stay_unverified,0.024569814065431,138,162.80139480696687,0.6507142013605667,0.0483964558827576,,below_residual_ranking_support,,0.0,1.0,0,0,primary_unverified_candidate,validation_only_not_added,,,,incomplete_stay_evidence_and_walk_network,46.65394402035624,not_computed_missing_graph_and_runtime,cafe_draft_2025q4_observed_sales_study_unverified_2026poi
3130016,동대문상가B동,전통시장,accessible_official_786,non_tourism_observed_subset_if_ranked,True,,2.0,0.0,,False,False,supply_only,no_cafe_sales_rows,45.61898211829436,0.0,,,,31.93328748280605,unknown,only_C1_C2_scored_C_stay_unverified,0.004837369084511,87,100.0,0.516083676941139,-0.1217961858085661,,below_residual_ranking_support,,0.0,0.0,0,0,primary_unverified_candidate,validation_only_not_added,,,,incomplete_stay_evidence_and_walk_network,41.37722646310433,not_computed_missing_graph_and_runtime,cafe_draft_2025q4_observed_sales_study_unverified_2026poi
3130017,동대문상가C동,전통시장,accessible_official_786,non_tourism_observed_subset_if_ranked,True,,0.0,0.0,0.0,False,False,supply_only,no_cafe_sales_rows,0.0,0.0,,,,0.0,unknown,only_C1_C2_scored_C_stay_unverified,0.0068910471175774,164,0.0,0.0,-1.557672891865501,,below_residual_ranking_support,,0.0,0.0,0,1,primary_unverified_candidate,validation_only_not_added,,,,incomplete_stay_evidence_and_walk_network,31.58799185363636,not_computed_missing_graph_and_runtime,cafe_draft_2025q4_observed_sales_study_unverified_2026poi
3130018,동대문문구완구거리(동대문문구완구시장),전통시장,accessible_official_786,non_tourism_observed_subset_if_ranked,True,,4.0,1.0,5.0,True,False,insufficient,partial_or_unusable_sales,50.26478679504815,32.29011194029851,42.07032343412933,,,,unknown,only_C1_C2_scored_C_stay_unverified,0.038556638992328,152,129.67935304202473,0.7384749982545904,-0.0295947191351328,,below_residual_ranking_support,,0.0,0.0,0,1,primary_unverified_candidate,validation_only_not_added,,,,incomplete_stay_evidence_and_walk_network,38.46087665321839,not_computed_missing_graph_and_runtime,cafe_draft_2025q4_observed_sales_study_unverified_2026poi
3130019,동대문상가D동,전통시장,accessible_official_786,non_tourism_observed_subset_if_ranked,True,,0.0,0.0,,False,False,supply_only,no_cafe_sales_rows,0.0,0.0,,,,0.0,unknown,only_C1_C2_scored_C_stay_unverified,0.0084879798893274,56,0.0,0.0,-0.9874033135173116,,below_residual_ranking_support,,0.0,0.0,0,1,primary_unverified_candidate,validation_only_not_added,,,,incomplete_stay_evidence_and_walk_network,32.084610435472484,not_computed_missing_graph_and_runtime,cafe_draft_2025q4_observed_sales_study_unverified_2026poi
3130020,동묘시장(동묘벼룩시장),전통시장,accessible_official_786,non_tourism_observed_subset_if_ranked,True,,2.0,0.0,4.0,False,False,supply_only,no_cafe_sales_rows,26.664374140302616,0.0,,,,18.66506189821183,unknown,only_C1_C2_scored_C_stay_unverified,0.0311898393773041,142,64.12344660727362,0.316192111928726,-0.5882127810524977,,below_residual_ranking_support,,0.0,0.0,0,1,primary_unverified_candidate,validation_only_not_added,,,,incomplete_stay_evidence_and_walk_network,35.58300922029045,not_computed_missing_graph_and_runtime,cafe_draft_2025q4_observed_sales_study_unverified_2026poi
3130021,신설종합시장,전통시장,accessible_official_786,non_tourism_observed_subset_if_ranked,True,,0.0,0.0,,False,False,supply_only,no_cafe_sales_rows,0.0,0.0,,,,0.0,unknown,only_C1_C2_scored_C_stay_unverified,0.009792121275826,9,0.0,0.0,-0.0535992660485256,,below_residual_ranking_support,,0.0,0.0,0,1,primary_unverified_candidate,validation_only_not_added,,,,incomplete_stay_evidence_and_walk_network,32.29343598525528,not_computed_missing_graph_and_runtime,cafe_draft_2025q4_observed_sales_study_unverified_2026poi
3130022,숭례문수입상가(남대문시장),전통시장,accessible_official_786,non_tourism_observed_subset_if_ranked,True,,1.0,0.0,,False,False,supply_only,no_cafe_sales_rows,15.735900962861072,0.0,,,,11.01513067400275,unknown,only_C1_C2_scored_C_stay_unverified,0.0076788681959725,167,50.0,0.1344289817182009,-0.8741930944532238,,below_residual_ranking_support,,0.0,0.0,0,1,primary_unverified_candidate,validation_only_not_added,,,,incomplete_stay_evidence_and_walk_network,38.60343317950057,not_computed_missing_graph_and_runtime,cafe_draft_2025q4_observed_sales_study_unverified_2026poi
3130024,남대문시장(자유상가),전통시장,accessible_official_786,non_tourism_observed_subset_if_ranked,True,,35.0,4.0,4.0,True,True,complete,both_cafe_industries_sales_observed,68.22558459422284,50.7089552238806,71.57889779022325,48.75284760408484,64.73108273438172,,C1_coffee,only_C1_C2_scored_C_stay_unverified,0.0780099796691923,2406,499.93603594543526,0.3638969068705912,0.0624410436401281,32.11009174311927,residual_candidate_min10_cafe_min50_total,43.128729906381096,0.0,0.0,0,1,primary_unverified_candidate,validation_only_not_added,,,,incomplete_stay_evidence_and_walk_network,40.67437039832042,not_computed_missing_graph_and_runtime,cafe_draft_2025q4_observed_sales_study_unverified_2026poi
3130025,삼익패션타운(남대문시장),전통시장,accessible_official_786,non_tourism_observed_subset_if_ranked,True,,2.0,0.0,,True,False,insufficient,partial_or_unusable_sales,38.15680880330124,0.0,34.72163898893779,,,,unknown,only_C1_C2_scored_C_stay_unverified,0.0178153965290276,586,100.0,0.0766199315595206,-1.139953715006791,,below_residual_ranking_support,,0.0,0.0,0,1,primary_unverified_candidate,validation_only_not_added,,,,incomplete_stay_evidence_and_walk_network,37.04832912470129,not_computed_missing_graph_and_runtime,cafe_draft_2025q4_observed_sales_study_unverified_2026poi
3130031,청계천공구상가,전통시장,accessible_official_786,non_tourism_observed_subset_if_ranked,True,,2.0,0.0,14.0,False,False,supply_only,no_cafe_sales_rows,32.59284731774416,0.0,,,,22.81499312242091,unknown,only_C1_C2_scored_C_stay_unverified,0.0293194521156211,89,68.21409868482573,0.5044862909424618,-0.3111238283331221,,below_residual_ranking_support,,0.0,0.0,0,1,primary_unverified_candidate,validation_only_not_added,,,,incomplete_stay_evidence_and_walk_network,34.534343888776014,not_computed_missing_graph_and_runtime,cafe_draft_2025q4_observed_sales_study_unverified_2026poi
3130032,인현시장,전통시장,accessible_official_786,non_tourism_observed_subset_if_ranked,True,,8.0,0.0,16.0,True,False,insufficient,partial_or_unusable_sales,90.22352132049518,0.0,71.82529254481358,,,,unknown,only_C1_C2_scored_C_stay_unverified,0.0197076655676576,135,400.0,1.330349033892714,0.7432569663746686,,below_residual_ranking_support,,0.0,1.0,0,3,primary_unverified_candidate,validation_only_not_added,,,,incomplete_stay_evidence_and_walk_network,54.27938060546252,not_computed_missing_graph_and_runtime,cafe_draft_2025q4_observed_sales_study_unverified_2026poi
3130033,대림상가(청계상가),전통시장,accessible_official_786,non_tourism_observed_subset_if_ranked,True,,8.0,0.0,2.0,True,False,insufficient,partial_or_unusable_sales,81.55777166437414,0.0,70.33077796933412,,,,unknown,only_C1_C2_scored_C_stay_unverified,0.010996772890784,202,400.0,0.8890946513639425,0.5283511913852645,,below_residual_ranking_support,,0.0,0.0,0,1,primary_unverified_candidate,validation_only_not_added,,,,incomplete_stay_evidence_and_walk_network,45.02397710891166,not_computed_missing_graph_and_runtime,cafe_draft_2025q4_observed_sales_study_unverified_2026poi
3130034,필동 골목형상점가,전통시장,accessible_official_786,non_tourism_observed_subset_if_ranked,True,,0.0,0.0,,False,False,supply_only,no_cafe_sales_rows,0.0,0.0,,,,0.0,unknown,only_C1_C2_scored_C_stay_unverified,0.0022100880133227,10,0.0,0.0,-0.1047355839803649,,below_residual_ranking_support,,0.0,0.0,0,1,primary_unverified_candidate,validation_only_not_added,,,,incomplete_stay_evidence_and_walk_network,29.38361681130816,not_computed_missing_graph_and_runtime,cafe_draft_2025q4_observed_sales_study_unverified_2026poi
3130035,방산종합시장(방산시장),전통시장,accessible_official_786,non_tourism_observed_subset_if_ranked,True,,25.0,0.0,7.0,True,False,insufficient,partial_or_unusable_sales,86.30674002751032,0.0,77.7416926839368,,,,unknown,only_C1_C2_scored_C_stay_unverified,0.0996520631933882,432,250.8728790841405,1.2991689784108535,0.4385431704882694,66.36085626911316,residual_candidate_min10_cafe_min50_total,,0.0,1.0,0,3,primary_unverified_candidate,validation_only_not_added,,,,incomplete_stay_evidence_and_walk_network,49.16805019398407,not_computed_missing_graph_and_runtime,cafe_draft_2025q4_observed_sales_study_unverified_2026poi
3130036,중부시장(신중부시장),전통시장,accessible_official_786,non_tourism_observed_subset_if_ranked,True,,12.0,0.0,8.0,True,False,insufficient,partial_or_unusable_sales,51.17606602475929,0.0,53.45260538275623,,,,unknown,only_C1_C2_scored_C_stay_unverified,0.0921733713359783,650,130.18944437064334,0.4144548913281148,-0.4372302246839505,5.198776758409786,residual_candidate_min10_cafe_min50_total,,0.0,1.0,0,2,primary_unverified_candidate,validation_only_not_added,,,,incomplete_stay_evidence_and_walk_network,45.12413529542663,not_computed_missing_graph_and_runtime,cafe_draft_2025q4_observed_sales_study_unverified_2026poi
3130038,"평화시장(통일상가, 동화상가)",전통시장,accessible_official_786,non_tourism_observed_subset_if_ranked,True,,26.0,5.0,1.0,False,False,supply_only,no_cafe_sales_rows,58.36313617606604,38.84328358208956,,,,52.507180397873086,unknown,only_C1_C2_scored_C_stay_unverified,0.1335097899513563,2127,232.1927104468872,0.3271926837588744,-0.3436214283352226,8.256880733944955,residual_candidate_min10_cafe_min50_total,,0.0,0.0,0,2,primary_unverified_candidate,validation_only_not_added,,,,incomplete_stay_evidence_and_walk_network,46.57059133699049,not_computed_missing_graph_and_runtime,cafe_draft_2025q4_observed_sales_study_unverified_2026poi
3130042,약수시장,전통시장,accessible_official_786,non_tourism_observed_subset_if_ranked,True,,5.0,1.0,2.0,True,False,insufficient,partial_or_unusable_sales,68.1636863823934,42.96175373134328,57.15447117805789,,,,unknown,only_C1_C2_scored_C_stay_unverified,0.0281513219342963,152,213.13386326950055,0.8861699979055084,0.2703201563755482,,below_residual_ranking_support,,0.0,0.0,0,2,primary_unverified_candidate,validation_only_not_added,,,,incomplete_stay_evidence_and_walk_network,47.63642982226996,not_computed_missing_graph_and_runtime,cafe_draft_2025q4_observed_sales_study_unverified_2026poi
3130046,team204(팀204),전통시장,accessible_official_786,non_tourism_observed_subset_if_ranked,True,,1.0,0.0,,True,False,insufficient,partial_or_unusable_sales,16.38583218707015,0.0,16.488413380427495,,,,unknown,only_C1_C2_scored_C_stay_unverified,0.0042183685905987,119,50.0,0.1886524365289037,-0.6936672439887318,,below_residual_ranking_support,,0.0,0.0,0,0,primary_unverified_candidate,validation_only_not_added,,,,incomplete_stay_evidence_and_walk_network,40.69020356234097,not_computed_missing_graph_and_runtime,cafe_draft_2025q4_observed_sales_study_unverified_2026poi
3130047,테크노상가(엘리시움),전통시장,accessible_official_786,non_tourism_observed_subset_if_ranked,True,,1.0,0.0,,False,False,supply_only,no_cafe_sales_rows,15.206327372764786,0.0,,,,10.64442916093535,unknown,only_C1_C2_scored_C_stay_unverified,0.0101673269254052,849,50.0,0.0264424498786095,-1.7440466561691157,,below_residual_ranking_support,,0.0,0.0,0,0,primary_unverified_candidate,validation_only_not_added,,,,incomplete_stay_evidence_and_walk_network,35.55661577608143,not_computed_missing_graph_and_runtime,cafe_draft_2025q4_observed_sales_study_unverified_2026poi
3130048,동평화시장,전통시장,accessible_official_786,non_tourism_observed_subset_if_ranked,True,,4.0,0.0,,True,False,insufficient,partial_or_unusable_sales,56.812242090784046,0.0,54.38692515157665,,,,unknown,only_C1_C2_scored_C_stay_unverified,0.0086260833999182,748,200.0,0.1200515505183933,-0.7598868935480205,,below_residual_ranking_support,,0.0,0.0,0,0,primary_unverified_candidate,validation_only_not_added,,,,incomplete_stay_evidence_and_walk_network,41.7589058524173,not_computed_missing_graph_and_runtime,cafe_draft_2025q4_observed_sales_study_unverified_2026poi
3130049,신당 미래유산 먹거리 골목형상점가,전통시장,accessible_official_786,non_tourism_observed_subset_if_ranked,True,,0.0,1.0,1.0,False,False,supply_only,no_cafe_sales_rows,0.0,75.28917910447761,,,,22.586753731343283,unknown,only_C1_C2_scored_C_stay_unverified,0.0101885456738884,51,50.0,0.4401890185674421,-0.244999064753434,,below_residual_ranking_support,,0.0,0.0,1,3,primary_unverified_candidate,validation_only_not_added,,,,incomplete_stay_evidence_and_walk_network,47.92160968474352,not_computed_missing_graph_and_runtime,cafe_draft_2025q4_observed_sales_study_unverified_2026poi
3130050,청평화시장,전통시장,accessible_official_786,non_tourism_observed_subset_if_ranked,True,,1.0,0.0,0.0,False,False,supply_only,no_cafe_sales_rows,15.158184319119668,0.0,,,,10.610729023383769,unknown,only_C1_C2_scored_C_stay_unverified,0.014428724535415,2483,50.0,0.0090413370708576,-2.3194104813970826,,below_residual_ranking_support,,0.0,0.0,0,1,primary_unverified_candidate,validation_only_not_added,,,,incomplete_stay_evidence_and_walk_network,37.42913776255576,not_computed_missing_graph_and_runtime,cafe_draft_2025q4_observed_sales_study_unverified_2026poi
3130051,동화동 골목형상점가,전통시장,accessible_official_786,non_tourism_observed_subset_if_ranked,True,,7.0,3.0,3.0,True,False,insufficient,partial_or_unusable_sales,55.512379642365886,65.42444029850746,49.02011632094276,,,,unknown,only_C1_C2_scored_C_stay_unverified,0.0601605655295025,231,166.2218416995439,0.971845885148898,0.1470115237102378,38.53211009174312,residual_candidate_min10_cafe_min50_total,,1.0,1.0,0,5,primary_unverified_candidate,validation_only_not_added,,,,incomplete_stay_evidence_and_walk_network,63.74494722278661,not_computed_missing_graph_and_runtime,cafe_draft_2025q4_observed_sales_study_unverified_2026poi
3130052,서울중앙시장(신중앙시장),전통시장,accessible_official_786,non_tourism_observed_subset_if_ranked,True,,7.0,0.0,21.0,True,False,insufficient,partial_or_unusable_sales,42.79917469050895,0.0,33.81980479701746,,,,unknown,only_C1_C2_scored_C_stay_unverified,0.0699493456019377,473,100.07241582837752,0.3322356863183442,-0.6246372851058228,,below_residual_ranking_support,,0.0,0.0,0,2,primary_unverified_candidate,validation_only_not_added,,,,incomplete_stay_evidence_and_walk_network,38.51893642546851,not_computed_missing_graph_and_runtime,cafe_draft_2025q4_observed_sales_study_unverified_2026poi
3130053,백학시장,전통시장,accessible_official_786,non_tourism_observed_subset_if_ranked,True,,2.0,3.0,22.0,False,True,insufficient,partial_or_unusable_sales,14.099037138927098,77.11753731343283,,68.02832875098193,,,unknown,only_C1_C2_scored_C_stay_unverified,0.0421803698751961,218,118.5385527626731,0.5148999987830172,-0.2636390896466118,,below_residual_ranking_support,,0.0,0.0,0,5,primary_unverified_candidate,validation_only_not_added,,,,incomplete_stay_evidence_and_walk_network,35.05147350496812,not_computed_missing_graph_and_runtime,cafe_draft_2025q4_observed_sales_study_unverified_2026poi
3130054,황학동주방가구거리상점가,전통시장,accessible_official_786,non_tourism_observed_subset_if_ranked,True,,3.0,1.0,1.0,False,False,supply_only,no_cafe_sales_rows,13.349381017881706,13.12966417910448,,,,13.28346596624854,unknown,only_C1_C2_scored_C_stay_unverified,0.0728288823367212,199,54.9232649418698,0.4512490441595889,-0.6503739821208054,,below_residual_ranking_support,,1.0,1.0,0,3,primary_unverified_candidate,validation_only_not_added,,,,incomplete_stay_evidence_and_walk_network,55.22338644917231,not_computed_missing_graph_and_runtime,cafe_draft_2025q4_observed_sales_study_unverified_2026poi
3130055,"황학시장(서울중앙시장, 신중앙시장)",전통시장,accessible_official_786,non_tourism_observed_subset_if_ranked,True,,3.0,3.0,5.0,True,False,insufficient,partial_or_unusable_sales,33.42503438789546,82.48134328358209,32.319257802276944,,,,unknown,only_C1_C2_scored_C_stay_unverified,0.0396792500789066,178,151.21253521849158,0.7567294364136926,0.0270490063433812,,below_residual_ranking_support,,0.0,0.0,1,2,primary_unverified_candidate,validation_only_not_added,,,,incomplete_stay_evidence_and_walk_network,51.5273950045015,not_computed_missing_graph_and_runtime,cafe_draft_2025q4_observed_sales_study_unverified_2026poi
3130056,용산용문시장,전통시장,accessible_official_786,non_tourism_observed_subset_if_ranked,True,,3.0,3.0,16.0,True,True,complete,both_cafe_industries_sales_observed,29.951856946354884,72.63992537313433,33.833637169949654,58.1834740769835,41.13858824205981,,C2_bakery,only_C1_C2_scored_C_stay_unverified,0.0402161403668229,279,149.19382977263075,0.4827879558481623,-0.2192229297131585,,below_residual_ranking_support,,0.0,0.0,0,1,primary_unverified_candidate,validation_only_not_added,,,,incomplete_stay_evidence_and_walk_network,29.93187579214195,not_computed_missing_graph_and_runtime,cafe_draft_2025q4_observed_sales_study_unverified_2026poi
3130058,이촌종합시장,전통시장,accessible_official_786,non_tourism_observed_subset_if_ranked,True,,3.0,1.0,10.0,True,False,insufficient,partial_or_unusable_sales,60.55020632737277,61.315298507462686,52.43415088718379,,,,unknown,only_C1_C2_scored_C_stay_unverified,0.0074801999242283,107,200.0,0.8392388765211045,0.2791520647614964,,below_residual_ranking_support,,0.0,1.0,0,1,primary_unverified_candidate,validation_only_not_added,,,,incomplete_stay_evidence_and_walk_network,48.677831635368,not_computed_missing_graph_and_runtime,cafe_draft_2025q4_observed_sales_study_unverified_2026poi
3130059,후암시장,전통시장,accessible_official_786,non_tourism_observed_subset_if_ranked,True,,2.0,2.0,4.0,True,True,complete,both_cafe_industries_sales_observed,26.37551581843191,78.03171641791045,28.42379003465097,73.17483307148467,41.84910294570108,,C2_bakery,only_C1_C2_scored_C_stay_unverified,0.033265147764549,115,120.2459711982052,0.78085704163268,0.0050300260286713,,below_residual_ranking_support,,0.0,0.0,0,1,primary_unverified_candidate,validation_only_not_added,,,,incomplete_stay_evidence_and_walk_network,30.830292959490706,not_computed_missing_graph_and_runtime,cafe_draft_2025q4_observed_sales_study_unverified_2026poi
3130061,이태원시장,전통시장,accessible_official_786,non_tourism_observed_subset_if_ranked,True,,1.0,2.0,,False,False,supply_only,no_cafe_sales_rows,15.92847317744154,81.13805970149254,,,,35.49134913465684,unknown,only_C1_C2_scored_C_stay_unverified,0.0105649838933268,151,150.0,0.4460193366941632,-0.1273486113911204,,below_residual_ranking_support,,0.0,0.0,0,0,primary_unverified_candidate,validation_only_not_added,,,,incomplete_stay_evidence_and_walk_network,32.78944020356234,not_computed_missing_graph_and_runtime,cafe_draft_2025q4_observed_sales_study_unverified_2026poi
3130062,보광시장,전통시장,accessible_official_786,non_tourism_observed_subset_if_ranked,True,,1.0,1.0,,False,False,supply_only,no_cafe_sales_rows,41.39614855570839,83.58208955223881,,,,54.05193085466751,unknown,only_C1_C2_scored_C_stay_unverified,0.0104978108924284,17,100.0,2.6411341114046527,0.7296506359968873,,below_residual_ranking_support,,0.0,0.0,0,1,primary_unverified_candidate,validation_only_not_added,,,,incomplete_stay_evidence_and_walk_network,31.86225437552608,not_computed_missing_graph_and_runtime,cafe_draft_2025q4_observed_sales_study_unverified_2026poi
3130063,신금호역 골목형상점가,전통시장,accessible_official_786,non_tourism_observed_subset_if_ranked,True,,2.0,0.0,5.0,True,False,insufficient,partial_or_unusable_sales,43.187757909215954,0.0,38.75681553396731,,,,unknown,only_C1_C2_scored_C_stay_unverified,0.0150121890060124,110,100.0,0.4081752717625372,-0.246373800447393,,below_residual_ranking_support,,0.0,1.0,0,4,primary_unverified_candidate,validation_only_not_added,,,,incomplete_stay_evidence_and_walk_network,52.03588463510677,not_computed_missing_graph_and_runtime,cafe_draft_2025q4_observed_sales_study_unverified_2026poi
3130064,금남시장,전통시장,accessible_official_786,non_tourism_observed_subset_if_ranked,True,,1.0,0.0,6.0,False,False,supply_only,no_cafe_sales_rows,16.55433287482806,0.0,,,,11.588033012379642,unknown,only_C1_C2_scored_C_stay_unverified,0.0112655286290822,111,50.0,0.2022490085309869,-0.656650826449383,,below_residual_ranking_support,,0.0,0.0,0,2,primary_unverified_candidate,validation_only_not_added,,,,incomplete_stay_evidence_and_walk_network,37.01654185895761,not_computed_missing_graph_and_runtime,cafe_draft_2025q4_observed_sales_study_unverified_2026poi
3130065,무학봉상점가,전통시장,accessible_official_786,non_tourism_observed_subset_if_ranked,True,,10.0,5.0,3.0,True,True,complete,both_cafe_industries_sales_observed,71.66437414030261,87.90111940298507,55.88610014957794,82.25446779261586,63.79661044248931,,C2_bakery,only_C1_C2_scored_C_stay_unverified,0.0692855578450274,198,216.4953341871165,1.700730299010572,0.538580230786553,73.70030581039755,residual_candidate_min10_cafe_min50_total,61.81204610639245,0.0,2.0,0,2,primary_unverified_candidate,validation_only_not_added,,,,incomplete_stay_evidence_and_walk_network,50.429125668785495,not_computed_missing_graph_and_runtime,cafe_draft_2025q4_observed_sales_study_unverified_2026poi
3130066,행당시장상점가,전통시장,accessible_official_786,non_tourism_observed_subset_if_ranked,True,,6.0,4.0,12.0,True,False,insufficient,partial_or_unusable_sales,34.15405777166438,64.9393656716418,39.921451965252,,,,unknown,only_C1_C2_scored_C_stay_unverified,0.0809461304154074,308,123.53895051784448,0.7288844138616736,-0.1442890700666064,17.12538226299694,residual_candidate_min10_cafe_min50_total,,0.0,0.0,0,2,primary_unverified_candidate,validation_only_not_added,,,,incomplete_stay_evidence_and_walk_network,36.97773536895674,not_computed_missing_graph_and_runtime,cafe_draft_2025q4_observed_sales_study_unverified_2026poi
3130067,왕십리도선동상점가,전통시장,accessible_official_786,non_tourism_observed_subset_if_ranked,True,,15.0,0.0,29.0,True,False,insufficient,partial_or_unusable_sales,66.4786795048143,0.0,59.41100709897358,,,,unknown,only_C1_C2_scored_C_stay_unverified,0.0866292233445056,483,173.1517312621892,0.6971937871720356,-0.0418031160114558,23.547400611620795,residual_candidate_min10_cafe_min50_total,,1.0,1.0,0,2,primary_unverified_candidate,validation_only_not_added,,,,incomplete_stay_evidence_and_walk_network,68.48247854565156,not_computed_missing_graph_and_runtime,cafe_draft_2025q4_observed_sales_study_unverified_2026poi
3130068,마장축산물시장,전통시장,accessible_official_786,non_tourism_observed_subset_if_ranked,True,,3.0,0.0,4.0,True,False,insufficient,partial_or_unusable_sales,1.3136176066024758,0.0,10.016973954030574,,,,unknown,only_C1_C2_scored_C_stay_unverified,0.2181374413035573,1233,13.752797236789982,0.0546219950047191,-2.358219494146608,,below_residual_ranking_support,,0.0,0.0,0,1,primary_unverified_candidate,validation_only_not_added,,,,incomplete_stay_evidence_and_walk_network,30.415941040451244,not_computed_missing_graph_and_runtime,cafe_draft_2025q4_observed_sales_study_unverified_2026poi
3130069,"한양대앞상점가(한양시장, 왕십리맛골목)",전통시장,accessible_official_786,non_tourism_observed_subset_if_ranked,True,,10.0,2.0,29.0,True,False,insufficient,partial_or_unusable_sales,87.90577716643742,73.69402985074628,77.20495807512516,,,,unknown,only_C1_C2_scored_C_stay_unverified,0.0232255264300394,190,516.672895925384,1.4178719966488136,0.8594760577517357,89.29663608562691,residual_candidate_min10_cafe_min50_total,,1.0,1.0,0,2,primary_unverified_candidate,validation_only_not_added,,,,incomplete_stay_evidence_and_walk_network,72.00691763658705,not_computed_missing_graph_and_runtime,cafe_draft_2025q4_observed_sales_study_unverified_2026poi
3130070,뚝섬역상점가,전통시장,accessible_official_786,non_tourism_observed_subset_if_ranked,True,,19.0,5.0,5.0,True,True,complete,both_cafe_industries_sales_observed,87.1251719394773,81.31529850746269,79.5556034674205,67.64439316575019,75.98224037691939,,C1_coffee,only_C1_C2_scored_C_stay_unverified,0.0561236815485681,350,427.6269720337389,1.5394038820758549,0.7780338372346662,85.62691131498471,residual_candidate_min10_cafe_min50_total,76.15353136049765,3.0,3.0,0,4,primary_unverified_candidate,validation_only_not_added,,,,incomplete_stay_evidence_and_walk_network,72.2528130109618,not_computed_missing_graph_and_runtime,cafe_draft_2025q4_observed_sales_study_unverified_2026poi
3130071,성수역 골목형상점가,전통시장,accessible_official_786,non_tourism_observed_subset_if_ranked,True,,1.0,0.0,,False,False,supply_only,no_cafe_sales_rows,19.731774415405773,0.0,,,,13.81224209078404,unknown,only_C1_C2_scored_C_stay_unverified,0.0106508423574354,62,50.0,0.3620909668861217,-0.3479534354595243,,below_residual_ranking_support,,0.0,0.0,0,1,primary_unverified_candidate,validation_only_not_added,,,,incomplete_stay_evidence_and_walk_network,38.64854294255943,not_computed_missing_graph_and_runtime,cafe_draft_2025q4_observed_sales_study_unverified_2026poi
3130072,성동용답상가시장,전통시장,accessible_official_786,non_tourism_observed_subset_if_ranked,True,,11.0,2.0,16.0,True,True,complete,both_cafe_industries_sales_observed,51.1898211829436,21.35261194029851,52.149019885189176,31.72314414768264,46.021257163937214,,C1_coffee,only_C1_C2_scored_C_stay_unverified,0.1179751034526193,302,110.19274083723104,0.9663752295040202,-0.0671755500674451,21.406727828746178,residual_candidate_min10_cafe_min50_total,31.438905756954487,0.0,1.0,0,1,primary_unverified_candidate,validation_only_not_added,,,,incomplete_stay_evidence_and_walk_network,43.24802387794,not_computed_missing_graph_and_runtime,cafe_draft_2025q4_observed_sales_study_unverified_2026poi
3130073,뚝도시장,전통시장,accessible_official_786,non_tourism_observed_subset_if_ranked,True,,6.0,1.0,9.0,False,False,supply_only,no_cafe_sales_rows,73.66574965612105,49.38899253731344,,,,66.38272252047877,unknown,only_C1_C2_scored_C_stay_unverified,0.0214394991102216,199,326.5001651397092,0.7896858272792806,0.3863467002699325,,below_residual_ranking_support,,0.0,0.0,0,1,primary_unverified_candidate,validation_only_not_added,,,,incomplete_stay_evidence_and_walk_network,36.62423446434273,not_computed_missing_graph_and_runtime,cafe_draft_2025q4_observed_sales_study_unverified_2026poi
3130074,영동교골목시장,전통시장,accessible_official_786,non_tourism_observed_subset_if_ranked,True,,0.0,0.0,2.0,False,False,supply_only,no_cafe_sales_rows,0.0,0.0,,,,0.0,unknown,only_C1_C2_scored_C_stay_unverified,0.0142502443567265,44,0.0,0.0,-0.8605747655549776,,below_residual_ranking_support,,0.0,0.0,0,2,primary_unverified_candidate,validation_only_not_added,,,,incomplete_stay_evidence_and_walk_network,29.677108427906617,not_computed_missing_graph_and_runtime,cafe_draft_2025q4_observed_sales_study_unverified_2026poi
3130075,노룬산시장(노룬산골목시장),전통시장,accessible_official_786,non_tourism_observed_subset_if_ranked,True,,0.0,0.0,2.0,False,False,supply_only,no_cafe_sales_rows,0.0,0.0,,,,0.0,unknown,only_C1_C2_scored_C_stay_unverified,0.0108072674356225,38,0.0,0.0,-0.7837975498184497,,below_residual_ranking_support,,0.0,0.0,0,2,primary_unverified_candidate,validation_only_not_added,,,,incomplete_stay_evidence_and_walk_network,28.457930610783773,not_computed_missing_graph_and_runtime,cafe_draft_2025q4_observed_sales_study_unverified_2026poi
3130076,능동로골목시장,전통시장,accessible_official_786,non_tourism_observed_subset_if_ranked,True,,4.0,2.0,6.0,True,False,insufficient,partial_or_unusable_sales,60.33700137551581,78.07369402985074,45.24986022764,,,,unknown,only_C1_C2_scored_C_stay_unverified,0.0289676954423432,131,207.12728121373328,1.0282277838292924,0.3362825758928625,,below_residual_ranking_support,,0.0,1.0,0,1,primary_unverified_candidate,validation_only_not_added,,,,incomplete_stay_evidence_and_walk_network,47.84278098665815,not_computed_missing_graph_and_runtime,cafe_draft_2025q4_observed_sales_study_unverified_2026poi
3130077,조양시장,전통시장,accessible_official_786,non_tourism_observed_subset_if_ranked,True,,0.0,0.0,,False,False,supply_only,no_cafe_sales_rows,0.0,0.0,,,,0.0,unknown,only_C1_C2_scored_C_stay_unverified,0.0053244142195222,22,0.0,0.0,-0.5004760404516544,,below_residual_ranking_support,,0.0,0.0,0,1,primary_unverified_candidate,validation_only_not_added,,,,incomplete_stay_evidence_and_walk_network,31.42355044069699,not_computed_missing_graph_and_runtime,cafe_draft_2025q4_observed_sales_study_unverified_2026poi
3130078,화양제일골목시장,전통시장,accessible_official_786,non_tourism_observed_subset_if_ranked,True,,2.0,1.0,3.0,True,False,insufficient,partial_or_unusable_sales,44.70426409903714,63.04570895522389,34.57999430797478,,,,unknown,only_C1_C2_scored_C_stay_unverified,0.0186014209039275,94,150.0,0.7164778706470069,0.124820202722665,,below_residual_ranking_support,,0.0,0.0,0,3,primary_unverified_candidate,validation_only_not_added,,,,incomplete_stay_evidence_and_walk_network,40.11077651680067,not_computed_missing_graph_and_runtime,cafe_draft_2025q4_observed_sales_study_unverified_2026poi
3130079,한아름시장,전통시장,accessible_official_786,non_tourism_observed_subset_if_ranked,True,,1.0,0.0,1.0,False,False,supply_only,no_cafe_sales_rows,24.69050894085282,0.0,,,,17.28335625859697,unknown,only_C1_C2_scored_C_stay_unverified,0.0110311529122781,39,50.0,0.5756317935112705,-0.1042340124861206,,below_residual_ranking_support,,0.0,0.0,0,2,primary_unverified_candidate,validation_only_not_added,,,,incomplete_stay_evidence_and_walk_network,38.908341315221705,not_computed_missing_graph_and_runtime,cafe_draft_2025q4_observed_sales_study_unverified_2026poi
3130080,자양종합시장(기능상실),전통시장,accessible_official_786,non_tourism_observed_subset_if_ranked,True,,0.0,0.0,,False,False,supply_only,no_cafe_sales_rows,0.0,0.0,,,,0.0,unknown,only_C1_C2_scored_C_stay_unverified,0.0061554842672193,7,0.0,0.0,0.0661228833364591,,below_residual_ranking_support,,0.0,0.0,1,2,primary_unverified_candidate,validation_only_not_added,,,,incomplete_stay_evidence_and_walk_network,40.77428912818429,not_computed_missing_graph_and_runtime,cafe_draft_2025q4_observed_sales_study_unverified_2026poi
3130081,자양골목전통시장(자양골목시장),전통시장,accessible_official_786,non_tourism_observed_subset_if_ranked,True,,3.0,2.0,1.0,False,False,supply_only,no_cafe_sales_rows,31.14511691884457,62.08022388059702,,,,40.4256490073703,unknown,only_C1_C2_scored_C_stay_unverified,0.0436544619176779,158,114.53582933696056,0.7104316438904921,-0.1077801724526756,,below_residual_ranking_support,,0.0,0.0,0,3,primary_unverified_candidate,validation_only_not_added,,,,incomplete_stay_evidence_and_walk_network,33.97881413326368,not_computed_missing_graph_and_runtime,cafe_draft_2025q4_observed_sales_study_unverified_2026poi
3130082,면곡골목시장,전통시장,accessible_official_786,non_tourism_observed_subset_if_ranked,True,,0.0,0.0,,False,False,supply_only,no_cafe_sales_rows,0.0,0.0,,,,0.0,unknown,only_C1_C2_scored_C_stay_unverified,0.0077867781361269,35,0.0,0.0,-0.7408526161699929,,below_residual_ranking_support,,0.0,0.0,0,1,primary_unverified_candidate,validation_only_not_added,,,,incomplete_stay_evidence_and_walk_network,29.5563884132006,not_computed_missing_graph_and_runtime,cafe_draft_2025q4_observed_sales_study_unverified_2026poi
3130083,"중곡제일시장(중곡제일골목시장, 광성시장)",전통시장,accessible_official_786,non_tourism_observed_subset_if_ranked,True,,5.0,3.0,9.0,True,True,complete,both_cafe_industries_sales_observed,51.18294360385145,76.39458955223881,40.1951742832524,61.30516005498822,46.52817001477314,,C2_bakery,only_C1_C2_scored_C_stay_unverified,0.041718669353915,225,191.76067031604055,0.7982094203356284,0.1300457772668606,,below_residual_ranking_support,,0.0,0.0,0,2,primary_unverified_candidate,validation_only_not_added,,,,incomplete_stay_evidence_and_walk_network,39.2258705095831,not_computed_missing_graph_and_runtime,cafe_draft_2025q4_observed_sales_study_unverified_2026poi
3130084,신성시장(신성골목시장),전통시장,accessible_official_786,non_tourism_observed_subset_if_ranked,True,,0.0,0.0,2.0,False,False,supply_only,no_cafe_sales_rows,0.0,0.0,,,,0.0,unknown,only_C1_C2_scored_C_stay_unverified,0.0161683260257604,100,0.0,0.0,-1.2943329096663707,,below_residual_ranking_support,,0.0,0.0,0,5,primary_unverified_candidate,validation_only_not_added,,,,incomplete_stay_evidence_and_walk_network,28.790915643533705,not_computed_missing_graph_and_runtime,cafe_draft_2025q4_observed_sales_study_unverified_2026poi
3130085,용두시장,전통시장,accessible_official_786,non_tourism_observed_subset_if_ranked,True,,0.0,0.0,0.0,False,False,supply_only,no_cafe_sales_rows,0.0,0.0,,,,0.0,unknown,only_C1_C2_scored_C_stay_unverified,0.0055228006390463,7,0.0,0.0,0.0661228833364591,,below_residual_ranking_support,,0.0,0.0,0,0,primary_unverified_candidate,validation_only_not_added,,,,incomplete_stay_evidence_and_walk_network,27.39503816793893,not_computed_missing_graph_and_runtime,cafe_draft_2025q4_observed_sales_study_unverified_2026poi
3130086,서울약령시장,전통시장,accessible_official_786,non_tourism_observed_subset_if_ranked,True,,11.0,2.0,6.0,True,False,insufficient,partial_or_unusable_sales,30.178817056396145,8.180970149253731,29.019931005547843,,,,unknown,only_C1_C2_scored_C_stay_unverified,0.1651877462166154,580,78.6983314304242,0.5031815850176106,-0.5724575476696683,2.4464831804281344,residual_candidate_min10_cafe_min50_total,,0.0,0.0,0,0,primary_unverified_candidate,validation_only_not_added,,,,incomplete_stay_evidence_and_walk_network,34.76781170483461,not_computed_missing_graph_and_runtime,cafe_draft_2025q4_observed_sales_study_unverified_2026poi
3130087,경동광성상가(경동시장),전통시장,accessible_official_786,non_tourism_observed_subset_if_ranked,True,,1.0,0.0,,False,False,supply_only,no_cafe_sales_rows,13.4181568088033,0.0,,,,9.39270976616231,unknown,only_C1_C2_scored_C_stay_unverified,0.0209598230898152,157,47.71032635699679,0.1429913372416532,-0.8629904105598157,,below_residual_ranking_support,,0.0,0.0,0,0,primary_unverified_candidate,validation_only_not_added,,,,incomplete_stay_evidence_and_walk_network,32.70674300254453,not_computed_missing_graph_and_runtime,cafe_draft_2025q4_observed_sales_study_unverified_2026poi
3130088,경동시장,전통시장,accessible_official_786,non_tourism_observed_subset_if_ranked,True,,3.0,6.0,5.0,False,False,supply_only,no_cafe_sales_rows,48.94085281980743,87.21082089552237,,,,60.4218432425219,unknown,only_C1_C2_scored_C_stay_unverified,0.0213064841161416,391,422.4066228356128,0.5167436304922147,0.2513227147340995,,below_residual_ranking_support,,0.0,0.0,0,0,primary_unverified_candidate,validation_only_not_added,,,,incomplete_stay_evidence_and_walk_network,45.71564885496184,not_computed_missing_graph_and_runtime,cafe_draft_2025q4_observed_sales_study_unverified_2026poi
3130089,청량리수산시장,전통시장,accessible_official_786,non_tourism_observed_subset_if_ranked,True,,0.0,0.0,1.0,False,False,supply_only,no_cafe_sales_rows,0.0,0.0,,,,0.0,unknown,only_C1_C2_scored_C_stay_unverified,0.030304937375497,114,0.0,0.0,-1.556571219042155,,below_residual_ranking_support,,0.0,0.0,0,0,primary_unverified_candidate,validation_only_not_added,,,,incomplete_stay_evidence_and_walk_network,29.44338422391857,not_computed_missing_graph_and_runtime,cafe_draft_2025q4_observed_sales_study_unverified_2026poi
3130090,청량리종합시장,전통시장,accessible_official_786,non_tourism_observed_subset_if_ranked,True,,2.0,1.0,2.0,False,False,supply_only,no_cafe_sales_rows,32.58253094910592,46.184701492537314,,,,36.66318211213533,unknown,only_C1_C2_scored_C_stay_unverified,0.0243305360505593,182,123.30184562173004,0.3700490101143882,-0.3177627788669355,,below_residual_ranking_support,,0.0,0.0,0,0,primary_unverified_candidate,validation_only_not_added,,,,incomplete_stay_evidence_and_walk_network,36.08460559796438,not_computed_missing_graph_and_runtime,cafe_draft_2025q4_observed_sales_study_unverified_2026poi
3130091,청량종합도매시장,전통시장,accessible_official_786,non_tourism_observed_subset_if_ranked,True,,2.0,1.0,7.0,False,False,supply_only,no_cafe_sales_rows,14.662998624484182,30.17723880597015,,,,19.31727067892997,unknown,only_C1_C2_scored_C_stay_unverified,0.0456436571204841,139,65.7265475481291,0.4845246031713572,-0.4656161301769779,,below_residual_ranking_support,,0.0,0.0,0,0,primary_unverified_candidate,validation_only_not_added,,,,incomplete_stay_evidence_and_walk_network,32.32506361323155,not_computed_missing_graph_and_runtime,cafe_draft_2025q4_observed_sales_study_unverified_2026poi
3130092,청량리농수산물시장,전통시장,accessible_official_786,non_tourism_observed_subset_if_ranked,True,,0.0,0.0,1.0,False,False,supply_only,no_cafe_sales_rows,0.0,0.0,,,,0.0,unknown,only_C1_C2_scored_C_stay_unverified,0.0324519232349238,253,0.0,0.0,-2.01343625825646,,below_residual_ranking_support,,0.0,0.0,0,0,primary_unverified_candidate,validation_only_not_added,,,,incomplete_stay_evidence_and_walk_network,29.44338422391857,not_computed_missing_graph_and_runtime,cafe_draft_2025q4_observed_sales_study_unverified_2026poi
3130093,동서시장,전통시장,accessible_official_786,non_tourism_observed_subset_if_ranked,True,,0.0,0.0,,False,False,supply_only,no_cafe_sales_rows,0.0,0.0,,,,0.0,unknown,only_C1_C2_scored_C_stay_unverified,0.0045758472473069,67,0.0,0.0,-1.0820766474627803,,below_residual_ranking_support,,0.0,0.0,0,0,primary_unverified_candidate,validation_only_not_added,,,,incomplete_stay_evidence_and_walk_network,29.44338422391857,not_computed_missing_graph_and_runtime,cafe_draft_2025q4_observed_sales_study_unverified_2026poi
3130094,청량리청과물시장,전통시장,accessible_official_786,non_tourism_observed_subset_if_ranked,True,,9.0,1.0,4.0,True,False,insufficient,partial_or_unusable_sales,76.52682255845943,37.84514925373134,66.87458801148792,,,,unknown,only_C1_C2_scored_C_stay_unverified,0.0282753973136889,272,353.6643495778121,0.825354409813954,0.4096009371565243,64.52599388379205,residual_candidate_min10_cafe_min50_total,,0.0,0.0,0,0,primary_unverified_candidate,validation_only_not_added,,,,incomplete_stay_evidence_and_walk_network,43.10750636132316,not_computed_missing_graph_and_runtime,cafe_draft_2025q4_observed_sales_study_unverified_2026poi
3130095,청량리전통시장,전통시장,accessible_official_786,non_tourism_observed_subset_if_ranked,True,,3.0,1.0,12.0,True,False,insufficient,partial_or_unusable_sales,40.74965612104539,36.99160447761194,33.36601611533286,,,,unknown,only_C1_C2_scored_C_stay_unverified,0.0308655026619541,183,129.59451993407967,0.4907025125014109,-0.207796077103618,,below_residual_ranking_support,,0.0,0.0,0,0,primary_unverified_candidate,validation_only_not_added,,,,incomplete_stay_evidence_and_walk_network,37.3823155216285,not_computed_missing_graph_and_runtime,cafe_draft_2025q4_observed_sales_study_unverified_2026poi
3130096,동부시장,전통시장,accessible_official_786,non_tourism_observed_subset_if_ranked,True,,0.0,0.0,1.0,False,False,supply_only,no_cafe_sales_rows,0.0,0.0,,,,0.0,unknown,only_C1_C2_scored_C_stay_unverified,0.0066119141768,25,0.0,0.0,-0.5662552818146089,,below_residual_ranking_support,,0.0,0.0,0,1,primary_unverified_candidate,validation_only_not_added,,,,incomplete_stay_evidence_and_walk_network,32.68462591549841,not_computed_missing_graph_and_runtime,cafe_draft_2025q4_observed_sales_study_unverified_2026poi
3130097,답십리 건축자재시장,전통시장,accessible_official_786,non_tourism_observed_subset_if_ranked,True,,2.0,3.0,,False,False,supply_only,no_cafe_sales_rows,22.22489683631362,87.35074626865672,,,,41.76265166601655,unknown,only_C1_C2_scored_C_stay_unverified,0.0519033314137548,61,96.3329301570604,1.8401344218802904,0.3172939765928346,,below_residual_ranking_support,,0.0,0.0,0,2,primary_unverified_candidate,validation_only_not_added,,,,incomplete_stay_evidence_and_walk_network,34.413996362193906,not_computed_missing_graph_and_runtime,cafe_draft_2025q4_observed_sales_study_unverified_2026poi
3130098,회기시장,전통시장,accessible_official_786,non_tourism_observed_subset_if_ranked,True,,10.0,4.0,1.0,True,False,insufficient,partial_or_unusable_sales,91.45804676753784,95.69029850746269,79.23183492306883,,,,unknown,only_C1_C2_scored_C_stay_unverified,0.0321870102270408,141,434.9580747402997,2.2290422642351326,1.0104058539222722,95.41284403669725,residual_candidate_min10_cafe_min50_total,,2.0,1.0,0,0,primary_unverified_candidate,validation_only_not_added,,,,incomplete_stay_evidence_and_walk_network,74.94910941475827,not_computed_missing_graph_and_runtime,cafe_draft_2025q4_observed_sales_study_unverified_2026poi
3130099,전농로터리시장,전통시장,accessible_official_786,non_tourism_observed_subset_if_ranked,True,,4.0,1.0,3.0,True,False,insufficient,partial_or_unusable_sales,71.71595598349381,57.46735074626865,65.90467142391512,,,,unknown,only_C1_C2_scored_C_stay_unverified,0.0217924858442396,103,229.436881856305,1.089788346938813,0.4419447754072578,,below_residual_ranking_support,,0.0,3.0,0,0,primary_unverified_candidate,validation_only_not_added,,,,incomplete_stay_evidence_and_walk_network,51.9910941475827,not_computed_missing_graph_and_runtime,cafe_draft_2025q4_observed_sales_study_unverified_2026poi
3130100,답십리시장,전통시장,accessible_official_786,non_tourism_observed_subset_if_ranked,True,,2.0,2.0,6.0,True,True,complete,both_cafe_industries_sales_observed,39.44979367262724,85.53171641791045,33.67312680779883,74.08272780832678,45.79600710795721,,C2_bakery,only_C1_C2_scored_C_stay_unverified,0.0221723589394752,111,180.404800901833,0.8089960341239477,0.2118538117541015,,below_residual_ranking_support,,0.0,0.0,0,0,primary_unverified_candidate,validation_only_not_added,,,,incomplete_stay_evidence_and_walk_network,36.90521628498728,not_computed_missing_graph_and_runtime,cafe_draft_2025q4_observed_sales_study_unverified_2026poi
3130101,답십리현대시장,전통시장,accessible_official_786,non_tourism_observed_subset_if_ranked,True,,1.0,0.0,3.0,False,False,supply_only,no_cafe_sales_rows,16.98762035763411,0.0,,,,11.891334250343876,unknown,only_C1_C2_scored_C_stay_unverified,0.0183295141235589,93,50.0,0.2413939779240811,-0.5626494089959796,,below_residual_ranking_support,,0.0,0.0,0,0,primary_unverified_candidate,validation_only_not_added,,,,incomplete_stay_evidence_and_walk_network,32.84033078880407,not_computed_missing_graph_and_runtime,cafe_draft_2025q4_observed_sales_study_unverified_2026poi
3130102,이문제일시장,전통시장,accessible_official_786,non_tourism_observed_subset_if_ranked,True,,0.0,0.0,2.0,False,False,supply_only,no_cafe_sales_rows,0.0,0.0,,,,0.0,unknown,only_C1_C2_scored_C_stay_unverified,0.0072857337906479,25,0.0,0.0,-0.5662552818146089,,below_residual_ranking_support,,0.0,0.0,0,0,primary_unverified_candidate,validation_only_not_added,,,,incomplete_stay_evidence_and_walk_network,26.96882951653944,not_computed_missing_graph_and_runtime,cafe_draft_2025q4_observed_sales_study_unverified_2026poi
3130103,이경시장,전통시장,accessible_official_786,non_tourism_observed_subset_if_ranked,True,,1.0,0.0,,False,False,supply_only,no_cafe_sales_rows,36.02819807427785,0.0,,,,25.219738651994497,unknown,only_C1_C2_scored_C_stay_unverified,0.0116132411115624,22,50.0,1.020438179406343,0.1926711401082909,,below_residual_ranking_support,,0.0,0.0,0,0,primary_unverified_candidate,validation_only_not_added,,,,incomplete_stay_evidence_and_walk_network,35.912849872773535,not_computed_missing_graph_and_runtime,cafe_draft_2025q4_observed_sales_study_unverified_2026poi
3130104,전곡시장,전통시장,accessible_official_786,non_tourism_observed_subset_if_ranked,True,,1.0,1.0,2.0,False,False,supply_only,no_cafe_sales_rows,11.286107290233838,59.88805970149254,,,,25.86669301361145,unknown,only_C1_C2_scored_C_stay_unverified,0.0264276808055001,71,75.67822597523435,0.6323842238574521,-0.1432795679007001,,below_residual_ranking_support,,0.0,0.0,0,1,primary_unverified_candidate,validation_only_not_added,,,,incomplete_stay_evidence_and_walk_network,32.710550121421456,not_computed_missing_graph_and_runtime,cafe_draft_2025q4_observed_sales_study_unverified_2026poi
3130105,장미제일시장(중화동제일시장),전통시장,accessible_official_786,non_tourism_observed_subset_if_ranked,True,,6.0,1.0,3.0,True,False,insufficient,partial_or_unusable_sales,88.87551581843191,57.32742537313433,70.81623911562463,,,,unknown,only_C1_C2_scored_C_stay_unverified,0.0268460980631689,74,260.74552747028605,2.123614589575362,0.8083678737762265,,below_residual_ranking_support,,0.0,0.0,0,1,primary_unverified_candidate,validation_only_not_added,,,,incomplete_stay_evidence_and_walk_network,44.696671310674446,not_computed_missing_graph_and_runtime,cafe_draft_2025q4_observed_sales_study_unverified_2026poi
3130106,중랑동부시장,전통시장,accessible_official_786,non_tourism_observed_subset_if_ranked,True,,5.0,1.0,14.0,True,False,insufficient,partial_or_unusable_sales,42.97799174690508,21.310634328358205,45.87654653281865,,,,unknown,only_C1_C2_scored_C_stay_unverified,0.0504293862988218,253,118.97824741405152,0.5324025283859181,-0.2718122993228749,,below_residual_ranking_support,,1.0,2.0,0,1,primary_unverified_candidate,validation_only_not_added,,,,incomplete_stay_evidence_and_walk_network,64.38168422682108,not_computed_missing_graph_and_runtime,cafe_draft_2025q4_observed_sales_study_unverified_2026poi
3130107,중랑동부시장(중랑교종합상가),전통시장,accessible_official_786,non_tourism_observed_subset_if_ranked,True,,0.0,0.0,1.0,False,False,supply_only,no_cafe_sales_rows,0.0,0.0,,,,0.0,unknown,only_C1_C2_scored_C_stay_unverified,0.0078805293906763,42,0.0,0.0,-0.8361830539928115,,below_residual_ranking_support,,0.0,0.0,0,1,primary_unverified_candidate,validation_only_not_added,,,,incomplete_stay_evidence_and_walk_network,33.1620154026258,not_computed_missing_graph_and_runtime,cafe_draft_2025q4_observed_sales_study_unverified_2026poi
3130108,태능엔터피아(태릉시장),전통시장,accessible_official_786,non_tourism_observed_subset_if_ranked,True,,1.0,0.0,1.0,False,False,supply_only,no_cafe_sales_rows,25.051581843191197,0.0,,,,17.536107290233833,unknown,only_C1_C2_scored_C_stay_unverified,0.0044393713977066,38,50.0,0.5907799986036723,-0.0906503692585044,,below_residual_ranking_support,,0.0,0.0,0,1,primary_unverified_candidate,validation_only_not_added,,,,incomplete_stay_evidence_and_walk_network,46.02015547751043,not_computed_missing_graph_and_runtime,cafe_draft_2025q4_observed_sales_study_unverified_2026poi
3130109,묵1동도깨비시장,전통시장,accessible_official_786,non_tourism_observed_subset_if_ranked,True,,2.0,1.0,4.0,True,False,insufficient,partial_or_unusable_sales,32.57565337001376,49.47761194029851,33.54520773158787,,,,unknown,only_C1_C2_scored_C_stay_unverified,0.0289776024907963,93,103.52823360569056,0.7241819337722435,-0.0413375263107158,,below_residual_ranking_support,,0.0,0.0,0,0,primary_unverified_candidate,validation_only_not_added,,,,incomplete_stay_evidence_and_walk_network,34.99681933842239,not_computed_missing_graph_and_runtime,cafe_draft_2025q4_observed_sales_study_unverified_2026poi
3130110,면목골목시장(면목시장),전통시장,accessible_official_786,non_tourism_observed_subset_if_ranked,True,,2.0,4.0,5.0,True,True,complete,both_cafe_industries_sales_observed,7.372764786795048,78.30690298507463,16.223280109822603,63.99246366849961,30.554035177425703,,C2_bakery,only_C1_C2_scored_C_stay_unverified,0.0600069250299442,250,99.9884596153848,0.5387913587265492,-0.3460214515825199,,below_residual_ranking_support,,1.0,0.0,0,0,primary_unverified_candidate,validation_only_not_added,,,,incomplete_stay_evidence_and_walk_network,45.78562340966921,not_computed_missing_graph_and_runtime,cafe_draft_2025q4_observed_sales_study_unverified_2026poi
3130111,"동원전통종합시장(동원시장, 동원전통시장 상점가)",전통시장,accessible_official_786,non_tourism_observed_subset_if_ranked,True,,3.0,3.0,7.0,True,True,complete,both_cafe_industries_sales_observed,6.953232462173316,41.12873134328358,14.551539921732946,46.09274351924587,24.01390100098682,,C2_bakery,only_C1_C2_scored_C_stay_unverified,0.0907801376975038,428,66.09375301889395,0.3147145786954142,-0.8254517395561252,,below_residual_ranking_support,,0.0,0.0,0,1,primary_unverified_candidate,validation_only_not_added,,,,incomplete_stay_evidence_and_walk_network,31.67258052032237,not_computed_missing_graph_and_runtime,cafe_draft_2025q4_observed_sales_study_unverified_2026poi
3130112,사가정시장,전통시장,accessible_official_786,non_tourism_observed_subset_if_ranked,True,,6.0,4.0,16.0,True,True,complete,both_cafe_industries_sales_observed,46.079779917469054,75.74160447761194,37.08396318018164,61.80201787117046,44.49937958747829,,C2_bakery,only_C1_C2_scored_C_stay_unverified,0.0590683087295724,292,169.29551929076183,0.7688232858540941,0.0302588183930518,29.357798165137616,residual_candidate_min10_cafe_min50_total,26.56500920321628,0.0,0.0,0,0,primary_unverified_candidate,validation_only_not_added,,,,incomplete_stay_evidence_and_walk_network,36.7589058524173,not_computed_missing_graph_and_runtime,cafe_draft_2025q4_observed_sales_study_unverified_2026poi
3130113,신아타운,전통시장,accessible_official_786,non_tourism_observed_subset_if_ranked,True,,1.0,1.0,0.0,True,False,insufficient,partial_or_unusable_sales,15.687757909215954,53.54477611940299,17.790695315388078,,,,unknown,only_C1_C2_scored_C_stay_unverified,0.0058122944742325,183,100.0,0.2453512562507054,-0.5175366422798553,,below_residual_ranking_support,,0.0,1.0,0,0,primary_unverified_candidate,validation_only_not_added,,,,incomplete_stay_evidence_and_walk_network,45.0381679389313,not_computed_missing_graph_and_runtime,cafe_draft_2025q4_observed_sales_study_unverified_2026poi
3130114,유영시장,전통시장,accessible_official_786,non_tourism_observed_subset_if_ranked,True,,2.0,0.0,,False,False,supply_only,no_cafe_sales_rows,72.79573590096285,0.0,,,,50.957015130674,unknown,only_C1_C2_scored_C_stay_unverified,0.0057799636891919,6,100.0,7.483213315646516,1.236378135653862,,below_residual_ranking_support,,0.0,0.0,0,0,primary_unverified_candidate,validation_only_not_added,,,,incomplete_stay_evidence_and_walk_network,37.26781170483461,not_computed_missing_graph_and_runtime,cafe_draft_2025q4_observed_sales_study_unverified_2026poi
3130115,우림골목시장,전통시장,accessible_official_786,non_tourism_observed_subset_if_ranked,True,,5.0,5.0,18.0,True,True,complete,both_cafe_industries_sales_observed,27.310866574965612,77.09888059701493,26.427790407741703,62.4231637863315,37.22640242131864,,C2_bakery,only_C1_C2_scored_C_stay_unverified,0.0782492085160699,323,127.79681979717812,0.6950352924749086,-0.1540181986680204,15.902140672782874,residual_candidate_min10_cafe_min50_total,18.784811345160364,0.0,2.0,0,1,primary_unverified_candidate,validation_only_not_added,,,,incomplete_stay_evidence_and_walk_network,39.49310171344537,not_computed_missing_graph_and_runtime,cafe_draft_2025q4_observed_sales_study_unverified_2026poi
3130116,동성타워프라자,전통시장,accessible_official_786,non_tourism_observed_subset_if_ranked,True,,2.0,2.0,,False,False,supply_only,no_cafe_sales_rows,55.36795048143053,96.02611940298507,,,,67.5654011578969,unknown,only_C1_C2_scored_C_stay_unverified,0.0041044615651282,51,200.0,1.7607560742697683,0.671291667120721,,below_residual_ranking_support,,0.0,0.0,0,0,primary_unverified_candidate,validation_only_not_added,,,,incomplete_stay_evidence_and_walk_network,37.17875318066158,not_computed_missing_graph_and_runtime,cafe_draft_2025q4_observed_sales_study_unverified_2026poi
3130120,돈암시장(돈암제일시장),전통시장,accessible_official_786,non_tourism_observed_subset_if_ranked,True,,3.0,2.0,11.0,False,False,supply_only,no_cafe_sales_rows,53.76891334250344,76.93097014925374,,,,60.71753038452852,unknown,only_C1_C2_scored_C_stay_unverified,0.0203162831648891,177,246.1080090004393,0.6341706199700438,0.1861261389732154,,below_residual_ranking_support,,1.0,0.0,0,1,primary_unverified_candidate,validation_only_not_added,,,,incomplete_stay_evidence_and_walk_network,56.1507198212057,not_computed_missing_graph_and_runtime,cafe_draft_2025q4_observed_sales_study_unverified_2026poi
3130121,길음시장,전통시장,accessible_official_786,non_tourism_observed_subset_if_ranked,True,,0.0,0.0,4.0,False,False,supply_only,no_cafe_sales_rows,0.0,0.0,,,,0.0,unknown,only_C1_C2_scored_C_stay_unverified,0.0079401345271212,70,0.0,0.0,-1.105239607713613,,below_residual_ranking_support,,0.0,0.0,0,1,primary_unverified_candidate,validation_only_not_added,,,,incomplete_stay_evidence_and_walk_network,27.37832941495177,not_computed_missing_graph_and_runtime,cafe_draft_2025q4_observed_sales_study_unverified_2026poi
3130122,밤나무골시장,전통시장,accessible_official_786,non_tourism_observed_subset_if_ranked,True,,1.0,0.0,,False,False,supply_only,no_cafe_sales_rows,38.82049518569463,0.0,,,,27.174346629986243,unknown,only_C1_C2_scored_C_stay_unverified,0.0067456631266148,19,50.0,1.1815599972073445,0.2676569510126495,,below_residual_ranking_support,,0.0,0.0,0,0,primary_unverified_candidate,validation_only_not_added,,,,incomplete_stay_evidence_and_walk_network,32.64312977099237,not_computed_missing_graph_and_runtime,cafe_draft_2025q4_observed_sales_study_unverified_2026poi
3130123,꿈의숲 장곡 골목형상점가,전통시장,accessible_official_786,non_tourism_observed_subset_if_ranked,True,,4.0,0.0,3.0,False,False,supply_only,no_cafe_sales_rows,87.11829436038515,0.0,,,,60.9828060522696,unknown,only_C1_C2_scored_C_stay_unverified,0.0127519972195152,50,200.0,1.7959711957551638,0.6817099604662493,,below_residual_ranking_support,,0.0,0.0,0,1,primary_unverified_candidate,validation_only_not_added,,,,incomplete_stay_evidence_and_walk_network,40.02426735939783,not_computed_missing_graph_and_runtime,cafe_draft_2025q4_observed_sales_study_unverified_2026poi
3130124,번동시장,전통시장,accessible_official_786,non_tourism_observed_subset_if_ranked,True,,0.0,0.0,,False,False,supply_only,no_cafe_sales_rows,0.0,0.0,,,,0.0,unknown,only_C1_C2_scored_C_stay_unverified,0.0074200050261158,3,0.0,0.0,0.4380138468352295,,below_residual_ranking_support,,0.0,0.0,0,0,primary_unverified_candidate,validation_only_not_added,,,,incomplete_stay_evidence_and_walk_network,22.903944020356235,not_computed_missing_graph_and_runtime,cafe_draft_2025q4_observed_sales_study_unverified_2026poi
3130125,장위전통시장,전통시장,accessible_official_786,non_tourism_observed_subset_if_ranked,True,,0.0,2.0,1.0,False,False,supply_only,no_cafe_sales_rows,0.0,62.803171641791046,,,,18.840951492537314,unknown,only_C1_C2_scored_C_stay_unverified,0.0588437102782146,92,33.9883394596287,0.4880356510204249,-0.651556735551051,,below_residual_ranking_support,,0.0,0.0,0,0,primary_unverified_candidate,validation_only_not_added,,,,incomplete_stay_evidence_and_walk_network,26.071882951653944,not_computed_missing_graph_and_runtime,cafe_draft_2025q4_observed_sales_study_unverified_2026poi
3130126,새석관시장,전통시장,accessible_official_786,non_tourism_observed_subset_if_ranked,True,,0.0,0.0,,False,False,supply_only,no_cafe_sales_rows,0.0,0.0,,,,0.0,unknown,only_C1_C2_scored_C_stay_unverified,0.0073211567894353,22,0.0,0.0,-0.5004760404516544,,below_residual_ranking_support,,0.0,0.0,0,1,primary_unverified_candidate,validation_only_not_added,,,,incomplete_stay_evidence_and_walk_network,29.77128503565244,not_computed_missing_graph_and_runtime,cafe_draft_2025q4_observed_sales_study_unverified_2026poi
3130127,석관시장,전통시장,accessible_official_786,non_tourism_observed_subset_if_ranked,True,,1.0,0.0,,False,False,supply_only,no_cafe_sales_rows,45.560522696011006,0.0,,,,31.892365887207703,unknown,only_C1_C2_scored_C_stay_unverified,0.0078727163766235,13,50.0,1.7268953805338114,0.4590220640469275,,below_residual_ranking_support,,0.0,0.0,0,0,primary_unverified_candidate,validation_only_not_added,,,,incomplete_stay_evidence_and_walk_network,37.146946564885496,not_computed_missing_graph_and_runtime,cafe_draft_2025q4_observed_sales_study_unverified_2026poi
3130128,돌곶이시장(석관황금시장),전통시장,accessible_official_786,non_tourism_observed_subset_if_ranked,True,,0.0,2.0,3.0,False,False,supply_only,no_cafe_sales_rows,0.0,69.57089552238806,,,,20.871268656716417,unknown,only_C1_C2_scored_C_stay_unverified,0.0481382816014447,97,41.54697536897489,0.462879174163702,-0.5865935800706066,,below_residual_ranking_support,,0.0,0.0,0,1,primary_unverified_candidate,validation_only_not_added,,,,incomplete_stay_evidence_and_walk_network,29.534759914472858,not_computed_missing_graph_and_runtime,cafe_draft_2025q4_observed_sales_study_unverified_2026poi
3130132,삼양골목시장(삼양시장),전통시장,accessible_official_786,non_tourism_observed_subset_if_ranked,True,,4.0,2.0,4.0,True,False,insufficient,partial_or_unusable_sales,46.0213204951857,66.12406716417911,48.7805974713195,,,,unknown,only_C1_C2_scored_C_stay_unverified,0.047528365125527,120,126.24040368637591,1.1224819973469775,0.1535015857235075,,below_residual_ranking_support,,1.0,2.0,0,1,primary_unverified_candidate,validation_only_not_added,,,,incomplete_stay_evidence_and_walk_network,56.16505093896033,not_computed_missing_graph_and_runtime,cafe_draft_2025q4_observed_sales_study_unverified_2026poi
3130135,수유중앙골목시장(수유중앙시장),전통시장,accessible_official_786,non_tourism_observed_subset_if_ranked,True,,2.0,2.0,4.0,False,False,supply_only,no_cafe_sales_rows,29.920907840440165,81.4179104477612,,,,45.37000862263648,unknown,only_C1_C2_scored_C_stay_unverified,0.030735001585916,103,130.14477935907962,0.8718306775510504,0.1002792030974226,,below_residual_ranking_support,,0.0,1.0,0,0,primary_unverified_candidate,validation_only_not_added,,,,incomplete_stay_evidence_and_walk_network,36.577608142493645,not_computed_missing_graph_and_runtime,cafe_draft_2025q4_observed_sales_study_unverified_2026poi
3130136,수유재래시장,전통시장,accessible_official_786,non_tourism_observed_subset_if_ranked,True,,0.0,1.0,,False,False,supply_only,no_cafe_sales_rows,0.0,81.94962686567165,,,,24.58488805970149,unknown,only_C1_C2_scored_C_stay_unverified,0.0109521894823413,29,50.0,0.7741255154117086,0.0501146830088085,,below_residual_ranking_support,,0.0,0.0,0,1,primary_unverified_candidate,validation_only_not_added,,,,incomplete_stay_evidence_and_walk_network,23.798728219119766,not_computed_missing_graph_and_runtime,cafe_draft_2025q4_observed_sales_study_unverified_2026poi
3130137,"수유전통시장(수유시장, 수유골목시장)",전통시장,accessible_official_786,non_tourism_observed_subset_if_ranked,True,,2.0,2.0,3.0,True,False,insufficient,partial_or_unusable_sales,19.339752407152684,61.1054104477612,21.25556140929898,,,,unknown,only_C1_C2_scored_C_stay_unverified,0.036994570784425,270,108.12397373952048,0.3325872584731785,-0.499471413203141,,below_residual_ranking_support,,0.0,0.0,0,1,primary_unverified_candidate,validation_only_not_added,,,,incomplete_stay_evidence_and_walk_network,27.660448050000483,not_computed_missing_graph_and_runtime,cafe_draft_2025q4_observed_sales_study_unverified_2026poi
3130138,수유프라자,전통시장,accessible_official_786,non_tourism_observed_subset_if_ranked,True,,1.0,0.0,,False,False,supply_only,no_cafe_sales_rows,27.79573590096286,0.0,,,,19.457015130674,unknown,only_C1_C2_scored_C_stay_unverified,0.0020636943758129,33,50.0,0.6802921196042288,-0.0170385034040648,,below_residual_ranking_support,,0.0,0.0,0,0,primary_unverified_candidate,validation_only_not_added,,,,incomplete_stay_evidence_and_walk_network,34.341603053435115,not_computed_missing_graph_and_runtime,cafe_draft_2025q4_observed_sales_study_unverified_2026poi
3130139,강북종합전통시장(강북종합골목시장),전통시장,accessible_official_786,non_tourism_observed_subset_if_ranked,True,,5.0,4.0,14.0,True,True,complete,both_cafe_industries_sales_observed,29.25034387895461,69.79477611940298,25.04352188764776,65.43529065200313,37.16105251695437,,C2_bakery,only_C1_C2_scored_C_stay_unverified,0.0748439337503617,311,120.25022669197294,0.6496680370496976,-0.2084600874256437,,below_residual_ranking_support,,0.0,1.0,0,0,primary_unverified_candidate,validation_only_not_added,,,,incomplete_stay_evidence_and_walk_network,34.478371501272264,not_computed_missing_graph_and_runtime,cafe_draft_2025q4_observed_sales_study_unverified_2026poi
3130140,숭인시장,전통시장,accessible_official_786,non_tourism_observed_subset_if_ranked,True,,1.0,1.0,5.0,False,False,supply_only,no_cafe_sales_rows,6.519944979367263,40.88152985074628,,,,16.828420440780967,unknown,only_C1_C2_scored_C_stay_unverified,0.0324254440040522,126,61.67995725054869,0.3563434912212626,-0.5425547155799388,,below_residual_ranking_support,,0.0,2.0,0,2,primary_unverified_candidate,validation_only_not_added,,,,incomplete_stay_evidence_and_walk_network,38.37159802242668,not_computed_missing_graph_and_runtime,cafe_draft_2025q4_observed_sales_study_unverified_2026poi
3130141,강북북부골목시장,전통시장,accessible_official_786,non_tourism_observed_subset_if_ranked,True,,0.0,1.0,3.0,False,False,supply_only,no_cafe_sales_rows,0.0,54.72014925373135,,,,16.416044776119403,unknown,only_C1_C2_scored_C_stay_unverified,0.0302707772904155,68,33.03516095427868,0.3301417639255816,-0.5888305162090056,,below_residual_ranking_support,,0.0,0.0,0,0,primary_unverified_candidate,validation_only_not_added,,,,incomplete_stay_evidence_and_walk_network,22.63040712468193,not_computed_missing_graph_and_runtime,cafe_draft_2025q4_observed_sales_study_unverified_2026poi
3130142,강북북부시장,전통시장,accessible_official_786,non_tourism_observed_subset_if_ranked,True,,0.0,0.0,1.0,False,False,supply_only,no_cafe_sales_rows,0.0,0.0,,,,0.0,unknown,only_C1_C2_scored_C_stay_unverified,0.0042054829987037,22,0.0,0.0,-0.5004760404516544,,below_residual_ranking_support,,0.0,0.0,0,0,primary_unverified_candidate,validation_only_not_added,,,,incomplete_stay_evidence_and_walk_network,21.97519083969465,not_computed_missing_graph_and_runtime,cafe_draft_2025q4_observed_sales_study_unverified_2026poi
3130143,방천골목시장,전통시장,accessible_official_786,non_tourism_observed_subset_if_ranked,True,,1.0,1.0,5.0,False,False,supply_only,no_cafe_sales_rows,17.03576341127923,68.26026119402985,,,,32.40311274610441,unknown,only_C1_C2_scored_C_stay_unverified,0.0202269668520313,69,98.87789971827384,0.6507142013605667,-0.0042464386785705,,below_residual_ranking_support,,0.0,0.0,0,0,primary_unverified_candidate,validation_only_not_added,,,,incomplete_stay_evidence_and_walk_network,26.70801526717557,not_computed_missing_graph_and_runtime,cafe_draft_2025q4_observed_sales_study_unverified_2026poi
3130145,쌍문역둘리상점가,전통시장,accessible_official_786,non_tourism_observed_subset_if_ranked,True,,1.0,3.0,5.0,False,False,supply_only,no_cafe_sales_rows,7.235213204951857,93.30690298507464,,,,33.05672013898869,unknown,only_C1_C2_scored_C_stay_unverified,0.0323957816533591,96,123.47286578236466,0.9354016644558144,0.1132757766260756,,below_residual_ranking_support,,0.0,0.0,0,1,primary_unverified_candidate,validation_only_not_added,,,,incomplete_stay_evidence_and_walk_network,26.794437349432563,not_computed_missing_graph_and_runtime,cafe_draft_2025q4_observed_sales_study_unverified_2026poi
3130146,쌍문시장(쌍문역골목시장),전통시장,accessible_official_786,non_tourism_observed_subset_if_ranked,True,,7.0,3.0,14.0,True,True,complete,both_cafe_industries_sales_observed,30.12379642365888,38.96921641791045,34.56494860436052,46.686346229379424,38.20136789186618,,C2_bakery,only_C1_C2_scored_C_stay_unverified,0.1089117449194538,338,91.81746199544914,0.6641905309745428,-0.3315273029316019,8.868501529051988,residual_candidate_min10_cafe_min50_total,21.46512326684853,1.0,1.0,0,2,primary_unverified_candidate,validation_only_not_added,,,,incomplete_stay_evidence_and_walk_network,48.05896438626535,not_computed_missing_graph_and_runtime,cafe_draft_2025q4_observed_sales_study_unverified_2026poi
3130147,쌍문역동측상점가,전통시장,accessible_official_786,non_tourism_observed_subset_if_ranked,True,,5.0,3.0,5.0,True,True,complete,both_cafe_industries_sales_observed,62.5171939477304,85.76492537313433,49.7088564290844,86.44992144540456,60.731175933980445,,C2_bakery,only_C1_C2_scored_C_stay_unverified,0.0338310624102905,158,236.4690739823357,1.1366906302247872,0.4158251074103634,,below_residual_ranking_support,,0.0,0.0,0,1,primary_unverified_candidate,validation_only_not_added,,,,incomplete_stay_evidence_and_walk_network,35.672648245435816,not_computed_missing_graph_and_runtime,cafe_draft_2025q4_observed_sales_study_unverified_2026poi
3130148,방학동도깨비시장,전통시장,accessible_official_786,non_tourism_observed_subset_if_ranked,True,,5.0,4.0,3.0,True,True,complete,both_cafe_industries_sales_observed,54.59422283356258,90.46175373134328,51.32504689258472,73.15875392772976,57.87515900312823,,C2_bakery,only_C1_C2_scored_C_stay_unverified,0.0425135865228783,174,211.6970299637442,1.161188273117563,0.3638748911914959,,below_residual_ranking_support,,0.0,0.0,0,3,primary_unverified_candidate,validation_only_not_added,,,,incomplete_stay_evidence_and_walk_network,33.66447769425013,not_computed_missing_graph_and_runtime,cafe_draft_2025q4_observed_sales_study_unverified_2026poi
3130151,신도봉시장,전통시장,accessible_official_786,non_tourism_observed_subset_if_ranked,True,,2.0,0.0,,False,False,supply_only,no_cafe_sales_rows,66.70563961485557,0.0,,,,46.6939477303989,unknown,only_C1_C2_scored_C_stay_unverified,0.0084789937625145,29,100.0,1.5482510308234172,0.455579791116973,,below_residual_ranking_support,,0.0,0.0,0,1,primary_unverified_candidate,validation_only_not_added,,,,incomplete_stay_evidence_and_walk_network,39.74488675393531,not_computed_missing_graph_and_runtime,cafe_draft_2025q4_observed_sales_study_unverified_2026poi
3130152,오!도봉거리 상점가,전통시장,accessible_official_786,non_tourism_observed_subset_if_ranked,True,,3.0,0.0,7.0,True,False,insufficient,partial_or_unusable_sales,68.76203576341128,0.0,57.80138330562485,,,,unknown,only_C1_C2_scored_C_stay_unverified,0.024415596242598,55,122.87228090567318,1.2245258152876115,0.3159379232951897,,below_residual_ranking_support,,0.0,0.0,0,2,primary_unverified_candidate,validation_only_not_added,,,,incomplete_stay_evidence_and_walk_network,34.980981336893734,not_computed_missing_graph_and_runtime,cafe_draft_2025q4_observed_sales_study_unverified_2026poi
3130153,창동역상점가,전통시장,accessible_official_786,non_tourism_observed_subset_if_ranked,True,,7.0,0.0,19.0,True,True,complete,both_cafe_industries_sales_observed,69.41540577716644,0.0,61.34401305544224,11.480263157894736,46.38488808617798,,C1_coffee,only_C1_C2_scored_C_stay_unverified,0.0336021646911002,233,208.31991225416516,0.6744527022685701,0.0938658133038405,,below_residual_ranking_support,,0.0,2.0,0,1,primary_unverified_candidate,validation_only_not_added,,,,incomplete_stay_evidence_and_walk_network,48.5905581516849,not_computed_missing_graph_and_runtime,cafe_draft_2025q4_observed_sales_study_unverified_2026poi
3130154,상계주공1단지(가)상가,전통시장,accessible_official_786,non_tourism_observed_subset_if_ranked,True,,1.0,0.0,1.0,False,False,supply_only,no_cafe_sales_rows,20.646492434663,0.0,,,,14.452544704264096,unknown,only_C1_C2_scored_C_stay_unverified,0.0067532905086906,54,50.0,0.4157340730914731,-0.2750924798029451,,below_residual_ranking_support,,0.0,1.0,0,0,primary_unverified_candidate,validation_only_not_added,,,,incomplete_stay_evidence_and_walk_network,45.52798982188296,not_computed_missing_graph_and_runtime,cafe_draft_2025q4_observed_sales_study_unverified_2026poi
3130155,시영B상가(중계 그린아파트 B 상가),전통시장,accessible_official_786,non_tourism_observed_subset_if_ranked,True,,3.0,1.0,1.0,False,False,supply_only,no_cafe_sales_rows,68.25309491059147,68.88992537313433,,,,68.44414404935432,unknown,only_C1_C2_scored_C_stay_unverified,0.0085098907989308,73,200.0,1.2301172573665506,0.4819940913224383,,below_residual_ranking_support,,1.0,1.0,0,2,primary_unverified_candidate,validation_only_not_added,,,,incomplete_stay_evidence_and_walk_network,72.82095898760632,not_computed_missing_graph_and_runtime,cafe_draft_2025q4_observed_sales_study_unverified_2026poi
3130156,시영2단지 무지개종합상가(중계 무지개2단지아파트상가),전통시장,accessible_official_786,non_tourism_observed_subset_if_ranked,True,,1.0,0.0,,False,False,supply_only,no_cafe_sales_rows,22.403713892709764,0.0,,,,15.682599724896834,unknown,only_C1_C2_scored_C_stay_unverified,0.0157522024570448,46,50.0,0.4880356510204249,-0.190758445497209,,below_residual_ranking_support,,1.0,1.0,1,1,primary_unverified_candidate,validation_only_not_added,,,,incomplete_stay_evidence_and_walk_network,78.18077976969802,not_computed_missing_graph_and_runtime,cafe_draft_2025q4_observed_sales_study_unverified_2026poi
3130157,상계중앙시장,전통시장,accessible_official_786,non_tourism_observed_subset_if_ranked,True,,5.0,2.0,14.0,False,False,supply_only,no_cafe_sales_rows,44.09559834938102,52.49067164179105,,,,46.614120337104026,unknown,only_C1_C2_scored_C_stay_unverified,0.0524224874815248,203,133.5304815985125,0.7741255154117086,-0.0386301588258564,,below_residual_ranking_support,,0.0,0.0,0,3,primary_unverified_candidate,validation_only_not_added,,,,incomplete_stay_evidence_and_walk_network,33.0659957042928,not_computed_missing_graph_and_runtime,cafe_draft_2025q4_observed_sales_study_unverified_2026poi
3130158,상계역전종합상가,전통시장,accessible_official_786,non_tourism_observed_subset_if_ranked,True,,2.0,0.0,,False,False,supply_only,no_cafe_sales_rows,66.70563961485557,0.0,,,,46.6939477303989,unknown,only_C1_C2_scored_C_stay_unverified,0.0119313443774572,29,100.0,1.5482510308234172,0.455579791116973,,below_residual_ranking_support,,0.0,0.0,0,1,primary_unverified_candidate,validation_only_not_added,,,,incomplete_stay_evidence_and_walk_network,36.86641947000261,not_computed_missing_graph_and_runtime,cafe_draft_2025q4_observed_sales_study_unverified_2026poi
3130159,공릉동 도깨비시장,전통시장,accessible_official_786,non_tourism_observed_subset_if_ranked,True,,13.0,6.0,1.0,True,True,complete,both_cafe_industries_sales_observed,83.72764786795048,93.8712686567164,67.7312114310626,80.874361743912,71.67415652491742,,C2_bakery,only_C1_C2_scored_C_stay_unverified,0.0576753461820069,229,329.43018564711224,1.8626338820604864,0.7690446029684841,84.70948012232415,residual_candidate_min10_cafe_min50_total,70.23127873733814,0.0,0.0,0,2,primary_unverified_candidate,validation_only_not_added,,,,incomplete_stay_evidence_and_walk_network,44.68562727967569,not_computed_missing_graph_and_runtime,cafe_draft_2025q4_observed_sales_study_unverified_2026poi
3130175,신촌 상인회(신촌상점가),전통시장,accessible_official_786,non_tourism_observed_subset_if_ranked,True,,2.0,0.0,2.0,True,False,insufficient,partial_or_unusable_sales,59.91746905089408,0.0,57.55665953284394,,,,unknown,only_C1_C2_scored_C_stay_unverified,0.0061427347636718,42,100.0,1.069030473663788,0.2624292346752983,,below_residual_ranking_support,,0.0,0.0,0,4,primary_unverified_candidate,validation_only_not_added,,,,incomplete_stay_evidence_and_walk_network,44.1940203562341,not_computed_missing_graph_and_runtime,cafe_draft_2025q4_observed_sales_study_unverified_2026poi
3130176,유진상가,전통시장,accessible_official_786,non_tourism_observed_subset_if_ranked,True,,1.0,1.0,,False,False,supply_only,no_cafe_sales_rows,19.057771664374137,70.42444029850746,,,,34.46777225461413,unknown,only_C1_C2_scored_C_stay_unverified,0.0185173318823154,68,100.0,0.6602835278511632,0.0087030167138442,,below_residual_ranking_support,,0.0,0.0,0,1,primary_unverified_candidate,validation_only_not_added,,,,incomplete_stay_evidence_and_walk_network,27.79274905910468,not_computed_missing_graph_and_runtime,cafe_draft_2025q4_observed_sales_study_unverified_2026poi
3130177,인왕시장(홍제골목형상점가),전통시장,accessible_official_786,non_tourism_observed_subset_if_ranked,True,,0.0,0.0,6.0,False,False,supply_only,no_cafe_sales_rows,0.0,0.0,,,,0.0,unknown,only_C1_C2_scored_C_stay_unverified,0.022759028004566,195,0.0,0.0,-1.709934774089587,,below_residual_ranking_support,,0.0,1.0,0,1,primary_unverified_candidate,validation_only_not_added,,,,incomplete_stay_evidence_and_walk_network,33.24984278098666,not_computed_missing_graph_and_runtime,cafe_draft_2025q4_observed_sales_study_unverified_2026poi
3130178,이대 앞 스타트업 상점가,전통시장,accessible_official_786,non_tourism_observed_subset_if_ranked,True,,5.0,1.0,2.0,True,False,insufficient,partial_or_unusable_sales,80.73246217331499,60.43376865671642,72.52611149946256,,,,unknown,only_C1_C2_scored_C_stay_unverified,0.0075204086883309,111,300.0,1.2134940511859216,0.596112142045985,,below_residual_ranking_support,,1.0,3.0,0,2,primary_unverified_candidate,validation_only_not_added,,,,incomplete_stay_evidence_and_walk_network,69.0193742199518,not_computed_missing_graph_and_runtime,cafe_draft_2025q4_observed_sales_study_unverified_2026poi
3130179,"이화여대 3,5,7길 상점가",전통시장,accessible_official_786,non_tourism_observed_subset_if_ranked,True,,35.0,5.0,5.0,True,True,complete,both_cafe_industries_sales_observed,95.4401650618982,75.22388059701493,90.11770322340824,66.1435585231736,82.92545981333782,,C1_coffee,only_C1_C2_scored_C_stay_unverified,0.0555963509411456,445,719.4716797572573,2.017945163769847,1.1485896252542922,96.94189602446484,residual_candidate_min10_cafe_min50_total,88.22209122475996,6.0,8.0,0,2,primary_unverified_candidate,validation_only_not_added,,,,incomplete_stay_evidence_and_walk_network,73.03208719124603,not_computed_missing_graph_and_runtime,cafe_draft_2025q4_observed_sales_study_unverified_2026poi
3130181,아현가구거리상점가,전통시장,accessible_official_786,non_tourism_observed_subset_if_ranked,True,,5.0,0.0,1.0,True,False,insufficient,partial_or_unusable_sales,61.51306740027509,0.0,50.07961414492182,,,,unknown,only_C1_C2_scored_C_stay_unverified,0.0457819674925887,114,109.21330545283824,0.9846333310061204,0.043986848306998,,below_residual_ranking_support,,0.0,0.0,0,1,primary_unverified_candidate,validation_only_not_added,,,,incomplete_stay_evidence_and_walk_network,34.29522586325332,not_computed_missing_graph_and_runtime,cafe_draft_2025q4_observed_sales_study_unverified_2026poi
3130182,영천시장,전통시장,accessible_official_786,non_tourism_observed_subset_if_ranked,True,,1.0,4.0,2.0,False,True,insufficient,partial_or_unusable_sales,4.078404401650619,92.09888059701493,,76.27842694422624,,,unknown,only_C1_C2_scored_C_stay_unverified,0.0417719588773036,156,119.697522797206,0.719539741889088,-0.0805605658285739,,below_residual_ranking_support,,0.0,0.0,1,2,primary_unverified_candidate,validation_only_not_added,,,,incomplete_stay_evidence_and_walk_network,41.775311542058986,not_computed_missing_graph_and_runtime,cafe_draft_2025q4_observed_sales_study_unverified_2026poi
3130194,용강동 상점가,전통시장,accessible_official_786,non_tourism_observed_subset_if_ranked,True,,7.0,0.0,22.0,True,False,insufficient,partial_or_unusable_sales,64.58046767537827,0.0,57.67508047758346,,,,unknown,only_C1_C2_scored_C_stay_unverified,0.0541575342795334,167,129.25256094322154,0.9410028720274062,0.050449521864103,,below_residual_ranking_support,,0.0,1.0,0,1,primary_unverified_candidate,validation_only_not_added,,,,incomplete_stay_evidence_and_walk_network,39.75868090829053,not_computed_missing_graph_and_runtime,cafe_draft_2025q4_observed_sales_study_unverified_2026poi
3130195,도화동 상점가,전통시장,accessible_official_786,non_tourism_observed_subset_if_ranked,True,,21.0,5.0,44.0,True,True,complete,both_cafe_industries_sales_observed,74.00275103163686,58.208955223880594,72.50609859844982,50.450216025137465,65.88933382645611,,C1_coffee,only_C1_C2_scored_C_stay_unverified,0.101804146504786,552,255.39234788219247,1.0574105772109208,0.3351368806638932,56.269113149847094,residual_candidate_min10_cafe_min50_total,56.79248442883209,1.0,1.0,0,2,primary_unverified_candidate,validation_only_not_added,,,,incomplete_stay_evidence_and_walk_network,54.87413771418067,not_computed_missing_graph_and_runtime,cafe_draft_2025q4_observed_sales_study_unverified_2026poi
3130196,공덕시장,전통시장,accessible_official_786,non_tourism_observed_subset_if_ranked,True,,0.0,1.0,5.0,True,False,insufficient,partial_or_unusable_sales,0.0,62.71921641791045,8.82583209140586,,,,unknown,only_C1_C2_scored_C_stay_unverified,0.007420166239188,95,50.0,0.2363119994414689,-0.5739450946037471,,below_residual_ranking_support,,0.0,0.0,0,3,primary_unverified_candidate,validation_only_not_added,,,,incomplete_stay_evidence_and_walk_network,25.527411739664664,not_computed_missing_graph_and_runtime,cafe_draft_2025q4_observed_sales_study_unverified_2026poi
3130197,마포시장,전통시장,accessible_official_786,non_tourism_observed_subset_if_ranked,True,,1.0,0.0,7.0,False,False,supply_only,no_cafe_sales_rows,17.420907840440165,0.0,,,,12.194635488308116,unknown,only_C1_C2_scored_C_stay_unverified,0.0096939933720299,86,50.0,0.2610423249644134,-0.5211295100466032,,below_residual_ranking_support,,0.0,0.0,0,3,primary_unverified_candidate,validation_only_not_added,,,,incomplete_stay_evidence_and_walk_network,34.04661180932479,not_computed_missing_graph_and_runtime,cafe_draft_2025q4_observed_sales_study_unverified_2026poi
3130198,아현시장,전통시장,accessible_official_786,non_tourism_observed_subset_if_ranked,True,,2.0,1.0,9.0,True,False,insufficient,partial_or_unusable_sales,29.18844566712517,42.42537313432837,31.67922940364932,,,,unknown,only_C1_C2_scored_C_stay_unverified,0.0276503594079518,169,108.49768553595176,0.3985143185847257,-0.3375030671312164,,below_residual_ranking_support,,0.0,1.0,0,1,primary_unverified_candidate,validation_only_not_added,,,,incomplete_stay_evidence_and_walk_network,39.71520622297042,not_computed_missing_graph_and_runtime,cafe_draft_2025q4_observed_sales_study_unverified_2026poi
3130302,강남시장(강남구 강남시장),전통시장,accessible_official_786,non_tourism_observed_subset_if_ranked,True,,0.0,2.0,3.0,False,False,supply_only,no_cafe_sales_rows,0.0,96.61380597014926,,,,28.984141791044777,unknown,only_C1_C2_scored_C_stay_unverified,0.0039579556025951,45,100.0,0.9977617754195356,0.226245284717685,,below_residual_ranking_support,,0.0,0.0,0,0,primary_unverified_candidate,validation_only_not_added,,,,incomplete_stay_evidence_and_walk_network,21.45356234096692,not_computed_missing_graph_and_runtime,cafe_draft_2025q4_observed_sales_study_unverified_2026poi
3130303,영동전통시장,전통시장,accessible_official_786,non_tourism_observed_subset_if_ranked,True,,5.0,1.0,17.0,True,False,insufficient,partial_or_unusable_sales,52.60660247592848,28.376865671641788,42.747572552822064,,,,unknown,only_C1_C2_scored_C_stay_unverified,0.0390679007263592,229,153.57876641556496,0.5882001732822589,-0.1002586288263203,,below_residual_ranking_support,,0.0,0.0,0,0,primary_unverified_candidate,validation_only_not_added,,,,incomplete_stay_evidence_and_walk_network,31.4472010178117,not_computed_missing_graph_and_runtime,cafe_draft_2025q4_observed_sales_study_unverified_2026poi
3130311,새마을시장,전통시장,accessible_official_786,non_tourism_observed_subset_if_ranked,True,,10.0,12.0,16.0,True,True,complete,both_cafe_industries_sales_observed,53.356258596973866,96.455223880597,48.50653452011717,83.37391987431263,58.96675012637581,,C2_bakery,only_C1_C2_scored_C_stay_unverified,0.0793144184612367,410,277.3770573726396,1.2046148264211465,0.4497022495522991,68.19571865443424,residual_candidate_min10_cafe_min50_total,60.30358945703721,5.0,5.0,0,1,primary_unverified_candidate,validation_only_not_added,,,,incomplete_stay_evidence_and_walk_network,61.170004547257626,not_computed_missing_graph_and_runtime,cafe_draft_2025q4_observed_sales_study_unverified_2026poi
3130313,방이시장,전통시장,accessible_official_786,non_tourism_observed_subset_if_ranked,True,,10.0,3.0,10.0,True,True,complete,both_cafe_industries_sales_observed,34.4222833562586,28.26026119402985,41.89318901008643,35.933498625294575,40.10528189464887,,C1_coffee,only_C1_C2_scored_C_stay_unverified,0.1435333303719193,418,90.57129773492184,0.69819454380434,-0.3319593365854172,8.56269113149847,residual_candidate_min10_cafe_min50_total,23.297591991384817,0.0,1.0,0,0,primary_unverified_candidate,validation_only_not_added,,,,incomplete_stay_evidence_and_walk_network,31.32951653944021,not_computed_missing_graph_and_runtime,cafe_draft_2025q4_observed_sales_study_unverified_2026poi
3130314,풍납시장,전통시장,accessible_official_786,non_tourism_observed_subset_if_ranked,True,,5.0,3.0,4.0,True,True,complete,both_cafe_industries_sales_observed,18.48005502063274,46.45988805970149,21.17230279660884,47.02850058915946,28.929162134374025,,C2_bakery,only_C1_C2_scored_C_stay_unverified,0.1207190686913481,201,66.26956359690139,0.89351800783839,-0.3021214205424312,,below_residual_ranking_support,,0.0,1.0,0,0,primary_unverified_candidate,validation_only_not_added,,,,incomplete_stay_evidence_and_walk_network,32.29007633587786,not_computed_missing_graph_and_runtime,cafe_draft_2025q4_observed_sales_study_unverified_2026poi
3130318,로데오거리상점가,전통시장,accessible_official_786,non_tourism_observed_subset_if_ranked,True,,11.0,3.0,46.0,True,True,complete,both_cafe_industries_sales_observed,64.77303988995874,59.1884328358209,59.4687980670347,57.41874509033779,58.85378217402562,,C1_coffee,only_C1_C2_scored_C_stay_unverified,0.0565202028004,433,247.69904045533468,0.72585440936987,0.1500635947769852,38.837920489296636,residual_candidate_min10_cafe_min50_total,41.8719660749311,0.0,0.0,0,0,primary_unverified_candidate,validation_only_not_added,,,,incomplete_stay_evidence_and_walk_network,36.36450381679389,not_computed_missing_graph_and_runtime,cafe_draft_2025q4_observed_sales_study_unverified_2026poi
3130319,성내전통시장,전통시장,accessible_official_786,non_tourism_observed_subset_if_ranked,True,,1.0,2.0,4.0,False,False,supply_only,no_cafe_sales_rows,6.908528198074277,78.26026119402985,,,,28.314048096860947,unknown,only_C1_C2_scored_C_stay_unverified,0.0316259852956876,119,94.85870469967836,0.5659573095867113,-0.2128849674612132,,below_residual_ranking_support,,0.0,0.0,0,0,primary_unverified_candidate,validation_only_not_added,,,,incomplete_stay_evidence_and_walk_network,25.524809160305345,not_computed_missing_graph_and_runtime,cafe_draft_2025q4_observed_sales_study_unverified_2026poi
3130320,암사종합시장,전통시장,accessible_official_786,non_tourism_observed_subset_if_ranked,True,,0.0,1.0,5.0,False,False,supply_only,no_cafe_sales_rows,0.0,30.270522388059703,,,,9.08115671641791,unknown,only_C1_C2_scored_C_stay_unverified,0.0371718823855718,218,26.90205434385395,0.1029799997566034,-1.30367286880645,,below_residual_ranking_support,,0.0,0.0,0,0,primary_unverified_candidate,validation_only_not_added,,,,incomplete_stay_evidence_and_walk_network,21.160941475826974,not_computed_missing_graph_and_runtime,cafe_draft_2025q4_observed_sales_study_unverified_2026poi
3130321,장신구 특화거리 상점가,전통시장,accessible_official_786,non_tourism_observed_subset_if_ranked,True,,5.0,4.0,3.0,False,False,supply_only,no_cafe_sales_rows,70.92847317744155,97.40671641791045,,,,78.87194614958221,unknown,only_C1_C2_scored_C_stay_unverified,0.0384575342871928,89,234.0243639332124,2.2701883092410777,0.7671190752776651,,below_residual_ranking_support,,0.0,0.0,0,0,primary_unverified_candidate,validation_only_not_added,,,,incomplete_stay_evidence_and_walk_network,29.958651399491096,not_computed_missing_graph_and_runtime,cafe_draft_2025q4_observed_sales_study_unverified_2026poi
3130323,둔촌역전통시장,전통시장,accessible_official_786,non_tourism_observed_subset_if_ranked,True,,3.0,2.0,4.0,True,False,insufficient,partial_or_unusable_sales,35.41953232462173,68.88992537313433,27.08803427651489,,,,unknown,only_C1_C2_scored_C_stay_unverified,0.0365849434530917,170,136.66824458566884,0.6602835278511632,-0.0649439803209162,,below_residual_ranking_support,,0.0,0.0,0,0,primary_unverified_candidate,validation_only_not_added,,,,incomplete_stay_evidence_and_walk_network,28.85178117048346,not_computed_missing_graph_and_runtime,cafe_draft_2025q4_observed_sales_study_unverified_2026poi
3130324,길동복조리시장,전통시장,accessible_official_786,non_tourism_observed_subset_if_ranked,True,,2.0,1.0,1.0,True,False,insufficient,partial_or_unusable_sales,28.988995873452545,43.15764925373134,26.66822855702036,,,,unknown,only_C1_C2_scored_C_stay_unverified,0.0294407285777592,135,101.89965211208562,0.4988808877097677,-0.246856603945605,,below_residual_ranking_support,,0.0,0.0,0,0,primary_unverified_candidate,validation_only_not_added,,,,incomplete_stay_evidence_and_walk_network,27.954834605597963,not_computed_missing_graph_and_runtime,cafe_draft_2025q4_observed_sales_study_unverified_2026poi
3130325,명일전통시장,전통시장,accessible_official_786,non_tourism_observed_subset_if_ranked,True,,2.0,1.0,2.0,False,False,supply_only,no_cafe_sales_rows,33.22902338376891,50.06996268656716,,,,38.281305174608384,unknown,only_C1_C2_scored_C_stay_unverified,0.02752560012558,103,108.98944932401491,0.6538730081632879,-0.071754777602065,,below_residual_ranking_support,,1.0,1.0,0,0,primary_unverified_candidate,validation_only_not_added,,,,incomplete_stay_evidence_and_walk_network,53.99491094147583,not_computed_missing_graph_and_runtime,cafe_draft_2025q4_observed_sales_study_unverified_2026poi
3130327,"평화시장(남평화시장, 제일평화시장, 신평화패션타운)",전통시장,accessible_official_786,non_tourism_observed_subset_if_ranked,True,,5.0,0.0,,False,False,supply_only,no_cafe_sales_rows,47.6203576341128,0.0,,,,33.33425034387896,unknown,only_C1_C2_scored_C_stay_unverified,0.0361856336225233,2576,138.17638381459244,0.0435746116982522,-1.5152995477846258,,below_residual_ranking_support,,0.0,0.0,0,0,primary_unverified_candidate,validation_only_not_added,,,,incomplete_stay_evidence_and_walk_network,38.74363867684478,not_computed_missing_graph_and_runtime,cafe_draft_2025q4_observed_sales_study_unverified_2026poi
