place_id,venue_class,query,place_name,category_name,address_name,road_address_name,longitude,latitude,place_url,snapshot_date,source
1003809317,adult_nightlife,유흥주점,경춘선,"가정,생활 > 유흥시설 > 유흥주점",경기 구리시 수택동 524-8,경기 구리시 검배로 27,127.14293484040863,37.59884918659766,http://place.map.kakao.com/1003809317,2026-09-30,Kakao Local keyword search
1010292444,adult_nightlife,유흥주점,슈퍼모델,"가정,생활 > 유흥시설 > 유흥주점",서울 노원구 상계동 710,서울 노원구 노해로77길 14-3,127.0593093087052,37.65489192404238,http://place.map.kakao.com/1010292444,2026-09-30,Kakao Local keyword search
1012222670,adult_nightlife,유흥주점,OK노래하는포차,"가정,생활 > 유흥시설 > 유흥주점",서울 동대문구 전농동 493-71,서울 동대문구 답십리로 55,127.04739103688,37.5764050107862,http://place.map.kakao.com/1012222670,2026-09-30,Kakao Local keyword search
1022894286,adult_nightlife,유흥주점,대박노래방,"가정,생활 > 유흥시설 > 유흥주점",서울 은평구 불광동 281-173,서울 은평구 통일로 718,126.930662445679,37.6099876358694,http://place.map.kakao.com/1022894286,2026-09-30,Kakao Local keyword search
1027672045,adult_nightlife,유흥주점,썸노래방,"가정,생활 > 유흥시설 > 유흥주점",서울 영등포구 여의도동 53,서울 영등포구 여의대방로 394,126.932765535417,37.5193909949479,http://place.map.kakao.com/1027672045,2026-09-30,Kakao Local keyword search
1047728253,adult_nightlife,유흥주점,이브닝가라오케,"가정,생활 > 유흥시설 > 유흥주점",서울 강남구 논현동 6-3,서울 강남구 도산대로 152,127.025225099393,37.5181712613058,http://place.map.kakao.com/1047728253,2026-09-30,Kakao Local keyword search
1051177248,adult_nightlife,유흥주점,하이엔드91,"가정,생활 > 유흥시설 > 유흥주점",경기 구리시 수택동 376-4,경기 구리시 체육관로 154,127.136653784784,37.5983998240168,http://place.map.kakao.com/1051177248,2026-09-30,Kakao Local keyword search
1062676549,adult_nightlife,유흥주점,밀라노7080라이브,"가정,생활 > 유흥시설 > 유흥주점",서울 성북구 종암동 83-6,서울 성북구 종암로21길 53,127.032883234266,37.6008367519676,http://place.map.kakao.com/1062676549,2026-09-30,Kakao Local keyword search
1065015798,adult_nightlife,유흥주점,윈가라오케,"가정,생활 > 유흥시설 > 유흥주점",서울 송파구 석촌동 1-7,서울 송파구 삼학사로 98,127.09760746943573,37.50595024865068,http://place.map.kakao.com/1065015798,2026-09-30,Kakao Local keyword search
10677837,adult_nightlife,유흥주점,웰빙술마시는노래방,"가정,생활 > 유흥시설 > 유흥주점",서울 마포구 서교동 403-1,서울 마포구 어울마당로 55-1,126.920847675834,37.5501113335466,http://place.map.kakao.com/10677837,2026-09-30,Kakao Local keyword search
108349812,adult_nightlife,유흥주점,잭펍 홀덤펍 회기점,"가정,생활 > 유흥시설 > 유흥주점",서울 동대문구 휘경동 319-3,서울 동대문구 회기로 190,127.056947838656,37.5898219835407,http://place.map.kakao.com/108349812,2026-09-30,Kakao Local keyword search
1086161892,adult_nightlife,유흥주점,아레나,"가정,생활 > 유흥시설 > 유흥주점",서울 도봉구 창동 13,서울 도봉구 마들로11길 65,127.049710885179,37.6533845107637,http://place.map.kakao.com/1086161892,2026-09-30,Kakao Local keyword search
1086388298,adult_nightlife,유흥주점,블링블링,"가정,생활 > 유흥시설 > 유흥주점",서울 중구 북창동 82,서울 중구 세종대로14길 26,126.978087510003,37.5627137545323,http://place.map.kakao.com/1086388298,2026-09-30,Kakao Local keyword search
10865802,adult_nightlife,유흥주점,한강단란주점,"가정,생활 > 유흥시설 > 유흥주점",서울 마포구 합정동 373-17,서울 마포구 독막로 2,126.913584294474,37.5485276921776,http://place.map.kakao.com/10865802,2026-09-30,Kakao Local keyword search
1086664993,adult_nightlife,유흥주점,대가가요장,"가정,생활 > 유흥시설 > 유흥주점",경기 구리시 수택동 427-15,경기 구리시 안골로85번길 11,127.140509884894,37.5979763357897,http://place.map.kakao.com/1086664993,2026-09-30,Kakao Local keyword search
108959222,adult_nightlife,유흥주점,만남7080,"가정,생활 > 유흥시설 > 유흥주점",서울 강동구 천호동 163-8,서울 강동구 진황도로 53,127.13283432565954,37.537885246312314,http://place.map.kakao.com/108959222,2026-09-30,Kakao Local keyword search
10896713,adult_nightlife,유흥주점,토토노래주점,"가정,생활 > 유흥시설 > 유흥주점",서울 동대문구 전농동 597-10,서울 동대문구 왕산로 244-2,127.0491013232136,37.58293201228091,http://place.map.kakao.com/10896713,2026-09-30,Kakao Local keyword search
1095093282,adult_nightlife,유흥주점,은성노래주점,"가정,생활 > 유흥시설 > 유흥주점",서울 강동구 길동 386-8,서울 강동구 천중로40길 78,127.13743896784638,37.53765112311221,http://place.map.kakao.com/1095093282,2026-09-30,Kakao Local keyword search
1099107517,adult_nightlife,유흥주점,별밤노래광장,"가정,생활 > 유흥시설 > 유흥주점",서울 성동구 도선동 65,서울 성동구 왕십리로22길 6,127.034514365553,37.5625629796873,http://place.map.kakao.com/1099107517,2026-09-30,Kakao Local keyword search
11022468,adult_nightlife,유흥주점,놀아줘노래주점,"가정,생활 > 유흥시설 > 유흥주점",서울 용산구 한강로2가 116-5,서울 용산구 한강대로42길 3,126.970023413117,37.5309103240702,http://place.map.kakao.com/11022468,2026-09-30,Kakao Local keyword search
11103878,adult_nightlife,유흥주점,키스노래주점,"가정,생활 > 유흥시설 > 유흥주점",서울 강동구 길동 387-14,서울 강동구 천중로40길 71,127.137953112715,37.5379010015285,http://place.map.kakao.com/11103878,2026-09-30,Kakao Local keyword search
1112335176,adult_nightlife,유흥주점,메이드,"가정,생활 > 유흥시설 > 유흥주점",서울 강북구 수유동 191-20,서울 강북구 도봉로87길 6,127.025349510788,37.6383350201072,http://place.map.kakao.com/1112335176,2026-09-30,Kakao Local keyword search
11132023,adult_nightlife,유흥주점,서희유흥주점,"가정,생활 > 유흥시설 > 유흥주점",경기 구리시 수택동 423-20,경기 구리시 안골로103번길 26,127.14214965386974,37.5986176793878,http://place.map.kakao.com/11132023,2026-09-30,Kakao Local keyword search
1114565803,adult_nightlife,유흥주점,에스노래바,"가정,생활 > 유흥시설 > 유흥주점",서울 강남구 역삼동 719-8,서울 강남구 테헤란로34길 5,127.0402096547657,37.5011948871587,http://place.map.kakao.com/1114565803,2026-09-30,Kakao Local keyword search
1122338870,adult_nightlife,유흥주점,오스카,"가정,생활 > 유흥시설 > 유흥주점",서울 강남구 역삼동 688-6,서울 강남구 언주로 548,127.040427717817,37.507109913389,http://place.map.kakao.com/1122338870,2026-09-30,Kakao Local keyword search
1122647871,adult_nightlife,유흥주점,라이브행복7080,"가정,생활 > 유흥시설 > 유흥주점",서울 강동구 길동 389-1,서울 강동구 양재대로113길 7,127.139391369114,37.5379876105768,http://place.map.kakao.com/1122647871,2026-09-30,Kakao Local keyword search
1127516598,adult_nightlife,유흥주점,최고야노래타운,"가정,생활 > 유흥시설 > 유흥주점",서울 은평구 갈현동 395-5,서울 은평구 통일로 869,126.919922581597,37.6203674299683,http://place.map.kakao.com/1127516598,2026-09-30,Kakao Local keyword search
1127638767,adult_nightlife,유흥주점,화이트,"가정,생활 > 유흥시설 > 유흥주점",서울 강남구 신사동 539-10,서울 강남구 도산대로 149,127.024631367675,37.5185750360844,http://place.map.kakao.com/1127638767,2026-09-30,Kakao Local keyword search
1136379093,adult_nightlife,유흥주점,오케이노래빠,"가정,생활 > 유흥시설 > 유흥주점",서울 강남구 역삼동 645-21,서울 강남구 테헤란로19길 10,127.033713496699,37.5007788529561,http://place.map.kakao.com/1136379093,2026-09-30,Kakao Local keyword search
1139234530,adult_nightlife,유흥주점,초이스,"가정,생활 > 유흥시설 > 유흥주점",서울 강북구 수유동 191-51,서울 강북구 한천로139길 7-5,127.026374133692,37.6394673334658,http://place.map.kakao.com/1139234530,2026-09-30,Kakao Local keyword search
1142738219,adult_nightlife,유흥주점,청춘라이브,"가정,생활 > 유흥시설 > 유흥주점",서울 은평구 불광동 281-108,서울 은평구 통일로 732,126.929911852247,37.6108818746138,http://place.map.kakao.com/1142738219,2026-09-30,Kakao Local keyword search
1144687302,adult_nightlife,유흥주점,놀이터7080라이브,"가정,생활 > 유흥시설 > 유흥주점",서울 성북구 석관동 168-11,서울 성북구 화랑로40길 53,127.06424073442011,37.61358546600688,http://place.map.kakao.com/1144687302,2026-09-30,Kakao Local keyword search
1148220606,adult_nightlife,유흥주점,나고야,"가정,생활 > 유흥시설 > 유흥주점",서울 은평구 응암동 579-42,서울 은평구 응암로21길 13,126.916536865883,37.5940381712468,http://place.map.kakao.com/1148220606,2026-09-30,Kakao Local keyword search
1148318347,adult_nightlife,유흥주점,7080엘리스라이브,"가정,생활 > 유흥시설 > 유흥주점",서울 성북구 석관동 252-1,서울 성북구 돌곶이로 65,127.058310536432,37.6094494020015,http://place.map.kakao.com/1148318347,2026-09-30,Kakao Local keyword search
11574889,adult_nightlife,유흥주점,준코뮤직타운 방이점,"가정,생활 > 유흥시설 > 유흥주점 > 준코뮤직타운",서울 송파구 방이동 37-9,서울 송파구 오금로11길 23,127.109868362514,37.5151279208269,http://place.map.kakao.com/11574889,2026-09-30,Kakao Local keyword search
11635436,adult_nightlife,유흥주점,블루오페라,"가정,생활 > 유흥시설 > 유흥주점",서울 강남구 청담동 88-37,서울 강남구 선릉로152길 17,127.040947223503,37.5243585485174,http://place.map.kakao.com/11635436,2026-09-30,Kakao Local keyword search
11701731,adult_nightlife,유흥주점,하모니카,"가정,생활 > 유흥시설 > 유흥주점",서울 영등포구 여의도동 36-2,서울 영등포구 국제금융로6길 33,126.926960036603,37.5207967160015,http://place.map.kakao.com/11701731,2026-09-30,Kakao Local keyword search
11723355,adult_nightlife,유흥주점,모카,"가정,생활 > 유흥시설 > 유흥주점",서울 서대문구 창천동 30-11,서울 서대문구 신촌로 87-4,126.936265082789,37.5556960368354,http://place.map.kakao.com/11723355,2026-09-30,Kakao Local keyword search
1181031766,adult_nightlife,유흥주점,더썸청춘포차,"가정,생활 > 유흥시설 > 유흥주점",서울 노원구 상계동 711-9,서울 노원구 노해로77길 22,127.059205260891,37.6551568650991,http://place.map.kakao.com/1181031766,2026-09-30,Kakao Local keyword search
1183283580,adult_nightlife,유흥주점,준코뮤직타운 신천점,"가정,생활 > 유흥시설 > 유흥주점 > 준코뮤직타운",서울 송파구 잠실동 180-4,서울 송파구 올림픽로12길 4-25,127.08140263305127,37.51108924325471,http://place.map.kakao.com/1183283580,2026-09-30,Kakao Local keyword search
1184007072,adult_nightlife,유흥주점,큐브91,"가정,생활 > 유흥시설 > 유흥주점",경기 구리시 수택동 376-23,경기 구리시 체육관로 162-32,127.13667060386,37.598927784905,http://place.map.kakao.com/1184007072,2026-09-30,Kakao Local keyword search
1184456134,adult_nightlife,유흥주점,밤밤단란주점,"가정,생활 > 유흥시설 > 유흥주점",서울 강북구 수유동 279-126,서울 강북구 4.19로 8,127.01340050577141,37.64818834358305,http://place.map.kakao.com/1184456134,2026-09-30,Kakao Local keyword search
11898038,adult_nightlife,유흥주점,준코뮤직타운 종각점,"가정,생활 > 유흥시설 > 유흥주점 > 준코뮤직타운",서울 종로구 인사동 262,서울 종로구 종로 63-8,126.98471283259445,37.570646265350966,http://place.map.kakao.com/11898038,2026-09-30,Kakao Local keyword search
11950765,adult_nightlife,유흥주점,가라오케 파샤,"가정,생활 > 유흥시설 > 유흥주점",서울 강남구 신사동 664-13,서울 강남구 선릉로 827,127.03982132418191,37.52593766959376,http://place.map.kakao.com/11950765,2026-09-30,Kakao Local keyword search
12041381,adult_nightlife,유흥주점,준코뮤직타운 장안점,"가정,생활 > 유흥시설 > 유흥주점 > 준코뮤직타운",서울 동대문구 장안동 365-6,서울 동대문구 장한로 92,127.069808737461,37.5688111100206,http://place.map.kakao.com/12041381,2026-09-30,Kakao Local keyword search
12131962,adult_nightlife,유흥주점,클라우드,"가정,생활 > 유흥시설 > 유흥주점",서울 영등포구 여의도동 44-37,서울 영등포구 여의대방로 375,126.930780776573,37.5188744747319,http://place.map.kakao.com/12131962,2026-09-30,Kakao Local keyword search
1216965525,adult_nightlife,유흥주점,퀄리티,"가정,생활 > 유흥시설 > 유흥주점",서울 강남구 신사동 588-21,서울 강남구 도산대로 217,127.030560781892,37.5208270594325,http://place.map.kakao.com/1216965525,2026-09-30,Kakao Local keyword search
12186914,adult_nightlife,유흥주점,공간주점,"가정,생활 > 유흥시설 > 유흥주점",서울 성북구 장위동 75-111,서울 성북구 돌곶이로 143,127.05245435761215,37.614633737315856,http://place.map.kakao.com/12186914,2026-09-30,Kakao Local keyword search
12275770,adult_nightlife,유흥주점,준코뮤직타운 창동점,"가정,생활 > 유흥시설 > 유흥주점 > 준코뮤직타운",서울 도봉구 창동 9-2,서울 도봉구 노해로 381,127.050468446937,37.6525552850839,http://place.map.kakao.com/12275770,2026-09-30,Kakao Local keyword search
12275935,adult_nightlife,유흥주점,골뱅이호프,"가정,생활 > 유흥시설 > 유흥주점",서울 중랑구 망우동 531-35,서울 중랑구 겸재로 263,127.096795212907,37.5906754007835,http://place.map.kakao.com/12275935,2026-09-30,Kakao Local keyword search
1228283330,adult_nightlife,유흥주점,그집앞,"가정,생활 > 유흥시설 > 유흥주점",서울 은평구 녹번동 144-1,서울 은평구 진흥로 112,126.92330891808733,37.60650346538668,http://place.map.kakao.com/1228283330,2026-09-30,Kakao Local keyword search
12342752,adult_nightlife,유흥주점,노부사7080라이브,"가정,생활 > 유흥시설 > 유흥주점",경기 구리시 수택동 433-49,경기 구리시 안골로 98,127.142152734331,37.5972607840939,http://place.map.kakao.com/12342752,2026-09-30,Kakao Local keyword search
1235804979,adult_nightlife,유흥주점,벅스노래바Q,"가정,생활 > 유흥시설 > 유흥주점",서울 용산구 남영동 61-6,서울 용산구 한강대로 280-2,126.97277600756406,37.54338984645133,http://place.map.kakao.com/1235804979,2026-09-30,Kakao Local keyword search
1236786716,adult_nightlife,유흥주점,소풍라이브,"가정,생활 > 유흥시설 > 유흥주점",서울 중랑구 면목동 392-41,서울 중랑구 면목로 206,127.08360658418718,37.57144926868593,http://place.map.kakao.com/1236786716,2026-09-30,Kakao Local keyword search
1236927583,adult_nightlife,유흥주점,코모도,"가정,생활 > 유흥시설 > 유흥주점",경기 남양주시 별내동 1006-1,경기 남양주시 별내중앙로 30,127.12568395976561,37.64591564752804,http://place.map.kakao.com/1236927583,2026-09-30,Kakao Local keyword search
1237716238,adult_nightlife,유흥주점,하트,"가정,생활 > 유흥시설 > 유흥주점",서울 동대문구 전농동 295-307,서울 동대문구 전농로16길 12,127.057902427958,37.5782563710251,http://place.map.kakao.com/1237716238,2026-09-30,Kakao Local keyword search
1243791966,adult_nightlife,유흥주점,바플라이 달밤 2호점,"가정,생활 > 유흥시설 > 유흥주점",서울 서대문구 창천동 52-53,서울 서대문구 연세로7안길 13,126.936054891532,37.5579799513103,http://place.map.kakao.com/1243791966,2026-09-30,Kakao Local keyword search
1244516144,adult_nightlife,유흥주점,다소다,"가정,생활 > 유흥시설 > 유흥주점",서울 강남구 역삼동 736-40,서울 강남구 테헤란로22길 9,127.035238417598,37.4993449072515,http://place.map.kakao.com/1244516144,2026-09-30,Kakao Local keyword search
1254531579,adult_nightlife,유흥주점,단밤,"가정,생활 > 유흥시설 > 유흥주점",서울 종로구 종로5가 38-1,서울 종로구 대학로2길 32,127.00373325596809,37.57145268585045,http://place.map.kakao.com/1254531579,2026-09-30,Kakao Local keyword search
1261433818,adult_nightlife,유흥주점,어텐션,"가정,생활 > 유흥시설 > 유흥주점",서울 마포구 서교동 410-9,서울 마포구 와우산로17길 11,126.922395816667,37.5500727172522,http://place.map.kakao.com/1261433818,2026-09-30,Kakao Local keyword search
1265537212,adult_nightlife,유흥주점,드라마라이브,"가정,생활 > 유흥시설 > 유흥주점",경기 구리시 교문동 229-13,경기 구리시 체육관로 159,127.136070378811,37.5988960427673,http://place.map.kakao.com/1265537212,2026-09-30,Kakao Local keyword search
127220866,adult_nightlife,유흥주점,홍우노래바,"가정,생활 > 유흥시설 > 유흥주점",서울 영등포구 여의도동 43-3,서울 영등포구 국제금융로 78,126.931299288897,37.5208713999322,http://place.map.kakao.com/127220866,2026-09-30,Kakao Local keyword search
1274732743,adult_nightlife,유흥주점,팝콘노래방,"가정,생활 > 유흥시설 > 유흥주점",서울 강북구 수유동 191-14,서울 강북구 도봉로 345,127.025929714167,37.6386592485881,http://place.map.kakao.com/1274732743,2026-09-30,Kakao Local keyword search
1274835739,adult_nightlife,유흥주점,울리불리7080,"가정,생활 > 유흥시설 > 유흥주점",서울 동작구 상도1동 755,서울 동작구 상도로 275,126.94826285662944,37.502950966152696,http://place.map.kakao.com/1274835739,2026-09-30,Kakao Local keyword search
1281568074,adult_nightlife,유흥주점,별이빛나는밤에,"가정,생활 > 유흥시설 > 유흥주점",경기 구리시 수택동 424-7,경기 구리시 안골로103번길 18,127.142313420481,37.5983922344495,http://place.map.kakao.com/1281568074,2026-09-30,Kakao Local keyword search
1286356760,adult_nightlife,유흥주점,BMW,"가정,생활 > 유흥시설 > 유흥주점",서울 송파구 방이동 39-12,서울 송파구 오금로11길 29-14,127.110382976268,37.5158635607389,http://place.map.kakao.com/1286356760,2026-09-30,Kakao Local keyword search
1301447039,adult_nightlife,유흥주점,리버,"가정,생활 > 유흥시설 > 유흥주점",서울 광진구 광장동 322-7,서울 광진구 아차산로76가길 11,127.107350954333,37.5470337786351,http://place.map.kakao.com/1301447039,2026-09-30,Kakao Local keyword search
1302035492,adult_nightlife,유흥주점,오빠,"가정,생활 > 유흥시설 > 유흥주점",서울 동작구 신대방동 375-15,서울 동작구 여의대방로22길 4,126.92006298187319,37.49752741235058,http://place.map.kakao.com/1302035492,2026-09-30,Kakao Local keyword search
1305035707,adult_nightlife,유흥주점,초원,"가정,생활 > 유흥시설 > 유흥주점",서울 강동구 천호동 315-25,서울 강동구 올림픽로92길 16,127.1276279827861,37.547571321223806,http://place.map.kakao.com/1305035707,2026-09-30,Kakao Local keyword search
1322078806,adult_nightlife,유흥주점,뉴본7080라이브,"가정,생활 > 유흥시설 > 유흥주점",서울 강북구 번동 418-9,서울 강북구 도봉로 350,127.02668767297,37.6386185352531,http://place.map.kakao.com/1322078806,2026-09-30,Kakao Local keyword search
1337758436,adult_nightlife,유흥주점,쉘부르라이브,"가정,생활 > 유흥시설 > 유흥주점",서울 강동구 명일동 324-3,서울 강동구 양재대로 1622,127.14410483532441,37.55021210842477,http://place.map.kakao.com/1337758436,2026-09-30,Kakao Local keyword search
1339227965,adult_nightlife,유흥주점,애플,"가정,생활 > 유흥시설 > 유흥주점",서울 마포구 용강동 51-1,서울 마포구 토정로 314,126.943572359505,37.5396475619375,http://place.map.kakao.com/1339227965,2026-09-30,Kakao Local keyword search
1341980201,adult_nightlife,유흥주점,쇼킹라이브7080,"가정,생활 > 유흥시설 > 유흥주점",경기 구리시 수택동 381-21,경기 구리시 안골로63번길 28-11,127.138898764317,37.5987206589064,http://place.map.kakao.com/1341980201,2026-09-30,Kakao Local keyword search
1353894414,adult_nightlife,유흥주점,2.4,"가정,생활 > 유흥시설 > 유흥주점",서울 강남구 신사동 588-19,서울 강남구 도산대로 221,127.030895693332,37.5210044698631,http://place.map.kakao.com/1353894414,2026-09-30,Kakao Local keyword search
1353896565,adult_nightlife,유흥주점,나인,"가정,생활 > 유흥시설 > 유흥주점",서울 강남구 논현동 192-21,서울 강남구 봉은사로 177,127.033188280138,37.5073698566435,http://place.map.kakao.com/1353896565,2026-09-30,Kakao Local keyword search
1358318942,adult_nightlife,유흥주점,별이빛나는밤에7080,"가정,생활 > 유흥시설 > 유흥주점",서울 강동구 성내동 244-14,서울 강동구 천호대로176길 10,127.13616512236139,37.53401796486026,http://place.map.kakao.com/1358318942,2026-09-30,Kakao Local keyword search
1360039172,adult_nightlife,유흥주점,발리노래방,"가정,생활 > 유흥시설 > 유흥주점",서울 도봉구 창동 16,서울 도봉구 노해로 389,127.051328653898,37.6527062790289,http://place.map.kakao.com/1360039172,2026-09-30,Kakao Local keyword search
1363956103,adult_nightlife,유흥주점,연예인7080,"가정,생활 > 유흥시설 > 유흥주점",서울 은평구 응암동 601-32,서울 은평구 응암로 184-1,126.917146503622,37.5885245302162,http://place.map.kakao.com/1363956103,2026-09-30,Kakao Local keyword search
1364070967,adult_nightlife,유흥주점,벤츠7080,"가정,생활 > 유흥시설 > 유흥주점",서울 은평구 대조동 12-2,서울 은평구 불광로 17,126.928059758231,37.610056355136,http://place.map.kakao.com/1364070967,2026-09-30,Kakao Local keyword search
1367805145,adult_nightlife,유흥주점,노래하는킹왕짱,"가정,생활 > 유흥시설 > 유흥주점",서울 은평구 불광동 281-82,서울 은평구 통일로66길 5-1,126.9308114392951,37.610531920718614,http://place.map.kakao.com/1367805145,2026-09-30,Kakao Local keyword search
1372583996,adult_nightlife,유흥주점,달리는토끼,"가정,생활 > 유흥시설 > 유흥주점",서울 강남구 역삼동 604-7,서울 강남구 봉은사로 150,127.03115863680588,37.50588735508993,http://place.map.kakao.com/1372583996,2026-09-30,Kakao Local keyword search
1383243642,adult_nightlife,유흥주점,건대더블유,"가정,생활 > 유흥시설 > 유흥주점",서울 광진구 화양동 23-40,서울 광진구 동일로 166,127.066990978365,37.5469049976707,http://place.map.kakao.com/1383243642,2026-09-30,Kakao Local keyword search
1383570584,adult_nightlife,유흥주점,레이크7080라이브,"가정,생활 > 유흥시설 > 유흥주점",서울 송파구 송파동 7-12,서울 송파구 백제고분로41길 45,127.10539909495625,37.50935745975158,http://place.map.kakao.com/1383570584,2026-09-30,Kakao Local keyword search
1387976200,adult_nightlife,유흥주점,18번가 가요리믹스,"가정,생활 > 유흥시설 > 유흥주점",서울 종로구 관철동 32-4,서울 종로구 청계천로 71,126.98559497451669,37.56886871226437,http://place.map.kakao.com/1387976200,2026-09-30,Kakao Local keyword search
1400863222,adult_nightlife,유흥주점,준코뮤직타운 종각1호점,"가정,생활 > 유흥시설 > 유흥주점 > 준코뮤직타운",서울 종로구 관철동 7-11,서울 종로구 종로14길 19,126.987050610352,37.5690689019188,http://place.map.kakao.com/1400863222,2026-09-30,Kakao Local keyword search
1405344784,adult_nightlife,유흥주점,인트로 가라오케,"가정,생활 > 유흥시설 > 유흥주점",서울 강남구 신사동 587-1,서울 강남구 도산대로 205,127.0287801322484,37.52050314569288,http://place.map.kakao.com/1405344784,2026-09-30,Kakao Local keyword search
1405974700,adult_nightlife,유흥주점,라틴바,"가정,생활 > 유흥시설 > 유흥주점",서울 강남구 역삼동 824-38,서울 강남구 테헤란로6길 9,127.030838718362,37.4980036383503,http://place.map.kakao.com/1405974700,2026-09-30,Kakao Local keyword search
14076778,adult_nightlife,유흥주점,체리룸가요장,"가정,생활 > 유흥시설 > 유흥주점",경기 구리시 교문동 193-7,경기 구리시 체육관로 151-1,127.136334182193,37.5982515302144,http://place.map.kakao.com/14076778,2026-09-30,Kakao Local keyword search
14078761,adult_nightlife,유흥주점,작은성노래바,"가정,생활 > 유흥시설 > 유흥주점",서울 동대문구 장안동 382-6,서울 동대문구 장한로21길 11-12,127.068713388632,37.5692081906056,http://place.map.kakao.com/14078761,2026-09-30,Kakao Local keyword search
1410475856,adult_nightlife,유흥주점,웸블리,"가정,생활 > 유흥시설 > 유흥주점",서울 강남구 논현동 237-5,서울 강남구 언주로 605,127.0372552529946,37.50938509270819,http://place.map.kakao.com/1410475856,2026-09-30,Kakao Local keyword search
1413785879,adult_nightlife,유흥주점,꽃자바,"가정,생활 > 유흥시설 > 유흥주점",서울 강남구 역삼동 718-9,서울 강남구 테헤란로28길 5,127.038822943848,37.500788997359,http://place.map.kakao.com/1413785879,2026-09-30,Kakao Local keyword search
1418153583,adult_nightlife,유흥주점,아우라룸클럽,"가정,생활 > 유흥시설 > 유흥주점",서울 강북구 수유동 86-1,서울 강북구 도봉로73길 11,127.023217556534,37.6321204615064,http://place.map.kakao.com/1418153583,2026-09-30,Kakao Local keyword search
1418257139,adult_nightlife,유흥주점,써니7080라이브,"가정,생활 > 유흥시설 > 유흥주점",서울 광진구 구의동 227-39,서울 광진구 구의로 58,127.090411738802,37.5431151031466,http://place.map.kakao.com/1418257139,2026-09-30,Kakao Local keyword search
14236208,adult_nightlife,유흥주점,세씨봉7080노래방,"가정,생활 > 유흥시설 > 유흥주점",서울 종로구 관철동 19-7,서울 종로구 삼일대로17길 40,126.985330019008,37.5692885435654,http://place.map.kakao.com/14236208,2026-09-30,Kakao Local keyword search
1426916784,adult_nightlife,유흥주점,스타,"가정,생활 > 유흥시설 > 유흥주점",서울 동대문구 장안동 366-2,서울 동대문구 장한로24길 8,127.071303492848,37.570628425167,http://place.map.kakao.com/1426916784,2026-09-30,Kakao Local keyword search
1434057765,adult_nightlife,유흥주점,7080라이브작은음악회,"가정,생활 > 유흥시설 > 유흥주점",서울 도봉구 방학동 668-8,서울 도봉구 방학로 184,127.031740762129,37.662431167242,http://place.map.kakao.com/1434057765,2026-09-30,Kakao Local keyword search
1436735057,adult_nightlife,유흥주점,던힐노래방,"가정,생활 > 유흥시설 > 유흥주점",서울 동작구 노량진동 28-7,서울 동작구 노량진로 90,126.935629466001,37.5130846650412,http://place.map.kakao.com/1436735057,2026-09-30,Kakao Local keyword search
143883878,adult_nightlife,유흥주점,샤샤,"가정,생활 > 유흥시설 > 유흥주점",서울 강북구 미아동 160-39,서울 강북구 도봉로 286,127.02359878143803,37.63392956526713,http://place.map.kakao.com/143883878,2026-09-30,Kakao Local keyword search
1439983199,adult_nightlife,유흥주점,영광노래광장,"가정,생활 > 유흥시설 > 유흥주점",서울 종로구 당주동 100,서울 종로구 세종대로23길 54,126.97332258618266,37.571850673521396,http://place.map.kakao.com/1439983199,2026-09-30,Kakao Local keyword search
14499742,adult_nightlife,유흥주점,초원의집,"가정,생활 > 유흥시설 > 유흥주점",서울 중구 북창동 120-2,서울 중구 남대문로1길 14,126.97763735895441,37.56163427620235,http://place.map.kakao.com/14499742,2026-09-30,Kakao Local keyword search
1450921568,adult_nightlife,유흥주점,짐,"가정,생활 > 유흥시설 > 유흥주점",서울 용산구 이태원동 137-67,서울 용산구 우사단로 36,126.995745933203,37.5334260432191,http://place.map.kakao.com/1450921568,2026-09-30,Kakao Local keyword search
14510898,adult_nightlife,유흥주점,모비딕,"가정,생활 > 유흥시설 > 유흥주점",서울 강동구 길동 352-9,서울 강동구 천중로 228,127.145611596875,37.5405948047291,http://place.map.kakao.com/14510898,2026-09-30,Kakao Local keyword search
1451364232,adult_nightlife,유흥주점,준코뮤직타운 노원점,"가정,생활 > 유흥시설 > 유흥주점 > 준코뮤직타운",서울 노원구 상계동 724-2,서울 노원구 노해로 492,127.062690521257,37.654441486425,http://place.map.kakao.com/1451364232,2026-09-30,Kakao Local keyword search
14534920,adult_nightlife,유흥주점,술,"가정,생활 > 유흥시설 > 유흥주점",서울 중랑구 신내동 648,서울 중랑구 신내로 225,127.091378967467,37.6170210601339,http://place.map.kakao.com/14534920,2026-09-30,Kakao Local keyword search
14734885,adult_nightlife,유흥주점,팝콘,"가정,생활 > 유흥시설 > 유흥주점",서울 종로구 낙원동 92,서울 종로구 삼일대로26길 10,126.98874225418542,37.57309472211568,http://place.map.kakao.com/14734885,2026-09-30,Kakao Local keyword search
14744867,adult_nightlife,유흥주점,갤럭시메들리,"가정,생활 > 유흥시설 > 유흥주점",서울 도봉구 도봉동 554,서울 도봉구 도봉산길 53,127.039730343947,37.6868615046442,http://place.map.kakao.com/14744867,2026-09-30,Kakao Local keyword search
1480020228,adult_nightlife,유흥주점,별이빛나는밤,"가정,생활 > 유흥시설 > 유흥주점",서울 은평구 갈현동 396-9,서울 은평구 통일로 855-20,126.919900591351,37.619748436615,http://place.map.kakao.com/1480020228,2026-09-30,Kakao Local keyword search
148725707,adult_nightlife,유흥주점,나르샤 단란주점,"가정,생활 > 유흥시설 > 유흥주점",경기 구리시 교문동 227-10,경기 구리시 경춘로 174-7,127.135060435806,37.6002315693635,http://place.map.kakao.com/148725707,2026-09-30,Kakao Local keyword search
1491265806,adult_nightlife,유흥주점,수7080라이브,"가정,생활 > 유흥시설 > 유흥주점",서울 동대문구 장안동 119-18,서울 동대문구 한천로 174,127.067933284907,37.5764697593315,http://place.map.kakao.com/1491265806,2026-09-30,Kakao Local keyword search
1492012661,adult_nightlife,유흥주점,보물섬,"가정,생활 > 유흥시설 > 유흥주점",서울 은평구 갈현동 395-25,서울 은평구 통일로 863-4,126.919822227549,37.6199411947349,http://place.map.kakao.com/1492012661,2026-09-30,Kakao Local keyword search
150612619,adult_nightlife,유흥주점,술마시는 힐링노래방,"가정,생활 > 유흥시설 > 유흥주점",서울 광진구 광장동 185-2,서울 광진구 아차산로78길 177,127.108260342791,37.5475239925548,http://place.map.kakao.com/150612619,2026-09-30,Kakao Local keyword search
1508027225,adult_nightlife,유흥주점,고래사냥노래주점,"가정,생활 > 유흥시설 > 유흥주점",서울 강북구 미아동 42-117,서울 강북구 월계로 19,127.032133093183,37.6102550064551,http://place.map.kakao.com/1508027225,2026-09-30,Kakao Local keyword search
150870035,adult_nightlife,유흥주점,힙지로단란주점,"가정,생활 > 유흥시설 > 유흥주점",서울 중구 을지로3가 95-6,서울 중구 충무로9길 14,126.991567265364,37.5671546950577,http://place.map.kakao.com/150870035,2026-09-30,Kakao Local keyword search
1521451243,adult_nightlife,유흥주점,비너스7080,"가정,생활 > 유흥시설 > 유흥주점",서울 마포구 노고산동 57-22,서울 마포구 신촌로18길 15,126.93507977315511,37.554830433437814,http://place.map.kakao.com/1521451243,2026-09-30,Kakao Local keyword search
1521633963,adult_nightlife,유흥주점,궁노래주점,"가정,생활 > 유흥시설 > 유흥주점",서울 중랑구 면목동 182-4,서울 중랑구 봉우재로 39,127.07757498005,37.5906661718445,http://place.map.kakao.com/1521633963,2026-09-30,Kakao Local keyword search
15224526,adult_nightlife,유흥주점,동경노래주점,"가정,생활 > 유흥시설 > 유흥주점",서울 도봉구 창동 581-76,서울 도봉구 덕릉로 239,127.038250176056,37.6392036963413,http://place.map.kakao.com/15224526,2026-09-30,Kakao Local keyword search
1523421024,adult_nightlife,유흥주점,술시,"가정,생활 > 유흥시설 > 유흥주점",서울 강동구 천호동 293-10,서울 강동구 구천면로 297,127.133851940765,37.546351686295,http://place.map.kakao.com/1523421024,2026-09-30,Kakao Local keyword search
1527004968,adult_nightlife,유흥주점,우리노래주점,"가정,생활 > 유흥시설 > 유흥주점",서울 강북구 수유동 191-38,서울 강북구 도봉로89길 12,127.025951453539,37.6392701115246,http://place.map.kakao.com/1527004968,2026-09-30,Kakao Local keyword search
15281321,adult_nightlife,유흥주점,얼바인,"가정,생활 > 유흥시설 > 유흥주점",서울 강남구 논현동 91-24,서울 강남구 언주로150길 7,127.035008823226,37.5210880165899,http://place.map.kakao.com/15281321,2026-09-30,Kakao Local keyword search
152865470,adult_nightlife,유흥주점,잘난남자노래바,"가정,생활 > 유흥시설 > 유흥주점",서울 마포구 동교동 147-6,서울 마포구 연희로 1,126.926080802258,37.5589084620615,http://place.map.kakao.com/152865470,2026-09-30,Kakao Local keyword search
1536850004,adult_nightlife,유흥주점,골든블루노래바,"가정,생활 > 유흥시설 > 유흥주점",서울 강북구 수유동 229-5,서울 강북구 도봉로 333,127.025051378436,37.6378701755349,http://place.map.kakao.com/1536850004,2026-09-30,Kakao Local keyword search
1540476341,adult_nightlife,유흥주점,7080라이브마당,"가정,생활 > 유흥시설 > 유흥주점",서울 노원구 중계동 154-19,서울 노원구 덕릉로83길 20-7,127.074364328169,37.6604856990392,http://place.map.kakao.com/1540476341,2026-09-30,Kakao Local keyword search
1544201205,adult_nightlife,유흥주점,행운별,"가정,생활 > 유흥시설 > 유흥주점",서울 중랑구 묵동 239-144,서울 중랑구 동일로163길 15,127.076445120039,37.6118329761825,http://place.map.kakao.com/1544201205,2026-09-30,Kakao Local keyword search
1551124654,adult_nightlife,유흥주점,노래타운 베리굿 홍대본점,"가정,생활 > 유흥시설 > 유흥주점",서울 마포구 서교동 407-27,서울 마포구 잔다리로 5-1,126.92231502430568,37.550501539278216,http://place.map.kakao.com/1551124654,2026-09-30,Kakao Local keyword search
1554936918,adult_nightlife,유흥주점,메이드바,"가정,생활 > 유흥시설 > 유흥주점",서울 동대문구 장안동 367-3,서울 동대문구 장한로24길 7,127.071502974908,37.5708968010611,http://place.map.kakao.com/1554936918,2026-09-30,Kakao Local keyword search
15552054,adult_nightlife,유흥주점,스타노래연습장,"가정,생활 > 유흥시설 > 유흥주점",서울 영등포구 여의도동 44-6,서울 영등포구 여의대방로67길 18,126.930363108977,37.5203734981319,http://place.map.kakao.com/15552054,2026-09-30,Kakao Local keyword search
1563311970,adult_nightlife,유흥주점,준코뮤직타운 구리수택점,"가정,생활 > 유흥시설 > 유흥주점 > 준코뮤직타운",경기 구리시 수택동 374-21,경기 구리시 체육관로172번길 34-5,127.13804098167,37.5996406753571,http://place.map.kakao.com/1563311970,2026-09-30,Kakao Local keyword search
156565340,adult_nightlife,유흥주점,하모니,"가정,생활 > 유흥시설 > 유흥주점",서울 강남구 역삼동 677-20,서울 강남구 테헤란로33길 6-7,127.040096197571,37.5026257228881,http://place.map.kakao.com/156565340,2026-09-30,Kakao Local keyword search
1567839233,adult_nightlife,유흥주점,헤븐,"가정,생활 > 유흥시설 > 유흥주점",서울 송파구 방이동 24-8,서울 송파구 올림픽로30길 6,127.107790594302,37.5152019155053,http://place.map.kakao.com/1567839233,2026-09-30,Kakao Local keyword search
1568607719,adult_nightlife,유흥주점,꽃길노래,"가정,생활 > 유흥시설 > 유흥주점",서울 송파구 잠실동 177-5,서울 송파구 올림픽로8길 10,127.079952338133,37.5108343486279,http://place.map.kakao.com/1568607719,2026-09-30,Kakao Local keyword search
1577666994,adult_nightlife,유흥주점,우주 후카바 홍대점,"가정,생활 > 유흥시설 > 유흥주점",서울 마포구 서교동 368-37,서울 마포구 잔다리로6길 20-8,126.920345610223,37.5518733482106,http://place.map.kakao.com/1577666994,2026-09-30,Kakao Local keyword search
1580393697,adult_nightlife,유흥주점,탈렌트노래방,"가정,생활 > 유흥시설 > 유흥주점",서울 용산구 남영동 62-9,서울 용산구 한강대로 280-1,126.972826939466,37.5433565212022,http://place.map.kakao.com/1580393697,2026-09-30,Kakao Local keyword search
15839473,adult_nightlife,유흥주점,팡팡노래주점,"가정,생활 > 유흥시설 > 유흥주점",서울 종로구 장사동 9-3,서울 종로구 돈화문로 12,126.992479345769,37.5695378902352,http://place.map.kakao.com/15839473,2026-09-30,Kakao Local keyword search
1585685084,adult_nightlife,유흥주점,열린노래방,"가정,생활 > 유흥시설 > 유흥주점",서울 동대문구 답십리동 494-5,서울 동대문구 천호대로 291-1,127.053488065858,37.5666347179805,http://place.map.kakao.com/1585685084,2026-09-30,Kakao Local keyword search
1586776921,adult_nightlife,유흥주점,눈사람노래주점,"가정,생활 > 유흥시설 > 유흥주점",서울 강동구 길동 414-1,서울 강동구 천호대로175길 58,127.137844530552,37.5373073695233,http://place.map.kakao.com/1586776921,2026-09-30,Kakao Local keyword search
1587850726,adult_nightlife,유흥주점,낙원7080,"가정,생활 > 유흥시설 > 유흥주점",서울 도봉구 방학동 673-10,서울 도봉구 방학로 125,127.038375547634,37.6626661533802,http://place.map.kakao.com/1587850726,2026-09-30,Kakao Local keyword search
1589701131,adult_nightlife,유흥주점,2번출구 노래밤,"가정,생활 > 유흥시설 > 유흥주점",서울 은평구 대조동 179-49,서울 은평구 서오릉로 72,126.922685675344,37.6068553456714,http://place.map.kakao.com/1589701131,2026-09-30,Kakao Local keyword search
1590681644,adult_nightlife,유흥주점,레이블,"가정,생활 > 유흥시설 > 유흥주점",서울 강남구 신사동 587-1,서울 강남구 도산대로 205,127.028780132248,37.5205031456861,http://place.map.kakao.com/1590681644,2026-09-30,Kakao Local keyword search
16039554,adult_nightlife,유흥주점,트랜스,"가정,생활 > 유흥시설 > 유흥주점",서울 용산구 이태원동 136-42,서울 용산구 우사단로12길 7,126.996040086153,37.5336386896906,http://place.map.kakao.com/16039554,2026-09-30,Kakao Local keyword search
16042735,adult_nightlife,유흥주점,동경,"가정,생활 > 유흥시설 > 유흥주점",서울 도봉구 창동 9-1,서울 도봉구 노해로 379,127.05030300869433,37.652569771467746,http://place.map.kakao.com/16042735,2026-09-30,Kakao Local keyword search
160478210,adult_nightlife,유흥주점,엠노래방,"가정,생활 > 유흥시설 > 유흥주점",서울 강남구 삼성동 143-29,서울 강남구 삼성로91길 24,127.05419293947402,37.506805266632455,http://place.map.kakao.com/160478210,2026-09-30,Kakao Local keyword search
1610877389,adult_nightlife,유흥주점,별밤,"가정,생활 > 유흥시설 > 유흥주점",서울 중랑구 망우동 134-22,서울 중랑구 망우로 487,127.10626072315448,37.600861072004385,http://place.map.kakao.com/1610877389,2026-09-30,Kakao Local keyword search
1612315614,adult_nightlife,유흥주점,잠자리노래장,"가정,생활 > 유흥시설 > 유흥주점",경기 구리시 수택동 418-18,경기 구리시 안골로85번길 13,127.140420686408,37.5981142934762,http://place.map.kakao.com/1612315614,2026-09-30,Kakao Local keyword search
16187917,adult_nightlife,유흥주점,블랙앤레드,"가정,생활 > 유흥시설 > 유흥주점",경기 구리시 수택동 373-2,경기 구리시 체육관로 168-1,127.136495243307,37.5996352652063,http://place.map.kakao.com/16187917,2026-09-30,Kakao Local keyword search
1619823587,adult_nightlife,유흥주점,모모7080라이브,"가정,생활 > 유흥시설 > 유흥주점",서울 강동구 길동 459-2,서울 강동구 천호대로 1135,127.137788688051,37.5346296628507,http://place.map.kakao.com/1619823587,2026-09-30,Kakao Local keyword search
1624557471,adult_nightlife,유흥주점,아바7080라이브,"가정,생활 > 유흥시설 > 유흥주점",서울 은평구 불광동 281-86,서울 은평구 불광로 40-7,126.930504330051,37.6107290568705,http://place.map.kakao.com/1624557471,2026-09-30,Kakao Local keyword search
1626540892,adult_nightlife,유흥주점,블랙홀노래주점,"가정,생활 > 유흥시설 > 유흥주점",서울 강동구 길동 446-2,서울 강동구 진황도로 90,127.136333924321,37.5360044753468,http://place.map.kakao.com/1626540892,2026-09-30,Kakao Local keyword search
16302345,adult_nightlife,유흥주점,크로바,"가정,생활 > 유흥시설 > 유흥주점",서울 노원구 상계동 387-69,서울 노원구 상계로24길 10,127.06979793949338,37.65783149466527,http://place.map.kakao.com/16302345,2026-09-30,Kakao Local keyword search
16376831,adult_nightlife,유흥주점,봉우리,"가정,생활 > 유흥시설 > 유흥주점",서울 강동구 명일동 312-80,서울 강동구 양재대로143길 17,127.142880492403,37.5514533690211,http://place.map.kakao.com/16376831,2026-09-30,Kakao Local keyword search
16448960,adult_nightlife,유흥주점,스케치,"가정,생활 > 유흥시설 > 유흥주점",서울 송파구 송파동 95-39,서울 송파구 가락로 137,127.110989668991,37.5023866710544,http://place.map.kakao.com/16448960,2026-09-30,Kakao Local keyword search
1648331337,adult_nightlife,유흥주점,아레나,"가정,생활 > 유흥시설 > 유흥주점",서울 종로구 종로6가 124-1,서울 종로구 종로 263,127.0071042701838,37.57135252065871,http://place.map.kakao.com/1648331337,2026-09-30,Kakao Local keyword search
1658152513,adult_nightlife,유흥주점,큐노래방,"가정,생활 > 유흥시설 > 유흥주점",서울 은평구 대조동 15-106,서울 은평구 통일로65길 17-1,126.928850230349,37.6089251919298,http://place.map.kakao.com/1658152513,2026-09-30,Kakao Local keyword search
166144425,adult_nightlife,유흥주점,제우스,"가정,생활 > 유흥시설 > 유흥주점",서울 강북구 수유동 47-69,서울 강북구 덕릉로 79,127.022603205475,37.6347983102619,http://place.map.kakao.com/166144425,2026-09-30,Kakao Local keyword search
1662885082,adult_nightlife,유흥주점,차차차노래빠,"가정,생활 > 유흥시설 > 유흥주점",서울 종로구 낙원동 207,서울 종로구 수표로 111,126.989051563367,37.5712296913833,http://place.map.kakao.com/1662885082,2026-09-30,Kakao Local keyword search
16650219,adult_nightlife,유흥주점,일번지노래방,"가정,생활 > 유흥시설 > 유흥주점",서울 도봉구 방학동 629-1,서울 도봉구 도당로13길 52,127.034147747807,37.666807460187,http://place.map.kakao.com/16650219,2026-09-30,Kakao Local keyword search
16679140,adult_nightlife,유흥주점,첫사랑,"가정,생활 > 유흥시설 > 유흥주점",서울 노원구 상계동 387-36,서울 노원구 상계로24길 23,127.07039492124852,37.6575563404674,http://place.map.kakao.com/16679140,2026-09-30,Kakao Local keyword search
166800862,adult_nightlife,유흥주점,88노래,"가정,생활 > 유흥시설 > 유흥주점",서울 영등포구 여의도동 44-35,서울 영등포구 여의대방로 379,126.930968210509,37.5192457976809,http://place.map.kakao.com/166800862,2026-09-30,Kakao Local keyword search
1668551089,adult_nightlife,유흥주점,바92,"가정,생활 > 유흥시설 > 유흥주점",서울 종로구 낙원동 110,서울 종로구 돈화문로11길 38,126.98931623845156,37.572674911804725,http://place.map.kakao.com/1668551089,2026-09-30,Kakao Local keyword search
16735382,adult_nightlife,유흥주점,라스베가스,"가정,생활 > 유흥시설 > 유흥주점",서울 강북구 수유동 57-80,서울 강북구 삼양로 306,127.01793339488475,37.63071404282642,http://place.map.kakao.com/16735382,2026-09-30,Kakao Local keyword search
1678022675,adult_nightlife,유흥주점,백야7080,"가정,생활 > 유흥시설 > 유흥주점",서울 강동구 명일동 324-3,서울 강동구 양재대로 1622,127.1440889210999,37.5501751869397,http://place.map.kakao.com/1678022675,2026-09-30,Kakao Local keyword search
16791168,adult_nightlife,유흥주점,백악관노래주점,"가정,생활 > 유흥시설 > 유흥주점",서울 용산구 동자동 43-172,서울 용산구 한강대로 353,126.97159561579224,37.549838919037136,http://place.map.kakao.com/16791168,2026-09-30,Kakao Local keyword search
16792128,adult_nightlife,유흥주점,워싱턴,"가정,생활 > 유흥시설 > 유흥주점",서울 중랑구 중화동 312-7,서울 중랑구 중랑역로 83,127.077697672779,37.6008599062941,http://place.map.kakao.com/16792128,2026-09-30,Kakao Local keyword search
16793599,adult_nightlife,유흥주점,분홍신,"가정,생활 > 유흥시설 > 유흥주점",서울 노원구 상계동 387-196,서울 노원구 상계로 136,127.06964642773164,37.65820459067192,http://place.map.kakao.com/16793599,2026-09-30,Kakao Local keyword search
1680374929,adult_nightlife,유흥주점,럭셔리노래주점,"가정,생활 > 유흥시설 > 유흥주점",서울 강북구 수유동 191-45,서울 강북구 도봉로 351,127.02626295187,37.6390493013229,http://place.map.kakao.com/1680374929,2026-09-30,Kakao Local keyword search
1692146680,adult_nightlife,유흥주점,두바이,"가정,생활 > 유흥시설 > 유흥주점",서울 은평구 불광동 281-176,서울 은평구 통일로 714-1,126.93086992658198,37.609747193481724,http://place.map.kakao.com/1692146680,2026-09-30,Kakao Local keyword search
1694506185,adult_nightlife,유흥주점,초콜렛7080,"가정,생활 > 유흥시설 > 유흥주점",서울 동대문구 장안동 286-7,서울 동대문구 사가정로 238,127.071281619744,37.5785580912885,http://place.map.kakao.com/1694506185,2026-09-30,Kakao Local keyword search
16984847,adult_nightlife,유흥주점,성동차차차,"가정,생활 > 유흥시설 > 유흥주점",서울 중구 흥인동 15,서울 중구 퇴계로 417,127.017815985754,37.5659436144145,http://place.map.kakao.com/16984847,2026-09-30,Kakao Local keyword search
16985324,adult_nightlife,유흥주점,머무는곳,"가정,생활 > 유흥시설 > 유흥주점",서울 중구 충무로4가 130-2,서울 중구 충무로2길 34-2,126.99505161245628,37.56222644313901,http://place.map.kakao.com/16985324,2026-09-30,Kakao Local keyword search
16985516,adult_nightlife,유흥주점,모델비지니스클럽,"가정,생활 > 유흥시설 > 유흥주점",서울 중구 충무로4가 149-1,서울 중구 충무로2길 20,126.99423894211864,37.56238227869835,http://place.map.kakao.com/16985516,2026-09-30,Kakao Local keyword search
16985829,adult_nightlife,유흥주점,위드노라바,"가정,생활 > 유흥시설 > 유흥주점",서울 종로구 창신동 459-25,서울 종로구 종로48길 15-4,127.0120442441805,37.57159178474823,http://place.map.kakao.com/16985829,2026-09-30,Kakao Local keyword search
16985949,adult_nightlife,유흥주점,쏘렌토,"가정,생활 > 유흥시설 > 유흥주점",서울 영등포구 신길동 69-6,서울 영등포구 영등포로 397-1,126.922465342382,37.513528160432,http://place.map.kakao.com/16985949,2026-09-30,Kakao Local keyword search
16987635,adult_nightlife,유흥주점,메들리7080,"가정,생활 > 유흥시설 > 유흥주점",서울 동대문구 답십리동 952-18,서울 동대문구 천호대로 343,127.057869518046,37.5635233142536,http://place.map.kakao.com/16987635,2026-09-30,Kakao Local keyword search
16988440,adult_nightlife,유흥주점,올인단란주점,"가정,생활 > 유흥시설 > 유흥주점",서울 마포구 아현동 347-1,서울 마포구 신촌로 236-1,126.951927552371,37.5568999771387,http://place.map.kakao.com/16988440,2026-09-30,Kakao Local keyword search
16988886,adult_nightlife,유흥주점,열애,"가정,생활 > 유흥시설 > 유흥주점",서울 종로구 낙원동 65-1,서울 종로구 삼일대로 432,126.988181895682,37.5732099947065,http://place.map.kakao.com/16988886,2026-09-30,Kakao Local keyword search
16988902,adult_nightlife,유흥주점,탬버린,"가정,생활 > 유흥시설 > 유흥주점",서울 종로구 창신동 464-4,서울 종로구 종로46길 1,127.01102769674941,37.571379249217856,http://place.map.kakao.com/16988902,2026-09-30,Kakao Local keyword search
16989474,adult_nightlife,유흥주점,일번지단란주점,"가정,생활 > 유흥시설 > 유흥주점",서울 동작구 상도동 170-10,서울 동작구 상도로 206,126.94151275879653,37.50497302654187,http://place.map.kakao.com/16989474,2026-09-30,Kakao Local keyword search
16989878,adult_nightlife,유흥주점,동작회관,"가정,생활 > 유흥시설 > 유흥주점",서울 동작구 신대방동 347-13,서울 동작구 보라매로 106,126.928374792372,37.4987121613359,http://place.map.kakao.com/16989878,2026-09-30,Kakao Local keyword search
16990060,adult_nightlife,유흥주점,무크단란주점,"가정,생활 > 유흥시설 > 유흥주점",서울 중랑구 묵동 168-18,서울 중랑구 중랑역로 257,127.076612299784,37.6158170389413,http://place.map.kakao.com/16990060,2026-09-30,Kakao Local keyword search
16990469,adult_nightlife,유흥주점,미나미,"가정,생활 > 유흥시설 > 유흥주점",서울 종로구 낙원동 94,서울 종로구 수표로 134,126.988430971313,37.5729829686533,http://place.map.kakao.com/16990469,2026-09-30,Kakao Local keyword search
16990622,adult_nightlife,유흥주점,묻지마관광,"가정,생활 > 유흥시설 > 유흥주점",서울 은평구 불광동 281-136,서울 은평구 통일로66길 8,126.931108195936,37.6105059656507,http://place.map.kakao.com/16990622,2026-09-30,Kakao Local keyword search
16990935,adult_nightlife,유흥주점,음치노래방,"가정,생활 > 유흥시설 > 유흥주점",서울 종로구 낙원동 198,서울 종로구 수표로 108,126.989504398072,37.5709035722355,http://place.map.kakao.com/16990935,2026-09-30,Kakao Local keyword search
16991177,adult_nightlife,유흥주점,샤갈노래주점,"가정,생활 > 유흥시설 > 유흥주점",서울 종로구 숭인동 316-2,서울 종로구 지봉로 18,127.015974498818,37.5717210616549,http://place.map.kakao.com/16991177,2026-09-30,Kakao Local keyword search
16993225,adult_nightlife,유흥주점,잼,"가정,생활 > 유흥시설 > 유흥주점",서울 은평구 갈현동 425-4,,126.91720403644356,37.623333682760254,http://place.map.kakao.com/16993225,2026-09-30,Kakao Local keyword search
16993981,adult_nightlife,유흥주점,만추,"가정,생활 > 유흥시설 > 유흥주점",서울 은평구 대조동 15-224,서울 은평구 진흥로 163,126.9278365351593,37.60899665557287,http://place.map.kakao.com/16993981,2026-09-30,Kakao Local keyword search
16994020,adult_nightlife,유흥주점,귀족노래타운,"가정,생활 > 유흥시설 > 유흥주점",서울 서대문구 창천동 72-5,서울 서대문구 연세로5다길 5,126.935042359878,37.5562107410061,http://place.map.kakao.com/16994020,2026-09-30,Kakao Local keyword search
16994649,adult_nightlife,유흥주점,K2,"가정,생활 > 유흥시설 > 유흥주점",서울 종로구 돈의동 90,서울 종로구 수표로22길 21,126.990514058605,37.571332531417,http://place.map.kakao.com/16994649,2026-09-30,Kakao Local keyword search
16994664,adult_nightlife,유흥주점,뮤즈,"가정,생활 > 유흥시설 > 유흥주점",서울 마포구 서교동 408-8,서울 마포구 어울마당로 56,126.921246191707,37.5499458163358,http://place.map.kakao.com/16994664,2026-09-30,Kakao Local keyword search
16995127,adult_nightlife,유흥주점,팡팡디스코메들리,"가정,생활 > 유흥시설 > 유흥주점",서울 서대문구 남가좌동 293-85,서울 서대문구 수색로 32,126.915117631452,37.569496802917,http://place.map.kakao.com/16995127,2026-09-30,Kakao Local keyword search
16995137,adult_nightlife,유흥주점,미르단란주점,"가정,생활 > 유흥시설 > 유흥주점",서울 은평구 응암동 85-30,서울 은평구 은평로11길 12-20,126.924326068653,37.6018739344484,http://place.map.kakao.com/16995137,2026-09-30,Kakao Local keyword search
16995272,adult_nightlife,유흥주점,갈무리스탠드바,"가정,생활 > 유흥시설 > 유흥주점",서울 은평구 불광동 281-171,서울 은평구 통일로 722,126.93049237489153,37.61018845639595,http://place.map.kakao.com/16995272,2026-09-30,Kakao Local keyword search
16995275,adult_nightlife,유흥주점,가라오케잼,"가정,생활 > 유흥시설 > 유흥주점",서울 마포구 서교동 403-17,서울 마포구 어울마당로 45-1,126.920527117079,37.5493290517075,http://place.map.kakao.com/16995275,2026-09-30,Kakao Local keyword search
16996054,adult_nightlife,유흥주점,지프,"가정,생활 > 유흥시설 > 유흥주점",서울 은평구 갈현동 403-15,서울 은평구 통일로83길 9,126.9189059154215,37.62084818213685,http://place.map.kakao.com/16996054,2026-09-30,Kakao Local keyword search
16996189,adult_nightlife,유흥주점,타임 노래방,"가정,생활 > 유흥시설 > 유흥주점",서울 은평구 대조동 185-10,서울 은평구 통일로 833-4,126.921750092257,37.6177873262487,http://place.map.kakao.com/16996189,2026-09-30,Kakao Local keyword search
16996209,adult_nightlife,유흥주점,미주룸비지니스,"가정,생활 > 유흥시설 > 유흥주점",서울 중랑구 상봉동 89-1,서울 중랑구 망우로50길 15,127.089170603038,37.5964297331316,http://place.map.kakao.com/16996209,2026-09-30,Kakao Local keyword search
16996244,adult_nightlife,유흥주점,킹노래팡,"가정,생활 > 유흥시설 > 유흥주점",서울 은평구 대조동 15-194,서울 은평구 진흥로 167,126.92831009664,37.6088320631568,http://place.map.kakao.com/16996244,2026-09-30,Kakao Local keyword search
16996327,adult_nightlife,유흥주점,보물섬스텐드빠,"가정,생활 > 유흥시설 > 유흥주점",서울 강북구 미아동 202-1,서울 강북구 도봉로 249,127.024066776429,37.6307201591036,http://place.map.kakao.com/16996327,2026-09-30,Kakao Local keyword search
16996491,adult_nightlife,유흥주점,리치술마시는노래방,"가정,생활 > 유흥시설 > 유흥주점",서울 광진구 광장동 323-2,서울 광진구 아차산로78길 182,127.107915302514,37.5475945862725,http://place.map.kakao.com/16996491,2026-09-30,Kakao Local keyword search
16997748,adult_nightlife,유흥주점,보스,"가정,생활 > 유흥시설 > 유흥주점",서울 마포구 동교동 161-17,서울 마포구 월드컵북로2길 5,126.92132145057745,37.5558627191497,http://place.map.kakao.com/16997748,2026-09-30,Kakao Local keyword search
16998575,adult_nightlife,유흥주점,똥파리,"가정,생활 > 유흥시설 > 유흥주점",서울 성동구 하왕십리동 966-14,서울 성동구 왕십리로 327,127.033257946721,37.5623939529483,http://place.map.kakao.com/16998575,2026-09-30,Kakao Local keyword search
16998644,adult_nightlife,유흥주점,황제,"가정,생활 > 유흥시설 > 유흥주점",서울 강동구 길동 458-2,서울 강동구 천호대로177길 16,127.137821228237,37.5350972439395,http://place.map.kakao.com/16998644,2026-09-30,Kakao Local keyword search
16998681,adult_nightlife,유흥주점,야시단란주점,"가정,생활 > 유흥시설 > 유흥주점",서울 성동구 마장동 478-39,서울 성동구 고산자로 341,127.037377152054,37.5700800181464,http://place.map.kakao.com/16998681,2026-09-30,Kakao Local keyword search
16998830,adult_nightlife,유흥주점,블루셀,"가정,생활 > 유흥시설 > 유흥주점",서울 강남구 삼성동 112-21,,127.044391171218,37.5097250082771,http://place.map.kakao.com/16998830,2026-09-30,Kakao Local keyword search
16998889,adult_nightlife,유흥주점,역전,"가정,생활 > 유흥시설 > 유흥주점",서울 강동구 암사동 512,서울 강동구 상암로 28,127.126745461408,37.5503257218929,http://place.map.kakao.com/16998889,2026-09-30,Kakao Local keyword search
16999578,adult_nightlife,유흥주점,월드컵,"가정,생활 > 유흥시설 > 유흥주점",서울 강동구 암사동 496-16,서울 강동구 상암로11길 8,127.128858912033,37.5500459270487,http://place.map.kakao.com/16999578,2026-09-30,Kakao Local keyword search
16999624,adult_nightlife,유흥주점,가야노래타운,"가정,생활 > 유흥시설 > 유흥주점",서울 마포구 구수동 57-3,서울 마포구 창전로 38,126.9321975698783,37.54575666195582,http://place.map.kakao.com/16999624,2026-09-30,Kakao Local keyword search
17001505,adult_nightlife,유흥주점,랑데뷰,"가정,생활 > 유흥시설 > 유흥주점",서울 강동구 암사동 511-20,서울 강동구 상암로 26,127.126437864768,37.5504521913671,http://place.map.kakao.com/17001505,2026-09-30,Kakao Local keyword search
17001898,adult_nightlife,유흥주점,왕과비,"가정,생활 > 유흥시설 > 유흥주점",서울 강북구 수유동 191-67,서울 강북구 한천로139길 29,127.025632987238,37.6390016876753,http://place.map.kakao.com/17001898,2026-09-30,Kakao Local keyword search
17002208,adult_nightlife,유흥주점,무학성단란주점,"가정,생활 > 유흥시설 > 유흥주점",서울 성북구 장위동 64-123,서울 성북구 돌곶이로 91,127.056474827346,37.6111540652039,http://place.map.kakao.com/17002208,2026-09-30,Kakao Local keyword search
17002253,adult_nightlife,유흥주점,티파니,"가정,생활 > 유흥시설 > 유흥주점",서울 송파구 풍납동 481-1,서울 송파구 올림픽로 607,127.122186423757,37.5360118516179,http://place.map.kakao.com/17002253,2026-09-30,Kakao Local keyword search
17002515,adult_nightlife,유흥주점,7080라이브,"가정,생활 > 유흥시설 > 유흥주점",서울 성동구 마장동 771-8,서울 성동구 마장로 309,127.043582909867,37.5668487220949,http://place.map.kakao.com/17002515,2026-09-30,Kakao Local keyword search
17002633,adult_nightlife,유흥주점,고구려노래클럽,"가정,생활 > 유흥시설 > 유흥주점",서울 노원구 상계동 705,서울 노원구 노해로 447,127.05774585542211,37.653970093775456,http://place.map.kakao.com/17002633,2026-09-30,Kakao Local keyword search
17003886,adult_nightlife,유흥주점,팡팡,"가정,생활 > 유흥시설 > 유흥주점",서울 중랑구 묵동 239-1,서울 중랑구 동일로 911,127.077201659864,37.6118054540305,http://place.map.kakao.com/17003886,2026-09-30,Kakao Local keyword search
17005192,adult_nightlife,유흥주점,게코노래타운,"가정,생활 > 유흥시설 > 유흥주점",서울 동대문구 장안동 366-1,서울 동대문구 장한로 116,127.071091913512,37.5707312662185,http://place.map.kakao.com/17005192,2026-09-30,Kakao Local keyword search
17005236,adult_nightlife,유흥주점,백악관,"가정,생활 > 유흥시설 > 유흥주점",서울 도봉구 방학동 703-21,서울 도봉구 도봉로145길 8,127.042171173035,37.6646785500415,http://place.map.kakao.com/17005236,2026-09-30,Kakao Local keyword search
17006020,adult_nightlife,유흥주점,준코뮤직타운 상봉점,"가정,생활 > 유흥시설 > 유흥주점 > 준코뮤직타운",서울 중랑구 상봉동 92-2,서울 중랑구 망우로 328,127.08888795537966,37.596800253656596,http://place.map.kakao.com/17006020,2026-09-30,Kakao Local keyword search
17006156,adult_nightlife,유흥주점,타임즈,"가정,생활 > 유흥시설 > 유흥주점",서울 강남구 청담동 125-16,서울 강남구 도산대로 535,127.051875741946,37.5250966798574,http://place.map.kakao.com/17006156,2026-09-30,Kakao Local keyword search
17006285,adult_nightlife,유흥주점,신세계룸클럽,"가정,생활 > 유흥시설 > 유흥주점",서울 도봉구 창동 10-3,서울 도봉구 노해로69길 15,127.050672710403,37.6529768574051,http://place.map.kakao.com/17006285,2026-09-30,Kakao Local keyword search
17006644,adult_nightlife,유흥주점,락메들리,"가정,생활 > 유흥시설 > 유흥주점",서울 은평구 응암동 104-40,서울 은평구 응암로 296,126.92071220376641,37.597851341795916,http://place.map.kakao.com/17006644,2026-09-30,Kakao Local keyword search
17006735,adult_nightlife,유흥주점,봄,"가정,생활 > 유흥시설 > 유흥주점",서울 강남구 논현동 242-53,서울 강남구 선릉로 659,127.041639130796,37.5154491887452,http://place.map.kakao.com/17006735,2026-09-30,Kakao Local keyword search
17009184,adult_nightlife,유흥주점,유토피아,"가정,생활 > 유흥시설 > 유흥주점",서울 중랑구 묵동 245-1,서울 중랑구 동일로 869,127.077949721152,37.6079955803827,http://place.map.kakao.com/17009184,2026-09-30,Kakao Local keyword search
17011029,adult_nightlife,유흥주점,만남의광장,"가정,생활 > 유흥시설 > 유흥주점",서울 도봉구 도봉동 623-83,서울 도봉구 도봉로156길 32,127.046156516123,37.6725552291729,http://place.map.kakao.com/17011029,2026-09-30,Kakao Local keyword search
17011456,adult_nightlife,유흥주점,슈퍼모델미인클럽,"가정,생활 > 유흥시설 > 유흥주점",서울 광진구 화양동 24-1,서울 광진구 동일로 164,127.0669455716,37.5467455466341,http://place.map.kakao.com/17011456,2026-09-30,Kakao Local keyword search
17011471,adult_nightlife,유흥주점,카지노노래주점,"가정,생활 > 유흥시설 > 유흥주점",서울 강북구 수유동 191-61,서울 강북구 도봉로89길 5-6,127.0256782644324,37.63887734191604,http://place.map.kakao.com/17011471,2026-09-30,Kakao Local keyword search
17011739,adult_nightlife,유흥주점,팡팡,"가정,생활 > 유흥시설 > 유흥주점",서울 용산구 한강로2가 93-3,서울 용산구 한강대로 144,126.97091340325399,37.531920569066486,http://place.map.kakao.com/17011739,2026-09-30,Kakao Local keyword search
17012022,adult_nightlife,유흥주점,워싱턴,"가정,생활 > 유흥시설 > 유흥주점",서울 도봉구 방학동 706,서울 도봉구 도봉로 700,127.04348377893747,37.66686205065611,http://place.map.kakao.com/17012022,2026-09-30,Kakao Local keyword search
17012052,adult_nightlife,유흥주점,메이비,"가정,생활 > 유흥시설 > 유흥주점",서울 강남구 논현동 93-4,서울 강남구 도산대로 332,127.038262916657,37.522499779517,http://place.map.kakao.com/17012052,2026-09-30,Kakao Local keyword search
17012511,adult_nightlife,유흥주점,7080불놀이야,"가정,생활 > 유흥시설 > 유흥주점",서울 중랑구 망우동 490-13,서울 중랑구 용마산로115길 92,127.095255883962,37.598216148757,http://place.map.kakao.com/17012511,2026-09-30,Kakao Local keyword search
17012718,adult_nightlife,유흥주점,아바타노래장,"가정,생활 > 유흥시설 > 유흥주점",서울 도봉구 창동 12-1,서울 도봉구 노해로69길 21-11,127.050110734292,37.6531212546808,http://place.map.kakao.com/17012718,2026-09-30,Kakao Local keyword search
17013299,adult_nightlife,유흥주점,명성노래,"가정,생활 > 유흥시설 > 유흥주점",서울 용산구 남영동 88-3,서울 용산구 한강대로 264,126.973196373662,37.5418240053458,http://place.map.kakao.com/17013299,2026-09-30,Kakao Local keyword search
17013986,adult_nightlife,유흥주점,람바다,"가정,생활 > 유흥시설 > 유흥주점",서울 도봉구 창동 715-7,서울 도봉구 도봉로 572,127.03928428115404,37.6557949677467,http://place.map.kakao.com/17013986,2026-09-30,Kakao Local keyword search
17014307,adult_nightlife,유흥주점,보스톤,"가정,생활 > 유흥시설 > 유흥주점",서울 용산구 이촌동 302-65,서울 용산구 이촌로54길 13,126.967593095753,37.5207968342278,http://place.map.kakao.com/17014307,2026-09-30,Kakao Local keyword search
17068186,adult_nightlife,유흥주점,치치,"가정,생활 > 유흥시설 > 유흥주점",서울 강남구 청담동 120-2,서울 강남구 도산대로 505,127.04822822171975,37.524645922518474,http://place.map.kakao.com/17068186,2026-09-30,Kakao Local keyword search
1715614060,adult_nightlife,유흥주점,옥휴바,"가정,생활 > 유흥시설 > 유흥주점",서울 마포구 도화동 250-8,서울 마포구 삼개로 10-1,126.947399204687,37.5394619205517,http://place.map.kakao.com/1715614060,2026-09-30,Kakao Local keyword search
1726780083,adult_nightlife,유흥주점,라이언,"가정,생활 > 유흥시설 > 유흥주점",서울 강남구 삼성동 143,서울 강남구 테헤란로69길 16,127.052564392782,37.5069357472593,http://place.map.kakao.com/1726780083,2026-09-30,Kakao Local keyword search
1731681325,adult_nightlife,유흥주점,파레스노래타운 홍대점,"가정,생활 > 유흥시설 > 유흥주점",서울 마포구 서교동 354-2,서울 마포구 홍익로 29,126.92164312699516,37.55453125881095,http://place.map.kakao.com/1731681325,2026-09-30,Kakao Local keyword search
17317833,adult_nightlife,유흥주점,퀸가라오케,"가정,생활 > 유흥시설 > 유흥주점",서울 강남구 신사동 651-21,서울 강남구 도산대로 323,127.037050428253,37.5228966072433,http://place.map.kakao.com/17317833,2026-09-30,Kakao Local keyword search
17343059,adult_nightlife,유흥주점,스팅라이브,"가정,생활 > 유흥시설 > 유흥주점",경기 구리시 수택동 849-2,경기 구리시 체육관로80번길 32,127.139904564357,37.5915908311387,http://place.map.kakao.com/17343059,2026-09-30,Kakao Local keyword search
1737029969,adult_nightlife,유흥주점,현라이브7080,"가정,생활 > 유흥시설 > 유흥주점",서울 은평구 녹번동 155-30,서울 은평구 서오릉로 23,126.92536999168921,37.603190945922385,http://place.map.kakao.com/1737029969,2026-09-30,Kakao Local keyword search
1738913009,adult_nightlife,유흥주점,방송국,"가정,생활 > 유흥시설 > 유흥주점",경기 구리시 수택동 433-5,경기 구리시 안골로 90,127.14110646653012,37.59728096038992,http://place.map.kakao.com/1738913009,2026-09-30,Kakao Local keyword search
1746070857,adult_nightlife,유흥주점,수노래,"가정,생활 > 유흥시설 > 유흥주점",서울 중랑구 상봉동 89-17,서울 중랑구 봉우재로33길 79,127.08948330877512,37.595631218306906,http://place.map.kakao.com/1746070857,2026-09-30,Kakao Local keyword search
1767046631,adult_nightlife,유흥주점,소나무,"가정,생활 > 유흥시설 > 유흥주점",서울 강남구 역삼동 653,서울 강남구 봉은사로 230,127.037521537898,37.5081064826929,http://place.map.kakao.com/1767046631,2026-09-30,Kakao Local keyword search
1772061142,adult_nightlife,유흥주점,리미널스페이스,"가정,생활 > 유흥시설 > 유흥주점",서울 성북구 안암동5가 102-35,서울 성북구 고려대로26길 42-15,127.029092197414,37.5841748022906,http://place.map.kakao.com/1772061142,2026-09-30,Kakao Local keyword search
1772391464,adult_nightlife,유흥주점,첼로,"가정,생활 > 유흥시설 > 유흥주점",서울 강북구 수유동 229-35,서울 강북구 도봉로87길 7,127.025045819378,37.6381855214649,http://place.map.kakao.com/1772391464,2026-09-30,Kakao Local keyword search
1775843461,adult_nightlife,유흥주점,큐브뮤직타운,"가정,생활 > 유흥시설 > 유흥주점",서울 강북구 수유동 229-23,서울 강북구 도봉로87길 13,127.024812490512,37.6383855894238,http://place.map.kakao.com/1775843461,2026-09-30,Kakao Local keyword search
1798743923,adult_nightlife,유흥주점,유앤미가라오케,"가정,생활 > 유흥시설 > 유흥주점",서울 서초구 잠원동 18-5,서울 서초구 나루터로 64,127.01698720841499,37.51504625095827,http://place.map.kakao.com/1798743923,2026-09-30,Kakao Local keyword search
1801391719,adult_nightlife,유흥주점,등불라이브7080,"가정,생활 > 유흥시설 > 유흥주점",경기 구리시 수택동 373-7,경기 구리시 체육관로 164,127.13636903884243,37.59935700510791,http://place.map.kakao.com/1801391719,2026-09-30,Kakao Local keyword search
180311265,adult_nightlife,유흥주점,라이브별밤,"가정,생활 > 유흥시설 > 유흥주점",서울 동작구 상도동 365-1,서울 동작구 상도로15길 134,126.93822993011328,37.50475176080293,http://place.map.kakao.com/180311265,2026-09-30,Kakao Local keyword search
1803960813,adult_nightlife,유흥주점,샤방샤방,"가정,생활 > 유흥시설 > 유흥주점",서울 동작구 상도동 26-36,서울 동작구 상도로 210,126.942112330002,37.5050267317414,http://place.map.kakao.com/1803960813,2026-09-30,Kakao Local keyword search
1808087526,adult_nightlife,유흥주점,아이디,"가정,생활 > 유흥시설 > 유흥주점",서울 강남구 신사동 652-14,서울 강남구 도산대로 331,127.038121917478,37.5232963113786,http://place.map.kakao.com/1808087526,2026-09-30,Kakao Local keyword search
181056915,adult_nightlife,유흥주점,스타노래바,"가정,생활 > 유흥시설 > 유흥주점",서울 서대문구 북가좌동 293-7,서울 서대문구 응암로 100,126.912837442426,37.5815378313343,http://place.map.kakao.com/181056915,2026-09-30,Kakao Local keyword search
18106812,adult_nightlife,유흥주점,모리,"가정,생활 > 유흥시설 > 유흥주점",서울 용산구 보광동 217-10,서울 용산구 장문로 83-1,126.99898183731,37.5262181029354,http://place.map.kakao.com/18106812,2026-09-30,Kakao Local keyword search
1815193131,adult_nightlife,유흥주점,궁노래연습장,"가정,생활 > 유흥시설 > 유흥주점",서울 노원구 상계동 349-28,서울 노원구 노해로85길 15-7,127.065517353365,37.6563527355004,http://place.map.kakao.com/1815193131,2026-09-30,Kakao Local keyword search
1817640020,adult_nightlife,유흥주점,짱1노래주점,"가정,생활 > 유흥시설 > 유흥주점",서울 강동구 천호동 34-21,서울 강동구 상암로 175,127.141881621894,37.5462891523363,http://place.map.kakao.com/1817640020,2026-09-30,Kakao Local keyword search
1818374468,adult_nightlife,유흥주점,쎄시봉7080라이브,"가정,생활 > 유흥시설 > 유흥주점",서울 은평구 응암동 577-43,서울 은평구 응암로 209,126.917171170107,37.5907869388611,http://place.map.kakao.com/1818374468,2026-09-30,Kakao Local keyword search
1820638900,adult_nightlife,유흥주점,슈퍼모델룸크럽,"가정,생활 > 유흥시설 > 유흥주점",서울 노원구 상계동 710,서울 노원구 노해로77길 14-3,127.059226607905,37.6549244009554,http://place.map.kakao.com/1820638900,2026-09-30,Kakao Local keyword search
1820849203,adult_nightlife,유흥주점,간만에,"가정,생활 > 유흥시설 > 유흥주점",서울 도봉구 도봉동 618-40,서울 도봉구 시루봉로 301,127.042654438684,37.6713915808497,http://place.map.kakao.com/1820849203,2026-09-30,Kakao Local keyword search
1824519460,adult_nightlife,유흥주점,블루라이브7080,"가정,생활 > 유흥시설 > 유흥주점",서울 노원구 상계동 341-4,서울 노원구 노해로85길 17,127.064890551687,37.6562296474188,http://place.map.kakao.com/1824519460,2026-09-30,Kakao Local keyword search
1826829317,adult_nightlife,유흥주점,첼로,"가정,생활 > 유흥시설 > 유흥주점",서울 동대문구 장안동 372-14,서울 동대문구 장한로21길 8,127.06974323782255,37.57018877057476,http://place.map.kakao.com/1826829317,2026-09-30,Kakao Local keyword search
1827758189,adult_nightlife,유흥주점,갈무리7080라이브,"가정,생활 > 유흥시설 > 유흥주점",서울 은평구 불광동 281-171,서울 은평구 통일로 722,126.930512716575,37.6102362207915,http://place.map.kakao.com/1827758189,2026-09-30,Kakao Local keyword search
1828341191,adult_nightlife,유흥주점,동학라이브,"가정,생활 > 유흥시설 > 유흥주점",서울 중랑구 망우동 563-15,서울 중랑구 망우로 378-1,127.094268559283,37.5983043375766,http://place.map.kakao.com/1828341191,2026-09-30,Kakao Local keyword search
1835794974,adult_nightlife,유흥주점,한강썸라이브,"가정,생활 > 유흥시설 > 유흥주점",서울 광진구 광장동 322-3,서울 광진구 아차산로76길 32,127.107543330961,37.5470363065794,http://place.map.kakao.com/1835794974,2026-09-30,Kakao Local keyword search
1840355171,adult_nightlife,유흥주점,멀리건,"가정,생활 > 유흥시설 > 유흥주점",서울 강남구 논현동 248-7,서울 강남구 언주로 640,127.0358844215601,37.51408155143604,http://place.map.kakao.com/1840355171,2026-09-30,Kakao Local keyword search
1843408509,adult_nightlife,유흥주점,911,"가정,생활 > 유흥시설 > 유흥주점",서울 동대문구 장안동 367-3,서울 동대문구 장한로24길 7,127.071502974908,37.5708968010611,http://place.map.kakao.com/1843408509,2026-09-30,Kakao Local keyword search
18459361,adult_nightlife,유흥주점,세시봉,"가정,생활 > 유흥시설 > 유흥주점",서울 서대문구 창천동 57-6,서울 서대문구 연세로5가길 32,126.934900970137,37.5574216034863,http://place.map.kakao.com/18459361,2026-09-30,Kakao Local keyword search
1848944618,adult_nightlife,유흥주점,포시즌,"가정,생활 > 유흥시설 > 유흥주점",서울 성북구 동선동1가 4-8,서울 성북구 동소문로20길 29-11,127.017434828894,37.5914670315018,http://place.map.kakao.com/1848944618,2026-09-30,Kakao Local keyword search
18560758,adult_nightlife,유흥주점,글래머텍사스,"가정,생활 > 유흥시설 > 유흥주점",경기 구리시 교문동 227-16,경기 구리시 경춘로 180,127.135246431317,37.6003863266764,http://place.map.kakao.com/18560758,2026-09-30,Kakao Local keyword search
18612554,adult_nightlife,유흥주점,은하수단란주점,"가정,생활 > 유흥시설 > 유흥주점",서울 도봉구 방학동 672-27,서울 도봉구 방학로 135,127.037219520873,37.662665622829,http://place.map.kakao.com/18612554,2026-09-30,Kakao Local keyword search
18629939,adult_nightlife,유흥주점,사랑의종J라이브,"가정,생활 > 유흥시설 > 유흥주점",서울 노원구 상계동 693,서울 노원구 동일로 1426,127.060543159622,37.6559814857266,http://place.map.kakao.com/18629939,2026-09-30,Kakao Local keyword search
18636367,adult_nightlife,유흥주점,황금열차,"가정,생활 > 유흥시설 > 유흥주점",서울 종로구 종로5가 40,서울 종로구 대학로2길 30,127.003617794749,37.5714589964177,http://place.map.kakao.com/18636367,2026-09-30,Kakao Local keyword search
1863657086,adult_nightlife,유흥주점,노다지,"가정,생활 > 유흥시설 > 유흥주점",서울 노원구 상계동 389-486,서울 노원구 상계로23길 11,127.06872101004362,37.65872680183205,http://place.map.kakao.com/1863657086,2026-09-30,Kakao Local keyword search
18666271,adult_nightlife,유흥주점,쉘부르 7080라이브주점,"가정,생활 > 유흥시설 > 유흥주점",서울 송파구 석촌동 157,서울 송파구 송파대로49길 33,127.101088321928,37.5065509943684,http://place.map.kakao.com/18666271,2026-09-30,Kakao Local keyword search
1870265708,adult_nightlife,유흥주점,7080라이브노래주점,"가정,생활 > 유흥시설 > 유흥주점",서울 강동구 명일동 289-14,서울 강동구 구천면로 431-2,127.146695459361,37.5503494739894,http://place.map.kakao.com/1870265708,2026-09-30,Kakao Local keyword search
18717150,adult_nightlife,유흥주점,와와노래타운,"가정,생활 > 유흥시설 > 유흥주점",서울 중랑구 상봉동 89-17,서울 중랑구 봉우재로33길 79,127.08950030899,37.595643819294,http://place.map.kakao.com/18717150,2026-09-30,Kakao Local keyword search
18730834,adult_nightlife,유흥주점,준코뮤직타운 신사점,"가정,생활 > 유흥시설 > 유흥주점 > 준코뮤직타운",서울 강남구 신사동 514-15,서울 강남구 도산대로 123,127.021912819888,37.5174439115221,http://place.map.kakao.com/18730834,2026-09-30,Kakao Local keyword search
1874159961,adult_nightlife,유흥주점,청춘7080,"가정,생활 > 유흥시설 > 유흥주점",서울 강북구 수유동 182-44,서울 강북구 한천로150길 6,127.023112192068,37.6430764604414,http://place.map.kakao.com/1874159961,2026-09-30,Kakao Local keyword search
18766564,adult_nightlife,유흥주점,놀이터7080라이브,"가정,생활 > 유흥시설 > 유흥주점",서울 노원구 공릉동 661-11,서울 노원구 공릉로 95,127.078314448979,37.6188468450953,http://place.map.kakao.com/18766564,2026-09-30,Kakao Local keyword search
18772024,adult_nightlife,유흥주점,새천년가요방,"가정,생활 > 유흥시설 > 유흥주점",경기 구리시 교문동 227-8,경기 구리시 체육관로171번길 12,127.13522322867,37.6000800166134,http://place.map.kakao.com/18772024,2026-09-30,Kakao Local keyword search
18774168,adult_nightlife,유흥주점,밤사,"가정,생활 > 유흥시설 > 유흥주점",서울 강남구 신사동 514-9,서울 강남구 도산대로11길 5,127.022293010572,37.5178510939171,http://place.map.kakao.com/18774168,2026-09-30,Kakao Local keyword search
1879003151,adult_nightlife,유흥주점,대가,"가정,생활 > 유흥시설 > 유흥주점",서울 종로구 낙원동 173-1,서울 종로구 수표로 116,126.989389980406,37.571530654681,http://place.map.kakao.com/1879003151,2026-09-30,Kakao Local keyword search
1879351564,adult_nightlife,유흥주점,콘서트호프라이브,"가정,생활 > 유흥시설 > 유흥주점",서울 송파구 석촌동 52-12,서울 송파구 송파대로49길 37,127.100567750768,37.506317177468,http://place.map.kakao.com/1879351564,2026-09-30,Kakao Local keyword search
18824235,adult_nightlife,유흥주점,보라보라,"가정,생활 > 유흥시설 > 유흥주점",서울 용산구 이태원동 132-8,서울 용산구 우사단로 33,126.99545743650629,37.533253040277366,http://place.map.kakao.com/18824235,2026-09-30,Kakao Local keyword search
1883609508,adult_nightlife,유흥주점,7080쎄시봉,"가정,생활 > 유흥시설 > 유흥주점",서울 동작구 노량진동 29-6,서울 동작구 노량진로 86-1,126.935428145437,37.5130683370922,http://place.map.kakao.com/1883609508,2026-09-30,Kakao Local keyword search
1892182258,adult_nightlife,유흥주점,다모아7080생음악,"가정,생활 > 유흥시설 > 유흥주점",서울 강동구 명일동 312-79,서울 강동구 양재대로143길 15,127.14300947519914,37.55143879690615,http://place.map.kakao.com/1892182258,2026-09-30,Kakao Local keyword search
1893279040,adult_nightlife,유흥주점,여우비7080,"가정,생활 > 유흥시설 > 유흥주점",경기 구리시 수택동 376-3,경기 구리시 체육관로 156,127.13656129184932,37.59859814896456,http://place.map.kakao.com/1893279040,2026-09-30,Kakao Local keyword search
189752953,adult_nightlife,유흥주점,수은라이브,"가정,생활 > 유흥시설 > 유흥주점",서울 강북구 우이동 72-65,서울 강북구 삼양로 520,127.013920853659,37.649457768865524,http://place.map.kakao.com/189752953,2026-09-30,Kakao Local keyword search
1899402465,adult_nightlife,유흥주점,왕과비,"가정,생활 > 유흥시설 > 유흥주점",서울 도봉구 창동 331-2,서울 도봉구 노해로65길 17,127.0460101215502,37.65207778535252,http://place.map.kakao.com/1899402465,2026-09-30,Kakao Local keyword search
190187180,adult_nightlife,유흥주점,아이엠,"가정,생활 > 유흥시설 > 유흥주점",서울 송파구 방이동 38-11,서울 송파구 오금로11길 23-8,127.110065705777,37.5154872374359,http://place.map.kakao.com/190187180,2026-09-30,Kakao Local keyword search
19032222,adult_nightlife,유흥주점,허니클럽,"가정,생활 > 유흥시설 > 유흥주점",서울 동대문구 장안동 366-11,서울 동대문구 장한로 114,127.070969514359,37.5705763686984,http://place.map.kakao.com/19032222,2026-09-30,Kakao Local keyword search
19032776,adult_nightlife,유흥주점,폭스클럽,"가정,생활 > 유흥시설 > 유흥주점",서울 강북구 미아동 41-10,서울 강북구 월계로3길 5,127.031181679742,37.6101111033965,http://place.map.kakao.com/19032776,2026-09-30,Kakao Local keyword search
19033735,adult_nightlife,유흥주점,발리노래클럽,"가정,생활 > 유흥시설 > 유흥주점",서울 용산구 한강로1가 243-7,서울 용산구 한강대로 168-2,126.972674310686,37.5336968627678,http://place.map.kakao.com/19033735,2026-09-30,Kakao Local keyword search
1903786314,adult_nightlife,유흥주점,붐7080,"가정,생활 > 유흥시설 > 유흥주점",서울 송파구 가락동 17-1,서울 송파구 오금로36길 23-1,127.124401003548,37.5014741057987,http://place.map.kakao.com/1903786314,2026-09-30,Kakao Local keyword search
19042027,adult_nightlife,유흥주점,린스,"가정,생활 > 유흥시설 > 유흥주점",서울 영등포구 신길동 449-22,서울 영등포구 영등포로 400,126.92244435588673,37.513040703555674,http://place.map.kakao.com/19042027,2026-09-30,Kakao Local keyword search
19045684,adult_nightlife,유흥주점,스킨쉽,"가정,생활 > 유흥시설 > 유흥주점",경기 구리시 수택동 382-13,경기 구리시 체육관로172번길 50-3,127.139031810964,37.5996287004526,http://place.map.kakao.com/19045684,2026-09-30,Kakao Local keyword search
1913216001,adult_nightlife,유흥주점,뮤즈,"가정,생활 > 유흥시설 > 유흥주점",서울 강남구 역삼동 648-3,서울 강남구 강남대로94길 54,127.031733048777,37.5002396989513,http://place.map.kakao.com/1913216001,2026-09-30,Kakao Local keyword search
1915871370,adult_nightlife,유흥주점,너랑나랑7080,"가정,생활 > 유흥시설 > 유흥주점",서울 중랑구 묵동 162-4,서울 중랑구 중랑역로 274,127.078552930494,37.6162022870164,http://place.map.kakao.com/1915871370,2026-09-30,Kakao Local keyword search
1918148762,adult_nightlife,유흥주점,해피노래방,"가정,생활 > 유흥시설 > 유흥주점",서울 영등포구 여의도동 44-12,서울 영등포구 여의대방로67길 8,126.931126288327,37.5195594390057,http://place.map.kakao.com/1918148762,2026-09-30,Kakao Local keyword search
1918223153,adult_nightlife,유흥주점,토요일토요일은가요다,"가정,생활 > 유흥시설 > 유흥주점",서울 서초구 서초동 1308-4,서울 서초구 서초대로77길 45,127.0248836763501,37.50170907898161,http://place.map.kakao.com/1918223153,2026-09-30,Kakao Local keyword search
19208119,adult_nightlife,유흥주점,꽃길콜라텍,"가정,생활 > 유흥시설 > 유흥주점",경기 구리시 수택동 370,경기 구리시 경춘로 188,127.136333400967,37.6003057889553,http://place.map.kakao.com/19208119,2026-09-30,Kakao Local keyword search
19299683,adult_nightlife,유흥주점,정거장,"가정,생활 > 유흥시설 > 유흥주점",서울 은평구 대조동 186-39,서울 은평구 통일로 825,126.922702294389,37.6170599555535,http://place.map.kakao.com/19299683,2026-09-30,Kakao Local keyword search
19331118,adult_nightlife,유흥주점,톨레도,"가정,생활 > 유흥시설 > 유흥주점",서울 종로구 구기동 58-1,서울 종로구 진흥로 458,126.958948735748,37.6067996495927,http://place.map.kakao.com/19331118,2026-09-30,Kakao Local keyword search
1933215671,adult_nightlife,유흥주점,베리굿,"가정,생활 > 유흥시설 > 유흥주점",서울 서대문구 창천동 29-30,서울 서대문구 연세로4길 12,126.93774317424,37.5570050736251,http://place.map.kakao.com/1933215671,2026-09-30,Kakao Local keyword search
1946881556,adult_nightlife,유흥주점,장영라이브7080,"가정,생활 > 유흥시설 > 유흥주점",서울 성동구 행당동 251-2,서울 성동구 왕십리로 289,127.03609089150021,37.55994961782953,http://place.map.kakao.com/1946881556,2026-09-30,Kakao Local keyword search
19553655,adult_nightlife,유흥주점,그린7080라이브,"가정,생활 > 유흥시설 > 유흥주점",서울 송파구 거여동 129-73,서울 송파구 마천로 254,127.145218041987,37.4986770551801,http://place.map.kakao.com/19553655,2026-09-30,Kakao Local keyword search
1963234031,adult_nightlife,유흥주점,탑노래방,"가정,생활 > 유흥시설 > 유흥주점",서울 광진구 중곡동 244-3,서울 광진구 긴고랑로 34,127.079953606945,37.5628905387834,http://place.map.kakao.com/1963234031,2026-09-30,Kakao Local keyword search
1970418876,adult_nightlife,유흥주점,여보클럽,"가정,생활 > 유흥시설 > 유흥주점",서울 용산구 이태원동 126-15,서울 용산구 우사단로 46,126.995836402035,37.5342036102731,http://place.map.kakao.com/1970418876,2026-09-30,Kakao Local keyword search
1973617354,adult_nightlife,유흥주점,미니룸클럽,"가정,생활 > 유흥시설 > 유흥주점",경기 구리시 교문동 228-20,경기 구리시 체육관로 167-1,127.1359121051601,37.59966206687469,http://place.map.kakao.com/1973617354,2026-09-30,Kakao Local keyword search
1974555132,adult_nightlife,유흥주점,도파민,"가정,생활 > 유흥시설 > 유흥주점",서울 강남구 삼성동 142-29,서울 강남구 선릉로92길 38,127.05183314545715,37.506037768370284,http://place.map.kakao.com/1974555132,2026-09-30,Kakao Local keyword search
1974789440,adult_nightlife,유흥주점,포텐노래타운,"가정,생활 > 유흥시설 > 유흥주점",서울 강동구 천호동 454-65,서울 강동구 천호대로157길 15,127.126878193112,37.5385008716306,http://place.map.kakao.com/1974789440,2026-09-30,Kakao Local keyword search
19756933,adult_nightlife,유흥주점,몽,"가정,생활 > 유흥시설 > 유흥주점",서울 마포구 서교동 355-29,서울 마포구 홍익로5길 31,126.92093120201025,37.55363968986142,http://place.map.kakao.com/19756933,2026-09-30,Kakao Local keyword search
1977378517,adult_nightlife,유흥주점,플랙,"가정,생활 > 유흥시설 > 유흥주점",서울 용산구 이태원동 123-3,서울 용산구 이태원로27가길 5,126.99500363033,37.5349847456934,http://place.map.kakao.com/1977378517,2026-09-30,Kakao Local keyword search
19790379,adult_nightlife,유흥주점,그때그집,"가정,생활 > 유흥시설 > 유흥주점",서울 노원구 중계동 27-55,서울 노원구 중계로2길 88,127.0835026748,37.6435843580121,http://place.map.kakao.com/19790379,2026-09-30,Kakao Local keyword search
19790734,adult_nightlife,유흥주점,지투,"가정,생활 > 유흥시설 > 유흥주점",서울 종로구 낙원동 23,서울 종로구 삼일대로30길 21,126.988580203103,37.5742407720101,http://place.map.kakao.com/19790734,2026-09-30,Kakao Local keyword search
1981401934,adult_nightlife,유흥주점,샴푸노래,"가정,생활 > 유흥시설 > 유흥주점",서울 중랑구 망우동 563-12,서울 중랑구 용마산로115길 106,127.094499326823,37.5981158459607,http://place.map.kakao.com/1981401934,2026-09-30,Kakao Local keyword search
1993818310,adult_nightlife,유흥주점,7080JK라이브,"가정,생활 > 유흥시설 > 유흥주점",서울 중랑구 중화동 303-79,서울 중랑구 동일로 791,127.07925048733,37.601110250161,http://place.map.kakao.com/1993818310,2026-09-30,Kakao Local keyword search
19972894,adult_nightlife,유흥주점,필라이브7080,"가정,생활 > 유흥시설 > 유흥주점",서울 강동구 성내동 420,서울 강동구 성안로 72,127.13198644783438,37.52994928520494,http://place.map.kakao.com/19972894,2026-09-30,Kakao Local keyword search
2002907113,adult_nightlife,유흥주점,단짝가요장,"가정,생활 > 유흥시설 > 유흥주점",경기 남양주시 퇴계원읍 퇴계원리 218-55,경기 남양주시 퇴계원읍 경춘북로 537-1,127.14342391826,37.647726211933,http://place.map.kakao.com/2002907113,2026-09-30,Kakao Local keyword search
2006793439,adult_nightlife,유흥주점,가왕,"가정,생활 > 유흥시설 > 유흥주점",서울 동대문구 이문동 237-116,서울 동대문구 신이문로 34,127.065776198687,37.6028880738338,http://place.map.kakao.com/2006793439,2026-09-30,Kakao Local keyword search
2006914932,adult_nightlife,유흥주점,짱,"가정,생활 > 유흥시설 > 유흥주점",서울 중랑구 묵동 239-128,서울 중랑구 중랑역로 196,127.07613499348777,37.6109204749358,http://place.map.kakao.com/2006914932,2026-09-30,Kakao Local keyword search
2013052902,adult_nightlife,유흥주점,데이앤나잇,"가정,생활 > 유흥시설 > 유흥주점",서울 용산구 이태원동 116-1,서울 용산구 이태원로27가길 26,126.99378960198489,37.53510632319972,http://place.map.kakao.com/2013052902,2026-09-30,Kakao Local keyword search
2013995844,adult_nightlife,유흥주점,무지개7080,"가정,생활 > 유흥시설 > 유흥주점",서울 강동구 길동 412-12,서울 강동구 양재대로 1457,127.139046934821,37.5359076081314,http://place.map.kakao.com/2013995844,2026-09-30,Kakao Local keyword search
2018112920,adult_nightlife,유흥주점,코모도7080라이브,"가정,생활 > 유흥시설 > 유흥주점",경기 구리시 수택동 433-52,경기 구리시 안골로 100,127.142340945173,37.5973857949436,http://place.map.kakao.com/2018112920,2026-09-30,Kakao Local keyword search
2018957588,adult_nightlife,유흥주점,어우동,"가정,생활 > 유흥시설 > 유흥주점",서울 광진구 중곡동 211-22,서울 광진구 면목로 181,127.08292162518217,37.56930448241365,http://place.map.kakao.com/2018957588,2026-09-30,Kakao Local keyword search
2023997200,adult_nightlife,유흥주점,꽃길7080,"가정,생활 > 유흥시설 > 유흥주점",경기 구리시 수택동 373-13,경기 구리시 체육관로 162-3,127.13662238397558,37.59918642495194,http://place.map.kakao.com/2023997200,2026-09-30,Kakao Local keyword search
20257022,adult_nightlife,유흥주점,피플,"가정,생활 > 유흥시설 > 유흥주점",서울 강남구 신사동 664-7,서울 강남구 선릉로 843,127.04021117368292,37.52721678014953,http://place.map.kakao.com/20257022,2026-09-30,Kakao Local keyword search
2031970259,adult_nightlife,유흥주점,별밤,"가정,생활 > 유흥시설 > 유흥주점",서울 동작구 노량진동 16-1,서울 동작구 노들로2길 7,126.93939387993753,37.51431652686158,http://place.map.kakao.com/2031970259,2026-09-30,Kakao Local keyword search
2035779598,adult_nightlife,유흥주점,아마죤7080,"가정,생활 > 유흥시설 > 유흥주점",서울 동대문구 용두동 36-1,서울 동대문구 천호대로 128,127.037686969601,37.5739019407109,http://place.map.kakao.com/2035779598,2026-09-30,Kakao Local keyword search
20373654,adult_nightlife,유흥주점,옥수수,"가정,생활 > 유흥시설 > 유흥주점",서울 마포구 서교동 351-24,서울 마포구 동교로 162,126.919927405811,37.5556212156851,http://place.map.kakao.com/20373654,2026-09-30,Kakao Local keyword search
20381602,adult_nightlife,유흥주점,꿀단지노래주점,"가정,생활 > 유흥시설 > 유흥주점",서울 강동구 길동 413-50,서울 강동구 천호대로177길 34,127.137963104812,37.5359548302904,http://place.map.kakao.com/20381602,2026-09-30,Kakao Local keyword search
2038539967,adult_nightlife,유흥주점,헤즈업 노량진점,"가정,생활 > 유흥시설 > 유흥주점",서울 동작구 노량진동 90-1,서울 동작구 노량진로16길 25,126.943998829867,37.5125447231013,http://place.map.kakao.com/2038539967,2026-09-30,Kakao Local keyword search
20399628,adult_nightlife,유흥주점,폭스셔츠&레깅스룸,"가정,생활 > 유흥시설 > 유흥주점",서울 도봉구 창동 6,서울 도봉구 마들로11가길 15,127.04925825037047,37.652656706676765,http://place.map.kakao.com/20399628,2026-09-30,Kakao Local keyword search
2043671954,adult_nightlife,유흥주점,원노래방,"가정,생활 > 유흥시설 > 유흥주점",서울 은평구 갈현동 456-24,서울 은평구 연서로27길 8-6,126.918951071111,37.6179485158055,http://place.map.kakao.com/2043671954,2026-09-30,Kakao Local keyword search
204905529,adult_nightlife,유흥주점,아이,"가정,생활 > 유흥시설 > 유흥주점",서울 강남구 역삼동 677-5,서울 강남구 언주로93길 21,127.040305799407,37.5033302379469,http://place.map.kakao.com/204905529,2026-09-30,Kakao Local keyword search
2052294789,adult_nightlife,유흥주점,율아라이브7080,"가정,생활 > 유흥시설 > 유흥주점",서울 동대문구 장안동 301-2,서울 동대문구 장한로 201,127.071771767319,37.5785118436105,http://place.map.kakao.com/2052294789,2026-09-30,Kakao Local keyword search
20526894,adult_nightlife,유흥주점,애플노래주점,"가정,생활 > 유흥시설 > 유흥주점",서울 강동구 길동 387-15,서울 강동구 양재대로111길 32,127.13792855867904,37.53747035236117,http://place.map.kakao.com/20526894,2026-09-30,Kakao Local keyword search
20534833,adult_nightlife,유흥주점,월드컵단란주점,"가정,생활 > 유흥시설 > 유흥주점",서울 중구 을지로6가 1-1,,127.00491257808886,37.56845953587155,http://place.map.kakao.com/20534833,2026-09-30,Kakao Local keyword search
20536330,adult_nightlife,유흥주점,첼로2,"가정,생활 > 유흥시설 > 유흥주점",서울 강동구 길동 450,서울 강동구 천호대로175길 21,127.13665805797945,37.535681542711174,http://place.map.kakao.com/20536330,2026-09-30,Kakao Local keyword search
20544154,adult_nightlife,유흥주점,늘사랑,"가정,생활 > 유흥시설 > 유흥주점",서울 강북구 번동 463-33,서울 강북구 한천로 1024,127.02816423502175,37.639336276928724,http://place.map.kakao.com/20544154,2026-09-30,Kakao Local keyword search
20547034,adult_nightlife,유흥주점,7080노래빠,"가정,생활 > 유흥시설 > 유흥주점",서울 중랑구 묵동 237-47,서울 중랑구 중랑역로 209,127.075602762077,37.6121164293218,http://place.map.kakao.com/20547034,2026-09-30,Kakao Local keyword search
2055289922,adult_nightlife,유흥주점,초코렛,"가정,생활 > 유흥시설 > 유흥주점",서울 강북구 수유동 191-44,서울 강북구 도봉로 353-1,127.02653266748405,37.63922223005984,http://place.map.kakao.com/2055289922,2026-09-30,Kakao Local keyword search
2056487928,adult_nightlife,유흥주점,라이언엔뮤지션클럽,"가정,생활 > 유흥시설 > 유흥주점",서울 마포구 서교동 400-16,서울 마포구 어울마당로5길 25-10,126.918714513624,37.5490665283,http://place.map.kakao.com/2056487928,2026-09-30,Kakao Local keyword search
20609601,adult_nightlife,유흥주점,카톡,"가정,생활 > 유흥시설 > 유흥주점",경기 구리시 교문동 228-4,경기 구리시 체육관로 169,127.135902174137,37.5998053357602,http://place.map.kakao.com/20609601,2026-09-30,Kakao Local keyword search
20618037,adult_nightlife,유흥주점,수퍼모델노래주점,"가정,생활 > 유흥시설 > 유흥주점",서울 강북구 수유동 191-6,서울 강북구 도봉로 353,127.026457851902,37.6391168316387,http://place.map.kakao.com/20618037,2026-09-30,Kakao Local keyword search
20685865,adult_nightlife,유흥주점,7080땡벌라이브,"가정,생활 > 유흥시설 > 유흥주점",경기 구리시 교문동 229-15,경기 구리시 체육관로 157,127.136226406902,37.5987634172051,http://place.map.kakao.com/20685865,2026-09-30,Kakao Local keyword search
2070318161,adult_nightlife,유흥주점,오페라7080라이브,"가정,생활 > 유흥시설 > 유흥주점",경기 구리시 갈매동 604-4,경기 구리시 갈매중앙로 81-6,127.116955611541,37.6321530772406,http://place.map.kakao.com/2070318161,2026-09-30,Kakao Local keyword search
2074113531,adult_nightlife,유흥주점,에이스,"가정,생활 > 유흥시설 > 유흥주점",서울 마포구 노고산동 57-46,서울 마포구 서강로 131,126.93503717748737,37.554358287254,http://place.map.kakao.com/2074113531,2026-09-30,Kakao Local keyword search
20744530,adult_nightlife,유흥주점,슈퍼스타뮤직타운,"가정,생활 > 유흥시설 > 유흥주점",서울 강북구 수유동 229-2,서울 강북구 도봉로87길 3,127.02521461499805,37.638127822468995,http://place.map.kakao.com/20744530,2026-09-30,Kakao Local keyword search
2075728278,adult_nightlife,유흥주점,찬스,"가정,생활 > 유흥시설 > 유흥주점",서울 성북구 석관동 189-11,서울 성북구 한천로 579,127.062084505335,37.6111827819813,http://place.map.kakao.com/2075728278,2026-09-30,Kakao Local keyword search
2075837752,adult_nightlife,유흥주점,소리야노래타운,"가정,생활 > 유흥시설 > 유흥주점",서울 마포구 서교동 407-14,서울 마포구 와우산로17길 18,126.92200169031,37.5503715889758,http://place.map.kakao.com/2075837752,2026-09-30,Kakao Local keyword search
2092498747,adult_nightlife,유흥주점,포시즌,"가정,생활 > 유흥시설 > 유흥주점",서울 은평구 응암동 74-6,서울 은평구 은평로 204,126.93038531786732,37.60110641618823,http://place.map.kakao.com/2092498747,2026-09-30,Kakao Local keyword search
20944899,adult_nightlife,유흥주점,쥬얼리노래방,"가정,생활 > 유흥시설 > 유흥주점",서울 송파구 석촌동 178-5,서울 송파구 송파대로45길 12,127.104476144658,37.5060939401861,http://place.map.kakao.com/20944899,2026-09-30,Kakao Local keyword search
2098424339,adult_nightlife,유흥주점,스테이,"가정,생활 > 유흥시설 > 유흥주점",서울 강남구 역삼동 824-7,서울 강남구 테헤란로6길 10,127.030389695937,37.4978343655003,http://place.map.kakao.com/2098424339,2026-09-30,Kakao Local keyword search
2101564396,adult_nightlife,유흥주점,불후의명곡7080라이브,"가정,생활 > 유흥시설 > 유흥주점",서울 중랑구 묵동 175-2,서울 중랑구 동일로 920,127.077592093226,37.6125980680663,http://place.map.kakao.com/2101564396,2026-09-30,Kakao Local keyword search
2113004252,adult_nightlife,유흥주점,블렌딩,"가정,생활 > 유흥시설 > 유흥주점",서울 강남구 역삼동 822-5,서울 강남구 테헤란로 111,127.029260384565,37.4989140562121,http://place.map.kakao.com/2113004252,2026-09-30,Kakao Local keyword search
2115461977,adult_nightlife,유흥주점,썸,"가정,생활 > 유흥시설 > 유흥주점",서울 송파구 방이동 62-1,서울 송파구 올림픽로32길 22-5,127.10926581868,37.5138130146708,http://place.map.kakao.com/2115461977,2026-09-30,Kakao Local keyword search
212078840,adult_nightlife,유흥주점,비너스,"가정,생활 > 유흥시설 > 유흥주점",서울 강동구 길동 380-11,서울 강동구 천중로40길 55,127.138087878359,37.538580197709,http://place.map.kakao.com/212078840,2026-09-30,Kakao Local keyword search
21228331,adult_nightlife,유흥주점,다연가요장,"가정,생활 > 유흥시설 > 유흥주점",경기 구리시 수택동 370-12,경기 구리시 체육관로172번길 15,127.136921586842,37.5999411080377,http://place.map.kakao.com/21228331,2026-09-30,Kakao Local keyword search
21233999,adult_nightlife,유흥주점,상한가,"가정,생활 > 유흥시설 > 유흥주점",서울 영등포구 여의도동 46-1,서울 영등포구 여의대방로65길 13,126.929608416887,37.5193603234899,http://place.map.kakao.com/21233999,2026-09-30,Kakao Local keyword search
21235511,adult_nightlife,유흥주점,디오니스,"가정,생활 > 유흥시설 > 유흥주점",서울 중랑구 신내동 648,서울 중랑구 신내로 225,127.091383502537,37.6170246605737,http://place.map.kakao.com/21235511,2026-09-30,Kakao Local keyword search
21236521,adult_nightlife,유흥주점,한국관주점,"가정,생활 > 유흥시설 > 유흥주점",서울 강북구 미아동 42-98,서울 강북구 월계로 21,127.032386837392,37.6103702637112,http://place.map.kakao.com/21236521,2026-09-30,Kakao Local keyword search
21243075,adult_nightlife,유흥주점,준코뮤직타운 강남1호점,"가정,생활 > 유흥시설 > 유흥주점 > 준코뮤직타운",서울 서초구 서초동 1309-5,서울 서초구 서초대로73길 50,127.024029820796,37.5016795225632,http://place.map.kakao.com/21243075,2026-09-30,Kakao Local keyword search
21243651,adult_nightlife,유흥주점,로미오,"가정,생활 > 유흥시설 > 유흥주점",서울 은평구 불광동 310-20,서울 은평구 연서로 253-11,126.92295386974898,37.62023339897512,http://place.map.kakao.com/21243651,2026-09-30,Kakao Local keyword search
2128393085,adult_nightlife,유흥주점,추억의기찻길7080라이브,"가정,생활 > 유흥시설 > 유흥주점",서울 은평구 갈현동 460-17,서울 은평구 연서로 205,126.91886489847016,37.61698800346937,http://place.map.kakao.com/2128393085,2026-09-30,Kakao Local keyword search
2130596342,adult_nightlife,유흥주점,뉴코뮤직타운 신천점,"가정,생활 > 유흥시설 > 유흥주점",서울 송파구 잠실동 180-6,서울 송파구 올림픽로12길 4-23,127.081606234085,37.5110981128168,http://place.map.kakao.com/2130596342,2026-09-30,Kakao Local keyword search
21306542,adult_nightlife,유흥주점,시로코,"가정,생활 > 유흥시설 > 유흥주점",서울 광진구 광장동 22-6,서울 광진구 워커힐로 177,127.110841491202,37.5551242176262,http://place.map.kakao.com/21306542,2026-09-30,Kakao Local keyword search
21321154,adult_nightlife,유흥주점,씽씽노래빠,"가정,생활 > 유흥시설 > 유흥주점",경기 남양주시 퇴계원읍 퇴계원리 218-56,경기 남양주시 퇴계원읍 경춘북로 537,127.143304841068,37.6476750006194,http://place.map.kakao.com/21321154,2026-09-30,Kakao Local keyword search
21324777,adult_nightlife,유흥주점,준코뮤직타운 천호로데오점,"가정,생활 > 유흥시설 > 유흥주점 > 준코뮤직타운",서울 강동구 천호동 454-15,서울 강동구 천호대로 1027,127.12658329690092,37.53807952024413,http://place.map.kakao.com/21324777,2026-09-30,Kakao Local keyword search
21328476,adult_nightlife,유흥주점,팡파르노래,"가정,생활 > 유흥시설 > 유흥주점",서울 용산구 한강로3가 40-137,서울 용산구 한강대로 57,126.9646268044,37.5261371258673,http://place.map.kakao.com/21328476,2026-09-30,Kakao Local keyword search
21329854,adult_nightlife,유흥주점,S라이브7080,"가정,생활 > 유흥시설 > 유흥주점",서울 강동구 길동 345-6,서울 강동구 천중로 205,127.14306877137,37.5410159764488,http://place.map.kakao.com/21329854,2026-09-30,Kakao Local keyword search
21331910,adult_nightlife,유흥주점,명노래방,"가정,생활 > 유흥시설 > 유흥주점",서울 노원구 공릉동 419-16,서울 노원구 공릉로 188,127.07942827750853,37.62666666885608,http://place.map.kakao.com/21331910,2026-09-30,Kakao Local keyword search
2135226342,adult_nightlife,유흥주점,아바,"가정,생활 > 유흥시설 > 유흥주점",서울 강동구 명일동 324-1,서울 강동구 양재대로 1626,127.144300278293,37.5506263286695,http://place.map.kakao.com/2135226342,2026-09-30,Kakao Local keyword search
21362742,adult_nightlife,유흥주점,샴푸노래클럽,"가정,생활 > 유흥시설 > 유흥주점",서울 서대문구 창천동 18-30,서울 서대문구 연세로 10,126.93709068551468,37.556368623671176,http://place.map.kakao.com/21362742,2026-09-30,Kakao Local keyword search
21381270,adult_nightlife,유흥주점,샤롯데,"가정,생활 > 유흥시설 > 유흥주점",경기 구리시 수택동 380-14,경기 구리시 안골로63번길 14,127.138349501975,37.5980797988739,http://place.map.kakao.com/21381270,2026-09-30,Kakao Local keyword search
21382271,adult_nightlife,유흥주점,짱노래궁,"가정,생활 > 유흥시설 > 유흥주점",경기 남양주시 퇴계원읍 퇴계원리 182-2,경기 남양주시 퇴계원읍 경춘북로546번길 3-2,127.144514672571,37.6474933282425,http://place.map.kakao.com/21382271,2026-09-30,Kakao Local keyword search
2139248299,adult_nightlife,유흥주점,퍼펙트,"가정,생활 > 유흥시설 > 유흥주점",서울 강남구 논현동 152,서울 강남구 논현로 645,127.03141303622058,37.511113115505054,http://place.map.kakao.com/2139248299,2026-09-30,Kakao Local keyword search
21395717,adult_nightlife,유흥주점,7080고래사냥라이브,"가정,생활 > 유흥시설 > 유흥주점",서울 중랑구 중화동 207-24,서울 중랑구 망우로 221,127.077364930791,37.5944811087921,http://place.map.kakao.com/21395717,2026-09-30,Kakao Local keyword search
2139789648,adult_nightlife,유흥주점,킹스맨,"가정,생활 > 유흥시설 > 유흥주점",서울 강남구 역삼동 677-22,서울 강남구 테헤란로33길 8,127.039622256541,37.5024763158689,http://place.map.kakao.com/2139789648,2026-09-30,Kakao Local keyword search
2139899012,adult_nightlife,유흥주점,7080놀아,"가정,생활 > 유흥시설 > 유흥주점",서울 중랑구 망우동 563-4,서울 중랑구 망우로 384,127.094900629202,37.5984624054174,http://place.map.kakao.com/2139899012,2026-09-30,Kakao Local keyword search
21402820,adult_nightlife,유흥주점,덤노래팡,"가정,생활 > 유흥시설 > 유흥주점",서울 은평구 갈현동 456-24,서울 은평구 연서로27길 8-6,126.918958993019,37.6179548281666,http://place.map.kakao.com/21402820,2026-09-30,Kakao Local keyword search
21403466,adult_nightlife,유흥주점,즐거운노래바,"가정,생활 > 유흥시설 > 유흥주점",서울 은평구 갈현동 456-24,서울 은평구 연서로27길 8-6,126.91894993940959,37.61794761404577,http://place.map.kakao.com/21403466,2026-09-30,Kakao Local keyword search
21404848,adult_nightlife,유흥주점,월드컵노래주점,"가정,생활 > 유흥시설 > 유흥주점",서울 성동구 홍익동 125,서울 성동구 고산자로 293,127.036211419381,37.5657772260547,http://place.map.kakao.com/21404848,2026-09-30,Kakao Local keyword search
21408034,adult_nightlife,유흥주점,삼청동길59h,"가정,생활 > 유흥시설 > 유흥주점",서울 종로구 팔판동 160,서울 종로구 삼청로 63,126.98068140748,37.5813575979445,http://place.map.kakao.com/21408034,2026-09-30,Kakao Local keyword search
21409184,adult_nightlife,유흥주점,강변연가,"가정,생활 > 유흥시설 > 유흥주점",서울 마포구 상수동 356-6,서울 마포구 토정로 128,126.92535678599,37.5449641617583,http://place.map.kakao.com/21409184,2026-09-30,Kakao Local keyword search
21412689,adult_nightlife,유흥주점,게코노래타운,"가정,생활 > 유흥시설 > 유흥주점",서울 강북구 수유동 229-35,서울 강북구 도봉로87길 7,127.02503335833141,37.63819093001418,http://place.map.kakao.com/21412689,2026-09-30,Kakao Local keyword search
21413289,adult_nightlife,유흥주점,럭셔리,"가정,생활 > 유흥시설 > 유흥주점",서울 노원구 상계동 709-1,서울 노원구 노해로 457,127.058791981272,37.654169595152,http://place.map.kakao.com/21413289,2026-09-30,Kakao Local keyword search
21413642,adult_nightlife,유흥주점,별난라이브주점,"가정,생활 > 유흥시설 > 유흥주점",서울 노원구 공릉동 661-9,서울 노원구 화랑로 459,127.07812178844267,37.618748765135635,http://place.map.kakao.com/21413642,2026-09-30,Kakao Local keyword search
21420730,adult_nightlife,유흥주점,7080라이브딴따라,"가정,생활 > 유흥시설 > 유흥주점",서울 성동구 성수동2가 300-87,서울 성동구 아차산로 87,127.05404438569441,37.54546462855386,http://place.map.kakao.com/21420730,2026-09-30,Kakao Local keyword search
21423698,adult_nightlife,유흥주점,파파코노래방,"가정,생활 > 유흥시설 > 유흥주점",서울 동작구 상도동 365-1,서울 동작구 상도로 179,126.938534152173,37.5047618305498,http://place.map.kakao.com/21423698,2026-09-30,Kakao Local keyword search
21424049,adult_nightlife,유흥주점,친한친구노래장,"가정,생활 > 유흥시설 > 유흥주점",서울 동작구 신대방동 347-25,서울 동작구 여의대방로24길 134,126.927528555869,37.4990648396225,http://place.map.kakao.com/21424049,2026-09-30,Kakao Local keyword search
21442365,adult_nightlife,유흥주점,폭스노래주점,"가정,생활 > 유흥시설 > 유흥주점",서울 강북구 수유동 191-2,서울 강북구 도봉로 355,127.02673438819,37.6393510253479,http://place.map.kakao.com/21442365,2026-09-30,Kakao Local keyword search
21524758,adult_nightlife,유흥주점,초이스노래클럽,"가정,생활 > 유흥시설 > 유흥주점",서울 동대문구 장안동 366-9,서울 동대문구 장한로22길 7,127.070801120927,37.5696646626433,http://place.map.kakao.com/21524758,2026-09-30,Kakao Local keyword search
21524888,adult_nightlife,유흥주점,뉴욕7080라이브,"가정,생활 > 유흥시설 > 유흥주점",서울 용산구 갈월동 68,서울 용산구 한강대로 306,126.972230950107,37.5454962559062,http://place.map.kakao.com/21524888,2026-09-30,Kakao Local keyword search
21528079,adult_nightlife,유흥주점,대명룸클럽,"가정,생활 > 유흥시설 > 유흥주점",경기 구리시 교문동 227-20,경기 구리시 경춘로 184,127.135803295738,37.600230716936,http://place.map.kakao.com/21528079,2026-09-30,Kakao Local keyword search
215790470,adult_nightlife,유흥주점,왕코뮤직타운,"가정,생활 > 유흥시설 > 유흥주점",서울 성동구 도선동 161,서울 성동구 왕십리로24길 12,127.034290687207,37.5634928731941,http://place.map.kakao.com/215790470,2026-09-30,Kakao Local keyword search
21801708,adult_nightlife,유흥주점,빙고,"가정,생활 > 유흥시설 > 유흥주점",서울 용산구 원효로3가 37-2,서울 용산구 원효로41길 15,126.95831631446428,37.534540509521555,http://place.map.kakao.com/21801708,2026-09-30,Kakao Local keyword search
22079877,adult_nightlife,유흥주점,불티모아,"가정,생활 > 유흥시설 > 유흥주점",서울 도봉구 방학동 632-53,서울 도봉구 도당로13길 29,127.03483189015,37.665855824596,http://place.map.kakao.com/22079877,2026-09-30,Kakao Local keyword search
22282940,adult_nightlife,유흥주점,신세계,"가정,생활 > 유흥시설 > 유흥주점",서울 마포구 서교동 372-1,서울 마포구 양화로 100,126.918739962864,37.5527264001236,http://place.map.kakao.com/22282940,2026-09-30,Kakao Local keyword search
226178756,adult_nightlife,유흥주점,엘리트 몽골리아,"가정,생활 > 유흥시설 > 유흥주점",서울 광진구 중곡동 240-18,서울 광진구 면목로 111,127.07981633600875,37.56365377546353,http://place.map.kakao.com/226178756,2026-09-30,Kakao Local keyword search
22757691,adult_nightlife,유흥주점,프렌드,"가정,생활 > 유흥시설 > 유흥주점",서울 도봉구 쌍문동 88-68,서울 도봉구 도봉로 493,127.03494218521584,37.64968496809633,http://place.map.kakao.com/22757691,2026-09-30,Kakao Local keyword search
227872021,adult_nightlife,유흥주점,가시나무새,"가정,생활 > 유흥시설 > 유흥주점",경기 구리시 수택동 377-5,경기 구리시 안골로57번길 36-12,127.137590887363,37.5987375076744,http://place.map.kakao.com/227872021,2026-09-30,Kakao Local keyword search
228911810,adult_nightlife,유흥주점,7080라이브옛사랑,"가정,생활 > 유흥시설 > 유흥주점",서울 마포구 동교동 205-9,서울 마포구 월드컵북로 20,126.92014698756,37.5566584123002,http://place.map.kakao.com/228911810,2026-09-30,Kakao Local keyword search
23022768,adult_nightlife,유흥주점,노래주점,"가정,생활 > 유흥시설 > 유흥주점",서울 강동구 명일동 47-10,서울 강동구 동남로75길 13-15,127.155523550056,37.553639430433,http://place.map.kakao.com/23022768,2026-09-30,Kakao Local keyword search
23035363,adult_nightlife,유흥주점,텐프로,"가정,생활 > 유흥시설 > 유흥주점",서울 강남구 역삼동 677-15,서울 강남구 테헤란로37길 13-7,127.040098558223,37.5028104282527,http://place.map.kakao.com/23035363,2026-09-30,Kakao Local keyword search
232644726,adult_nightlife,유흥주점,아마란스노래주점,"가정,생활 > 유흥시설 > 유흥주점",서울 동대문구 신설동 98-38,서울 동대문구 하정로3길 10,127.025956487876,37.575534101096,http://place.map.kakao.com/232644726,2026-09-30,Kakao Local keyword search
23286733,adult_nightlife,유흥주점,월드컵노래하는호프,"가정,생활 > 유흥시설 > 유흥주점",서울 동대문구 전농동 499-15,서울 동대문구 서울시립대로 64,127.048356869222,37.576703749227,http://place.map.kakao.com/23286733,2026-09-30,Kakao Local keyword search
23435928,adult_nightlife,유흥주점,꽃길가요장,"가정,생활 > 유흥시설 > 유흥주점",경기 구리시 수택동 373-7,경기 구리시 체육관로 164,127.136485716688,37.5993793949943,http://place.map.kakao.com/23435928,2026-09-30,Kakao Local keyword search
235787485,adult_nightlife,유흥주점,호박라이브7080,"가정,생활 > 유흥시설 > 유흥주점",서울 강동구 명일동 312-37,서울 강동구 양재대로147길 18,127.143026084282,37.5524316759826,http://place.map.kakao.com/235787485,2026-09-30,Kakao Local keyword search
239556763,adult_nightlife,유흥주점,홈노래클럽,"가정,생활 > 유흥시설 > 유흥주점",서울 은평구 갈현동 395-7,서울 은평구 통일로 863,126.919995437468,37.62002960907,http://place.map.kakao.com/239556763,2026-09-30,Kakao Local keyword search
24482980,adult_nightlife,유흥주점,필라이브,"가정,생활 > 유흥시설 > 유흥주점",서울 동대문구 장안동 344-9,서울 동대문구 장한로24길 13,127.07175759820198,37.57082456696632,http://place.map.kakao.com/24482980,2026-09-30,Kakao Local keyword search
24811803,adult_nightlife,유흥주점,아지트,"가정,생활 > 유흥시설 > 유흥주점",서울 도봉구 방학동 689-16,서울 도봉구 방학로 110,127.040089374111,37.6630142630695,http://place.map.kakao.com/24811803,2026-09-30,Kakao Local keyword search
25130216,adult_nightlife,유흥주점,이화,"가정,생활 > 유흥시설 > 유흥주점",서울 강북구 수유동 47-14,서울 강북구 덕릉로19길 8,127.02035662062669,37.63489782766204,http://place.map.kakao.com/25130216,2026-09-30,Kakao Local keyword search
253495904,adult_nightlife,유흥주점,쿨타임,"가정,생활 > 유흥시설 > 유흥주점",서울 강남구 역삼동 824-8,서울 강남구 테헤란로6길 14,127.030451820982,37.4976559502351,http://place.map.kakao.com/253495904,2026-09-30,Kakao Local keyword search
260599591,adult_nightlife,유흥주점,몽키뮤직타운 잠실새내점,"가정,생활 > 유흥시설 > 유흥주점",서울 송파구 잠실동 181-2,서울 송파구 올림픽로 98,127.08142548235314,37.511299161486015,http://place.map.kakao.com/260599591,2026-09-30,Kakao Local keyword search
26390716,adult_nightlife,유흥주점,앵콜노래빠,"가정,생활 > 유흥시설 > 유흥주점",서울 종로구 창신동 444-9,서울 종로구 종로46길 22,127.01021501906652,37.57064871559792,http://place.map.kakao.com/26390716,2026-09-30,Kakao Local keyword search
265448538,adult_nightlife,유흥주점,짝,"가정,생활 > 유흥시설 > 유흥주점",경기 구리시 수택동 525-24,경기 구리시 검배로15번길 5,127.142492642302,37.5997398996278,http://place.map.kakao.com/265448538,2026-09-30,Kakao Local keyword search
266447640,adult_nightlife,유흥주점,째즈,"가정,생활 > 유흥시설 > 유흥주점",서울 강남구 역삼동 656-26,서울 강남구 테헤란로39길 75,127.039030872584,37.5070022625945,http://place.map.kakao.com/266447640,2026-09-30,Kakao Local keyword search
26805774,adult_nightlife,유흥주점,큐브뮤직타운 강남점,"가정,생활 > 유흥시설 > 유흥주점",서울 서초구 서초동 1303-36,서울 서초구 서초대로77길 58,127.02438295894,37.5025732479342,http://place.map.kakao.com/26805774,2026-09-30,Kakao Local keyword search
26903451,adult_nightlife,유흥주점,피스틸,"가정,생활 > 유흥시설 > 유흥주점",서울 용산구 이태원동 130-5,서울 용산구 보광로59길 9,126.99345594095,37.5338512109957,http://place.map.kakao.com/26903451,2026-09-30,Kakao Local keyword search
269620406,adult_nightlife,유흥주점,바램,"가정,생활 > 유흥시설 > 유흥주점",서울 강동구 암사동 488-16,서울 강동구 구천면로 311,127.134658540616,37.5474833240872,http://place.map.kakao.com/269620406,2026-09-30,Kakao Local keyword search
270406049,adult_nightlife,유흥주점,장계현나의20년,"가정,생활 > 유흥시설 > 유흥주점",서울 은평구 역촌동 14-10,서울 은평구 역말로 100,126.92028116590433,37.608091705471594,http://place.map.kakao.com/270406049,2026-09-30,Kakao Local keyword search
271051876,adult_nightlife,유흥주점,아임뮤직타운,"가정,생활 > 유흥시설 > 유흥주점",경기 남양주시 다산동 6061,경기 남양주시 다산중앙로123번길 22-56,127.15121027213847,37.62510448213277,http://place.map.kakao.com/271051876,2026-09-30,Kakao Local keyword search
27185376,adult_nightlife,유흥주점,현숙이노래주점,"가정,생활 > 유흥시설 > 유흥주점",서울 중랑구 중화동 308-3,서울 중랑구 중랑역로 123-1,127.077003879791,37.6045255891529,http://place.map.kakao.com/27185376,2026-09-30,Kakao Local keyword search
27243756,adult_nightlife,유흥주점,카톡노래타운,"가정,생활 > 유흥시설 > 유흥주점",서울 동대문구 전농동 602-18,서울 동대문구 왕산로 266,127.05063066051605,37.5843134898632,http://place.map.kakao.com/27243756,2026-09-30,Kakao Local keyword search
27244695,adult_nightlife,유흥주점,와와노래주점,"가정,생활 > 유흥시설 > 유흥주점",서울 중랑구 묵동 169-21,서울 중랑구 중랑역로 258,127.077024382513,37.6156221572372,http://place.map.kakao.com/27244695,2026-09-30,Kakao Local keyword search
27245451,adult_nightlife,유흥주점,와노래,"가정,생활 > 유흥시설 > 유흥주점",서울 중랑구 묵동 166-37,서울 중랑구 중랑역로 263-1,127.07753908655279,37.61608763105208,http://place.map.kakao.com/27245451,2026-09-30,Kakao Local keyword search
27248559,adult_nightlife,유흥주점,오렌지노래바,"가정,생활 > 유흥시설 > 유흥주점",서울 마포구 서교동 351-5,서울 마포구 월드컵북로 7,126.9206879470935,37.555607313050594,http://place.map.kakao.com/27248559,2026-09-30,Kakao Local keyword search
27310261,adult_nightlife,유흥주점,럭셔리7080,"가정,생활 > 유흥시설 > 유흥주점",서울 동대문구 장안동 367-3,서울 동대문구 장한로24길 7,127.071467815074,37.5708247427488,http://place.map.kakao.com/27310261,2026-09-30,Kakao Local keyword search
27326731,adult_nightlife,유흥주점,놀이터,"가정,생활 > 유흥시설 > 유흥주점",서울 강북구 수유동 229-47,서울 강북구 노해로8길 28,127.024295809363,37.6382703708808,http://place.map.kakao.com/27326731,2026-09-30,Kakao Local keyword search
27361386,adult_nightlife,유흥주점,보신각 비즈니스클럽,"가정,생활 > 유흥시설 > 유흥주점",서울 종로구 관철동 43-12,서울 종로구 종로8길 21,126.984121149854,37.5690721482321,http://place.map.kakao.com/27361386,2026-09-30,Kakao Local keyword search
27376976,adult_nightlife,유흥주점,준코뮤직타운 강남2호점,"가정,생활 > 유흥시설 > 유흥주점 > 준코뮤직타운",서울 서초구 서초동 1308,서울 서초구 강남대로69길 11,127.02412020321242,37.50139568728717,http://place.map.kakao.com/27376976,2026-09-30,Kakao Local keyword search
27452653,adult_nightlife,유흥주점,엠파이어응답하라7080,"가정,생활 > 유흥시설 > 유흥주점",서울 중랑구 묵동 245-8,서울 중랑구 동일로 855,127.078102542873,37.6068458167727,http://place.map.kakao.com/27452653,2026-09-30,Kakao Local keyword search
27502199,adult_nightlife,유흥주점,바람,"가정,생활 > 유흥시설 > 유흥주점",서울 노원구 상계동 366-3,서울 노원구 상계로 97,127.065566670743,37.6570203357603,http://place.map.kakao.com/27502199,2026-09-30,Kakao Local keyword search
27587653,adult_nightlife,유흥주점,가스통3파티가라오케,"가정,생활 > 유흥시설 > 유흥주점",서울 강남구 논현동 61-6,,127.031759705566,37.5204510249047,http://place.map.kakao.com/27587653,2026-09-30,Kakao Local keyword search
286184061,adult_nightlife,유흥주점,7890열린노래타운,"가정,생활 > 유흥시설 > 유흥주점",서울 은평구 대조동 15-120,서울 은평구 통일로 707,126.930890973677,37.6090327213614,http://place.map.kakao.com/286184061,2026-09-30,Kakao Local keyword search
291404065,adult_nightlife,유흥주점,청춘7080,"가정,생활 > 유흥시설 > 유흥주점",서울 서대문구 홍은동 275-7,서울 서대문구 연희로 261,126.935927034226,37.5804056574096,http://place.map.kakao.com/291404065,2026-09-30,Kakao Local keyword search
293525814,adult_nightlife,유흥주점,파티,"가정,생활 > 유흥시설 > 유흥주점",서울 은평구 대조동 198-25,서울 은평구 연서로26길 3,126.920044810788,37.6172915407798,http://place.map.kakao.com/293525814,2026-09-30,Kakao Local keyword search
303046541,adult_nightlife,유흥주점,에이스,"가정,생활 > 유흥시설 > 유흥주점",서울 은평구 갈현동 410-6,서울 은평구 통일로87길 15-1,126.917882712995,37.6233167612997,http://place.map.kakao.com/303046541,2026-09-30,Kakao Local keyword search
311735271,adult_nightlife,유흥주점,시드니,"가정,생활 > 유흥시설 > 유흥주점",서울 종로구 효제동 173-1,서울 종로구 종로39길 31,127.00516072511,37.5721445963552,http://place.map.kakao.com/311735271,2026-09-30,Kakao Local keyword search
322122372,adult_nightlife,유흥주점,잼잼,"가정,생활 > 유흥시설 > 유흥주점",서울 송파구 방이동 36,서울 송파구 올림픽로32길 3,127.108993726826,37.5157152843191,http://place.map.kakao.com/322122372,2026-09-30,Kakao Local keyword search
326193434,adult_nightlife,유흥주점,크라운,"가정,생활 > 유흥시설 > 유흥주점",서울 서초구 반포동 747-14,서울 서초구 사평대로 369,127.02338607714518,37.504506106429055,http://place.map.kakao.com/326193434,2026-09-30,Kakao Local keyword search
343160737,adult_nightlife,유흥주점,블루문,"가정,생활 > 유흥시설 > 유흥주점",서울 강남구 삼성동 144-21,서울 강남구 테헤란로77길 6,127.05490666938114,37.50690044356169,http://place.map.kakao.com/343160737,2026-09-30,Kakao Local keyword search
352248440,adult_nightlife,유흥주점,애플,"가정,생활 > 유흥시설 > 유흥주점",서울 강남구 역삼동 719-18,서울 강남구 언주로87길 24,127.041029624075,37.5012982208869,http://place.map.kakao.com/352248440,2026-09-30,Kakao Local keyword search
366787762,adult_nightlife,유흥주점,지스뮤직타운,"가정,생활 > 유흥시설 > 유흥주점",서울 송파구 잠실동 181-4,서울 송파구 올림픽로 102,127.081853209111,37.5114673536362,http://place.map.kakao.com/366787762,2026-09-30,Kakao Local keyword search
367844500,adult_nightlife,유흥주점,센스,"가정,생활 > 유흥시설 > 유흥주점",서울 동작구 노량진동 36-5,서울 동작구 노량진로8길 35,126.93735024167965,37.51262697923188,http://place.map.kakao.com/367844500,2026-09-30,Kakao Local keyword search
371670896,adult_nightlife,유흥주점,레드라이트,"가정,생활 > 유흥시설 > 유흥주점",서울 서초구 서초동 1308-7,서울 서초구 서초대로77길 39,127.025049727417,37.5011269940773,http://place.map.kakao.com/371670896,2026-09-30,Kakao Local keyword search
372193805,adult_nightlife,유흥주점,미주노래주점,"가정,생활 > 유흥시설 > 유흥주점",서울 강동구 길동 414-7,서울 강동구 천호대로177길 51,127.137972625099,37.5368233830531,http://place.map.kakao.com/372193805,2026-09-30,Kakao Local keyword search
376490660,adult_nightlife,유흥주점,7080꿈의대화라이브,"가정,생활 > 유흥시설 > 유흥주점",서울 동대문구 전농동 38-97,서울 동대문구 사가정로 123,127.05863679339461,37.577805511506945,http://place.map.kakao.com/376490660,2026-09-30,Kakao Local keyword search
378035182,adult_nightlife,유흥주점,궁전노래방,"가정,생활 > 유흥시설 > 유흥주점",서울 강북구 미아동 762-29,서울 강북구 솔매로 62-1,127.019175768441,37.6247898607854,http://place.map.kakao.com/378035182,2026-09-30,Kakao Local keyword search
380287668,adult_nightlife,유흥주점,링코노래타운 연신내역점,"가정,생활 > 유흥시설 > 유흥주점",서울 은평구 갈현동 456-2,서울 은평구 연서로 217,126.919596523578,37.6181111351647,http://place.map.kakao.com/380287668,2026-09-30,Kakao Local keyword search
385278631,adult_nightlife,유흥주점,7080나팔바지,"가정,생활 > 유흥시설 > 유흥주점",서울 성북구 삼선동5가 410,서울 성북구 보문로32길 12,127.017282607685,37.5893226922443,http://place.map.kakao.com/385278631,2026-09-30,Kakao Local keyword search
387128185,adult_nightlife,유흥주점,썸노래밤,"가정,생활 > 유흥시설 > 유흥주점",서울 은평구 갈현동 395-15,서울 은평구 통일로 863-20,126.919457107314,37.6203004401072,http://place.map.kakao.com/387128185,2026-09-30,Kakao Local keyword search
389584843,adult_nightlife,유흥주점,비틀즈,"가정,생활 > 유흥시설 > 유흥주점",서울 강동구 암사동 501-12,서울 강동구 올림픽로98길 10,127.128685385429,37.5511390266196,http://place.map.kakao.com/389584843,2026-09-30,Kakao Local keyword search
392344924,adult_nightlife,유흥주점,준코뮤직타운 연세대점,"가정,생활 > 유흥시설 > 유흥주점 > 준코뮤직타운",서울 서대문구 창천동 18-72,서울 서대문구 연세로4길 7,126.937300627262,37.5570408793447,http://place.map.kakao.com/392344924,2026-09-30,Kakao Local keyword search
395130357,adult_nightlife,유흥주점,뮤즈노래클럽,"가정,생활 > 유흥시설 > 유흥주점",서울 강북구 번동 443-98,서울 강북구 도봉로82길 33,127.025326922755,37.6352086063956,http://place.map.kakao.com/395130357,2026-09-30,Kakao Local keyword search
396630670,adult_nightlife,유흥주점,베트남가라오케,"가정,생활 > 유흥시설 > 유흥주점",서울 도봉구 창동 12-1,서울 도봉구 노해로69길 21-11,127.049981575087,37.6531618536872,http://place.map.kakao.com/396630670,2026-09-30,Kakao Local keyword search
397547892,adult_nightlife,유흥주점,믹스믹스,"가정,생활 > 유흥시설 > 유흥주점",서울 마포구 공덕동 256-13,서울 마포구 만리재로 15,126.95266981406517,37.54464129439998,http://place.map.kakao.com/397547892,2026-09-30,Kakao Local keyword search
407098501,adult_nightlife,유흥주점,비틀즈,"가정,생활 > 유흥시설 > 유흥주점",서울 강북구 수유동 273-32,서울 강북구 한천로 1167,127.015721065287,37.6476672887154,http://place.map.kakao.com/407098501,2026-09-30,Kakao Local keyword search
420980366,adult_nightlife,유흥주점,블루문,"가정,생활 > 유흥시설 > 유흥주점",서울 강북구 수유동 229-9,서울 강북구 도봉로 331,127.024928957925,37.6376954103756,http://place.map.kakao.com/420980366,2026-09-30,Kakao Local keyword search
421419711,adult_nightlife,유흥주점,얄리단란주점,"가정,생활 > 유흥시설 > 유흥주점",서울 은평구 불광동 486-2,서울 은평구 통일로80길 8,126.921549625491,37.619927038993,http://place.map.kakao.com/421419711,2026-09-30,Kakao Local keyword search
440712864,adult_nightlife,유흥주점,터널노래방,"가정,생활 > 유흥시설 > 유흥주점",서울 강북구 수유동 230-7,서울 강북구 도봉로 313,127.023462487321,37.6364406388216,http://place.map.kakao.com/440712864,2026-09-30,Kakao Local keyword search
450909857,adult_nightlife,유흥주점,우수7080라이브,"가정,생활 > 유흥시설 > 유흥주점",서울 노원구 공릉동 395-11,서울 노원구 동일로192길 10,127.073792713546,37.6256999652307,http://place.map.kakao.com/450909857,2026-09-30,Kakao Local keyword search
469933624,adult_nightlife,유흥주점,길라이브,"가정,생활 > 유흥시설 > 유흥주점",서울 은평구 응암동 98-15,서울 은평구 은평로 154,126.924694083003,37.6007776644928,http://place.map.kakao.com/469933624,2026-09-30,Kakao Local keyword search
470856070,adult_nightlife,유흥주점,플러팅,"가정,생활 > 유흥시설 > 유흥주점",서울 마포구 서교동 354-6,서울 마포구 양화로 128,126.92099937025,37.5543497293216,http://place.map.kakao.com/470856070,2026-09-30,Kakao Local keyword search
475892098,adult_nightlife,유흥주점,스카이24시노래방,"가정,생활 > 유흥시설 > 유흥주점",서울 동대문구 장안동 365-8,서울 동대문구 장한로 96,127.070110050876,37.5690442892775,http://place.map.kakao.com/475892098,2026-09-30,Kakao Local keyword search
480698543,adult_nightlife,유흥주점,파티플레이 뮤직타운 강남역점,"가정,생활 > 유흥시설 > 유흥주점",서울 서초구 서초동 1308-10,서울 서초구 서초대로77길 37,127.02518542579226,37.50109362801218,http://place.map.kakao.com/480698543,2026-09-30,Kakao Local keyword search
4836432,adult_nightlife,유흥주점,헤라,"가정,생활 > 유흥시설 > 유흥주점",서울 송파구 잠실동 183-13,서울 송파구 백제고분로7길 39,127.083047013992,37.5109223138214,http://place.map.kakao.com/4836432,2026-09-30,Kakao Local keyword search
489455114,adult_nightlife,유흥주점,춘자미시클럽,"가정,생활 > 유흥시설 > 유흥주점",경기 구리시 수택동 383-12,경기 구리시 경춘로 218-6,127.139467483049,37.6000732755655,http://place.map.kakao.com/489455114,2026-09-30,Kakao Local keyword search
510025789,adult_nightlife,유흥주점,아지트,"가정,생활 > 유흥시설 > 유흥주점",서울 강북구 수유동 2-2,서울 강북구 노해로 21,127.02271052986602,37.63752016616251,http://place.map.kakao.com/510025789,2026-09-30,Kakao Local keyword search
511084071,adult_nightlife,유흥주점,신세계,"가정,생활 > 유흥시설 > 유흥주점",서울 중랑구 상봉동 90-29,서울 중랑구 면목로96길 48,127.08843890916066,37.59626630327812,http://place.map.kakao.com/511084071,2026-09-30,Kakao Local keyword search
511521621,adult_nightlife,유흥주점,토끼와여우,"가정,생활 > 유흥시설 > 유흥주점",서울 도봉구 방학동 654-19,서울 도봉구 도당로 145,127.04252853224254,37.66726333526463,http://place.map.kakao.com/511521621,2026-09-30,Kakao Local keyword search
529785166,adult_nightlife,유흥주점,땡벌,"가정,생활 > 유흥시설 > 유흥주점",경기 구리시 수택동 414-12,경기 구리시 안골로97번길 43,127.14072273107178,37.59915728054878,http://place.map.kakao.com/529785166,2026-09-30,Kakao Local keyword search
530753511,adult_nightlife,유흥주점,오로라,"가정,생활 > 유흥시설 > 유흥주점",서울 강남구 역삼동 736-16,서울 강남구 테헤란로20길 5,127.0342884979707,37.49939924716472,http://place.map.kakao.com/530753511,2026-09-30,Kakao Local keyword search
530963227,adult_nightlife,유흥주점,두바이무도장,"가정,생활 > 유흥시설 > 유흥주점",서울 도봉구 창동 5-1,서울 도봉구 마들로11가길 16,127.048965821486,37.65256312622,http://place.map.kakao.com/530963227,2026-09-30,Kakao Local keyword search
540776504,adult_nightlife,유흥주점,세븐,"가정,생활 > 유흥시설 > 유흥주점",서울 강남구 역삼동 718-14,서울 강남구 언주로87길 48,127.03931941192103,37.50078793215028,http://place.map.kakao.com/540776504,2026-09-30,Kakao Local keyword search
541940104,adult_nightlife,유흥주점,돈키호테,"가정,생활 > 유흥시설 > 유흥주점",서울 종로구 낙원동 90,서울 종로구 수표로28길 5,126.988723039793,37.5728983033875,http://place.map.kakao.com/541940104,2026-09-30,Kakao Local keyword search
547770026,adult_nightlife,유흥주점,쉬리노래장,"가정,생활 > 유흥시설 > 유흥주점",서울 동대문구 신설동 102-12,서울 동대문구 천호대로 15,127.02520459244964,37.574873834977055,http://place.map.kakao.com/547770026,2026-09-30,Kakao Local keyword search
549039846,adult_nightlife,유흥주점,골드코스트,"가정,생활 > 유흥시설 > 유흥주점",서울 강남구 역삼동 678-24,서울 강남구 테헤란로27길 8-4,127.038428893322,37.5020307122671,http://place.map.kakao.com/549039846,2026-09-30,Kakao Local keyword search
549504923,adult_nightlife,유흥주점,홍콩가요장,"가정,생활 > 유흥시설 > 유흥주점",경기 구리시 갈매동 605-1,경기 구리시 산마루로 19,127.116565592215,37.6319588503412,http://place.map.kakao.com/549504923,2026-09-30,Kakao Local keyword search
550795323,adult_nightlife,유흥주점,겨울나그네,"가정,생활 > 유흥시설 > 유흥주점",서울 강남구 삼성동 160-18,서울 강남구 봉은사로 610,127.06176995736378,37.51422312056866,http://place.map.kakao.com/550795323,2026-09-30,Kakao Local keyword search
56566464,adult_nightlife,유흥주점,논다노래타운 노원점,"가정,생활 > 유흥시설 > 유흥주점",서울 노원구 상계동 724-1,서울 노원구 노해로 490,127.062407181167,37.6544037953957,http://place.map.kakao.com/56566464,2026-09-30,Kakao Local keyword search
570285321,adult_nightlife,유흥주점,모이라,"가정,생활 > 유흥시설 > 유흥주점",서울 강남구 논현동 199-24,서울 강남구 봉은사로1길 9,127.02483626947853,37.50540050873807,http://place.map.kakao.com/570285321,2026-09-30,Kakao Local keyword search
573949696,adult_nightlife,유흥주점,E7,"가정,생활 > 유흥시설 > 유흥주점",서울 강남구 삼성동 143-12,서울 강남구 테헤란로77길 11-10,127.053624241288,37.5070767286613,http://place.map.kakao.com/573949696,2026-09-30,Kakao Local keyword search
57874162,adult_nightlife,유흥주점,에스노래팡팡,"가정,생활 > 유흥시설 > 유흥주점",서울 강남구 논현동 199-4,서울 강남구 강남대로 482,127.024466447753,37.5054249130569,http://place.map.kakao.com/57874162,2026-09-30,Kakao Local keyword search
588275534,adult_nightlife,유흥주점,몰리나,"가정,생활 > 유흥시설 > 유흥주점",서울 은평구 갈현동 455-19,서울 은평구 연서로29길 7-12,126.918986933633,37.6183017276575,http://place.map.kakao.com/588275534,2026-09-30,Kakao Local keyword search
588434384,adult_nightlife,유흥주점,문라이브7080,"가정,생활 > 유흥시설 > 유흥주점",서울 강동구 길동 458-6,서울 강동구 천호대로177길 16,127.137751191065,37.5351576926536,http://place.map.kakao.com/588434384,2026-09-30,Kakao Local keyword search
600698698,adult_nightlife,유흥주점,올레,"가정,생활 > 유흥시설 > 유흥주점",서울 영등포구 신길동 95-62,서울 영등포구 영등포로 370,126.91903212730229,37.51383039620025,http://place.map.kakao.com/600698698,2026-09-30,Kakao Local keyword search
604958274,adult_nightlife,유흥주점,더데이(The Day),"가정,생활 > 유흥시설 > 유흥주점",서울 중랑구 묵동 158-3,서울 중랑구 공릉로12가길 1,127.079871651426,37.6164942229565,http://place.map.kakao.com/604958274,2026-09-30,Kakao Local keyword search
607891181,adult_nightlife,유흥주점,더킹노래주점,"가정,생활 > 유흥시설 > 유흥주점",서울 강북구 수유동 229-2,서울 강북구 도봉로87길 3,127.02522027779828,37.63812151436386,http://place.map.kakao.com/607891181,2026-09-30,Kakao Local keyword search
611966199,adult_nightlife,유흥주점,라이징,"가정,생활 > 유흥시설 > 유흥주점",서울 강남구 역삼동 735-11,서울 강남구 논현로87길 41,127.033519241917,37.4988336360319,http://place.map.kakao.com/611966199,2026-09-30,Kakao Local keyword search
6121201,adult_nightlife,유흥주점,이벤트 라운지 홀덤바,"가정,생활 > 유흥시설 > 유흥주점",서울 용산구 이태원동 281-5,서울 용산구 회나무로 20,126.988972550517,37.5389802735915,http://place.map.kakao.com/6121201,2026-09-30,Kakao Local keyword search
61404881,adult_nightlife,유흥주점,송앤푸드,"가정,생활 > 유흥시설 > 유흥주점",서울 광진구 광장동 186,서울 광진구 아차산로78길 165,127.1088946745,37.5479558885085,http://place.map.kakao.com/61404881,2026-09-30,Kakao Local keyword search
614101578,adult_nightlife,유흥주점,명동주점,"가정,생활 > 유흥시설 > 유흥주점",서울 도봉구 창동 13,서울 도봉구 마들로11길 65,127.0496678445039,37.65341696427029,http://place.map.kakao.com/614101578,2026-09-30,Kakao Local keyword search
618615425,adult_nightlife,유흥주점,CNN,"가정,생활 > 유흥시설 > 유흥주점",서울 강남구 삼성동 143-27,서울 강남구 테헤란로77길 9,127.05442273163644,37.50707996749827,http://place.map.kakao.com/618615425,2026-09-30,Kakao Local keyword search
637646417,adult_nightlife,유흥주점,나인,"가정,생활 > 유흥시설 > 유흥주점",서울 마포구 서교동 354-19,서울 마포구 양화로 124,126.92086024351,37.5542793583403,http://place.map.kakao.com/637646417,2026-09-30,Kakao Local keyword search
650488406,adult_nightlife,유흥주점,수다방,"가정,생활 > 유흥시설 > 유흥주점",서울 은평구 대조동 43-4,서울 은평구 진흥로 121-7,126.923796787303,37.6078498597586,http://place.map.kakao.com/650488406,2026-09-30,Kakao Local keyword search
65343742,adult_nightlife,유흥주점,파라다이스,"가정,생활 > 유흥시설 > 유흥주점",서울 강동구 길동 387-7,서울 강동구 양재대로111길 28,127.13813452900993,37.53749443860506,http://place.map.kakao.com/65343742,2026-09-30,Kakao Local keyword search
658332772,adult_nightlife,유흥주점,핑서울,"가정,생활 > 유흥시설 > 유흥주점",서울 용산구 이태원동 124-5,서울 용산구 이태원로 195,126.99567118102384,37.53480547289253,http://place.map.kakao.com/658332772,2026-09-30,Kakao Local keyword search
658709650,adult_nightlife,유흥주점,쉘부르7080,"가정,생활 > 유흥시설 > 유흥주점",서울 송파구 송파동 133-7,서울 송파구 백제고분로46길 8,127.111971246778,37.5083972490945,http://place.map.kakao.com/658709650,2026-09-30,Kakao Local keyword search
660236769,adult_nightlife,유흥주점,7080라이브연예인노래클럽,"가정,생활 > 유흥시설 > 유흥주점",서울 은평구 대조동 9-8,서울 은평구 통일로67길 7,126.928458705149,37.6109404679107,http://place.map.kakao.com/660236769,2026-09-30,Kakao Local keyword search
663762697,adult_nightlife,유흥주점,게코노래타운,"가정,생활 > 유흥시설 > 유흥주점",서울 강북구 수유동 229-11,서울 강북구 도봉로 329,127.024701181846,37.6375531026401,http://place.map.kakao.com/663762697,2026-09-30,Kakao Local keyword search
665916532,adult_nightlife,유흥주점,트리니티,"가정,생활 > 유흥시설 > 유흥주점",서울 강남구 신사동 652-14,서울 강남구 도산대로 331,127.038121917478,37.5232963113786,http://place.map.kakao.com/665916532,2026-09-30,Kakao Local keyword search
676221903,adult_nightlife,유흥주점,세이렌,"가정,생활 > 유흥시설 > 유흥주점",서울 강남구 삼성동 142-35,서울 강남구 테헤란로 411,127.050863520523,37.5054939827386,http://place.map.kakao.com/676221903,2026-09-30,Kakao Local keyword search
685003211,adult_nightlife,유흥주점,색연필,"가정,생활 > 유흥시설 > 유흥주점",서울 송파구 방이동 34-8,서울 송파구 올림픽로32길 12,127.109026584633,37.5149755302479,http://place.map.kakao.com/685003211,2026-09-30,Kakao Local keyword search
685504362,adult_nightlife,유흥주점,슈퍼스타노래타운 1호점,"가정,생활 > 유흥시설 > 유흥주점",서울 광진구 화양동 48-23,서울 광진구 아차산로25길 8,127.06669785351345,37.54178028023806,http://place.map.kakao.com/685504362,2026-09-30,Kakao Local keyword search
687853140,adult_nightlife,유흥주점,아지트노래방,"가정,생활 > 유흥시설 > 유흥주점",서울 송파구 방이동 71-11,서울 송파구 오금로15길 12,127.10960574485178,37.51267293007966,http://place.map.kakao.com/687853140,2026-09-30,Kakao Local keyword search
688466459,adult_nightlife,유흥주점,플레이노래타운,"가정,생활 > 유흥시설 > 유흥주점",서울 서초구 서초동 1308,서울 서초구 강남대로69길 11,127.024267248396,37.5014758466955,http://place.map.kakao.com/688466459,2026-09-30,Kakao Local keyword search
695686909,adult_nightlife,유흥주점,중광어록,"가정,생활 > 유흥시설 > 유흥주점",서울 강북구 수유동 279-17,,127.01338233238,37.6479477830613,http://place.map.kakao.com/695686909,2026-09-30,Kakao Local keyword search
70029658,adult_nightlife,유흥주점,아이엠,"가정,생활 > 유흥시설 > 유흥주점",서울 강남구 역삼동 735-29,서울 강남구 테헤란로16길 9,127.033884565725,37.4989443555797,http://place.map.kakao.com/70029658,2026-09-30,Kakao Local keyword search
701254208,adult_nightlife,유흥주점,선물,"가정,생활 > 유흥시설 > 유흥주점",서울 영등포구 여의도동 36-4,서울 영등포구 국제금융로8길 34,126.927263776145,37.5202040436018,http://place.map.kakao.com/701254208,2026-09-30,Kakao Local keyword search
71841787,adult_nightlife,유흥주점,아지트7080라이브,"가정,생활 > 유흥시설 > 유흥주점",경기 구리시 수택동 524-4,경기 구리시 검배로 21-1,127.142749820906,37.5992116085973,http://place.map.kakao.com/71841787,2026-09-30,Kakao Local keyword search
722247517,adult_nightlife,유흥주점,세븐,"가정,생활 > 유흥시설 > 유흥주점",서울 강북구 수유동 191-12,서울 강북구 도봉로89길 1,127.02611219974978,37.63886913781598,http://place.map.kakao.com/722247517,2026-09-30,Kakao Local keyword search
749194100,adult_nightlife,유흥주점,아미라이브카페,"가정,생활 > 유흥시설 > 유흥주점",서울 송파구 송파동 143-6,서울 송파구 백제고분로46길 43,127.115689787836,37.5067628475748,http://place.map.kakao.com/749194100,2026-09-30,Kakao Local keyword search
764901172,adult_nightlife,유흥주점,궁노래방,"가정,생활 > 유흥시설 > 유흥주점",서울 중랑구 묵동 163-3,서울 중랑구 중랑역로 272,127.07836031996735,37.61614565282047,http://place.map.kakao.com/764901172,2026-09-30,Kakao Local keyword search
766151766,adult_nightlife,유흥주점,보스,"가정,생활 > 유흥시설 > 유흥주점",서울 동대문구 장안동 344-9,서울 동대문구 장한로24길 13,127.07175986126822,37.570823664595636,http://place.map.kakao.com/766151766,2026-09-30,Kakao Local keyword search
773934994,adult_nightlife,유흥주점,너랑나랑,"가정,생활 > 유흥시설 > 유흥주점",경기 구리시 교문동 227-1,경기 구리시 경춘로172번길 5,127.134546379146,37.6002636911529,http://place.map.kakao.com/773934994,2026-09-30,Kakao Local keyword search
774817532,adult_nightlife,유흥주점,나이아가라,"가정,생활 > 유흥시설 > 유흥주점",서울 중구 태평로2가 70-5,서울 중구 세종대로 64,126.976696704857,37.5619737700259,http://place.map.kakao.com/774817532,2026-09-30,Kakao Local keyword search
782030932,adult_nightlife,유흥주점,로데오포차7080,"가정,생활 > 유흥시설 > 유흥주점",서울 강동구 천호동 453-7,서울 강동구 천호대로159길 25,127.12776677732663,37.538720658485765,http://place.map.kakao.com/782030932,2026-09-30,Kakao Local keyword search
789053130,adult_nightlife,유흥주점,터치노래타운,"가정,생활 > 유흥시설 > 유흥주점",서울 서대문구 창천동 29-30,서울 서대문구 연세로4길 12,126.937687700916,37.5570257673053,http://place.map.kakao.com/789053130,2026-09-30,Kakao Local keyword search
79365496,adult_nightlife,유흥주점,일번지,"가정,생활 > 유흥시설 > 유흥주점",서울 강북구 수유동 191-77,서울 강북구 한천로139길 41,127.025138852443,37.63856571732,http://place.map.kakao.com/79365496,2026-09-30,Kakao Local keyword search
7962812,adult_nightlife,유흥주점,애플노래타운,"가정,생활 > 유흥시설 > 유흥주점",서울 강남구 논현동 185-1,서울 강남구 강남대로118길 40,127.026515234802,37.5070814194057,http://place.map.kakao.com/7962812,2026-09-30,Kakao Local keyword search
7987814,adult_nightlife,유흥주점,알라딘룸클럽,"가정,생활 > 유흥시설 > 유흥주점",서울 중랑구 상봉동 89-1,서울 중랑구 망우로50길 15,127.089166086529,37.5964405484368,http://place.map.kakao.com/7987814,2026-09-30,Kakao Local keyword search
802567468,adult_nightlife,유흥주점,럭셔리노래바,"가정,생활 > 유흥시설 > 유흥주점",서울 강남구 논현동 184-32,서울 강남구 봉은사로1길 16,127.02481494075462,37.50588345202973,http://place.map.kakao.com/802567468,2026-09-30,Kakao Local keyword search
803566679,adult_nightlife,유흥주점,동그라미306라이브,"가정,생활 > 유흥시설 > 유흥주점",서울 중랑구 중화동 306-45,서울 중랑구 중랑역로 92,127.077877593491,37.6018175405149,http://place.map.kakao.com/803566679,2026-09-30,Kakao Local keyword search
808118755,adult_nightlife,유흥주점,로망스,"가정,생활 > 유흥시설 > 유흥주점",경기 구리시 수택동 374-24,경기 구리시 안골로63번길 43,127.1381753139702,37.59941166665499,http://place.map.kakao.com/808118755,2026-09-30,Kakao Local keyword search
818111341,adult_nightlife,유흥주점,을지7080라이브,"가정,생활 > 유흥시설 > 유흥주점",서울 중구 오장동 139-11,서울 중구 을지로36길 35,127.001686499687,37.5650592674536,http://place.map.kakao.com/818111341,2026-09-30,Kakao Local keyword search
8254529,adult_nightlife,유흥주점,남태평양,"가정,생활 > 유흥시설 > 유흥주점",서울 동대문구 이문동 250-1,서울 동대문구 이문로 200,127.062254345116,37.6043324693136,http://place.map.kakao.com/8254529,2026-09-30,Kakao Local keyword search
826338338,adult_nightlife,유흥주점,제니7080,"가정,생활 > 유흥시설 > 유흥주점",서울 도봉구 창동 569-85,서울 도봉구 덕릉로 238,127.03866247275,37.6389792167352,http://place.map.kakao.com/826338338,2026-09-30,Kakao Local keyword search
826683396,adult_nightlife,유흥주점,엘리트,"가정,생활 > 유흥시설 > 유흥주점",서울 강남구 대치동 890-38,서울 강남구 테헤란로70길 16,127.053296610822,37.504401792652,http://place.map.kakao.com/826683396,2026-09-30,Kakao Local keyword search
8323586,adult_nightlife,유흥주점,딴따라,"가정,생활 > 유흥시설 > 유흥주점",서울 노원구 상계동 726-1,서울 노원구 동일로218길 17,127.061774399699,37.6538761527716,http://place.map.kakao.com/8323586,2026-09-30,Kakao Local keyword search
837596249,adult_nightlife,유흥주점,보물섬,"가정,생활 > 유흥시설 > 유흥주점",서울 영등포구 신길동 4326,서울 영등포구 여의대방로 87,126.916328158822,37.4971662256236,http://place.map.kakao.com/837596249,2026-09-30,Kakao Local keyword search
838161241,adult_nightlife,유흥주점,타임,"가정,생활 > 유흥시설 > 유흥주점",서울 송파구 방이동 106-19,,127.11255055641,37.5123142643199,http://place.map.kakao.com/838161241,2026-09-30,Kakao Local keyword search
839766075,adult_nightlife,유흥주점,팝콘노래방,"가정,생활 > 유흥시설 > 유흥주점",서울 동대문구 장안동 463-4,서울 동대문구 장한로2길 15,127.0660890104834,37.56219363367257,http://place.map.kakao.com/839766075,2026-09-30,Kakao Local keyword search
840478410,adult_nightlife,유흥주점,갤럭시,"가정,생활 > 유흥시설 > 유흥주점",서울 송파구 석촌동 158,서울 송파구 석촌호수로 216,127.100896465365,37.5068575000008,http://place.map.kakao.com/840478410,2026-09-30,Kakao Local keyword search
8492372,adult_nightlife,유흥주점,오너뮤직타운,"가정,생활 > 유흥시설 > 유흥주점",서울 마포구 서교동 408-7,서울 마포구 어울마당로 58,126.9212958175372,37.550104425116615,http://place.map.kakao.com/8492372,2026-09-30,Kakao Local keyword search
853036505,adult_nightlife,유흥주점,에스비에스,"가정,생활 > 유흥시설 > 유흥주점",서울 도봉구 창동 10,서울 도봉구 노해로69길 15-15,127.049912195725,37.6527834703619,http://place.map.kakao.com/853036505,2026-09-30,Kakao Local keyword search
8550584,adult_nightlife,유흥주점,카니발,"가정,생활 > 유흥시설 > 유흥주점",서울 강북구 수유동 229-43,서울 강북구 도봉로85길 4,127.02481000402763,37.637722464995385,http://place.map.kakao.com/8550584,2026-09-30,Kakao Local keyword search
856490111,adult_nightlife,유흥주점,라운딩,"가정,생활 > 유흥시설 > 유흥주점",서울 서대문구 대현동 101-17,서울 서대문구 신촌로 155,126.943244692062,37.5569429745156,http://place.map.kakao.com/856490111,2026-09-30,Kakao Local keyword search
859349039,adult_nightlife,유흥주점,캔디노래바,"가정,생활 > 유흥시설 > 유흥주점",서울 동대문구 장안동 367-8,서울 동대문구 장한로 122,127.071432022434,37.5712752619497,http://place.map.kakao.com/859349039,2026-09-30,Kakao Local keyword search
868566772,adult_nightlife,유흥주점,라이브신바람7080,"가정,생활 > 유흥시설 > 유흥주점",서울 노원구 상계동 724-3,서울 노원구 노해로 494,127.063032839318,37.654537709122,http://place.map.kakao.com/868566772,2026-09-30,Kakao Local keyword search
869172565,adult_nightlife,유흥주점,뮤즈라이브,"가정,생활 > 유흥시설 > 유흥주점",서울 영등포구 여의도동 43-3,서울 영등포구 국제금융로 78,126.931154540334,37.520820859493,http://place.map.kakao.com/869172565,2026-09-30,Kakao Local keyword search
8729856,adult_nightlife,유흥주점,갈채,"가정,생활 > 유흥시설 > 유흥주점",서울 은평구 대조동 14-18,서울 은평구 통일로 723,126.929912554023,37.6101340541225,http://place.map.kakao.com/8729856,2026-09-30,Kakao Local keyword search
877126635,adult_nightlife,유흥주점,황진이,"가정,생활 > 유흥시설 > 유흥주점",서울 강북구 수유동 191-58,서울 강북구 한천로139길 9,127.02631980530829,37.639625918914035,http://place.map.kakao.com/877126635,2026-09-30,Kakao Local keyword search
878157745,adult_nightlife,유흥주점,베이스캠프,"가정,생활 > 유흥시설 > 유흥주점",서울 도봉구 도봉동 560-19,서울 도봉구 도봉로 909,127.0457224578,37.6856087768723,http://place.map.kakao.com/878157745,2026-09-30,Kakao Local keyword search
878963275,adult_nightlife,유흥주점,7080쎄시봉,"가정,생활 > 유흥시설 > 유흥주점",서울 중랑구 묵동 239-169,서울 중랑구 동일로 909,127.077257972269,37.6114990809749,http://place.map.kakao.com/878963275,2026-09-30,Kakao Local keyword search
883673096,adult_nightlife,유흥주점,썸노래짱,"가정,생활 > 유흥시설 > 유흥주점",서울 중구 충무로3가 56-1,서울 중구 수표로6길 32,126.992129154064,37.5627731894029,http://place.map.kakao.com/883673096,2026-09-30,Kakao Local keyword search
891485325,adult_nightlife,유흥주점,신세계,"가정,생활 > 유흥시설 > 유흥주점",서울 마포구 노고산동 49-51,서울 마포구 신촌로12가길 37,126.934658259087,37.5554176513156,http://place.map.kakao.com/891485325,2026-09-30,Kakao Local keyword search
8944732,adult_nightlife,유흥주점,라벤드,"가정,생활 > 유흥시설 > 유흥주점",서울 동대문구 장안동 365-6,서울 동대문구 장한로 92,127.06976673821701,37.56868499548642,http://place.map.kakao.com/8944732,2026-09-30,Kakao Local keyword search
9044900,adult_nightlife,유흥주점,별천지,"가정,생활 > 유흥시설 > 유흥주점",서울 서대문구 북가좌동 279-12,서울 서대문구 응암로 116,126.913685191747,37.5827043395885,http://place.map.kakao.com/9044900,2026-09-30,Kakao Local keyword search
9052932,adult_nightlife,유흥주점,보물섬,"가정,생활 > 유흥시설 > 유흥주점",서울 종로구 당주동 160,서울 종로구 새문안로5길 13,126.9744207744654,37.571365280190854,http://place.map.kakao.com/9052932,2026-09-30,Kakao Local keyword search
911397938,adult_nightlife,유흥주점,시바스노래방,"가정,생활 > 유흥시설 > 유흥주점",서울 동작구 노량진동 35-1,서울 동작구 노량진로8길 33,126.93724277341886,37.512644942263385,http://place.map.kakao.com/911397938,2026-09-30,Kakao Local keyword search
913194219,adult_nightlife,유흥주점,리코노래타운,"가정,생활 > 유흥시설 > 유흥주점",서울 중구 충무로3가 36-4,서울 중구 충무로2길 2,126.993321008968,37.5625182808151,http://place.map.kakao.com/913194219,2026-09-30,Kakao Local keyword search
914425954,adult_nightlife,유흥주점,신세계7080,"가정,생활 > 유흥시설 > 유흥주점",서울 강북구 수유동 178-45,서울 강북구 한천로 1064,127.024768284773,37.6417408656368,http://place.map.kakao.com/914425954,2026-09-30,Kakao Local keyword search
9213707,adult_nightlife,유흥주점,스캔들,"가정,생활 > 유흥시설 > 유흥주점",경기 구리시 수택동 383-15,경기 구리시 체육관로172번길 59,127.139471625837,37.5998660429426,http://place.map.kakao.com/9213707,2026-09-30,Kakao Local keyword search
9237550,adult_nightlife,유흥주점,에쿠스,"가정,생활 > 유흥시설 > 유흥주점",경기 구리시 수택동 373-13,경기 구리시 체육관로 162-3,127.136630281067,37.599170197985,http://place.map.kakao.com/9237550,2026-09-30,Kakao Local keyword search
9243472,adult_nightlife,유흥주점,여울목,"가정,생활 > 유흥시설 > 유흥주점",서울 노원구 상계동 387-196,서울 노원구 상계로 136,127.06969741907551,37.658197352700945,http://place.map.kakao.com/9243472,2026-09-30,Kakao Local keyword search
929029151,adult_nightlife,유흥주점,바나나룸,"가정,생활 > 유흥시설 > 유흥주점",서울 강북구 수유동 47-63,서울 강북구 덕릉로19길 4,127.020568442671,37.6347626431034,http://place.map.kakao.com/929029151,2026-09-30,Kakao Local keyword search
930059709,adult_nightlife,유흥주점,몰디브노래주점,"가정,생활 > 유흥시설 > 유흥주점",서울 강북구 수유동 191-20,서울 강북구 도봉로87길 6,127.025349510482,37.6383341191224,http://place.map.kakao.com/930059709,2026-09-30,Kakao Local keyword search
930573424,adult_nightlife,유흥주점,아방궁,"가정,생활 > 유흥시설 > 유흥주점",서울 강북구 수유동 191-57,서울 강북구 한천로139길 11,127.026221223695,37.6395980103378,http://place.map.kakao.com/930573424,2026-09-30,Kakao Local keyword search
941436318,adult_nightlife,유흥주점,텐프로빠,"가정,생활 > 유흥시설 > 유흥주점",서울 동대문구 장안동 366-6,서울 동대문구 장한로 106,127.0705025024183,37.56989369415301,http://place.map.kakao.com/941436318,2026-09-30,Kakao Local keyword search
946406390,adult_nightlife,유흥주점,줄리아나,"가정,생활 > 유흥시설 > 유흥주점",서울 마포구 동교동 152-1,서울 마포구 동교로 226,126.92403335504119,37.56006944835887,http://place.map.kakao.com/946406390,2026-09-30,Kakao Local keyword search
950857316,adult_nightlife,유흥주점,클럽잭리빈,"가정,생활 > 유흥시설 > 유흥주점",서울 강남구 논현동 18-2,서울 강남구 강남대로 588,127.020531962753,37.514368133073,http://place.map.kakao.com/950857316,2026-09-30,Kakao Local keyword search
951472134,adult_nightlife,유흥주점,홍시,"가정,생활 > 유흥시설 > 유흥주점",경기 구리시 수택동 417-14,경기 구리시 안골로85번길 39,127.14013626527552,37.599218344688836,http://place.map.kakao.com/951472134,2026-09-30,Kakao Local keyword search
959485556,adult_nightlife,유흥주점,조이노래바,"가정,생활 > 유흥시설 > 유흥주점",서울 영등포구 여의도동 45-14,서울 영등포구 국제금융로8길 27-9,126.928961222195,37.5195239185458,http://place.map.kakao.com/959485556,2026-09-30,Kakao Local keyword search
963411850,adult_nightlife,유흥주점,하트,"가정,생활 > 유흥시설 > 유흥주점",서울 동대문구 장안동 366-2,서울 동대문구 장한로24길 8,127.07130349284834,37.57062842517307,http://place.map.kakao.com/963411850,2026-09-30,Kakao Local keyword search
9637548,adult_nightlife,유흥주점,황태자룸싸롱,"가정,생활 > 유흥시설 > 유흥주점",경기 구리시 수택동 373-3,경기 구리시 체육관로 168-1,127.13652238467297,37.59961541202933,http://place.map.kakao.com/9637548,2026-09-30,Kakao Local keyword search
964628178,adult_nightlife,유흥주점,맨하튼,"가정,생활 > 유흥시설 > 유흥주점",서울 은평구 대조동 14-65,서울 은평구 불광로 6,126.927532820287,37.6091955880912,http://place.map.kakao.com/964628178,2026-09-30,Kakao Local keyword search
96543624,adult_nightlife,유흥주점,유앤미노래타운,"가정,생활 > 유흥시설 > 유흥주점",서울 마포구 서교동 355-27,서울 마포구 홍익로5길 25,126.92107466402261,37.55378034916983,http://place.map.kakao.com/96543624,2026-09-30,Kakao Local keyword search
9667078,adult_nightlife,유흥주점,국일관,"가정,생활 > 유흥시설 > 유흥주점",서울 마포구 서교동 354-11,서울 마포구 양화로 120,126.920409097486,37.5538952301115,http://place.map.kakao.com/9667078,2026-09-30,Kakao Local keyword search
967808026,adult_nightlife,유흥주점,샴푸노래,"가정,생활 > 유흥시설 > 유흥주점",서울 중랑구 묵동 182-21,서울 중랑구 동일로 852,127.078841663506,37.606457899786,http://place.map.kakao.com/967808026,2026-09-30,Kakao Local keyword search
968875810,adult_nightlife,유흥주점,게코노래타운,"가정,생활 > 유흥시설 > 유흥주점",서울 노원구 상계동 724-1,서울 노원구 노해로 490,127.062411705805,37.6543938822008,http://place.map.kakao.com/968875810,2026-09-30,Kakao Local keyword search
971180961,adult_nightlife,유흥주점,무지개주점,"가정,생활 > 유흥시설 > 유흥주점",서울 영등포구 여의도동 35-5,서울 영등포구 여의나루로 42,126.92494924456679,37.52142795928492,http://place.map.kakao.com/971180961,2026-09-30,Kakao Local keyword search
974923613,adult_nightlife,유흥주점,사또7080라이브,"가정,생활 > 유흥시설 > 유흥주점",서울 광진구 중곡동 341-7,서울 광진구 천호대로 573,127.081874219741,37.5565660273119,http://place.map.kakao.com/974923613,2026-09-30,Kakao Local keyword search
980251856,adult_nightlife,유흥주점,부킹7080,"가정,생활 > 유흥시설 > 유흥주점",서울 중랑구 면목동 353-2,서울 중랑구 면목로 279,127.085667212408,37.5777565545262,http://place.map.kakao.com/980251856,2026-09-30,Kakao Local keyword search
9906130,adult_nightlife,유흥주점,십팔번,"가정,생활 > 유흥시설 > 유흥주점",경기 구리시 교문동 759,경기 구리시 아차산로432번길 8,127.131818707332,37.5933768932896,http://place.map.kakao.com/9906130,2026-09-30,Kakao Local keyword search
9917414,adult_nightlife,유흥주점,목화,"가정,생활 > 유흥시설 > 유흥주점",서울 강북구 미아동 42-73,서울 강북구 월계로3길 28,127.03136324367546,37.610954381157285,http://place.map.kakao.com/9917414,2026-09-30,Kakao Local keyword search
9998309,adult_nightlife,유흥주점,준코뮤직타운 길동점,"가정,생활 > 유흥시설 > 유흥주점 > 준코뮤직타운",서울 강동구 길동 459-2,서울 강동구 천호대로 1135,127.13780221033,37.5345999140675,http://place.map.kakao.com/9998309,2026-09-30,Kakao Local keyword search
1001365530,night_food,요리주점,태성골뱅이신사 상명대구기점,"음식점 > 술집 > 호프,요리주점",서울 종로구 구기동 85-2,서울 종로구 진흥로 443,126.95787674228855,37.60793091482541,http://place.map.kakao.com/1001365530,2026-09-30,Kakao Local keyword search
10021212,night_food,요리주점,칸코시,"음식점 > 술집 > 호프,요리주점",서울 송파구 잠실동 189-8,서울 송파구 백제고분로7길 32-14,127.08249874210573,37.510160448409195,http://place.map.kakao.com/10021212,2026-09-30,Kakao Local keyword search
100439942,night_food,요리주점,청춘골뱅이 수락점,"음식점 > 술집 > 호프,요리주점",서울 노원구 상계동 1119-63,서울 노원구 동일로230가길 77,127.056550315039,37.6749040620364,http://place.map.kakao.com/100439942,2026-09-30,Kakao Local keyword search
1005801516,night_food,요리주점,독립맥주공장,"음식점 > 술집 > 호프,요리주점",서울 중구 정동 17-4,서울 중구 정동길 17,126.970479800381,37.5670765228959,http://place.map.kakao.com/1005801516,2026-09-30,Kakao Local keyword search
1011394258,night_food,요리주점,생활맥주 창동역점,"음식점 > 술집 > 호프,요리주점 > 생활맥주",서울 도봉구 창동 13,서울 도봉구 마들로11길 65,127.04960662074419,37.653371940898204,http://place.map.kakao.com/1011394258,2026-09-30,Kakao Local keyword search
1024971619,night_food,요리주점,그때그집,"음식점 > 술집 > 호프,요리주점",서울 강북구 우이동 8-3,서울 강북구 삼양로 645,127.01337666720201,37.66058496444839,http://place.map.kakao.com/1024971619,2026-09-30,Kakao Local keyword search
1029585850,night_food,요리주점,오아,"음식점 > 술집 > 호프,요리주점",서울 강북구 미아동 75-183,서울 강북구 도봉로10다길 20,127.03192319633456,37.614682522788065,http://place.map.kakao.com/1029585850,2026-09-30,Kakao Local keyword search
1042396228,night_food,요리주점,춘타운 노원점,"음식점 > 술집 > 호프,요리주점",서울 노원구 상계동 332-8,서울 노원구 노해로81길 12-21,127.063401063911,37.6557799663013,http://place.map.kakao.com/1042396228,2026-09-30,Kakao Local keyword search
1044239398,night_food,요리주점,역전할머니맥주 서울수유리점,"음식점 > 술집 > 호프,요리주점 > 역전할머니맥주",서울 강북구 수유동 174-35,서울 강북구 한천로140길 18,127.027514380732,37.6406662836543,http://place.map.kakao.com/1044239398,2026-09-30,Kakao Local keyword search
1048661186,night_food,요리주점,소나무아래,"음식점 > 술집 > 호프,요리주점",서울 강북구 우이동 186-19,서울 강북구 삼양로173길 104,127.007185371427,37.661348635388,http://place.map.kakao.com/1048661186,2026-09-30,Kakao Local keyword search
1051890422,night_food,요리주점,금복주류 미아사거리점,"음식점 > 술집 > 호프,요리주점",서울 강북구 미아동 55-19,서울 강북구 도봉로10가길 11,127.03122483587902,37.61310417749992,http://place.map.kakao.com/1051890422,2026-09-30,Kakao Local keyword search
1054184382,night_food,요리주점,꼬쟁이 토평점,"음식점 > 술집 > 호프,요리주점",경기 구리시 토평동 999,경기 구리시 검배로 122,127.15131273790314,37.59405268133067,http://place.map.kakao.com/1054184382,2026-09-30,Kakao Local keyword search
1056936748,night_food,요리주점,에르맥주 별내역점,"음식점 > 술집 > 호프,요리주점",경기 남양주시 별내동 1006-1,경기 남양주시 별내중앙로 30,127.12584030201198,37.645900164156174,http://place.map.kakao.com/1056936748,2026-09-30,Kakao Local keyword search
10589453,night_food,요리주점,악바리,"음식점 > 술집 > 호프,요리주점",서울 서초구 서초동 1308-6,서울 서초구 서초대로77길 41,127.02512667177783,37.50125311856523,http://place.map.kakao.com/10589453,2026-09-30,Kakao Local keyword search
1068615186,night_food,요리주점,술과사람,"음식점 > 술집 > 호프,요리주점",서울 중랑구 상봉동 88-49,서울 중랑구 봉우재로33길 86,127.089921445402,37.5955651129633,http://place.map.kakao.com/1068615186,2026-09-30,Kakao Local keyword search
10722948,night_food,요리주점,정태네실비집,"음식점 > 술집 > 호프,요리주점",서울 중구 남산동2가 14-9,서울 중구 퇴계로20길 15,126.98588085933841,37.5594974842665,http://place.map.kakao.com/10722948,2026-09-30,Kakao Local keyword search
108052840,night_food,요리주점,무무,"음식점 > 술집 > 호프,요리주점",서울 도봉구 창동 661-3,서울 도봉구 도봉로 506,127.03607229315956,37.650399107564496,http://place.map.kakao.com/108052840,2026-09-30,Kakao Local keyword search
10822766,night_food,요리주점,8번가,"음식점 > 술집 > 호프,요리주점",서울 강동구 천호동 453-21,서울 강동구 천호대로157길 18,127.12749481916526,37.53848398951573,http://place.map.kakao.com/10822766,2026-09-30,Kakao Local keyword search
1084140448,night_food,요리주점,한남동그집 별내로데오점,"음식점 > 술집 > 호프,요리주점 > 한남동그집",경기 남양주시 별내동 1021-2,경기 남양주시 별내중앙로57번길 23-5,127.123068091839,37.6468869622601,http://place.map.kakao.com/1084140448,2026-09-30,Kakao Local keyword search
1087174055,night_food,요리주점,주도락 신용산본점,"음식점 > 술집 > 호프,요리주점",서울 용산구 한강로2가 84-7,서울 용산구 한강대로46길 19,126.971380986267,37.5310728410985,http://place.map.kakao.com/1087174055,2026-09-30,Kakao Local keyword search
1094571324,night_food,요리주점,칠석객잔,"음식점 > 술집 > 호프,요리주점",서울 강북구 번동 444-3,서울 강북구 오패산로 393,127.027870782222,37.6362910172741,http://place.map.kakao.com/1094571324,2026-09-30,Kakao Local keyword search
1095029510,night_food,요리주점,설맥 별내별가람역점,"음식점 > 술집 > 호프,요리주점 > 설맥",경기 남양주시 별내동 824,경기 남양주시 덕송2로 62,127.117224821051,37.667932634418,http://place.map.kakao.com/1095029510,2026-09-30,Kakao Local keyword search
1104226578,night_food,요리주점,대동집 다산중앙점,"음식점 > 술집 > 호프,요리주점 > 대동집",경기 남양주시 다산동 6089-2,경기 남양주시 다산중앙로 113,127.15318649725582,37.623209861870635,http://place.map.kakao.com/1104226578,2026-09-30,Kakao Local keyword search
1104965628,night_food,요리주점,펀비어킹 은평서부병원앞점,"음식점 > 술집 > 호프,요리주점 > 펀비어킹",서울 은평구 응암동 88-1,서울 은평구 응암로 339,126.922183939925,37.601450878024,http://place.map.kakao.com/1104965628,2026-09-30,Kakao Local keyword search
1106250087,night_food,요리주점,주신당 용산점,"음식점 > 술집 > 호프,요리주점",서울 용산구 한강로1가 237-4,서울 용산구 한강대로 180,126.973359691316,37.5344016020578,http://place.map.kakao.com/1106250087,2026-09-30,Kakao Local keyword search
1113031882,night_food,요리주점,소버,"음식점 > 술집 > 호프,요리주점",서울 용산구 한강로1가 303-3,서울 용산구 한강대로 159,126.97150005455353,37.53332357081526,http://place.map.kakao.com/1113031882,2026-09-30,Kakao Local keyword search
1114769918,night_food,요리주점,인쌩맥주 별내별가람역점,"음식점 > 술집 > 호프,요리주점 > 인쌩맥주",경기 남양주시 별내동 826-8,경기 남양주시 별내3로 322,127.11776166509208,37.666240960067974,http://place.map.kakao.com/1114769918,2026-09-30,Kakao Local keyword search
1117945028,night_food,요리주점,공대생맥주 노원점,"음식점 > 술집 > 호프,요리주점",서울 노원구 상계동 616-1,서울 노원구 노해로81길 12-15,127.063150501842,37.6556467553423,http://place.map.kakao.com/1117945028,2026-09-30,Kakao Local keyword search
1118354541,night_food,요리주점,소,"음식점 > 술집 > 호프,요리주점",서울 중구 충무로4가 24-14,서울 중구 마른내로6길 38-2,126.995125164603,37.5624904382051,http://place.map.kakao.com/1118354541,2026-09-30,Kakao Local keyword search
1120759836,night_food,요리주점,회기호프,"음식점 > 술집 > 호프,요리주점",서울 동대문구 휘경동 319-1,서울 동대문구 회기로 194,127.057364518939,37.5898361976482,http://place.map.kakao.com/1120759836,2026-09-30,Kakao Local keyword search
1124979901,night_food,요리주점,생활맥주 연신내점,"음식점 > 술집 > 호프,요리주점 > 생활맥주",서울 은평구 갈현동 110-5,서울 은평구 연서로27길 19,126.91723141856,37.6181689651838,http://place.map.kakao.com/1124979901,2026-09-30,Kakao Local keyword search
1130509162,night_food,요리주점,아따 압구정점,"음식점 > 술집 > 호프,요리주점",서울 강남구 신사동 662-17,서울 강남구 언주로172길 65,127.039075165056,37.5268783847411,http://place.map.kakao.com/1130509162,2026-09-30,Kakao Local keyword search
1131298228,night_food,요리주점,포차주식시장 강남점,"음식점 > 술집 > 호프,요리주점",서울 서초구 서초동 1308-6,서울 서초구 서초대로77길 41,127.025002271428,37.5012540459728,http://place.map.kakao.com/1131298228,2026-09-30,Kakao Local keyword search
1131394187,night_food,요리주점,청춘문방구 수유점,"음식점 > 술집 > 호프,요리주점",서울 강북구 수유동 193-7,서울 강북구 한천로139가길 29,127.02475427451941,37.640493906012246,http://place.map.kakao.com/1131394187,2026-09-30,Kakao Local keyword search
113210413,night_food,요리주점,반란0811,"음식점 > 술집 > 호프,요리주점",서울 노원구 상계동 332-8,서울 노원구 노해로81길 12-21,127.063394258259,37.6557727621066,http://place.map.kakao.com/113210413,2026-09-30,Kakao Local keyword search
1139411341,night_food,요리주점,효우리,"음식점 > 술집 > 호프,요리주점",서울 중랑구 면목동 412-8,서울 중랑구 면목로60길 8,127.08881413414,37.5851829193228,http://place.map.kakao.com/1139411341,2026-09-30,Kakao Local keyword search
1139437500,night_food,요리주점,탭스터,"음식점 > 술집 > 호프,요리주점",서울 서대문구 연희동 134-16,서울 서대문구 증가로 1,126.93190290238,37.5686427225759,http://place.map.kakao.com/1139437500,2026-09-30,Kakao Local keyword search
1147527319,night_food,요리주점,서울브루어리 합정 SEOUL BREWERY,"음식점 > 술집 > 호프,요리주점",서울 마포구 합정동 368-10,서울 마포구 토정로3안길 10,126.914631766645,37.5459155580475,http://place.map.kakao.com/1147527319,2026-09-30,Kakao Local keyword search
1148005242,night_food,요리주점,케그104 명일역점,"음식점 > 술집 > 호프,요리주점",서울 강동구 명일동 312-81,서울 강동구 고덕로38길 69,127.142699425256,37.5514535879855,http://place.map.kakao.com/1148005242,2026-09-30,Kakao Local keyword search
1149031981,night_food,요리주점,잔비워,"음식점 > 술집 > 호프,요리주점",서울 강남구 청담동 100-16,서울 강남구 압구정로73길 5,127.046196583633,37.5266739894404,http://place.map.kakao.com/1149031981,2026-09-30,Kakao Local keyword search
1153567261,night_food,요리주점,올데이디스코,"음식점 > 술집 > 호프,요리주점",서울 광진구 군자동 70-7,서울 광진구 군자로 154-1,127.076335895419,37.5547992779635,http://place.map.kakao.com/1153567261,2026-09-30,Kakao Local keyword search
1162592128,night_food,요리주점,역전할머니맥주 구리장자호수공원점,"음식점 > 술집 > 호프,요리주점 > 역전할머니맥주",경기 구리시 수택동 874-8,경기 구리시 장자대로86번길 14-10,127.139398047656,37.5871333231629,http://place.map.kakao.com/1162592128,2026-09-30,Kakao Local keyword search
1167226072,night_food,요리주점,에일당,"음식점 > 술집 > 호프,요리주점",서울 종로구 익선동 166-34,서울 종로구 수표로28길 33-9,126.99008588320085,37.57351470623376,http://place.map.kakao.com/1167226072,2026-09-30,Kakao Local keyword search
1171129006,night_food,요리주점,동래파전,"음식점 > 술집 > 호프,요리주점",서울 성동구 행당동 19-45,서울 성동구 마조로3가길 30,127.040260370372,37.5598041101774,http://place.map.kakao.com/1171129006,2026-09-30,Kakao Local keyword search
1171970646,night_food,요리주점,이리모,"음식점 > 술집 > 호프,요리주점",서울 노원구 공릉동 633-17,서울 노원구 공릉로 105,127.07790177190974,37.61957151233427,http://place.map.kakao.com/1171970646,2026-09-30,Kakao Local keyword search
1178509878,night_food,요리주점,태성골뱅이 본서부병원점,"음식점 > 술집 > 호프,요리주점",서울 은평구 응암동 109-17,서울 은평구 응암로 311,126.92115694178935,37.599195017050924,http://place.map.kakao.com/1178509878,2026-09-30,Kakao Local keyword search
11786286,night_food,요리주점,본가을지오뎅도루묵,"음식점 > 술집 > 호프,요리주점",서울 중구 을지로3가 348-5,서울 중구 수표로 54,126.9899261617223,37.565915697012706,http://place.map.kakao.com/11786286,2026-09-30,Kakao Local keyword search
1181801091,night_food,요리주점,엘풋볼,"음식점 > 술집 > 호프,요리주점",서울 송파구 석촌동 2-14,서울 송파구 삼학사로18길 3,127.09750370050311,37.50442763591358,http://place.map.kakao.com/1181801091,2026-09-30,Kakao Local keyword search
11831546,night_food,요리주점,필동분식,"음식점 > 술집 > 호프,요리주점",서울 중구 필동1가 3-19,서울 중구 퇴계로27길 14,126.99173764496,37.5617856703826,http://place.map.kakao.com/11831546,2026-09-30,Kakao Local keyword search
1191323603,night_food,요리주점,서울집시 서순라길점,"음식점 > 술집 > 호프,요리주점",서울 종로구 권농동 182-6,서울 종로구 서순라길 107,126.99155505767519,37.57502488769612,http://place.map.kakao.com/1191323603,2026-09-30,Kakao Local keyword search
1191735741,night_food,요리주점,수유리천냥노가리호프 쌍문점,"음식점 > 술집 > 호프,요리주점",서울 도봉구 쌍문동 199-13,서울 도봉구 방학로11길 89,127.034316388659,37.6589022025065,http://place.map.kakao.com/1191735741,2026-09-30,Kakao Local keyword search
119258632,night_food,요리주점,버번바이츠,"음식점 > 술집 > 호프,요리주점",서울 강남구 신사동 525-2,서울 강남구 압구정로4길 11,127.02021504822369,37.52200238895392,http://place.map.kakao.com/119258632,2026-09-30,Kakao Local keyword search
12006473,night_food,요리주점,사바사바 암사역점,"음식점 > 술집 > 호프,요리주점",서울 강동구 암사동 500-12,서울 강동구 올림픽로100길 6,127.128880896979,37.5522983973226,http://place.map.kakao.com/12006473,2026-09-30,Kakao Local keyword search
12014256,night_food,요리주점,블루호프치킨,"음식점 > 술집 > 호프,요리주점",서울 동대문구 장안동 367-2,서울 동대문구 장한로 120,127.07120309300667,37.57099068580597,http://place.map.kakao.com/12014256,2026-09-30,Kakao Local keyword search
12045952,night_food,요리주점,너스레,"음식점 > 술집 > 호프,요리주점",서울 서대문구 대현동 90-3,서울 서대문구 이화여대1안길 8-3,126.94453987919503,37.557851795208634,http://place.map.kakao.com/12045952,2026-09-30,Kakao Local keyword search
1206622245,night_food,요리주점,사랑방,"음식점 > 술집 > 호프,요리주점",서울 동작구 흑석동 8-30,서울 동작구 현충로 96-1,126.96434587654,37.5078899189441,http://place.map.kakao.com/1206622245,2026-09-30,Kakao Local keyword search
12081287,night_food,요리주점,변사또,"음식점 > 술집 > 호프,요리주점",서울 은평구 불광동 90-33,서울 은평구 연서로 329,126.928303953425,37.6246678259641,http://place.map.kakao.com/12081287,2026-09-30,Kakao Local keyword search
1209843554,night_food,요리주점,금복주류 석계역점,"음식점 > 술집 > 호프,요리주점",서울 노원구 월계동 55-14,서울 노원구 석계로1길 14,127.063910510339,37.6154921368859,http://place.map.kakao.com/1209843554,2026-09-30,Kakao Local keyword search
12137255,night_food,요리주점,푸른별주막,"음식점 > 술집 > 호프,요리주점",서울 종로구 관훈동 118-13,서울 종로구 인사동16길 19,126.984088075425,37.5755593081787,http://place.map.kakao.com/12137255,2026-09-30,Kakao Local keyword search
12139704,night_food,요리주점,좋은사람들,"음식점 > 술집 > 호프,요리주점",서울 광진구 구의동 257-72,서울 광진구 아차산로51길 36-1,127.085155143657,37.5386428447444,http://place.map.kakao.com/12139704,2026-09-30,Kakao Local keyword search
1218352173,night_food,요리주점,달밤마실,"음식점 > 술집 > 호프,요리주점",경기 남양주시 별내동 1024-5,경기 남양주시 별내중앙로57번길 26,127.122886206792,37.6465312635159,http://place.map.kakao.com/1218352173,2026-09-30,Kakao Local keyword search
1220745208,night_food,요리주점,사운드온더펍 광나루역점,"음식점 > 술집 > 호프,요리주점",서울 광진구 광장동 258-37,서울 광진구 광장로 47,127.1024533120601,37.54699578270035,http://place.map.kakao.com/1220745208,2026-09-30,Kakao Local keyword search
1224411146,night_food,요리주점,안주가 남양주다산점,"음식점 > 술집 > 호프,요리주점 > 안주가",경기 남양주시 다산동 6143,경기 남양주시 다산순환로 20,127.15349485817416,37.61231202004436,http://place.map.kakao.com/1224411146,2026-09-30,Kakao Local keyword search
1224645953,night_food,요리주점,바른맥주 암사점,"음식점 > 술집 > 호프,요리주점",서울 강동구 암사동 472-21,서울 강동구 암사길 37,127.13355402088258,37.551885953203744,http://place.map.kakao.com/1224645953,2026-09-30,Kakao Local keyword search
12250697,night_food,요리주점,한잔의추억,"음식점 > 술집 > 호프,요리주점",서울 강남구 신사동 549-9,서울 강남구 논현로175길 68,127.02334917546781,37.52400834370954,http://place.map.kakao.com/12250697,2026-09-30,Kakao Local keyword search
1225772229,night_food,요리주점,양원역술집 뒤풀이,"음식점 > 술집 > 호프,요리주점",서울 중랑구 망우동 617-2,서울 중랑구 양원역로14길 10,127.106748741979,37.607163055334,http://place.map.kakao.com/1225772229,2026-09-30,Kakao Local keyword search
1232109211,night_food,요리주점,멕시타이거,"음식점 > 술집 > 호프,요리주점",서울 강남구 역삼동 619-18,서울 강남구 테헤란로1길 42,127.027148703417,37.501130134367,http://place.map.kakao.com/1232109211,2026-09-30,Kakao Local keyword search
1233336441,night_food,요리주점,정술,"음식점 > 술집 > 호프,요리주점",서울 강북구 수유동 39-30,서울 강북구 노해로 57,127.022252643901,37.6407719076256,http://place.map.kakao.com/1233336441,2026-09-30,Kakao Local keyword search
1247446844,night_food,요리주점,크래프트한스 석초호수서호점,"음식점 > 술집 > 호프,요리주점",서울 송파구 석촌동 24-14,서울 송파구 송파대로49길 50,127.099377892187,37.5062749362443,http://place.map.kakao.com/1247446844,2026-09-30,Kakao Local keyword search
1247940823,night_food,요리주점,교촌필방,"음식점 > 술집 > 호프,요리주점",서울 용산구 이태원동 128-4,서울 용산구 보광로 127,126.99372972239755,37.5340791790847,http://place.map.kakao.com/1247940823,2026-09-30,Kakao Local keyword search
1250481954,night_food,요리주점,곳 노원본점,"음식점 > 술집 > 호프,요리주점",서울 노원구 상계동 330-29,서울 노원구 노해로85길 10-55,127.06617122032642,37.65632353910444,http://place.map.kakao.com/1250481954,2026-09-30,Kakao Local keyword search
1255349123,night_food,요리주점,바른맥주 명일점,"음식점 > 술집 > 호프,요리주점",서울 강동구 명일동 312-52,서울 강동구 양재대로145길 16,127.143053508763,37.5520369158019,http://place.map.kakao.com/1255349123,2026-09-30,Kakao Local keyword search
1263750578,night_food,요리주점,다이닝목로 성수점,"음식점 > 술집 > 호프,요리주점",서울 성동구 성수동2가 315-33,서울 성동구 연무장7가길 1,127.054737565779,37.5432604651441,http://place.map.kakao.com/1263750578,2026-09-30,Kakao Local keyword search
1270991789,night_food,요리주점,원조영락골뱅이,"음식점 > 술집 > 호프,요리주점",서울 중구 을지로3가 349-1,서울 중구 수표로 52,126.989975984284,37.5657715418852,http://place.map.kakao.com/1270991789,2026-09-30,Kakao Local keyword search
1277534745,night_food,요리주점,술있는식탁 성수본점,"음식점 > 술집 > 호프,요리주점",서울 성동구 성수동1가 656-695,서울 성동구 왕십리로10길 18,127.046435173555,37.546561678779,http://place.map.kakao.com/1277534745,2026-09-30,Kakao Local keyword search
1278884158,night_food,요리주점,역전할머니맥주 별내별가람역점,"음식점 > 술집 > 호프,요리주점 > 역전할머니맥주",경기 남양주시 별내동 824-5,경기 남양주시 덕송1로55번길 10,127.11808299430119,37.66660283285171,http://place.map.kakao.com/1278884158,2026-09-30,Kakao Local keyword search
1284747015,night_food,요리주점,역전할머니맥주 정릉시장점,"음식점 > 술집 > 호프,요리주점 > 역전할머니맥주",서울 성북구 정릉동 396-41,서울 성북구 보국문로11길 23,127.00877150617829,37.608563393103154,http://place.map.kakao.com/1284747015,2026-09-30,Kakao Local keyword search
1293361432,night_food,요리주점,길정,"음식점 > 술집 > 호프,요리주점",서울 용산구 한강로2가 426,서울 용산구 백범로99길 40,126.97163940055,37.5358256836158,http://place.map.kakao.com/1293361432,2026-09-30,Kakao Local keyword search
1295248550,night_food,요리주점,싱어리,"음식점 > 술집 > 호프,요리주점",서울 송파구 방이동 55-15,서울 송파구 올림픽로34길 27-22,127.11240002637253,37.515266996338134,http://place.map.kakao.com/1295248550,2026-09-30,Kakao Local keyword search
1296294423,night_food,요리주점,남도술상 지축역점,"음식점 > 술집 > 호프,요리주점",경기 고양시 덕양구 지축동 1070-1,경기 고양시 덕양구 지정로 20,126.9167661380131,37.647399312609934,http://place.map.kakao.com/1296294423,2026-09-30,Kakao Local keyword search
1296339081,night_food,요리주점,선주가 선릉점,"음식점 > 술집 > 호프,요리주점",서울 강남구 대치동 900-56,서울 강남구 역삼로69길 27,127.05391231784714,37.50347347767951,http://place.map.kakao.com/1296339081,2026-09-30,Kakao Local keyword search
12967310,night_food,요리주점,버들골이야기 상수점,"음식점 > 술집 > 호프,요리주점",서울 마포구 상수동 324-8,서울 마포구 독막로 84,126.922656402684,37.547586132522,http://place.map.kakao.com/12967310,2026-09-30,Kakao Local keyword search
1304410975,night_food,요리주점,역전할머니맥주 고양지축역점,"음식점 > 술집 > 호프,요리주점 > 역전할머니맥주",경기 고양시 덕양구 지축동 1007-7,경기 고양시 덕양구 지축1로 45,126.915315583825,37.6485308162124,http://place.map.kakao.com/1304410975,2026-09-30,Kakao Local keyword search
13050578,night_food,요리주점,당인리극장,"음식점 > 술집 > 호프,요리주점",서울 마포구 서교동 394-20,서울 마포구 양화로6길 21,126.91551183147,37.5491994299031,http://place.map.kakao.com/13050578,2026-09-30,Kakao Local keyword search
1308043339,night_food,요리주점,모꼬지한식주점,"음식점 > 술집 > 호프,요리주점",서울 중랑구 상봉동 105-96,서울 중랑구 봉우재로33길 50,127.08851383427901,37.59451472010577,http://place.map.kakao.com/1308043339,2026-09-30,Kakao Local keyword search
1308124447,night_food,요리주점,마스타하이볼,"음식점 > 술집 > 호프,요리주점",서울 송파구 방이동 36-9,서울 송파구 오금로11길 21,127.1094553988917,37.515057124964486,http://place.map.kakao.com/1308124447,2026-09-30,Kakao Local keyword search
13092177,night_food,요리주점,열차집,"음식점 > 술집 > 호프,요리주점",서울 종로구 공평동 130-1,서울 종로구 종로7길 47,126.98278259136188,37.571703768021045,http://place.map.kakao.com/13092177,2026-09-30,Kakao Local keyword search
1309526612,night_food,요리주점,디스코서울,"음식점 > 술집 > 호프,요리주점",서울 영등포구 여의도동 44-35,서울 영등포구 여의대방로 379,126.930860791089,37.5191988826928,http://place.map.kakao.com/1309526612,2026-09-30,Kakao Local keyword search
1310598255,night_food,요리주점,이태리양조장 연신내점,"음식점 > 술집 > 호프,요리주점",서울 은평구 대조동 197-1,서울 은평구 연서로28길 8,126.920726109443,37.617827187247,http://place.map.kakao.com/1310598255,2026-09-30,Kakao Local keyword search
1311409846,night_food,요리주점,고구려민속주막,"음식점 > 술집 > 호프,요리주점",서울 송파구 방이동 64-6,서울 송파구 올림픽로32길 18,127.109075501565,37.5143898328399,http://place.map.kakao.com/1311409846,2026-09-30,Kakao Local keyword search
1316515324,night_food,요리주점,대강,"음식점 > 술집 > 호프,요리주점",서울 송파구 송파동 30-3,서울 송파구 백제고분로41길 42-8,127.106221805856,37.5096729752832,http://place.map.kakao.com/1316515324,2026-09-30,Kakao Local keyword search
1322330909,night_food,요리주점,수작 연신내점,"음식점 > 술집 > 호프,요리주점 > 수작",서울 은평구 갈현동 400-7,서울 은평구 연서로29길 16,126.918543009125,37.6192591720031,http://place.map.kakao.com/1322330909,2026-09-30,Kakao Local keyword search
1327467563,night_food,요리주점,역전할머니맥주 서울명일점,"음식점 > 술집 > 호프,요리주점 > 역전할머니맥주",서울 강동구 명일동 312,서울 강동구 양재대로145길 13,127.143198083911,37.5518314032359,http://place.map.kakao.com/1327467563,2026-09-30,Kakao Local keyword search
1329249986,night_food,요리주점,브롱스 구리갈매점,"음식점 > 술집 > 호프,요리주점",경기 구리시 갈매동 601,경기 구리시 갈매중앙로 89-10,127.117006786735,37.6329999527399,http://place.map.kakao.com/1329249986,2026-09-30,Kakao Local keyword search
13309380,night_food,요리주점,노천파전,"음식점 > 술집 > 호프,요리주점",서울 동대문구 휘경동 319-17,서울 동대문구 회기로28길 3,127.056200434933,37.5896673710968,http://place.map.kakao.com/13309380,2026-09-30,Kakao Local keyword search
13324377,night_food,요리주점,치어스 구리인창점,"음식점 > 술집 > 호프,요리주점 > 치어스",경기 구리시 인창동 383-67,경기 구리시 건원대로 63,127.138981597563,37.6067249541385,http://place.map.kakao.com/13324377,2026-09-30,Kakao Local keyword search
1332523063,night_food,요리주점,솜솜,"음식점 > 술집 > 호프,요리주점",서울 마포구 염리동 159-7,서울 마포구 백범로26길 6,126.94605507017774,37.54563586385797,http://place.map.kakao.com/1332523063,2026-09-30,Kakao Local keyword search
1332830835,night_food,요리주점,역전할머니맥주 서울암사점,"음식점 > 술집 > 호프,요리주점 > 역전할머니맥주",서울 강동구 천호동 288-2,서울 강동구 상암로 52,127.128943731534,37.5493574720348,http://place.map.kakao.com/1332830835,2026-09-30,Kakao Local keyword search
1334424022,night_food,요리주점,청계천휴,"음식점 > 술집 > 호프,요리주점",서울 종로구 관철동 32-7,서울 종로구 청계천로 71,126.985502172132,37.5687840073189,http://place.map.kakao.com/1334424022,2026-09-30,Kakao Local keyword search
1343568989,night_food,요리주점,비어첸 신내1호점,"음식점 > 술집 > 호프,요리주점",서울 중랑구 신내동 571-2,서울 중랑구 신내로 62,127.0956514570125,37.60469845390934,http://place.map.kakao.com/1343568989,2026-09-30,Kakao Local keyword search
13560270,night_food,요리주점,을지로골뱅이 노원원조1호점,"음식점 > 술집 > 호프,요리주점",서울 노원구 상계동 726-1,서울 노원구 동일로218길 17,127.0619478400242,37.65394453648585,http://place.map.kakao.com/13560270,2026-09-30,Kakao Local keyword search
13566698,night_food,요리주점,강가네맷돌빈대떡,"음식점 > 술집 > 호프,요리주점",서울 용산구 한남동 641-9,서울 용산구 대사관로24길 27,127.00545102189243,37.53250697293833,http://place.map.kakao.com/13566698,2026-09-30,Kakao Local keyword search
1358874458,night_food,요리주점,호맥 서울합정점,"음식점 > 술집 > 호프,요리주점 > 호맥",서울 마포구 합정동 412-8,서울 마포구 독막로5길 5,126.917857411848,37.5484478502411,http://place.map.kakao.com/1358874458,2026-09-30,Kakao Local keyword search
1360667486,night_food,요리주점,음주교,"음식점 > 술집 > 호프,요리주점",서울 중랑구 상봉동 90-3,서울 중랑구 망우로50길 24,127.08896068445671,37.59606589112571,http://place.map.kakao.com/1360667486,2026-09-30,Kakao Local keyword search
1362414079,night_food,요리주점,서교주담,"음식점 > 술집 > 호프,요리주점",서울 마포구 창전동 2-62,서울 마포구 서강로13길 31-4,126.93209132720024,37.554348520752484,http://place.map.kakao.com/1362414079,2026-09-30,Kakao Local keyword search
1370461238,night_food,요리주점,만남의광장,"음식점 > 술집 > 호프,요리주점",서울 용산구 이태원동 112-6,서울 용산구 이태원로27가길 18,126.99426819158,37.535154100438,http://place.map.kakao.com/1370461238,2026-09-30,Kakao Local keyword search
1372094521,night_food,요리주점,전여친 군자본점,"음식점 > 술집 > 호프,요리주점",서울 광진구 군자동 474-39,서울 광진구 군자로 177,127.07783268818744,37.55651650282261,http://place.map.kakao.com/1372094521,2026-09-30,Kakao Local keyword search
1372424741,night_food,요리주점,사람사는이야기442,"음식점 > 술집 > 호프,요리주점",서울 마포구 서교동 397-8,서울 마포구 어울마당로5길 52,126.91798009790126,37.550084148529756,http://place.map.kakao.com/1372424741,2026-09-30,Kakao Local keyword search
1372428369,night_food,요리주점,한라맥주 구리돌다리점,"음식점 > 술집 > 호프,요리주점",경기 구리시 수택동 423-1,경기 구리시 검배로 16-6,127.14182724583733,37.59938390898237,http://place.map.kakao.com/1372428369,2026-09-30,Kakao Local keyword search
13724756,night_food,요리주점,하트타임,"음식점 > 술집 > 호프,요리주점",서울 서초구 잠원동 69-5,서울 서초구 신반포로 195,127.005388068075,37.5066589980308,http://place.map.kakao.com/13724756,2026-09-30,Kakao Local keyword search
137451961,night_food,요리주점,춘식당 가로수길본점,"음식점 > 술집 > 호프,요리주점",서울 강남구 신사동 559-10,서울 강남구 도산대로23길 17,127.02596103681117,37.520124476721165,http://place.map.kakao.com/137451961,2026-09-30,Kakao Local keyword search
138056648,night_food,요리주점,프레즈드로이,"음식점 > 술집 > 호프,요리주점",서울 강남구 신사동 517-30,서울 강남구 강남대로156길 41,127.02220742329,37.5191377427239,http://place.map.kakao.com/138056648,2026-09-30,Kakao Local keyword search
138270119,night_food,요리주점,이구펍 4호점,"음식점 > 술집 > 호프,요리주점",서울 강남구 역삼동 810-18,서울 강남구 강남대로110길 14,127.02606620105381,37.50375500787789,http://place.map.kakao.com/138270119,2026-09-30,Kakao Local keyword search
1384545112,night_food,요리주점,한국술집안씨막걸리,"음식점 > 술집 > 호프,요리주점",서울 용산구 이태원동 658,서울 용산구 회나무로 3,126.98735460524091,37.53851970032928,http://place.map.kakao.com/1384545112,2026-09-30,Kakao Local keyword search
1387633845,night_food,요리주점,태릉역전,"음식점 > 술집 > 호프,요리주점",서울 노원구 공릉동 670-11,서울 노원구 화랑로 449-7,127.076909746501,37.6186891951338,http://place.map.kakao.com/1387633845,2026-09-30,Kakao Local keyword search
1389975120,night_food,요리주점,에어포트,"음식점 > 술집 > 호프,요리주점",서울 강동구 암사동 675,서울 강동구 올림픽로91길 30,127.12596588665639,37.54906155497745,http://place.map.kakao.com/1389975120,2026-09-30,Kakao Local keyword search
1392970811,night_food,요리주점,아리계곡,"음식점 > 술집 > 호프,요리주점",서울 강남구 역삼동 817-23,서울 강남구 테헤란로1길 28-14,127.02850777530298,37.50037837522209,http://place.map.kakao.com/1392970811,2026-09-30,Kakao Local keyword search
1393694123,night_food,요리주점,끽비어컴퍼니,"음식점 > 술집 > 호프,요리주점",서울 중구 산림동 207-2,서울 중구 을지로 157,126.9955267002544,37.56696570234977,http://place.map.kakao.com/1393694123,2026-09-30,Kakao Local keyword search
14076456,night_food,요리주점,나그네파전,"음식점 > 술집 > 호프,요리주점",서울 성동구 행당동 20-16,서울 성동구 마조로1길 4,127.040187120321,37.5582868561216,http://place.map.kakao.com/14076456,2026-09-30,Kakao Local keyword search
1411874093,night_food,요리주점,맥주를듣는사람들 아크 선릉점,"음식점 > 술집 > 호프,요리주점",서울 강남구 역삼동 696-7,서울 강남구 테헤란로55길 17,127.047075968538,37.5056478227624,http://place.map.kakao.com/1411874093,2026-09-30,Kakao Local keyword search
1416502441,night_food,요리주점,뜻한바,"음식점 > 술집 > 호프,요리주점",서울 송파구 송파동 86-1,서울 송파구 백제고분로42길 6-9,127.109347502462,37.5054516198777,http://place.map.kakao.com/1416502441,2026-09-30,Kakao Local keyword search
1417013229,night_food,요리주점,남도술상 마포용강점,"음식점 > 술집 > 호프,요리주점",서울 마포구 용강동 116-5,서울 마포구 토정로 280,126.94060618673423,37.54173642682555,http://place.map.kakao.com/1417013229,2026-09-30,Kakao Local keyword search
1428280912,night_food,요리주점,생활맥주 불광점,"음식점 > 술집 > 호프,요리주점 > 생활맥주",서울 은평구 불광동 281-156,서울 은평구 통일로66길 4-5,126.930949911506,37.6102085467438,http://place.map.kakao.com/1428280912,2026-09-30,Kakao Local keyword search
1433500802,night_food,요리주점,생활맥주 강동명일점,"음식점 > 술집 > 호프,요리주점 > 생활맥주",서울 강동구 명일동 312-136,서울 강동구 고덕로38길 62,127.14245120559,37.5518467226174,http://place.map.kakao.com/1433500802,2026-09-30,Kakao Local keyword search
1435608081,night_food,요리주점,헤이포차,"음식점 > 술집 > 호프,요리주점",서울 도봉구 방학동 632-48,서울 도봉구 도당로13길 37,127.034459144399,37.6661703763364,http://place.map.kakao.com/1435608081,2026-09-30,Kakao Local keyword search
1438197700,night_food,요리주점,산아래호프,"음식점 > 술집 > 호프,요리주점",서울 은평구 진관동 279-84,서울 은평구 대서문길 11,126.947175516271,37.6574988445063,http://place.map.kakao.com/1438197700,2026-09-30,Kakao Local keyword search
1439184129,night_food,요리주점,호프마당,"음식점 > 술집 > 호프,요리주점",서울 강북구 수유동 273-64,서울 강북구 한천로 1162,127.016366947008,37.6476527851412,http://place.map.kakao.com/1439184129,2026-09-30,Kakao Local keyword search
1444474513,night_food,요리주점,56st 미아사거리점,"음식점 > 술집 > 호프,요리주점",서울 강북구 미아동 54-14,서울 강북구 월계로7나길 31,127.032134082492,37.612554330231,http://place.map.kakao.com/1444474513,2026-09-30,Kakao Local keyword search
14536745,night_food,요리주점,이박사의신동막걸리,"음식점 > 술집 > 호프,요리주점",서울 마포구 용강동 494-41,서울 마포구 토정로 263,126.93950760951351,37.54297023850897,http://place.map.kakao.com/14536745,2026-09-30,Kakao Local keyword search
1455777239,night_food,요리주점,무지개맥주 서울연신내점,"음식점 > 술집 > 호프,요리주점 > 무지개맥주",서울 은평구 갈현동 400-12,서울 은평구 연서로29길 14-17,126.919496240409,37.6197247357757,http://place.map.kakao.com/1455777239,2026-09-30,Kakao Local keyword search
1459195401,night_food,요리주점,브아브아,"음식점 > 술집 > 호프,요리주점",서울 중구 필동2가 10,서울 중구 퇴계로 197,126.99380100087862,37.56141368511013,http://place.map.kakao.com/1459195401,2026-09-30,Kakao Local keyword search
1464124814,night_food,요리주점,대동집 남양주별내점,"음식점 > 술집 > 호프,요리주점 > 대동집",경기 남양주시 별내동 1086-7,경기 남양주시 별내5로23번길 18-1,127.113786230522,37.6517687948625,http://place.map.kakao.com/1464124814,2026-09-30,Kakao Local keyword search
1464228143,night_food,요리주점,달빛경성맥주 별내점,"음식점 > 술집 > 호프,요리주점",경기 남양주시 별내동 826-8,경기 남양주시 별내3로 322,127.11775383796665,37.666308541392006,http://place.map.kakao.com/1464228143,2026-09-30,Kakao Local keyword search
146844171,night_food,요리주점,창주랜드,"음식점 > 술집 > 호프,요리주점",서울 용산구 한강로3가 40-793,서울 용산구 이촌로29길 21-14,126.960115778557,37.5250833181145,http://place.map.kakao.com/146844171,2026-09-30,Kakao Local keyword search
1470538651,night_food,요리주점,맥주의참견,"음식점 > 술집 > 호프,요리주점",경기 남양주시 별내동 952,경기 남양주시 두물로27번길 4,127.127662031119,37.6563153657771,http://place.map.kakao.com/1470538651,2026-09-30,Kakao Local keyword search
1477320382,night_food,요리주점,호텔글로리,"음식점 > 술집 > 호프,요리주점",서울 동대문구 회기동 60-47,서울 동대문구 경희대로1길 9,127.0516003227,37.5916336346346,http://place.map.kakao.com/1477320382,2026-09-30,Kakao Local keyword search
1483020843,night_food,요리주점,돌담길,"음식점 > 술집 > 호프,요리주점",서울 송파구 석촌동 239-7,서울 송파구 가락로 45,127.101453040379,37.4994264327857,http://place.map.kakao.com/1483020843,2026-09-30,Kakao Local keyword search
1483201446,night_food,요리주점,모아식품,"음식점 > 술집 > 호프,요리주점",서울 중구 인현동2가 96-15,서울 중구 마른내로 61-6,126.9948839395933,37.564582541655284,http://place.map.kakao.com/1483201446,2026-09-30,Kakao Local keyword search
1487405672,night_food,요리주점,주마등,"음식점 > 술집 > 호프,요리주점",서울 중구 을지로3가 320-15,서울 중구 충무로5길 23,126.991402213829,37.565349988192,http://place.map.kakao.com/1487405672,2026-09-30,Kakao Local keyword search
1487678822,night_food,요리주점,진한담,"음식점 > 술집 > 호프,요리주점",서울 강북구 수유동 365-1,서울 강북구 삼양로107길 25,127.015206455599,37.6412847854324,http://place.map.kakao.com/1487678822,2026-09-30,Kakao Local keyword search
1492992408,night_food,요리주점,썬키친,"음식점 > 술집 > 호프,요리주점",서울 마포구 합정동 412,서울 마포구 양화로6길 50,126.916979045786,37.5486490595911,http://place.map.kakao.com/1492992408,2026-09-30,Kakao Local keyword search
1506137605,night_food,요리주점,한사바리,"음식점 > 술집 > 호프,요리주점",서울 광진구 화양동 16-86,서울 광진구 군자로 29,127.070411970523,37.5458641556134,http://place.map.kakao.com/1506137605,2026-09-30,Kakao Local keyword search
1510378137,night_food,요리주점,마로니에,"음식점 > 술집 > 호프,요리주점",서울 강북구 번동 448-2,서울 강북구 덕릉로 99,127.0244861954566,37.63495200302049,http://place.map.kakao.com/1510378137,2026-09-30,Kakao Local keyword search
1512109117,night_food,요리주점,낭만상회,"음식점 > 술집 > 호프,요리주점",서울 은평구 응암동 81-56,서울 은평구 은평로14길 4-1,126.92872077836,37.6009756800098,http://place.map.kakao.com/1512109117,2026-09-30,Kakao Local keyword search
1513164807,night_food,요리주점,역전할머니맥주 서울수유419사거리점,"음식점 > 술집 > 호프,요리주점 > 역전할머니맥주",서울 강북구 수유동 279-20,서울 강북구 4.19로 4,127.01373367129,37.6483108390106,http://place.map.kakao.com/1513164807,2026-09-30,Kakao Local keyword search
1529760655,night_food,요리주점,주해장집 창동점,"음식점 > 술집 > 호프,요리주점",서울 도봉구 창동 6-1,서울 도봉구 마들로11가길 13-6,127.049541579007,37.6526971322466,http://place.map.kakao.com/1529760655,2026-09-30,Kakao Local keyword search
1535280185,night_food,요리주점,연탄요릿집,"음식점 > 술집 > 호프,요리주점",서울 성동구 성수동2가 565-20,서울 성동구 성덕정17길 3,127.055161074188,37.5375362160948,http://place.map.kakao.com/1535280185,2026-09-30,Kakao Local keyword search
1536914300,night_food,요리주점,원숭이곳간,"음식점 > 술집 > 호프,요리주점",서울 은평구 갈현동 455-1,서울 은평구 연서로29길 9,126.919118890662,37.6188252920613,http://place.map.kakao.com/1536914300,2026-09-30,Kakao Local keyword search
15378869,night_food,요리주점,비어박스,"음식점 > 술집 > 호프,요리주점",서울 강북구 수유동 279-114,서울 강북구 한천로 1168,127.015909239662,37.6480168450855,http://place.map.kakao.com/15378869,2026-09-30,Kakao Local keyword search
15383538,night_food,요리주점,흥부전놀부전,"음식점 > 술집 > 호프,요리주점",서울 강북구 수유동 221-55,서울 강북구 노해로 42-1,127.02288444271404,37.63936985461346,http://place.map.kakao.com/15383538,2026-09-30,Kakao Local keyword search
1541876189,night_food,요리주점,호기로이,"음식점 > 술집 > 호프,요리주점",경기 구리시 수택동 525-70,경기 구리시 검배로29번길 25,127.143430273471,37.5997405658684,http://place.map.kakao.com/1541876189,2026-09-30,Kakao Local keyword search
1544894547,night_food,요리주점,비어첸 구리인창점,"음식점 > 술집 > 호프,요리주점",경기 구리시 인창동 408-28,경기 구리시 동구릉로 120,127.136948728367,37.609805108699,http://place.map.kakao.com/1544894547,2026-09-30,Kakao Local keyword search
15450428,night_food,요리주점,오가야,"음식점 > 술집 > 호프,요리주점",서울 광진구 군자동 48-37,서울 광진구 면목로 5-1,127.07516120425096,37.554836972479286,http://place.map.kakao.com/15450428,2026-09-30,Kakao Local keyword search
1547957019,night_food,요리주점,탐6 용산본점,"음식점 > 술집 > 호프,요리주점",서울 용산구 한강로3가 40-155,서울 용산구 한강대로15길 19-15,126.96297316417916,37.52551672954168,http://place.map.kakao.com/1547957019,2026-09-30,Kakao Local keyword search
15516966,night_food,요리주점,연대포,"음식점 > 술집 > 호프,요리주점",서울 서대문구 창천동 52-71,서울 서대문구 연세로7길 26,126.935312613987,37.5577894365756,http://place.map.kakao.com/15516966,2026-09-30,Kakao Local keyword search
1552864483,night_food,요리주점,크래프트한스 마포점,"음식점 > 술집 > 호프,요리주점",서울 마포구 도화동 179-1,서울 마포구 도화길 35,126.949688154448,37.5412324816706,http://place.map.kakao.com/1552864483,2026-09-30,Kakao Local keyword search
15531690,night_food,요리주점,청송얼음막걸리 신대방삼거리역점,"음식점 > 술집 > 호프,요리주점",서울 동작구 대방동 407-31,서울 동작구 여의대방로24길 133,126.927492151613,37.4992882667876,http://place.map.kakao.com/15531690,2026-09-30,Kakao Local keyword search
1557023575,night_food,요리주점,발짝,"음식점 > 술집 > 호프,요리주점",서울 중랑구 중화동 312-34,서울 중랑구 중랑역로 73,127.0778665967752,37.59995880441584,http://place.map.kakao.com/1557023575,2026-09-30,Kakao Local keyword search
15596098,night_food,요리주점,트라이브,"음식점 > 술집 > 호프,요리주점",서울 마포구 합정동 413-15,서울 마포구 독막로3길 7,126.91642666971,37.5487748097077,http://place.map.kakao.com/15596098,2026-09-30,Kakao Local keyword search
15659552,night_food,요리주점,미로식당,"음식점 > 술집 > 호프,요리주점",서울 마포구 창전동 6-99,서울 마포구 와우산로30길 80,126.927898301176,37.5520151534055,http://place.map.kakao.com/15659552,2026-09-30,Kakao Local keyword search
1566257944,night_food,요리주점,역전할머니맥주 서울묵동점,"음식점 > 술집 > 호프,요리주점 > 역전할머니맥주",서울 중랑구 묵동 170-1,서울 중랑구 동일로 932,127.07781461624248,37.61419717624762,http://place.map.kakao.com/1566257944,2026-09-30,Kakao Local keyword search
15676911,night_food,요리주점,원효로,"음식점 > 술집 > 호프,요리주점",서울 용산구 원효로2가 1-8,서울 용산구 백범로 330,126.9655240943668,37.538043220734544,http://place.map.kakao.com/15676911,2026-09-30,Kakao Local keyword search
15701991,night_food,요리주점,할머니멧돌빈대떡 인창본점,"음식점 > 술집 > 호프,요리주점",경기 구리시 인창동 383-51,경기 구리시 건원대로99번길 59,127.138330982297,37.6076483313241,http://place.map.kakao.com/15701991,2026-09-30,Kakao Local keyword search
15727417,night_food,요리주점,장독대,"음식점 > 술집 > 호프,요리주점",서울 동작구 흑석동 182-5,서울 동작구 흑석로 112,126.961653819369,37.5083612022397,http://place.map.kakao.com/15727417,2026-09-30,Kakao Local keyword search
15732322,night_food,요리주점,맥호프 잠실본점,"음식점 > 술집 > 호프,요리주점",서울 송파구 잠실동 179-4,서울 송파구 올림픽로10길 8,127.08093855696164,37.51077421069047,http://place.map.kakao.com/15732322,2026-09-30,Kakao Local keyword search
1575329627,night_food,요리주점,도동집 보라매점,"음식점 > 술집 > 호프,요리주점",서울 영등포구 신길동 4377,서울 영등포구 여의대방로13길 3,126.916330260693,37.4973094871134,http://place.map.kakao.com/1575329627,2026-09-30,Kakao Local keyword search
1579000446,night_food,요리주점,꼬쟁이 석촌점,"음식점 > 술집 > 호프,요리주점",서울 송파구 석촌동 235-1,서울 송파구 백제고분로 292,127.09903459436522,37.502390090516805,http://place.map.kakao.com/1579000446,2026-09-30,Kakao Local keyword search
1582067785,night_food,요리주점,카타오모이,"음식점 > 술집 > 호프,요리주점",서울 성동구 성수동1가 8-21,서울 성동구 왕십리로4길 26-7,127.046713831372,37.5470174743088,http://place.map.kakao.com/1582067785,2026-09-30,Kakao Local keyword search
15910242,night_food,요리주점,청학동,"음식점 > 술집 > 호프,요리주점",서울 종로구 홍지동 90-10,서울 종로구 세검정로 234,126.958716696794,37.6004241618914,http://place.map.kakao.com/15910242,2026-09-30,Kakao Local keyword search
1599567374,night_food,요리주점,아트몬스터 익선동점,"음식점 > 술집 > 호프,요리주점",서울 종로구 익선동 165,서울 종로구 돈화문로11다길 30,126.99045490573,37.5736066381244,http://place.map.kakao.com/1599567374,2026-09-30,Kakao Local keyword search
1602362477,night_food,요리주점,즐거운술상,"음식점 > 술집 > 호프,요리주점",서울 도봉구 창동 338,서울 도봉구 노해로 341,127.04590552069392,37.6515147118322,http://place.map.kakao.com/1602362477,2026-09-30,Kakao Local keyword search
1602981014,night_food,요리주점,연주방 송리단길점,"음식점 > 술집 > 호프,요리주점",서울 송파구 송파동 54-1,서울 송파구 백제고분로45길 22-17,127.109613111447,37.5107492799145,http://place.map.kakao.com/1602981014,2026-09-30,Kakao Local keyword search
16038851,night_food,요리주점,매운여자,"음식점 > 술집 > 호프,요리주점",서울 중구 신당동 251-112,서울 중구 퇴계로73길 17,127.013813639113,37.5660774979578,http://place.map.kakao.com/16038851,2026-09-30,Kakao Local keyword search
1604189854,night_food,요리주점,아리계곡 건대점,"음식점 > 술집 > 호프,요리주점",서울 광진구 화양동 5-63,서울 광진구 아차산로33길 30,127.07051652937245,37.541539296742116,http://place.map.kakao.com/1604189854,2026-09-30,Kakao Local keyword search
1605062840,night_food,요리주점,무제,"음식점 > 술집 > 호프,요리주점",경기 구리시 수택동 422-4,경기 구리시 안골로103번길 27-6,127.14159404618796,37.59882557501789,http://place.map.kakao.com/1605062840,2026-09-30,Kakao Local keyword search
16052040,night_food,요리주점,왕빈자삼파전 미아사거리본점,"음식점 > 술집 > 호프,요리주점",서울 강북구 미아동 860-23,서울 강북구 도봉로8길 25,127.03174101038972,37.61241208036004,http://place.map.kakao.com/16052040,2026-09-30,Kakao Local keyword search
16052287,night_food,요리주점,토크쇼 우이점,"음식점 > 술집 > 호프,요리주점",서울 강북구 우이동 72-70,서울 강북구 삼양로 522,127.01385062342693,37.64959562756756,http://place.map.kakao.com/16052287,2026-09-30,Kakao Local keyword search
16052911,night_food,요리주점,둘리호프치킨,"음식점 > 술집 > 호프,요리주점",서울 광진구 중곡동 648-15,서울 광진구 능동로 317,127.079735642683,37.5580325122415,http://place.map.kakao.com/16052911,2026-09-30,Kakao Local keyword search
16056194,night_food,요리주점,개미집,"음식점 > 술집 > 호프,요리주점",서울 중랑구 신내동 492-24,서울 중랑구 용마산로 557,127.100291588381,37.6007527705003,http://place.map.kakao.com/16056194,2026-09-30,Kakao Local keyword search
16060304,night_food,요리주점,굽모닝숯불바베큐,"음식점 > 술집 > 호프,요리주점",서울 도봉구 방학동 658-52,서울 도봉구 도당로27길 5,127.04080365409,37.6676306436092,http://place.map.kakao.com/16060304,2026-09-30,Kakao Local keyword search
1606172260,night_food,요리주점,청담짝태&연어,"음식점 > 술집 > 호프,요리주점",서울 동대문구 이문동 255-218,서울 동대문구 신이문로 8,127.062937107921,37.6028472754395,http://place.map.kakao.com/1606172260,2026-09-30,Kakao Local keyword search
16064430,night_food,요리주점,명일호프,"음식점 > 술집 > 호프,요리주점",서울 강동구 명일동 312-82,서울 강동구 양재대로141길 14,127.143147242481,37.5512836583973,http://place.map.kakao.com/16064430,2026-09-30,Kakao Local keyword search
16065317,night_food,요리주점,친구야,"음식점 > 술집 > 호프,요리주점",서울 강동구 암사동 475,서울 강동구 암사길 60,127.136082160134,37.5518686506413,http://place.map.kakao.com/16065317,2026-09-30,Kakao Local keyword search
16082532,night_food,요리주점,객주,"음식점 > 술집 > 호프,요리주점",서울 강동구 천호동 290-28,서울 강동구 상암로 76,127.131431520189,37.548320383379,http://place.map.kakao.com/16082532,2026-09-30,Kakao Local keyword search
1608753092,night_food,요리주점,오늘한잔,"음식점 > 술집 > 호프,요리주점",서울 강동구 명일동 312-85,서울 강동구 양재대로141길 6,127.14361335619627,37.55121371557886,http://place.map.kakao.com/1608753092,2026-09-30,Kakao Local keyword search
1609652687,night_food,요리주점,크라운호프 쌍문역점,"음식점 > 술집 > 호프,요리주점 > 크라운호프",서울 도봉구 쌍문동 96-11,서울 도봉구 노해로60길 89,127.033106641074,37.6475339492554,http://place.map.kakao.com/1609652687,2026-09-30,Kakao Local keyword search
1614446139,night_food,요리주점,12.5도,"음식점 > 술집 > 호프,요리주점",서울 동대문구 답십리동 36-62,서울 동대문구 전농로 55,127.056914558077,37.5699028287796,http://place.map.kakao.com/1614446139,2026-09-30,Kakao Local keyword search
1615142340,night_food,요리주점,미라쥬펍,"음식점 > 술집 > 호프,요리주점",서울 노원구 공릉동 506-32,서울 노원구 동일로184길 69-9,127.07725846022,37.6251066996348,http://place.map.kakao.com/1615142340,2026-09-30,Kakao Local keyword search
1622183651,night_food,요리주점,유미벅스,"음식점 > 술집 > 호프,요리주점",서울 강동구 천호동 166-101,서울 강동구 진황도로27길 4,127.131690404817,37.538524435266,http://place.map.kakao.com/1622183651,2026-09-30,Kakao Local keyword search
16298300,night_food,요리주점,여기가어머나,"음식점 > 술집 > 호프,요리주점",서울 강동구 고덕동 652,서울 강동구 고덕로61길 122,127.151593753067,37.5600884689912,http://place.map.kakao.com/16298300,2026-09-30,Kakao Local keyword search
16326700,night_food,요리주점,하얀집호프,"음식점 > 술집 > 호프,요리주점",서울 서초구 잠원동 69-2,서울 서초구 신반포로 189,127.004867802126,37.5065436919612,http://place.map.kakao.com/16326700,2026-09-30,Kakao Local keyword search
16329163,night_food,요리주점,동학,"음식점 > 술집 > 호프,요리주점",서울 노원구 공릉동 439-15,서울 노원구 공릉로51길 6,127.07652957773378,37.6290390796039,http://place.map.kakao.com/16329163,2026-09-30,Kakao Local keyword search
1635880231,night_food,요리주점,민지슈퍼 건대본점,"음식점 > 술집 > 호프,요리주점",서울 광진구 화양동 10-9,서울 광진구 아차산로31길 37,127.069923512525,37.5426451757859,http://place.map.kakao.com/1635880231,2026-09-30,Kakao Local keyword search
16379581,night_food,요리주점,부산슈퍼,"음식점 > 술집 > 호프,요리주점",서울 동대문구 전농동 270-42,서울 동대문구 전농로17길 37,127.055114780858,37.5791550954594,http://place.map.kakao.com/16379581,2026-09-30,Kakao Local keyword search
16417730,night_food,요리주점,안주나라,"음식점 > 술집 > 호프,요리주점",서울 광진구 자양동 16-37,서울 광진구 동일로18길 23,127.064210195884,37.5398057666802,http://place.map.kakao.com/16417730,2026-09-30,Kakao Local keyword search
16441734,night_food,요리주점,스카이호프,"음식점 > 술집 > 호프,요리주점",서울 도봉구 방학동 705,서울 도봉구 도봉로 730,127.043878585196,37.6694242925013,http://place.map.kakao.com/16441734,2026-09-30,Kakao Local keyword search
16471976,night_food,요리주점,울랄라빈대떡,"음식점 > 술집 > 호프,요리주점",서울 성북구 석관동 261-159,서울 성북구 화랑로32길 139,127.060143847531,37.6048705537485,http://place.map.kakao.com/16471976,2026-09-30,Kakao Local keyword search
1647654736,night_food,요리주점,제이케이펍,"음식점 > 술집 > 호프,요리주점",서울 마포구 서교동 397-15,서울 마포구 어울마당로5길 46,126.918208852937,37.5499365434956,http://place.map.kakao.com/1647654736,2026-09-30,Kakao Local keyword search
1648050966,night_food,요리주점,역전할머니맥주 서울노원역점,"음식점 > 술집 > 호프,요리주점 > 역전할머니맥주",서울 노원구 상계동 616-4,서울 노원구 노해로81길 16,127.062966842741,37.6555612602163,http://place.map.kakao.com/1648050966,2026-09-30,Kakao Local keyword search
16500083,night_food,요리주점,동강주막호프,"음식점 > 술집 > 호프,요리주점",서울 종로구 창신동 81-4,서울 종로구 지봉로7길 1,127.015395505341,37.5745394507266,http://place.map.kakao.com/16500083,2026-09-30,Kakao Local keyword search
16532722,night_food,요리주점,디오니스 먹골역점,"음식점 > 술집 > 호프,요리주점",서울 중랑구 묵동 244-140,서울 중랑구 동일로157길 19,127.076692151836,37.6097515313917,http://place.map.kakao.com/16532722,2026-09-30,Kakao Local keyword search
1657694823,night_food,요리주점,간술,"음식점 > 술집 > 호프,요리주점",경기 구리시 토평동 976-5,경기 구리시 벌말로147번길 38,127.146908310747,37.5901659632494,http://place.map.kakao.com/1657694823,2026-09-30,Kakao Local keyword search
1658273454,night_food,요리주점,비어이즈 페인킬러(BEER IS PAINKILLER),"음식점 > 술집 > 호프,요리주점",서울 은평구 진관동 66,서울 은평구 진관3로 33,126.919618456854,37.6398177088343,http://place.map.kakao.com/1658273454,2026-09-30,Kakao Local keyword search
16618825,night_food,요리주점,토크쇼 정릉점,"음식점 > 술집 > 호프,요리주점",서울 성북구 정릉동 286-8,서울 성북구 보국문로18길 6,127.009128572101,37.6111528093244,http://place.map.kakao.com/16618825,2026-09-30,Kakao Local keyword search
16620322,night_food,요리주점,팔도사나이,"음식점 > 술집 > 호프,요리주점",서울 노원구 상계동 341-8,서울 노원구 노해로83길 18-5,127.064645703299,37.6561559013221,http://place.map.kakao.com/16620322,2026-09-30,Kakao Local keyword search
1662992676,night_food,요리주점,버블비,"음식점 > 술집 > 호프,요리주점",경기 남양주시 퇴계원읍 퇴계원리 218-47,경기 남양주시 퇴계원읍 경춘북로 535-1,127.1431574963844,37.64765535788871,http://place.map.kakao.com/1662992676,2026-09-30,Kakao Local keyword search
166444083,night_food,요리주점,맥주아비,"음식점 > 술집 > 호프,요리주점",서울 노원구 상계동 1119-143,서울 노원구 동일로242나길 7,127.056147686877,37.6761169723405,http://place.map.kakao.com/166444083,2026-09-30,Kakao Local keyword search
16648082,night_food,요리주점,청사초롱,"음식점 > 술집 > 호프,요리주점",서울 강동구 천호동 408-11,서울 강동구 진황도로 4,127.128122078525,37.5400528518278,http://place.map.kakao.com/16648082,2026-09-30,Kakao Local keyword search
1667069691,night_food,요리주점,아낙네그루브,"음식점 > 술집 > 호프,요리주점",서울 송파구 송파동 42,서울 송파구 백제고분로45길 15,127.10968831322076,37.509580607735316,http://place.map.kakao.com/1667069691,2026-09-30,Kakao Local keyword search
16677544,night_food,요리주점,모여라호프소주방,"음식점 > 술집 > 호프,요리주점",서울 강동구 암사동 496-27,서울 강동구 상암로 47-6,127.129188656875,37.5496419196746,http://place.map.kakao.com/16677544,2026-09-30,Kakao Local keyword search
1669979708,night_food,요리주점,데블스도어 코엑스점,"음식점 > 술집 > 호프,요리주점",서울 강남구 삼성동 159,서울 강남구 영동대로 513,127.06012778830689,37.51165700748023,http://place.map.kakao.com/1669979708,2026-09-30,Kakao Local keyword search
16706402,night_food,요리주점,아프리카,"음식점 > 술집 > 호프,요리주점",서울 강북구 수유동 549-5,서울 강북구 인수봉로 285,127.010650957851,37.6443234036044,http://place.map.kakao.com/16706402,2026-09-30,Kakao Local keyword search
16732329,night_food,요리주점,수 숯불직화꼬치바베큐,"음식점 > 술집 > 호프,요리주점",서울 광진구 중곡동 141-22,서울 광진구 천호대로111길 35,127.08260222404154,37.55785304514977,http://place.map.kakao.com/16732329,2026-09-30,Kakao Local keyword search
16741088,night_food,요리주점,인어궁호프,"음식점 > 술집 > 호프,요리주점",경기 남양주시 퇴계원읍 퇴계원리 213-19,경기 남양주시 퇴계원읍 경춘북로546번길 1,127.144451489771,37.6476339589418,http://place.map.kakao.com/16741088,2026-09-30,Kakao Local keyword search
1674726670,night_food,요리주점,역전할머니맥주 서울경희대점,"음식점 > 술집 > 호프,요리주점 > 역전할머니맥주",서울 동대문구 회기동 60-46,서울 동대문구 경희대로1길 7,127.051718072427,37.5916227711954,http://place.map.kakao.com/1674726670,2026-09-30,Kakao Local keyword search
16765239,night_food,요리주점,브라운호프,"음식점 > 술집 > 호프,요리주점",서울 중구 묵정동 32-13,서울 중구 퇴계로 252-1,126.99976570960267,37.56232835922782,http://place.map.kakao.com/16765239,2026-09-30,Kakao Local keyword search
16767460,night_food,요리주점,말로만호프,"음식점 > 술집 > 호프,요리주점",서울 강동구 고덕동 503-5,서울 강동구 동남로81길 26,127.15520477342307,37.56036308613797,http://place.map.kakao.com/16767460,2026-09-30,Kakao Local keyword search
16768193,night_food,요리주점,전가,"음식점 > 술집 > 호프,요리주점",서울 강남구 대치동 936-33,서울 강남구 선릉로 310,127.05295793692005,37.497265978265595,http://place.map.kakao.com/16768193,2026-09-30,Kakao Local keyword search
1676926090,night_food,요리주점,용용선생 건대점,"음식점 > 술집 > 호프,요리주점",서울 광진구 화양동 8-91,서울 광진구 아차산로33길 25,127.070267520018,37.5414601572181,http://place.map.kakao.com/1676926090,2026-09-30,Kakao Local keyword search
16791656,night_food,요리주점,참새방앗간,"음식점 > 술집 > 호프,요리주점",서울 마포구 동교동 164-7,서울 마포구 어울마당로 129-1,126.924281848779,37.556092607062,http://place.map.kakao.com/16791656,2026-09-30,Kakao Local keyword search
16793795,night_food,요리주점,다락,"음식점 > 술집 > 호프,요리주점",서울 강동구 명일동 312-156,서울 강동구 양재대로141길 29,127.142291496595,37.5511765730287,http://place.map.kakao.com/16793795,2026-09-30,Kakao Local keyword search
168668952,night_food,요리주점,포도,"음식점 > 술집 > 호프,요리주점",서울 노원구 상계동 349-25,서울 노원구 노해로85길 15-11,127.065494809198,37.6564905982665,http://place.map.kakao.com/168668952,2026-09-30,Kakao Local keyword search
168774091,night_food,요리주점,더랜치브루잉 을지로3가점,"음식점 > 술집 > 호프,요리주점",서울 중구 을지로3가 320,서울 중구 을지로12길 11,126.991266352481,37.5656527129109,http://place.map.kakao.com/168774091,2026-09-30,Kakao Local keyword search
16905040,night_food,요리주점,빈대떡신사,"음식점 > 술집 > 호프,요리주점",서울 노원구 월계동 379-42,서울 노원구 광운로 70,127.060253978908,37.6234669008526,http://place.map.kakao.com/16905040,2026-09-30,Kakao Local keyword search
16906581,night_food,요리주점,시골집막걸리,"음식점 > 술집 > 호프,요리주점",서울 강동구 천호동 28-29,서울 강동구 상암로41길 37,127.141062865675,37.5477650673725,http://place.map.kakao.com/16906581,2026-09-30,Kakao Local keyword search
16906588,night_food,요리주점,월매네주막 강남본점,"음식점 > 술집 > 호프,요리주점",서울 서초구 서초동 1305-3,서울 서초구 강남대로 437,127.02549536508,37.501297188865,http://place.map.kakao.com/16906588,2026-09-30,Kakao Local keyword search
1692238878,night_food,요리주점,부엉이산장 방이점,"음식점 > 술집 > 호프,요리주점 > 부엉이산장",서울 송파구 방이동 64-12,서울 송파구 오금로11길 12,127.10845687105717,37.51445076972377,http://place.map.kakao.com/1692238878,2026-09-30,Kakao Local keyword search
16932136,night_food,요리주점,바플라이,"음식점 > 술집 > 호프,요리주점",서울 도봉구 쌍문동 423-18,서울 도봉구 삼양로144길 3,127.01315861960722,37.65162111673543,http://place.map.kakao.com/16932136,2026-09-30,Kakao Local keyword search
16935377,night_food,요리주점,쿨호프 미아점,"음식점 > 술집 > 호프,요리주점",서울 강북구 미아동 226-50,서울 강북구 솔매로 85,127.021758640667,37.6252173815932,http://place.map.kakao.com/16935377,2026-09-30,Kakao Local keyword search
16962310,night_food,요리주점,테라스,"음식점 > 술집 > 호프,요리주점",서울 서대문구 북아현동 135-9,서울 서대문구 북아현로 2,126.956399778584,37.5577090068771,http://place.map.kakao.com/16962310,2026-09-30,Kakao Local keyword search
1697331258,night_food,요리주점,매치볼하우스,"음식점 > 술집 > 호프,요리주점",서울 강북구 수유동 223-1,서울 강북구 노해로 38,127.02312450076846,37.638921117362415,http://place.map.kakao.com/1697331258,2026-09-30,Kakao Local keyword search
1697672922,night_food,요리주점,노가리호프,"음식점 > 술집 > 호프,요리주점",서울 강북구 미아동 159-1,서울 강북구 덕릉로 104,127.02506615055722,37.634626625476805,http://place.map.kakao.com/1697672922,2026-09-30,Kakao Local keyword search
16983115,night_food,요리주점,안주마을,"음식점 > 술집 > 호프,요리주점",서울 종로구 내자동 1-2,서울 종로구 자하문로1길 3,126.97216738211803,37.576458094002795,http://place.map.kakao.com/16983115,2026-09-30,Kakao Local keyword search
16994390,night_food,요리주점,꽃,"음식점 > 술집 > 호프,요리주점",서울 마포구 서교동 325-1,서울 마포구 와우산로 162,126.930665664329,37.5552459867732,http://place.map.kakao.com/16994390,2026-09-30,Kakao Local keyword search
16997605,night_food,요리주점,좋은하루,"음식점 > 술집 > 호프,요리주점",서울 도봉구 쌍문동 94-50,서울 도봉구 도봉로113길 16,127.033318872714,37.6482871116746,http://place.map.kakao.com/16997605,2026-09-30,Kakao Local keyword search
16999919,night_food,요리주점,브로이하우스바네하임,"음식점 > 술집 > 호프,요리주점",서울 노원구 공릉동 240-19,서울 노원구 공릉로32길 54,127.082060003017,37.6216986282432,http://place.map.kakao.com/16999919,2026-09-30,Kakao Local keyword search
1702788673,night_food,요리주점,뉴타운,"음식점 > 술집 > 호프,요리주점",서울 서대문구 창천동 2-7,서울 서대문구 연세로12길 27,126.938566493821,37.5591138381243,http://place.map.kakao.com/1702788673,2026-09-30,Kakao Local keyword search
1706737568,night_food,요리주점,모찌네안마당,"음식점 > 술집 > 호프,요리주점",서울 은평구 대조동 9-7,서울 은평구 통일로67길 3-1,126.928695467977,37.6108829479083,http://place.map.kakao.com/1706737568,2026-09-30,Kakao Local keyword search
17139585,night_food,요리주점,피쉬앤그릴 방학점,"음식점 > 술집 > 호프,요리주점 > 피쉬앤그릴",서울 도봉구 방학동 669-2,서울 도봉구 방학로 175,127.032681286926,37.6620651120232,http://place.map.kakao.com/17139585,2026-09-30,Kakao Local keyword search
1718869643,night_food,요리주점,라이브씨에라,"음식점 > 술집 > 호프,요리주점",서울 강북구 수유동 279-37,서울 강북구 삼양로 516,127.014141749027,37.6490856364987,http://place.map.kakao.com/1718869643,2026-09-30,Kakao Local keyword search
172216760,night_food,요리주점,통나무집,"음식점 > 술집 > 호프,요리주점",서울 중구 인현동2가 211,서울 중구 마른내로6길 16,126.995155659296,37.5634941495503,http://place.map.kakao.com/172216760,2026-09-30,Kakao Local keyword search
1723077364,night_food,요리주점,태로,"음식점 > 술집 > 호프,요리주점",경기 남양주시 다산동 6060-2,경기 남양주시 다산중앙로123번길 22-18,127.1518013957524,37.62445321109116,http://place.map.kakao.com/1723077364,2026-09-30,Kakao Local keyword search
1730925017,night_food,요리주점,용용선생 종각점,"음식점 > 술집 > 호프,요리주점",서울 종로구 관철동 14-3,서울 종로구 삼일대로19길 18,126.9865615043,37.569670712257,http://place.map.kakao.com/1730925017,2026-09-30,Kakao Local keyword search
1739626532,night_food,요리주점,금별맥주 방이점,"음식점 > 술집 > 호프,요리주점 > 금별맥주",서울 송파구 방이동 59-10,서울 송파구 오금로11길 24,127.109813698985,37.5148756907087,http://place.map.kakao.com/1739626532,2026-09-30,Kakao Local keyword search
1749580470,night_food,요리주점,주담소 두번째이야기,"음식점 > 술집 > 호프,요리주점",경기 구리시 수택동 525-71,경기 구리시 검배로29번길 27,127.143524397721,37.5998107286759,http://place.map.kakao.com/1749580470,2026-09-30,Kakao Local keyword search
1752670436,night_food,요리주점,행복전집 북창점,"음식점 > 술집 > 호프,요리주점",서울 중구 북창동 18-4,서울 중구 남대문로1길 46,126.977516915795,37.5631965813653,http://place.map.kakao.com/1752670436,2026-09-30,Kakao Local keyword search
1752993861,night_food,요리주점,아리계곡 왕십리한양대점,"음식점 > 술집 > 호프,요리주점",서울 성동구 행당동 19-87,서울 성동구 마조로3가길 14,127.040127597132,37.5591464275819,http://place.map.kakao.com/1752993861,2026-09-30,Kakao Local keyword search
17537523,night_food,요리주점,전초전 쌍문역점,"음식점 > 술집 > 호프,요리주점",서울 도봉구 창동 655-5,서울 도봉구 도봉로110나길 13,127.03455103939322,37.6467965305182,http://place.map.kakao.com/17537523,2026-09-30,Kakao Local keyword search
1753863713,night_food,요리주점,꼬치집,"음식점 > 술집 > 호프,요리주점",서울 송파구 잠실동 314-5,서울 송파구 백제고분로 158,127.084216833689,37.5051514518334,http://place.map.kakao.com/1753863713,2026-09-30,Kakao Local keyword search
1754181345,night_food,요리주점,서울대포집,"음식점 > 술집 > 호프,요리주점",서울 노원구 상계동 616-4,서울 노원구 노해로81길 16,127.062868315261,37.655638797234,http://place.map.kakao.com/1754181345,2026-09-30,Kakao Local keyword search
1757126995,night_food,요리주점,몰림,"음식점 > 술집 > 호프,요리주점",서울 종로구 내자동 146,서울 종로구 사직로10길 5,126.97048886037386,37.57567111815471,http://place.map.kakao.com/1757126995,2026-09-30,Kakao Local keyword search
1757884468,night_food,요리주점,민지슈퍼 구리돌다리점,"음식점 > 술집 > 호프,요리주점",경기 구리시 수택동 382-12,경기 구리시 체육관로172번길 50,127.138993493765,37.5997278544992,http://place.map.kakao.com/1757884468,2026-09-30,Kakao Local keyword search
17664320,night_food,요리주점,주막,"음식점 > 술집 > 호프,요리주점",서울 강북구 미아동 54-259,서울 강북구 월계로7나길 30-3,127.032020913837,37.6127669943617,http://place.map.kakao.com/17664320,2026-09-30,Kakao Local keyword search
17665721,night_food,요리주점,자주식당,"음식점 > 술집 > 호프,요리주점",서울 강남구 신사동 510-8,서울 강남구 강남대로156길 17,127.020542119547,37.518410033477,http://place.map.kakao.com/17665721,2026-09-30,Kakao Local keyword search
176695812,night_food,요리주점,우후죽순 연신내점,"음식점 > 술집 > 호프,요리주점 > 우후죽순",서울 은평구 갈현동 399-7,서울 은평구 연서로29길 8,126.919256930063,37.618963237713,http://place.map.kakao.com/176695812,2026-09-30,Kakao Local keyword search
1777949899,night_food,요리주점,인생건어물맥주 암사역점,"음식점 > 술집 > 호프,요리주점 > 인생건어물맥주",서울 강동구 암사동 503-21,서울 강동구 올림픽로 795,127.127923332892,37.5522057348793,http://place.map.kakao.com/1777949899,2026-09-30,Kakao Local keyword search
1785160279,night_food,요리주점,노을집,"음식점 > 술집 > 호프,요리주점",서울 광진구 군자동 51-24,서울 광진구 군자로 159,127.076635164771,37.5552820187617,http://place.map.kakao.com/1785160279,2026-09-30,Kakao Local keyword search
1787566370,night_food,요리주점,유케집 연신내점,"음식점 > 술집 > 호프,요리주점",서울 은평구 갈현동 454-28,서울 은평구 연서로27길 12,126.91813316121518,37.618053366786384,http://place.map.kakao.com/1787566370,2026-09-30,Kakao Local keyword search
1791165061,night_food,요리주점,평화남영,"음식점 > 술집 > 호프,요리주점",서울 용산구 남영동 64-1,서울 용산구 한강대로80길 11-47,126.973261479057,37.5432890454418,http://place.map.kakao.com/1791165061,2026-09-30,Kakao Local keyword search
17965076,night_food,요리주점,파라다이스치킨&호프,"음식점 > 술집 > 호프,요리주점",경기 구리시 교문동 800-7,경기 구리시 장자대로13번길 63,127.13278983926097,37.590609761039296,http://place.map.kakao.com/17965076,2026-09-30,Kakao Local keyword search
1797493027,night_food,요리주점,이슬집,"음식점 > 술집 > 호프,요리주점",서울 은평구 갈현동 453-8,서울 은평구 연서로27길 16-15,126.918133485806,37.6187903750141,http://place.map.kakao.com/1797493027,2026-09-30,Kakao Local keyword search
180079662,night_food,요리주점,무지개맥주 서울창동역점,"음식점 > 술집 > 호프,요리주점 > 무지개맥주",서울 도봉구 창동 6-1,서울 도봉구 마들로11가길 13-6,127.049541579007,37.6526971322466,http://place.map.kakao.com/180079662,2026-09-30,Kakao Local keyword search
1802980221,night_food,요리주점,더줌,"음식점 > 술집 > 호프,요리주점",서울 은평구 갈현동 412-2,서울 은평구 통일로87길 6-7,126.918966299313,37.6237463802207,http://place.map.kakao.com/1802980221,2026-09-30,Kakao Local keyword search
1805535326,night_food,요리주점,노원별밤,"음식점 > 술집 > 호프,요리주점",서울 노원구 상계동 711-13,서울 노원구 동일로 1417,127.059980329903,37.6550690782763,http://place.map.kakao.com/1805535326,2026-09-30,Kakao Local keyword search
1808316108,night_food,요리주점,킹스비어,"음식점 > 술집 > 호프,요리주점",서울 동대문구 휘경동 191-3,서울 동대문구 회기로 195,127.057627482407,37.5902000704207,http://place.map.kakao.com/1808316108,2026-09-30,Kakao Local keyword search
1811274562,night_food,요리주점,수을독,"음식점 > 술집 > 호프,요리주점",서울 노원구 상계동 725-1,서울 노원구 동일로218길 29,127.06250660735806,37.65404785471091,http://place.map.kakao.com/1811274562,2026-09-30,Kakao Local keyword search
1813512230,night_food,요리주점,심술집 건대입구본점,"음식점 > 술집 > 호프,요리주점",서울 광진구 화양동 11-11,서울 광진구 동일로24길 99,127.070444973218,37.5424547549753,http://place.map.kakao.com/1813512230,2026-09-30,Kakao Local keyword search
1814166622,night_food,요리주점,지축1로요리주점,"음식점 > 술집 > 호프,요리주점",경기 고양시 덕양구 지축동 1007-4,경기 고양시 덕양구 지축1로 65,126.91554071204,37.6488553315212,http://place.map.kakao.com/1814166622,2026-09-30,Kakao Local keyword search
1817604294,night_food,요리주점,하네집,"음식점 > 술집 > 호프,요리주점",서울 마포구 도화동 183-6,서울 마포구 도화길 50-1,126.95106136770534,37.541921422506235,http://place.map.kakao.com/1817604294,2026-09-30,Kakao Local keyword search
1819200119,night_food,요리주점,탱글이문어,"음식점 > 술집 > 호프,요리주점",서울 성북구 안암동5가 103-99,서울 성북구 고려대로26길 42-2,127.029875758262,37.584425983684,http://place.map.kakao.com/1819200119,2026-09-30,Kakao Local keyword search
1822548282,night_food,요리주점,밀짚모자,"음식점 > 술집 > 호프,요리주점",서울 동작구 상도1동 638-1,서울 동작구 양녕로 284,126.95057126967858,37.50441879152526,http://place.map.kakao.com/1822548282,2026-09-30,Kakao Local keyword search
1822624298,night_food,요리주점,새벽,"음식점 > 술집 > 호프,요리주점",서울 마포구 동교동 164-32,서울 마포구 어울마당로 123,126.92364738809361,37.555654313755255,http://place.map.kakao.com/1822624298,2026-09-30,Kakao Local keyword search
1829759776,night_food,요리주점,노크 건대직영점,"음식점 > 술집 > 호프,요리주점",서울 광진구 화양동 9-86,서울 광진구 동일로22길 89,127.0691402752,37.5411905227094,http://place.map.kakao.com/1829759776,2026-09-30,Kakao Local keyword search
1830197196,night_food,요리주점,요술,"음식점 > 술집 > 호프,요리주점",경기 남양주시 퇴계원읍 퇴계원리 255-41,경기 남양주시 퇴계원읍 퇴계원공원1길 4,127.142312582847,37.6502412992823,http://place.map.kakao.com/1830197196,2026-09-30,Kakao Local keyword search
18324577,night_food,요리주점,프로스트펍앤그릴,"음식점 > 술집 > 호프,요리주점",서울 용산구 이태원동 116-1,서울 용산구 이태원로27가길 26,126.993713798325,37.5350837941701,http://place.map.kakao.com/18324577,2026-09-30,Kakao Local keyword search
1839594426,night_food,요리주점,맥주당,"음식점 > 술집 > 호프,요리주점",서울 도봉구 방학동 732,서울 도봉구 방학로12길 9,127.03079895439267,37.66245754536537,http://place.map.kakao.com/1839594426,2026-09-30,Kakao Local keyword search
1843842968,night_food,요리주점,헤이든,"음식점 > 술집 > 호프,요리주점",서울 성동구 성수동1가 656-684,서울 성동구 왕십리로10길 24,127.04701781172,37.546346109475,http://place.map.kakao.com/1843842968,2026-09-30,Kakao Local keyword search
18479816,night_food,요리주점,아쿠아,"음식점 > 술집 > 호프,요리주점",서울 동대문구 이문동 288-79,서울 동대문구 이문로30길 22,127.061378091905,37.5964042106603,http://place.map.kakao.com/18479816,2026-09-30,Kakao Local keyword search
18507766,night_food,요리주점,진이네 오감만족,"음식점 > 술집 > 호프,요리주점",서울 은평구 응암동 81-209,서울 은평구 은평로14길 4,126.9287285583402,37.60112975408153,http://place.map.kakao.com/18507766,2026-09-30,Kakao Local keyword search
1852005134,night_food,요리주점,어른이대공원,"음식점 > 술집 > 호프,요리주점",서울 마포구 합정동 410-31,,126.91965466315926,37.5482364511717,http://place.map.kakao.com/1852005134,2026-09-30,Kakao Local keyword search
1863042448,night_food,요리주점,호멜맥주,"음식점 > 술집 > 호프,요리주점",서울 동작구 노량진동 16-1,서울 동작구 노들로2길 7,126.93934410592412,37.514322808338584,http://place.map.kakao.com/1863042448,2026-09-30,Kakao Local keyword search
1866197335,night_food,요리주점,기린이찌방 프리미엄비어바,"음식점 > 술집 > 호프,요리주점",서울 영등포구 여의도동 85-1,서울 영등포구 여의도한강공원길 231,126.93369201270495,37.529578249854076,http://place.map.kakao.com/1866197335,2026-09-30,Kakao Local keyword search
1866857586,night_food,요리주점,롱타임노씨 신사점,"음식점 > 술집 > 호프,요리주점",서울 강남구 신사동 512-17,서울 강남구 강남대로152길 15,127.020654965994,37.5174270191197,http://place.map.kakao.com/1866857586,2026-09-30,Kakao Local keyword search
1870725475,night_food,요리주점,만선호프 도봉산점,"음식점 > 술집 > 호프,요리주점",서울 도봉구 도봉동 572-17,서울 도봉구 도봉로187길 63,127.042413458478,37.6861271744923,http://place.map.kakao.com/1870725475,2026-09-30,Kakao Local keyword search
1874065715,night_food,요리주점,골뱅이신사,"음식점 > 술집 > 호프,요리주점",서울 강남구 신사동 516-6,서울 강남구 강남대로156길 32,127.021840777575,37.5186512693532,http://place.map.kakao.com/1874065715,2026-09-30,Kakao Local keyword search
1874922847,night_food,요리주점,인생꼬치479,"음식점 > 술집 > 호프,요리주점",서울 노원구 월계동 64-18,서울 노원구 석계로 15,127.06430409972943,37.61614513955888,http://place.map.kakao.com/1874922847,2026-09-30,Kakao Local keyword search
1875493115,night_food,요리주점,감성노가리,"음식점 > 술집 > 호프,요리주점",서울 중랑구 망우동 411,서울 중랑구 용마산로 480,127.099470440183,37.5938392613228,http://place.map.kakao.com/1875493115,2026-09-30,Kakao Local keyword search
1877478365,night_food,요리주점,쌍문언니네가맥,"음식점 > 술집 > 호프,요리주점",서울 도봉구 쌍문동 103-46,서울 도봉구 도봉로109길 23,127.031992464345,37.6468098658671,http://place.map.kakao.com/1877478365,2026-09-30,Kakao Local keyword search
1879229041,night_food,요리주점,서민대폿집 상봉망우역점,"음식점 > 술집 > 호프,요리주점",서울 중랑구 상봉동 74-4,서울 중랑구 망우로 383,127.09480485905662,37.59884270046608,http://place.map.kakao.com/1879229041,2026-09-30,Kakao Local keyword search
1879387617,night_food,요리주점,낙원스낵,"음식점 > 술집 > 호프,요리주점",서울 성동구 행당동 4-13,서울 성동구 마조로5길 14,127.03960177052781,37.56000705721679,http://place.map.kakao.com/1879387617,2026-09-30,Kakao Local keyword search
188105400,night_food,요리주점,라디오헤드펍,"음식점 > 술집 > 호프,요리주점",서울 송파구 방이동 63-13,서울 송파구 올림픽로32길 22-6,127.10911568636769,37.514022186285224,http://place.map.kakao.com/188105400,2026-09-30,Kakao Local keyword search
1881528638,night_food,요리주점,멘보샤 종암점,"음식점 > 술집 > 호프,요리주점",서울 성북구 종암동 3-368,서울 성북구 월곡로 59,127.039248067341,37.5977218834973,http://place.map.kakao.com/1881528638,2026-09-30,Kakao Local keyword search
18819639,night_food,요리주점,쿠바쿠바 퇴계원점,"음식점 > 술집 > 호프,요리주점",경기 남양주시 퇴계원읍 퇴계원리 211-1,경기 남양주시 퇴계원읍 경춘북로558번길 2,127.145517276281,37.6479642107901,http://place.map.kakao.com/18819639,2026-09-30,Kakao Local keyword search
18829641,night_food,요리주점,로터스,"음식점 > 술집 > 호프,요리주점",서울 강북구 수유동 568-40,서울 강북구 4.19로 36-1,127.01025253910922,37.64742012022902,http://place.map.kakao.com/18829641,2026-09-30,Kakao Local keyword search
18830271,night_food,요리주점,옛서촌빈대떡,"음식점 > 술집 > 호프,요리주점",서울 서대문구 홍제동 279-16,서울 서대문구 간호대로 15,126.948423429586,37.5965927029731,http://place.map.kakao.com/18830271,2026-09-30,Kakao Local keyword search
1892893120,night_food,요리주점,주접단,"음식점 > 술집 > 호프,요리주점",서울 도봉구 쌍문동 88-116,서울 도봉구 도봉로 473,127.033994093949,37.6480004063137,http://place.map.kakao.com/1892893120,2026-09-30,Kakao Local keyword search
1900156202,night_food,요리주점,해로,"음식점 > 술집 > 호프,요리주점",서울 도봉구 창동 655-6,서울 도봉구 도봉로110나길 11,127.034496617227,37.6467262697163,http://place.map.kakao.com/1900156202,2026-09-30,Kakao Local keyword search
19032274,night_food,요리주점,시골막걸리,"음식점 > 술집 > 호프,요리주점",서울 노원구 상계동 649-7,서울 노원구 동일로 1530,127.05807858295395,37.6650420933158,http://place.map.kakao.com/19032274,2026-09-30,Kakao Local keyword search
1905713314,night_food,요리주점,요리하는Azit,"음식점 > 술집 > 호프,요리주점",서울 중랑구 면목동 20-51,서울 중랑구 용마산로 409,127.095886187406,37.588171384643,http://place.map.kakao.com/1905713314,2026-09-30,Kakao Local keyword search
1915275749,night_food,요리주점,마산집,"음식점 > 술집 > 호프,요리주점",서울 은평구 대조동 68-4,서울 은평구 서오릉로8길 23,126.92387038703991,37.60897524293908,http://place.map.kakao.com/1915275749,2026-09-30,Kakao Local keyword search
19238297,night_food,요리주점,폼프리츠 서울신촌점,"음식점 > 술집 > 호프,요리주점",서울 서대문구 창천동 52-40,서울 서대문구 연세로11길 21,126.935596889033,37.5588707884481,http://place.map.kakao.com/19238297,2026-09-30,Kakao Local keyword search
1926262880,night_food,요리주점,서아진 루프탑 송리단길점,"음식점 > 술집 > 호프,요리주점",서울 송파구 송파동 36-6,서울 송파구 백제고분로43길 27,127.107869150481,37.5092678325058,http://place.map.kakao.com/1926262880,2026-09-30,Kakao Local keyword search
19299772,night_food,요리주점,버들골이야기 방이점,"음식점 > 술집 > 호프,요리주점",서울 송파구 방이동 70,서울 송파구 올림픽로32길 29,127.10997930639,37.5136501718505,http://place.map.kakao.com/19299772,2026-09-30,Kakao Local keyword search
19338477,night_food,요리주점,만원의행복,"음식점 > 술집 > 호프,요리주점",서울 동대문구 장안동 341-3,서울 동대문구 장한로24길 30-1,127.072653537101,37.5702293621909,http://place.map.kakao.com/19338477,2026-09-30,Kakao Local keyword search
193387659,night_food,요리주점,풍림소월,"음식점 > 술집 > 호프,요리주점",서울 강북구 미아동 837-911,서울 강북구 솔샘로31길 6,127.012768021294,37.6205768102853,http://place.map.kakao.com/193387659,2026-09-30,Kakao Local keyword search
1935183866,night_food,요리주점,51구역,"음식점 > 술집 > 호프,요리주점",서울 강북구 수유동 223-6,서울 강북구 노해로8길 1,127.023161572264,37.6378984922008,http://place.map.kakao.com/1935183866,2026-09-30,Kakao Local keyword search
1940519323,night_food,요리주점,어린달,"음식점 > 술집 > 호프,요리주점",서울 성동구 성수동1가 656-405,서울 성동구 왕십리로10길 9-9,127.04560377277,37.5470944931399,http://place.map.kakao.com/1940519323,2026-09-30,Kakao Local keyword search
19409277,night_food,요리주점,바글즈 수택점,"음식점 > 술집 > 호프,요리주점",경기 구리시 수택동 849-4,경기 구리시 체육관로80번길 42,127.140371069364,37.5915938812352,http://place.map.kakao.com/19409277,2026-09-30,Kakao Local keyword search
1943992863,night_food,요리주점,구리읍,"음식점 > 술집 > 호프,요리주점",경기 구리시 수택동 375-33,경기 구리시 안골로63번길 39,127.138170401169,37.5992044446472,http://place.map.kakao.com/1943992863,2026-09-30,Kakao Local keyword search
1947619611,night_food,요리주점,역전할머니맥주 서울도봉보건소사거리점,"음식점 > 술집 > 호프,요리주점 > 역전할머니맥주",서울 도봉구 쌍문동 651,서울 도봉구 해등로 157,127.038821295534,37.6567853004067,http://place.map.kakao.com/1947619611,2026-09-30,Kakao Local keyword search
1948105658,night_food,요리주점,크래프트한스 답십리점,"음식점 > 술집 > 호프,요리주점",서울 동대문구 답십리동 21-8,서울 동대문구 전농로 36,127.057406636863,37.5680105000569,http://place.map.kakao.com/1948105658,2026-09-30,Kakao Local keyword search
1955524306,night_food,요리주점,노플랜,"음식점 > 술집 > 호프,요리주점",경기 남양주시 다산동 6063-1,경기 남양주시 다산중앙로145번길 15,127.15087659775111,37.625350878478095,http://place.map.kakao.com/1955524306,2026-09-30,Kakao Local keyword search
195780120,night_food,요리주점,맥주아비 별내역점,"음식점 > 술집 > 호프,요리주점",경기 남양주시 별내동 1007-2,경기 남양주시 별내중앙로 36-31,127.12633912624159,37.646052798165364,http://place.map.kakao.com/195780120,2026-09-30,Kakao Local keyword search
1960285334,night_food,요리주점,유니벌스,"음식점 > 술집 > 호프,요리주점",경기 구리시 수택동 374-7,경기 구리시 안골로57번길 46-15,127.137690645205,37.5994104310959,http://place.map.kakao.com/1960285334,2026-09-30,Kakao Local keyword search
1964922245,night_food,요리주점,38도씨식당,"음식점 > 술집 > 호프,요리주점",서울 마포구 서교동 409-11,서울 마포구 와우산로17길 19-17,126.9216111244117,37.54942888613963,http://place.map.kakao.com/1964922245,2026-09-30,Kakao Local keyword search
1966216348,night_food,요리주점,미주류,"음식점 > 술집 > 호프,요리주점",서울 광진구 군자동 469-12,서울 광진구 면목로 31,127.076189836678,37.5569572610159,http://place.map.kakao.com/1966216348,2026-09-30,Kakao Local keyword search
1969528901,night_food,요리주점,여행호프&치킨,"음식점 > 술집 > 호프,요리주점",서울 강북구 수유동 570,서울 강북구 4.19로 29,127.011093300392,37.6472894015432,http://place.map.kakao.com/1969528901,2026-09-30,Kakao Local keyword search
1970735652,night_food,요리주점,신선술집도원,"음식점 > 술집 > 호프,요리주점",서울 광진구 화양동 8-19,서울 광진구 아차산로33길 33,127.070403573679,37.5417483960492,http://place.map.kakao.com/1970735652,2026-09-30,Kakao Local keyword search
197316893,night_food,요리주점,펍휘트니,"음식점 > 술집 > 호프,요리주점",서울 송파구 잠실동 180-1,서울 송파구 올림픽로10길 9,127.081241701885,37.5107938246746,http://place.map.kakao.com/197316893,2026-09-30,Kakao Local keyword search
1976990014,night_food,요리주점,인생한밤,"음식점 > 술집 > 호프,요리주점",서울 노원구 공릉동 379-34,서울 노원구 동일로195길 7,127.07142217209038,37.62730608101855,http://place.map.kakao.com/1976990014,2026-09-30,Kakao Local keyword search
198069091,night_food,요리주점,채도,"음식점 > 술집 > 호프,요리주점",경기 남양주시 별내동 1010-6,경기 남양주시 별내중앙로58번길 22-5,127.124332630086,37.6475532647869,http://place.map.kakao.com/198069091,2026-09-30,Kakao Local keyword search
198631494,night_food,요리주점,서교주담,"음식점 > 술집 > 호프,요리주점",서울 은평구 갈현동 452-30,서울 은평구 연서로29길 21-2,126.917789769264,37.6192541447056,http://place.map.kakao.com/198631494,2026-09-30,Kakao Local keyword search
1987069650,night_food,요리주점,황금마차,"음식점 > 술집 > 호프,요리주점",서울 중구 을지로3가 320-27,서울 중구 충무로5길 28,126.99126296976,37.5655418901354,http://place.map.kakao.com/1987069650,2026-09-30,Kakao Local keyword search
1988784873,night_food,요리주점,아낙 본점,"음식점 > 술집 > 호프,요리주점",서울 강남구 논현동 134-9,서울 강남구 학동로20길 30,127.02804600147053,37.511493285785654,http://place.map.kakao.com/1988784873,2026-09-30,Kakao Local keyword search
1989078189,night_food,요리주점,삼씨오화,"음식점 > 술집 > 호프,요리주점",서울 마포구 마포동 303-8,서울 마포구 마포대로4가길 41,126.944680403942,37.5376947179888,http://place.map.kakao.com/1989078189,2026-09-30,Kakao Local keyword search
1993449567,night_food,요리주점,헤즈업 별내점,"음식점 > 술집 > 호프,요리주점",경기 남양주시 별내동 1007-3,경기 남양주시 별내중앙로 36-37,127.126699431926,37.6460397979995,http://place.map.kakao.com/1993449567,2026-09-30,Kakao Local keyword search
19952110,night_food,요리주점,써스티몽크 청담점,"음식점 > 술집 > 호프,요리주점",서울 강남구 청담동 2-1,서울 강남구 도산대로56길 3,127.040308397832,37.5228847282524,http://place.map.kakao.com/19952110,2026-09-30,Kakao Local keyword search
1998617408,night_food,요리주점,봉지욱의오프더레코드,"음식점 > 술집 > 호프,요리주점",서울 마포구 도화동 51-1,서울 마포구 마포대로 49,126.94689469285,37.5408690565589,http://place.map.kakao.com/1998617408,2026-09-30,Kakao Local keyword search
1999034023,night_food,요리주점,먹태생맥주,"음식점 > 술집 > 호프,요리주점",경기 구리시 인창동 563-133,경기 구리시 동구릉로 24,127.13205497839988,37.60277215816259,http://place.map.kakao.com/1999034023,2026-09-30,Kakao Local keyword search
1999066670,night_food,요리주점,여우주막,"음식점 > 술집 > 호프,요리주점",서울 성동구 행당동 19-84,서울 성동구 마조로 15-8,127.040314399641,37.5592526815999,http://place.map.kakao.com/1999066670,2026-09-30,Kakao Local keyword search
2001705749,night_food,요리주점,자야,"음식점 > 술집 > 호프,요리주점",서울 중구 초동 18-15,서울 중구 충무로 42,126.992947280927,37.5648590476901,http://place.map.kakao.com/2001705749,2026-09-30,Kakao Local keyword search
2006860393,night_food,요리주점,역전할머니맥주 서울쌍문역점,"음식점 > 술집 > 호프,요리주점 > 역전할머니맥주",서울 도봉구 쌍문동 100-30,서울 도봉구 도봉로109길 16,127.032392509072,37.646934092448,http://place.map.kakao.com/2006860393,2026-09-30,Kakao Local keyword search
2016997121,night_food,요리주점,밤을걷는선비,"음식점 > 술집 > 호프,요리주점",서울 강남구 논현동 182-29,서울 강남구 강남대로118길 11,127.02454488139446,37.5066349467384,http://place.map.kakao.com/2016997121,2026-09-30,Kakao Local keyword search
2017440134,night_food,요리주점,술꼬마,"음식점 > 술집 > 호프,요리주점",서울 용산구 이태원동 57-24,서울 용산구 이태원로 143-15,126.989174592622,37.5345680928553,http://place.map.kakao.com/2017440134,2026-09-30,Kakao Local keyword search
201780787,night_food,요리주점,이리로,"음식점 > 술집 > 호프,요리주점",서울 노원구 하계동 208-19,서울 노원구 공릉로 358-7,127.070268524111,37.6388754286416,http://place.map.kakao.com/201780787,2026-09-30,Kakao Local keyword search
2029395450,night_food,요리주점,주휴소,"음식점 > 술집 > 호프,요리주점",서울 용산구 이태원동 129-9,서울 용산구 이태원로26길 26,126.993523869008,37.5333466541881,http://place.map.kakao.com/2029395450,2026-09-30,Kakao Local keyword search
2031187443,night_food,요리주점,피맥하우스 남양주다산점,"음식점 > 술집 > 호프,요리주점",경기 남양주시 다산동 6089-1,경기 남양주시 다산중앙로 117,127.153086162352,37.6234442485597,http://place.map.kakao.com/2031187443,2026-09-30,Kakao Local keyword search
2036183426,night_food,요리주점,산울림1992,"음식점 > 술집 > 호프,요리주점",서울 마포구 창전동 5-138,서울 마포구 서강로9길 60,126.93054626122678,37.55464224823846,http://place.map.kakao.com/2036183426,2026-09-30,Kakao Local keyword search
20373259,night_food,요리주점,느린마을양조장 강남점,"음식점 > 술집 > 호프,요리주점 > 느린마을양조장",서울 서초구 서초동 1316-28,서울 서초구 서초대로73길 7,127.025403816138,37.4981220629255,http://place.map.kakao.com/20373259,2026-09-30,Kakao Local keyword search
2039099333,night_food,요리주점,대동집 서울중화점,"음식점 > 술집 > 호프,요리주점 > 대동집",서울 중랑구 중화동 307-17,서울 중랑구 동일로139길 8,127.078538539211,37.6035947561921,http://place.map.kakao.com/2039099333,2026-09-30,Kakao Local keyword search
2040775145,night_food,요리주점,오성맥주 면목점,"음식점 > 술집 > 호프,요리주점",서울 중랑구 면목동 20-51,서울 중랑구 용마산로 409,127.09593156438001,37.58823982318223,http://place.map.kakao.com/2040775145,2026-09-30,Kakao Local keyword search
2040981867,night_food,요리주점,대동집 서울수유점,"음식점 > 술집 > 호프,요리주점 > 대동집",서울 강북구 수유동 229-26,서울 강북구 도봉로87길 9-8,127.02477278170403,37.638222519488245,http://place.map.kakao.com/2040981867,2026-09-30,Kakao Local keyword search
204205639,night_food,요리주점,역전할머니맥주 서울천호점,"음식점 > 술집 > 호프,요리주점 > 역전할머니맥주",서울 강동구 천호동 413-6,서울 강동구 천호대로157길 31,127.12731497815572,37.5391869632289,http://place.map.kakao.com/204205639,2026-09-30,Kakao Local keyword search
2042652370,night_food,요리주점,맥주아비 별내별가람역점,"음식점 > 술집 > 호프,요리주점",경기 남양주시 별내동 824-5,경기 남양주시 덕송1로55번길 10,127.11804539605545,37.66647943619988,http://place.map.kakao.com/2042652370,2026-09-30,Kakao Local keyword search
2045036495,night_food,요리주점,연희38애비뉴,"음식점 > 술집 > 호프,요리주점",서울 서대문구 연희동 134-28,서울 서대문구 연희맛로 38,126.931115586063,37.56808995557752,http://place.map.kakao.com/2045036495,2026-09-30,Kakao Local keyword search
2046082429,night_food,요리주점,진미네,"음식점 > 술집 > 호프,요리주점",서울 중구 인현동2가 189-26,서울 중구 마른내로6길 34,126.995128545222,37.5627192914682,http://place.map.kakao.com/2046082429,2026-09-30,Kakao Local keyword search
2046871281,night_food,요리주점,역전할머니맥주 서울수락산점,"음식점 > 술집 > 호프,요리주점 > 역전할머니맥주",서울 노원구 상계동 1117-16,서울 노원구 동일로242가길 22,127.056043923583,37.6768143794465,http://place.map.kakao.com/2046871281,2026-09-30,Kakao Local keyword search
20530911,night_food,요리주점,진미파전전문,"음식점 > 술집 > 호프,요리주점",서울 중랑구 신내동 494-58,서울 중랑구 신내로 10,127.097242354962,37.6001678764692,http://place.map.kakao.com/20530911,2026-09-30,Kakao Local keyword search
2058942922,night_food,요리주점,연남주막1987,"음식점 > 술집 > 호프,요리주점",서울 마포구 동교동 152-15,서울 마포구 동교로 212-5,126.92393450942404,37.55932867526463,http://place.map.kakao.com/2058942922,2026-09-30,Kakao Local keyword search
2059984663,night_food,요리주점,고택,"음식점 > 술집 > 호프,요리주점",서울 용산구 한강로1가 231-13,서울 용산구 한강대로54길 27,126.973141984713,37.5325707187568,http://place.map.kakao.com/2059984663,2026-09-30,Kakao Local keyword search
20628635,night_food,요리주점,숯불 직화꼬치바베큐,"음식점 > 술집 > 호프,요리주점",서울 노원구 중계동 506,서울 노원구 동일로203가길 29,127.06461658827841,37.63955619993923,http://place.map.kakao.com/20628635,2026-09-30,Kakao Local keyword search
206352939,night_food,요리주점,동네술집 상봉점,"음식점 > 술집 > 호프,요리주점",서울 중랑구 상봉동 90-50,서울 중랑구 망우로50길 36,127.08920914791955,37.59551880193965,http://place.map.kakao.com/206352939,2026-09-30,Kakao Local keyword search
2074068365,night_food,요리주점,대취,"음식점 > 술집 > 호프,요리주점",서울 성동구 성수동2가 315-52,서울 성동구 연무장7가길 2,127.054650331948,37.5431172466415,http://place.map.kakao.com/2074068365,2026-09-30,Kakao Local keyword search
20749249,night_food,요리주점,전세계빈대떡,"음식점 > 술집 > 호프,요리주점",서울 노원구 상계동 591-2,서울 노원구 상계로1길 38-11,127.062108684512,37.6579376047053,http://place.map.kakao.com/20749249,2026-09-30,Kakao Local keyword search
2082611146,night_food,요리주점,코리아호프,"음식점 > 술집 > 호프,요리주점",서울 용산구 이태원동 168-1,서울 용산구 이태원로19길 9,126.991740612636,37.53489446249025,http://place.map.kakao.com/2082611146,2026-09-30,Kakao Local keyword search
2082640342,night_food,요리주점,역전할머니맥주 서울신천점,"음식점 > 술집 > 호프,요리주점 > 역전할머니맥주",서울 송파구 잠실동 192-10,서울 송파구 올림픽로10길 16,127.081087230817,37.5101956639708,http://place.map.kakao.com/2082640342,2026-09-30,Kakao Local keyword search
2084012311,night_food,요리주점,우아 여의도점,"음식점 > 술집 > 호프,요리주점",서울 영등포구 여의도동 35-5,서울 영등포구 여의나루로 42,126.92486429656,37.5215342235937,http://place.map.kakao.com/2084012311,2026-09-30,Kakao Local keyword search
2091976811,night_food,요리주점,을지맥옥,"음식점 > 술집 > 호프,요리주점",서울 중구 을지로3가 344-17,서울 중구 수표로 48-16,126.99072295632821,37.56546517417503,http://place.map.kakao.com/2091976811,2026-09-30,Kakao Local keyword search
20943788,night_food,요리주점,수상한꼬치&포차 석촌점,"음식점 > 술집 > 호프,요리주점",서울 송파구 석촌동 171-9,서울 송파구 백제고분로39길 11,127.10477710934028,37.5053719687262,http://place.map.kakao.com/20943788,2026-09-30,Kakao Local keyword search
2096523851,night_food,요리주점,록녹,"음식점 > 술집 > 호프,요리주점",서울 성북구 정릉동 289-50,서울 성북구 보국문로 92,127.00825775624,37.6123827234842,http://place.map.kakao.com/2096523851,2026-09-30,Kakao Local keyword search
2113079415,night_food,요리주점,몽당,"음식점 > 술집 > 호프,요리주점",서울 노원구 상계동 349-26,서울 노원구 노해로85길 10-33,127.065684045363,37.656468869485,http://place.map.kakao.com/2113079415,2026-09-30,Kakao Local keyword search
2118698954,night_food,요리주점,을지장만옥,"음식점 > 술집 > 호프,요리주점",서울 중구 을지로3가 323,서울 중구 을지로12길 12,126.99110334968651,37.565744602339784,http://place.map.kakao.com/2118698954,2026-09-30,Kakao Local keyword search
2120670699,night_food,요리주점,삼미당,"음식점 > 술집 > 호프,요리주점",경기 구리시 교문동 760-7,경기 구리시 이문안로5번길 15,127.131685873977,37.5925337137159,http://place.map.kakao.com/2120670699,2026-09-30,Kakao Local keyword search
21221437,night_food,요리주점,펀비어킹 강동암사역점,"음식점 > 술집 > 호프,요리주점 > 펀비어킹",서울 강동구 암사동 500-4,서울 강동구 올림픽로 790,127.128413264622,37.5514952169623,http://place.map.kakao.com/21221437,2026-09-30,Kakao Local keyword search
21235804,night_food,요리주점,이모네왕파전,"음식점 > 술집 > 호프,요리주점",서울 동대문구 휘경동 335-20,서울 동대문구 회기로28길 12-3,127.056077830055,37.5892385570598,http://place.map.kakao.com/21235804,2026-09-30,Kakao Local keyword search
2125656351,night_food,요리주점,역전할머니맥주 서울연신내역점,"음식점 > 술집 > 호프,요리주점 > 역전할머니맥주",서울 은평구 갈현동 400-20,서울 은평구 연서로29길 14-7,126.918841881043,37.6194071399058,http://place.map.kakao.com/2125656351,2026-09-30,Kakao Local keyword search
2127581564,night_food,요리주점,우정국,"음식점 > 술집 > 호프,요리주점",서울 송파구 방이동 93-7,서울 송파구 올림픽로32길 42-6,127.1105128951913,37.512685599889416,http://place.map.kakao.com/2127581564,2026-09-30,Kakao Local keyword search
212789525,night_food,요리주점,강원도곰배령막걸리,"음식점 > 술집 > 호프,요리주점",서울 중랑구 신내동 494-25,서울 중랑구 용마산로117길 40,127.09806107128995,37.60015548619765,http://place.map.kakao.com/212789525,2026-09-30,Kakao Local keyword search
2127919575,night_food,요리주점,주섬주섬,"음식점 > 술집 > 호프,요리주점",서울 마포구 서교동 358-136,서울 마포구 와우산로21길 36-12,126.922127995575,37.5529701505932,http://place.map.kakao.com/2127919575,2026-09-30,Kakao Local keyword search
2129858963,night_food,요리주점,용산오뎅,"음식점 > 술집 > 호프,요리주점",서울 용산구 한강로3가 40-426,서울 용산구 한강대로15길 28,126.963126580253,37.5264069676209,http://place.map.kakao.com/2129858963,2026-09-30,Kakao Local keyword search
2131717888,night_food,요리주점,태성골뱅이 성수점,"음식점 > 술집 > 호프,요리주점",서울 성동구 성수동1가 656-483,서울 성동구 왕십리로10길 8,127.045522154615,37.5468602649212,http://place.map.kakao.com/2131717888,2026-09-30,Kakao Local keyword search
21330772,night_food,요리주점,더블쪼끼,"음식점 > 술집 > 호프,요리주점",서울 은평구 역촌동 20-1,서울 은평구 역말로 70,126.918047901169,37.6059494246954,http://place.map.kakao.com/21330772,2026-09-30,Kakao Local keyword search
21393230,night_food,요리주점,느네집,"음식점 > 술집 > 호프,요리주점",서울 용산구 이태원동 73-3,서울 용산구 이태원로20가길 16,126.99303961753026,37.533480875791135,http://place.map.kakao.com/21393230,2026-09-30,Kakao Local keyword search
2141469738,night_food,요리주점,수작,"음식점 > 술집 > 호프,요리주점",서울 강동구 명일동 343-3,서울 강동구 상암로 201,127.14497735882154,37.54671606925158,http://place.map.kakao.com/2141469738,2026-09-30,Kakao Local keyword search
2142756986,night_food,요리주점,치킨주막 종암점,"음식점 > 술집 > 호프,요리주점",서울 성북구 종암동 3-558,서울 성북구 종암로21길 75,127.03205915875861,37.60159831574687,http://place.map.kakao.com/2142756986,2026-09-30,Kakao Local keyword search
2144461120,night_food,요리주점,종로빈대떡,"음식점 > 술집 > 호프,요리주점",서울 송파구 석촌동 279-7,서울 송파구 백제고분로40길 28,127.107373944576,37.5022918033073,http://place.map.kakao.com/2144461120,2026-09-30,Kakao Local keyword search
2145143173,night_food,요리주점,탭퍼블릭 여의도점,"음식점 > 술집 > 호프,요리주점",서울 영등포구 여의도동 23-6,서울 영등포구 의사당대로 83,126.923448400808,37.5233641514247,http://place.map.kakao.com/2145143173,2026-09-30,Kakao Local keyword search
21531332,night_food,요리주점,다사리아,"음식점 > 술집 > 호프,요리주점",서울 동대문구 전농동 103-285,서울 동대문구 전농로 239,127.052139272094,37.5851174199566,http://place.map.kakao.com/21531332,2026-09-30,Kakao Local keyword search
21801734,night_food,요리주점,폼프리츠 세종대점,"음식점 > 술집 > 호프,요리주점",서울 광진구 화양동 114-5,서울 광진구 능동로19길 41,127.071508669508,37.5472474307592,http://place.map.kakao.com/21801734,2026-09-30,Kakao Local keyword search
218523102,night_food,요리주점,주문,"음식점 > 술집 > 호프,요리주점",서울 마포구 합정동 369-18,서울 마포구 토정로 27-1,126.914044677203,37.5457367343772,http://place.map.kakao.com/218523102,2026-09-30,Kakao Local keyword search
22051474,night_food,요리주점,중독,"음식점 > 술집 > 호프,요리주점",서울 중랑구 상봉동 89-33,서울 중랑구 망우로50길 21,127.089233790991,37.5962422792258,http://place.map.kakao.com/22051474,2026-09-30,Kakao Local keyword search
222482199,night_food,요리주점,얼맥당 방학점,"음식점 > 술집 > 호프,요리주점",서울 도봉구 방학동 698-42,서울 도봉구 방학로4길 39,127.03913598666,37.6647390608635,http://place.map.kakao.com/222482199,2026-09-30,Kakao Local keyword search
22651524,night_food,요리주점,봉구비어 쌍문역점,"음식점 > 술집 > 호프,요리주점 > 봉구비어",서울 도봉구 쌍문동 103-17,서울 도봉구 우이천로24길 74,127.032502219921,37.6464709566816,http://place.map.kakao.com/22651524,2026-09-30,Kakao Local keyword search
22676778,night_food,요리주점,와쏘골뱅이탕 압구정본점,"음식점 > 술집 > 호프,요리주점",서울 강남구 논현동 64-1,서울 강남구 논현로150길 34,127.03123789983003,37.51968260848672,http://place.map.kakao.com/22676778,2026-09-30,Kakao Local keyword search
23556861,night_food,요리주점,호감,"음식점 > 술집 > 호프,요리주점",서울 도봉구 도봉동 622-80,서울 도봉구 도봉로152길 27,127.04531357959426,37.669476006783185,http://place.map.kakao.com/23556861,2026-09-30,Kakao Local keyword search
23976889,night_food,요리주점,홉쏘,"음식점 > 술집 > 호프,요리주점",서울 송파구 방이동 204-1,서울 송파구 위례성대로18길 21,127.125515044777,37.51030817908,http://place.map.kakao.com/23976889,2026-09-30,Kakao Local keyword search
24041867,night_food,요리주점,태성골뱅이신사,"음식점 > 술집 > 호프,요리주점",서울 영등포구 여의도동 45-14,서울 영등포구 국제금융로8길 27-9,126.92898723871025,37.51952483518687,http://place.map.kakao.com/24041867,2026-09-30,Kakao Local keyword search
24285110,night_food,요리주점,별난주점 쌍문역점,"음식점 > 술집 > 호프,요리주점",서울 도봉구 쌍문동 88-104,서울 도봉구 도봉로117길 5,127.034588478259,37.6493390947801,http://place.map.kakao.com/24285110,2026-09-30,Kakao Local keyword search
24528299,night_food,요리주점,백세주마을 종각점,"음식점 > 술집 > 호프,요리주점",서울 종로구 관철동 256,서울 종로구 우정국로2길 10,126.98364791949925,37.56943608582536,http://place.map.kakao.com/24528299,2026-09-30,Kakao Local keyword search
24540555,night_food,요리주점,오씨네술집,"음식점 > 술집 > 호프,요리주점",서울 은평구 녹번동 80-40,서울 은평구 서오릉로 60,126.9234124398443,37.606051235797956,http://place.map.kakao.com/24540555,2026-09-30,Kakao Local keyword search
24584237,night_food,요리주점,펫사운즈,"음식점 > 술집 > 호프,요리주점",서울 용산구 이태원동 278-8,서울 용산구 회나무로 21,126.98902909069119,37.539212736901064,http://place.map.kakao.com/24584237,2026-09-30,Kakao Local keyword search
24612832,night_food,요리주점,전대미문,"음식점 > 술집 > 호프,요리주점",경기 구리시 수택동 482-2,경기 구리시 원수택로64번길 9,127.14311084844671,37.59673885370119,http://place.map.kakao.com/24612832,2026-09-30,Kakao Local keyword search
247348403,night_food,요리주점,남도술상 수유역점,"음식점 > 술집 > 호프,요리주점",서울 강북구 수유동 191-25,서울 강북구 도봉로89길 5,127.02593432444,37.638884493787,http://place.map.kakao.com/247348403,2026-09-30,Kakao Local keyword search
250122602,night_food,요리주점,역전할머니맥주 서울상계역점,"음식점 > 술집 > 호프,요리주점 > 역전할머니맥주",서울 노원구 중계동 142-39,서울 노원구 한글비석로20길 29,127.073974485731,37.6605075677131,http://place.map.kakao.com/250122602,2026-09-30,Kakao Local keyword search
25068327,night_food,요리주점,조선주막 건대점,"음식점 > 술집 > 호프,요리주점",서울 광진구 화양동 5-59,서울 광진구 아차산로33길 28-4,127.070625063743,37.5414419239299,http://place.map.kakao.com/25068327,2026-09-30,Kakao Local keyword search
253837045,night_food,요리주점,잊힐리야 잠실새내,"음식점 > 술집 > 호프,요리주점",서울 송파구 잠실동 206-11,서울 송파구 백제고분로9길 48,127.084337556945,37.5099194826678,http://place.map.kakao.com/253837045,2026-09-30,Kakao Local keyword search
25415531,night_food,요리주점,볼트82,"음식점 > 술집 > 호프,요리주점",서울 강남구 청담동 95-15,서울 강남구 압구정로72길 22,127.044974910882,37.5250058050897,http://place.map.kakao.com/25415531,2026-09-30,Kakao Local keyword search
25449174,night_food,요리주점,봉구비어 검배사거리점,"음식점 > 술집 > 호프,요리주점 > 봉구비어",경기 구리시 수택동 589-3,경기 구리시 검배로84번길 7,127.14728898237367,37.59488037581085,http://place.map.kakao.com/25449174,2026-09-30,Kakao Local keyword search
25491052,night_food,요리주점,금나막스,"음식점 > 술집 > 호프,요리주점",서울 용산구 한강로2가 2-39,서울 용산구 한강대로39길 10,126.96885126753,37.5310397649277,http://place.map.kakao.com/25491052,2026-09-30,Kakao Local keyword search
25548090,night_food,요리주점,오땅비어 석촌역점,"음식점 > 술집 > 호프,요리주점",서울 송파구 송파동 16-1,서울 송파구 백제고분로41길 15,127.107708032717,37.5073380280238,http://place.map.kakao.com/25548090,2026-09-30,Kakao Local keyword search
25604039,night_food,요리주점,써스티몽크 서래마을점,"음식점 > 술집 > 호프,요리주점",서울 서초구 반포동 107-25,서울 서초구 사평대로20길 18,126.996892354158,37.4986257130235,http://place.map.kakao.com/25604039,2026-09-30,Kakao Local keyword search
260149239,night_food,요리주점,회장님댁 서울노원점,"음식점 > 술집 > 호프,요리주점",서울 노원구 상계동 332-3,서울 노원구 노해로81길 22-22,127.063757018144,37.6559113178506,http://place.map.kakao.com/260149239,2026-09-30,Kakao Local keyword search
260567791,night_food,요리주점,골목집,"음식점 > 술집 > 호프,요리주점",서울 강북구 미아동 773-9,서울 강북구 솔매로 73-4,127.020680188446,37.6250887343898,http://place.map.kakao.com/260567791,2026-09-30,Kakao Local keyword search
26068027,night_food,요리주점,영이호프,"음식점 > 술집 > 호프,요리주점",서울 서대문구 홍은동 409-47,서울 서대문구 거북골로 19-1,126.925190291359,37.5802074297777,http://place.map.kakao.com/26068027,2026-09-30,Kakao Local keyword search
261249629,night_food,요리주점,몽월,"음식점 > 술집 > 호프,요리주점",서울 동대문구 장안동 417-5,서울 동대문구 천호대로83길 3,127.064141416909,37.5625379874516,http://place.map.kakao.com/261249629,2026-09-30,Kakao Local keyword search
261403419,night_food,요리주점,인생술집,"음식점 > 술집 > 호프,요리주점",경기 남양주시 별내동 1094,경기 남양주시 별내5로5번길 8-14,127.113766466598,37.6506984466789,http://place.map.kakao.com/261403419,2026-09-30,Kakao Local keyword search
26330704,night_food,요리주점,데블스도어 센트럴시티점,"음식점 > 술집 > 호프,요리주점",서울 서초구 반포동 118-3,서울 서초구 사평대로 205,127.00894597828004,37.504938763158854,http://place.map.kakao.com/26330704,2026-09-30,Kakao Local keyword search
263405062,night_food,요리주점,금별맥주 종로평창점,"음식점 > 술집 > 호프,요리주점 > 금별맥주",서울 종로구 평창동 289-5,서울 종로구 평창문화로 29,126.964741298291,37.604891423765,http://place.map.kakao.com/263405062,2026-09-30,Kakao Local keyword search
264690360,night_food,요리주점,불마차,"음식점 > 술집 > 호프,요리주점",서울 송파구 방이동 93-6,서울 송파구 올림픽로32길 42,127.110595686455,37.5128359900173,http://place.map.kakao.com/264690360,2026-09-30,Kakao Local keyword search
26619847,night_food,요리주점,봉구비어 굽은다리역점,"음식점 > 술집 > 호프,요리주점 > 봉구비어",서울 강동구 천호동 34-19,서울 강동구 상암로 179,127.142386457426,37.5463651295356,http://place.map.kakao.com/26619847,2026-09-30,Kakao Local keyword search
26620289,night_food,요리주점,봉구비어 남양주별내카페거리점,"음식점 > 술집 > 호프,요리주점 > 봉구비어",경기 남양주시 별내동 953-4,경기 남양주시 두물로39번길 31,127.127795203864,37.6586379517715,http://place.map.kakao.com/26620289,2026-09-30,Kakao Local keyword search
267015467,night_food,요리주점,금별맥주 응암점,"음식점 > 술집 > 호프,요리주점 > 금별맥주",서울 은평구 응암동 87-18,서울 은평구 응암로 338,126.92260092770351,37.60120608282793,http://place.map.kakao.com/267015467,2026-09-30,Kakao Local keyword search
26925152,night_food,요리주점,오스카,"음식점 > 술집 > 호프,요리주점",서울 강남구 삼성동 148-13,서울 강남구 삼성로104길 21,127.056422094239,37.511255185796,http://place.map.kakao.com/26925152,2026-09-30,Kakao Local keyword search
26977956,night_food,요리주점,골뱅이나라 청량리역 1호점,"음식점 > 술집 > 호프,요리주점",서울 동대문구 청량리동 281,서울 동대문구 홍릉로 8,127.0451353717632,37.58100366723335,http://place.map.kakao.com/26977956,2026-09-30,Kakao Local keyword search
26985002,night_food,요리주점,치치 노원역점,"음식점 > 술집 > 호프,요리주점",서울 노원구 상계동 332-3,서울 노원구 노해로81길 22-22,127.063820455802,37.6558824521189,http://place.map.kakao.com/26985002,2026-09-30,Kakao Local keyword search
27008882,night_food,요리주점,육미,"음식점 > 술집 > 호프,요리주점",서울 종로구 인사동 255-5,서울 종로구 종로9길 18,126.98441052115909,37.57101653487868,http://place.map.kakao.com/27008882,2026-09-30,Kakao Local keyword search
27009203,night_food,요리주점,수표교호프,"음식점 > 술집 > 호프,요리주점",서울 중구 을지로3가 5-16,서울 중구 충무로9길 39,126.99026789251187,37.566688780222826,http://place.map.kakao.com/27009203,2026-09-30,Kakao Local keyword search
27102086,night_food,요리주점,동표골뱅이 1호점,"음식점 > 술집 > 호프,요리주점",서울 용산구 신계동 32-5,서울 용산구 새창로45길 5,126.96270057812563,37.5344987276006,http://place.map.kakao.com/27102086,2026-09-30,Kakao Local keyword search
27117874,night_food,요리주점,기와탭룸,"음식점 > 술집 > 호프,요리주점",서울 종로구 소격동 158-4,서울 종로구 율곡로1길 74-7,126.98168625791793,37.57868360829965,http://place.map.kakao.com/27117874,2026-09-30,Kakao Local keyword search
27133746,night_food,요리주점,주빌리호프,"음식점 > 술집 > 호프,요리주점",서울 중랑구 망우동 489-16,서울 중랑구 송림길 6,127.095655985656,37.5993907170232,http://place.map.kakao.com/27133746,2026-09-30,Kakao Local keyword search
27136565,night_food,요리주점,술선생의하루,"음식점 > 술집 > 호프,요리주점",경기 구리시 수택동 424-9,경기 구리시 안골로103번길 16,127.142381095461,37.5982515983318,http://place.map.kakao.com/27136565,2026-09-30,Kakao Local keyword search
272014898,night_food,요리주점,몽마르지호프,"음식점 > 술집 > 호프,요리주점",경기 남양주시 별내동 824-2,경기 남양주시 덕송1로55번길 20,127.117541103547,37.667247574864,http://place.map.kakao.com/272014898,2026-09-30,Kakao Local keyword search
27224016,night_food,요리주점,비어셀러,"음식점 > 술집 > 호프,요리주점",서울 노원구 공릉동 208-5,서울 노원구 공릉로 198,127.07860892665,37.6274312540795,http://place.map.kakao.com/27224016,2026-09-30,Kakao Local keyword search
27246805,night_food,요리주점,옛날감자전,"음식점 > 술집 > 호프,요리주점",서울 용산구 남영동 33-2,서울 용산구 한강대로84길 11-9,126.973118659879,37.5439683665848,http://place.map.kakao.com/27246805,2026-09-30,Kakao Local keyword search
27251184,night_food,요리주점,다락방호프,"음식점 > 술집 > 호프,요리주점",서울 중랑구 망우동 490-26,서울 중랑구 용마산로115길 60,127.097027360668,37.5985498743069,http://place.map.kakao.com/27251184,2026-09-30,Kakao Local keyword search
27264225,night_food,요리주점,월간우주,"음식점 > 술집 > 호프,요리주점",서울 송파구 잠실동 201-16,서울 송파구 백제고분로7길 24-30,127.0817772931609,37.50927075773409,http://place.map.kakao.com/27264225,2026-09-30,Kakao Local keyword search
27281033,night_food,요리주점,시골토종막걸리 신천점,"음식점 > 술집 > 호프,요리주점",서울 송파구 잠실동 207-14,서울 송파구 석촌호수로12길 12,127.08519854656909,37.50915661507252,http://place.map.kakao.com/27281033,2026-09-30,Kakao Local keyword search
27290495,night_food,요리주점,초심,"음식점 > 술집 > 호프,요리주점",경기 구리시 토평동 965-5,경기 구리시 이문안로 150,127.148000960992,37.5907484407588,http://place.map.kakao.com/27290495,2026-09-30,Kakao Local keyword search
27296186,night_food,요리주점,요술포차 역삼점,"음식점 > 술집 > 호프,요리주점",서울 강남구 역삼동 647-13,서울 강남구 테헤란로19길 5,127.03353238545199,37.50040769003451,http://place.map.kakao.com/27296186,2026-09-30,Kakao Local keyword search
27325252,night_food,요리주점,휘스펍,"음식점 > 술집 > 호프,요리주점",서울 강동구 성내동 416-28,서울 강동구 풍성로58길 12,127.135496472752,37.5283964895757,http://place.map.kakao.com/27325252,2026-09-30,Kakao Local keyword search
27342018,night_food,요리주점,서울지짐이,"음식점 > 술집 > 호프,요리주점",서울 은평구 대조동 12-6,서울 은평구 불광로 15,126.92789223595577,37.609956243110794,http://place.map.kakao.com/27342018,2026-09-30,Kakao Local keyword search
27364307,night_food,요리주점,든든,"음식점 > 술집 > 호프,요리주점",서울 마포구 서교동 396-24,서울 마포구 양화로6길 57-7,126.91753653619276,37.54901525559847,http://place.map.kakao.com/27364307,2026-09-30,Kakao Local keyword search
27382868,night_food,요리주점,청담동말자싸롱 남양주별내1호점,"음식점 > 술집 > 호프,요리주점",경기 남양주시 별내동 1093-2,경기 남양주시 별내5로5번길 4-79,127.114278976579,37.6509033753485,http://place.map.kakao.com/27382868,2026-09-30,Kakao Local keyword search
27391060,night_food,요리주점,슈타인도르프,"음식점 > 술집 > 호프,요리주점",서울 송파구 방이동 69-1,서울 송파구 오금로15길 11,127.109394590905,37.5129190998546,http://place.map.kakao.com/27391060,2026-09-30,Kakao Local keyword search
27392876,night_food,요리주점,성수스타우트,"음식점 > 술집 > 호프,요리주점",서울 성동구 성수동1가 656-938,서울 성동구 왕십리로5길 12-1,127.044345393817,37.5470409124964,http://place.map.kakao.com/27392876,2026-09-30,Kakao Local keyword search
27395736,night_food,요리주점,29PUB 1호점,"음식점 > 술집 > 호프,요리주점",서울 강남구 역삼동 817-8,서울 강남구 테헤란로1길 28-1,127.027657318218,37.5003272200562,http://place.map.kakao.com/27395736,2026-09-30,Kakao Local keyword search
27413313,night_food,요리주점,하이뮤직타운,"음식점 > 술집 > 호프,요리주점",서울 송파구 방이동 34-7,서울 송파구 올림픽로32길 10-1,127.10889327217551,37.51508557564108,http://place.map.kakao.com/27413313,2026-09-30,Kakao Local keyword search
27440826,night_food,요리주점,2000비어&포차 노원점,"음식점 > 술집 > 호프,요리주점",서울 노원구 상계동 602-10,서울 노원구 상계로1길 14-33,127.062098924836,37.6571051025803,http://place.map.kakao.com/27440826,2026-09-30,Kakao Local keyword search
27500875,night_food,요리주점,전하시오,"음식점 > 술집 > 호프,요리주점",경기 구리시 수택동 515-14,경기 구리시 검배로15번길 26,127.143388390051,37.5991585771013,http://place.map.kakao.com/27500875,2026-09-30,Kakao Local keyword search
27501802,night_food,요리주점,커피파는술집,"음식점 > 술집 > 호프,요리주점",서울 노원구 상계동 349-28,서울 노원구 노해로85길 15-7,127.06550943477464,37.65636895757019,http://place.map.kakao.com/27501802,2026-09-30,Kakao Local keyword search
27587532,night_food,요리주점,나즈드라비 본점,"음식점 > 술집 > 호프,요리주점",서울 강남구 역삼동 817-15,서울 강남구 테헤란로1길 28-6,127.02798751037518,37.50024424973272,http://place.map.kakao.com/27587532,2026-09-30,Kakao Local keyword search
276581354,night_food,요리주점,다이닝랑만,"음식점 > 술집 > 호프,요리주점",서울 송파구 방이동 59-6,서울 송파구 오금로11길 30-10,127.110540864682,37.5147777040429,http://place.map.kakao.com/276581354,2026-09-30,Kakao Local keyword search
281596702,night_food,요리주점,독보,"음식점 > 술집 > 호프,요리주점",서울 성동구 성수동1가 13-137,서울 성동구 상원길 50-15,127.04863306269,37.5488015779047,http://place.map.kakao.com/281596702,2026-09-30,Kakao Local keyword search
282387232,night_food,요리주점,구산랜드,"음식점 > 술집 > 호프,요리주점",서울 은평구 갈현동 469-5,서울 은평구 서오릉로 168,126.91489402629291,37.61279110597739,http://place.map.kakao.com/282387232,2026-09-30,Kakao Local keyword search
289739097,night_food,요리주점,갓생맥주 노원직영점,"음식점 > 술집 > 호프,요리주점 > 갓생맥주",서울 노원구 상계동 616-6,서울 노원구 노해로81길 12-4,127.06315598495081,37.655430516682344,http://place.map.kakao.com/289739097,2026-09-30,Kakao Local keyword search
294702857,night_food,요리주점,베이비기네스,"음식점 > 술집 > 호프,요리주점",서울 강남구 삼성동 162-22,서울 강남구 봉은사로108길 5,127.063763089119,37.5143581130081,http://place.map.kakao.com/294702857,2026-09-30,Kakao Local keyword search
30643915,night_food,요리주점,술to,"음식점 > 술집 > 호프,요리주점",경기 남양주시 퇴계원읍 퇴계원리 292-18,경기 남양주시 퇴계원읍 퇴계원로36번길 3,127.141708467856,37.6501699479144,http://place.map.kakao.com/30643915,2026-09-30,Kakao Local keyword search
310634972,night_food,요리주점,크라운호프 석계역점,"음식점 > 술집 > 호프,요리주점 > 크라운호프",서울 성북구 석관동 384-23,서울 성북구 화랑로40길 43,127.064015335864,37.6135756776167,http://place.map.kakao.com/310634972,2026-09-30,Kakao Local keyword search
311001047,night_food,요리주점,역전할머니맥주 서울미아사거리점,"음식점 > 술집 > 호프,요리주점 > 역전할머니맥주",서울 강북구 미아동 55-20,서울 강북구 도봉로10가길 15,127.03134824650543,37.613000531070206,http://place.map.kakao.com/311001047,2026-09-30,Kakao Local keyword search
313338043,night_food,요리주점,합정구락부,"음식점 > 술집 > 호프,요리주점",서울 마포구 서교동 380-12,서울 마포구 잔다리로7안길 31,126.915938243454,37.5524144954726,http://place.map.kakao.com/313338043,2026-09-30,Kakao Local keyword search
315861435,night_food,요리주점,이웃집영준이,"음식점 > 술집 > 호프,요리주점",서울 용산구 갈월동 88-33,서울 용산구 한강대로87길 7-6,126.971496007775,37.5439553720513,http://place.map.kakao.com/315861435,2026-09-30,Kakao Local keyword search
317239365,night_food,요리주점,금별맥주 묵동자이점,"음식점 > 술집 > 호프,요리주점 > 금별맥주",서울 중랑구 묵동 170-1,서울 중랑구 동일로 932,127.077557139488,37.6138396533231,http://place.map.kakao.com/317239365,2026-09-30,Kakao Local keyword search
323131544,night_food,요리주점,카바나,"음식점 > 술집 > 호프,요리주점",서울 강동구 암사동 469-10,서울 강동구 암사길 21,127.13165688059978,37.55163220046479,http://place.map.kakao.com/323131544,2026-09-30,Kakao Local keyword search
32456466,night_food,요리주점,감칠,"음식점 > 술집 > 호프,요리주점",서울 광진구 군자동 474-28,서울 광진구 능동로31길 22,127.07743153079143,37.55601581208198,http://place.map.kakao.com/32456466,2026-09-30,Kakao Local keyword search
33250400,night_food,요리주점,우야재,"음식점 > 술집 > 호프,요리주점",서울 중구 신당동 368-21,서울 중구 다산로 101-4,127.009384083048,37.553438747465,http://place.map.kakao.com/33250400,2026-09-30,Kakao Local keyword search
33565585,night_food,요리주점,루맨틱,"음식점 > 술집 > 호프,요리주점",서울 노원구 공릉동 644-17,서울 노원구 공릉로 104,127.078238256701,37.6196397647827,http://place.map.kakao.com/33565585,2026-09-30,Kakao Local keyword search
336075805,night_food,요리주점,진정,"음식점 > 술집 > 호프,요리주점",서울 동대문구 답십리동 530-15,서울 동대문구 고미술로 71,127.055151614833,37.5661627317362,http://place.map.kakao.com/336075805,2026-09-30,Kakao Local keyword search
337865104,night_food,요리주점,따세비어,"음식점 > 술집 > 호프,요리주점",경기 구리시 교문동 755,경기 구리시 안골로8번길 67,127.132907873443,37.5945866039413,http://place.map.kakao.com/337865104,2026-09-30,Kakao Local keyword search
355920905,night_food,요리주점,맥주정원,"음식점 > 술집 > 호프,요리주점",서울 성북구 정릉동 292-12,서울 성북구 솔샘로 73-8,127.007633788683,37.6132900612851,http://place.map.kakao.com/355920905,2026-09-30,Kakao Local keyword search
371809948,night_food,요리주점,금별맥주 도봉점,"음식점 > 술집 > 호프,요리주점 > 금별맥주",서울 도봉구 도봉동 63,서울 도봉구 도봉로180나길 19,127.04841902945523,37.68306424015816,http://place.map.kakao.com/371809948,2026-09-30,Kakao Local keyword search
373708764,night_food,요리주점,르템플,"음식점 > 술집 > 호프,요리주점",서울 중구 을지로3가 295-3,서울 중구 충무로7길 2,126.99241632579671,37.565897863309246,http://place.map.kakao.com/373708764,2026-09-30,Kakao Local keyword search
373769329,night_food,요리주점,역전할머니맥주 별내로데오점,"음식점 > 술집 > 호프,요리주점 > 역전할머니맥주",경기 남양주시 별내동 1022-2,경기 남양주시 별내중앙로57번길 19-9,127.122876204099,37.6473376538196,http://place.map.kakao.com/373769329,2026-09-30,Kakao Local keyword search
37599809,night_food,요리주점,라스트춘선 방이점,"음식점 > 술집 > 호프,요리주점",서울 송파구 방이동 71-11,서울 송파구 오금로15길 12,127.109660007946,37.5126530576323,http://place.map.kakao.com/37599809,2026-09-30,Kakao Local keyword search
383800378,night_food,요리주점,금별맥주 상봉점,"음식점 > 술집 > 호프,요리주점 > 금별맥주",서울 중랑구 상봉동 89-10,서울 중랑구 봉우재로33길 85,127.08971338699057,37.59580853891568,http://place.map.kakao.com/383800378,2026-09-30,Kakao Local keyword search
385058943,night_food,요리주점,코너펍,"음식점 > 술집 > 호프,요리주점",서울 마포구 서교동 364-6,서울 마포구 와우산로19길 16,126.922272280933,37.5513412413991,http://place.map.kakao.com/385058943,2026-09-30,Kakao Local keyword search
390038812,night_food,요리주점,불나방,"음식점 > 술집 > 호프,요리주점",서울 마포구 서교동 327-43,서울 마포구 와우산로29길 4-26,126.929611122759,37.5550002914939,http://place.map.kakao.com/390038812,2026-09-30,Kakao Local keyword search
397843588,night_food,요리주점,콘콘,"음식점 > 술집 > 호프,요리주점",서울 강북구 미아동 75-68,서울 강북구 오패산로31길 46,127.031440224967,37.6135645255596,http://place.map.kakao.com/397843588,2026-09-30,Kakao Local keyword search
4056475,night_food,요리주점,시묵,"음식점 > 술집 > 호프,요리주점",서울 은평구 갈현동 483-4,서울 은평구 연서로27길 13-8,126.917492339736,37.6178033468392,http://place.map.kakao.com/4056475,2026-09-30,Kakao Local keyword search
406136454,night_food,요리주점,비어할레 을지점,"음식점 > 술집 > 호프,요리주점",서울 중구 다동 97,서울 중구 을지로3길 34,126.98147957146772,37.567582417554796,http://place.map.kakao.com/406136454,2026-09-30,Kakao Local keyword search
412620333,night_food,요리주점,해피디쉬클럽,"음식점 > 술집 > 호프,요리주점",서울 동대문구 전농동 152-11,서울 동대문구 서울시립대로 164,127.05482347071,37.5832925936962,http://place.map.kakao.com/412620333,2026-09-30,Kakao Local keyword search
414703972,night_food,요리주점,히솝,"음식점 > 술집 > 호프,요리주점",서울 강북구 미아동 55-37,서울 강북구 도봉로10가길 16-4,127.03115903605325,37.61284380912634,http://place.map.kakao.com/414703972,2026-09-30,Kakao Local keyword search
421042962,night_food,요리주점,김복남맥주 공릉점,"음식점 > 술집 > 호프,요리주점 > 김복남맥주",서울 노원구 공릉동 653-3,서울 노원구 화랑로 463,127.078649891195,37.6190033938615,http://place.map.kakao.com/421042962,2026-09-30,Kakao Local keyword search
423297596,night_food,요리주점,뻔뻔,"음식점 > 술집 > 호프,요리주점",서울 중랑구 묵동 250-17,서울 중랑구 동일로149길 15,127.07701031846504,37.60637711895178,http://place.map.kakao.com/423297596,2026-09-30,Kakao Local keyword search
426302862,night_food,요리주점,짱구야학교가자 건대점,"음식점 > 술집 > 호프,요리주점",서울 광진구 화양동 9-9,서울 광진구 아차산로31길 19,127.069557443606,37.5420191973442,http://place.map.kakao.com/426302862,2026-09-30,Kakao Local keyword search
440600208,night_food,요리주점,청담부엌,"음식점 > 술집 > 호프,요리주점",서울 강북구 미아동 55-17,서울 강북구 도봉로10가길 5-4,127.031086750136,37.6133258571935,http://place.map.kakao.com/440600208,2026-09-30,Kakao Local keyword search
445770790,night_food,요리주점,라파,"음식점 > 술집 > 호프,요리주점",서울 강동구 천호동 452-15,서울 강동구 천호대로159길 22-24,127.12830714054034,37.53843805972228,http://place.map.kakao.com/445770790,2026-09-30,Kakao Local keyword search
44763750,night_food,요리주점,연주방,"음식점 > 술집 > 호프,요리주점",서울 마포구 연남동 387-19,서울 마포구 동교로46길 7,126.925366266672,37.5626921983887,http://place.map.kakao.com/44763750,2026-09-30,Kakao Local keyword search
449513382,night_food,요리주점,금잔화,"음식점 > 술집 > 호프,요리주점",서울 강북구 미아동 52-12,서울 강북구 월계로7길 43,127.03344543153312,37.61210797635654,http://place.map.kakao.com/449513382,2026-09-30,Kakao Local keyword search
450021877,night_food,요리주점,술잔에타,"음식점 > 술집 > 호프,요리주점",서울 노원구 공릉동 440-11,서울 노원구 공릉로51길 7,127.076758161827,37.6287947638659,http://place.map.kakao.com/450021877,2026-09-30,Kakao Local keyword search
450038952,night_food,요리주점,별난아재맥주 서울화계점,"음식점 > 술집 > 호프,요리주점 > 별난아재맥주",서울 강북구 수유동 119-5,서울 강북구 덕릉로 41,127.018159744233,37.6344431885551,http://place.map.kakao.com/450038952,2026-09-30,Kakao Local keyword search
453009370,night_food,요리주점,펍 또랑,"음식점 > 술집 > 호프,요리주점",서울 성북구 길음동 21-71,서울 성북구 동소문로47길 12,127.02895345642892,37.60888542460094,http://place.map.kakao.com/453009370,2026-09-30,Kakao Local keyword search
453314296,night_food,요리주점,오라이 논현본점,"음식점 > 술집 > 호프,요리주점",서울 강남구 논현동 166-6,서울 강남구 강남대로122길 22,127.024805498558,37.5081098374447,http://place.map.kakao.com/453314296,2026-09-30,Kakao Local keyword search
454296666,night_food,요리주점,서울전집,"음식점 > 술집 > 호프,요리주점",서울 은평구 대조동 185-14,서울 은평구 연서로28길 9,126.92117118029604,37.617895059494586,http://place.map.kakao.com/454296666,2026-09-30,Kakao Local keyword search
455541275,night_food,요리주점,공릉동놀러오새우,"음식점 > 술집 > 호프,요리주점",서울 노원구 공릉동 338-9,서울 노원구 공릉로 143,127.07916815699328,37.62279620428444,http://place.map.kakao.com/455541275,2026-09-30,Kakao Local keyword search
455859409,night_food,요리주점,낙원스낵 노원점,"음식점 > 술집 > 호프,요리주점",서울 노원구 상계동 331-8,서울 노원구 노해로81길 12-20,127.064046828307,37.6555579758557,http://place.map.kakao.com/455859409,2026-09-30,Kakao Local keyword search
456923820,night_food,요리주점,느린마을양조장 홍대점,"음식점 > 술집 > 호프,요리주점 > 느린마을양조장",서울 마포구 서교동 355-1,서울 마포구 홍익로5안길 14,126.921853034046,37.5540151262956,http://place.map.kakao.com/456923820,2026-09-30,Kakao Local keyword search
457388695,night_food,요리주점,1979라이브펍 2호점,"음식점 > 술집 > 호프,요리주점",서울 용산구 한강로2가 2-194,서울 용산구 새창로 213-9,126.967647657573,37.530664624771,http://place.map.kakao.com/457388695,2026-09-30,Kakao Local keyword search
465926497,night_food,요리주점,늘솜,"음식점 > 술집 > 호프,요리주점",서울 중랑구 신내동 409-4,서울 중랑구 봉화산로54길 36,127.09795591435318,37.60632104803527,http://place.map.kakao.com/465926497,2026-09-30,Kakao Local keyword search
471632614,night_food,요리주점,차차차,"음식점 > 술집 > 호프,요리주점",서울 강동구 암사동 476-30,서울 강동구 구천면로 347,127.137298773441,37.5500499299465,http://place.map.kakao.com/471632614,2026-09-30,Kakao Local keyword search
476596904,night_food,요리주점,화령,"음식점 > 술집 > 호프,요리주점",서울 마포구 연남동 229-33,서울 마포구 동교로 261,126.92495386399,37.5631027912861,http://place.map.kakao.com/476596904,2026-09-30,Kakao Local keyword search
478360598,night_food,요리주점,신사전,"음식점 > 술집 > 호프,요리주점",서울 강남구 신사동 536-3,서울 강남구 도산대로11길 18,127.0226382438624,37.518605168024436,http://place.map.kakao.com/478360598,2026-09-30,Kakao Local keyword search
488725752,night_food,요리주점,주점인심,"음식점 > 술집 > 호프,요리주점",경기 구리시 수택동 404-9,경기 구리시 검배로6번길 14,127.14084690787902,37.600153627557305,http://place.map.kakao.com/488725752,2026-09-30,Kakao Local keyword search
49406618,night_food,요리주점,아모,"음식점 > 술집 > 호프,요리주점",서울 은평구 대조동 15-105,서울 은평구 통일로65길 17,126.92891932487531,37.60891532267818,http://place.map.kakao.com/49406618,2026-09-30,Kakao Local keyword search
494988677,night_food,요리주점,기슭,"음식점 > 술집 > 호프,요리주점",서울 은평구 불광동 426-9,서울 은평구 연서로38길 4-2,126.927153573564,37.6218064873894,http://place.map.kakao.com/494988677,2026-09-30,Kakao Local keyword search
495001314,night_food,요리주점,민지네,"음식점 > 술집 > 호프,요리주점",서울 강북구 수유동 190-63,서울 강북구 한천로139가길 18,127.02538868701056,37.64025861420985,http://place.map.kakao.com/495001314,2026-09-30,Kakao Local keyword search
497236037,night_food,요리주점,삿포로프리미엄비어스탠드,"음식점 > 술집 > 호프,요리주점",서울 성동구 성수동2가 302-8,서울 성동구 연무장5길 9-16,127.052651814064,37.5444336136653,http://place.map.kakao.com/497236037,2026-09-30,Kakao Local keyword search
498526013,night_food,요리주점,은평맥주,"음식점 > 술집 > 호프,요리주점",서울 은평구 갈현동 398-3,서울 은평구 연서로29길 8-10,126.919802722372,37.6191185797911,http://place.map.kakao.com/498526013,2026-09-30,Kakao Local keyword search
503379104,night_food,요리주점,맥주맛을아는남자,"음식점 > 술집 > 호프,요리주점",서울 도봉구 방학동 736,서울 도봉구 방학로 210,127.02875650602697,37.66209316355748,http://place.map.kakao.com/503379104,2026-09-30,Kakao Local keyword search
504236629,night_food,요리주점,왕스펍,"음식점 > 술집 > 호프,요리주점",서울 강남구 역삼동 619-28,서울 강남구 강남대로98길 11,127.02750369810458,37.5008246112399,http://place.map.kakao.com/504236629,2026-09-30,Kakao Local keyword search
505819281,night_food,요리주점,부엉이산장 강남점,"음식점 > 술집 > 호프,요리주점 > 부엉이산장",서울 강남구 역삼동 817,서울 강남구 테헤란로1길 28-11,127.028264699005,37.5005577338375,http://place.map.kakao.com/505819281,2026-09-30,Kakao Local keyword search
509331238,night_food,요리주점,용산주가,"음식점 > 술집 > 호프,요리주점",서울 용산구 남영동 33-1,서울 용산구 한강대로84길 11-11,126.973117513761,37.5440089112957,http://place.map.kakao.com/509331238,2026-09-30,Kakao Local keyword search
511017850,night_food,요리주점,국민맥주 북창점,"음식점 > 술집 > 호프,요리주점",서울 중구 북창동 18-4,서울 중구 남대문로1길 46,126.97752144157351,37.56320198819949,http://place.map.kakao.com/511017850,2026-09-30,Kakao Local keyword search
512868684,night_food,요리주점,웜비어위캔드,"음식점 > 술집 > 호프,요리주점",서울 중구 주교동 125-2,서울 중구 청계천로 184,126.998185511182,37.5686380212742,http://place.map.kakao.com/512868684,2026-09-30,Kakao Local keyword search
521927200,night_food,요리주점,주무대,"음식점 > 술집 > 호프,요리주점",서울 마포구 상수동 336-15,서울 마포구 와우산로3길 32,126.92121420467,37.5459309453573,http://place.map.kakao.com/521927200,2026-09-30,Kakao Local keyword search
523557997,night_food,요리주점,용용선생 한양대점,"음식점 > 술집 > 호프,요리주점",서울 성동구 행당동 19-7,서울 성동구 마조로3가길 15,127.039911495549,37.5592780464,http://place.map.kakao.com/523557997,2026-09-30,Kakao Local keyword search
524793376,night_food,요리주점,역전할머니맥주 다산신도시점,"음식점 > 술집 > 호프,요리주점 > 역전할머니맥주",경기 남양주시 다산동 6058,경기 남양주시 다산중앙로123번길 22-30,127.15203640994739,37.62526920202576,http://place.map.kakao.com/524793376,2026-09-30,Kakao Local keyword search
526455840,night_food,요리주점,술속의밤 명일점,"음식점 > 술집 > 호프,요리주점 > 술속의밤",서울 강동구 명일동 312-50,서울 강동구 양재대로145길 22,127.142748132491,37.5520707123805,http://place.map.kakao.com/526455840,2026-09-30,Kakao Local keyword search
53292101,night_food,요리주점,퀸스호프 퇴계원점,"음식점 > 술집 > 호프,요리주점",경기 남양주시 퇴계원읍 퇴계원리 255-15,경기 남양주시 퇴계원읍 퇴계원공원1길 3,127.14231311754268,37.65052150416947,http://place.map.kakao.com/53292101,2026-09-30,Kakao Local keyword search
534539976,night_food,요리주점,잭스바,"음식점 > 술집 > 호프,요리주점",서울 용산구 이태원동 116-17,서울 용산구 이태원로27가길 52,126.992405873414,37.5350512812788,http://place.map.kakao.com/534539976,2026-09-30,Kakao Local keyword search
53912979,night_food,요리주점,호프테라스,"음식점 > 술집 > 호프,요리주점",서울 강북구 수유동 680-18,서울 강북구 노해로 111,127.023810857425,37.6452675147081,http://place.map.kakao.com/53912979,2026-09-30,Kakao Local keyword search
539543187,night_food,요리주점,안주가 다산역점,"음식점 > 술집 > 호프,요리주점 > 안주가",경기 남양주시 다산동 6060,경기 남양주시 다산중앙로123번길 22-8,127.15103077517,37.6242893194673,http://place.map.kakao.com/539543187,2026-09-30,Kakao Local keyword search
542728015,night_food,요리주점,그럴연,"음식점 > 술집 > 호프,요리주점",서울 중랑구 상봉동 90-16,서울 중랑구 망우로48길 27-8,127.088839193397,37.595788477347,http://place.map.kakao.com/542728015,2026-09-30,Kakao Local keyword search
544334420,night_food,요리주점,마실자리,"음식점 > 술집 > 호프,요리주점",서울 노원구 공릉동 350-102,서울 노원구 공릉로39길 28,127.078043078626,37.6236366736943,http://place.map.kakao.com/544334420,2026-09-30,Kakao Local keyword search
549341671,night_food,요리주점,검정고무신 수유점,"음식점 > 술집 > 호프,요리주점",서울 강북구 수유동 279-5,서울 강북구 삼양로139길 5,127.013248843398,37.64919205618,http://place.map.kakao.com/549341671,2026-09-30,Kakao Local keyword search
549520354,night_food,요리주점,사람사는이야기 강남점,"음식점 > 술집 > 호프,요리주점",서울 서초구 서초동 1308-16,서울 서초구 강남대로65길 12,127.02470456292374,37.5004107670058,http://place.map.kakao.com/549520354,2026-09-30,Kakao Local keyword search
550266019,night_food,요리주점,유유자적,"음식점 > 술집 > 호프,요리주점",서울 용산구 한강로3가 40-141,서울 용산구 한강대로15길 12,126.963848541802,37.5260017398933,http://place.map.kakao.com/550266019,2026-09-30,Kakao Local keyword search
558468898,night_food,요리주점,얼맥당 별내점,"음식점 > 술집 > 호프,요리주점",경기 남양주시 별내동 1096-6,경기 남양주시 별내5로5번길 4-20,127.114554719221,37.65041297337,http://place.map.kakao.com/558468898,2026-09-30,Kakao Local keyword search
55961466,night_food,요리주점,크라운호프 미아사거리점,"음식점 > 술집 > 호프,요리주점 > 크라운호프",서울 강북구 미아동 860-187,서울 강북구 도봉로10길 6,127.030730934491,37.6128979807134,http://place.map.kakao.com/55961466,2026-09-30,Kakao Local keyword search
559656705,night_food,요리주점,또또,"음식점 > 술집 > 호프,요리주점",서울 서대문구 연희동 684,서울 서대문구 홍제천로6길 2,126.924822180243,37.5736263345764,http://place.map.kakao.com/559656705,2026-09-30,Kakao Local keyword search
563864567,night_food,요리주점,역전할머니맥주 구리돌다리점,"음식점 > 술집 > 호프,요리주점 > 역전할머니맥주",경기 구리시 수택동 374-11,경기 구리시 체육관로172번길 30,127.137790874278,37.5997238587208,http://place.map.kakao.com/563864567,2026-09-30,Kakao Local keyword search
565712525,night_food,요리주점,서울브루어리 성수,"음식점 > 술집 > 호프,요리주점",서울 성동구 성수동2가 310-53,서울 성동구 연무장길 28-12,127.052284233836,37.5430696640012,http://place.map.kakao.com/565712525,2026-09-30,Kakao Local keyword search
568948429,night_food,요리주점,수작 송파방이점,"음식점 > 술집 > 호프,요리주점 > 수작",서울 송파구 방이동 63-14,서울 송파구 올림픽로32길 22,127.109330650338,37.5140589286466,http://place.map.kakao.com/568948429,2026-09-30,Kakao Local keyword search
570399937,night_food,요리주점,용용선생 다산점,"음식점 > 술집 > 호프,요리주점",경기 남양주시 다산동 6061-1,경기 남양주시 다산중앙로123번길 22-74,127.15161577435,37.6250868430639,http://place.map.kakao.com/570399937,2026-09-30,Kakao Local keyword search
572498369,night_food,요리주점,감요,"음식점 > 술집 > 호프,요리주점",서울 성동구 성수동1가 8-17,서울 성동구 왕십리로4길 28-8,127.046730857766,37.5471012604649,http://place.map.kakao.com/572498369,2026-09-30,Kakao Local keyword search
575589985,night_food,요리주점,탁사발 두부공방 송파역점,"음식점 > 술집 > 호프,요리주점 > 탁사발 두부공방",서울 송파구 송파동 180-6,서울 송파구 송파대로36가길 5,127.114817740571,37.5008233719776,http://place.map.kakao.com/575589985,2026-09-30,Kakao Local keyword search
579472476,night_food,요리주점,이술집,"음식점 > 술집 > 호프,요리주점",서울 동대문구 이문동 305-71,서울 동대문구 휘경로2길 5-7,127.061463486714,37.5955968780113,http://place.map.kakao.com/579472476,2026-09-30,Kakao Local keyword search
580216923,night_food,요리주점,펍마이마이,"음식점 > 술집 > 호프,요리주점",서울 송파구 잠실동 190-1,서울 송파구 백제고분로7길 24-7,127.081804445594,37.5103141020082,http://place.map.kakao.com/580216923,2026-09-30,Kakao Local keyword search
580262642,night_food,요리주점,만탁,"음식점 > 술집 > 호프,요리주점",서울 강북구 수유동 46-23,서울 강북구 수유로 54,127.01979937152647,37.63548626596859,http://place.map.kakao.com/580262642,2026-09-30,Kakao Local keyword search
58027342,night_food,요리주점,새로이,"음식점 > 술집 > 호프,요리주점",서울 광진구 화양동 94-1,서울 광진구 능동로17길 5,127.073019335119,37.5460535838422,http://place.map.kakao.com/58027342,2026-09-30,Kakao Local keyword search
600354756,night_food,요리주점,아트몬스터 을지로점,"음식점 > 술집 > 호프,요리주점",서울 중구 을지로3가 349-1,서울 중구 수표로 52,126.9899522164147,37.565758024923866,http://place.map.kakao.com/600354756,2026-09-30,Kakao Local keyword search
610580795,night_food,요리주점,크라운호프 구리돌다리점,"음식점 > 술집 > 호프,요리주점 > 크라운호프",경기 구리시 수택동 409-8,경기 구리시 안골로97번길 56,127.140644516853,37.5997168887011,http://place.map.kakao.com/610580795,2026-09-30,Kakao Local keyword search
618256499,night_food,요리주점,문화식당,"음식점 > 술집 > 호프,요리주점",서울 중구 신당동 140-3,서울 중구 퇴계로 434-1,127.019835162171,37.5654927944146,http://place.map.kakao.com/618256499,2026-09-30,Kakao Local keyword search
62019606,night_food,요리주점,원탑비어,"음식점 > 술집 > 호프,요리주점",경기 구리시 토평동 971,경기 구리시 이문안로136번길 7,127.146709857953,37.5905860721314,http://place.map.kakao.com/62019606,2026-09-30,Kakao Local keyword search
620633807,night_food,요리주점,호맥 고양지축점,"음식점 > 술집 > 호프,요리주점 > 호맥",경기 고양시 덕양구 지축동 1005-2,경기 고양시 덕양구 지축로 66,126.91541561000658,37.64925708033873,http://place.map.kakao.com/620633807,2026-09-30,Kakao Local keyword search
621109860,night_food,요리주점,역전할머니맥주 서울솔밭공원역점,"음식점 > 술집 > 호프,요리주점 > 역전할머니맥주",서울 도봉구 쌍문동 507-4,서울 도봉구 삼양로 590,127.01340411465883,37.65565839217294,http://place.map.kakao.com/621109860,2026-09-30,Kakao Local keyword search
625209335,night_food,요리주점,잭펍 별내점,"음식점 > 술집 > 호프,요리주점",경기 남양주시 별내동 1015,경기 남양주시 별내중앙로 64,127.123388317576,37.6479867280528,http://place.map.kakao.com/625209335,2026-09-30,Kakao Local keyword search
633762987,night_food,요리주점,점선,"음식점 > 술집 > 호프,요리주점",경기 구리시 수택동 382-18,경기 구리시 안골로63번길 42-19,127.139360796297,37.5993372926119,http://place.map.kakao.com/633762987,2026-09-30,Kakao Local keyword search
634196809,night_food,요리주점,구도로통닭 노원점,"음식점 > 술집 > 호프,요리주점 > 구도로통닭",서울 노원구 상계동 616-1,서울 노원구 노해로81길 12-15,127.063095065507,37.6557567048347,http://place.map.kakao.com/634196809,2026-09-30,Kakao Local keyword search
634468995,night_food,요리주점,하나커피호프,"음식점 > 술집 > 호프,요리주점",경기 남양주시 퇴계원읍 퇴계원리 94-1,경기 남양주시 퇴계원읍 퇴계원로 98-1,127.14459714486799,37.6549641720049,http://place.map.kakao.com/634468995,2026-09-30,Kakao Local keyword search
634705450,night_food,요리주점,영철아,"음식점 > 술집 > 호프,요리주점",서울 도봉구 창동 292-5,서울 도봉구 해등로16길 42,127.042224754972,37.6552254320594,http://place.map.kakao.com/634705450,2026-09-30,Kakao Local keyword search
639100231,night_food,요리주점,홍계화,"음식점 > 술집 > 호프,요리주점",서울 은평구 갈현동 455-9,서울 은평구 연서로27길 8-7,126.91880370329187,37.61805833501391,http://place.map.kakao.com/639100231,2026-09-30,Kakao Local keyword search
640640267,night_food,요리주점,권식당,"음식점 > 술집 > 호프,요리주점",경기 구리시 교문동 760-12,경기 구리시 이문안로 3,127.131749390142,37.5919525033767,http://place.map.kakao.com/640640267,2026-09-30,Kakao Local keyword search
645531341,night_food,요리주점,이차,"음식점 > 술집 > 호프,요리주점",서울 강남구 청담동 22-11,서울 강남구 도산대로58길 12,127.041344439809,37.5225672172116,http://place.map.kakao.com/645531341,2026-09-30,Kakao Local keyword search
646134500,night_food,요리주점,오뎅에꼬치닭,"음식점 > 술집 > 호프,요리주점",서울 은평구 녹번동 141,서울 은평구 진흥로12나길 2,126.926581420239,37.6081048029769,http://place.map.kakao.com/646134500,2026-09-30,Kakao Local keyword search
64761227,night_food,요리주점,리파인 남영점,"음식점 > 술집 > 호프,요리주점",서울 용산구 남영동 26-2,서울 용산구 한강대로 284,126.972727253056,37.5436583330416,http://place.map.kakao.com/64761227,2026-09-30,Kakao Local keyword search
650303422,night_food,요리주점,전남친,"음식점 > 술집 > 호프,요리주점",경기 남양주시 퇴계원읍 퇴계원리 255-14,경기 남양주시 퇴계원읍 퇴계원공원1길 8,127.142549013492,37.6506239313511,http://place.map.kakao.com/650303422,2026-09-30,Kakao Local keyword search
651994998,night_food,요리주점,중계의밤,"음식점 > 술집 > 호프,요리주점",서울 노원구 중계동 503,서울 노원구 동일로 1279,127.06438068271993,37.64321702830482,http://place.map.kakao.com/651994998,2026-09-30,Kakao Local keyword search
653915449,night_food,요리주점,네번째집,"음식점 > 술집 > 호프,요리주점",서울 용산구 이태원동 130-8,서울 용산구 이태원로26길 17,126.9934831047566,37.53373588437539,http://place.map.kakao.com/653915449,2026-09-30,Kakao Local keyword search
654935106,night_food,요리주점,기름냄새,"음식점 > 술집 > 호프,요리주점",서울 도봉구 쌍문동 672,서울 도봉구 도봉로129길 23,127.036895075801,37.6551803682972,http://place.map.kakao.com/654935106,2026-09-30,Kakao Local keyword search
656719069,night_food,요리주점,좋은날,"음식점 > 술집 > 호프,요리주점",서울 노원구 공릉동 411-16,서울 노원구 공릉로41길 5,127.079235589484,37.6244287474532,http://place.map.kakao.com/656719069,2026-09-30,Kakao Local keyword search
663999272,night_food,요리주점,노가리까는집,"음식점 > 술집 > 호프,요리주점",경기 구리시 갈매동 534-1,경기 구리시 갈매순환로204번길 8-38,127.123034837949,37.6370302333872,http://place.map.kakao.com/663999272,2026-09-30,Kakao Local keyword search
664045315,night_food,요리주점,맥주통 인창점,"음식점 > 술집 > 호프,요리주점",경기 구리시 인창동 651-83,경기 구리시 동구릉로85번길 13,127.132882567571,37.6083717790718,http://place.map.kakao.com/664045315,2026-09-30,Kakao Local keyword search
66453010,night_food,요리주점,호텔마드리드,"음식점 > 술집 > 호프,요리주점",서울 노원구 상계동 617,서울 노원구 노해로79길 6-19,127.062442091082,37.6554939654846,http://place.map.kakao.com/66453010,2026-09-30,Kakao Local keyword search
667384588,night_food,요리주점,하이웨이비어 역촌,"음식점 > 술집 > 호프,요리주점",서울 은평구 역촌동 40-51,서울 은평구 진흥로5길 1,126.92074552835628,37.60273112905048,http://place.map.kakao.com/667384588,2026-09-30,Kakao Local keyword search
668594192,night_food,요리주점,미스터리브루잉컴퍼니,"음식점 > 술집 > 호프,요리주점",서울 마포구 염리동 168-9,서울 마포구 독막로 311,126.94750919056997,37.543974175725026,http://place.map.kakao.com/668594192,2026-09-30,Kakao Local keyword search
669896181,night_food,요리주점,브롱스 창동점,"음식점 > 술집 > 호프,요리주점",서울 도봉구 창동 6,서울 도봉구 마들로11가길 15,127.04925825037,37.6526567066768,http://place.map.kakao.com/669896181,2026-09-30,Kakao Local keyword search
676628099,night_food,요리주점,부자치맥,"음식점 > 술집 > 호프,요리주점",서울 송파구 방이동 115-8,서울 송파구 오금로 175,127.114130920125,37.509502516441,http://place.map.kakao.com/676628099,2026-09-30,Kakao Local keyword search
695042590,night_food,요리주점,룸의정석 노원점,"음식점 > 술집 > 호프,요리주점",서울 노원구 상계동 616-1,서울 노원구 노해로81길 12-15,127.063088256838,37.6557458966903,http://place.map.kakao.com/695042590,2026-09-30,Kakao Local keyword search
697826658,night_food,요리주점,질서정연,"음식점 > 술집 > 호프,요리주점",서울 광진구 화양동 46-1,서울 광진구 동일로24길 50,127.06779784392,37.5431915199805,http://place.map.kakao.com/697826658,2026-09-30,Kakao Local keyword search
704120954,night_food,요리주점,그로그,"음식점 > 술집 > 호프,요리주점",서울 송파구 방이동 154-17,서울 송파구 위례성대로4길 23,127.11574924877308,37.513775304043975,http://place.map.kakao.com/704120954,2026-09-30,Kakao Local keyword search
711576961,night_food,요리주점,가빈,"음식점 > 술집 > 호프,요리주점",경기 남양주시 퇴계원읍 퇴계원리 292-6,경기 남양주시 퇴계원읍 퇴계원로 37,127.141216832478,37.6502543288189,http://place.map.kakao.com/711576961,2026-09-30,Kakao Local keyword search
720138282,night_food,요리주점,느자구,"음식점 > 술집 > 호프,요리주점",서울 강북구 미아동 75-62,서울 강북구 오패산로31길 32,127.032132368558,37.6138355367313,http://place.map.kakao.com/720138282,2026-09-30,Kakao Local keyword search
729436411,night_food,요리주점,섬사나이,"음식점 > 술집 > 호프,요리주점",서울 노원구 공릉동 351-1,서울 노원구 공릉로39길 21,127.078318302833,37.6236004518636,http://place.map.kakao.com/729436411,2026-09-30,Kakao Local keyword search
730602053,night_food,요리주점,배씨상회 남양주점,"음식점 > 술집 > 호프,요리주점",경기 남양주시 별내동 829-6,경기 남양주시 덕송2로10번길 15-80,127.115972480265,37.6672743550291,http://place.map.kakao.com/730602053,2026-09-30,Kakao Local keyword search
731268301,night_food,요리주점,대림창고 다이닝&바,"음식점 > 술집 > 호프,요리주점",서울 성동구 성수동2가 322-32,서울 성동구 성수이로 78,127.056344534459,37.5419811910316,http://place.map.kakao.com/731268301,2026-09-30,Kakao Local keyword search
733582299,night_food,요리주점,파타야,"음식점 > 술집 > 호프,요리주점",서울 강동구 명일동 48-8,서울 강동구 동남로71길 20-10,127.15534659545487,37.55235213843719,http://place.map.kakao.com/733582299,2026-09-30,Kakao Local keyword search
735318451,night_food,요리주점,깊은숲,"음식점 > 술집 > 호프,요리주점",서울 마포구 합정동 412-4,서울 마포구 독막로 27,126.91657635434606,37.54849740803598,http://place.map.kakao.com/735318451,2026-09-30,Kakao Local keyword search
737569769,night_food,요리주점,바이젠비어,"음식점 > 술집 > 호프,요리주점",서울 도봉구 쌍문동 217,서울 도봉구 해등로26길 25,127.032669839485,37.6592189146145,http://place.map.kakao.com/737569769,2026-09-30,Kakao Local keyword search
738854813,night_food,요리주점,성북주가,"음식점 > 술집 > 호프,요리주점",서울 성북구 정릉동 388-7,서울 성북구 보국문로11길 21-12,127.00891981237062,37.608092164452124,http://place.map.kakao.com/738854813,2026-09-30,Kakao Local keyword search
740151505,night_food,요리주점,킹콩단란주점,"음식점 > 술집 > 호프,요리주점",경기 남양주시 별내동 1006-2,경기 남양주시 별내중앙로 26,127.1259771866902,37.645769375494545,http://place.map.kakao.com/740151505,2026-09-30,Kakao Local keyword search
742227788,night_food,요리주점,짝태와노가리 암사점,"음식점 > 술집 > 호프,요리주점",서울 강동구 암사동 675,서울 강동구 올림픽로91길 30,127.12569553643449,37.54845366936042,http://place.map.kakao.com/742227788,2026-09-30,Kakao Local keyword search
749218520,night_food,요리주점,부엉이산장 연신내점,"음식점 > 술집 > 호프,요리주점 > 부엉이산장",서울 은평구 갈현동 460-12,서울 은평구 연서로25길 6-18,126.918504340417,37.6173274274806,http://place.map.kakao.com/749218520,2026-09-30,Kakao Local keyword search
750416046,night_food,요리주점,88노가리 방이직영점,"음식점 > 술집 > 호프,요리주점",서울 송파구 방이동 93-6,서울 송파구 올림픽로32길 42,127.11059568645521,37.512835990017294,http://place.map.kakao.com/750416046,2026-09-30,Kakao Local keyword search
758295389,night_food,요리주점,기네스하우스,"음식점 > 술집 > 호프,요리주점",서울 강남구 역삼동 703-1,서울 강남구 테헤란로43길 18,127.044017076337,37.5044236350016,http://place.map.kakao.com/758295389,2026-09-30,Kakao Local keyword search
759188123,night_food,요리주점,불공장 더하우스호프,"음식점 > 술집 > 호프,요리주점",서울 송파구 방이동 69-10,서울 송파구 오금로15길 9-12,127.10932030568,37.5131705486561,http://place.map.kakao.com/759188123,2026-09-30,Kakao Local keyword search
760258205,night_food,요리주점,술시,"음식점 > 술집 > 호프,요리주점",서울 강북구 우이동 64-1,서울 강북구 삼양로 593,127.01303017570974,37.655855749190906,http://place.map.kakao.com/760258205,2026-09-30,Kakao Local keyword search
76068477,night_food,요리주점,덴마크마가린,"음식점 > 술집 > 호프,요리주점",경기 구리시 수택동 381-1,경기 구리시 안골로63번길 42-4,127.138533915941,37.5992130284282,http://place.map.kakao.com/76068477,2026-09-30,Kakao Local keyword search
762857090,night_food,요리주점,인생건어물맥주 퇴계원점,"음식점 > 술집 > 호프,요리주점 > 인생건어물맥주",경기 남양주시 퇴계원읍 퇴계원리 290-9,경기 남양주시 퇴계원읍 퇴계원로 29,127.14074182533156,37.64954312029748,http://place.map.kakao.com/762857090,2026-09-30,Kakao Local keyword search
766942559,night_food,요리주점,찰리네맥주집 창동역점,"음식점 > 술집 > 호프,요리주점",서울 도봉구 창동 262-18,서울 도봉구 노해로63가길 29,127.04499823636284,37.65405673352987,http://place.map.kakao.com/766942559,2026-09-30,Kakao Local keyword search
770513226,night_food,요리주점,용용선생 천호점,"음식점 > 술집 > 호프,요리주점",서울 강동구 천호동 454-60,서울 강동구 천호대로157길 19,127.127033700377,37.5387926283323,http://place.map.kakao.com/770513226,2026-09-30,Kakao Local keyword search
772541665,night_food,요리주점,옥마카세,"음식점 > 술집 > 호프,요리주점",서울 도봉구 방학동 660-15,서울 도봉구 도당로 95,127.037334504764,37.665955968856,http://place.map.kakao.com/772541665,2026-09-30,Kakao Local keyword search
772741012,night_food,요리주점,역전할머니맥주 서울건대점,"음식점 > 술집 > 호프,요리주점 > 역전할머니맥주",서울 광진구 화양동 45-82,서울 광진구 아차산로25길 13,127.06665620442,37.5420244746353,http://place.map.kakao.com/772741012,2026-09-30,Kakao Local keyword search
772981180,night_food,요리주점,한남대교,"음식점 > 술집 > 호프,요리주점",서울 송파구 방이동 63-1,서울 송파구 올림픽로32길 18-11,127.10897102273879,37.514103410155,http://place.map.kakao.com/772981180,2026-09-30,Kakao Local keyword search
774439517,night_food,요리주점,스무하루,"음식점 > 술집 > 호프,요리주점",서울 노원구 공릉동 411-9,서울 노원구 공릉로41길 4,127.079486101199,37.6245862516685,http://place.map.kakao.com/774439517,2026-09-30,Kakao Local keyword search
782451444,night_food,요리주점,직화설,"음식점 > 술집 > 호프,요리주점",경기 구리시 수택동 405-10,경기 구리시 안골로103번길 54,127.14134664257847,37.59973587169901,http://place.map.kakao.com/782451444,2026-09-30,Kakao Local keyword search
7835959,night_food,요리주점,더블린,"음식점 > 술집 > 호프,요리주점",서울 강남구 역삼동 814-5,서울 강남구 강남대로 442,127.026463687098,37.5020285926583,http://place.map.kakao.com/7835959,2026-09-30,Kakao Local keyword search
783808880,night_food,요리주점,역전할머니맥주 남양주퇴계원점,"음식점 > 술집 > 호프,요리주점 > 역전할머니맥주",경기 남양주시 퇴계원읍 퇴계원리 255,경기 남양주시 퇴계원읍 퇴계원공원1길 3,127.142201785014,37.6503738773102,http://place.map.kakao.com/783808880,2026-09-30,Kakao Local keyword search
78435000,night_food,요리주점,하이델호프,"음식점 > 술집 > 호프,요리주점",서울 강동구 천호동 291-22,서울 강동구 상암로 84,127.132132572871,37.5480060536245,http://place.map.kakao.com/78435000,2026-09-30,Kakao Local keyword search
788172544,night_food,요리주점,서울집시 한남점,"음식점 > 술집 > 호프,요리주점",서울 용산구 한남동 683-63,서울 용산구 이태원로42길 28-4,127.000384688842,37.5358768414672,http://place.map.kakao.com/788172544,2026-09-30,Kakao Local keyword search
7885177,night_food,요리주점,백세주 마을 삼성점,"음식점 > 술집 > 호프,요리주점",서울 강남구 삼성동 110-3,서울 강남구 봉은사로 641,127.065442572114,37.5154023587222,http://place.map.kakao.com/7885177,2026-09-30,Kakao Local keyword search
805143288,night_food,요리주점,크래프트아일랜드 잠실점 본관,"음식점 > 술집 > 호프,요리주점",서울 송파구 신천동 7-14,서울 송파구 올림픽로35가길 10,127.10240933887825,37.51732406141973,http://place.map.kakao.com/805143288,2026-09-30,Kakao Local keyword search
810050966,night_food,요리주점,춘옥당,"음식점 > 술집 > 호프,요리주점",서울 영등포구 신길동 4414,서울 영등포구 여의대방로9가길 7,126.915959049645,37.4975687134235,http://place.map.kakao.com/810050966,2026-09-30,Kakao Local keyword search
810745886,night_food,요리주점,정통주막 다산점,"음식점 > 술집 > 호프,요리주점",경기 남양주시 다산동 6062,경기 남양주시 다산중앙로123번길 22-80,127.1509126865022,37.624711132136326,http://place.map.kakao.com/810745886,2026-09-30,Kakao Local keyword search
81108694,night_food,요리주점,에일크루 피자펍 홍대점,"음식점 > 술집 > 호프,요리주점",서울 마포구 동교동 189-2,서울 마포구 와우산로37길 7,126.930483991665,37.55588739014,http://place.map.kakao.com/81108694,2026-09-30,Kakao Local keyword search
8120548,night_food,요리주점,풍남원조골뱅이,"음식점 > 술집 > 호프,요리주점",서울 중구 을지로3가 350-1,서울 중구 수표로 50-1,126.989980524876,37.5656742346951,http://place.map.kakao.com/8120548,2026-09-30,Kakao Local keyword search
812076679,night_food,요리주점,만리199,"음식점 > 술집 > 호프,요리주점",서울 중구 만리동1가 62-19,서울 중구 만리재로 199,126.96771163328161,37.55546555457986,http://place.map.kakao.com/812076679,2026-09-30,Kakao Local keyword search
8121543,night_food,요리주점,판자집,"음식점 > 술집 > 호프,요리주점",서울 서대문구 창천동 29-18,서울 서대문구 연세로2길 29,126.938491819229,37.5563315200082,http://place.map.kakao.com/8121543,2026-09-30,Kakao Local keyword search
8161533,night_food,요리주점,호박,"음식점 > 술집 > 호프,요리주점",서울 은평구 갈현동 453-25,서울 은평구 연서로27길 16-11,126.917956920519,37.6186677180578,http://place.map.kakao.com/8161533,2026-09-30,Kakao Local keyword search
817931663,night_food,요리주점,술고래,"음식점 > 술집 > 호프,요리주점",서울 동대문구 전농동 602-22,서울 동대문구 왕산로 262,127.050324763544,37.5840000750466,http://place.map.kakao.com/817931663,2026-09-30,Kakao Local keyword search
8198304,night_food,요리주점,꽃피는산골,"음식점 > 술집 > 호프,요리주점",서울 종로구 인사동 232,서울 종로구 종로11길 17,126.985583225511,37.5710977734845,http://place.map.kakao.com/8198304,2026-09-30,Kakao Local keyword search
823443618,night_food,요리주점,수유수제맥주프로젝트협동조합,"음식점 > 술집 > 호프,요리주점",서울 강북구 수유동 486-722,서울 강북구 인수봉로23길 37,127.010850207643,37.6275551476114,http://place.map.kakao.com/823443618,2026-09-30,Kakao Local keyword search
824081166,night_food,요리주점,목로주점 키맨,"음식점 > 술집 > 호프,요리주점",서울 강북구 수유동 124-3,서울 강북구 삼양로92길 48,127.01919214426,37.6356107022867,http://place.map.kakao.com/824081166,2026-09-30,Kakao Local keyword search
82677372,night_food,요리주점,베이다야시장,"음식점 > 술집 > 호프,요리주점",서울 은평구 갈현동 400-3,서울 은평구 연서로29길 14-9,126.9189890422661,37.61949013189195,http://place.map.kakao.com/82677372,2026-09-30,Kakao Local keyword search
829578030,night_food,요리주점,쌍놈포차,"음식점 > 술집 > 호프,요리주점",서울 은평구 갈현동 428-5,서울 은평구 갈현로 272,126.9167194995983,37.62116709164983,http://place.map.kakao.com/829578030,2026-09-30,Kakao Local keyword search
832441144,night_food,요리주점,광주육전,"음식점 > 술집 > 호프,요리주점",서울 강남구 논현동 162,서울 강남구 학동로4길 45,127.024312514489,37.5085415212617,http://place.map.kakao.com/832441144,2026-09-30,Kakao Local keyword search
8332362,night_food,요리주점,원조만선호프 노가리체인본점,"음식점 > 술집 > 호프,요리주점",서울 중구 을지로3가 95-1,서울 중구 을지로13길 19,126.99178231800013,37.56724931479237,http://place.map.kakao.com/8332362,2026-09-30,Kakao Local keyword search
83737573,night_food,요리주점,대동집 서울한양대점,"음식점 > 술집 > 호프,요리주점 > 대동집",서울 성동구 행당동 3-16,서울 성동구 마조로1가길 13,127.04021318636019,37.560458249985885,http://place.map.kakao.com/83737573,2026-09-30,Kakao Local keyword search
838410464,night_food,요리주점,맥주아비,"음식점 > 술집 > 호프,요리주점",서울 중랑구 묵동 238-104,서울 중랑구 동일로163길 12,127.076594893129,37.6120977697776,http://place.map.kakao.com/838410464,2026-09-30,Kakao Local keyword search
840587562,night_food,요리주점,역전할머니맥주 서울공릉점,"음식점 > 술집 > 호프,요리주점 > 역전할머니맥주",서울 노원구 공릉동 441-59,서울 노원구 동일로192길 80,127.077256115785,37.6272195147763,http://place.map.kakao.com/840587562,2026-09-30,Kakao Local keyword search
8430394,night_food,요리주점,엉클조소시지 용산점,"음식점 > 술집 > 호프,요리주점",서울 용산구 후암동 440-3,서울 용산구 소월로 56,126.97696373778489,37.55487937070179,http://place.map.kakao.com/8430394,2026-09-30,Kakao Local keyword search
846866336,night_food,요리주점,서울집시 퍼멘테리아 서촌,"음식점 > 술집 > 호프,요리주점",서울 종로구 효자동 25,서울 종로구 자하문로 62,126.971103529785,37.5816025141611,http://place.map.kakao.com/846866336,2026-09-30,Kakao Local keyword search
853952951,night_food,요리주점,라운지목화 먹골관,"음식점 > 술집 > 호프,요리주점 > 라운지목화",서울 중랑구 묵동 174-10,서울 중랑구 공릉로4길 4,127.07813848438326,37.61305540978311,http://place.map.kakao.com/853952951,2026-09-30,Kakao Local keyword search
8541930,night_food,요리주점,술익는고을,"음식점 > 술집 > 호프,요리주점",서울 강북구 우이동 182-5,서울 강북구 삼양로173길 42,127.01012089031198,37.662600784104384,http://place.map.kakao.com/8541930,2026-09-30,Kakao Local keyword search
8571672,night_food,요리주점,포석정,"음식점 > 술집 > 호프,요리주점",서울 서대문구 창천동 52-157,서울 서대문구 연세로11길 25,126.93541243691124,37.55883735079631,http://place.map.kakao.com/8571672,2026-09-30,Kakao Local keyword search
8581078,night_food,요리주점,취바,"음식점 > 술집 > 호프,요리주점",서울 도봉구 창동 805,서울 도봉구 노해로63다길 24,127.0463240455638,37.653947201470146,http://place.map.kakao.com/8581078,2026-09-30,Kakao Local keyword search
858145443,night_food,요리주점,불티나이모네전,"음식점 > 술집 > 호프,요리주점",서울 은평구 응암동 754-1,서울 은평구 응암로4길 24,126.9174108740684,37.5869930283086,http://place.map.kakao.com/858145443,2026-09-30,Kakao Local keyword search
859501459,night_food,요리주점,금두꺼비 우이점,"음식점 > 술집 > 호프,요리주점",서울 강북구 우이동 68-15,서울 강북구 삼양로 583,127.01276031373128,37.65499624153612,http://place.map.kakao.com/859501459,2026-09-30,Kakao Local keyword search
8598795,night_food,요리주점,엠.케이2호프,"음식점 > 술집 > 호프,요리주점",경기 구리시 교문동 800-4,경기 구리시 장자대로13번길 71,127.132851650889,37.5909863059776,http://place.map.kakao.com/8598795,2026-09-30,Kakao Local keyword search
8659923,night_food,요리주점,고려호프,"음식점 > 술집 > 호프,요리주점",서울 영등포구 여의도동 35-2,서울 영등포구 국제금융로6길 30,126.92660619211,37.521722727409,http://place.map.kakao.com/8659923,2026-09-30,Kakao Local keyword search
866519588,night_food,요리주점,얼맥당 미아점,"음식점 > 술집 > 호프,요리주점",서울 강북구 미아동 207-13,서울 강북구 도봉로55길 7,127.025124856467,37.6272826755542,http://place.map.kakao.com/866519588,2026-09-30,Kakao Local keyword search
867844102,night_food,요리주점,김복남맥주 연신내점,"음식점 > 술집 > 호프,요리주점 > 김복남맥주",서울 은평구 갈현동 401-14,서울 은평구 연서로29길 20-5,126.918295665653,37.6196383167961,http://place.map.kakao.com/867844102,2026-09-30,Kakao Local keyword search
871102758,night_food,요리주점,대왕노가리,"음식점 > 술집 > 호프,요리주점",서울 강동구 명일동 328-3,서울 강동구 구천면로 440,127.147196336237,37.5495469626842,http://place.map.kakao.com/871102758,2026-09-30,Kakao Local keyword search
875986660,night_food,요리주점,용용선생 방이점,"음식점 > 술집 > 호프,요리주점",서울 송파구 방이동 63-1,서울 송파구 올림픽로32길 18-11,127.10897103583903,37.51411242017835,http://place.map.kakao.com/875986660,2026-09-30,Kakao Local keyword search
8790206,night_food,요리주점,겨울나그네,"음식점 > 술집 > 호프,요리주점",서울 광진구 화양동 2-47,서울 광진구 능동로 147-1,127.07221622204587,37.54403583986256,http://place.map.kakao.com/8790206,2026-09-30,Kakao Local keyword search
879194247,night_food,요리주점,이태리양조장 묵동점,"음식점 > 술집 > 호프,요리주점",서울 중랑구 묵동 170-1,서울 중랑구 동일로 932,127.07747956066436,37.61329911115443,http://place.map.kakao.com/879194247,2026-09-30,Kakao Local keyword search
880111626,night_food,요리주점,소세지하우스 용산점,"음식점 > 술집 > 호프,요리주점",서울 용산구 원효로2가 90-1,서울 용산구 새창로 132,126.96128573390234,37.53560740413416,http://place.map.kakao.com/880111626,2026-09-30,Kakao Local keyword search
880420150,night_food,요리주점,바이더레이크,"음식점 > 술집 > 호프,요리주점",서울 송파구 송파동 29-12,서울 송파구 송파대로48길 20,127.10643856640684,37.50939166683164,http://place.map.kakao.com/880420150,2026-09-30,Kakao Local keyword search
887562424,night_food,요리주점,한술애퐁당,"음식점 > 술집 > 호프,요리주점",경기 남양주시 별내동 826-9,경기 남양주시 별내3로 320,127.117815701407,37.6660084532063,http://place.map.kakao.com/887562424,2026-09-30,Kakao Local keyword search
889186893,night_food,요리주점,삼씨오화 여의도점,"음식점 > 술집 > 호프,요리주점",서울 영등포구 여의도동 23-6,서울 영등포구 의사당대로 83,126.923450659622,37.5233677568981,http://place.map.kakao.com/889186893,2026-09-30,Kakao Local keyword search
892901589,night_food,요리주점,화수브루어리 서울강북점,"음식점 > 술집 > 호프,요리주점",서울 강북구 수유동 521-55,서울 강북구 인수봉로 238,127.01197827961,37.6402832624942,http://place.map.kakao.com/892901589,2026-09-30,Kakao Local keyword search
895094504,night_food,요리주점,대동집 서울미아사거리점,"음식점 > 술집 > 호프,요리주점 > 대동집",서울 강북구 미아동 35-1,서울 강북구 도봉로6길 8,127.03059148069222,37.612547532284246,http://place.map.kakao.com/895094504,2026-09-30,Kakao Local keyword search
900175699,night_food,요리주점,닷지,"음식점 > 술집 > 호프,요리주점",경기 구리시 수택동 381-6,경기 구리시 안골로63번길 42-12,127.138879294084,37.5992117215392,http://place.map.kakao.com/900175699,2026-09-30,Kakao Local keyword search
9002121,night_food,요리주점,바글즈 토평점,"음식점 > 술집 > 호프,요리주점",경기 구리시 토평동 975-6,경기 구리시 이문안로136번길 22,127.146106561212,37.5901092949379,http://place.map.kakao.com/9002121,2026-09-30,Kakao Local keyword search
900809790,night_food,요리주점,비보피자 연신내점,"음식점 > 술집 > 호프,요리주점",서울 은평구 갈현동 454-9,서울 은평구 연서로29길 17-5,126.918422256279,37.6188509411747,http://place.map.kakao.com/900809790,2026-09-30,Kakao Local keyword search
904914651,night_food,요리주점,상수주택,"음식점 > 술집 > 호프,요리주점",서울 마포구 상수동 311-1,서울 마포구 독막로15길 19,126.921961612301,37.5486515566708,http://place.map.kakao.com/904914651,2026-09-30,Kakao Local keyword search
905598088,night_food,요리주점,부엉이산장 구리점,"음식점 > 술집 > 호프,요리주점 > 부엉이산장",경기 구리시 수택동 383-22,경기 구리시 체육관로172번길 41,127.138504639079,37.5999131321861,http://place.map.kakao.com/905598088,2026-09-30,Kakao Local keyword search
911960824,night_food,요리주점,술속의밤 수유점,"음식점 > 술집 > 호프,요리주점 > 술속의밤",서울 강북구 수유동 229-35,서울 강북구 도봉로87길 7,127.025039020245,37.6381819189631,http://place.map.kakao.com/911960824,2026-09-30,Kakao Local keyword search
913886702,night_food,요리주점,태성골뱅이신사 불광점,"음식점 > 술집 > 호프,요리주점",서울 은평구 대조동 14-65,서울 은평구 불광로 6,126.9274659930381,37.609202754950694,http://place.map.kakao.com/913886702,2026-09-30,Kakao Local keyword search
918412173,night_food,요리주점,수우가,"음식점 > 술집 > 호프,요리주점",서울 용산구 남영동 29-16,서울 용산구 한강대로88길 6-12,126.972738402926,37.5441133403004,http://place.map.kakao.com/918412173,2026-09-30,Kakao Local keyword search
919134732,night_food,요리주점,브롱스 선릉점,"음식점 > 술집 > 호프,요리주점",서울 강남구 대치동 896-3,서울 강남구 선릉로82길 23,127.051928301603,37.5029932295385,http://place.map.kakao.com/919134732,2026-09-30,Kakao Local keyword search
919611524,night_food,요리주점,미혹,"음식점 > 술집 > 호프,요리주점",서울 송파구 방이동 99-9,서울 송파구 위례성대로2길 48,127.11128607137645,37.51311915775015,http://place.map.kakao.com/919611524,2026-09-30,Kakao Local keyword search
929028146,night_food,요리주점,역촌호프와노가리,"음식점 > 술집 > 호프,요리주점",서울 은평구 역촌동 27-13,서울 은평구 진흥로 81-1,126.92158193240523,37.60426337088127,http://place.map.kakao.com/929028146,2026-09-30,Kakao Local keyword search
942271406,night_food,요리주점,이심전심,"음식점 > 술집 > 호프,요리주점",서울 강동구 천호동 410-159,서울 강동구 진황도로 32,127.13056267004528,37.53872390739757,http://place.map.kakao.com/942271406,2026-09-30,Kakao Local keyword search
94678858,night_food,요리주점,보글하우스,"음식점 > 술집 > 호프,요리주점",서울 종로구 익선동 22-2,서울 종로구 삼일대로32길 44,126.98936791489731,37.57545538639467,http://place.map.kakao.com/94678858,2026-09-30,Kakao Local keyword search
955552365,night_food,요리주점,리얼펍 미아점,"음식점 > 술집 > 호프,요리주점 > 리얼펍 살얼음맥주",서울 강북구 미아동 303-78,서울 강북구 도봉로49길 20,127.025320092261,37.6250941368914,http://place.map.kakao.com/955552365,2026-09-30,Kakao Local keyword search
974415164,night_food,요리주점,알콜연구소,"음식점 > 술집 > 호프,요리주점",경기 구리시 인창동 313-34,경기 구리시 건원대로99번길 140,127.1395317646895,37.60417540621381,http://place.map.kakao.com/974415164,2026-09-30,Kakao Local keyword search
9793089,night_food,요리주점,비스마르크,"음식점 > 술집 > 호프,요리주점",서울 동대문구 이문동 289-1,서울 동대문구 휘경로 9,127.061427687311,37.596126679549,http://place.map.kakao.com/9793089,2026-09-30,Kakao Local keyword search
981907317,night_food,요리주점,전부치는도사,"음식점 > 술집 > 호프,요리주점",서울 성동구 행당동 19-96,서울 성동구 마조로3길 8,127.039979064119,37.5586437216162,http://place.map.kakao.com/981907317,2026-09-30,Kakao Local keyword search
983705211,night_food,요리주점,아쉬트리,"음식점 > 술집 > 호프,요리주점",서울 광진구 구의동 252-117,서울 광진구 아차산로49길 22,127.08447543945,37.5379189289095,http://place.map.kakao.com/983705211,2026-09-30,Kakao Local keyword search
9851414,night_food,요리주점,술익는마을,"음식점 > 술집 > 호프,요리주점",서울 서대문구 창천동 52-66,서울 서대문구 연세로7길 22,126.93555481007343,37.55779227200516,http://place.map.kakao.com/9851414,2026-09-30,Kakao Local keyword search
9877954,night_food,요리주점,품앗이,"음식점 > 술집 > 호프,요리주점",경기 구리시 수택동 383-20,경기 구리시 체육관로172번길 49,127.138882957296,37.5999640440522,http://place.map.kakao.com/9877954,2026-09-30,Kakao Local keyword search
991341765,night_food,요리주점,한주,"음식점 > 술집 > 호프,요리주점",경기 구리시 수택동 409-6,경기 구리시 안골로103번길 57-4,127.14075570765648,37.599831181898146,http://place.map.kakao.com/991341765,2026-09-30,Kakao Local keyword search
996530960,night_food,요리주점,울리불리 논현점,"음식점 > 술집 > 호프,요리주점",서울 서초구 잠원동 39-9,서울 서초구 신반포로47길 17,127.01921458829298,37.511407655111974,http://place.map.kakao.com/996530960,2026-09-30,Kakao Local keyword search
9984162,night_food,요리주점,태성골뱅이신사 본점,"음식점 > 술집 > 호프,요리주점",서울 중구 다동 129,서울 중구 을지로3길 35,126.981278062937,37.5676914062593,http://place.map.kakao.com/9984162,2026-09-30,Kakao Local keyword search
