area_code,polygon_km2,footprint_km2,food_bar_inside_count,food_meal_inside_count,other_inside_count,shopping_daily_inside_count,shopping_destination_inside_count,all_inside_count,food_bar_buffer400_count,food_meal_buffer400_count,other_buffer400_count,shopping_daily_buffer400_count,shopping_destination_buffer400_count,all_buffer400_count,wholesale_flag,wholesale_reason,food_meal_sales_coverage,food_meal_sales_per_store,shopping_destination_sales_coverage,shopping_destination_sales_per_store,food_meal_inside_density,food_meal_walk_density,food_meal_lq,food_meal_sales_signal_missing,food_meal_supply_v1,food_meal_score_v1,shopping_destination_inside_density,shopping_destination_walk_density,shopping_destination_lq,shopping_destination_sales_signal_missing,shopping_destination_supply_v1,shopping_destination_score_v1,feature_snapshot_date,historical_2025_use_allowed
3110008,0.14926436523749542,1.4802098374424713,11,51,198,13,39,312,81,437,1135,90,210,1953,False,,1.0,43930280.844827585,0.49056603773584906,,255.94139694377915,295.2284121790834,1.3189663284718895,False,62.137404580152676,54.31810101432605,195.71989178053698,141.87177701969685,1.030449248246906,True,62.353689567430024,58.64758269720102,2026-06-30,False
3001494,0.6531269528731195,4.051060084055413,163,690,1570,185,810,3418,696,3150,9161,818,4012,17837,False,,1.0,110715269.23595506,0.9616252821670429,46932409.24131455,981.3306077665204,777.5742483796032,1.0447737756288533,False,79.7709923664122,81.45613301265293,1151.9968004215675,990.358058571101,2.1545397626925245,False,94.73282442748092,87.86926848996512,2026-06-30,False
3130021,0.009799528402654115,0.6965299797842012,0,1,7,0,5,13,42,286,981,107,346,1762,False,,0.0,,0.0,,16.722539904773168,410.6068773789299,0.9610038074085824,True,30.12722646310432,36.089058524173026,83.61269952386584,496.7481803255585,1.8679043827292479,True,68.47328244274809,62.931297709923655,2026-06-30,False
3130002,0.049556830284805786,0.9430461707870752,30,93,126,11,17,277,94,534,1165,89,192,2074,False,,0.9555555555555556,131736863.51162791,0.39285714285714285,,934.1398248010867,566.2501121809536,1.5158795956683906,False,94.36386768447836,93.31498135173759,170.7567421679406,203.5955459527024,0.889166044225362,True,61.1704834605598,57.81933842239186,2026-06-30,False
3130001,0.03828019466114574,0.8615790018302651,3,44,78,21,17,163,67,334,899,72,186,1558,False,,0.94,29516482.276595745,0.59375,10937037.578947369,498.41303781543957,387.6603298020017,1.263293950345784,False,75.87786259541984,58.68528007250165,192.56867370141984,215.88269863225244,1.1418640992709976,False,72.45547073791349,58.16916064236725,2026-06-30,False
3130020,0.031213415440165242,0.9782512760901431,4,21,78,10,54,167,64,408,1364,177,593,2606,False,,0.8947368421052632,93094897.23529412,0.8461538461538461,25382040.272727273,258.5779687528589,417.0707567391959,0.9271364747040458,False,50.96692111959287,58.690543413851984,664.9147767930658,606.1837224175077,2.168210942895537,False,92.69720101781171,79.98737846081256,2026-06-30,False
3130019,0.008494390660935528,0.6786568652791809,0,0,14,1,7,22,56,339,1187,138,743,2463,False,,0.0,,0.0,,0.0,499.51605493675316,0.8165636943652367,True,28.16793893129771,34.717557251908396,119.66959431333694,1094.8095245368954,2.869447745955906,True,79.72010178117048,70.80407124681933,2026-06-30,False
3130018,0.0385857517698156,0.891506522770976,6,29,87,10,12,144,64,420,1287,168,877,2816,False,,0.7727272727272727,47631891.47058824,0.5,124181515.9375,327.36641526003683,471.11264951215185,0.8836717287027744,False,55.992366412213734,51.06680260727107,135.46196493518767,983.7280800527551,2.964955013858983,False,81.34860050890586,84.06322565424733,2026-06-30,False
3130017,0.00689624963207364,0.6531854825423983,0,0,8,0,10,18,50,331,1041,127,794,2343,False,,0.0,,0.0,,0.0,506.7473311128203,0.8379103645204582,True,29.236641221374047,35.46564885496183,175.75850894683197,1215.5812111890614,3.2206056273217545,True,86.74300254452925,75.72010178117047,2026-06-30,False
3130016,0.004841019873859624,0.6337160061404363,0,1,19,1,6,27,50,375,1043,139,1512,3119,False,,0.0,,0.9367088607594937,23219392.837837838,18.234525949738167,591.7477172209805,0.714095670929574,True,30.229007633587788,36.16030534351145,109.40715569842901,2385.926795834993,4.613001647116553,False,80.0,69.90728476821192,2026-06-30,False
3130015,0.024588353844847175,0.8675706196700682,5,56,56,18,10,145,74,360,1130,159,644,2367,False,,0.8909090909090909,64528832.6122449,0.4,,750.7874502296537,414.9518112276621,0.9011012837075258,False,64.12213740458016,61.64348705078602,134.0691875410096,742.3026845294845,2.5883888061906903,True,80.52162849872774,71.36513994910942,2026-06-30,False
3130014,0.008176984186905873,0.704642249125634,2,8,15,2,8,35,72,456,1136,164,1553,3381,False,,0.75,36093839.5,0.9833333333333333,41437692.779661015,137.51142503878006,647.1368989949644,0.7997431010239783,False,43.49872773536896,38.30299069329708,137.51142503878006,2203.9552722350436,4.3739169835014495,False,84.3384223918575,78.90444534317442,2026-06-30,False
3130013,0.004486010909160999,0.6295053312076806,0,0,27,1,10,38,59,424,995,150,1510,3138,True,신발 x8,0.0,,0.9696969696969697,,0.0,673.5447326340717,0.8013244120615026,True,31.412213740458014,36.988549618320604,183.53334797572145,2398.7088355600195,4.579282553966989,True,89.26208651399492,77.48346055979644,2026-06-30,False
3130012,0.03935500142282443,0.8677214314532476,0,15,58,11,163,247,113,533,1172,186,1564,3568,False,,0.36363636363636365,,0.6594827586206896,8055232.7450980395,167.86973041408814,614.2524324970735,0.8847954891344102,True,48.48600508905852,48.94020356234096,1824.1844038330912,1802.4217719051087,4.175901511294546,False,98.70229007633588,74.5551792123755,2026-06-30,False
3130011,0.017933921152039442,0.7468657790021815,0,1,11,4,9,25,101,331,876,115,323,1746,False,,0.0,,0.0,,14.720186661416923,443.18538793170916,1.1195728012427066,True,40.69974554707379,43.489821882951645,132.4816799527523,432.47395861613916,1.7605695451130883,True,76.32315521628499,68.42620865139949,2026-06-30,False
3130010,0.0451174563802042,0.903569303647372,23,83,70,14,54,244,123,589,1296,236,1737,3981,True,일반의류 x9,0.9411764705882353,67346007.0625,0.9139784946236559,,872.6053361670205,651.8592404837425,0.8762947233168836,False,70.82697201017811,67.20445118338037,567.7191343737242,1922.3760623433968,4.159445515971873,True,96.85750636132315,82.8002544529262,2026-06-30,False
3130009,0.004468926551704809,0.6178155382545364,0,0,2,0,13,15,105,452,943,175,973,2648,False,,0.0,,0.2631578947368421,,0.0,731.6099580094708,1.0098049738872465,True,38.778625954198475,42.145038167938935,238.66818795592943,1574.9037370425115,3.4946469932665223,True,90.3944020356234,78.27608142493638,2026-06-30,False
3130007,0.06637261536922387,1.009636689794838,5,81,81,57,243,467,117,505,1332,242,1032,3228,False,,0.9166666666666666,92132522.03896104,0.8106666666666666,22233164.592105262,696.0400412331148,500.17992125723754,0.926283667049233,False,67.41730279898219,70.06882428805466,2088.1201236993447,1022.1498588860776,3.0461414346668567,False,97.04834605597965,81.34443826567582,2026-06-30,False
3130005,0.017109789225641943,0.7770829087618999,0,0,48,4,30,82,124,381,1455,164,1061,3185,False,,0.0,,0.17796610169491525,,0.0,490.29517404653063,0.7104778426256125,True,26.14503816793893,33.30152671755725,447.0286726595367,1365.3626762818085,3.1733645733382283,True,94.72010178117048,81.30407124681933,2026-06-30,False
3130004,0.0086888296187123,0.6946714815264169,2,8,15,2,113,140,330,963,2021,148,983,4445,False,,0.5,174998723.65239665,0.08994708994708994,,136.31214069140827,1386.2667830900139,1.2799081348828074,False,67.21374045801527,76.38751786398967,1925.4089872661418,1415.0573704854453,2.112746352397939,True,95.85241730279898,82.09669211195929,2026-06-30,False
3120017,0.07119801197330466,1.091946985860887,22,44,230,21,90,407,71,420,1365,177,615,2648,False,,0.9428571428571428,115615785.27272727,0.8828828828828829,16155923.112244898,363.042258561894,384.6340577320918,0.9391074458133294,False,54.79643765903309,64.43056572205376,742.5864379675105,563.2141559648486,2.212968506087117,False,92.7735368956743,75.76929039650844,2026-06-30,False
3120012,0.25688784454997043,1.783758650918471,62,372,718,52,100,1304,90,552,1472,110,198,2422,False,,1.0,102431411.1875,0.8217054263565892,35823244.179245286,1212.1692227514322,309.4589056180728,1.3441711493224473,False,80.94147582697201,81.13391892362927,325.85194159984735,111.00156397170002,0.7864316983923244,False,50.699745547073796,53.96664307500463,2026-06-30,False
3120011,0.11598840761697587,1.244874879527542,5,38,180,19,355,597,125,561,1812,259,1228,3985,False,,0.8709677419354839,68860577.74074075,0.8249027237354085,26566430.91273585,228.9316497793409,450.64769899840223,0.8341609346363172,False,47.67175572519084,51.58940708982537,2138.7035703070005,986.4445175936506,2.93984664079701,False,96.76844783715013,83.63195322110442,2026-06-30,False
3120016,0.05878769158282426,1.0521956423054086,12,62,116,10,30,230,90,547,1524,206,1669,4036,False,,0.9824561403508771,76282783.76785715,0.9230769230769231,10946076.358333332,569.9174152693278,519.8652969152182,0.8033264046323687,False,62.55725190839694,63.83573843633448,275.7664912593521,1586.2069114287006,3.9428391705053083,False,92.08651399491093,72.01022867060983,2026-06-30,False
3120015,0.053939794002835134,0.9632070407677233,24,37,98,16,28,203,120,551,1282,187,1335,3475,False,,0.84375,66913087.11111111,0.6101694915254238,29715568.166666668,355.9753062334409,572.0473134839483,0.938656536022241,False,61.69211195928753,60.58173864547388,269.386718230712,1385.994852089058,3.6602995002109577,False,91.6793893129771,80.96365198928262,2026-06-30,False
3120014,0.1360259562822107,1.379368356840805,43,135,325,41,84,628,120,613,1631,239,1459,4062,False,,1.0,83396697.32520325,0.7272727272727273,107495822.2734375,725.705179524508,444.40630884411917,0.8936495895309098,False,64.9236641221374,67.0447384014779,451.5498894819161,1057.7305132195268,3.425758359726532,False,94.73282442748092,93.23350690056115,2026-06-30,False
3120013,0.1342833354517019,1.3160151408078564,5,39,150,7,19,220,118,508,1283,191,828,2928,False,,0.9428571428571428,125160691.54545455,0.4230769230769231,,211.63063879002428,386.0137959265091,1.026227750300358,False,50.305343511450374,62.01739342605179,103.10210607719132,629.172092573129,2.6938719074641053,True,75.1145038167939,67.58015267175573,2026-06-30,False
3120009,0.40151967685323087,2.1409248540884454,222,541,1160,101,484,2508,509,1689,4656,310,1798,8962,False,,1.0,91749797.11797753,0.9686765857478465,90945872.12853678,1198.1759106721172,788.9113888208542,1.1146538538677222,False,84.66921119592875,82.053835965004,1071.9355651854062,839.8239651272326,1.9204153877382855,False,93.63867684478372,91.97091485095125,2026-06-30,False
3120010,0.09912026629079931,1.1515087182865673,1,39,93,12,21,166,51,348,923,128,665,2115,False,,0.7435897435897436,42337300.37931035,0.13548387096774195,,261.5338677302663,302.21221470022414,0.9738656337896077,False,45.05089058524173,41.62694761058245,140.82592877783568,577.5032263668077,2.986343148888786,True,81.19592875318065,71.83715012722645,2026-06-30,False
3120008,0.18231858518615443,1.4419696322827262,19,195,504,37,370,1125,390,1541,3754,247,1148,7080,False,,0.9769585253456221,87998415.38207547,0.40638297872340423,,839.3646158087117,1068.6771520704654,1.2865436773047874,False,92.58269720101781,87.09099306354351,1592.6405530729403,796.1332709778677,1.5522478242891362,True,92.93893129770993,80.05725190839695,2026-06-30,False
3120007,0.19767462515347953,1.7181646077541013,21,148,328,23,107,627,83,546,1520,101,711,2961,False,,1.0,137466980.97902098,0.4957983193277311,,597.558187110557,317.7809608787739,1.0900731066046556,False,65.1526717557252,73.04979260343686,432.01841905965944,413.81366883664515,2.2891114469496423,True,90.08905852417304,78.06234096692113,2026-06-30,False
3120006,0.2703260950695938,1.6851912980065453,113,510,1271,68,146,2108,407,1900,5216,313,1067,8903,False,,1.0,149842495.71261683,0.7535545023696683,16338119.610062893,1592.127547052318,1127.468437706483,1.261765232654572,False,93.21882951653944,93.0613998396598,455.7855330777224,633.162538438325,1.1485382593406719,False,86.59033078880408,71.63972161838802,2026-06-30,False
3120005,0.2516427438712981,2.2329177227462824,4,96,208,16,123,447,31,362,890,71,352,1706,False,,0.9387755102040817,100710362.42391305,0.4049079754601227,,318.25728266468866,162.1197217937674,1.2510211842213774,False,53.80407124681934,61.90942521523929,407.76714341413236,157.64127644034843,1.96129597998769,True,78.40966921119593,69.88676844783714,2026-06-30,False
3120004,0.1240673552147224,1.2015248704854238,10,100,390,22,30,552,125,906,2428,144,625,4228,False,,0.9883720930232558,157556099.84705883,0.5740740740740741,129375838.35483871,574.4902591105844,754.0418199033784,1.2659343445048061,False,87.07379134860051,89.17083202621212,172.34707773317533,520.1723371298141,1.4143271344091892,False,80.26717557251908,83.50490369546534,2026-06-30,False
3120003,0.3945216386605419,2.1597198157821142,54,415,987,60,69,1585,170,1409,3924,227,330,6060,False,,1.0,111378826.61068702,0.5818181818181818,24098590.390625,933.5878479403203,652.399440753267,1.373784503675943,False,93.70229007633588,91.29936561051275,155.22303977802915,152.79759790530738,0.5244473247011437,False,42.30279898218829,43.81725730077684,2026-06-30,False
3120002,0.17663678049778775,1.6323740431894622,25,136,379,23,93,656,100,559,1389,99,229,2376,False,,0.9794520547945206,83993220.53146853,0.47101449275362317,,600.0791208791793,342.44602352766,1.3870836050720874,False,79.87277353689568,77.64610129317857,410.3482223659094,140.2864747546228,0.9249974602653243,True,64.16030534351145,59.912213740458014,2026-06-30,False
3120001,0.1482919353622951,1.4148555387378352,33,140,192,28,20,413,56,487,1190,133,115,1981,False,,1.0,96431280.60344827,0.6829268292682927,15415324.42857143,706.0297220066408,344.2047521222153,1.4477052204843632,False,82.49363867684478,81.44417721077764,100.86138885809154,81.28038294467098,0.5631853349825144,False,23.969465648854964,26.712400788635563,2026-06-30,False
3110036,0.018430769710986578,0.7963909714948001,1,5,28,3,15,52,56,351,1195,132,428,2162,False,,0.6666666666666666,29623915.5,0.6842105263157895,3576854.846153846,73.06654624984071,440.7382963435464,0.9610817895167728,False,36.539440203562336,31.23970859911464,219.19963874952214,537.4244753134982,1.8857034405828705,False,84.63104325699744,61.228485246785624,2026-06-30,False
3110034,0.029603568842623884,0.8436123068493161,0,11,39,4,26,80,63,393,1309,170,673,2608,False,,0.6666666666666666,14326417.75,0.6444444444444445,6730794.24137931,138.18475930076679,465.8538013364908,0.8927916059930158,False,41.73027989821883,30.718045243821674,326.61852198363056,797.7598175558735,2.457318528270231,False,91.14503816793894,68.17238764470957,2026-06-30,False
3110033,0.07786913372453341,1.098320513138765,1,17,58,5,8,89,53,256,890,111,210,1520,False,,0.7142857142857143,63902886.6,0.0,,132.94842550996592,233.0831455277174,0.996531510616517,False,29.30025445292621,37.13118268325839,62.56396494586632,191.20101781570568,1.3183102317894286,True,53.9821882951654,52.787531806615775,2026-06-30,False
3110032,0.009322805511170977,0.6833781010840694,1,8,17,3,5,34,58,367,1176,149,737,2487,False,,1.0,17735757.0,0.0,,134.85538876770642,537.0379873423125,0.8745948640094323,False,43.12977099236642,32.336958416117675,84.28461797981652,1078.465930984426,2.819232444680277,True,72.82442748091603,65.97709923664121,2026-06-30,False
3110031,0.03287752954007633,0.906462424030544,0,8,31,3,7,49,7,70,327,39,39,482,False,,0.0,,0.0,,96.52797379935791,77.22327825653068,0.8674901497031563,True,13.053435114503817,24.13740458015267,84.46197707443817,43.024397885781376,0.7888937268570588,True,24.287531806615775,32.00127226463104,2026-06-30,False
3110030,0.009160977572614316,0.773059518325308,1,14,12,7,6,40,64,343,1085,143,493,2128,False,,1.0,104609710.375,0.42857142857142855,,236.64247235969634,443.6915811385995,0.954290680062687,False,51.73027989821883,61.00571647669838,101.41820243986986,637.7258002954214,2.2041942795840326,True,74.05852417302799,66.84096692111959,2026-06-30,False
3110029,0.15322997470306668,1.6814293149617812,2,21,90,13,17,143,104,510,1673,211,797,3295,False,,0.8636363636363636,26602470.315789472,0.48,,103.33121396429084,303.3133747948199,0.9165156944811523,False,28.56234096692112,24.788159224789986,83.64907797109258,474.0014896303362,2.307145785665694,True,69.86005089058524,63.90203562340967,2026-06-30,False
3110028,0.15912380127517525,1.4341341842225388,6,25,130,11,25,197,117,536,1394,166,404,2617,False,,0.72,25192054.444444444,0.55,41549245.09090909,119.54641149193623,373.7446648275607,1.2093855942756575,False,50.5089058524173,39.60280943915786,119.54641149193623,281.7030682655495,1.4746359169347871,False,70.3944020356234,69.24296884215492,2026-06-30,False
3110027,0.11767326367583224,1.332649065190937,4,11,100,7,9,131,80,483,1221,98,170,2052,False,,0.9090909090909091,16947912.0,0.0,,65.60378058404487,362.43600255765574,1.3869688764991885,False,51.463104325699746,38.07896754853776,53.6758204778549,127.56546673871941,0.797252518358068,True,27.544529262086517,34.281170483460556,2026-06-30,False
3110026,0.016485206266736895,0.7184514048266716,0,1,16,1,4,22,103,355,909,117,457,1941,False,,0.0,,0.0,,15.040940024883525,494.11831839293956,1.0808509792711871,True,40.49618320610687,43.347328244274806,60.1637600995341,636.0903422692207,2.2382040846755134,True,65.68702290076337,60.98091603053435,2026-06-30,False
3110025,0.03918373224232771,0.8747855256907521,2,4,27,2,5,40,100,343,946,111,360,1860,False,,1.0,68752255.33333333,0.0,,44.851229023823585,392.0961080479227,1.0896080886641686,False,38.536895674300254,45.103680853288715,56.06403627977948,411.5294428491317,1.8420688065973827,True,61.48854961832061,58.041984732824424,2026-06-30,False
3110024,0.05284980148655468,0.9622934615679901,2,12,73,8,12,107,78,467,1157,96,174,1972,False,,0.8666666666666667,130320450.46153846,0.5555555555555556,9030537.5,116.67499427861057,485.2989432548529,1.3951074978922755,False,61.85750636132316,70.42354212415908,116.67499427861057,180.818021683821,0.848266660752602,False,50.63613231552163,41.7035707665605,2026-06-30,False
3110023,0.015968922002453156,0.7248241293453183,1,18,19,5,1,44,58,314,748,62,93,1275,False,,0.6666666666666666,55789485.75,0.0,,272.8557547041718,433.2085360949748,1.4465753299121733,False,75.52162849872774,67.88797099933772,15.158653039120654,128.30698680519956,0.7062376205526223,True,17.290076335877863,27.103053435114504,2026-06-30,False
3110022,0.06018173051700756,1.2100378162111511,0,13,74,5,10,102,54,413,1121,95,178,1861,False,,0.5384615384615384,18275601.714285713,0.0,,117.9868925546902,341.3116470137919,1.3080456077331013,False,53.104325699745544,39.4104709121963,90.75914811899246,147.10284060158585,0.918339485157018,True,45.63613231552163,46.94529262086514,2026-06-30,False
3110021,0.07765544937667886,1.3207193969322595,15,46,107,7,10,185,74,441,934,92,124,1665,False,,0.7631578947368421,40091578.20689655,0.0,,360.344977238423,333.90892950035106,1.557036122054573,False,75.02544529262087,61.69589389661543,78.33586461704847,93.88822507492864,0.7190875868799781,True,24.681933842239182,32.27735368956743,2026-06-30,False
3110017,0.0838551574831826,1.2451067635994362,0,3,54,3,15,75,14,207,664,42,283,1210,False,,0.0,,0.0,,22.41228546144676,166.25080358698787,1.0118672353241858,True,15.89058524173028,26.123409669211195,112.0614273072338,227.28974596675152,2.2123148355392965,True,69.23664122137404,63.46564885496183,2026-06-30,False
3110018,0.1668721751638925,1.5582079801521187,0,15,157,7,43,222,32,278,868,52,318,1548,False,,0.7692307692307693,102426093.7,0.41818181818181815,,69.16516601848231,178.41007332850427,1.0613351253679926,False,23.587786259541986,40.940674125971626,198.27347591964926,204.08058747649048,1.951098778589563,True,76.83206106870229,68.7824427480916,2026-06-30,False
3110019,0.04099884967300892,1.0013264223060938,18,29,106,5,43,201,233,555,1209,94,651,2742,False,,0.3870967741935484,,0.5974025974025974,41607604.86956522,318.68534716875286,554.2648107914833,1.1954030145312766,True,73.56234096692111,66.49363867684477,472.5334458019439,650.1376429283886,2.262438911886077,False,92.46819338422392,84.89329828286402,2026-06-30,False
3110020,0.13369150567029053,1.4880361025974658,0,48,74,16,7,145,19,208,684,66,108,1085,False,,0.6981132075471698,30584276.135135137,0.3,,261.30767356306404,139.7815547868242,1.1306115436615929,False,42.92620865139949,35.89309491442713,38.10736906128017,72.57888421623564,0.9555632406643192,True,26.412213740458014,33.488549618320604,2026-06-30,False
3110002,0.03153104300396345,0.8999385690837781,1,8,47,9,4,69,3,37,192,29,18,279,False,,0.8333333333333334,119511069.2,0.0,,98.12213489788297,41.11391740623971,0.8055355245481549,False,11.145038167938932,34.285544982397425,49.061067448941486,20.001365224657153,0.6555841495904619,True,11.055979643765902,22.739185750636132,2026-06-30,False
3110004,0.018780704446169336,0.7741721153672988,1,9,40,1,3,54,10,103,394,81,50,638,False,,0.6,174998723.65239665,0.0,,130.85065168304254,133.0453499363415,0.9571847847464853,False,21.641221374045802,44.48675450521105,43.61688389434752,64.58512132832111,0.7625395135705784,True,16.24681933842239,26.37277353689567,2026-06-30,False
3110035,0.09577854011019328,1.233863519854785,5,19,81,11,13,129,83,467,1497,155,400,2602,False,,0.7777777777777778,23559021.5,0.41379310344827586,,130.3346842795791,378.4859447461109,1.06117219254572,False,44.32569974554707,34.54397155704277,89.17636292813307,324.18496337996646,1.4684692859122987,True,66.0941475826972,61.26590330788804,2026-06-30,False
3110012,0.12434766686765937,1.4607975645143385,1,31,100,2,11,145,117,734,1675,113,176,2815,False,,0.90625,123542053.72413793,0.0,,177.80564866136643,502.4652407905869,1.536980859551312,False,71.22137404580153,76.52162849872772,63.09232694435583,120.4821285819391,0.6036572620841177,True,22.519083969465647,30.76335877862595,2026-06-30,False
3110013,0.01706435884978394,0.7427114507776873,1,3,34,3,8,49,80,416,978,84,190,1748,False,,0.0,,0.0,,44.73314964092384,560.1098509581476,1.4011607099917618,True,58.05343511450381,55.63740458015267,119.28839904246357,255.81940308184625,1.0414118679682542,True,63.9058524173028,59.73409669211196,2026-06-30,False
3110015,0.06939895954124108,1.0820448987432694,0,3,34,1,5,43,54,280,802,65,169,1370,False,,0.42857142857142855,,0.0,,25.12584708884153,258.76929906069824,1.2047284475657603,True,33.358778625954194,38.351145038167935,41.87641181473589,156.18575550449285,1.178780153800139,True,44.61832061068702,46.232824427480914,2026-06-30,False
3110007,0.0802518389451018,1.1910069963653158,2,7,44,2,1,56,53,289,690,92,93,1217,False,,0.6666666666666666,9750000.0,0.0,,53.74204354189842,242.65180715307525,1.3952432405920108,False,41.0559796437659,29.60676565931193,7.677434791699774,78.08518361673356,0.7390858819736744,True,10.788804071246819,22.552162849872772,2026-06-30,False
3110037,0.05523150448918982,0.9598364278891338,1,24,55,4,9,93,53,306,920,99,146,1524,False,,0.72,12825909.111111112,0.47619047619047616,,228.06858189949628,318.8043203079438,1.1843299938802436,False,56.11959287531806,40.60791592596465,85.5257182123111,152.10925086588168,0.9200637539190651,True,45.12722646310432,46.589058524173026,2026-06-30,False
3110038,0.03689327950661435,0.9008818196079205,0,21,46,9,3,79,46,365,704,77,51,1243,False,,0.6875,174998723.65239665,0.0,,241.67576732331148,405.1585813540497,1.7199703644543356,False,73.16793893129771,80.5554567952874,34.525109617615925,56.61119903851106,0.4076700101857418,True,7.353689567430025,20.147582697201017,2026-06-30,False
3001493,0.6060583256011925,2.4788867121427076,28,278,817,111,1389,2623,292,1561,4026,581,2574,9034,False,,1.0,73042088.6328125,0.989436314832453,9911245.365975322,423.74281241724805,629.7181683832167,1.0222479626269592,False,69.08396946564886,67.81083342047475,2117.189807365315,1038.3693564499679,2.7259815553788322,False,96.7557251908397,74.483974521005,2026-06-30,False
3001492,0.9836178774112327,3.2392511639381856,74,992,2852,372,2428,6718,446,2869,8528,695,3029,15567,False,,1.0,155781746.8229476,0.9409891742729781,41599625.94969547,959.735722145724,885.698531790278,1.090237656163876,False,82.86259541984732,86.17733277562829,2349.030577993768,935.0926639221861,1.8638598456784359,False,94.50381679389314,86.2188969212881,2026-06-30,False
3130048,0.008632595511199843,0.6914293661694175,0,12,18,2,30,62,47,348,1129,127,1190,2841,False,,0.625,79282138.0,0.9875346260387812,17900577.90743338,204.6643150516472,503.3052066156115,0.727600760877293,False,45.419847328244266,52.43316253616368,511.66078762911803,1721.0724019326944,3.984381122448792,False,96.28498727735368,79.02200765043895,2026-06-30,False
3130047,0.010175002064311685,0.697429327220273,0,3,13,4,25,45,43,322,1071,119,1277,2832,False,,0.0,,0.9784431137724551,3774816.697674419,49.854589066632144,461.69552588702794,0.6761400421316819,True,28.676844783715016,35.07379134860051,415.4549088886012,1831.009896142033,4.288355391322095,False,95.6615776081425,69.44654803430902,2026-06-30,False
3130024,0.07806833720407992,1.121825531330275,3,113,219,130,853,1318,57,800,2022,328,1975,5182,False,,0.9914529914529915,71667171.27586207,0.9325053995680346,40760368.1731326,882.3414316680932,713.1233669208347,0.913890925661695,False,72.67175572519083,69.86566279758792,6660.506559406049,1760.5233120858106,3.6387888728076128,False,98.93129770992365,88.92078256913197,2026-06-30,False
3130022,0.007684610402818835,0.6533797090583313,0,0,15,15,124,154,51,555,1065,234,1454,3359,False,,0.0,,0.9147286821705426,16042568.652542373,0.0,849.4295006496011,0.9777684143643254,True,37.86259541984733,41.50381679389313,2149.6201349734793,2225.3522413414776,4.12223829108718,False,99.07124681933843,79.8796740980402,2026-06-30,False
3130035,0.09972704427716338,1.1135328448090456,8,42,194,17,40,301,140,640,2125,325,1107,4337,False,,0.9565217391304348,93567798.12121212,0.8556149732620321,134053598.975,280.51044621072447,574.7473035784145,0.8739545691868569,False,56.221374045801525,62.551308864024534,267.1528059149757,994.1332266582888,2.4372322845757592,False,89.77099236641222,90.2569131995349,2026-06-30,False
3130046,0.004221553194853214,0.616804093743148,0,0,19,1,9,29,22,251,800,99,1042,2214,True,일반의류 x29,0.0,,0.6548672566371682,,0.0,406.93633934362697,0.6751521143280622,True,22.290076335877867,30.603053435114504,165.98565459121323,1689.3532493866905,4.465331583403587,True,87.41730279898218,76.19211195928753,2026-06-30,False
3130042,0.028172561692626004,0.8349399989706595,4,35,78,24,10,151,36,206,709,73,108,1132,False,,0.9090909090909091,92544220.06666666,0.5833333333333334,32672098.64285714,447.7274281687194,246.7243158238476,1.074697824803188,False,54.4529262086514,61.08508487573634,127.92212233391983,129.3506121794929,0.9169130923758313,False,49.60559796437659,52.40603778036163,2026-06-30,False
3130038,0.1336103840500062,1.4214967353937076,0,51,120,14,748,933,176,914,2259,416,2287,6052,False,,0.0,,0.0,,277.7620681089049,642.9842413580024,0.8940612354401434,True,57.849872773536894,55.49491094147582,4073.843665597272,1608.8675711003843,3.6101079102729026,True,98.65139949109415,84.05597964376591,2026-06-30,False
3130036,0.09224272661770917,1.0882951984618252,9,33,146,92,26,306,146,580,2366,292,690,4074,True,청과상 x17,0.8205128205128205,53656971.53125,0.6987951807228916,,231.9978025216757,532.9436358993042,0.8434623881086373,False,51.10687022900764,50.15837080414096,182.78614744132025,634.0191530526205,1.6192481120611644,True,82.70992366412214,72.8969465648855,2026-06-30,False
3130034,0.0022117493190529024,0.5954250767408554,0,3,9,0,0,12,84,314,1501,75,147,2121,False,,0.0,,0.0,,57.45833148910128,527.35434274741,0.8776293842563395,True,35.305343511450374,39.71374045801526,0.0,246.88244708238622,0.6691615999495725,True,25.92875318066158,33.150127226463106,2026-06-30,False
3130033,0.011005037142233312,0.7362824575563842,2,11,29,4,24,70,135,408,1814,189,557,3103,False,,0.0,,0.9027777777777778,152659590.2,180.3129793094542,554.1351634997436,0.7800612024640488,True,45.50890585241731,46.85623409669211,393.4101366751728,756.5031521307774,1.7140928953162238,False,90.25445292620866,90.89334883642553,2026-06-30,False
3130032,0.019722474645917646,0.7662366683590268,27,58,124,11,6,226,234,729,2997,165,342,4467,False,,0.864406779661017,71954607.74509804,0.0,,831.8694982435766,951.4031762030223,0.9657834219524244,False,75.0763358778626,71.68585520582802,86.05546533554241,446.3372925396895,0.7358093267168336,True,48.01526717557252,48.61068702290076,2026-06-30,False
3130031,0.029341462997293274,0.8385521002767978,21,7,27,2,3,60,272,831,2777,166,601,4647,False,,0.4444444444444444,,0.7272727272727273,73287237.33333333,88.22625315390017,990.9938806732403,1.0576461375561297,True,49.91094147582697,49.93765903307887,37.8112513516715,716.7115791631978,1.2384229781233822,False,57.913486005089055,65.67189053468816,2026-06-30,False
3130025,0.017828729581708155,0.7412777928898238,0,3,19,5,260,287,49,541,1330,265,1822,4007,False,,0.0,,0.8892857142857142,23454230.371485945,44.229045988339294,729.8208649836201,0.8003037317193696,True,34.91094147582697,39.43765903307887,3833.1839856560723,2457.917959334854,4.334524606433969,False,99.70737913486005,83.80178791095832,2026-06-30,False
3130052,0.07000223133689847,1.0353931804623264,24,107,78,66,91,366,115,731,1577,234,635,3292,False,,0.9224137931034483,59083649.88785047,0.8972602739726028,39186378.9389313,891.6500869021714,706.0119902215234,1.3109455289829695,False,92.60814249363867,80.62478650353793,758.3192327859589,613.2935893169184,1.8416857969076936,False,92.02290076335879,83.78689146150347,2026-06-30,False
3130051,0.06020603169890604,0.9938347258174198,1,49,107,8,18,183,100,554,1156,162,271,2243,False,,0.7804878048780488,36603811.53125,0.75,7393550.684210527,444.62176202726295,557.4367504056976,1.4552312612846514,False,86.0178117048346,68.38598417511938,163.33044319368844,272.6811540793214,1.156278073582531,False,72.72264631043257,55.6740643378326,2026-06-30,False
3130050,0.014439622436704198,0.7402582189950299,0,0,32,9,69,110,71,377,1255,164,772,2639,False,,0.0,,0.9991809991809992,326580.72172131145,0.0,509.2817483496677,0.8469540151811917,True,29.69465648854962,35.786259541984734,1070.7697747263376,1042.8793361430862,2.7844029748242263,False,95.91603053435115,67.24055912239017,2026-06-30,False
3130049,0.01019624034027507,0.6769447957237891,0,16,23,3,5,47,62,402,936,108,187,1695,False,,0.7647058823529411,172264688.23076922,0.625,26929739.6,265.7973306896875,593.8445831024992,1.396192899151159,False,78.67684478371501,83.70392833490187,83.06166584052734,276.24113691583915,1.056734908720955,False,58.295165394402034,56.8993310078695,2026-06-30,False
3130055,0.03970926769917673,0.9169550531731427,8,42,59,18,11,138,96,620,1189,191,378,2474,False,,0.85,38090679.323529415,0.6896551724137931,2775831.4,468.1790530365174,676.1509169445947,1.4769287603934844,False,89.03307888040712,70.95329220258635,122.618323414326,412.23394613718835,1.4592993397334288,False,73.52417302798982,52.85764959641406,2026-06-30,False
3130054,0.07288396744376537,1.1735738645775178,2,18,101,10,66,197,98,662,1643,223,710,3336,False,,0.9230769230769231,26460508.083333332,0.4649122807017544,,146.47964559117307,564.0889082327319,1.1725260219887388,False,59.898218829516544,46.63194952769354,537.0920338343012,604.9896145698484,2.031237317268294,True,91.74300254452925,79.22010178117047,2026-06-30,False
3130053,0.04221226501258432,0.9617076803306078,23,72,80,22,26,223,108,649,1257,198,344,2556,False,,0.9253731343283582,48197290.22580645,0.5142857142857142,21567863.388888888,780.8071951185026,674.8412363483384,1.4964455135596202,False,95.0763358778626,78.79087803687824,281.9581537927926,357.69704977477414,1.286972002338827,False,82.40458015267176,70.79578888832718,2026-06-30,False
3130327,0.03621293784281447,0.8492957822556951,0,9,53,12,101,175,65,530,1292,182,1674,3743,False,,0.0,,0.9868995633187773,8038768.283588094,104.392684267517,624.0464289041228,0.8390523911379671,True,39.82188295165394,42.87531806615776,1171.5179012243575,1971.0447584632104,4.261733821039252,False,98.3969465648855,74.24210100601587,2026-06-30,False
3120035,0.04895109674305224,0.938792232269166,3,13,236,6,12,270,82,440,1716,207,258,2703,False,,0.75,105001740.22222222,0.3333333333333333,,131.37802841900063,468.68730361825715,0.9635052058184468,False,43.52417302798982,55.35276586845132,121.27202623292366,274.821191667069,0.9160564209792004,True,60.20356234096692,57.14249363867684,2026-06-30,False
3120034,0.09521298461721786,1.1994661138041525,4,30,342,14,22,412,205,719,3391,271,443,5029,False,,0.8518518518518519,43044919.30434783,0.3469387755102041,,206.59309550781663,599.4333576624888,0.8468003666165632,False,50.39440203562341,45.68704032904597,151.50160337239888,369.3309839283484,0.8454783277875462,True,62.74809160305343,58.9236641221374,2026-06-30,False
3120039,0.19897566420458382,1.661035589450124,31,192,457,34,141,855,127,866,2246,321,1544,5104,False,,1.0,69659915.8306011,0.9897003745318352,10006103.735572375,771.1597059632029,521.361496105381,1.00383491696027,False,72.29007633587787,69.00487991913278,566.320409066727,929.5405888992011,2.8891981066637547,False,94.42748091603053,73.05287902532733,2026-06-30,False
3120038,0.13683707316210558,1.5309043984072996,27,104,355,30,50,566,40,262,962,103,150,1517,False,,0.9545454545454546,108447331.91666667,0.808695652173913,52598924.78494623,556.6347098028367,171.14066709363158,1.0214110134064105,False,48.651399491094146,59.30712119627732,267.61284125136376,97.98129795436923,0.9490169264353193,False,55.279898218829516,61.64294862073032,2026-06-30,False
3120037,0.3706378615605334,2.078584037131062,35,231,620,79,400,1365,123,974,3019,404,2065,6585,False,,1.0,96523103.93969849,0.9706513958482462,37400700.114306785,549.1659717530138,468.5882228482571,0.8756871348130171,False,61.94656488549619,67.10688765729026,950.9367476242662,993.4647640468695,2.997467137746114,False,95.87786259541986,86.08801375056873,2026-06-30,False
3120036,0.088201948562552,1.2240351030486782,2,45,82,4,9,142,48,346,1408,98,240,2140,False,,0.8863636363636364,142784336.15384614,0.5769230769230769,9540655.933333334,325.6104596791008,282.6716318332907,0.9571929888098324,False,46.32315521628499,60.00611732719858,65.12209193582017,196.0728082080629,1.074196634245485,False,51.31043256997455,42.47359418971066,2026-06-30,False
3120029,0.05687627189349183,0.9486465272102261,0,29,100,10,12,151,221,1176,3123,234,936,5690,False,,0.8205128205128205,120258105.59375,0.3333333333333333,,271.3418000667175,1239.6608918796906,1.2216439286165506,False,76.1323155216285,79.86796333089336,112.27936554484862,986.6688731287333,1.574112957276143,True,74.75826972010178,67.33078880407123,2026-06-30,False
3120033,0.08552759700710226,1.132625988578935,7,33,93,8,25,166,255,812,3180,324,1133,5704,False,,0.6,36094259.61111111,0.8778625954198473,212761456.3309089,243.49284373625136,716.9180366581445,0.8430759499680827,False,54.77099236641221,46.23923803548398,184.4642755577662,1000.3302161744799,1.8996632563962705,False,84.74554707379134,88.47751209072678,2026-06-30,False
3120032,0.23651609283064415,1.8017078792326313,90,265,1127,55,136,1673,284,932,3971,263,435,5885,False,,1.0,79259255.49242425,0.2892561983471074,,924.9044176957905,517.2869646309977,0.9373081019102788,False,70.17811704834605,69.7182892397783,474.6679275721793,241.43758542326609,0.7101563207213478,True,63.524173027989825,59.466921119592875,2026-06-30,False
3120031,0.25477385270027325,1.6765221644536692,89,301,1184,47,132,1753,468,1618,5363,370,1178,8997,False,,0.9819494584837545,117025604.29411764,0.7453874538745388,103324835.20792079,987.6175312716719,965.093116157674,1.0637970530574783,False,81.65394402035625,83.3221443758932,433.1080203583411,702.6450499590482,1.2544707951406722,False,88.32061068702289,88.4469440372074,2026-06-30,False
3120030,0.13795448553664516,1.3116186052236272,33,116,442,25,45,661,266,1065,3975,245,684,6235,False,,1.0,54629776.86885246,0.3333333333333333,,617.1706925152562,811.973843431735,1.010546183628177,False,74.28753180661577,66.56748231029314,239.41966519988384,521.4930600068608,1.0515353686338709,True,78.89312977099237,70.22519083969466,2026-06-30,False
3120028,0.2215149245081082,1.7060660328571502,12,284,749,101,403,1549,220,1479,4669,399,2235,9002,False,,1.0,110226794.77207977,0.9158200290275762,63769622.77654517,1045.9830173774442,866.9066563168822,0.972154847656611,False,76.25954198473282,78.95245564502073,1484.2646338137677,1310.0313569088787,2.3757888462590833,False,96.32315521628499,91.66461924742597,2026-06-30,False
3120027,0.15715558874239516,1.4626720676441218,9,88,340,30,360,827,76,828,2369,359,2465,6097,False,,0.9893617021276596,59524801.795698926,0.9100642398286938,57325304.11058824,424.80147667862786,566.0872442403529,0.8044494021883403,False,60.012722646310436,57.899316811321405,1737.824222776205,1685.271808034384,3.8621276769563755,False,98.26972010178116,92.62986367389581,2026-06-30,False
3120026,0.20030607536670794,1.4840589035086325,17,193,722,36,36,1004,284,1708,5139,309,1042,8482,False,,1.0,168635285.25465837,0.38095238095238093,,771.0559950142945,1150.8977143440352,1.190716746030497,False,87.20101781170484,89.53386315312488,143.82391616846945,702.1284650740541,1.1771856288954006,True,76.24681933842238,68.37277353689566,2026-06-30,False
3120025,0.07526060775539685,1.0204005572805583,0,49,135,16,371,571,93,996,3066,256,1590,6001,False,,0.8524590163934426,63545408.615384616,0.9028248587570622,39941721.4543179,391.1844344207953,976.0872756228323,0.9820648952351516,False,67.76081424936386,63.96225033985151,2961.8250034717357,1558.2116146990998,2.532609743503839,False,97.264631043257,87.55544040577658,2026-06-30,False
3120024,0.10686651716234515,1.1895847003842988,5,59,135,18,26,243,45,601,1422,256,1674,3998,False,,0.9344262295081968,95903204.68421052,0.36363636363636365,,376.11595557348545,505.21833359646035,0.8902224746256832,False,59.529262086513995,65.27778939663285,165.746014320519,1407.2137944101075,3.9919368686149697,True,86.7175572519084,75.70229007633588,2026-06-30,False
3120023,0.08881591346273618,1.1277823340962476,9,103,527,18,17,674,105,1036,3176,194,644,5155,False,,1.0,174998723.65239665,0.2894736842105263,,741.9898585881464,918.6169783641825,1.1879447171438065,False,86.34860050890583,89.78191989961307,122.46434559221834,571.0321757398973,1.196599415320942,True,72.78625954198473,65.95038167938931,2026-06-30,False
3120022,0.10851724646608528,1.305957618637514,32,158,228,21,20,459,85,1040,2980,356,2190,6651,False,,1.0,174998723.65239665,0.48484848484848486,,996.736970407848,796.3504980238306,0.9254841125450353,False,74.10941475826972,81.2144898741678,126.1692367604871,1676.9303756463355,3.1472363574095805,True,81.51399491094146,72.05979643765902,2026-06-30,False
3120021,0.13268883292387335,1.277809332573779,5,82,330,25,15,457,64,768,2072,290,1509,4703,False,,1.0,174998723.65239665,0.631578947368421,34946460.791666664,448.85064230592303,601.0286358240045,0.9663789402845563,False,66.18320610687023,75.66614381818815,82.10682481205909,1180.9273586698214,3.06308464041118,False,72.51908396946564,68.84282897730144,2026-06-30,False
3120020,0.058426452569221396,1.0001341073883252,3,49,178,14,9,253,52,554,1754,126,314,2800,False,,0.9795918367346939,174998723.65239665,0.0,,451.919239622061,553.9257144691064,1.1688129529682023,False,76.73027989821882,83.04909547213217,83.0055746244602,313.95789592653324,1.074375887282374,True,60.13994910941476,57.097964376590326,2026-06-30,False
3120019,0.09082735094338118,1.2597800622991695,0,24,169,10,6,209,70,666,1595,148,138,2617,False,,1.0,72205934.875,0.0,,170.42144043204408,528.6637087941466,1.4999579099119147,False,71.33587786259542,69.20452089651086,42.60536010801102,109.54293065103938,0.5111744806874967,True,15.305343511450383,25.713740458015266,2026-06-30,False
3120018,0.14468270186519994,1.5625845125799693,16,80,225,18,26,365,79,661,1511,131,245,2627,False,,0.8148148148148148,109624112.65151516,0.5757575757575758,62852752.684210524,410.92505514636184,423.01711982837253,1.483178807163496,False,81.53944020356234,82.51139809683153,133.5506429225676,156.79151945227122,0.8953497688442669,False,52.87531806615776,61.05245774564818,2026-06-30,False
3120043,0.43545472917608674,2.3278211173796057,10,188,357,38,152,745,116,1101,2906,375,1718,6216,False,,1.0,151732042.35882354,0.8341968911917098,7430765.121118013,387.26577104125323,472.9744875067461,1.0477210723879642,False,65.76335877862596,73.9338945240336,313.1084957354813,738.029218471017,2.6419104922251724,False,90.53435114503817,68.2415954704009,2026-06-30,False
3110591,0.05103790267270184,0.9543006762034533,2,15,39,8,15,79,35,284,710,80,148,1257,False,,0.6923076923076923,141123703.55555555,0.65,212761456.3309089,148.45913863226556,297.60012444909165,1.32889341423062,False,54.05852417302799,65.37521349646205,148.45913863226556,155.08738879741395,1.1258384843767157,False,62.8880407124682,73.17725763780058,2026-06-30,False
3110052,0.06889311625227522,1.0650777410739578,3,32,78,10,18,141,26,340,1229,105,214,1914,False,,0.76,83083672.0,0.5882352941176471,2887475.7,269.1493082921664,319.2255240046283,1.0502107970335497,False,52.31552162849873,58.1277144550176,151.39648591434357,200.9243004029131,1.0708492648553634,False,66.93384223918575,48.443093540939955,2026-06-30,False
3110051,0.044892666441989734,0.9301704360572051,0,15,35,4,10,64,62,448,1252,138,546,2446,False,,0.8333333333333334,22906720.0,0.75,90468431.38095239,158.0733323493431,481.63216399241503,1.0826299364084422,False,54.05852417302799,41.08297605353968,105.38222156622872,586.9891998657558,2.126328850610419,False,73.96946564885496,78.00379151711238,2026-06-30,False
3110050,0.03455303249031161,0.9679435187708265,0,13,22,2,4,41,34,186,664,73,100,1057,False,,0.6923076923076923,146298536.33333334,0.0,,153.74966003128966,192.1599725531485,1.0399897744320015,False,32.04834605597964,50.05941301544145,47.30758770193528,103.31181320061746,0.9096161822725782,True,28.816793893129773,35.17175572519084,2026-06-30,False
3110056,0.12960734496759782,1.455987114344762,6,60,151,13,33,263,109,664,1402,225,370,2770,False,,0.8461538461538461,43713147.31818182,0.7037037037037037,10806137.245614035,334.0620619430922,456.04799208598763,1.4137698531340952,False,78.95674300254453,66.04597580954372,183.7341340687007,254.12312812020394,1.2776376155293152,False,75.49618320610688,60.198321621758254,2026-06-30,False
3110055,0.02757546729511887,0.8117459702000185,3,13,97,2,22,137,80,421,1200,190,632,2523,False,,0.9,24378910.333333332,0.35714285714285715,,167.57875206274102,518.6351586029597,0.9874054991260408,False,50.152671755725194,39.12513506919028,283.5948111831002,778.5686941498112,2.385161626957873,True,89.87277353689566,77.91094147582696,2026-06-30,False
3110054,0.06915518322098599,1.0256581269704506,1,32,134,7,15,189,38,283,1011,116,166,1614,False,,0.4782608695652174,,0.7228915662650602,32523298.366666667,268.557347947278,275.9203993594966,1.0367210004465461,True,46.98473282442748,47.88931297709924,125.88625685028657,161.84730139108282,0.9863318927106361,False,57.264631043257,57.66802318723354,2026-06-30,False
3110053,0.08554969248815195,1.0626269956825962,1,28,97,14,19,159,42,420,1288,129,277,2156,False,,0.8,34950835.958333336,0.7192982456140351,56141372.46341463,206.56631148349825,395.2468756265749,1.1504710612479854,False,57.51908396946565,47.84326745442504,140.1699970780881,260.674725115622,1.2286117239985865,False,71.01781170483461,73.45419004768887,2026-06-30,False
3110049,0.07069254501320163,1.0252579609667134,3,36,132,8,19,198,46,342,1080,118,184,1770,False,,0.7142857142857143,90813007.25,0.1702127659574468,,298.27857218573223,333.5745861241877,1.1408015489969958,False,60.20356234096691,64.79089546516084,157.42480198691425,179.46702879196062,0.9967250743554102,True,63.511450381679396,59.458015267175576,2026-06-30,False
3110048,0.13560649734642657,1.3261381390131317,0,7,75,8,15,105,54,524,1587,153,391,2709,False,,0.5,64103252.25,0.7121212121212122,155172832.5106383,37.71419697088944,395.1322902076729,1.1428425248190706,False,41.0178117048346,45.37913486005088,80.81613636619166,294.84107914351165,1.3795996383386069,False,62.82442748091603,71.79166877306506,2026-06-30,False
3110047,0.0853860903070754,1.222744398763332,1,2,40,3,8,54,39,276,902,91,146,1454,False,,0.0,,0.35294117647058826,,14.772566335756562,225.7217455088266,1.1205888336046632,True,25.521628498727736,32.86513994910941,59.090265343026246,119.40353204452421,0.9634629875944928,True,36.55216284987277,40.58651399491094,2026-06-30,False
3110046,0.05801328848578472,1.0444139644047135,0,1,15,3,2,21,29,149,540,73,74,865,False,,0.0,,0.0,,9.258120125947343,142.66373782633767,1.0185010142147548,True,13.791348600508904,24.65394402035623,18.516240251894686,70.85313153791266,0.8262313572027,True,15.432569974554706,25.802798982188293,2026-06-30,False
3110045,0.04482025075995535,0.8903885558987175,4,43,65,5,4,121,54,333,1340,146,329,2202,False,,0.9361702127659575,67757375.81818181,0.47619047619047616,,453.489625426722,373.9940251858752,0.8961443968496502,False,55.712468193384225,56.80694691345114,42.185081435043905,369.50160446292176,1.42665621842682,True,56.81933842239185,54.77353689567429,2026-06-30,False
3110044,0.029574814551538795,0.874268663471786,0,6,21,1,2,30,43,288,1146,111,123,1711,False,,0.75,119305075.33333333,0.0,,75.40074122464887,329.4181892055133,0.9959516494184673,False,31.908396946564885,48.68290982606574,25.13358040821629,140.6890183065213,0.6945812359909591,True,20.114503816793892,29.080152671755723,2026-06-30,False
3110043,0.11005783539506013,1.2554145142760382,2,35,157,11,11,216,97,483,2024,207,224,3035,False,,0.8461538461538461,24299538.40909091,0.25,,218.6709567426788,384.73348404652813,0.9421432955534456,False,46.335877862595424,36.27073094217296,68.72515783341333,178.427123036071,0.7104751223138192,True,34.75826972010179,39.33078880407125,2026-06-30,False
3110042,0.0726069917535452,1.254970354477544,0,8,97,2,3,110,65,265,1203,65,138,1736,False,,1.0,42026134.75,0.0,,65.24913372053824,211.16036650150355,0.9047974721867356,False,18.015267175572518,22.51936282198752,24.46842514520184,109.96275689512261,0.7661828144846002,True,17.849872773536894,27.494910941475826,2026-06-30,False
3110041,0.13056042485107902,1.3665246921749459,1,27,158,6,5,197,19,300,1144,110,597,2170,False,,0.84,174998723.65239665,0.32,,149.53442883327733,219.53500124650017,0.8204317337299014,False,24.59287531806616,46.5529122660253,27.69156089505136,436.87465248053536,2.615342798671749,True,58.21882951653944,55.7531806615776,2026-06-30,False
3110040,0.07624157194126455,1.0490893824201666,0,11,44,1,7,63,17,301,1006,151,1213,2688,False,,0.5454545454545454,75799288.0,0.0,,87.13452970244924,286.91549551823385,0.6662495634975971,False,20.648854961832058,34.3628742723692,55.44924617428588,1156.2408507096932,4.289798139911865,True,67.78625954198473,62.45038167938931,2026-06-30,False
3110039,0.009927791206470036,0.6814786977375312,1,7,15,1,2,26,15,345,1018,219,1646,3243,False,,1.0,42778809.833333336,0.0,,116.80724183347263,506.2520679595408,0.6328115754160252,False,35.737913486005084,35.290512042943284,33.37349766670646,2415.3359532214613,4.830757997416625,True,65.1526717557252,60.60687022900763,2026-06-30,False
3110057,0.030230297014019792,0.84551304533609,2,13,69,4,5,93,87,564,1037,178,314,2180,False,,0.8571428571428571,174998723.65239665,0.4375,,162.03355196015693,667.0506186877471,1.5234867197768653,False,73.25699745547072,80.6177977622085,62.320596907752666,371.37215295736274,1.3757845072439452,True,60.35623409669212,57.24936386768448,2026-06-30,False
3110058,0.1356202570016365,1.3730524154309658,5,24,114,19,20,182,41,201,691,121,337,1391,False,,0.8695652173913043,28762361.85,0.6162790697674418,212761456.3309089,129.2962330064461,146.3891674790225,0.8579988568035712,False,18.727735368956743,18.58886681306424,107.74686083870509,245.43855443000285,2.2948605930605814,False,69.47837150127226,77.79048918996344,2026-06-30,False
3001491,0.37256526571112414,2.4181525113535365,138,426,694,49,488,1795,224,743,1605,123,758,3453,False,,0.9884526558891455,95821791.21962617,0.9450726978998385,46012386.56923077,1008.1282929942092,307.25936288613707,1.2707318518086868,False,77.78625954198473,78.01202551500575,1154.8511900966528,313.4624455823579,2.095132399996445,False,90.06361323155217,84.40214515612624,2026-06-30,False
3130062,0.010505708881803877,0.7511460301389662,0,1,7,4,2,14,25,85,379,49,72,610,False,,0.0,,0.0,,16.527366069761626,113.16041966470159,0.8326600739973519,True,6.259541984732824,19.38167938931298,33.05473213952325,95.85353195127664,1.1254718888965791,True,32.608142493638674,37.82569974554707,2026-06-30,False
3130061,0.010572910974858529,0.7029232172412583,5,15,10,3,100,133,118,376,568,37,397,1496,False,,0.9375,78181038.86666666,0.9256198347107438,26968913.42857143,247.63544889275533,534.9090637177642,1.4774598736159337,False,77.6208651399491,74.65424030116071,1650.902992618369,564.7843039785968,2.5139243622655707,False,94.55470737913487,82.38034814552685,2026-06-30,False
3130059,0.03329002358764939,0.8734089571520253,2,25,66,23,14,130,23,263,878,82,91,1337,False,,0.8260869565217391,70379602.4736842,0.5,20341077.133333333,300.1559961583095,301.1189636268206,1.1602336043309458,False,58.765903307888046,59.67494510090975,168.08735784865334,104.18945129293031,0.6601792531225795,False,38.37150127226464,39.57528267866472,2026-06-30,False
3130058,0.007485791154107021,0.6476245445507655,8,46,28,14,3,99,12,84,191,42,62,391,False,,0.8421052631578947,82457329.5,0.0,,800.1977371535847,129.7047814305245,1.2517480949587156,False,63.2442748091603,65.68651748056746,52.186808944799004,95.73448153205379,1.4831988833272716,True,39.19847328244275,42.43893129770992,2026-06-30,False
3130056,0.04024608911503229,0.9187857861242755,15,73,105,49,39,281,50,247,793,121,391,1602,False,,0.9523809523809523,71210871.68333334,0.6818181818181818,17628117.444444444,808.8993186945803,268.8330661295087,0.9138329332288162,False,54.63104325699746,57.05451566802607,432.1516908094333,425.561655290032,2.315394245961669,False,90.44529262086513,74.83488364255261,2026-06-30,False
3120041,1.031423148031266,3.565643690694089,41,390,807,68,266,1572,118,868,1995,162,803,3946,False,,0.9446064139941691,95508985.16049382,0.7360406091370558,11894093.103448275,360.63589050224806,243.43430676076187,1.299175418117555,False,63.24427480916031,67.7413120011154,245.97217147076404,225.2047791807509,1.943859382481451,False,79.80916030534351,64.31012082301197,2026-06-30,False
3120040,0.36502472838478833,2.242797398104128,10,83,330,31,402,856,97,561,1503,183,776,3120,False,,0.9523809523809523,79788569.35,0.9779208831646734,212761456.3309089,199.98808341619326,250.13405155286083,1.0632241754174012,False,41.47582697201018,49.900658789082925,968.6169823290325,345.99647772730833,2.3714036988606573,False,91.19592875318067,92.99277926629932,2026-06-30,False
3120042,0.08715414434090134,1.185368128475279,11,58,182,18,21,290,74,493,1171,82,142,1962,False,,1.0,66655526.408163264,0.6136363636363636,11864680.666666666,422.8818624382141,415.90455163843353,1.4793344350794027,False,81.09414758269719,74.11750148140402,153.11239846900855,119.79400878835204,0.6985085150527186,False,40.81424936386769,36.91434541563453,2026-06-30,False
3120047,0.1562101509189901,1.5079724565940786,39,160,338,23,68,628,67,311,738,58,180,1354,False,,1.0,140626298.62142858,0.4628099173553719,,775.9074870317912,206.23718864363587,1.3511786903130987,False,70.71246819338423,76.9873122102548,329.76068198851124,119.36557542075388,1.2686091201116523,True,67.98982188295166,62.592875318066156,2026-06-30,False
3120046,0.2834289116370955,2.2695786263017252,154,407,563,49,317,1490,226,740,1600,118,767,3451,False,,0.9876543209876543,93807171.1625,0.9277389277389277,49281556.83919598,1220.6499970313894,326.0517134873749,1.2663629823923006,False,79.58015267175573,78.9481160026491,950.7273932652345,337.94819492542774,2.1211243609018515,False,90.13994910941476,85.64763325076251,2026-06-30,False
3120045,0.06686977414663946,1.0940852645382655,25,131,171,7,20,354,59,386,955,59,121,1580,False,,1.0,152491072.9180328,0.28,,1120.905734237417,352.80614090246684,1.4371234540029654,False,85.39440203562341,87.81261110530168,171.13064644846062,110.59467111191319,0.7391868795389156,True,42.531806615776084,44.77226463104326,2026-06-30,False
3120044,0.1344190906363482,1.3682017125901282,29,139,219,10,47,444,77,405,777,53,143,1455,False,,0.9436619718309859,70802708.42537314,0.34285714285714286,,753.7180642219462,296.00898483988794,1.6337927603890956,False,80.52162849872774,75.08660113632402,254.85430948511848,104.51675267186167,0.9434454477348946,True,55.75063613231552,54.02544529262086,2026-06-30,False
3110099,0.2631870018948174,1.8225624458932101,0,7,82,4,23,116,56,279,751,61,138,1285,False,,0.375,,0.4772727272727273,,22.350863725662926,153.08117460044906,1.278101389514356,True,29.9236641221374,35.94656488549618,73.4385522414639,75.71757023248018,1.0289573006690524,True,35.85241730279898,40.096692111959285,2026-06-30,False
3110098,0.041414403527599855,1.024223743129886,3,20,34,3,11,71,51,240,589,42,105,1027,False,,0.7037037037037037,134838689.47368422,0.30434782608695654,,218.7839030636085,234.32380044871175,1.3717690173742916,False,55.43256997455471,66.2000592561609,120.33114668498469,102.51666269631139,0.9807856477169415,True,46.7557251908397,47.729007633587784,2026-06-30,False
3110097,0.007814447879179363,0.686366436822056,0,0,9,0,2,11,31,167,315,22,112,647,False,,0.0,,0.0,,0.0,243.3102655386624,1.5037745887364145,True,38.664122137404576,42.0648854961832,34.5934290366242,163.1781421576658,1.6304329762864516,True,47.722646310432566,48.405852417302796,2026-06-30,False
3110096,0.05006839450457291,1.1016532958441896,1,7,78,2,24,112,1,36,231,11,67,346,False,,0.0,,0.5384615384615384,4910182.047619048,69.95215656907651,32.67815757988854,0.6462605790018456,True,6.997455470737913,19.898218829516537,239.8359653796909,60.81768216257034,1.788203110072596,False,60.31806615776082,45.40145425745244,2026-06-30,False
3110095,0.14919203696770136,1.6273959169324856,11,47,94,6,76,234,141,422,955,74,352,1944,False,,0.7924528301886793,64668516.5952381,0.7619047619047619,46047615.03125,235.95320734443297,259.30997835820864,1.2800216507849382,False,56.90839694656489,56.68519293108858,381.5413565569554,216.29647483907453,1.7248276703437841,False,82.46819338422392,79.18468901134085,2026-06-30,False
3110093,0.23476811655483903,1.6943190022683683,12,34,176,12,47,281,215,683,1433,120,486,2937,False,,0.9069767441860465,55024301.94871795,0.5875,46934885.38297872,119.39538882139031,403.1118101641981,1.3720826009465787,False,58.42239185750637,55.553208546829794,165.0465669001572,286.84090737891694,1.5805657431861213,False,76.65394402035624,75.31338995332221,2026-06-30,False
3110092,0.10515268202703869,1.2812091755606831,5,7,51,3,10,76,76,199,766,78,177,1296,False,,0.5454545454545454,19914117.166666668,0.0,,45.11684818171625,155.32202219275675,0.9105455329988708,False,12.862595419847327,11.697880720833767,64.45264025959465,138.1507433573766,1.302407570535911,True,47.58269720101781,48.30788804071246,2026-06-30,False
3110091,0.05514143062650151,0.9791594390979121,1,15,25,0,30,71,133,369,682,56,349,1589,False,,0.7777777777777778,55018917.571428575,0.4090909090909091,,142.66497907266597,376.85384551871886,1.3670094326578832,False,59.68193384223919,56.38922583568615,285.32995814533194,356.4281628347775,2.085266978106684,True,85.49618320610686,74.84732824427479,2026-06-30,False
3110090,0.09705945940493352,1.2172237421982668,4,20,73,5,17,119,31,123,625,68,130,977,False,,0.9,65186285.05555555,0.391304347826087,,135.99941194486019,101.04962278986275,0.7524621885048371,False,15.470737913486005,27.815817909303213,115.59950015313116,106.80041433074925,1.2675060845773392,True,52.6208651399491,51.83460559796437,2026-06-30,False
3110088,0.0965604311176303,1.443767797169252,3,17,83,12,8,123,24,110,564,65,110,873,False,,0.7916666666666666,28156626.157894738,0.0,,115.99310857891581,76.18953699872887,0.7539478758310673,False,12.022900763358779,13.621509986405938,54.584992272430966,76.18953699872887,1.2011385040346865,True,35.737913486005084,40.01653944020356,2026-06-30,False
3110087,0.05254215134730601,1.0150024082573739,2,12,88,3,25,130,177,455,935,75,476,2118,False,,0.46153846153846156,,0.7857142857142857,8241695.636363637,117.02504621106004,448.2747984619814,1.2672286863184843,True,57.137404580152676,54.99618320610687,243.8021796063751,468.96440454484207,2.138576946471226,False,86.04325699745547,65.89253155384796,2026-06-30,False
3110079,0.2930409786001958,1.8141046715295237,6,65,329,20,27,447,43,481,1420,156,298,2398,False,,0.9365079365079365,66292748.983050846,0.38028169014084506,,189.48173557933904,265.14456830898024,1.184446541231441,False,48.18066157760814,51.03239917738506,78.70779785603314,164.26836040764266,1.1890787951352026,True,53.62595419847328,52.538167938931295,2026-06-30,False
3110081,0.10501044409014862,1.4251118118703958,15,93,159,16,25,308,67,318,848,77,159,1469,False,,0.9764705882352941,45967777.6626506,0.34210526315789475,,599.959573987895,223.14038614460654,1.2751479673503203,False,66.88295165394402,58.416239673742545,161.27945537309006,111.57019307230327,1.0369692703850335,True,55.470737913486005,53.8295165394402,2026-06-30,False
3110060,0.09471894494979326,1.1581290203020553,4,17,97,12,18,148,52,241,898,133,190,1514,False,,0.8461538461538461,39902499.45454545,0.5714285714285714,53837527.5,117.46907086627628,208.09425873564936,0.9429250976329743,False,23.346055979643765,25.428997176618214,124.37901621135136,164.0577143559061,1.1992424230877954,False,62.45547073791349,67.16253812581095,2026-06-30,False
3110061,0.10024876087932981,1.203082824779781,0,9,94,7,11,121,39,281,1067,118,136,1641,False,,0.4444444444444444,,0.13636363636363635,,59.90066039365359,233.56662917321245,1.0128882860399462,True,23.078880407124686,31.15521628498728,73.21191825890995,113.04292372796047,0.7982667831102322,True,29.75826972010178,35.83078880407125,2026-06-30,False
3110062,0.13268414035639212,1.324660063494411,15,109,168,11,19,322,22,329,759,67,241,1418,False,,0.957983193277311,111039740.60526316,0.0,,596.6582528037502,248.3656064425378,1.3650057294514333,False,71.34860050890585,75.6061208128551,104.0046495712959,181.93346854909302,1.6164324752859152,True,63.06615776081426,59.146310432569976,2026-06-30,False
3110063,0.11032910654075419,1.1910964902538876,16,43,125,11,22,217,62,343,1041,133,412,1991,False,,0.7,79997947.57142857,0.7272727272727273,6326102.145833333,268.19833857846515,287.969952733962,1.0189803501114687,False,47.06106870229007,53.85599010073547,137.2177546215403,345.8997682985199,1.969352545936074,False,75.9796437659033,57.05992282156277,2026-06-30,False
3110064,0.13154972578773466,1.4309367825838861,1,19,92,12,16,140,63,438,1278,148,209,2136,False,,0.7857142857142857,72320665.72727273,0.4444444444444444,,104.65452325835253,306.0931868765649,1.210261647617933,False,44.109414758269715,50.191658823939484,88.13012484913897,146.05816451415998,0.9389627568662566,True,45.534351145038165,46.87404580152671,2026-06-30,False
3110082,0.07113952008305995,1.146640586313817,7,52,101,3,45,208,170,460,850,67,457,2004,False,,0.9473684210526315,58965992.68518519,0.7446808510638298,33225388.22857143,429.25710754298785,401.171915149797,1.3527973033999676,False,78.14249363867685,70.45317020460804,371.472496912201,398.55557657273306,2.1688791793979534,False,88.77862595419847,80.02583286992568,2026-06-30,False
3110084,0.2257252811564681,1.9311625086344792,23,84,262,22,67,458,67,334,944,74,202,1621,False,,0.9166666666666666,54207356.90909091,0.5757575757575758,6328751.298245614,304.6510629989414,172.95281909556678,1.215088305965539,False,52.03562340966921,50.899822231517305,242.99549072534614,104.60020795600147,1.1912057153623206,False,62.09923664122138,47.4429755826298,2026-06-30,False
3110085,0.18183031585287052,1.7071208472140171,15,69,236,12,59,391,153,513,926,74,502,2168,False,,0.8529411764705882,80181217.27586207,0.1625,,297.63147993030543,300.50596642715976,1.3945241957651906,False,67.3791348600509,68.12429851162466,254.49648283895684,294.06236870649946,2.2033389474313325,True,83.70229007633587,73.59160305343511,2026-06-30,False
3110086,0.13375733050630145,1.5656332631832668,0,3,49,4,10,66,223,675,1350,98,653,2999,False,,0.0,,0.0,,16.325879309054958,431.1354490690756,1.328371436765603,True,50.02544529262087,50.01781170483461,54.419597696849856,417.0836270253428,2.0768094155004326,True,61.768447837150134,58.23791348600509,2026-06-30,False
3110065,0.018065070423732794,0.802143851738912,0,3,25,0,9,37,52,257,736,101,330,1476,False,,0.0,,0.7884615384615384,212761456.3309089,44.07547044796659,320.3914103971096,1.0295752595194472,True,30.356234096692113,36.24936386768448,132.22641134389977,411.3975308601018,2.1207730461022347,False,76.88295165394402,82.97369529683365,2026-06-30,False
3110066,0.13373741193400437,1.3050030358584224,7,49,215,7,9,287,47,297,977,96,209,1626,False,,0.7692307692307693,66289686.925,0.0,,266.68493631335156,227.58567745755118,1.079227243999834,False,45.92875318066157,49.41040119906584,48.982947486125795,160.15288413679528,1.2281360696692702,True,47.264631043257,48.0852417302799,2026-06-30,False
3110067,0.2049363051500872,1.5469650935323684,3,30,161,10,17,221,78,520,1596,125,228,2547,False,,0.88,30145576.09090909,0.19230769230769232,,117.67645248619364,336.1420384816974,1.2055023973444665,False,47.671755725190835,39.16931576562445,66.68332307550973,147.3853553342827,0.8598976955751134,True,36.972010178117046,40.88040712468193,2026-06-30,False
3110068,0.1453124140983608,1.4147944168109994,7,55,172,13,20,267,96,596,1507,125,215,2539,False,,0.7894736842105263,87332715.35555555,0.34146341463414637,,281.60012385235063,421.26261802997976,1.3842871276328619,False,74.28753180661577,74.23871518700547,102.40004503721842,151.96554173900276,0.8140593611444644,True,42.43002544529262,44.70101781170483,2026-06-30,False
3110069,0.17354216405098996,1.4807968557818427,16,153,323,21,44,557,81,552,1481,115,183,2412,False,,1.0,64465587.8125,0.5714285714285714,20333334.777777776,684.4346374185619,372.7722663947383,1.349675535683309,False,81.6793893129771,73.88790128620725,196.83087612037073,123.58211005477739,0.7307606903924798,False,45.85241730279898,44.71258615169438,2026-06-30,False
3110071,0.0277831640772186,0.8888486762048119,3,12,28,3,3,49,17,108,226,37,64,452,False,,0.7647058823529411,80754612.23076923,0.0,,154.27503036630262,121.50549681992689,1.3879293218134479,False,44.31297709923663,52.0236501795113,38.568757591575654,72.0032573747715,1.3352734142808864,True,33.88040712468194,38.716284987277355,2026-06-30,False
3110072,0.018090382868817673,0.7591462845807376,4,22,30,2,2,60,38,184,591,45,60,918,False,,0.85,107278099.64705883,0.0,,323.0999602746397,242.37752820145826,1.179995660386301,False,55.24173027989822,63.82902854752693,29.372723661330884,79.03615050047553,0.638451132993856,True,10.94147582697201,22.659033078880405,2026-06-30,False
3110073,0.04142140436598053,0.9912345389138789,2,29,71,2,17,121,70,396,726,46,145,1383,False,,0.45454545454545453,,0.0,,317.2123661971593,399.5018176363259,1.6793586374746168,True,76.98473282442748,68.88931297709924,185.95207673626584,146.2822312052203,1.0050895581662593,True,61.577608142493645,58.10432569974555,2026-06-30,False
3110074,0.10592214309217902,1.294671081158768,12,87,223,16,19,357,39,397,1192,111,169,1908,False,,1.0,81485325.0595238,0.3448275862068966,,557.9707812800315,306.64159088551935,1.2274769113169863,False,70.73791348600508,70.70375405207571,121.855687865754,130.53508528879792,0.8515439707534544,True,45.36895674300254,46.75826972010178,2026-06-30,False
3110075,0.1289048548973175,1.2729190860178672,3,23,134,6,16,182,75,525,1459,122,179,2360,False,,0.6842105263157895,65506138.23076923,0.0,,128.55995446965852,412.437841310387,1.3122017468033977,False,58.99491094147582,58.37406322980933,89.43301180497983,140.62166398963672,0.7306140143653657,True,34.92366412213741,39.44656488549619,2026-06-30,False
3110076,0.008988836433612634,0.6684845119822596,0,11,11,1,2,25,41,207,360,26,77,711,False,,0.7692307692307693,154344177.8,0.0,,186.47596164029525,309.65564091557206,1.6932731063454658,False,62.56997455470737,71.9268360695737,33.904720298235496,115.18591473671039,1.0367606591097507,True,33.48600508905852,38.44020356234097,2026-06-30,False
3110077,0.04579679918770469,0.9564084879374805,1,16,58,9,8,92,32,260,937,92,103,1424,False,,0.7142857142857143,102576778.4,0.0,,167.02019415752633,271.8503686230313,1.078603740700375,False,41.45038167938931,53.535815120778,83.51009707876317,107.69456910835468,0.6998042461033022,True,27.43002544529262,34.20101781170483,2026-06-30,False
3110110,0.05194164878309127,1.0107545726412321,1,13,89,11,18,132,68,446,1198,133,148,1993,False,,0.6666666666666666,119343671.66666667,0.5454545454545454,24617997.166666668,127.52393310472202,441.2544964645022,1.319208464550633,False,60.19083969465649,68.52628185018648,176.57159968346127,146.4252589164716,0.7162403012322458,False,47.23918575063614,47.769416780412186,2026-06-30,False
3130073,0.021455854179824648,0.7692791003951863,14,75,60,22,26,197,52,304,914,79,202,1551,False,,0.925,48522221.91891892,0.6451612903225806,35573324.9,1049.5990966850134,395.1751709409916,1.156619741763774,False,77.79898218829516,66.87937885600752,363.861020184138,262.5835017436852,1.2439472713872177,False,81.7175572519084,75.57977352004448,2026-06-30,False
3130072,0.11806507177096269,1.2028778197215029,16,97,159,36,25,333,38,230,758,115,167,1308,False,,0.9767441860465116,68289486.20238096,0.8048780487804879,28396105.151515152,577.1574008678649,191.20811459741682,1.0394580400282265,False,51.24681933842239,53.81797901634772,148.75190744017138,138.83371799029828,1.2190711207156868,False,62.17557251908397,60.11230473686871,2026-06-30,False
3130071,0.010658964184147496,0.7282330202701628,0,14,74,2,5,95,50,467,2386,95,323,3321,False,,0.8181818181818182,10333333.333333334,0.0,,230.79853387372438,641.2782543515405,0.8334840975172592,False,52.63358778625954,37.80241555997072,82.42804781204443,443.5393493694809,0.9330860973204551,True,56.99745547073791,54.89821882951654,2026-06-30,False
3130069,0.023243181880570427,0.8182076553387453,32,120,73,8,5,238,61,328,613,82,144,1228,False,,1.0,70921353.64444445,0.42857142857142855,,1638.377756385171,400.8762297197098,1.5664640674602461,False,90.10178117048346,81.83837010700965,68.26573984938213,175.99444231597016,1.1213068503876165,True,51.14503816793893,50.801526717557245,2026-06-30,False
3130068,0.21830321394702065,1.6827118556945995,6,55,76,67,10,214,35,317,945,190,112,1599,False,,0.9130434782608695,49108171.015873015,0.0,,204.99195365904313,188.386382925404,1.169754637002728,False,43.30788804071247,42.91826135452612,37.27126430164421,66.55922677490615,0.6775955340367881,True,12.595419847328245,23.81679389312977,2026-06-30,False
3130070,0.05616643761350809,1.0846296822089305,2,58,267,24,30,381,54,517,2437,110,299,3417,False,,1.0,83061276.90566038,0.5,212761456.3309089,546.3120106859493,476.66038324443633,0.8960923062995743,False,62.88804071246819,65.4828157133396,282.57517794100823,275.670124932469,0.840345472146671,False,66.95928753180661,76.02713041133748,2026-06-30,False
3130067,0.08669497382113288,1.097520642825419,39,114,270,23,25,471,88,467,1317,146,244,2262,False,,1.0,59749390.684210524,0.6865671641791045,7149266.4130434785,833.9736042465647,425.50452517938203,1.2185886608989247,False,81.69211195928753,73.16621353131862,182.88894829968524,222.3192808217756,1.0337507887949013,False,69.44020356234097,53.17767891747973,2026-06-30,False
3130066,0.0810075519529078,1.0804592796826513,15,89,168,15,19,306,91,521,1570,156,277,2615,False,,0.8586956521739131,105744148.56962025,0.5,14359071.9,679.350149463079,482.2023465363973,1.1767471369895564,False,79.51653944020356,80.59308445745755,145.02980718874718,256.3724567957429,1.0154046233122533,False,66.93384223918575,56.29077566014526,2026-06-30,False
3130065,0.06933809552873288,1.1271100463597115,3,42,127,15,23,210,77,430,1433,143,198,2281,False,,0.8285714285714286,44854478.06896552,0.6176470588235294,31616998.85714286,351.9412624603827,381.50666954730315,1.1138445407593924,False,63.66412213740458,55.797762208511976,192.72973896640005,175.6705129543396,0.8344139006741582,False,57.8880407124682,57.806396710648265,2026-06-30,False
3130064,0.011274052797490374,0.7028557619289234,6,47,28,13,14,108,32,215,499,79,114,939,False,,0.8958333333333334,44455648.65116279,0.8125,27971612.846153848,767.0457208915842,305.8949099456084,1.3437021329695333,False,78.12977099236642,65.78673010561539,228.48170409536553,162.1954406223226,1.1589042112987964,False,69.98727735368956,65.38182262440388,2026-06-30,False
3130063,0.015023541954510954,0.7406315936598168,5,35,56,12,10,118,10,81,327,50,38,506,False,,1.0,57778697.39393939,0.6470588235294118,5629432.2727272725,538.2665869614613,109.36611493946681,0.9500680034245549,False,41.78117048346056,44.68060929276029,153.79045341756037,51.307560095058506,0.7356829482267,False,33.93129770992367,27.42740508568829,2026-06-30,False
3120052,0.2989392463000814,1.9965283836090535,27,219,1283,54,170,1753,106,884,4401,197,617,6205,False,,1.0,98631580.44907407,0.825503355704698,41404936.046070464,627.6164183941178,442.7685612973979,0.843654443067582,False,62.07379134860051,67.33293248283314,487.19082706392703,309.0364279643603,0.9535693207865125,False,77.54452926208651,74.04938240399036,2026-06-30,False
3120051,0.21816291297124493,1.8598222245907887,22,212,625,30,94,983,89,864,3804,154,497,5408,False,,0.9846938775510204,79627774.88601036,0.7836538461538461,31439875.53374233,790.5642046136809,464.5605308809036,0.9455416448901536,False,67.92620865139948,68.32460176374218,350.5331850645566,267.2298424164457,0.8817582506339746,False,70.75063613231552,66.71087575619703,2026-06-30,False
3120050,0.058912842675049884,1.0562042090648904,5,33,197,3,15,253,51,428,1551,65,224,2319,False,,0.5151515151515151,57566021.058823526,0.25,,302.99457060778514,405.22466803927006,1.0907883077622749,False,62.12468193384224,58.87540520757084,137.72480482172054,212.0802000953189,0.9270354405669883,True,60.585241730279904,57.40966921119593,2026-06-30,False
3120049,0.19372460922064402,1.8223935434098317,25,124,374,35,127,685,137,741,1836,216,286,3216,False,,0.9841269841269841,58592797.46774194,0.6649214659685864,3727961.3858267716,508.77094601367367,406.60811309369257,1.3598663096390278,False,80.61068702290076,72.04391927219491,521.0799205140045,156.93646470282872,0.8539842821234247,False,64.16030534351145,47.19698195237854,2026-06-30,False
3120048,0.06103140747864208,1.1978922845164588,13,78,133,29,35,288,35,236,639,86,128,1124,False,,0.95,45599768.98245614,0.8181818181818182,20000993.777777776,702.5039290347105,197.01270560838762,1.2359565457901929,False,65.0,57.05251141552512,315.2261220027547,106.85434880454922,1.0894311710284008,False,62.684478371501285,56.19701565475288,2026-06-30,False
3110138,0.1020738239903634,1.3722293973817097,2,29,120,17,19,187,44,355,1373,110,145,2027,False,,0.8571428571428571,18968737.5,0.5333333333333333,8447483.9375,190.6968552447111,258.7031007186989,1.0356622655048662,False,39.847328244274806,30.541531597476382,124.9393189534314,105.66746367383477,0.6904188360179505,False,34.529262086513995,29.932072864533303,2026-06-30,False
3110137,0.3309827667095718,1.906306711327985,1,84,625,25,59,794,130,844,3555,221,450,5200,False,,1.0,59316639.29333334,0.6993865030674846,128485556.92982456,220.4824137466415,442.7409267273925,0.960521123766527,False,50.41984732824428,51.13864198821848,154.86264775061724,236.05855098024483,0.8306668366321829,False,58.587786259541986,68.229993428037,2026-06-30,False
3110111,0.019485146334908644,0.7874934579730979,0,1,8,0,1,10,4,53,327,36,44,464,False,,0.0,,0.0,,14.391564999807878,67.30214640311408,0.6954948728266296,True,2.8244274809160306,16.977099236641223,14.391564999807878,55.873480032773955,0.9146785984966169,True,18.256997455470735,27.779898218829516,2026-06-30,False
3110100,0.02605980393469153,0.9464609299964454,0,5,20,0,2,27,1,51,254,19,34,359,False,,0.0,,0.0,,65.73774505510468,53.884950116421116,0.8528058314009849,True,9.910941475826972,21.93765903307888,26.295098022041874,35.92330007761408,0.915105266437788,True,18.651399491094146,28.0559796437659,2026-06-30,False
3110101,0.02381822142294835,0.8119224186240697,0,5,33,1,3,42,5,103,384,33,49,574,False,,0.0,,0.0,,67.73395380731317,126.85941124097756,1.0586083380971063,True,20.826972010178114,29.57888040712468,40.64037228438791,60.350593697164086,0.8274650118606679,True,18.61323155216285,28.029262086513995,2026-06-30,False
3110102,0.03468220912739243,0.932104675103964,4,40,111,9,11,175,7,116,500,43,59,725,False,,0.7941176470588235,49810574.666666664,0.5,4066411.3,472.35423369536386,124.44954209360846,0.948760169747774,False,40.76335877862596,41.36540137334867,129.89741426622504,63.29761192692154,0.7889591340091029,False,33.99491094147582,26.379219115986718,2026-06-30,False
3110103,0.01905692191199441,0.7679148095478666,0,4,26,0,2,32,18,148,457,52,70,745,False,,0.0,,0.0,,57.92323041993629,192.72971188970757,1.1685702043116382,True,29.4910941475827,35.64376590330789,28.961615209968144,91.15594481269953,0.9046799394725223,True,23.536895674300254,31.47582697201018,2026-06-30,False
3110104,0.06683816212964368,1.1443381050051247,2,9,60,5,5,81,36,251,692,115,140,1234,False,,0.6363636363636364,56707326.28571428,0.0,,77.02962658736104,219.34076904559248,1.198608658664693,False,34.3765903307888,39.22343058315033,42.794236992978355,122.34146480630656,1.085643913118995,True,37.87531806615776,41.51272264631043,2026-06-30,False
3110108,0.01177781540899509,0.8191825913410038,0,6,5,4,0,15,8,79,484,67,66,704,False,,0.6666666666666666,174998723.65239665,0.0,,97.12224299738473,96.43759625149848,0.6776613774852718,False,10.165394402035624,36.45367562480393,0.0,80.56811838732784,0.9029657240953585,True,18.71501272264631,28.100508905852415,2026-06-30,False
3110109,0.029788470403236865,0.9646207047379043,5,21,95,13,13,147,22,164,469,78,85,818,False,,0.47368421052631576,,0.28,,263.19592158954424,170.01501128317602,1.17960601230247,True,46.90839694656489,47.835877862595424,162.9308086030512,88.11753633579245,0.9963913580315433,True,50.916030534351144,50.6412213740458,2026-06-30,False
3110129,0.07069274601235563,1.0575214429603732,4,23,352,7,23,409,31,387,1950,100,205,2673,False,,0.7857142857142857,68838243.63636364,0.0,,190.56654819706753,365.9500264284489,0.8581891455144136,False,40.407124681933844,46.45850325908884,190.56654819706753,193.84949720370034,0.7382327857073991,True,54.87277353689568,53.410941475826974,2026-06-30,False
3110130,0.04306535896196093,1.0137950571985008,1,6,30,2,5,44,31,207,647,96,112,1093,False,,0.5,108631594.5,0.0,,64.47081993690487,204.18327997378415,1.1172888439910866,False,28.10432569974555,44.96983164278992,53.72568328075406,110.47597757035663,0.9829057212341297,True,34.732824427480914,39.31297709923663,2026-06-30,False
3110131,0.13186514549006162,1.3909429870254506,12,129,338,13,103,595,108,818,3520,172,541,5159,False,,0.8473282442748091,71678576.7927928,0.7251184834123223,212761456.3309089,709.3167833363071,588.0902435471518,0.9384653099635965,False,70.13994910941476,68.13906026700128,566.3537107258886,388.9447698765392,1.0053676227798964,False,81.69211195928753,86.34010751057411,2026-06-30,False
3110132,0.07645014802799488,1.0563673530292237,2,21,105,5,19,152,26,298,1777,81,189,2371,False,,0.25,,0.5319148936170213,24820411.92,166.0733524436112,282.0988353582298,0.7468208310888843,True,29.338422391857502,35.536895674300254,150.2568426870768,178.91503316344105,0.7671981563291349,False,51.39949109414758,50.88030601755893,2026-06-30,False
3110136,0.2606282955711468,1.7095383579201435,13,77,440,17,75,622,142,820,3092,233,536,4823,False,,0.9021739130434783,65688578.975903615,0.7247191011235955,39945895.95348837,247.8846940148239,479.661656143023,1.0058787331882286,False,56.29770992366413,56.531684617797765,241.4461305339194,313.53493621056134,1.0650968380585963,False,76.70483460559797,73.26292064775963,2026-06-30,False
3110105,0.06900947257737478,1.2153896035836778,2,25,57,5,21,110,37,249,669,99,140,1194,False,,0.7083333333333334,24901671.17647059,0.5172413793103449,47649337.06666667,210.06731194230014,204.872576880535,1.2281113936199344,False,48.11704834605598,37.837184983791694,176.4565420315321,115.1894006557225,1.1211224723712498,False,59.211195928753185,63.302141785888814,2026-06-30,False
3110106,0.021366252006735875,0.770665436196043,0,9,26,2,0,37,7,95,424,63,65,654,False,,0.5714285714285714,7158183.0,0.0,,126.1100274559821,123.27009301067676,0.8655956742180769,False,17.43002544529262,12.885949318554148,0.0,84.34269521783148,0.9549551368197224,True,21.88295165394402,30.31806615776081,2026-06-30,False
3110107,0.022190586278084824,0.8523428964566581,2,17,30,2,8,59,30,207,474,74,109,894,False,,0.8666666666666667,107634879.6923077,0.5,50947097.25,235.48776753958506,242.86000488833312,1.357917069049773,False,57.46819338422392,65.43321482101153,110.81777295980473,127.88280450641696,1.1634637892229642,False,53.60050890585242,60.26870060495762,2026-06-30,False
3110112,0.06859122287597944,1.0369672492745485,3,27,68,8,12,118,65,331,1161,113,169,1839,False,,0.7727272727272727,101477512.1764706,0.55,12804918.0,227.67283568899626,319.20005210537187,1.063863721245076,False,49.770992366412216,59.13193209941092,101.18792697288723,162.97525318975178,0.8829813886143363,False,47.86259541984733,42.34487639654213,2026-06-30,False
3110113,0.0891146652535318,1.1128510532035083,0,8,37,7,4,56,9,61,264,28,37,399,False,,0.6,14412046.5,0.0,,57.506517989460484,54.81416387611116,0.9112038746429896,False,11.005089058524172,9.256073756492034,28.753258994730242,33.24793546583791,0.8968264157300893,True,18.053435114503817,27.63740458015267,2026-06-30,False
3110114,0.027057555825684875,0.881276646124776,2,7,19,5,1,34,37,252,636,88,87,1100,False,,1.0,174998723.65239665,0.0,,90.84118909552481,285.9488006497343,1.345980392860936,False,46.539440203562336,61.915507685872626,12.977312727932116,98.72041927193207,0.7647034755870394,True,14.56743002544529,25.1972010178117,2026-06-30,False
3110133,0.0801873202095715,1.148856168883649,0,10,40,1,5,56,34,221,861,111,155,1382,False,,0.8,73934836.625,0.0,,76.81239604519325,192.36524639524472,0.9472707954189755,False,19.134860050890588,32.9377810310572,38.40619802259663,134.9168017704205,1.0737017172110153,True,39.096692111959285,42.3676844783715,2026-06-30,False
3110134,0.22282641880690976,1.556205343342883,19,53,205,19,37,333,74,386,1276,123,276,2135,False,,0.82,41823515.24390244,0.22807017543859648,,194.26271191687718,248.03924601032008,1.0687153630229904,False,41.37404580152672,38.55087315695911,135.61736492310294,177.35448678458118,1.2361005546233754,True,65.44529262086515,60.8117048346056,2026-06-30,False
3110135,0.13676175426328718,1.7357641642770623,4,20,142,5,6,177,39,415,2098,104,206,2862,False,,0.7368421052631579,68645187.14285715,0.0,,107.08830659089345,239.08777963096477,0.8593870134801751,False,21.501272264631044,33.08742026560703,32.12649197726804,118.67971711802107,0.6933024715312597,True,18.46055979643766,27.922391857506362,2026-06-30,False
3110115,0.08087794177592772,1.0773905650906035,7,22,130,14,13,186,73,389,1198,125,139,1924,False,,0.8181818181818182,151780009.2222222,0.7352941176470589,53097765.24,168.09555301278772,361.0575520190182,1.1932027938008352,False,54.58015267175573,66.15131234968106,99.32919041664728,129.01542347209133,0.697372762682245,False,33.62595419847328,46.68386330316971,2026-06-30,False
3110116,0.09808270895781873,1.215005757136214,1,3,32,4,4,44,33,217,587,137,87,1061,False,,1.0,52718096.5,0.0,,20.25894867208668,178.59997677004603,1.2042899776433087,False,27.061068702290076,32.961012931785696,27.01193156278224,71.60459898153918,0.7920393468500041,True,14.758269720101781,25.330788804071247,2026-06-30,False
3110117,0.0497353498384075,0.9651402930248432,3,16,28,4,9,60,57,285,791,138,85,1356,False,,0.8571428571428571,34666788.166666664,0.2,,160.42456386750942,295.29385733837967,1.2382412146432134,False,51.57760814249363,43.4102617728049,90.23881717547404,88.07009780267464,0.6096247269918821,True,24.00763358778626,31.80534351145038,2026-06-30,False
3110118,0.06357522801374411,1.0138481930695835,0,30,135,14,13,192,81,434,1022,99,200,1836,False,,0.7894736842105263,57181958.53333333,0.2777777777777778,,264.14210673096426,428.0719766200868,1.3921547326997317,False,73.43511450381679,66.70138380563978,114.46157958341784,197.2681919908234,1.0436793034622645,True,60.25445292620865,57.17811704834605,2026-06-30,False
3110119,0.022523703971870597,0.8460273966804241,2,5,14,4,1,26,37,238,636,137,60,1108,False,,0.0,,0.0,,68.9429762431787,281.3147670321856,1.2637318564176225,True,41.463104325699746,44.02417302798982,13.78859524863574,70.91968916777789,0.5318556011231772,True,5.470737913486006,18.829516539440203,2026-06-30,False
3110120,0.03485196702185528,0.8818621109123391,4,43,81,4,29,161,34,310,775,42,135,1296,False,,0.0,,0.6470588235294118,43297968.09090909,506.76491670398764,351.5288798146532,1.4058181055902281,True,78.16793893129771,69.7175572519084,341.7716880096661,153.08515733863928,0.9987302161959993,False,67.92620865139949,68.30993545995315,2026-06-30,False
3110121,0.029266821799125004,0.8227719037874495,0,18,49,4,2,73,54,242,431,56,34,817,False,,0.47368421052631576,,0.0,,227.08113674110618,294.12769065886454,1.7258475208099153,True,64.14758269720102,59.90330788804071,25.231237415678464,41.32372513389006,0.42027856982798056,True,4.020356234096693,17.814249363867685,2026-06-30,False
3110122,0.08033464814225844,1.1806466762865757,6,25,86,14,9,140,17,137,445,114,48,761,False,,0.95,174998723.65239665,0.0,,191.81392174944037,116.03810246677584,1.0626553921036337,False,32.76081424936387,52.270469517933705,69.05301182979854,40.65568553580467,0.619723564175146,True,15.267175572519083,25.68702290076336,2026-06-30,False
3110123,0.1695529766389479,1.4965673519568923,2,16,72,17,7,114,51,318,693,133,165,1360,False,,0.7333333333333333,153981914.0909091,0.0,,72.87534992664571,212.4862603638836,1.3751415849339066,False,40.40712468193384,56.3671790581756,31.8829655929075,110.25230490578865,1.159670578212218,True,35.45801526717557,39.82061068702289,2026-06-30,False
3110124,0.07959597285676161,1.0854236180303682,2,23,243,9,24,301,41,415,1685,91,206,2438,False,,0.5217391304347826,42196641.333333336,0.0,,177.47465058517815,382.33920204635626,1.007028866687466,False,45.63613231552163,41.990954721321756,185.19093974105547,189.787652100119,0.8124111619401956,True,57.595419847328245,55.31679389312977,2026-06-30,False
3110125,0.12892270405599446,1.4028558624482486,1,33,67,14,4,119,62,350,635,99,128,1274,False,,0.6451612903225806,52084316.1,0.0,,184.43718573397223,249.49106274480962,1.6110236067792023,False,56.844783715012724,53.535640837951824,22.356022513208757,91.2424458038161,0.9641131682260542,True,25.12722646310432,32.589058524173026,2026-06-30,False
3110126,0.01853052674553681,0.7622171711527523,2,20,32,4,0,58,48,465,1703,81,236,2533,False,,0.36363636363636365,,0.0,,291.8407452822116,610.0623517792825,1.0851237659067356,True,67.54452926208651,62.281170483460556,0.0,309.62304305357134,0.8945207119420565,True,38.104325699745544,41.673027989821875,2026-06-30,False
3110127,0.038774408817297136,0.9024140271813594,2,16,140,4,8,170,47,378,1716,78,260,2479,False,,0.3888888888888889,,0.0,,180.2321210939171,418.87646757959004,0.903322744479588,True,44.38931297709924,46.07251908396947,90.11606054695855,288.1160888113582,1.0054831623510405,True,58.99491094147582,56.296437659033074,2026-06-30,False
3110128,0.24733970065891672,1.6825872730251743,14,84,364,26,63,551,62,389,1447,101,249,2248,False,,0.9493670886075949,43237163.77333333,0.6095238095238096,2669077.53125,282.5051609786807,231.19157397440978,1.0234935290109006,False,43.67684478371501,41.213060754993194,211.87887073401052,147.9863802561132,1.061147694216167,False,65.19083969465649,46.726303018047616,2026-06-30,False
3110157,0.11515759171876147,1.1891834586803665,3,25,130,19,18,195,38,276,881,150,137,1482,False,,0.9090909090909091,48551607.15,0.5405405405405406,4564979.45,151.3705772761039,232.0920275045504,1.0998371885379101,False,38.091603053435115,39.12987556206211,108.9868156387948,115.20510060914278,0.8885524619566805,False,41.99745547073792,32.17967578315893,2026-06-30,False
3130076,0.028989862634905574,0.8523772980515802,4,26,66,20,27,143,32,264,875,121,132,1424,False,,0.9166666666666666,70751571.36363636,0.25,,329.1561617238541,309.7219982318493,1.0948802176761272,False,57.697201017811715,59.06383979922619,341.8160140978485,154.86099911592464,0.8910272922778447,True,63.16793893129771,59.217557251908396,2026-06-30,False
3130075,0.010815533065002979,0.6947039508152428,2,7,9,7,11,36,41,291,889,115,146,1482,False,,0.8888888888888888,42123103.625,0.4444444444444444,,115.10217286952029,418.883467782943,1.158532618901858,False,49.93638676844784,44.90980863745686,180.87484308067474,210.1614649357721,0.945621080416817,True,65.38167938931298,60.76717557251908,2026-06-30,False
3130074,0.014261140784554071,0.8261127263583189,1,10,20,14,5,50,46,343,1102,129,211,1831,False,,1.0,24725138.125,0.0,,155.61504009906434,415.197574200336,1.1065874731731749,False,52.41730279898219,40.80170100038342,77.80752004953217,255.41308500370525,1.1031533515179568,True,57.353689567430024,55.14758269720102,2026-06-30,False
3130084,0.01618076619962991,0.7262871859589703,3,22,33,22,24,104,32,157,654,98,130,1071,False,,0.8333333333333334,53588121.8,0.5833333333333334,26529813.904761903,332.4228663904926,216.1679333398969,0.870926796337596,False,38.74045801526718,41.45622015406602,362.6431269714464,178.99255626870442,1.1592903062392195,False,75.81424936386767,68.86467654146234,2026-06-30,False
3130083,0.0417507098680234,0.8729292188571754,8,52,74,62,32,228,78,299,995,143,147,1662,False,,0.9074074074074074,57925050.93877551,0.4074074074074074,,566.753108229878,342.52490756518137,1.0632584602985207,False,64.6437659033079,60.73008818711004,348.77114352607873,168.3985331507748,0.8506894807869565,True,63.21882951653944,59.2531806615776,2026-06-30,False
3130082,0.007792758581978666,0.6543808515845388,0,8,14,3,5,30,48,110,402,62,34,656,False,,0.7,34047717.0,0.375,,138.42564702378846,168.09782825038732,0.9924415916551804,False,25.788804071246823,25.08412632019241,86.51602938986778,51.957510550119714,0.5189153770325066,True,18.12977099236641,27.690839694656486,2026-06-30,False
3130081,0.043687974933123264,0.9602205323897312,1,48,58,49,17,173,50,363,1278,179,198,2068,False,,0.975,31697743.153846152,0.625,19652051.2,512.3389638239438,378.0381566061605,1.0379834486124868,False,63.549618320610676,50.74044058698455,181.4533830209801,206.20263087608754,0.9191279906854048,False,64.05852417302799,57.059509967477204,2026-06-30,False
3130080,0.006160205867578242,0.6410754817685503,0,2,2,2,0,6,27,182,604,109,86,1008,False,,0.0,,0.0,,35.61240506695893,283.8979264936357,1.066284091796572,True,28.30788804071247,34.81552162849873,0.0,134.14956966182785,0.8232441228439803,True,21.99745547073791,30.398218829516537,2026-06-30,False
3130079,0.011039600557968274,0.6878872873732944,0,11,18,6,4,39,153,538,1234,112,166,2203,False,,0.6666666666666666,62624842.25,0.0,,180.2108778472999,782.1048736841166,1.4389058069005989,False,74.30025445292621,68.35721008051867,65.53122830810905,241.31860414788727,0.7261664270561066,True,38.25699745547074,41.779898218829516,2026-06-30,False
3130078,0.018615662436390124,0.7802101727035905,3,31,46,19,7,106,162,633,1572,127,202,2696,False,,0.9666666666666667,36466180.37931035,0.0,,451.79189268541165,811.319849632982,1.384865776953119,False,87.90076335877862,69.61272613196695,102.01752415477037,258.9045965653434,0.7214529112484194,True,46.38676844783714,47.470737913486,2026-06-30,False
3130077,0.005328489273956967,0.6261392592334564,0,5,15,1,1,22,126,451,1121,133,311,2142,False,,0.0,,0.0,,90.36935700959924,720.2870501238517,1.2423302121037572,True,59.351145038167935,56.545801526717554,18.07387140191985,496.69461771289997,1.3866119600852715,True,53.664122137404576,52.5648854961832,2026-06-30,False
3120061,0.04718781488023358,1.1172662283513843,1,25,162,16,6,210,21,194,920,95,78,1308,False,,0.9285714285714286,152245035.23076922,0.5384615384615384,36098857.71428572,257.2338932695213,173.63811334945882,0.8802697158842101,False,32.022900763358784,50.40689811425982,61.73613438468511,69.81326206833911,0.5813357072508432,False,14.974554707379136,29.157684983907117,2026-06-30,False
3120060,0.12710823140706912,1.3040733293949154,0,63,334,20,578,995,13,205,986,83,624,1911,False,,1.0,60386182.661290325,0.9847522236340533,67577658.88774194,355.71469208113507,157.19974895515972,0.6403309495314882,False,32.55725190839695,38.817473596151835,3263.5411432205724,478.5006992586325,3.097690577234944,False,95.41984732824427,91.3303169708306,2026-06-30,False
3120059,0.10896127250078992,1.2335160416923328,9,82,216,25,18,350,62,419,1649,135,717,2982,False,,0.9264705882352942,106682330.95238096,0.5897435897435898,2578516.8260869565,515.848915336234,339.679408972379,0.8330057239400432,False,53.346055979643765,62.410732336435565,113.23512775673429,581.2652416066724,2.2922501677404377,False,75.83969465648855,54.08116374298569,2026-06-30,False
3120058,0.09265686549517108,1.3815344045181188,7,53,132,13,25,230,26,232,973,76,116,1423,False,,0.9142857142857143,51613381.03125,0.59375,212761456.3309089,371.52085051100494,167.92922365253867,0.9653323168060144,False,40.55979643765903,41.90783924152114,175.24568420330422,83.96461182626933,0.7860655447702267,False,40.92875318066157,57.80575636553595,2026-06-30,False
3120057,0.20125745003282175,1.8187964776995076,14,102,321,38,45,520,70,432,1548,209,250,2509,False,,1.0,90844884.56521739,0.7291666666666666,53746094.52857143,405.9581118357913,237.5197034395032,1.0184827618969388,False,48.72773536895675,56.80347868521036,179.09916698637852,137.45353208304581,0.9558416602306937,False,57.98982188295165,63.937246178993306,2026-06-30,False
3120056,0.1587338933954685,1.6732597464670673,42,163,466,31,58,760,93,616,2058,226,306,3299,False,,1.0,85332680.94078948,0.72,32238316.833333332,780.8985754468691,368.14367960540903,1.1038040307907904,False,71.80661577608143,72.18243926243508,277.8657507725056,182.87656811567396,0.8902924415135762,False,64.93638676844783,62.93891444652275,2026-06-30,False
3120055,0.2886931938551902,2.039683233601426,61,221,814,68,108,1272,160,653,2379,274,354,3820,False,,1.0,103151597.58152173,0.7228260869565217,69792739.63909775,652.5079452718189,320.1477510049497,1.0112919728799794,False,61.145038167938935,67.41339886367598,318.87266103781195,173.55636118798193,0.8893467213146067,False,64.83460559796437,70.1193232563234,2026-06-30,False
3120054,0.14520222230987612,1.6786730873289337,27,185,413,35,51,711,95,654,1860,162,206,2977,False,,1.0,65049933.808383234,0.6071428571428571,9966507.490196079,947.7351118796155,389.5934264607946,1.2967710658359186,False,83.7531806615776,75.56786573251071,261.2675173289751,122.71597224911879,0.6667877444856678,False,46.25954198473282,39.23598402507456,2026-06-30,False
3120053,0.27508233987304587,2.0463585162304883,113,371,699,53,262,1498,207,1042,2743,284,514,4790,False,,1.0,88506418.80615385,0.8881431767337807,26068009.073047858,1141.2493220790964,509.1971869716284,1.2852681233765049,False,89.5674300254453,85.071630241556,805.9496560235128,251.17788301671496,1.0286284940393575,False,79.4529262086514,71.11373708777784,2026-06-30,False
3110158,0.1667987598606485,1.4563802438625764,16,50,155,22,16,259,104,327,1027,169,141,1768,False,,0.7777777777777778,28697910.971428573,0.45652173913043476,,230.62862551491736,224.52927480857508,1.0927115113928274,False,43.88040712468193,36.150074941615244,73.80116016477355,96.81537537617457,0.7685436229609081,True,26.297709923664122,33.408396946564885,2026-06-30,False
3110159,0.2108953271895923,1.7123225435567395,8,70,275,30,58,441,85,530,1828,234,261,2938,False,,0.8771929824561403,41836066.38,0.7159090909090909,20044449.23809524,268.30683689911814,309.5211249739865,1.0666255632626516,False,52.49363867684478,46.42591237059499,222.3113791449836,152.42455399662353,0.8532158969811535,False,57.340966921119595,52.55589538783008,2026-06-30,False
3110160,0.047847939820143744,0.9389227882908369,0,8,50,3,5,66,21,165,613,43,66,908,False,,0.25,,0.0,,81.75951394280717,175.73329996639754,1.0727317673914505,True,25.178117048346053,32.62468193384224,51.09969621425448,70.29331998655901,0.7065851188550033,True,15.78880407124682,26.052162849872772,2026-06-30,False
3110139,0.15586074381157236,1.3987508547583518,14,42,207,20,37,320,55,337,1134,150,178,1854,False,,0.8292682926829268,21146294.147058822,0.41818181818181815,,204.02141380798307,240.9292540223113,1.0742358234029528,False,41.39949109414758,31.993342396040287,179.73315025941366,127.25640123433654,0.9217515745392362,True,54.83460559796437,53.38422391857505,2026-06-30,False
3110140,0.17974631926896797,1.590371198053844,12,105,242,32,23,414,165,702,2101,227,473,3668,False,,0.8818181818181818,51738843.690721646,0.23076923076923078,,457.02582019202964,441.4063841567589,1.1312554259712093,False,71.53944020356234,63.68491407856669,100.11041775634935,297.41484288624923,1.2344242015457771,True,65.68702290076337,60.98091603053435,2026-06-30,False
3110141,0.06745826762806122,0.9998853972405064,18,32,112,6,9,177,156,714,2050,151,258,3329,False,,0.9285714285714286,48196129.5,0.6363636363636364,2724488.214285714,272.4371868085945,714.0818357488811,1.2665616426941837,False,77.09923664122138,66.16124647077277,76.62295878991719,258.0295709008562,0.7453355756285069,False,41.98473282442748,30.680703705576054,2026-06-30,False
3110142,0.11689233931065207,1.1726793752971278,10,80,174,16,15,295,166,728,2142,165,246,3447,False,,0.8148148148148148,33468957.151515152,0.4,,479.3509416336279,620.8005490124211,1.2474005030599273,False,82.70992366412213,64.70059953292201,89.87830155630523,209.7760096937577,0.6869519308945988,True,41.04325699745547,43.730279898218825,2026-06-30,False
3110144,0.04282951128318643,0.926515780434377,5,17,71,6,2,101,98,557,1345,115,159,2274,False,,0.35714285714285715,,0.0,,183.13141763872554,601.1770244634824,1.4433551020147874,True,73.11704834605598,66.18193384223918,21.544872663379476,171.61067664217902,0.6746601286055405,True,23.460559796437657,31.42239185750636,2026-06-30,False
3110145,0.014956070098912526,0.746477277856693,3,4,27,4,0,38,47,299,806,81,87,1320,False,,0.0,,0.0,,61.580080105045745,400.5480258669057,1.3326172702408126,True,52.02290076335878,51.416030534351144,0.0,116.5474188977284,0.6400851314172997,True,12.340966921119593,23.638676844783717,2026-06-30,False
3110146,0.10688518554342125,1.2776897740555857,4,24,145,13,13,199,28,245,840,125,104,1342,False,,0.8695652173913043,74286752.95,0.14285714285714285,,152.9781152813661,191.75233689343224,1.0783836357638894,False,34.465648854961835,43.714995294363696,82.86314577740663,81.39691035476308,0.7486172753174231,True,25.508905852417303,32.85623409669211,2026-06-30,False
3110147,0.15702876874216162,1.3469307771824355,8,49,118,20,20,215,69,364,1302,123,180,2038,False,,0.8461538461538461,57962752.96969697,0.5806451612903226,45234317.55555555,236.68208190440296,270.24402899266283,1.055902212074315,False,45.55979643765903,47.41697166161246,96.60493138955223,133.63715719417394,0.849011132608572,False,40.81424936386769,49.728914952058375,2026-06-30,False
3110148,0.04575699130738685,1.0941817364643407,4,43,49,4,5,105,90,440,970,79,108,1687,False,,0.9512195121951219,41883888.76923077,0.0,,449.05337367970236,402.12698250821114,1.5336399111833516,False,81.19592875318065,66.60883962494334,52.215508567407255,98.70389570656091,0.6205317491792172,True,16.921119592875318,26.844783715012724,2026-06-30,False
3110149,0.045956609251849884,0.8940646247496048,0,10,44,1,2,57,50,256,743,71,94,1214,False,,0.0,,0.0,,104.21376993171751,286.3327693696598,1.2416590365398725,True,43.89312977099236,45.72519083969465,20.842753986343503,105.13781375292194,0.7485752594232115,True,15.966921119592875,26.176844783715012,2026-06-30,False
3110150,0.15951027742691867,1.3568484285283393,20,38,178,15,24,275,127,427,1478,178,225,2435,False,,0.6923076923076923,33010422.777777776,0.0,,181.3753504920786,314.6998522621509,1.0370568906908306,False,43.842239185750635,37.264909895778864,114.55285294236543,165.82544908427155,0.8872997070154801,True,50.725190839694655,50.50763358778626,2026-06-30,False
3110151,0.1075738237778287,1.2726266986348715,11,47,160,11,18,247,31,253,920,158,132,1494,False,,0.8571428571428571,48120062.952380955,0.3333333333333333,,298.2728912275917,198.80142407148105,1.0018860520430075,False,41.030534351145036,40.77616856634947,114.23217110843937,103.72248212425097,0.8501008418451353,True,39.020356234096695,42.31424936386769,2026-06-30,False
3110152,0.050805595201208927,0.9514523857357564,3,12,57,3,4,79,72,226,758,123,122,1301,False,,0.7777777777777778,171424718.7142857,0.0,,119.04101132529286,237.53159210929363,1.0271441472840144,False,29.80916030534351,49.40522499912858,39.680337108430955,128.2250187492647,0.9013361412163463,True,31.195928753180667,36.837150127226465,2026-06-30,False
3110153,0.050068231912847115,1.0520252126009109,6,7,101,2,7,123,140,508,1668,195,234,2745,False,,0.0,,0.0,,69.9522702279435,482.8781610129637,1.0939033100498954,True,45.597964376590326,46.918575063613225,69.9522702279435,222.428129285499,0.8192726230287872,True,42.722646310432566,44.905852417302796,2026-06-30,False
3110156,0.15369613736399262,1.3630441159375308,2,26,146,12,16,202,77,359,1435,131,170,2172,False,,0.9047619047619048,72037176.0,0.0,,127.64110471834614,263.3810570049467,0.9782122060246384,False,30.27989821882952,40.41967304541811,78.54837213436686,124.7208347934288,0.7538055146328326,True,30.90330788804071,36.6323155216285,2026-06-30,False
3110174,0.10345849636284345,1.2759451403339095,9,37,110,20,21,197,54,329,1041,161,183,1768,False,,0.926829268292683,34885810.71052632,0.5581395348837209,17570029.583333332,241.10753641502984,257.84807637881835,1.0992927120387517,False,47.98982188295166,41.035797692495386,136.8448179652872,143.42309415599928,0.9925014493539686,False,55.57251908396947,50.32460441838127,2026-06-30,False
3110175,0.0961147833132825,1.232189587414415,4,19,109,9,16,157,63,411,1338,124,159,2095,False,,0.8666666666666667,24141846.0,0.34375,,130.03475465766107,333.5525670708097,1.1584382331585519,False,47.086513994910945,36.70485203388058,109.50295129066195,129.03858434126215,0.7314903229680778,True,36.73027989821883,40.711195928753185,2026-06-30,False
3110178,0.04593285134960441,0.9737866073083603,1,15,33,2,6,57,11,90,288,28,38,455,False,,0.9,33399338.888888888,0.6,3687797.1666666665,156.35936792221545,92.42271286598266,1.1597627716736802,False,34.61832061068702,30.945153194604202,62.543747168886185,39.02292321008157,0.8130434231948684,False,20.49618320610687,16.532758707850967,2026-06-30,False
3110179,0.0420853663614844,0.9154196594784192,5,22,55,5,8,95,11,96,281,30,34,452,False,,0.8421052631578947,99309202.875,0.4666666666666667,,238.90875248992563,104.86993479547746,1.2406305820453332,False,46.28498727735369,56.32643173341699,86.87590999633659,37.141435240064936,0.7385393125400405,True,22.506361323155215,30.75445292620865,2026-06-30,False
3110154,0.10210176400448903,1.2459294458161896,7,42,145,23,31,248,47,368,1372,200,215,2202,False,,0.8529411764705882,66976801.5862069,0.5263157894736842,36267983.35,276.13091981471325,295.36182906322495,0.9889210448442773,False,46.526717557251914,50.057286764962186,203.81091700609787,172.56193817552546,0.9369706535753267,False,63.74045801526718,63.393155047773114,2026-06-30,False
3110155,0.09731407400343176,1.400296743002936,3,28,114,5,9,159,63,460,1429,175,334,2461,False,,0.8,28982866.083333332,0.17391304347826086,,190.0700947239279,328.5017995639482,1.1046124910138635,False,49.87277353689568,40.43605563107811,61.09395901840539,238.52087185730153,1.2975649614753821,True,56.030534351145036,54.221374045801525,2026-06-30,False
3110161,0.14190086476511463,1.3904793620433349,8,41,173,15,25,262,96,350,1079,180,151,1856,False,,0.8648648648648649,35793145.6875,0.5098039215686274,2419145.0,213.65198145502742,251.7117546323511,1.1138784640721529,False,45.77608142493638,39.714489874167796,130.27559844818745,108.59564271281432,0.7835189358943488,False,39.04580152671756,28.22610080380163,2026-06-30,False
3110162,0.07094502140673456,1.1072422528471502,3,22,91,7,6,129,114,435,1735,192,246,2722,False,,0.7368421052631579,18138764.42857143,0.375,,181.90083183345467,392.86795539227836,0.9461036448395296,False,44.14758269720102,33.09508870995852,49.60931777276037,222.17360235977122,0.8679258225728633,True,40.64885496183206,43.45419847328244,2026-06-30,False
3110143,0.008061338928178209,0.7389965106637938,0,4,24,0,2,30,19,144,617,87,95,962,False,,0.75,78686429.0,0.0,,68.89265858901383,194.8588361677837,0.8890886197769918,False,16.603053435114504,32.03309630868974,34.44632929450692,128.55270441624617,0.9484023695804212,True,32.531806615776084,37.77226463104326,2026-06-30,False
3110176,0.13531773651695475,1.4884165850093856,3,31,142,18,19,213,50,280,907,137,162,1536,False,,0.9629629629629629,30046310.807692308,0.8095238095238095,7559497.852941177,167.28026460200047,188.1193765374728,1.0770241549119184,False,35.216284987277355,30.404824148628393,102.52661378832288,108.84049642525213,1.0109703192918735,False,45.661577608142494,37.02932949126266,2026-06-30,False
3110177,0.029079075187662114,0.9514503109625304,0,10,18,3,3,34,26,184,428,67,61,766,False,,0.8888888888888888,16873644.5,0.75,12067246.666666666,126.45570242531359,193.38897457908993,1.405321464882178,False,44.82188295165395,33.38445048624909,37.936710727594075,64.11264918111134,0.7724110577631639,False,15.941475826972011,19.801417184840673,2026-06-30,False
3110163,0.06648280798236972,1.0453460646318833,4,31,108,9,16,168,28,172,693,93,99,1085,False,,0.8695652173913043,52297002.2,0.1724137931034483,,266.1336942074062,164.53881237939083,0.9395855546887734,False,34.14758269720102,37.784586426853494,137.35932604253225,94.7054792183703,0.8781751230753271,True,42.86259541984733,45.00381679389313,2026-06-30,False
3110164,0.08504955305241958,1.1062054164454844,0,5,76,6,11,98,50,269,1057,129,149,1654,False,,0.0,,0.25,,37.02344722354798,243.17364207487296,0.9629087490525645,True,19.529262086513995,28.670483460559794,81.45158389180557,134.69469393738316,0.8661173736901046,True,38.52417302798982,41.96692111959287,2026-06-30,False
3110165,0.09568707845541873,1.1867161671246105,3,28,98,16,7,152,79,371,1201,188,212,2051,False,,0.9642857142857143,37650807.44444445,0.45454545454545453,,192.19274829900715,312.62740853941983,1.0692077223615977,False,46.93384223918575,41.25551605144829,48.04818707475179,178.64423345109702,0.9911369125786739,True,43.44783715012723,45.413486005089055,2026-06-30,False
3110166,0.13161955938224393,1.2861494490588437,15,70,202,15,25,327,77,466,1494,120,209,2366,False,,0.9342105263157895,41938277.85915493,0.6136363636363636,1386270.6296296297,385.42104296528515,362.32181286630527,1.1632256725374164,False,66.50127226463104,56.36824218341524,137.65037248760183,162.50055555591803,0.8488286024091451,False,52.137404580152676,36.79419645113998,2026-06-30,False
3110167,0.15435382465986328,1.4139236697889397,9,42,169,20,34,274,89,436,1803,218,265,2811,False,,0.8787878787878788,38135623.137931034,0.4107142857142857,,205.52588173921822,308.36176613768896,0.9185475994294513,False,39.93638676844784,36.63126982467148,166.3780947412719,187.42171565708162,0.9048556472528249,True,60.979643765903305,57.68575063613231,2026-06-30,False
3110168,0.05851384265027913,1.0676743781993259,0,17,61,8,8,94,23,201,659,93,112,1088,False,,0.5454545454545454,65033694.5,0.0,,156.66204038859803,188.25964554754444,1.0905334306957732,False,35.12722646310432,41.48403569312279,73.72331312404613,104.9008970215173,0.9873015428854451,True,38.37150127226463,41.86005089058524,2026-06-30,False
3110169,0.07550016010689899,1.207897324726298,1,12,79,9,4,105,20,218,891,91,661,1881,False,,0.8571428571428571,18798666.75,0.25,,95.61740789636121,180.47891616069057,0.6906315358396314,False,13.727735368956743,12.120830283383874,31.87246929878707,547.2319430376903,3.3319497345689344,True,60.979643765903305,57.68575063613231,2026-06-30,False
3110170,0.12072697536283442,1.299744218816356,5,36,157,17,20,235,81,485,1562,120,206,2454,False,,0.8461538461538461,40754487.72727273,0.4634146341463415,,210.8629870791751,373.1503421816926,1.1672714169213698,False,57.41730279898219,49.461518351981596,117.14610393287505,158.49272265861583,0.8071782398020946,True,46.29770992366412,47.408396946564885,2026-06-30,False
3110171,0.0478786027684498,0.9338583990041778,1,1,17,2,3,24,25,170,684,104,124,1107,False,,0.0,,0.0,,10.216737588354091,182.04044658299367,0.9109981483875201,True,11.488549618320608,23.041984732824424,30.650212765062275,132.78244338994833,1.0719907297814977,True,36.94656488549619,40.86259541984733,2026-06-30,False
3110172,0.09549861195097356,1.3480525349507382,0,24,90,12,10,136,29,271,875,99,121,1395,False,,0.85,16807344.76470588,0.3181818181818182,,164.95002720772973,201.03074099400965,1.1462254962567655,False,39.592875318066156,29.67848304228101,68.72917800322071,89.75911313754675,0.8351514919702835,True,27.595419847328245,34.31679389312977,2026-06-30,False
3110173,0.04926708562228645,0.9430045659217856,0,8,65,7,1,81,32,297,1118,90,671,2208,False,,0.4444444444444444,,0.3333333333333333,,80.59066053817862,314.9507549941531,0.7985702931473303,True,24.70737913486005,32.295165394402034,10.073832567272328,711.5554094312348,2.8879496075845683,True,57.82442748091602,55.477099236641216,2026-06-30,False
3110180,0.07469889616192582,1.225425319514599,4,34,137,5,14,194,11,95,417,26,53,602,False,,0.9354838709677419,60628950.344827585,0.5932203389830508,212761456.3309089,272.65678403319487,77.52410406994878,0.9368155714638681,False,31.50127226463104,38.12394994597232,112.27044048425671,43.250289639024054,0.8514857259004036,False,32.98982188295165,52.248504457139006,2026-06-30,False
3110181,0.14174734191881871,1.4161509890943618,1,12,69,7,27,116,56,465,1243,147,337,2248,False,,0.7857142857142857,34164623.63636363,0.4794520547945205,,62.58235384081891,328.35481779903336,1.2208833239767178,False,43.48600508905852,37.56349123357384,140.81029614184254,237.96897548015963,1.4315175165667628,True,71.5648854961832,65.09541984732823,2026-06-30,False
3130104,0.02644791434145678,0.8342722201695362,3,17,20,14,15,69,27,230,571,102,105,1035,False,,0.9230769230769231,51363673.0,0.3333333333333333,,222.37362714787764,275.68939063230545,1.3059106643734901,False,57.43002544529262,53.62567534595141,196.21202395400968,125.85820007126988,0.9734182437904294,True,58.20610687022901,55.7442748091603,2026-06-30,False
3130103,0.011622126794468076,0.6986762297936034,0,2,7,3,1,13,20,112,317,47,42,538,False,,0.0,,0.0,,32.4558742782559,160.30314933296933,1.2194505821070873,True,27.786259541984734,34.45038167938931,16.22793713912795,60.1136809998635,0.7617538236878926,True,10.674300254452927,22.47201017811705,2026-06-30,False
3130099,0.021809120386584967,0.7680837058342539,2,21,29,11,25,88,15,189,587,89,92,972,False,,0.8333333333333334,31041041.7,0.6785714285714286,13005127.736842105,292.4419612292469,246.06693068005876,1.1459265298898635,False,52.569974554707386,42.78071734811252,348.1451919395796,119.77861175960533,0.9102321027144402,False,59.19847328244275,50.3793286487033,2026-06-30,False
3130098,0.0322115722517486,0.8680781310749964,2,32,77,6,18,135,73,427,956,123,138,1717,False,,0.9090909090909091,37814392.53333333,0.5,2016707.923076923,389.23960609839054,491.89120738615856,1.4632771811979952,False,83.20610687022901,66.73742549409181,218.94727843034468,158.97186561894586,0.7745156556266765,False,54.50381679389313,38.848035994135785,2026-06-30,False
3130102,0.007291303282061208,0.6556517392618052,3,7,11,5,5,31,20,85,361,49,51,566,False,,0.5,119384736.66666667,0.0,,122.18259315095399,129.64199575784096,0.8941316230844046,False,18.25699745547074,39.21825438321308,87.27328082211,77.78519745470457,0.870744837192029,True,32.417302798982185,37.69211195928753,2026-06-30,False
3130101,0.01834351105136439,0.8484899333043427,4,21,34,16,6,81,39,217,849,113,159,1377,False,,0.8636363636363636,26172182.789473683,0.5384615384615384,9725624.285714285,307.27130750155925,255.74846734470898,0.9338168909799925,False,43.091603053435115,34.684670082610054,87.79180214330263,187.39173413736742,1.1047739419382838,False,56.50127226463104,46.206519724314575,2026-06-30,False
3130100,0.022189289646434872,0.7808407153661316,3,24,49,15,10,101,17,179,642,98,103,1039,False,,0.8695652173913043,35850075.2,0.29411764705882354,,332.4592902568513,229.24009529404208,1.0187590169717342,False,45.54707379134861,39.64550873156959,138.52470427368803,131.90910511333146,0.9518385162153428,True,52.862595419847324,52.00381679389312,2026-06-30,False
3130097,0.051942922576817846,1.0472753409744011,0,5,42,3,8,58,43,267,843,124,180,1457,False,,0.6,49294818.0,0.782608695652174,212761456.3309089,49.04705372000995,254.94728038910864,1.0825187186571263,False,28.75318066157761,32.821290390044965,78.47528595201592,171.87457104883728,1.1807363969297424,False,54.13486005089059,67.05003117469626,2026-06-30,False
3130096,0.006616955834729354,0.6440441275138405,1,8,8,1,7,25,26,196,567,77,103,969,False,,1.0,107014387.16666667,0.3,,141.30042638379945,304.32697330321975,1.1908247033177626,False,47.65903307888041,58.47547840635784,123.63787308582451,159.92692984812058,1.0185339077419433,True,57.87531806615776,55.51272264631043,2026-06-30,False
3130095,0.030888984223636305,0.878220549306652,12,77,38,27,11,165,71,421,996,617,266,2371,False,,0.9390243902439024,80931769.24675325,0.0,,951.9219549984173,479.3784435269433,1.0499151350557192,False,75.10178117048346,73.66713723029733,135.98885071405962,302.8851923471898,1.0746698966041557,True,69.13486005089058,63.3944020356234,2026-06-30,False
3130094,0.028296904684796,0.8547483224375619,4,44,50,52,9,159,78,433,1033,698,266,2508,True,청과상 x20,0.8431372549019608,110139073.86046511,0.0,,561.963466846271,506.5818658352851,1.0212152213699817,False,69.8854961832061,74.4449614834954,114.94707276400999,311.20271665631833,1.0166597406408897,True,64.2620865139949,59.98346055979643,2026-06-30,False
3130093,0.004579326613875651,0.6246575365980293,0,0,2,11,0,13,67,401,838,682,231,2219,True,청과상 x29,0.0,,0.0,,0.0,641.9517519694089,1.0682597828612996,True,41.94656488549619,44.362595419847324,0.0,369.80263018686645,0.9980964629617501,True,44.096692111959285,45.8676844783715,2026-06-30,False
3130092,0.0324765940279651,0.9025900998906206,2,32,18,76,4,132,82,472,1156,758,287,2755,True,청과상 x12,0.90625,18361267.344827585,0.0,,387.98886371507837,522.9394827809422,1.0134964839079947,False,65.470737913486,48.11262156227125,48.498607964384796,317.9737956740051,0.9987865377644308,True,50.33078880407125,50.23155216284987,2026-06-30,False
3130091,0.04567835688903716,0.9528912875116142,9,16,32,16,1,74,71,443,1160,749,268,2691,False,,0.8,7242526.75,0.0,,167.22695205307483,464.90088198502974,0.9742775544446427,False,47.30279898218829,33.84255289483774,10.451684503317177,281.2492920360902,0.9553316712786416,True,41.08142493638677,43.75699745547074,2026-06-30,False
3130090,0.024349032477403845,0.8101802253254117,4,14,17,57,6,98,80,464,1070,742,234,2590,True,청과상 x22,0.8666666666666667,68139728.0,0.6,,188.30103813731375,572.7120775055116,1.059257905587129,False,57.36641221374046,58.05603192861375,80.70044491599161,288.8246252937278,0.8677410415667499,True,49.910941475826974,49.93765903307888,2026-06-30,False
3130089,0.030327975963947297,0.8503944648681265,2,4,10,40,2,58,49,399,1000,704,151,2303,True,수산물판매 x8,1.0,4154299.570277778,0.0,,49.7958519681272,469.1940228725198,1.024724926229615,False,38.89312977099237,27.38500819129283,24.8979259840636,177.56465527255762,0.6333976481340514,True,23.23155216284987,31.26208651399491,2026-06-30,False
3130088,0.021322675604015608,0.7625089076644467,2,28,91,141,3,265,51,355,916,713,121,2156,True,청과상 x8,0.7906976744186046,25658934.088235293,0.0,,392.5820191527355,465.5683316374095,0.9745458738076441,False,61.399491094147585,47.3175433092823,42.062359194935944,158.68667078345507,0.5444148563850201,True,23.600508905852415,31.52035623409669,2026-06-30,False
3130087,0.020975750877609764,0.8220356974493966,0,8,19,59,1,87,74,378,885,741,123,2201,True,청과상 x20,1.0,4968307.4,0.0,,112.71455252083435,459.83404513070934,1.015883803630339,False,42.82442748091603,30.388058140750807,14.089319065104293,149.62853849491336,0.5420286561453429,True,16.47582697201018,26.533078880407125,2026-06-30,False
3130086,0.16531322703553422,1.561733044600773,6,51,287,179,19,542,75,481,1395,769,175,2895,False,,0.7777777777777778,42189808.91428571,0.45714285714285713,,236.86422196246778,307.99117791796385,0.9831918639692098,False,44.9618320610687,41.473282442748086,88.24353367229192,112.05500236100555,0.5838691906762435,True,26.80661577608143,33.764631043257,2026-06-30,False
3130085,0.005526987659616319,0.6308284213546907,0,3,1,2,0,6,8,153,495,67,66,789,False,,0.0,,0.0,,54.02778228111662,242.53821613083906,1.1419101407142238,True,30.954198473282446,36.66793893129771,0.0,104.62432852702862,0.8092513327057302,True,16.615776081424933,26.63104325699745,2026-06-30,False
3120067,0.21958768016791713,1.7663984495599268,62,182,499,78,88,909,122,540,1451,231,245,2589,False,,1.0,78931259.9745223,0.8009708737864077,43409281.69090909,675.1050340528851,305.7067900702321,1.2313515332456697,False,72.63358778625954,71.39145665586113,326.4244120695269,138.70030290223494,0.9083407162349053,False,61.51399491094148,63.920723589976916,2026-06-30,False
3120066,0.45007439486628775,2.4683312035935647,31,203,873,67,140,1314,96,588,2066,262,303,3315,False,,0.9693877551020408,89970627.01578948,0.5413793103448276,53573161.59235669,405.93960035542125,238.2176262018442,1.0489989942730449,False,50.92875318066158,58.16154275157726,279.95834507270433,122.75500125707278,0.8774352628086057,False,56.05597964376591,62.48421886321891,2026-06-30,False
3120065,0.12720256240191433,1.5390628677520906,22,64,244,24,34,388,73,443,1292,156,179,2143,False,,0.9166666666666666,76213739.21818182,0.36,,361.16859221731323,287.8374946742966,1.219976633982454,False,63.142493638676854,64.19974554707379,191.87081461544764,116.30454073746972,0.8035745487037386,True,47.519083969465655,48.26335877862596,2026-06-30,False
3120064,0.04856672108705416,0.9583422175339361,35,162,147,22,20,386,69,386,752,91,115,1413,False,,1.0,52869037.373239435,0.3333333333333333,,1643.556752353784,402.778874746099,1.6034433547780833,False,90.41984732824427,77.35782007041026,202.90824103133139,119.99888755388959,0.7848688209631576,True,47.88804071246819,48.52162849872773,2026-06-30,False
3120063,0.3169327905286661,2.0857254136758936,18,146,413,53,184,814,125,696,1802,688,448,3759,False,,0.9470198675496688,45168321.25174825,0.8723897911832946,16195899.619680852,397.89303046382815,333.69684975615553,1.09471722590589,False,61.844783715012724,54.66121161420753,501.45423017359167,214.7933745556863,1.141518210552576,False,79.51653944020356,66.58872992602328,2026-06-30,False
3120062,0.27189953329970273,1.7840928408816368,25,200,519,65,136,945,87,598,1809,212,508,3214,False,,1.0,74751618.45989305,0.6634146341463415,22630215.838235293,621.3118669351755,335.1843504424855,1.0998972347873595,False,67.8117048346056,67.10289658057096,422.49206951591935,284.7385451919442,1.5106239746799894,False,84.75826972010178,73.03939807559442,2026-06-30,False
3110227,0.05545773443946534,1.2036305684228121,1,6,73,11,10,101,36,296,758,136,150,1376,False,,0.4,,0.36,,56.894831203150005,245.92263420815758,1.266915943586799,True,38.155216284987276,41.70865139949109,94.82471867191667,124.62295652440417,1.044188609669587,True,47.87531806615776,48.51272264631043,2026-06-30,False
3110226,0.28586059423974364,1.7270420931661552,25,135,300,52,53,565,139,636,1715,243,272,3005,False,,0.928,31687849.28448276,0.6611570247933884,57382935.475,401.95248360584526,368.2596981953304,1.2497178273859175,False,71.87022900763358,56.51920596744396,157.80356763785036,157.49471369360043,0.8691293539223709,False,55.0763358778626,62.49383246549719,2026-06-30,False
3110222,0.010333607449264686,0.7001853993611874,0,5,2,3,0,10,23,173,582,74,65,917,False,,0.6666666666666666,8250000.0,0.0,,82.87255165712682,247.07741714956663,1.1125178382879284,False,32.55725190839695,23.566332043640422,0.0,92.83255557642677,0.6897458432784479,True,10.05089058524173,22.03562340966921,2026-06-30,False
3110182,0.05911793149099052,1.170212084119654,2,6,53,8,8,77,75,420,972,108,125,1700,False,,0.0,,0.6944444444444444,18077067.0,54.986379580476175,358.90930003168137,1.4537166126520789,True,51.36132315521628,50.9529262086514,73.31517277396824,106.81824405704802,0.710081495758882,False,25.30534351145038,29.534932510995397,2026-06-30,False
3110183,0.043441014811787346,0.9586407696478813,0,25,63,7,11,106,32,305,885,100,124,1446,False,,0.7727272727272727,23277054.352941178,0.4,,267.54846413382825,318.158803231402,1.2429080698571902,False,62.46819338422392,47.106730802746696,117.72132421888442,129.34980852686508,0.8257814768032269,True,42.81170483460559,44.96819338422391,2026-06-30,False
3110206,0.1006230853587919,1.2114966025636937,3,19,111,15,13,161,42,356,1074,128,351,1951,False,,0.7142857142857143,11592881.3,0.14705882352941177,,126.14268227702962,293.85142248575437,1.0783815141464896,False,38.66412213740458,28.20643800759873,86.30815103165185,289.7242957654488,1.713893131427222,True,65.44529262086515,60.8117048346056,2026-06-30,False
3110207,0.029327361724417234,0.823108983825835,9,21,27,3,1,61,42,184,633,71,167,1097,False,,0.8095238095238095,24712229.0,0.0,,264.72580889496703,223.54269436443585,0.9925784259505002,False,39.83460559796438,31.948150859214334,12.605990899760336,202.8892932546782,1.447308925925101,True,45.96692111959287,47.176844783715005,2026-06-30,False
3110208,0.04222270630957606,1.055080610218874,0,5,24,2,2,33,102,497,1045,126,240,2010,False,,0.0,,0.0,,54.21658287944667,471.0540551938478,1.4561275451965263,True,57.1119592875318,54.97837150127226,21.68663315177867,227.47077111976552,1.1426503413297562,True,45.72519083969466,47.00763358778626,2026-06-30,False
3110209,0.02797249504540781,0.8513059872907972,0,2,33,1,2,38,20,158,653,69,106,1006,False,,0.0,,0.36363636363636365,,25.650070564437964,185.5971910908561,0.9312807935795165,True,13.575063613231551,24.502544529262085,25.650070564437964,124.51457123816928,1.009920808434469,True,32.29007633587786,37.603053435114504,2026-06-30,False
3110184,0.024379109747469832,0.8786969677300142,1,9,18,5,5,38,32,260,781,86,114,1273,False,,0.5714285714285714,111806273.5,0.0,,121.00171715629003,295.89267921530694,1.203599262454601,False,44.80916030534351,57.165498971731324,67.22317619793891,129.73755934824996,0.8618405070978767,True,34.82188295165395,39.37531806615776,2026-06-30,False
3110185,0.02884688067397788,0.8193091029713057,2,7,16,4,4,33,30,294,820,98,199,1441,False,,0.875,33588603.571428575,0.0,,88.7796694068867,358.8389277426308,1.2028897470575577,False,46.030534351145036,39.07068911429467,50.731239661078114,242.88757354008,1.31741539929251,True,54.05852417302799,52.84096692111959,2026-06-30,False
3110186,0.022890325355547966,0.9106143581397801,0,6,45,5,6,62,48,280,627,96,70,1121,False,,0.6666666666666666,174998723.65239665,0.3076923076923077,,82.31545092895261,307.48471896708196,1.4653517172824189,False,50.63613231552163,64.78319216424413,82.31545092895261,76.87117974177049,0.6091459192799347,True,20.59796437659033,29.41857506361323,2026-06-30,False
3110187,0.15998119015884152,1.306570587838151,4,54,188,18,23,287,35,270,989,240,160,1694,False,,0.8909090909090909,68699304.63265306,0.6229508196721312,22546340.07894737,257.16589166463615,206.64784781872476,0.9439993229612555,False,36.28498727735369,43.4816828749695,109.5336205238265,122.45798389257764,0.9071951648540999,False,44.529262086513995,44.7797549837386,2026-06-30,False
3110188,0.15251707041750903,1.2939129663355535,6,25,94,7,14,146,31,226,678,102,107,1144,False,,0.8,10861110.6,0.325,,123.44638379599319,174.66398890803825,1.1645049915119448,False,34.21119592875318,24.99806546062951,69.12997492575619,82.69489740336324,0.8993743487558884,True,30.470737913486005,36.329516539440206,2026-06-30,False
3110189,0.08849940262528061,1.1286469625495041,0,3,32,2,4,41,36,345,1047,515,131,2074,False,,0.0,,0.0,,21.660743246068005,305.67574400827556,0.9844069801980279,True,24.910941475826974,32.43765903307888,28.88099099475734,116.06818105821478,0.6112006440450016,True,15.127226463104325,25.589058524173026,2026-06-30,False
3110190,0.1014159538177464,1.1688136976574435,0,21,62,9,7,99,52,412,1000,259,100,1823,False,,0.6956521739130435,42000305.875,0.0,,138.6908015338786,352.49415781637185,1.3316771423867289,False,57.06106870229007,49.805761790233184,46.23026717795954,85.55683442144948,0.5335956773504008,True,12.900763358778626,24.030534351145036,2026-06-30,False
3110195,0.11538322914088439,1.254175445465182,11,47,103,23,17,201,51,408,1122,710,162,2453,False,,0.9285714285714286,52378665.025641024,0.35714285714285715,,284.18842856165475,325.3133375200709,0.9842657057268888,False,49.60559796437659,48.69652131478964,102.79155926698151,129.1685310741458,0.6376075392714756,True,32.8117048346056,37.96819338422392,2026-06-30,False
3110196,0.0373140272277803,0.8738336032961211,1,4,22,1,2,30,16,141,463,86,55,761,False,,0.0,,0.0,,45.81165394610659,161.35795129432498,1.0925744787316283,True,22.519083969465647,30.76335877862595,22.905826973053294,62.94104483111967,0.704568943832694,True,9.643765903307887,21.75063613231552,2026-06-30,False
3110197,0.024770762231143155,0.7927040851794257,1,7,19,4,2,33,6,73,235,32,37,383,False,,0.5,38511056.0,0.0,,93.6194816144912,92.08984962336446,1.1184127234626486,False,25.089058524173026,26.42078845550559,26.74842331842606,46.675677206362806,0.9315702962426351,True,20.114503816793892,29.080152671755723,2026-06-30,False
3110198,0.016139806886385347,0.7439789171597064,8,4,10,6,3,31,63,389,964,583,254,2253,False,,0.75,41509987.333333336,0.0,,60.47795099963297,522.8642788495782,1.0212519750708857,False,41.50127226463104,38.5486074802189,45.35846324972472,341.40752397890196,1.0798213258567424,True,52.70992366412214,51.896946564885496,2026-06-30,False
3110199,0.06987664192679477,1.0478836619155367,13,25,70,17,14,139,62,365,886,391,260,1964,False,,0.96,26633281.0,0.25,,208.54771703787617,348.32110974302066,1.0980553028838362,False,52.37913486005089,41.50557705043745,116.78672154121067,248.1191466662613,1.2651741496182352,True,67.21374045801527,62.04961832061068,2026-06-30,False
3110200,0.03535694776029027,0.8876397661732541,0,3,23,5,0,31,64,295,684,172,158,1373,False,,1.0,93437658.28571428,0.0,,35.14652384741971,332.34202797356465,1.2654079239503586,False,43.14249363867684,53.350430478580634,0.0,178.00013701634987,1.1010900986499377,True,39.51653944020356,42.661577608142494,2026-06-30,False
3110201,0.02414885749376829,0.8071812264567717,2,7,18,3,2,32,19,196,687,115,174,1191,False,,0.8333333333333334,47908992.8,0.0,,94.40469127374354,242.82031540843414,0.9743111208963513,False,24.69465648854962,29.20406776116281,26.972768935355294,215.56497388299763,1.3908516419547168,True,48.52417302798982,48.96692111959287,2026-06-30,False
3110202,0.029821159526532266,0.8281761058994163,2,5,27,4,6,44,21,211,678,95,212,1217,False,,0.7142857142857143,11884949.4,0.0,,62.640032162624976,254.77672984884015,1.0251654926421283,False,26.399491094147578,19.66685837777545,75.16803859514997,255.9842025021522,1.6540143665406741,True,61.539440203562336,58.07760814249363,2026-06-30,False
3110203,0.046179569899532744,0.9340752914498439,2,15,50,11,13,91,52,255,711,93,219,1330,False,,0.875,15828107.642857144,0.0,,155.9582769570367,272.9972651392979,1.1314024574080261,False,43.65139949109414,32.38246366203074,135.1638400294318,234.45647476669114,1.5659328017539271,True,70.83969465648855,64.58778625954199,2026-06-30,False
3110191,0.07917252166221073,1.1145803289657508,2,55,102,8,12,179,36,317,759,124,91,1327,False,,1.0,39161590.38181818,0.0,,425.78715110808423,284.41198158786176,1.4042227735279615,False,70.67430025445293,58.46744396807138,92.89901478721838,81.64507988799816,0.6650442439340944,True,25.0,32.5,2026-06-30,False
3110192,0.0332312450335459,0.8601456265474026,3,19,64,12,5,103,34,246,887,605,129,1901,False,,0.7894736842105263,97919757.4,0.7058823529411765,24286726.583333332,228.27965618371027,285.9980826589054,0.769269211625449,False,35.17811704834606,48.46029837219841,60.07359373255533,149.9746043211333,0.6560285340590769,False,27.46819338422392,33.63170887889052,2026-06-30,False
3110193,0.06778014008651176,1.029440365477087,0,18,51,9,8,86,6,166,516,80,58,826,False,,0.6842105263157895,20518428.615384616,0.0,,152.82712337392923,161.2526626766461,1.1824052537311525,False,37.8498727735369,29.325961169786332,67.92316594396854,56.3412917785872,0.6846689465836096,True,17.608142493638674,27.32569974554707,2026-06-30,False
3110194,0.0879455073778368,1.106273594394168,2,8,40,14,2,66,59,383,825,459,106,1832,False,,0.75,4154299.570277778,0.0,,57.99391478613193,346.2073052640685,1.2330930519885694,False,45.0,31.65981735159817,14.498478696532983,95.81716542556465,0.5619108257454942,True,8.727735368956743,21.109414758269722,2026-06-30,False
3110204,0.12255398675130232,1.2926369186314608,3,42,129,12,15,201,17,174,696,76,91,1054,False,,0.8648648648648649,20597178.71875,0.6744186046511628,212761456.3309089,243.4020841287981,134.6085644716206,0.9773716718075222,False,32.964376590330794,25.997438042455297,86.92931576028504,70.3987319937786,0.8325323238178655,False,29.351145038167942,49.70143066579041,2026-06-30,False
3110205,0.08881564762159352,1.4225261060523202,10,73,128,15,33,259,72,409,971,119,141,1712,False,,1.0,34802731.04615384,0.6410256410256411,15058732.52,525.8773146309512,287.51669179205703,1.4063422770956089,False,73.60050890585242,58.9176165080693,237.72536140851219,99.11944631462113,0.7932499621605699,False,46.10687022900763,42.00990849805368,2026-06-30,False
3110228,0.17793748398108236,1.488159644464795,10,73,137,26,20,266,96,434,1189,190,211,2120,False,,0.9242424242424242,45218459.49180328,0.5319148936170213,3097337.92,320.2632525594545,291.6353777057869,1.2082608052175345,False,60.87786259541985,54.03002893094914,87.74335686560397,141.78586335465675,0.9548690172906593,False,45.76335877862596,33.82243061523684,2026-06-30,False
3110229,0.20564821386044965,1.5842369061295207,7,53,189,20,17,286,121,471,1425,165,187,2369,False,,0.8936170212765957,26567355.80952381,0.3392857142857143,,207.3161364973629,297.3040194794534,1.1741022127149143,False,52.290076335877856,41.35191188260308,66.49762868783337,118.03790157676812,0.7598448176505408,True,27.340966921119595,34.13867684478372,2026-06-30,False
3110230,0.07979586208506537,1.1130033260478853,6,28,74,12,15,135,99,414,1044,164,173,1894,False,,0.9130434782608695,56767291.52380952,0.36,,215.72336398250823,371.966543415512,1.2886854176735867,False,63.664122137404576,59.770364948238,115.56608784777227,155.43529471227916,0.8776727270922071,True,48.9058524173028,49.23409669211196,2026-06-30,False
3110231,0.00825607640253181,0.6909124001738631,0,1,8,0,1,10,13,112,253,33,43,454,False,,0.0,,0.0,,17.165591329740497,162.10448672192888,1.4310907657785652,True,33.536895674300254,38.475826972010175,17.165591329740497,62.23654400931198,0.9137679747025328,True,19.185750636132312,28.430025445292618,2026-06-30,False
3110232,0.10453467815613329,1.2799386833309412,2,34,129,10,21,196,47,326,890,152,157,1572,False,,0.9032258064516129,26285285.25,0.7058823529411765,212761456.3309089,220.0153415769131,254.6997010447487,1.2227083633605602,False,52.23918575063613,41.13364007110739,135.89182862103456,122.66212596326855,0.9583282649841195,False,51.06870229007633,64.90372074212628,2026-06-30,False
3110223,0.04358131957143985,0.8804151728659935,0,4,29,3,3,39,50,309,1080,105,173,1717,False,,0.75,35835437.333333336,0.0,,42.743573378941356,350.9707800629106,1.0636510066582465,False,34.30025445292621,31.727073094217296,32.057680034206015,196.49820372454218,0.9665954933745886,True,41.69211195928753,44.18447837150127,2026-06-30,False
3110224,0.04576972619837954,0.9434453134181643,0,22,41,13,11,87,30,256,621,106,78,1091,False,,0.7272727272727273,29523388.0625,0.0,,229.7176871366293,271.34588127052666,1.377898163653525,False,59.68193384223918,47.39379204573181,114.85884356831465,82.67569819961359,0.6938690243547084,True,29.86005089058524,35.90203562340967,2026-06-30,False
3110225,0.05480596527154074,1.1344462657203276,1,25,78,14,8,126,48,277,817,149,148,1439,False,,0.8,63774556.125,0.38095238095238093,,238.53604072275607,244.17198801753398,1.1360587668141635,False,48.63867684478372,50.62241625710203,76.33153303128195,130.4601235617149,0.9863540703831404,True,42.8880407124682,45.021628498727736,2026-06-30,False
3110210,0.11097044858895908,1.255912195663113,7,23,95,11,9,145,66,305,1014,116,219,1720,False,,0.9,40503300.88888889,0.0,,142.8833689761958,242.8513721366979,1.048304177776693,False,34.82188295165395,33.5990623583952,55.91088351242445,174.37524753421914,1.216953491648766,True,50.0,50.0,2026-06-30,False
3110211,0.12640328868645512,1.4131172995831272,6,47,117,15,19,204,53,356,1037,140,219,1805,False,,0.975,18765523.512820512,0.24,,266.4349420579075,251.9253002599436,1.164181896198472,False,52.44274809160305,39.13001498832304,107.70774253404772,154.97651898013385,1.160582348983837,True,57.13740458015266,54.99618320610686,2026-06-30,False
3110212,0.0809817146392483,1.2754229874039353,3,38,152,15,18,226,45,310,1156,150,216,1877,False,,0.9285714285714286,34659819.179487176,0.28125,,290.1168312283905,243.05661969523592,0.9775116979615326,False,42.48091603053435,36.99691519397678,137.42376216081655,169.35558017474503,1.1016811886111337,True,62.83715012722646,58.986005089058516,2026-06-30,False
3110213,0.03545548425896905,0.8653583015034759,0,10,29,2,3,44,87,501,914,115,135,1752,False,,0.0,,0.0,,117.01999101304538,578.950937582226,1.6802279403611995,True,66.70483460559797,61.69338422391857,35.10599730391362,156.00474365988126,0.7431628881458446,True,26.93384223918575,33.853689567430024,2026-06-30,False
3110214,0.07986193618986549,1.2954513685843896,0,30,63,11,0,104,24,261,584,99,65,1033,False,,0.72,47357556.44444445,0.0,,231.01457501864368,201.47417828984885,1.4809090671298506,False,56.59033078880407,51.39405346997106,0.0,50.175561643065805,0.6144772470222862,True,4.134860050890585,17.894402035623408,2026-06-30,False
3110215,0.05147806652796553,0.9473968213754257,0,13,51,5,4,73,60,422,1044,120,155,1801,False,,0.6,41844589.166666664,0.0,,128.10650069310725,445.43109125840493,1.3799905727195347,False,61.98473282442748,53.11534037435951,39.41738482864838,163.60620650486436,0.8279993581113892,True,32.900763358778626,38.030534351145036,2026-06-30,False
3110216,0.06506899834083638,0.9959036409154283,2,40,82,15,6,145,17,184,600,84,91,976,False,,0.8823529411764706,32963242.066666666,0.0,,347.6175214589016,184.75683032031932,1.111964101437588,False,49.00763358778626,40.83502387674719,52.142628218835235,91.37430195189705,0.89708254375603,True,27.353689567430028,34.14758269720102,2026-06-30,False
3110217,0.05664895935630379,0.9902554771129876,3,4,29,3,3,42,43,284,1022,134,182,1665,False,,0.8571428571428571,10457952.333333334,0.0,,37.50622625989617,286.7946772967919,1.0090181853184708,False,25.127226463104325,18.59362473421869,28.12966969492212,183.79095516907088,1.0471563882224972,True,42.07379134860051,44.45165394402035,2026-06-30,False
3110218,0.08216034346898482,1.2252593592053862,4,38,121,20,22,205,30,234,994,144,167,1569,False,,0.9,174998723.65239665,0.5757575757575758,11222463.789473685,287.5295190869248,190.97997353944336,0.8845909037401567,False,35.35623409669211,54.087263411063475,166.46445841874592,136.2976734234489,1.0200857783099366,False,59.31297709923664,49.267428340326575,2026-06-30,False
3110219,0.17944464371659904,1.5546980813988733,5,56,177,26,18,282,37,225,819,96,101,1278,False,,0.9074074074074074,20334219.734693877,0.2916666666666667,,244.06758463783962,144.72263308998964,1.04068223291616,False,37.17557251908397,28.762626790756038,78.45029506216274,64.9643819648398,0.7632571238773667,True,23.435114503816795,31.404580152671755,2026-06-30,False
3110220,0.09862503543613681,1.276038224430585,20,115,190,24,22,371,47,387,1022,157,136,1749,False,,1.0,55336260.696969695,0.5666666666666667,13445303.411764706,773.7592772478412,303.2824507844924,1.303926509457819,False,77.18829516539441,68.82632716372129,148.02351390828267,106.5798793454547,0.7498053932418203,False,39.84732824427482,36.93286487033012,2026-06-30,False
3110254,0.16561508458579885,1.417271465290149,10,41,221,33,19,324,77,255,960,148,137,1577,False,,0.8409090909090909,15238870.81081081,0.7560975609756098,6730406.387096774,190.15367166338044,179.9231877908411,0.9575030131144465,False,29.618320610687025,22.376660043919273,88.11999418546898,96.66461461704012,0.8360244694950224,False,32.8117048346056,27.239716563031866,2026-06-30,False
3130108,0.004442777966764316,0.615153180192523,1,6,42,1,2,52,40,186,527,91,104,948,False,,1.0,36417467.8,0.0,,110.20745494770344,302.3637136067281,1.1558986552224801,False,41.539440203562336,37.06847572240231,36.73581831590115,169.0635818016114,1.0502074659872231,True,42.79898218829516,44.95928753180661,2026-06-30,False
3130107,0.007886575932142993,0.6529039259042121,2,6,11,2,21,42,70,270,628,101,118,1187,False,,0.0,,0.8695652173913043,29902636.55,103.65097439920171,413.5371059778431,1.3372677344167663,True,56.208651399491096,54.346055979643765,362.778410397206,180.73103150142774,0.9542549649578843,False,70.10178117048346,65.95866403788146,2026-06-30,False
3130106,0.05046807566095486,1.0142605171583432,24,69,109,30,38,270,82,351,866,147,153,1599,False,,0.9565217391304348,34891172.74242424,0.48936170212765956,,686.7853250504292,346.0649350557367,1.2932420396689785,False,78.79134860050891,62.6881905956987,378.22959930313493,150.8488178448083,0.918902252240238,True,65.05089058524173,60.535623409669206,2026-06-30,False
3130105,0.026866689793541197,0.8767406769064899,3,15,28,20,6,72,53,197,636,96,109,1091,False,,0.5625,21982406.222222224,0.4166666666666667,,195.14304623093568,224.69585955005408,1.0665034594068963,False,39.4910941475827,30.794450834814736,78.05721849237426,124.32410503023297,0.9590013748813727,True,41.04325699745547,43.730279898218825,2026-06-30,False
3130116,0.004107626711100528,0.6082088964381209,0,4,15,4,8,31,13,147,490,73,83,806,False,,0.0,,0.6,1491879.0,73.92673164833847,241.69327489433684,1.076226565742624,True,29.35114503816794,35.545801526717554,147.85346329667695,136.4662708587072,0.9877569567083048,False,56.23409669211196,39.76121867785586,2026-06-30,False
3130115,0.07830955724213823,1.121730797422212,19,75,109,65,49,317,86,374,958,193,215,1826,False,,0.9305555555555556,64661923.07462686,0.8363636363636363,35295006.67391305,584.5238781275227,333.4133295256481,1.2083894226166718,False,71.94656488549619,67.16624838788385,381.88893370998153,191.66809050271218,1.1267879842565351,False,76.8320610687023,71.96125069511147,2026-06-30,False
3130114,0.005784420275733427,0.6484935842055276,0,1,4,0,0,5,30,142,491,88,78,829,False,,0.0,,0.0,,17.926152052081218,218.96901289156907,1.0129719581576297,True,18.804071246819333,28.162849872773535,0.0,120.27875356015765,0.9055031156014298,True,24.402035623409667,32.08142493638677,2026-06-30,False
3130113,0.00581677348714506,0.642837316511898,0,9,124,14,34,181,15,139,503,72,83,812,False,,0.7777777777777778,4990515.285714285,0.6764705882352942,11309380.695652174,161.2418532589089,216.22889093344554,1.0123437219897222,False,32.353689567430024,23.104203701767226,609.1358900892113,129.1150931473092,0.9807183085607396,False,66.52671755725191,54.41638440928163,2026-06-30,False
3130112,0.05911378119267762,1.0148217153222636,16,67,116,32,40,271,79,354,984,157,186,1760,False,,0.9047619047619048,23012421.98245614,0.7777777777777778,25284217.42857143,614.0379269020898,348.8297448262475,1.1868384250071642,False,72.58269720101781,54.1412213740458,366.58980710572524,183.28342524768937,1.0130056925376225,False,72.91348600508906,66.03944020356234,2026-06-30,False
3130111,0.09085002533120595,1.2673967028162951,8,104,134,75,64,385,103,423,1125,216,189,2056,False,,0.9911504424778761,84208632.40178572,0.8604651162790697,17279756.283783782,738.3740241114344,333.75501061352566,1.2141319453644075,False,74.94910941475827,74.29086060859562,454.38401483780575,149.1245792102987,0.8830502269157493,False,63.52417302798982,55.791424430851144,2026-06-30,False
3130110,0.060053060192174997,1.0941910278189142,5,59,108,36,33,241,79,361,1100,177,184,1901,False,,0.9393939393939394,51258329.91935484,0.7777777777777778,16115508.17142857,536.1050378515056,329.92410906493427,1.1216241721530944,False,66.37404580152672,59.795165394402034,299.8553601542319,168.16076473115766,0.9291067497875394,False,66.23409669211196,57.092344505670425,2026-06-30,False
3130109,0.02899985519795361,0.87825201364226,3,27,35,13,11,89,44,259,710,96,134,1243,False,,0.9259259259259259,72957707.72,0.2727272727272727,,341.77277834680643,294.9039637562379,1.2273160562432517,False,63.384223918575074,63.77534943706648,139.2407615486989,152.57579592021574,1.032779841928195,True,58.93129770992367,56.25190839694657,2026-06-30,False
3120069,0.20582817116068003,1.9300459597608077,32,154,365,46,82,679,165,684,1738,223,293,3103,False,,1.0,174998723.65239665,0.601063829787234,7617666.0,601.966543798947,354.3957057296028,1.301272127797378,False,78.47328244274809,84.26919725330265,320.5276402046341,151.80985640171582,0.90620672680554,False,62.900763358778626,49.19609726505232,2026-06-30,False
3120068,0.035711973390471705,0.9995028639234218,16,46,138,12,23,235,92,415,1121,189,206,2023,False,,0.8648648648648649,118117672.0625,0.5,90031772.42105263,536.6811447735686,415.20641408766966,1.210592909393408,False,75.96692111959288,79.43255254627209,268.3405723867843,206.10246096881914,0.9766345580459829,False,70.55979643765903,75.41834757258648,2026-06-30,False
3110279,0.4812167054289562,2.5504366919848693,0,5,118,4,5,132,4,55,306,27,26,418,False,,0.0,,0.0,,9.412354598228442,21.564934418033495,0.7933202364681404,True,3.2315521628498725,17.26208651399491,9.412354598228442,10.19433263397947,0.6233833157006163,True,3.6132315521628495,17.529262086513995,2026-06-30,False
3110276,0.11891421205550236,1.2478255396647944,0,2,14,0,2,18,1,23,133,12,16,185,False,,0.0,,0.0,,11.840329926429362,18.432063833361298,0.772462724445473,True,2.900763358778626,17.03053435114504,11.840329926429362,12.822305275381773,0.8530253321899853,True,12.938931297709923,24.057251908396946,2026-06-30,False
3110275,0.035477323346630237,0.9208896105846379,10,23,45,5,8,91,81,308,763,176,160,1488,False,,0.85,131050021.8235294,0.0,,269.0772136924515,334.4591973455564,1.2202119955541968,False,62.760814249363875,71.14718184670082,93.59207432780921,173.74503758210722,1.0303059711518237,True,54.17302798982188,52.921119592875314,2026-06-30,False
3110274,0.16409813518426317,1.616436662634348,4,31,162,34,31,262,48,226,775,158,135,1342,False,,0.8333333333333334,32490225.2,0.7346938775510204,5810132.611111111,144.79341435328197,139.8137058037783,0.9964496064395213,False,25.43256997455471,24.241155146571856,144.79341435328197,83.51703665269943,0.9652450923293696,False,47.49363867684478,37.020381510877435,2026-06-30,False
3110271,0.11259554937244971,1.3716077607346775,0,8,15,2,4,29,9,88,325,38,34,494,False,,0.875,95639816.14285715,0.0,,49.20183873960036,64.15828381786376,1.0508624914129066,False,17.201017811704833,35.556694203353196,24.60091936980018,24.788427838720086,0.6793434134433197,True,7.099236641221374,19.96946564885496,2026-06-30,False
3110270,0.0356438327934132,0.9008393627504766,7,10,32,4,5,58,49,223,693,144,130,1239,False,,0.9166666666666666,39642360.90909091,0.42857142857142855,,116.76263980526912,247.54690927262328,1.0633407107115567,False,32.328244274809165,31.67086688277737,58.38131990263456,144.30985742350236,1.0058145210160603,True,41.577608142493645,44.104325699745544,2026-06-30,False
3110269,0.05006575256850322,1.0003711041057355,5,23,38,4,5,75,38,222,616,147,114,1137,False,,0.6842105263157895,85937344.53846154,0.0,,229.84886846530847,221.9176454506381,1.1512106791022103,False,46.56488549618321,54.65021436787619,49.96714531854532,113.95770982600335,0.9622777898445017,True,33.70229007633588,38.59160305343511,2026-06-30,False
3110268,0.07123686854039829,1.075838976855631,0,9,64,8,5,86,81,318,873,168,142,1582,False,,0.875,89111321.85714285,0.0,,74.23484380909294,295.5832674229957,1.1857610440807258,False,39.74554707379135,50.24197427585486,41.24157989394052,131.99001249706097,0.8631693312562131,True,30.095419847328245,36.06679389312977,2026-06-30,False
3110267,0.12568199634465443,1.6053556651517704,2,31,123,23,12,191,69,387,1162,170,203,1991,False,,0.8620689655172413,11510338.96,0.625,7325528.2,176.4551897462728,241.0680750694663,1.1477908264846413,False,43.12977099236642,31.286730105615394,68.3052347404927,126.45172930000429,0.9778664839012836,False,40.165394402035616,32.78465025361036,2026-06-30,False
3110266,0.11404706915528857,1.2059247274586236,4,35,85,11,15,150,91,372,1088,161,187,1899,False,,0.8181818181818182,13421670.925925925,0.3181818181818182,,213.35340021752327,308.47696504570075,1.1565255415319704,False,53.01526717557252,38.526212137056014,91.43717152179569,155.06772167619903,0.9449806726509318,True,48.14249363867685,48.69974554707379,2026-06-30,False
3110265,0.16484572276944776,1.4967534023117572,3,31,72,11,14,131,137,568,1332,233,235,2505,False,,0.5,71577803.38461539,0.4482758620689655,,144.2895841741578,379.488029973886,1.3375036087690793,False,59.40203562340967,60.53119662588448,65.16303801413578,157.00649127440707,0.9006189573199952,True,40.483460559796434,43.338422391857506,2026-06-30,False
3110264,0.21694757551387703,1.5544177744306746,19,55,185,28,22,309,93,474,1246,241,229,2283,False,,0.8958333333333334,53389613.02325582,0.5283018867924528,11634866.07142857,206.03296319183417,304.93732624333154,1.2254304826827225,False,55.55979643765903,53.18409494928369,82.41318527673367,147.32204158169395,0.962189316644345,False,45.45801526717557,39.86696830291693,2026-06-30,False
3110263,0.15210352623097223,1.3488382723641048,5,12,98,16,14,145,152,552,1370,233,207,2514,False,,0.9,4243450.222222222,0.48148148148148145,,59.37551028320954,409.2410567743687,1.2955611863752519,False,51.46310432569974,36.34380773118617,69.27142866374446,153.46539629038827,0.7919096995163938,True,34.987277353689564,39.49109414758269,2026-06-30,False
3110262,0.12197548994573203,1.2781812045954695,39,106,122,17,16,300,109,466,1208,156,199,2138,False,,0.7755102040816326,93388874.96052632,0.0,,616.3669022454826,364.5805448590397,1.2855575237083254,False,78.5114503816794,78.0630380982258,93.03651354648795,155.6899751651264,0.8938736403871228,True,45.85241730279898,47.096692111959285,2026-06-30,False
3110261,0.10950263853469218,1.4049669744732725,4,24,96,15,8,147,98,399,1223,205,206,2131,False,,0.7894736842105263,25295534.066666666,0.0,,150.4677303177022,283.9924405693498,1.106285632991065,False,42.44274809160305,34.00216110704451,50.15591010590074,146.6226635520954,0.9278254269636294,True,36.88295165394402,40.81806615776081,2026-06-30,False
3110260,0.0659411043774043,1.0781949924225862,4,24,104,13,14,159,95,417,1076,196,164,1948,False,,0.8333333333333334,42963084.0,0.3157894736842105,,207.0016507853564,386.7575002023026,1.26247737196463,False,62.6208651399491,54.19990240161734,120.75096295812456,152.1060672258456,0.8100882587531244,True,45.712468193384225,46.99872773536896,2026-06-30,False
3110259,0.08629842381263693,1.0772467377814157,13,62,135,16,18,244,89,420,1169,187,207,2072,False,,0.9423076923076923,60825750.346938774,0.48,,454.8842038351705,389.8828237484273,1.1964461179296366,False,71.7557251908397,66.347729094775,132.06315595214627,192.1565345617249,0.9584292462272626,True,59.770992366412216,56.83969465648855,2026-06-30,False
3110258,0.11143172628798736,1.199718878567262,11,22,108,14,9,164,94,428,1156,205,212,2095,False,,0.7647058823529411,17464302.692307692,0.4444444444444444,,136.28052245909169,356.750241782583,1.2057702282040395,False,51.28498727735369,37.99994771515215,55.75112282417387,176.70806368669997,0.9706145482711627,True,44.14758269720102,45.903307888040715,2026-06-30,False
3110257,0.11432821854708954,1.5154145480150991,2,21,77,11,4,115,102,458,1220,177,218,2175,False,,0.7391304347826086,5801892.117647059,0.0,,127.7930241419996,302.22753278955366,1.2425200527683273,False,48.61323155216285,34.577207291993446,24.341528407999924,143.85502652428536,0.9614880192671373,True,32.913486005089055,38.039440203562336,2026-06-30,False
3110256,0.22186135984349137,1.5802659562776502,5,43,173,31,21,273,139,604,1612,254,271,2880,False,,0.6923076923076923,47345327.40740741,0.30434782608695654,,158.1688549809167,382.2141441449101,1.2383387030702095,False,57.58269720101781,52.04304785806406,77.24525475812212,171.49012096567986,0.9031684059288979,True,45.0,46.5,2026-06-30,False
3110273,0.0692295234683986,0.9956494724400008,14,27,66,12,7,126,71,327,862,176,150,1586,False,,1.0,83379933.92,0.25,,226.45397896902827,328.4288387143252,1.2157767929977126,False,58.47328244274809,62.48380912544877,58.71029084382214,150.65543060290148,0.9084957829179696,True,38.587786259541986,42.01145038167939,2026-06-30,False
3110272,0.14635197624355378,1.410243941618974,13,102,185,29,29,358,33,224,799,114,107,1277,False,,0.9468085106382979,62835074.98876405,0.5,43119270.047619045,519.4752910125021,158.8377679842012,1.0369516918696644,False,47.97709923664122,49.9766635295758,147.69395528786825,75.87339809959612,0.8078542352252587,False,38.54961832061068,47.64698448005662,2026-06-30,False
3110278,0.13752297797396704,1.4654495661668792,6,42,152,31,20,251,55,248,708,173,129,1313,False,,0.8,50129735.71428572,0.46511627906976744,,223.97255234412214,169.23134424112882,1.1148859615860864,False,40.82697201017812,41.54691693680504,106.65359635434388,88.0275943834904,0.9432547276754115,True,40.68702290076335,43.480916030534345,2026-06-30,False
3110277,0.11817289504310798,1.3461890842539086,4,24,85,20,18,151,69,279,769,186,159,1462,False,,0.8,53674453.85,0.4411764705882353,,142.7102744104396,207.2517176549747,1.1264767608655348,False,37.099236641221374,40.398689393147194,107.03270580782971,118.11119393240493,1.0418344077125774,True,48.76590330788804,49.13613231552162,2026-06-30,False
3110253,0.08650343067915324,1.1846815384406402,12,28,109,17,8,174,59,199,684,114,80,1136,False,,0.8709677419354839,24044955.740740743,0.46153846153846156,,205.12304973354892,167.97763242089312,1.0354917467894533,False,34.465648854961835,27.824584335459583,58.60658563815684,67.5286964506103,0.6835353620104923,True,16.463104325699746,26.52417302798982,2026-06-30,False
3110252,0.12154415886332451,1.244508383742812,7,41,127,13,19,207,60,281,952,139,125,1557,False,,0.8421052631578947,50479232.0625,0.2571428571428571,,239.0055147996394,225.79197028380244,1.0665005204617202,False,43.2442748091603,43.33035309700581,110.75865319983289,100.44126791984094,0.7740648945575714,True,34.04580152671756,38.83206106870229,2026-06-30,False
3110251,0.09055636153017847,1.1352611848067657,4,13,98,14,20,149,47,307,984,156,156,1650,False,,1.0,35267758.78571428,0.13333333333333333,,92.48958822264908,270.422352238049,1.0990269701610622,False,34.351145038167935,31.67137230297326,142.29167418869088,137.4133125379011,0.9081275908352717,True,52.073791348600516,51.45165394402036,2026-06-30,False
3110242,0.10501014845367086,1.1784342657927653,2,18,69,9,9,107,19,135,526,72,60,812,False,,0.8095238095238095,22004222.23529412,0.1875,,116.12142933583348,114.55878695888205,0.9842368365707866,False,19.669211195928753,16.964794869113597,58.06071466791674,50.91501642616981,0.7188262162448642,True,16.1323155216285,26.29262086513995,2026-06-30,False
3110241,0.09907623649513372,1.2504518107052465,22,56,210,24,37,349,85,307,1054,146,170,1762,False,,0.9230769230769231,32069097.166666668,0.425531914893617,,375.646724901242,245.51126030746764,1.0303377845259958,False,49.50381679389313,40.99970371919551,248.1951575240349,135.95086075657815,0.9262721781369965,True,59.834605597964384,56.88422391857507,2026-06-30,False
3110240,0.045536111742244624,0.98697928929836,10,39,63,17,14,143,61,252,740,125,135,1313,False,,0.9,58813718.083333336,0.45454545454545453,,408.22260073993345,255.32450653462635,1.1325077021093504,False,57.74809160305344,56.131426679215025,146.54144641946328,136.78098564354983,0.9860880615606069,True,56.01781170483461,54.212468193384225,2026-06-30,False
3110250,0.039366615386379845,0.9338900774698478,0,4,60,7,11,82,34,223,646,84,120,1107,False,,0.42857142857142855,,0.0,,44.75944381138138,238.78613273648358,1.1867892364933732,True,31.959287531806616,37.37150127226463,123.0884704812988,128.49477994788353,1.0382615199264302,True,53.155216284987276,52.20865139949109,2026-06-30,False
3110249,0.17031679756299004,1.5843420700915398,3,28,163,16,20,230,70,307,1092,175,173,1817,False,,0.96,25990629.416666668,0.5263157894736842,25892098.0,127.08971948448284,193.7712857566562,0.9996563670116863,False,25.94147582697201,22.633918923629263,90.7783710603449,109.1935909964219,0.9142622235654609,False,39.732824427480914,43.11099034426975,2026-06-30,False
3110248,0.037643474650547,0.861072389470208,0,10,24,3,4,41,54,252,682,89,126,1203,False,,0.6,34888482.333333336,0.0,,114.09862559502697,292.65832127662117,1.23354245250029,False,45.07633587786259,39.04201958938965,45.63945023801079,146.32916063831058,1.0040782770187906,True,39.13486005089058,42.3944020356234,2026-06-30,False
3110247,0.14843947730222815,1.394652780440629,2,30,162,18,30,242,99,360,1098,151,188,1896,False,,0.7619047619047619,47529716.625,0.5849056603773585,17032646.35483871,151.17959595463591,258.12876512981313,1.1214640586951918,False,41.539440203562336,40.90409216075847,151.17959595463591,134.80057734556908,0.9514305531905245,False,55.01272264631043,49.73407141533121,2026-06-30,False
3110246,0.08735294099116621,1.125467552690026,8,24,96,10,10,148,89,399,995,168,191,1842,False,,0.9230769230769231,18498395.375,0.0,,174.73233428284254,354.51932758641846,1.277074387229536,False,58.94402035623409,43.58958137265153,72.80513928451772,169.7072470401151,0.9942402933487494,True,47.977099236641216,48.58396946564885,2026-06-30,False
3110245,0.06237389365630095,1.0439383696562152,2,6,36,7,8,59,71,312,927,148,192,1650,False,,1.0,66919141.333333336,0.7,4927516.285714285,53.39318417097112,298.86821776916423,1.1166355992702466,False,34.44020356234097,41.5510648680679,71.19091222796149,183.9189032425626,1.113574617291763,False,52.76081424936386,40.21071566991894,2026-06-30,False
3110244,0.06306582679888928,1.017915756486668,9,36,106,19,17,187,63,263,910,143,161,1540,False,,0.9411764705882353,56092628.4375,0.42424242424242425,,318.39859150398615,258.3710865305233,1.0102161382932502,False,46.90839694656489,47.904371013280354,150.3548904324379,158.16633053769678,1.0022878930635486,True,60.877862595419856,57.6145038167939,2026-06-30,False
3110243,0.12830168092182945,1.2736177667543516,9,57,158,23,18,265,83,344,929,151,154,1661,False,,0.9692307692307692,25717574.206349205,0.0,,319.68290879427985,270.0967346558293,1.2213339958343965,False,59.87277353689567,46.29450311966258,100.95249751398312,120.91539865406313,0.8908807195746012,True,41.653944020356235,44.15776081424936,2026-06-30,False
3110239,0.010368445242107371,0.7398005819623646,1,11,11,2,1,26,67,253,649,110,140,1219,False,,1.0,52905397.833333336,0.0,,182.2143995241976,341.9840510653595,1.2224774566161278,False,56.57760814249364,53.71391474084143,16.564945411290694,189.240186360278,1.0986820706024096,True,42.086513994910945,44.460559796437664,2026-06-30,False
3110238,0.029173814283715013,0.8294385051832457,0,2,19,4,4,29,48,183,594,95,99,1019,False,,0.0,,0.42857142857142855,,25.26087719903338,220.6311846585544,1.0607429806153743,True,22.41730279898219,30.69211195928753,50.52175439806676,119.35785399561139,0.9334273233832123,True,33.07888040712468,38.155216284987276,2026-06-30,False
3110237,0.12440977907012572,1.2051673402226348,24,76,129,26,12,267,78,326,803,133,142,1482,False,,0.9230769230769231,41047975.902777776,0.21428571428571427,,435.7553825547955,270.5018540742872,1.2954886230844032,False,67.16284987277353,56.46604970546202,68.80348145602034,117.82596097714351,0.9202572499900897,True,36.42493638676845,40.49745547073792,2026-06-30,False
3110236,0.18065004551823236,1.6463740532607967,15,45,184,22,32,298,97,338,1094,152,181,1862,False,,0.9743589743589743,34772295.34210526,0.4489795918367347,,195.10076357840063,205.2996397328782,1.0728207138857553,False,38.60050890585242,34.37195440761268,138.73832076686267,109.9385644723401,0.9330563161394448,True,48.60050890585241,49.02035623409668,2026-06-30,False
3110235,0.03263064073113665,0.866238984812448,0,5,9,2,0,16,40,203,498,89,100,930,False,,0.0,,0.0,,60.510241186063,234.34641427960224,1.2823430982075483,True,38.19338422391857,41.735368956743,0.0,115.44158338896662,1.0299508230523882,True,28.63867684478371,35.047073791348595,2026-06-30,False
3110234,0.05842142686174404,1.1017334794064242,2,21,45,2,5,75,77,293,687,124,134,1315,False,,0.8461538461538461,86992555.9090909,0.0,,193.6886518453461,265.94453692907496,1.3111779320007297,False,54.86005089058524,60.59381644532748,46.11634567746336,121.62651176961107,0.9774934860777638,True,34.720101781170484,39.30407124681933,2026-06-30,False
3110233,0.1243302966568404,1.245691538200956,3,23,71,19,15,131,79,302,738,131,145,1395,False,,0.8571428571428571,63047064.222222224,0.34375,,131.93346446988633,242.435619684912,1.274935307345372,False,45.5089058524173,48.29459026107567,86.04356378470848,116.40120812686173,0.9966256460974908,True,43.11704834605598,45.18193384223919,2026-06-30,False
3110255,0.1912454219333802,1.424030970507148,9,65,191,24,37,326,139,538,1407,201,230,2515,False,,0.9142857142857143,38023975.734375,0.543859649122807,49268320.77419355,269.43516473423364,377.8007719933219,1.2625055665261444,False,67.02290076335878,55.50050542019589,153.37078607948683,161.51334118673614,0.8782441718269836,False,55.78880407124683,61.502493975700595,2026-06-30,False
3110221,0.047130064344911654,0.9607506906284633,3,11,23,2,3,42,19,112,435,66,57,689,False,,1.0,67270391.3,0.0,,113.25020810177458,116.57550818593383,0.9633489994948896,False,18.61323155216285,30.60917076231308,30.886420391393067,59.32860684462704,0.8017928934273529,True,15.127226463104325,25.589058524173026,2026-06-30,False
3130128,0.04817507672148472,0.9006085968344585,2,26,37,25,18,108,49,276,675,112,115,1227,False,,0.9166666666666666,15707525.227272727,0.47619047619047616,,264.8329990488323,306.4594330657181,1.3229545179549087,False,64.16030534351145,46.647373557809615,183.34592241842233,127.69143044404919,0.9010069281223838,True,53.98218829516539,52.787531806615775,2026-06-30,False
3130127,0.007878731554883701,0.6543654645256141,0,4,7,3,2,16,34,214,534,91,98,971,False,,0.5,174998723.65239665,0.0,,69.11001489738915,327.03437391082446,1.2948360314353564,False,47.31552162849873,62.458764683328106,34.555007448694575,149.76340487505044,0.9686091252024843,True,36.94656488549618,40.862595419847324,2026-06-30,False
3130126,0.007326739883132347,0.6503709244579138,0,1,8,2,2,13,11,99,382,81,46,619,False,,0.0,,0.0,,17.443866545326383,152.22082703422944,0.9487418161601052,True,11.844783715012724,23.291348600508904,34.887733090652766,70.7288691270157,0.7257723936208547,True,13.95674300254453,24.769720101781168,2026-06-30,False
3130125,0.058888566092708025,1.0052292240342522,0,16,25,31,13,85,45,135,560,125,97,962,False,,0.8823529411764706,15353885.733333332,0.5555555555555556,42689510.5,146.93921110484231,134.29772709771518,0.8354107020086717,False,20.06361323155216,15.734026978981488,119.38810902268438,96.49540391465462,0.9677320629298223,False,45.38167938931298,52.23075173145948,2026-06-30,False
3130124,0.0074256567176195646,0.6525422106638058,0,1,0,1,0,2,9,87,241,36,26,399,False,,0.0,,0.0,,17.413819138670398,133.32470846828176,1.269779594684562,True,28.2824427480916,34.797709923664115,0.0,39.84416574914167,0.6509923669787322,True,4.173027989821883,17.921119592875318,2026-06-30,False
3130122,0.00675078498039341,0.6401879732152577,0,3,11,1,4,19,30,161,470,59,70,790,False,,1.0,4154299.570277778,0.0,,52.862704913006176,251.48863573834296,1.1982395125493133,False,34.50381679389313,24.312489107323366,70.4836065506749,109.34288510362738,0.8550328696234205,True,32.1501272264631,37.50508905852416,2026-06-30,False
3130121,0.00794614242882499,0.6554563999658792,3,7,24,10,34,78,20,129,605,84,83,921,False,,1.0,20360926.5,0.7222222222222222,15907268.153846154,120.80182919161652,196.8094292873108,0.834099285077273,False,19.936386768447836,16.740858865767365,586.7517417878516,126.62932271974259,0.8683121091568273,False,60.26717557251909,52.51814872857793,2026-06-30,False
3130120,0.020331631611192166,0.7573687614769624,14,48,95,33,11,201,123,562,1544,153,221,2603,False,,0.9183673469387755,51802488.666666664,0.3333333333333333,,682.4809676726105,742.0427519403239,1.2742395183993545,False,89.16030534351145,76.11084387744431,156.40188842497327,291.79972985553667,0.8161198884116774,True,60.025445292620866,57.01781170483461,2026-06-30,False
3130123,0.012761706655135131,0.7139990036797271,2,17,27,4,2,52,28,128,364,54,53,627,False,,0.8571428571428571,115337963.75,0.0,,270.8658018720252,179.27195884073802,1.1983438671656024,False,49.287531806615775,60.48300742444839,31.86656492612061,74.22979545749308,0.8190852036058678,True,17.722646310432573,27.4058524173028,2026-06-30,False
3120075,0.094515746008683,1.3226517963430096,8,88,158,22,29,305,23,248,680,89,100,1140,False,,1.0,70496860.55072464,0.7096774193548387,25855732.386363637,608.9301853288199,187.5021080269905,1.2797366208633454,False,64.78371501272265,63.9330753947506,200.67017471063383,75.60568872056068,0.8450878548122158,False,44.910941475826974,46.63633452976762,2026-06-30,False
3120074,0.02761728899575615,0.8570903723432397,16,53,64,11,9,153,49,317,617,83,66,1132,False,,0.9743589743589743,79726129.36842105,0.4,,682.8375570151369,369.85598045319165,1.639871173560623,False,84.55470737913487,80.01021297361358,115.95354741766477,77.00471517321971,0.5703759393166894,True,26.7175572519084,33.70229007633588,2026-06-30,False
3120073,0.09050311020122413,1.2047271327654163,1,46,107,15,191,360,95,381,1129,116,356,2077,False,,0.6140350877192983,129500259.34285714,0.9182389937106918,4715837.342465754,327.3948878008483,316.2541870584632,1.0840940977889626,False,57.340966921119595,67.0793161141901,1359.4005123904788,295.5025999811362,1.6341527920568777,False,88.70229007633588,65.17107325211062,2026-06-30,False
3120072,0.19728642093661797,1.6177998989890585,74,306,663,50,113,1206,125,635,1951,191,270,3172,False,,1.0,71309519.82078853,0.8693181818181818,15792417.05882353,1237.4314725450733,392.50836917272835,1.1826911638774433,False,79.21119592875318,74.3062846387117,456.95998822742905,166.89332232541204,0.8178115344633947,False,62.786259541984734,54.18216975885951,2026-06-30,False
3120071,0.05003943511349008,1.1383239475061382,9,59,147,14,21,250,119,596,1688,161,237,2801,False,,0.9322033898305084,77655726.56363636,0.5,5565142.421052632,589.7674245468024,523.5767913920533,1.2561757791906825,False,83.9821882951654,78.97018020844226,209.91721890648898,208.2008381877796,0.8132264615361334,False,60.12722646310433,45.665217464570375,2026-06-30,False
3120070,0.08006468331611409,1.3253382644321994,15,66,220,25,44,370,70,416,1484,164,209,2343,False,,0.9636363636363636,113670629.49056605,0.8421052631578947,72420907.02083333,507.43982391892746,313.8821319538544,1.0498372281354205,False,60.20356234096692,68.03290459758095,338.29321594595166,157.6955903325855,0.8570557654329168,False,62.175572519083964,68.45667559779585,2026-06-30,False
3110336,0.06255431400317539,0.9928200623538393,1,14,25,3,4,47,42,221,514,88,94,959,False,,0.7333333333333333,24366593.454545453,0.0,,124.38439276174728,222.59824149407245,1.3524230163110145,False,45.21628498727735,35.62400223082017,35.5383979319278,94.6797950246281,0.9415850583644843,True,27.340966921119595,34.13867684478372,2026-06-30,False
3110335,0.14076099255397453,1.2558117866280971,26,86,139,14,19,284,54,316,685,111,119,1285,False,,0.9,151125817.83333334,0.27586206896551724,,450.8259201663929,251.630063807947,1.44457323520666,False,69.4529262086514,76.47092962459479,99.60107538559843,94.75942276311928,0.8904302815627743,True,37.20101781170483,41.04071246819338,2026-06-30,False
3110334,0.0842755325895882,1.1057784167188875,1,27,78,11,19,136,45,260,641,114,110,1170,False,,0.75,34626862.44444445,0.5769230769230769,74684107.2,201.0790758322682,235.12848150127851,1.306908199148621,False,52.70992366412214,44.11155843703161,141.50009040048502,99.47743448131014,0.9038567242861014,False,45.75063613231552,57.555246617124176,2026-06-30,False
3110333,0.06737299875407954,1.1344421526810649,6,34,93,12,20,165,56,313,818,112,129,1428,False,,0.9545454545454546,76187751.23809524,0.6129032258064516,36959035.84210526,289.67480051555094,275.90653191110425,1.2907162593653638,False,61.70483460559795,63.147722123461946,170.39694147973586,113.71227673013561,0.8688553492922343,False,49.13486005089058,53.26857422105387,2026-06-30,False
3110332,0.034427869166980624,0.9474759055786444,1,9,36,2,5,53,47,250,634,90,102,1123,False,,0.8888888888888888,130363304.625,0.0,,106.59987145002899,263.8589525369719,1.3088680357081404,False,45.216284987277355,58.820349262783644,59.22215080557166,107.65445263508454,0.8741785307310481,True,30.20356234096692,36.14249363867684,2026-06-30,False
3110331,0.10593114827405799,1.2987038738617611,5,36,108,19,12,180,38,266,785,150,128,1367,False,,0.9090909090909091,51541973.0,0.16666666666666666,,230.87112740764226,204.81959386864355,1.1480235041248825,False,45.6234096692112,45.406706403151034,76.95704246921409,98.55980456836983,0.8999309744930384,True,33.57506361323155,38.50254452926208,2026-06-30,False
3110330,0.07247590122881307,1.057792032117668,3,16,110,4,9,142,34,172,627,116,93,1042,False,,0.8125,71960892.0,0.3888888888888889,,130.63794460355373,162.60285082282306,0.9772741543637893,False,23.956743002544528,35.94780229356199,73.48384383949897,87.91898329373572,0.8597388944227351,True,29.720101781170484,35.80407124681933,2026-06-30,False
3110329,0.08860975152952133,1.162015962011563,6,16,53,10,8,93,39,154,518,92,83,886,False,,0.7333333333333333,52325301.54545455,0.4166666666666667,,115.43199395024018,132.52829998428848,1.027446402429733,False,22.92620865139949,29.975286695249046,57.71599697512009,71.42759025127236,0.9014899735896755,True,26.69211195928753,33.68447837150127,2026-06-30,False
3110328,0.08829734447639348,1.1786057389652405,0,5,45,6,5,61,14,131,395,87,54,681,False,,0.8333333333333334,50118581.4,0.0,,36.15398414865059,111.1482794195553,1.132294541307818,False,21.641221374045806,28.071229391055805,36.15398414865059,45.81684800500753,0.7703607688753278,True,14.185750636132315,24.93002544529262,2026-06-30,False
3110327,0.1173498184630268,1.2205664430233314,1,23,72,15,7,118,21,143,529,111,77,881,False,,0.8,50041194.85,0.21428571428571427,,137.4366593954894,117.1587182470709,0.9616458961998792,False,21.99745547073791,28.27493115828366,41.82854851167068,63.08546367149972,0.8432926985733538,True,19.78371501272265,28.848600508905854,2026-06-30,False
3110326,0.045509262170521404,0.9800345078016895,1,2,18,6,5,32,37,120,444,115,90,806,False,,0.0,,0.0,,20.940377451866578,122.44466806497599,0.8851434517731018,True,8.829516539440203,21.18066157760814,52.35094362966644,91.83350104873199,1.0680353003795016,True,34.54198473282443,39.1793893129771,2026-06-30,False
3110325,0.10468538560935745,1.2542378889915793,7,30,100,19,10,166,48,174,528,98,84,932,False,,0.8461538461538461,38772537.72727273,0.42105263157894735,,193.94204489208835,138.7296632697788,1.1013210938039024,False,36.43765903307888,34.41047091219631,64.64734829736278,66.97294088885873,0.8683496296355986,True,26.03053435114504,33.221374045801525,2026-06-30,False
3110324,0.026587436412517672,1.1866141262600296,0,3,9,1,1,14,18,199,535,78,77,907,False,,0.0,,0.0,,39.170915499003065,167.70405441506767,1.2885628353858087,True,32.1119592875318,37.478371501272264,13.056971833001022,64.890513517388,0.8198929011743066,True,13.702290076335878,24.591603053435115,2026-06-30,False
3110320,0.0529069771531194,0.9637167037853159,1,11,20,3,3,38,10,137,404,53,53,657,False,,0.8181818181818182,36797126.777777776,0.0,,106.89265494245993,142.15795934830973,1.2235231661629902,False,33.62595419847328,31.803008121579694,29.152542257034526,54.995414930368,0.7833172907846508,True,13.47328244274809,24.431297709923662,2026-06-30,False
3110321,0.00874950762100273,0.7221603791245321,0,0,4,0,0,4,19,204,433,57,75,788,False,,0.0,,0.0,,0.0,282.4857274049113,1.5121832196331693,True,41.526717557251914,44.06870229007634,0.0,103.85504684004093,0.9157268858162829,True,22.264631043256998,30.585241730279897,2026-06-30,False
3110322,0.08426211220220084,1.1310280195769984,3,10,35,7,4,59,35,106,389,68,54,652,False,,0.8,25725926.25,0.0,,74.48117593249124,93.7200477488115,0.9635614873206891,False,15.216284987277355,15.080623235386385,29.792470372996494,47.74417526826247,0.8031180449711994,True,14.16030534351145,24.912213740458014,2026-06-30,False
3110323,0.08364429140143885,1.187820591771411,7,48,102,13,14,184,20,232,613,92,90,1047,False,,0.813953488372093,33113863.114285715,0.47619047619047616,,359.1623667322854,195.31569128130337,1.3023471275015217,False,59.89821882951654,48.54975774687162,104.75569029691658,75.76901816947114,0.8290413287996874,True,33.06615776081425,38.146310432569976,2026-06-30,False
3110280,0.1510775114420588,1.4862908721889936,0,1,23,0,6,30,1,77,197,20,34,329,False,,0.0,,0.0,,4.97320656511185,51.806817521926384,1.3525639340189906,True,27.748091603053435,34.4236641221374,29.839239390671096,22.87573760708438,0.9915764586192187,True,22.760814249363868,30.932569974554706,2026-06-30,False
3110283,0.0422417113585601,1.0130032859787808,1,12,30,1,11,55,5,105,438,33,81,662,False,,0.9230769230769231,146599282.0,0.3888888888888889,,130.09298963842772,103.6521810475148,0.9410873337746013,False,19.923664122137403,41.61779776220851,119.25190716855874,79.96025395094,1.165592138736325,True,48.587786259541986,49.01145038167939,2026-06-30,False
3110285,0.09007092709817648,1.1823801324562933,2,10,81,5,16,114,7,100,434,33,87,661,False,,0.18181818181818182,,0.14285714285714285,,71.39240245758454,84.57516940195754,0.8996381158735084,True,12.608142493638677,23.825699745547073,114.22784393213527,73.58039737970306,1.2505281149252598,True,48.16793893129771,48.717557251908396,2026-06-30,False
3110286,0.11217708087441965,1.256216922044107,3,28,112,7,19,169,47,313,1059,96,187,1702,False,,0.6666666666666666,38463685.28571428,0.48484848484848486,,172.65078301465758,249.1607894365001,1.0865267356551387,False,40.661577608142494,37.275889713827596,117.15588847423193,148.85964097324447,1.0524640401522214,True,55.6997455470738,53.98982188295166,2026-06-30,False
3110288,0.08275977127306099,1.0708024179152749,1,13,87,9,13,123,37,223,826,73,143,1302,False,,0.6923076923076923,174998723.65239665,0.0,,97.92122926501231,208.25503964975584,1.0130475689887128,False,24.872773536895675,46.74884101920597,97.92122926501231,133.5447115242829,1.051814181596335,True,49.80916030534351,49.86641221374045,2026-06-30,False
3110298,0.03790151310115658,0.9062246356065523,0,4,35,3,3,45,16,140,551,84,55,846,False,,0.0,,0.0,,45.50547378401578,154.48708245091518,0.9798058370959271,True,15.44529262086514,25.8117048346056,34.12910533801183,60.69135382000239,0.6362032358123983,True,10.025445292620864,22.017811704834603,2026-06-30,False
3110299,0.140910350917869,1.4757260554178013,7,53,166,23,22,271,31,231,933,150,123,1468,False,,0.8571428571428571,45456205.527777776,0.39473684210526316,,277.61721533266143,156.53311747931446,0.9323840834035065,False,34.287531806615775,35.46245947924291,115.23733466638777,83.34880281366094,0.8072536260749399,True,34.61832061068702,39.232824427480914,2026-06-30,False
3110300,0.15566150948391325,1.5715237899233419,9,62,160,13,18,262,122,633,1861,198,268,3082,False,,0.7551020408163265,55563946.45945946,0.5833333333333334,8482402.142857144,301.4662303878967,402.7937750982932,1.2130925796832268,False,68.2442748091603,62.656837115270655,87.52245398358292,170.5351212106518,0.8353012459990952,False,43.76590330788804,36.497059467839506,2026-06-30,False
3110301,0.10737364902941983,1.2141143014684102,8,17,87,7,9,128,105,483,1342,152,189,2271,False,,0.8666666666666667,65983280.15384615,0.5,5512375.75,108.02316718742397,397.8208636664899,1.2549627122430729,False,52.70992366412214,54.065896336574994,57.188735569812685,155.66903360862648,0.800540101410801,False,33.01526717557252,26.587508214953743,2026-06-30,False
3110302,0.06753213897997164,1.0606252183089124,3,18,105,9,20,155,20,156,672,70,102,1020,False,,0.9285714285714286,44329228.384615384,0.0,,153.14959938802215,147.0830575278328,0.9075941937019116,False,23.486005089058526,27.44476977238663,170.16622154224683,96.16969146050607,0.9599312818408556,True,51.030534351145036,50.721374045801525,2026-06-30,False
3110303,0.10929916503850386,1.3609465206693743,3,21,111,8,15,158,110,504,1292,133,190,2229,False,,0.631578947368421,24313362.166666668,0.4,,131.82743296189992,370.33049597871803,1.3332960105647258,False,57.29007633587786,43.98433197392729,94.16245211564281,139.60871872213576,0.8196681280423002,True,39.69465648854962,42.786259541984734,2026-06-30,False
3110304,0.09328845426625386,1.3010050088229592,0,20,96,13,6,135,101,491,1137,117,157,2003,False,,0.5,42845825.222222224,0.6666666666666666,27154262.14285714,139.57858714029157,377.400545478465,1.443679879939399,False,60.75063613231552,52.8450799958172,41.87357614208747,120.67593816724849,0.7551607872624494,False,22.849872773536894,32.28630166995264,2026-06-30,False
3110305,0.14742440190916542,1.3399727479823824,4,27,101,13,21,166,21,235,845,103,133,1337,False,,0.7037037037037037,67058373.684210524,0.45161290322580644,,136.7612095511002,175.37670102160146,1.0390470771479128,False,28.676844783715012,37.60803792394297,106.3698296508557,99.25574993988508,0.9547485083198898,True,42.50636132315522,44.75445292620865,2026-06-30,False
3110306,0.0326251934580607,0.9590180544888777,3,18,54,2,10,87,12,119,692,67,66,956,False,,0.09090909090909091,,0.19047619047619047,,217.85122971163182,124.08525516594445,0.74448623357163,True,23.727735368956743,31.60941475826972,121.02846095090656,68.82039362144818,0.6721874660101349,True,28.931297709923662,35.25190839694656,2026-06-30,False
3110307,0.055212504633097625,1.0131317161976163,5,39,117,21,14,196,24,149,735,93,107,1108,False,,0.6,26747436.833333332,0.0,,370.67837265164223,147.06873510900613,0.8010179329720611,False,34.478371501272264,29.06636690020565,133.06403120828185,105.61311850109836,0.9278255583826125,True,46.79389312977099,47.75572519083969,2026-06-30,False
3110308,0.08496873291888625,1.385876785250146,0,19,140,9,12,180,24,208,948,108,296,1584,False,,0.8421052631578947,24974750.375,0.0,,140.77334497478503,150.08549260204018,0.7810606388988082,False,18.638676844783713,17.24798703335773,88.90948103670634,213.58320101059564,1.776894831961379,True,63.167938931297705,59.21755725190839,2026-06-30,False
3110309,0.07267770610827304,1.1608601209905114,0,2,51,4,10,67,54,337,961,112,133,1597,False,,0.0,,0.8157894736842105,21425128.096774194,16.302880641041963,290.3019872131128,1.2439215066325524,True,37.49363867684478,41.24554707379134,81.51440320520982,114.57022047283087,0.8021765278877009,False,31.895674300254456,35.3402170432907,2026-06-30,False
3110291,0.1756824007364522,1.51208914631896,5,43,183,12,20,263,45,301,1168,100,162,1776,False,,0.9318181818181818,21076717.975609757,0.45454545454545453,,190.5332443277871,199.06233751677698,1.002694525795387,False,33.06615776081425,26.114346962250337,88.6201136408312,107.13654045753445,0.8766221041035848,True,36.666666666666664,40.666666666666664,2026-06-30,False
3110293,0.07983044287934252,1.2138048499675296,2,28,160,13,28,231,120,539,1706,178,256,2799,False,,0.7931034482758621,32553053.04347826,0.4444444444444444,,215.66590530713742,444.0582026133927,1.1378554846906057,False,60.44529262086514,48.79572309944577,215.66590530713742,210.90704984977464,0.8781926980323608,True,64.07124681933843,59.849872773536894,2026-06-30,False
3110295,0.15310095421474942,1.391890225031058,2,23,114,12,13,164,30,262,791,126,101,1310,False,,0.75,69879506.0,0.3333333333333333,,113.24417499132414,188.23323512754308,1.179196147566953,False,33.791348600508904,42.10143260483112,64.00757716900931,72.56319369420554,0.7450300880832803,True,20.419847328244273,29.293893129770993,2026-06-30,False
3110296,0.05946015967051463,1.1988612438596007,1,16,92,10,13,132,101,431,1374,159,189,2254,False,,0.9375,28462839.733333334,0.5,15622802.833333334,146.17190444597838,359.50782645408015,1.1296021160576364,False,49.35114503816794,39.88826728014221,118.76467236235743,157.649603711882,0.8064985872794453,False,46.23409669211196,42.4963180156042,2026-06-30,False
3110297,0.167262746199633,1.5708773489781729,3,32,167,9,16,227,139,673,1976,212,296,3296,False,,0.896551724137931,36064848.961538464,0.5365853658536586,6416443.181818182,147.28710080188637,428.4230086058433,1.2061948536384965,False,57.290076335877856,47.91127261319669,73.64355040094318,188.42973335413018,0.8622694704707353,False,43.77862595419847,34.71788585005813,2026-06-30,False
3110310,0.021940747280179477,0.7935919850911999,0,1,4,0,0,5,25,163,687,84,274,1233,False,,0.0,,0.0,,13.900328225746854,205.39521953623054,0.7873233563355572,True,9.94910941475827,21.96437659033079,0.0,345.2655837602894,2.103707557368964,True,52.2264631043257,51.55852417302799,2026-06-30,False
3110311,0.02627012511316778,0.798946374031942,0,1,10,2,0,13,7,48,250,34,25,364,False,,0.0,,0.0,,13.111293557159163,60.07912615932462,0.796933934702856,True,3.867684478371501,17.70737913486005,0.0,31.291211541314905,0.6844878109963786,True,4.898218829516539,18.428753180661577,2026-06-30,False
3110312,0.08511780170213012,1.161133308391323,5,64,83,11,8,171,49,289,537,66,53,994,False,,0.8709677419354839,71939843.7962963,0.0,,473.6607552355631,248.89476334150754,1.6990901572443726,False,71.34860050890585,69.03077834710167,59.20759440444539,45.645060405189966,0.5255263464541554,True,11.870229007633588,23.30916030534351,2026-06-30,False
3110313,0.08228911078411921,1.3125030719498678,28,113,157,10,14,322,55,393,906,119,107,1580,False,,1.0,76668443.74418604,0.16666666666666666,,854.1897313407992,299.4278706076895,1.4628473643537738,False,80.62340966921118,76.52771096936107,105.8288162723114,81.52361871507068,0.6558170717014988,True,26.984732824427482,33.88931297709924,2026-06-30,False
3110314,0.08409420579951013,1.2002392047368522,8,45,172,28,23,276,26,228,861,113,107,1335,False,,0.9111111111111111,82170339.3902439,0.4666666666666667,,335.58496977327553,189.9621334648772,1.010228467982707,False,42.51908396946565,51.133221792324576,171.5212067730075,89.14889596816606,0.7735278281607422,True,40.86513994910941,43.605597964376585,2026-06-30,False
3110315,0.09280113235558826,1.1952665960117204,4,24,121,18,12,179,15,182,640,83,82,1002,False,,0.8,38225216.25,0.5217391304347826,432229.0,168.06589418519272,152.2672854803142,1.0724834179116685,False,33.11704834605598,31.903395029453797,84.03294709259636,68.60394180981189,0.7908694650260076,False,26.170483460559797,18.5180139190806,2026-06-30,False
3110316,0.1806185149408074,1.6551175460469705,2,82,204,29,32,349,111,511,1309,184,386,2501,False,,0.9166666666666666,23414032.727272727,0.6379310344827587,14384759.18918919,355.5655538803848,308.739401150363,1.2063734427224484,False,63.95674300254453,48.24003973648436,138.75728931917456,233.2160642740511,1.4740362583575382,False,71.20865139949109,59.38247982070336,2026-06-30,False
3110317,0.09140945172321785,1.1968123942404072,0,21,74,8,5,108,11,152,502,66,63,794,False,,0.7727272727272727,90980513.58823529,0.0,,148.50492484125823,127.00403232076431,1.1278008566313875,False,33.49872773536896,46.18883544215552,35.35831543839482,52.63982918557995,0.7694347788617527,True,14.541984732824426,25.179389312977097,2026-06-30,False
3110318,0.0768692732229268,1.2048588880960003,0,15,36,8,6,65,30,345,977,143,149,1644,False,,0.75,78205291.0,0.3076923076923077,,118.23193763901314,286.3405859462865,1.2372713777399345,False,45.43256997455471,52.16809578584126,47.292775055605254,123.66593422028028,0.8712913126010371,True,29.91094147582697,35.93765903307887,2026-06-30,False
3110319,0.09837572943321807,1.2152530960009802,2,53,129,15,29,228,22,220,766,106,99,1213,False,,0.9318181818181818,33922380.12195122,0.6904761904761905,30041571.827586208,357.201276802178,181.0322481168339,1.0713031888583326,False,46.972010178117046,39.7753842936317,195.4497552313804,81.46451165257525,0.7877435737964519,False,42.264631043257,46.571996697167314,2026-06-30,False
3130143,0.02024231540892352,0.79972578108198,4,14,36,10,10,74,99,366,880,111,290,1746,False,,0.7777777777777778,34200419.071428575,0.0,,199.31005859498552,457.6568727155756,1.2361704804791978,False,64.66921119592875,52.437397608839625,142.3643275678468,362.62429805332494,1.5824229118118516,True,75.94147582697201,68.15903307888041,2026-06-30,False
3130142,0.004208672076127398,0.6216521615294455,1,1,5,2,5,14,28,184,565,66,69,912,False,,0.0,,0.0,,18.4472329186677,295.9854584070075,1.1875115563123286,True,35.20356234096692,39.64249363867684,92.2361645933385,110.99454690262782,0.7341182857642271,True,31.094147582697204,36.76590330788804,2026-06-30,False
3130141,0.03029372919119202,0.9076805484492572,2,17,36,10,5,70,105,279,1013,107,136,1640,False,,0.5555555555555556,15738244.0,0.36363636363636365,,211.7226360170708,307.37686345340603,1.006409177970885,False,43.8295165394402,32.46148349541636,62.27136353443259,149.83244956868538,0.7987447871719748,True,32.97709923664122,38.083969465648856,2026-06-30,False
3130140,0.03245002516597604,0.8369185307941753,4,32,53,8,26,123,102,353,868,104,292,1719,False,,0.9032258064516129,50640953.75,0.575,13995441.52173913,388.11389002710905,421.7853793547007,1.2112774621967626,False,72.8880407124682,64.12665132977796,315.34253564702607,348.89895402711784,1.6178148354376525,False,84.68193384223918,68.51576428559392,2026-06-30,False
3130139,0.07490063233976074,1.066890118687163,14,94,131,33,22,294,243,652,1544,188,247,2874,False,,0.9101123595505618,61895754.0,0.375,,752.5982714346605,611.1219783367227,1.338690632302767,False,91.00508905852419,79.959270103524,176.1400209740695,231.5140009956603,0.8257986885750078,True,59.770992366412216,56.83969465648855,2026-06-30,False
3130138,0.0020652565966020743,0.5853304313850207,0,0,6,2,12,20,42,250,582,186,175,1235,False,,0.0,,0.3333333333333333,,0.0,427.1091790126902,1.1929840673292378,True,42.786259541984734,44.95038167938931,230.4799934623419,298.97642530888317,1.3500532669786658,True,79.87277353689568,70.91094147582697,2026-06-30,False
3130137,0.03702256912873257,0.8965383175585538,4,63,49,83,66,265,62,317,859,220,210,1668,True,청과상 x11,0.9166666666666666,55297103.41818182,0.8970588235294118,,723.9501273147204,353.5822103658123,1.1222204379725818,False,71.27226463104326,64.63944368921887,758.4239429011357,234.234271851169,1.2034045107618458,True,82.68447837150127,72.87913486005088,2026-06-30,False
3130136,0.010960476348575143,0.7175514484747398,0,5,11,13,1,30,55,302,778,220,204,1559,False,,0.0,,0.0,,82.02035645866253,420.8757443691947,1.1433497878962584,True,46.6793893129771,47.67557251908397,16.404071291732507,284.30017169309843,1.24975185139446,True,48.93129770992366,49.25190839694656,2026-06-30,False
3130135,0.030758254489465876,0.8305165019293057,2,34,44,17,10,107,195,459,1129,158,182,2123,False,,0.9,22997610.85185185,0.391304347826087,,421.0095948078591,552.6681275251416,1.275277852175963,False,81.15776081424937,60.09810380285127,123.8263514140762,219.14073901868358,0.8243985499475768,True,53.32697201017812,52.32888040712468,2026-06-30,False
3130132,0.04756430250404046,1.0006125140385764,5,28,64,17,18,132,33,184,588,90,77,972,False,,0.875,44065699.190476194,0.23529411764705882,,286.9902134424671,183.88736640655912,1.1164030798864406,False,46.25954198473282,43.34058349890201,184.49370864158598,76.95286528970138,0.7667062359284684,True,40.36895674300255,43.25826972010178,2026-06-30,False
3120078,0.09417830870728752,1.3710251434120995,51,100,192,21,157,521,111,490,1301,157,524,2583,False,,1.0,129675469.65384616,0.7654867256637168,17986355.387283236,693.5856086578262,357.3968007475972,1.12096620609878,False,70.95419847328245,76.65424030116073,1088.9294055927871,382.19576243212435,1.934123467387192,False,90.86513994910942,75.32745226901235,2026-06-30,False
3120077,0.09334826710935014,1.1543155707724415,24,98,348,29,46,545,47,332,1117,167,205,1868,False,,0.9759036144578314,57000623.75308642,0.5909090909090909,54223930.461538464,683.6497013615297,287.6163229590962,1.050725919066245,False,61.32315521628499,58.177350203910905,320.896798598269,177.5944162849841,1.051339947190253,False,72.1119592875318,74.02141785888816,2026-06-30,False
3120076,0.2973385268499826,2.1020740218710166,207,337,1053,95,149,1841,319,1039,2665,434,499,4956,False,,1.0,84441325.94137931,0.6698564593301436,147779367.4,970.2350126726718,494.2737454484146,1.2389175404197141,False,86.27226463104324,82.26273136045172,428.97631124103293,237.38459959457063,0.9655387931709106,False,75.07633587786259,80.16932915423891,2026-06-30,False
3110381,0.05048388491921771,0.9869226990227952,2,12,32,2,3,51,8,64,231,42,18,363,False,,0.9230769230769231,48729218.416666664,0.0,,119.42213430190516,64.84803730157368,1.039837049272011,False,22.63358778625954,28.400589075952453,29.85553357547629,18.2385104910676,0.515459293189447,True,5.025445292620866,18.517811704834607,2026-06-30,False
3110378,0.05315388932146504,1.0430749419149974,6,24,55,11,6,102,95,294,775,98,245,1507,False,,0.5625,34156233.88888889,0.0,,232.66209502975954,281.85894242674533,1.151236706520278,False,51.42493638676845,43.07508104151417,58.165523757439885,234.8824520222878,1.547784213285112,True,56.297709923664115,54.40839694656488,2026-06-30,False
3110377,0.03563509730036753,0.9149681003787473,16,24,44,1,5,90,96,353,860,110,463,1882,False,,0.8076923076923077,40930539.61904762,0.0,,280.25892136047116,385.80580006437066,1.1080147915178546,False,60.33078880407125,51.6379448569138,58.38727528343149,506.0285706226731,2.33735639032597,True,64.4910941475827,60.14376590330789,2026-06-30,False
3110376,0.20892841522684033,1.628173624279169,18,63,175,30,27,313,239,674,1741,274,299,3227,False,,0.7796610169491526,24005050.06521739,0.45454545454545453,,243.31049160752545,413.9607655776857,1.2335648088984728,False,66.34860050890585,50.05132629230715,104.27592497465376,183.6413485277864,0.8893677747895532,True,50.82697201017811,50.57888040712467,2026-06-30,False
3110375,0.05826235839635594,1.151895554801175,0,14,39,6,3,62,36,225,614,74,70,1019,False,,0.6666666666666666,78773208.625,0.0,,129.31549069663748,195.33020946403127,1.2976285611576142,False,43.091603053435115,50.62074314197079,27.7104622921366,60.76939849992084,0.6683765043767443,True,9.30025445292621,21.510178117048348,2026-06-30,False
3110374,0.20437448103529376,1.5639362317345216,2,43,226,22,24,317,54,368,1169,150,286,2027,False,,0.9230769230769231,13412264.0,0.21052631578947367,,169.04211391406778,235.3037115789949,1.0730538512846024,False,38.409669211195926,28.256631461535775,94.34908683575875,182.87190628150148,1.3476096158350204,True,60.279898218829516,57.19592875318066,2026-06-30,False
3110373,0.08473211803970222,1.1252421124585006,5,30,128,3,17,183,253,607,1692,174,230,2956,False,,0.8518518518518519,50786731.217391305,0.24,,222.66405691892814,539.4394622094153,1.2127646095366267,False,67.78625954198473,60.64672871135278,126.17629892072594,204.4004552029086,0.7485369783321075,True,49.160305343511446,49.41221374045801,2026-06-30,False
3110366,0.05756259491553357,1.0110534037493542,4,32,48,12,8,104,201,562,1193,188,209,2353,False,,0.8064516129032258,44030018.64,0.3333333333333333,,297.50119012216896,555.8559003074411,1.4079197028726396,False,80.2671755725191,67.10026490989578,74.37529753054224,206.71509459831884,0.8534592242435215,True,44.82188295165395,46.37531806615776,2026-06-30,False
3110371,0.06280929996640292,1.0706884392799323,6,39,70,17,16,148,81,375,957,106,284,1803,False,,0.8863636363636364,36375806.56410257,0.5,183565387.625,345.71617775852746,350.2419436341331,1.2267797423661913,False,67.79898218829516,55.404493011258666,141.83227805478052,265.24989864558347,1.501831927970557,False,73.12977099236642,79.30342247611344,2026-06-30,False
3110372,0.08248345044759889,1.094905364143589,2,39,58,8,11,118,133,479,1083,152,172,2019,False,,0.8055555555555556,31890572.344827585,0.7333333333333333,9205165.909090908,294.376390924583,437.4807318390145,1.397756565811892,False,76.08142493638678,59.55836731848444,83.02923846590804,157.09120224699475,0.8194508535988791,False,40.0,34.45695364238411,2026-06-30,False
3110360,0.10652629849787805,1.2779762218023043,4,42,106,19,7,178,92,418,1339,275,271,2395,False,,0.803921568627451,38337189.63414634,0.0,,268.32551720099207,327.07963800023055,1.032204841701742,False,51.47582697201018,44.80020216807836,44.72091953349868,212.0540236795753,1.0838020871146774,True,48.460559796437664,48.92239185750636,2026-06-30,False
3110361,0.07485180617039129,1.038044496633933,1,7,47,8,1,64,43,297,839,132,121,1432,False,,0.8,4154299.570277778,0.0,,56.0664696387873,286.11490255290784,1.2224352367056945,False,39.00763358778626,27.465160863048556,8.0094956626839,116.56533066970319,0.8140156470982586,True,19.35114503816794,28.545801526717554,2026-06-30,False
3110364,0.12715006227274656,1.2657736029484203,6,28,131,21,21,207,66,411,1183,247,262,2169,False,,0.9259259259259259,26295094.6,0.5862068965517241,33790699.52941176,158.05808725537,324.7026158885287,1.1194548637844124,False,47.70992366412214,38.00881871100422,118.54356544152749,206.98804224524216,1.155949208795528,False,64.04580152671755,62.812193519033414,2026-06-30,False
3110365,0.11522842571301414,1.2411499348492798,3,23,69,14,9,118,64,402,1298,177,182,2123,False,,1.0,43324721.75,0.65,6647517.307692308,139.20122945399712,323.89318060014824,1.1186403859896652,False,45.470737913486005,42.514448046289516,54.47004630808583,146.63820614235567,0.8243985499475768,False,32.029262086513995,26.59266889102337,2026-06-30,False
3110358,0.11145498649199397,1.2443864695059657,5,18,48,6,10,87,186,517,1564,261,261,2789,False,,0.7222222222222222,12443368.538461538,0.0,,111.4861819451613,415.4657838776199,1.095718403623495,False,46.170483460559794,33.597877235177236,61.93676774731183,209.74191410456248,0.8983131543951982,True,44.30025445292621,46.01017811704834,2026-06-30,False
3110359,0.13541262289047798,1.3029793580602727,3,24,98,14,19,158,249,625,1807,236,256,3173,False,,0.8636363636363636,32226215.57894737,0.3333333333333333,,129.4410252433387,479.66991659056583,1.1638501757504573,False,54.93638676844783,44.84816480184042,102.4741449843098,196.47279783549575,0.775650060172822,True,45.76335877862596,47.034351145038165,2026-06-30,False
3110367,0.0639383069307076,1.0347141131885012,13,34,111,10,17,185,259,687,1718,204,263,3131,False,,0.7096774193548387,75462237.77272727,0.375,,298.40710219327156,663.9515120587172,1.2953606689437656,False,79.50381679389314,75.47002335389871,149.20355109663578,254.17648860471996,0.807187547625014,True,57.22646310432569,55.058524173027976,2026-06-30,False
3110368,0.10507549320522407,1.3082571635924374,4,20,83,3,5,115,69,366,1007,121,290,1853,False,,0.9,9821506.555555556,0.0,,128.9694431184711,279.7615103401951,1.165926061248569,False,42.264631043257,30.49848373941232,32.242360779617776,221.66895628048246,1.4925029693987513,True,50.91603053435114,50.64122137404579,2026-06-30,False
3110369,0.13393226942546876,1.304786274154791,10,69,152,18,21,270,124,472,1501,270,296,2663,False,,0.9354838709677419,48136986.672413796,0.6388888888888888,63224020.17391305,375.13808868627865,361.74506840650986,1.0481202033731025,False,59.6055979643766,53.824375196068175,114.17246177408481,226.85707679730277,1.0649492234629283,False,62.353689567430024,67.78665554488313,2026-06-30,False
3110370,0.1089840638947567,1.2308985113836675,2,23,90,8,9,132,40,354,1132,146,275,1947,False,,0.9090909090909091,51299670.25,0.3888888888888889,,144.6685877599996,287.594790899588,1.0745780378162992,False,40.49618320610687,41.72632367806476,56.609447384347675,223.4140324784935,1.3487962432262541,True,54.66921119592875,53.26844783715013,2026-06-30,False
3110396,0.05297104372125985,0.986303980049721,7,35,114,17,20,193,43,279,767,141,118,1348,False,,0.8709677419354839,42601493.222222224,0.43333333333333335,,339.9013813508986,282.87425139046405,1.219668597395775,False,61.31043256997455,53.09995120080867,194.22936077194205,119.63857227266938,0.8427636374120068,True,50.267175572519086,50.18702290076336,2026-06-30,False
3130153,0.03362776840090296,0.8704646706731627,31,57,194,9,25,316,62,221,878,73,389,1623,False,,0.9,132053589.57777777,0.3695652173913043,,681.5917857182059,253.88738618086876,0.8091629541025974,False,48.72773536895674,61.41535083132908,298.94376566587977,446.88775214641606,2.2743789193023827,True,88.12977099236642,76.69083969465649,2026-06-30,False
3130152,0.024434184799351055,0.8216815549122622,9,8,42,3,5,67,50,182,525,78,83,918,False,,0.75,24183484.0,0.375,,107.47749869989504,221.49700076866597,1.1675135941823225,False,35.17811704834605,28.41463627174178,67.17343668743439,101.0123684824136,0.8710599322870705,True,30.45801526717557,36.32061068702289,2026-06-30,False
3130151,0.008485442126026657,0.6622482038915953,0,8,8,7,5,28,58,216,528,87,90,979,False,,0.5,53324430.0,0.0,,136.7861763404523,326.1616999951237,1.296297191504622,False,54.14758269720102,52.10422113004984,85.49136021278268,135.90070833130153,0.8849132914938189,True,40.64885496183206,43.45419847328244,2026-06-30,False
3130148,0.0425458664414612,0.952706158991331,5,32,60,48,23,168,62,244,729,156,148,1339,False,,0.9696969696969697,46351827.65625,0.4166666666666667,,345.7744924808848,256.1125460323808,1.076425017448773,False,52.46819338422392,48.371570985395095,248.52541647063597,155.34695415078838,1.058403308541149,True,67.59541984732824,62.31679389312977,2026-06-30,False
3130147,0.03385674746146198,0.841001886846425,5,49,82,11,11,158,41,270,762,137,108,1318,False,,0.925,95375998.4054054,0.5714285714285714,5185003.166666667,584.32984206213,321.0456530750978,1.2073107068139501,False,70.9796437659033,73.06474606992226,131.17608699353937,128.41826123003912,0.7903954104901454,False,42.531806615776084,33.14974807475187,2026-06-30,False
3130146,0.10899440134012793,1.2895579729062414,11,60,187,51,44,353,44,302,890,151,132,1519,False,,0.9482758620689655,63120632.236363634,0.603448275862069,26747313.714285713,377.37177846687393,234.1887734751396,1.1728746371640768,False,56.603053435114504,56.10615566942033,276.7393042090409,102.36065595602129,0.836380686231108,False,50.45801526717557,51.3139881704666,2026-06-30,False
3130145,0.032420360079551486,0.8690598394585666,4,29,45,8,6,92,38,275,763,140,114,1330,False,,0.7727272727272727,102987975.41176471,0.0,,351.85480835086656,316.43390652055433,1.2184098012416429,False,65.10178117048346,70.13745686500052,72.7975465553517,131.17623761215705,0.8257192505503923,True,34.109414758269715,38.8765903307888,2026-06-30,False
3120079,0.0960965951438476,1.4385261373259017,22,81,403,30,37,573,63,259,1030,93,402,1847,False,,1.0,75308507.0138889,0.7105263157894737,14146651.518518519,554.4277053154244,180.04539040316575,0.8323779113466485,False,41.61577608142493,48.90273275471435,253.25709995889758,279.45269089603335,2.0693586661288097,False,82.43002544529263,67.0387661560757,2026-06-30,False
3110408,0.053197254020179205,1.0244902349772351,1,18,59,9,8,95,30,237,688,91,100,1146,False,,0.5,159315479.5,0.0,,174.42324576272424,231.33456221304667,1.2178659466178303,False,45.839694656488554,60.352626442190385,77.52144256121078,97.60951992111674,0.8407761820835821,True,30.39440203562341,36.276081424936386,2026-06-30,False
3110407,0.4543396480213434,2.268520149084847,15,61,160,37,26,299,70,272,873,130,138,1483,False,,0.8360655737704918,44440297.176470585,0.3888888888888889,,120.95023708589832,119.90195463316853,1.0834684940823374,False,27.16284987277354,30.06422322144376,51.552560069399284,60.8326093359458,0.8943019500196986,True,23.96946564885496,31.77862595419847,2026-06-30,False
3110406,0.24753187793129763,1.9083209193528192,6,54,39,14,14,127,32,161,298,63,80,634,False,,0.9076923076923077,77428603.7457627,0.8260869565217391,70513133.89473684,181.49315755829366,84.36736104879097,1.4797536148952364,False,46.87022900763358,52.94614660671337,47.053781589187246,41.92167008635576,1.2003045664220393,False,31.31043256997455,46.7517398850749,2026-06-30,False
3110413,0.07435293985495767,1.096530079183793,1,16,48,10,8,83,28,122,389,69,64,672,False,,0.4,,0.0,,128.66603731815286,111.26005780964188,1.0709585818286111,True,26.90839694656489,33.835877862595424,64.33301865907643,58.36593196571377,0.9168116605176456,True,27.87531806615776,34.51272264631043,2026-06-30,False
3110405,0.1856247417900722,1.4246842848660086,22,74,199,38,38,371,106,423,1156,205,259,2149,False,,1.0,28544442.732394367,0.5818181818181818,74485290.75,314.05869959925366,296.9078865355654,1.1623126379211355,False,58.8676844783715,46.59550698874133,161.27338628069785,181.79466338702466,1.1533592136014033,False,67.86259541984734,72.93428037005208,2026-06-30,False
3110403,0.15305420470038322,1.374161199759746,26,66,158,27,45,322,109,446,1170,232,276,2233,False,,0.9310344827586207,42355256.03703704,0.671875,7945234.790697674,325.0363620757637,324.5616308173868,1.1793012478064209,False,62.53180661577608,53.909250932413116,221.61570141529344,200.84979844304652,1.1825707913210814,False,73.61323155216286,56.79416274876565,2026-06-30,False
3110402,0.11838604510414936,1.2277108673350408,10,33,93,12,11,159,74,355,1016,180,222,1847,False,,0.8055555555555556,31555312.413793102,0.23076923076923078,,195.9782354861354,289.1560296852214,1.1349799041787478,False,48.74045801526718,40.28270417233086,65.32607849537847,180.82433405667368,1.149936704362946,True,51.603053435114504,51.12213740458015,2026-06-30,False
3110401,0.044767126171760874,0.9564927957220616,0,7,41,5,1,54,20,243,680,86,99,1128,False,,0.8333333333333334,174998723.65239665,0.0,,73.8652767343903,254.05314194401012,1.2674519425791746,False,40.59796437659033,57.75647460699223,10.552182390627188,103.50313190311525,0.8455658568471413,True,19.071246819338423,28.349872773536894,2026-06-30,False
3110400,0.12329896537597362,1.2495622527923542,6,62,120,17,22,227,48,302,918,112,125,1505,False,,0.7169811320754716,36682512.421052635,0.5277777777777778,15929364.05263158,357.76324379946794,241.68463742012923,1.1835718651251823,False,56.79389312977099,47.97490327303147,126.9482477998112,100.03503204475548,0.8002872883797171,False,38.18066157760815,37.156926680484645,2026-06-30,False
3110412,0.021145619922396285,0.7836661356349073,0,4,4,2,0,10,1,23,167,23,30,244,False,,0.75,166018573.66666666,0.0,,56.222716231344826,29.349232988568478,0.6061295100575792,False,5.241730279898219,32.116699780403636,0.0,38.281608245958886,1.159218383354335,True,23.52417302798982,31.466921119592875,2026-06-30,False
3110411,0.09032051861297742,1.4779669781895757,6,26,86,8,7,133,64,243,837,119,129,1392,False,,0.8888888888888888,29691833.125,0.0,,185.29007914880535,164.41504010980069,1.0321444089357836,False,32.55725190839695,28.49783889295549,49.88579054006298,87.28205832989418,0.8908516872489997,True,26.0941475826972,33.26590330788804,2026-06-30,False
3110410,0.13095094568849508,1.4163700748435821,13,72,123,21,25,254,96,377,993,161,202,1829,False,,0.9622641509433962,50839642.431372546,0.6444444444444445,10625978.27586207,397.89789285736674,266.17337283240346,1.2159872331998927,False,62.27735368956743,56.83615671511728,138.15899057547458,142.61809366616845,1.0579239570001029,False,57.96437659033079,47.82671924237062,2026-06-30,False
3110409,0.0776423881924157,1.163050055267061,5,48,176,14,21,264,68,355,1047,121,425,2016,False,,0.8780487804878049,31210216.666666668,0.6153846153846154,12605815.25,376.05062612618906,305.23191877454013,1.041230342201129,False,55.31806615776082,44.84136777161979,164.52214893020772,365.41849430754803,2.006206919869865,False,79.60559796437659,64.46564042936825,2026-06-30,False
3110394,0.15781671468949476,1.4240986033742367,2,40,114,26,32,214,89,332,967,204,200,1792,False,,0.9142857142857143,26748280.65625,0.7045454545454546,15322455.548387097,192.4772993344891,233.12992458061854,1.094554223044859,False,41.297709923664115,33.885565896336566,153.98183946759127,140.43971360278226,1.0688834139739765,False,60.203562340966926,51.97693072476956,2026-06-30,False
3110389,0.0528897623305391,1.07492782717361,0,8,30,4,5,47,68,386,831,159,141,1585,False,,0.625,69503827.6,0.45454545454545453,,77.75311963788539,359.09387611160776,1.4326741553837612,False,53.28244274809161,55.65387430722576,48.59569977367836,131.17159723247846,0.8556293709496673,True,30.763358778625957,36.53435114503817,2026-06-30,False
3110388,0.055370739364293826,1.0268165104098392,3,10,41,5,3,62,35,225,685,139,93,1177,False,,0.7142857142857143,81737590.0,0.0,,94.90300685304503,219.12386265604013,1.1277650046846208,False,32.07379134860051,43.684530656349125,28.47090205591351,90.57119656449659,0.7635792003489412,True,15.788804071246819,26.052162849872772,2026-06-30,False
3110397,0.542024475933846,3.149504250087362,24,83,164,34,58,363,39,207,526,104,117,993,False,,0.9714285714285714,49785487.0,0.8172043010752689,169660341.21052632,140.19690633411344,65.72462951725123,1.2265057397868917,False,35.916030534351144,37.92660950189968,97.9689224985371,37.148703640185474,1.1258462995625047,False,40.5089058524173,56.27014138146032,2026-06-30,False
3110398,0.10231807698022911,1.2163284674169896,5,52,106,17,22,202,27,270,838,109,116,1360,False,,0.92,59643272.217391305,0.59375,13951535.315789474,341.39086463617576,221.9795123050728,1.1708308149533846,False,54.27480916030535,53.92843947157447,144.4345965768436,95.36897565699424,0.8216929759360715,False,40.95419847328244,37.80701177897983,2026-06-30,False
3110399,0.16120488859043233,1.5537566543660288,3,26,132,22,21,204,53,317,879,198,176,1623,False,,0.9130434782608695,43199115.28571428,0.5897435897435898,4579341.0,123.10321116865383,204.0216523670136,1.1527709036161187,False,35.30534351145038,35.26168566349472,99.42951671314349,113.27385115644918,1.0389624383722413,False,46.42493638676845,35.37825017272467,2026-06-30,False
3110430,0.011185082437858004,0.6971133709481673,1,10,56,8,6,81,78,235,589,88,129,1119,False,,0.7142857142857143,79284192.4,0.0,,163.4385311183718,337.10442202588746,1.2361856870854626,False,55.49618320610686,59.532259751124116,98.06311867102308,185.04881038867865,1.102516187352548,True,58.00254452926209,55.60178117048346,2026-06-30,False
3130159,0.05771958639815696,0.9916605947617289,1,60,107,43,38,249,61,500,1248,170,215,2194,False,,0.8888888888888888,36511211.15,0.6666666666666666,78290243.71875,557.0017673315776,504.2047678824401,1.343637450693782,False,85.45801526717558,67.94846456830145,352.76778597666583,216.80805018944923,0.9403410516097703,False,71.79389312977099,75.98420201203174,2026-06-30,False
3130158,0.011940490223190697,0.7632045848244075,0,4,35,7,20,66,108,359,879,133,185,1664,False,,0.0,,0.0,,64.57811337279969,470.3850148942647,1.2715603764263599,True,53.65139949109414,52.555979643765895,322.89056686399846,242.39896310707235,1.0647536373914057,True,76.6412213740458,68.64885496183206,2026-06-30,False
3130157,0.05246263611892253,1.0063265259279346,20,56,86,32,25,219,126,508,1231,164,235,2264,False,,0.8541666666666666,21715925.243902437,0.4666666666666667,,546.5406915258748,504.80632966677763,1.3232701331248733,False,84.89821882951655,62.53377601171181,243.99138014547984,233.52261313325343,0.9952349855301603,True,71.62849872773536,65.13994910941474,2026-06-30,False
3130156,0.015764254391629016,0.720380437979808,0,7,13,5,1,26,6,105,291,51,263,716,False,,0.0,,0.0,,106.44080229838376,145.75631772352918,0.8729657305255013,True,16.005089058524174,26.20356234096692,15.20582889976911,365.0848720122683,3.420267879413766,True,56.04325699745547,54.230279898218825,2026-06-30,False
3130155,0.008516399278987122,0.7107158427490001,0,6,39,1,1,47,5,85,202,32,177,501,False,,0.0,,0.0,,102.53535887254367,119.59772793473384,1.0035827633866385,True,19.35114503816794,28.545801526717554,17.08922647875728,249.04468052291637,3.2523398089088853,True,53.180661577608134,52.22646310432569,2026-06-30,False
3130154,0.006758449408446577,0.6481925421651367,1,5,20,3,3,32,3,63,209,32,23,330,False,,0.42857142857142855,,0.0,,88.09261091716715,97.1933428755029,1.1187207249533733,True,24.898218829516537,32.42875318066157,52.85556655030029,35.48328390692963,0.6958698381387981,True,13.56234096692112,24.493638676844782,2026-06-30,False
3120083,0.1258195747469345,1.2100433586585313,4,60,133,21,251,469,7,161,430,77,343,1018,False,,0.9512195121951219,95495777.33333333,0.8898305084745762,89549953.56190476,341.258930277592,133.05308346841932,0.9375538170710276,False,36.51399491094148,48.98445397190561,1427.5998583279268,283.4609169544585,3.1665286928882668,False,91.23409669211196,89.79102000235916,2026-06-30,False
3120082,0.03888208478531981,0.9830779731071834,1,22,99,15,13,150,6,113,469,73,47,708,False,,0.9047619047619048,52110643.05263158,0.5263157894736842,8950976.1,247.51894662616672,114.94510414351416,0.9465642683164114,False,31.119592875318066,35.57366935062219,146.26119573364397,47.809025617213855,0.6512382267767447,False,30.076335877862597,27.21237551185481,2026-06-30,False
3120081,0.2676932503401734,1.8715893511645774,115,419,1172,101,366,2173,176,692,1968,231,469,3536,False,,1.0,106011394.28804348,0.8655913978494624,19421987.25310559,1318.8822851960228,369.7392270208259,1.156538859067491,False,76.6793893129771,78.69840356931228,1152.0546930351893,250.5891581976407,1.2693635966660326,False,84.74554707379136,71.44108824966719,2026-06-30,False
3120086,0.07247963646647006,1.0699338383612438,9,60,190,22,39,320,48,415,1092,158,220,1933,False,,1.0,103761714.59523809,0.4626865671641791,,489.87735211334956,387.874450849813,1.2660964049845473,False,75.99236641221374,77.85219073512496,318.4202788736772,205.62019081194904,1.0897891687654835,True,75.20356234096693,67.64249363867685,2026-06-30,False
3120084,0.08104001350269976,1.2415669744978872,19,84,152,17,24,296,52,497,1071,148,172,1940,False,,0.9420289855072463,129735559.75384615,0.35,,641.0255749727114,400.3005961083944,1.5078681178684843,False,85.2290076335878,86.69226881383109,183.15016427791755,138.53461273771396,0.8523120807228951,True,53.11704834605598,52.18193384223918,2026-06-30,False
3120080,0.038975830275145236,0.8878079072393987,3,27,153,23,23,229,7,67,319,51,39,483,False,,0.9411764705882353,88109599.5,0.5227272727272727,88441652.60869566,303.45319528355395,75.46677547436323,0.8311997241831544,False,30.15267175572519,43.4356373522953,258.4971663526571,43.928421544778594,0.787355922321275,False,41.590330788804074,54.94104612169927,2026-06-30,False
3110418,0.08826644662991538,1.3139287449257304,1,15,40,7,7,70,19,196,466,72,56,809,False,,0.85,16401429.0,0.0,,108.48619000204056,149.17095067516684,1.4179188064534505,False,40.24173027989821,30.041357314650206,50.62688866761892,42.62027162147624,0.6756872019939976,True,12.748091603053435,23.923664122137403,2026-06-30,False
3110417,0.029841663151515836,0.9364475179275826,0,15,39,5,5,64,5,50,195,35,19,304,False,,0.6923076923076923,55481686.666666664,0.0,,187.8718379342179,53.39327516255599,0.9755238593841232,False,25.865139949109416,32.945780612778414,62.62394597807263,20.289444561771276,0.6352186530681306,True,13.65139949109415,24.5559796437659,2026-06-30,False
3110416,0.09268681758688231,1.1978140399626636,5,30,78,11,5,129,36,190,474,74,56,830,False,,0.7586206896551724,174998723.65239665,0.3157894736842105,,210.25067702370566,158.62228497999772,1.3420173050352664,False,49.42748091603053,63.93713618460036,35.04177950395095,46.75183136252564,0.6591878633406556,True,10.076335877862597,22.053435114503817,2026-06-30,False
3110435,0.017818160776489435,0.7819986933961229,2,38,41,4,5,90,26,216,383,47,41,713,False,,0.9375,43631475.266666666,0.0,,560.321889666661,276.2152952736262,1.7603820541428852,False,75.55979643765903,63.62245111366725,73.72656442982382,52.429755121382755,0.5694328989951817,True,16.246819338422394,26.372773536895675,2026-06-30,False
3110434,0.03809014188125956,0.9128052122975572,1,21,62,5,7,96,41,382,1012,135,190,1760,False,,0.5,30712563.222222224,0.4444444444444444,,238.3921691068087,418.4901607194978,1.2793870186715253,False,68.3587786259542,53.787218097528665,79.46405636893623,208.1495563788078,1.0344303358924893,True,53.71501272264631,52.600508905852415,2026-06-30,False
3110433,0.09530930711072298,1.1020023657032925,5,41,110,7,18,181,59,556,1242,172,195,2224,False,,0.725,4861715.620689655,0.5,4138772.588235294,282.15673734345705,504.53612197571243,1.4727478507814484,False,79.04580152671757,55.69735787235526,123.87368956542016,176.95061831882,0.8427541884445744,False,51.221374045801525,38.53708103735908,2026-06-30,False
3110432,0.06909928620236598,1.1528804252578646,1,29,81,10,2,123,9,126,376,47,88,646,False,,0.7037037037037037,45583162.94736842,0.3076923076923077,,243.49432246575375,109.29147311336958,1.1471581685893917,False,41.69211195928753,40.69132768656976,16.792711894189914,76.33055265060733,1.2924592534240495,True,29.961832061068698,35.973282442748086,2026-06-30,False
3110429,0.16055365206015956,1.7307346300642688,5,101,247,24,49,426,72,535,1297,169,247,2320,False,,0.9047619047619048,37751764.026315786,0.6142857142857143,45372730.88372093,479.6877138523448,309.1172908351256,1.3597136887944594,False,73.79134860050891,60.10143260483112,232.71978196796925,142.71396417995516,1.0204763368603502,False,63.62595419847328,65.79644608462665,2026-06-30,False
3110420,0.05043135254717185,1.1628923922100918,6,51,90,9,8,164,9,143,330,54,58,594,False,,0.7317073170731707,48149430.3,0.08333333333333333,,507.80955056883937,122.96924544172714,1.4039413644841183,False,62.39185750636132,55.82041897591411,79.6564000892297,49.87563801132989,0.9392253498005925,True,31.475826972010175,37.03307888040712,2026-06-30,False
3110419,0.12599439828180883,1.5924540813194115,27,95,168,23,21,334,42,231,661,101,76,1111,False,,0.9868421052631579,89984756.01333334,0.6818181818181818,6836637.366666666,539.7899076758251,145.05912773862045,1.2241116187015362,False,58.3587786259542,63.40822266373871,119.32197959149819,47.725080987598076,0.6649010696748662,False,26.666666666666668,23.136865342163357,2026-06-30,False
3110428,0.21772473490331795,1.5471284312898794,12,60,269,36,40,417,118,431,1143,180,225,2097,False,,0.8636363636363636,28092971.54385965,0.44285714285714284,,224.11078312083302,278.58062154585616,1.212981303749714,False,53.3587786259542,42.51096238976611,149.40718874722202,145.43071890444926,1.0282998485158243,True,58.72773536895674,56.109414758269715,2026-06-30,False
3110427,0.030639540791045132,0.8173312294989664,1,3,42,4,3,53,7,93,291,42,84,517,False,,0.0,,0.0,,37.20259280461012,113.78495846415912,1.060757664357939,True,17.519083969465647,27.263358778625953,37.20259280461012,102.7735108708534,1.5271523650995353,True,38.04071246819339,41.628498727735376,2026-06-30,False
3110426,0.1300170326145573,1.3084870910550643,26,54,132,24,20,256,176,588,1476,177,267,2684,False,,0.9148936170212766,20582011.76744186,0.29411764705882354,,299.9716149950203,449.37394034654295,1.292889327871531,False,74.40203562340967,54.95813726515389,111.10059814630381,204.05245250429758,0.9542630617715111,True,56.71755725190839,54.70229007633587,2026-06-30,False
3110425,0.10427738856403782,1.3576965900903462,23,35,140,11,21,230,140,614,1579,212,283,2828,False,,0.9705882352941176,23279566.393939395,0.47058823529411764,,226.864094121428,452.2365339071391,1.2815712455357484,False,68.79134860050891,51.57860155460281,136.1184564728568,208.44126888553808,0.9598566816195689,True,61.39949109414759,57.97964376590331,2026-06-30,False
3110442,0.020049910111780554,0.7691126618299018,0,9,31,3,2,45,0,34,118,15,11,178,False,,0.5833333333333334,48505841.85714286,0.0,,128.47982225299725,44.206787493403006,1.1113508603044329,False,27.72264631043257,31.78028164104709,28.551071611777168,14.302195953748033,0.6512634947804432,True,6.9465648854961835,19.862595419847327,2026-06-30,False
3110440,0.05463222258693232,1.1384898311487974,0,2,16,3,2,23,17,84,294,43,51,489,False,,0.0,,0.0,,19.11457054578312,73.78195017801738,1.0153871830011931,True,12.58269720101781,23.807888040712466,19.11457054578312,44.796184036653415,0.9999304874112703,True,21.984732824427482,30.389312977099237,2026-06-30,False
3110439,0.09902610997323158,1.1637337555187348,8,18,37,15,12,90,26,118,406,67,67,684,False,,1.0,5534581.590909091,0.38095238095238093,,120.78420354146803,101.39776339769524,1.0198136231385733,False,22.25190839694657,16.078618982885427,80.52280236097869,57.5733063359795,0.9416867918589581,True,32.264631043257,37.5852417302799,2026-06-30,False
3110424,0.07591143268967643,1.1151184112763135,6,69,104,10,12,201,171,624,1466,180,297,2738,False,,0.9310344827586207,15216916.296296297,0.5625,212761456.3309089,548.0042481135025,559.5818288802157,1.3446154673222646,False,86.78117048346056,62.34499285440412,95.3050866284352,266.3394281689488,1.039557726404252,False,60.13994910941476,71.25359351566317,2026-06-30,False
3110415,0.19750791011105384,1.6731554402391444,7,65,258,42,39,411,46,260,867,123,105,1401,False,,0.9454545454545454,67654195.5576923,0.640625,23454407.463414636,262.61786934742923,155.39500619430683,1.0959397896424494,False,42.01017811704835,47.16968175955941,157.57072160845755,62.75567557847006,0.724451732800005,False,34.83460559796438,38.490184183475726,2026-06-30,False
3110414,0.06848252545469462,1.0081509866199705,0,0,13,2,3,18,1,62,201,30,20,314,False,,0.0,,0.0,,0.0,61.498724717680936,1.1535551209375827,True,18.931297709923665,28.251908396946565,25.320189525730026,19.838298296026107,0.6446237151920305,True,6.246819338422392,19.372773536895675,2026-06-30,False
3110423,0.0581647727976526,1.4508994105648776,6,41,63,13,11,134,44,313,634,97,105,1193,False,,0.8611111111111112,36455278.29032258,0.0,,379.0513208648813,215.72825636350623,1.538727969055356,False,65.73791348600508,54.05306912056886,101.69669584179742,72.36890389191103,0.8476618394413796,True,33.040712468193384,38.12849872773536,2026-06-30,False
3110438,0.10007135309926435,1.2265561197595554,8,82,169,20,17,296,55,457,1024,151,159,1846,False,,1.0,65228954.25,0.4642857142857143,,546.4067479005223,372.5879253609584,1.4572709045700831,False,81.06870229007635,73.78005507337308,113.27944773547414,129.63124755446913,0.8285804564537128,True,42.150127226463106,44.50508905852417,2026-06-30,False
3110437,0.08370052489541203,1.1728102898015134,8,30,59,17,14,128,30,158,579,91,86,944,False,,0.9230769230769231,18879476.208333332,0.0,,224.38206599014973,134.71914543548212,0.9905615011790339,False,31.857506361323157,24.857332078496984,104.71163079540321,73.32814245222444,0.8773381925175068,True,35.267175572519086,39.68702290076336,2026-06-30,False
3110436,0.04154533698907462,0.9466541145422419,0,10,89,5,5,109,66,230,687,83,140,1206,False,,0.75,174998723.65239665,0.0,,109.23549280498511,242.96096796792284,1.1252385578946336,False,34.961832061068705,53.81118198612709,54.61774640249256,147.88928485003999,1.1102377881734706,True,44.223918575063614,45.95674300254453,2026-06-30,False
3110422,0.03532383754426875,0.9303858597194657,2,7,67,8,9,93,105,452,1178,99,365,2199,False,,0.0,,0.4666666666666667,,82.04037935316933,485.8199372637597,1.21321566624946,True,52.87531806615776,52.01272264631043,105.48048773978913,392.3103475691865,1.583422020626096,True,70.6234096692112,64.43638676844785,2026-06-30,False
3110421,0.06979355716776163,1.1313490513047746,8,63,104,13,14,202,45,266,549,78,74,1012,False,,0.9444444444444444,75292728.1764706,0.3333333333333333,,525.9047438734402,235.1175348520641,1.539144755530193,False,70.78880407124683,69.27819024713305,116.86772086076449,65.40863751523588,0.709670887424584,True,29.058524173027994,35.340966921119595,2026-06-30,False
3110431,0.055707310256413546,1.007078144279826,25,109,147,12,50,343,111,370,952,137,191,1761,False,,0.9801980198019802,92220369.05050506,0.7125,19398753.54385965,1031.1491204874987,367.3994933775388,1.239031139505192,False,80.40712468193385,79.20736170657743,473.0041837098618,189.65757631110787,1.039205934756482,False,75.45801526717557,64.84047823669177,2026-06-30,False
3130181,0.04581604939535234,0.9458103910861742,2,8,39,4,48,101,30,266,732,109,161,1298,False,,0.875,77969243.42857143,0.8676470588235294,45122332.89830509,83.493319234972,281.2403019748219,1.2076723157096845,False,39.70737913486005,48.02347589668514,500.95991540983204,170.22439330055008,1.1849337289983217,False,76.98473282442748,74.94891562610586,2026-06-30,False
3130182,0.04180307392900113,0.9497348346746699,4,38,67,40,19,168,26,195,530,89,67,907,False,,0.84375,53148085.18518519,0.8076923076923077,20901148.904761903,413.92949466363757,205.32046722998945,1.2633056341875761,False,60.483460559796434,56.49367353341001,206.96474733181878,70.54600668927843,0.717571365408,False,38.8676844783715,40.12128641962826,2026-06-30,False
3130179,0.05563759251502521,0.9363037022632322,3,113,239,19,62,436,28,361,1259,122,180,1950,False,,1.0,58081404.558823526,0.9,14908623.944444444,1069.6949571614632,385.5586591480854,1.0938668062765786,False,73.81679389312978,67.2425319808986,586.9122773806258,192.2453148106797,0.8867449607245085,False,69.78371501272265,58.48436209830982,2026-06-30,False
3130178,0.0075259869754527265,0.6784852534913554,1,29,46,1,23,100,22,294,893,93,147,1449,False,,0.7352941176470589,21614032.24,0.8205128205128205,3740362.3125,504.11999036843594,433.318187075006,1.196383244030877,False,75.24173027989822,55.72857192652236,399.81930270600094,216.659093537503,0.9732025703120556,False,74.16030534351145,54.29631970072292,2026-06-30,False
3130177,0.0227759042874535,0.7948689656779101,5,48,34,80,17,184,53,296,714,180,124,1367,True,청과상 x10,0.96,78928938.97916667,0.55,,659.5589635053858,372.3884222194461,1.2750778931159907,False,78.95674300254453,75.772003206804,233.59379957482415,156.0005552540923,0.8724792124277472,True,59.21119592875318,56.44783715012722,2026-06-30,False
3130176,0.01853106150695689,0.7846332614724375,0,5,18,8,11,42,47,266,631,168,102,1214,False,,1.0,62445915.0,0.625,11176370.333333334,72.95961699779636,339.0118837185492,1.2892193209505314,False,48.51145038167939,50.259385130189266,160.511157395152,129.99703811763916,0.810231387405867,False,47.81170483460561,41.11720000674048,2026-06-30,False
3130175,0.006147282209268656,0.6418389254228851,2,8,40,2,9,61,171,628,1495,119,299,2712,False,,0.5,121680820.0,0.7777777777777778,49116212.0,142.48240850167775,978.4386317583229,1.365996211185548,False,70.20356234096693,75.76349820488689,160.29270956438745,465.8489663944882,1.0564080388364605,False,74.17302798982189,74.27211297035876,2026-06-30,False
3120097,0.0595492704114004,1.0211975145646397,2,47,69,9,9,136,37,328,779,79,137,1360,False,,0.9318181818181818,43987996.02439024,0.0,,429.03069845647167,321.19153770153275,1.4177063286798484,False,74.58015267175573,63.07368677890481,82.15481459804776,134.15622153996947,0.9665405197687057,True,43.8676844783715,45.70737913486005,2026-06-30,False
3120095,0.10061418262789887,1.4210014138840719,21,85,265,49,50,470,62,336,945,212,155,1710,False,,0.95,97072280.38596492,0.6666666666666666,90125690.625,564.355882805522,236.45296670155992,1.159737811442803,False,60.966921119592875,66.46679912161456,331.9740487091306,109.0780054724458,0.8713027728172147,False,54.98727735368957,64.61692196215223,2026-06-30,False
3120096,0.15141710164171893,1.6814633471834388,12,100,421,39,52,624,82,633,1964,199,267,3145,False,,0.9583333333333334,37822153.66304348,0.5774647887323944,22322817.85365854,496.48217149842696,376.4578044834081,1.1890217662910874,False,71.2849872773537,58.43830387953571,258.17072917918205,158.7902587631437,0.8157070707552382,False,57.95165394402036,54.076091535648686,2026-06-30,False
3120094,0.3438287336170001,1.9167042549065696,158,547,1199,105,285,2294,224,1026,3390,222,516,5378,False,,1.0,66234426.250501,0.8257575757575758,20550132.042813454,1388.9286212721074,535.2938500415719,1.1280192981848702,False,82.97709923664122,75.29858133779497,723.6648209553027,269.2121117168139,0.920333653304791,False,75.95419847328245,65.98250846772156,2026-06-30,False
3110514,0.09193512900222628,1.3620602854791208,0,15,71,7,2,95,229,816,2757,143,434,4379,False,,0.5,18883622.666666668,0.0,,105.68208240938523,599.0924254229777,1.1018061906644885,False,51.6030534351145,38.72487713060754,14.090944321251364,318.6349419529073,0.9505527578057315,True,42.32824427480916,44.62977099236641,2026-06-30,False
3110530,0.01747263235395633,0.8008819238739862,2,11,62,5,6,86,26,159,632,87,126,1030,False,,0.6,174998723.65239665,0.0,,163.02906254338544,198.53113831174153,0.9157767938953444,False,27.544529262086517,48.61907002683955,88.92494320548296,157.3265624357197,1.1679514297775178,True,54.70737913486005,53.295165394402034,2026-06-30,False
3110533,0.0392279491057577,0.8878146414708596,0,0,17,2,5,24,31,238,677,72,142,1160,False,,0.0,,0.5,11620394.75,0.0,268.07397499741705,1.208509960170802,True,32.213740458015266,37.54961832061068,56.03625377597477,159.94329600686225,1.1692680352815257,False,47.96437659033079,41.52208348078122,2026-06-30,False
3110532,0.061152064933821554,1.0538644537828883,7,22,76,7,19,131,26,229,786,113,168,1322,False,,0.5714285714285714,44653653.083333336,0.6956521739130435,47884165.3125,197.92704717720272,217.2954967576669,1.0243183122611546,False,36.36132315521628,36.594478720066924,170.93699528940235,159.41329019776435,1.2135389699843875,False,67.70992366412213,69.35058894899144,2026-06-30,False
3110529,0.11349830158307637,1.4278381049481936,15,42,115,15,11,198,59,337,885,199,150,1630,False,,0.7575757575757576,49336516.36,0.21052631578947367,,256.8834024166242,236.0211559224548,1.2191929465609415,False,52.837150127226465,49.72573111645578,67.2789863472111,105.05392696845169,0.8844151718044813,True,31.895674300254456,37.32697201017812,2026-06-30,False
3110527,0.10607258701687419,1.2046865839855976,4,31,86,14,11,146,62,348,966,208,152,1736,False,,0.5555555555555556,48065137.8,0.2222222222222222,,198.6255279836449,288.8718149816803,1.1828662426266752,False,51.030534351145036,47.68484436543623,70.4800260587127,126.17389619889484,0.8421881319354728,True,33.66412213740458,38.56488549618321,2026-06-30,False
3110525,0.035519352532863445,1.092038289050955,0,19,67,7,5,98,46,293,730,186,121,1376,False,,0.8666666666666667,31100080.307692308,0.0,,222.17193462378782,268.3056106527493,1.2542918339551787,False,54.63104325699746,44.31478964062882,58.46629858520732,110.80197573031626,0.8464373229428549,True,29.045801526717554,35.33206106870229,2026-06-30,False
3110539,0.04805189639381146,0.9234358490623281,8,30,41,6,3,88,56,460,1051,96,78,1741,False,,0.8780487804878049,100010075.97222222,0.0,,305.96042609425194,498.1396384676765,1.5536926680494263,False,80.9033078880407,80.60491826135451,30.596042609425197,84.46715608799731,0.4392022452296037,True,9.414758269720101,21.59033078880407,2026-06-30,False
3110538,0.016656964900918128,0.7817617270880368,3,25,36,2,11,77,34,305,674,65,85,1163,False,,0.8636363636363636,69181259.0,0.0,,375.0545803752257,390.1444512205609,1.53774711744276,False,78.52417302798983,73.23176130224128,165.02401536509933,108.72878148769729,0.7082480063795044,True,40.267175572519086,43.18702290076336,2026-06-30,False
3110537,0.05278603511873035,0.9478891126280803,1,30,123,6,7,167,54,397,860,92,76,1479,False,,0.7241379310344828,37062303.333333336,0.0,,291.86844268626913,418.82536122742596,1.5764415202997477,False,77.02290076335878,62.272194917912785,68.10263662679614,80.17815479416718,0.5027515709072381,True,16.361323155216287,26.452926208651398,2026-06-30,False
3110536,0.021585866892265434,0.8772600495846183,0,13,30,3,2,48,49,293,715,110,70,1237,False,,0.14285714285714285,,0.0,,181.60009181092417,333.9944639434284,1.391897646835818,True,61.50127226463104,58.050890585241724,27.9384756632191,79.79389923563136,0.5533756535842185,True,8.702290076335878,21.091603053435115,2026-06-30,False
3110522,0.03741968574487702,0.8904716359249771,2,12,32,4,3,53,37,227,672,169,107,1212,False,,0.45454545454545453,,0.0,,137.26885309357482,254.92108995050003,1.1055115615263358,True,38.62595419847328,42.038167938931295,34.317213273393705,120.1610423995749,0.8501332410945355,True,26.14503816793893,33.30152671755725,2026-06-30,False
3110521,0.03042770907627384,0.9142143813639956,3,24,50,3,4,84,48,259,672,178,123,1280,False,,0.6818181818181818,109289362.26666667,0.42857142857142855,,298.4046204429314,283.3033534361771,1.1926514042730225,False,58.155216284987276,66.05111715291574,49.73410340715523,134.5417469986478,0.9231037647788243,True,35.089058524173026,39.56234096692111,2026-06-30,False
3110520,0.060585443868275815,0.9634390682634447,5,28,91,3,7,134,164,726,1720,158,400,3168,False,,0.9444444444444444,83846242.52941176,0.0,,253.19788048553917,753.5505087089546,1.352526125821762,False,78.48600508905852,76.62970127923595,63.29947012138479,415.1793436412973,1.2085713447533364,True,60.16539440203563,57.11577608142494,2026-06-30,False
3110535,0.034671305952014016,0.9493830762265507,1,10,35,5,5,56,24,182,474,81,60,821,False,,0.5454545454545454,26336114.0,0.0,,118.10376475907108,191.70343832479423,1.3005909368799549,False,40.979643765903305,33.34328488270765,59.05188237953554,63.19893571147063,0.7112240588462698,True,17.37913486005089,27.165394402035624,2026-06-30,False
3110534,0.07178652520299596,1.1141934453948814,1,5,32,3,1,42,45,338,836,73,100,1392,False,,0.8333333333333334,6274725.0,0.0,,41.05544510499754,303.3584530558869,1.427409838728445,False,45.725190839694655,32.601240893722334,8.211089020999507,89.75102161416771,0.6953254501619498,True,10.585241730279897,22.409669211195926,2026-06-30,False
3110566,0.1567430039746281,1.4962844119362393,20,82,569,16,73,760,351,1387,4757,189,910,7594,False,,0.9879518072289156,27029524.109756097,0.6013986013986014,20218843.965116277,396.6276895641083,926.9628079632122,1.0802970410560604,False,73.81679389312977,56.69458677541915,353.0953821729257,608.1731472577671,1.1483014677578256,False,84.97455470737913,71.99874458655611,2026-06-30,False
3130198,0.02767092030438102,0.8916349715937819,5,45,76,32,25,183,26,174,739,106,131,1176,False,,0.9318181818181818,26669458.219512194,0.625,17031526.8,579.3674109132678,195.14712359137064,0.8784999106462306,False,44.783715012722645,36.2344452577643,321.87078384070435,146.9211102900549,1.0663069279193063,False,68.53689567430025,59.10165478657971,2026-06-30,False
3130197,0.00970120004307786,0.7131945729831021,7,35,16,15,6,79,57,409,1406,101,103,2076,False,,0.9512195121951219,112050813.92307693,0.4444444444444444,,586.2528722160606,573.4760407517718,1.1632707724124174,False,80.17811704834605,81.96943079228971,100.5004923798961,144.4206166196394,0.48315069982630643,True,31.933842239185754,37.353689567430024,2026-06-30,False
3130196,0.00742568165487021,0.6553380800754056,8,21,70,8,3,110,61,412,1429,103,104,2109,False,,0.9310344827586207,52275825.518518515,0.0,,365.6900431101633,628.6831370345421,1.1536221341012662,False,74.88549618320612,66.25546376660044,52.24143473002332,158.69671420289413,0.4801790096940179,True,24.681933842239182,32.27735368956743,2026-06-30,False
3130195,0.10187974758373666,1.4294234801593209,53,196,309,21,30,609,132,641,2258,172,190,3393,False,,1.0,111776415.29347827,0.5818181818181818,26295586.40625,1290.4946388058636,448.43253864037223,1.1167035065789337,False,79.07124681933843,81.10329743107114,197.52468961314239,132.9207212818576,0.5409378618894408,False,42.849872773536894,45.69027517988641,2026-06-30,False
3130194,0.05419767593809147,1.1717585760000186,29,80,81,11,8,209,100,437,1629,110,145,2421,False,,0.9848484848484849,147860925.5076923,0.0,,767.7714428825801,372.94371805817536,1.067119636621688,False,69.70737913486005,76.51206037157098,76.77714428825801,123.74562727330762,0.5794335151729598,True,25.432569974554706,32.80279898218829,2026-06-30,False
3120107,0.1922184096514582,1.9365330194101644,17,143,728,42,52,982,146,895,3096,227,250,4614,False,,0.9655172413793104,100287284.16071428,0.4727272727272727,,590.3762649823802,462.16614487296584,1.1466983087239275,False,76.0178117048346,77.27639513402349,214.682278175411,129.09668851200163,0.5225844046782369,True,42.68447837150127,44.87913486005088,2026-06-30,False
3120106,0.1367237699422222,1.529703559525959,20,118,518,25,34,715,129,638,2015,139,167,3088,False,,0.9339622641509434,68345224.58585858,0.8113207547169812,16074934.356589148,631.9495372041418,417.07427300339833,1.220245864296867,False,79.07124681933843,73.34074035344557,182.08715478763412,109.17147898364816,0.5231293006791496,False,37.62086513994911,36.963744670812055,2026-06-30,False
3120103,0.4619232356156593,2.442973932015457,246,683,1878,74,349,3230,539,2042,7805,287,1116,11789,False,,1.0,86649706.2276923,0.8844827586206897,42560191.99805068,1334.1844098531626,835.866471287046,1.024747587389855,False,79.93638676844783,78.10158945937467,681.7428390025677,456.82026540467353,0.9078332462859857,False,78.91857506361323,75.60724095512529,2026-06-30,False
3120102,0.24642871388348964,1.7915003317887639,16,138,863,27,49,1093,303,1375,5442,244,765,8129,False,,1.0,95995373.03571428,0.6259541984732825,35417421.56097561,465.54194494883,767.5131149024685,1.0007582606254655,False,69.70737913486005,72.4481334309317,165.30112538038165,427.01638756391884,0.902617826265074,False,68.11704834605598,65.96007953760342,2026-06-30,False
3110579,0.055046068311519154,1.0839990896238971,2,16,58,7,9,92,75,309,1133,71,109,1697,False,,0.5,28452745.777777776,0.18181818181818182,,152.31412519458826,285.0555899518423,1.075968910614914,False,41.00508905852417,34.000365993934956,85.6766954219559,100.55358998301234,0.6224901802212038,True,24.4529262086514,32.11704834605598,2026-06-30,False
3110578,0.11194988783762667,1.2622310044404372,8,72,163,24,20,287,45,374,1232,107,89,1847,False,,0.8840579710144928,40783080.27868853,0.5897435897435898,38997796.56521739,444.5819689124345,296.3007553168121,1.1948698819267676,False,64.66921119592875,54.58351633030081,123.49499136456514,70.51007278929487,0.4705860326137242,False,25.992366412213745,37.466179667357565,2026-06-30,False
3110577,0.026040174360308387,0.9417057097319592,2,11,87,8,8,116,107,519,1618,112,125,2481,False,,0.9166666666666666,104726345.18181819,0.3076923076923077,,144.66037318480696,551.1275918118035,1.234832010583833,False,62.6590330788804,68.7015058036181,105.20754413440505,132.73785929956733,0.4892238102998271,True,31.323155216284988,36.92620865139949,2026-06-30,False
3110576,0.07604009012092304,1.145562651663541,12,67,154,13,14,260,55,437,1513,114,126,2245,False,,0.9264705882352942,80996945.3968254,0.14285714285714285,,531.5768969676244,381.4719337832861,1.149674826092201,False,70.52162849872774,70.50669246052493,111.07576951562301,109.98961935170263,0.5441883584897446,True,29.4529262086514,35.61704834605598,2026-06-30,False
3110575,0.07153142968342246,1.0862824457980857,1,8,103,2,2,116,86,636,2025,180,413,3340,False,,0.7272727272727273,34011459.5,0.0,,65.82659334165014,585.4830872579685,1.1254877169484452,False,49.69465648854961,41.77256091184774,16.456648335412535,380.19577836091344,1.183872113720507,True,50.31806615776081,50.222646310432566,2026-06-30,False
3110574,0.016303874205611805,0.7308617422987319,0,2,41,1,2,46,27,206,794,68,66,1161,False,,0.0,,0.0,,30.164149892627613,281.8590549726705,1.0485296997659985,True,26.5648854961832,33.595419847328245,30.164149892627613,90.30435741842841,0.5564876922636381,True,10.73791348600509,22.516539440203562,2026-06-30,False
3110573,0.009366614853438886,0.6920752312053601,2,6,35,0,4,47,41,251,1132,90,261,1775,False,,1.0,51789452.25,0.0,,101.06690460307495,362.6773343164488,0.8393580856244719,False,30.29262086513995,34.857802642127645,67.37793640204997,377.12663050435515,1.402961098193941,True,61.79389312977099,58.25572519083969,2026-06-30,False
3110572,0.1482246299232206,1.5865337882507469,6,68,203,19,13,309,97,638,2449,180,394,3758,False,,0.953125,33360790.68852459,0.4444444444444444,,343.04516056525773,402.13451785570544,1.0044156823858583,False,57.862595419847324,47.17048346055979,65.58216304924045,248.34012544694036,1.005144137569523,True,51.93384223918575,51.353689567430024,2026-06-30,False
3110571,0.07554996142605784,1.1270386729832482,1,18,78,8,14,119,36,259,1177,100,111,1683,False,,0.85,12366723.764705881,0.0,,143.3692196759537,229.80577881540864,0.9120684994732395,False,27.31552162849873,20.353741852277878,111.50939308129732,98.48819092088941,0.6387715102420459,True,29.36386768447837,35.554707379134854,2026-06-30,False
3110589,0.031213729925546906,1.004153706496322,0,3,28,3,2,36,26,178,760,111,155,1230,False,,0.0,,0.0,,36.939566779536726,177.26369862346564,0.8596324521921411,True,11.501272264631043,23.05089058524173,24.626377853024483,154.3588386889729,1.2032276386523442,True,40.77608142493638,43.54325699745546,2026-06-30,False
3110569,0.08493351350718002,1.1577036230251634,18,79,299,7,31,434,206,739,2926,145,499,4515,False,,1.0,44996235.54285714,0.6410256410256411,7475107.32,585.4735265290211,638.332631342156,0.9686013294448652,False,70.20356234096693,60.42103245146224,229.74277623290703,431.02568746919604,1.059224735478583,False,78.01526717557252,59.57757444011931,2026-06-30,False
3110587,0.07662895877536795,1.273512817074889,5,22,123,12,11,173,48,381,1533,131,132,2225,False,,0.7142857142857143,23572829.1,0.0,,173.73593064937586,299.1724895828789,1.0129429108830796,False,40.13994910941476,31.659608212206766,86.86796532468793,103.6503113515486,0.5745249148434529,True,24.440203562340965,32.108142493638674,2026-06-30,False
3110586,0.13213935203006488,1.4168832482574585,6,93,215,9,17,340,49,441,1691,153,148,2482,False,,0.9655172413793104,43216099.97619048,0.3170731707317073,,510.59806111887855,311.24653392744955,1.0506274788544987,False,60.36895674300255,52.851877026037855,93.33512945183801,104.45461909583341,0.5768129495990578,True,25.99236641221374,33.19465648854962,2026-06-30,False
3110585,0.01821571614480642,0.9270961639612189,0,8,33,2,2,45,24,263,848,91,78,1304,False,,0.2857142857142857,,0.0,,117.27502769329317,283.681467169787,1.1889350353226409,True,41.92111959287532,44.344783715012724,29.318756923323292,84.1336670693665,0.5830788428048187,True,10.5470737913486,22.38295165394402,2026-06-30,False
3110583,0.007972372040056828,0.7280444016215349,1,8,47,1,5,62,30,299,1015,80,59,1483,False,,0.4,,0.0,,137.99676843432053,410.68923726911856,1.1890504394085242,True,54.23664122137405,52.965648854961835,86.24798027145033,81.03901337417389,0.3936973867659436,True,20.127226463104325,29.089058524173026,2026-06-30,False
3110582,0.053598994447046536,0.9951024268164296,3,21,126,17,11,178,27,322,1229,125,179,1882,False,,0.8571428571428571,24332700.944444444,0.5833333333333334,19036711.14285714,202.70467017644572,323.5847801418342,1.0120882848226327,False,44.51653944020356,35.0885182474119,106.17863675909061,179.8809802651811,0.9132675179567071,False,52.264631043257,48.5057715316044,2026-06-30,False
3110581,0.013748071312449612,0.7109792438789017,1,3,13,1,2,20,98,528,1548,103,112,2389,False,,0.0,,0.0,,47.06024728647937,742.6377134716076,1.30380805002157,True,58.536895674300254,55.975826972010175,31.373498190986243,157.52921194852283,0.4563055497916195,True,20.458015267175572,29.3206106870229,2026-06-30,False
3110580,0.03935983064567227,0.8974832666318107,0,11,66,8,5,90,17,163,974,111,88,1353,False,,1.0,18704471.7,0.3076923076923077,,123.09781610505698,181.61898506668223,0.7190089653303028,False,16.97201017811705,14.254836348426226,55.9535527750259,98.05196739796341,0.6317443639296149,True,17.760814249363868,27.432569974554706,2026-06-30,False
3110584,0.014176536989747125,0.8620402207776867,5,7,48,5,4,69,30,180,741,107,134,1192,False,,0.0,,0.0,,109.07413095721141,208.80696243803288,0.8960473719504664,True,21.055979643765905,29.739185750636132,62.32807483269224,155.44518314831336,1.075882764954658,True,46.59033078880407,47.613231552162844,2026-06-30,False
3120153,0.4438260732631088,2.4066368847278636,35,216,542,457,37,1287,82,488,1386,623,131,2710,True,수산물판매 x20,1.0,174998723.65239665,0.45588235294117646,,437.4009630004205,202.77259236604021,1.0646904006477154,False,50.26717557251908,64.52492244414235,74.92516495840536,54.43280655727719,0.4693307135294465,True,15.292620865139952,25.704834605597966,2026-06-30,False
3110832,0.1008571212990453,1.2775485137573028,4,13,91,11,11,130,82,392,1252,205,130,2061,False,,0.7272727272727273,109625646.25,0.0,,86.17425473889293,306.8376627413686,1.1235139919793828,False,38.65139949109414,52.535431698560416,72.91667708675556,101.7573881540253,0.6104154123239506,True,21.61577608142494,30.131043256997458,2026-06-30,False
3120174,0.07027818606829689,1.1666324790714273,0,8,85,2,13,108,63,339,2435,126,184,3147,False,,0.0,,0.16666666666666666,,66.51247629771707,290.5799436252834,0.64075961285884,True,19.55470737913486,28.6882951653944,108.08277398379023,157.71890745443113,0.5647167560087311,True,36.972010178117046,40.88040712468193,2026-06-30,False
3120178,0.3530662941022393,2.075130398118325,65,298,1959,76,143,2541,160,848,5216,213,601,7038,False,,1.0,116762632.29692833,0.8401360544217688,73344065.17813765,739.3324729961449,408.64901828287253,0.7140904746493605,False,59.16030534351146,67.53093520164524,354.7803477800293,289.6203537594415,0.8194827771198441,False,68.34605597964378,73.07402726522083,2026-06-30,False
3120170,0.10085828997916978,1.2650998473578206,2,42,419,21,30,514,7,209,1222,88,785,2311,False,,0.8518518518518519,129758321.73913044,0.4489795918367347,,278.4069738945024,165.20435160631752,0.5410287785405221,False,28.74045801526718,47.195946181463285,198.8621242103589,620.5043828275562,3.2277699284591184,True,87.1119592875318,75.97837150127225,2026-06-30,False
3120167,0.32081494045181685,1.8895502916206888,7,218,700,76,1100,2101,11,359,1528,156,1352,3406,False,,0.8757062146892656,43072697.006451614,0.7980535279805353,2831174.838414634,587.8943273816839,189.992296893078,0.6268985092160225,False,40.49618320610687,38.803949248841015,2966.4392666048266,715.5141654580542,3.781239150920127,False,97.27735368956742,69.58421380786275,2026-06-30,False
3120177,0.14053499913155856,1.292167660385511,13,46,332,11,34,436,141,646,3139,200,256,4382,False,,0.8536585365853658,36912458.885714285,0.7213114754098361,10443458.068181818,241.42546098965477,499.93512436866706,0.8730867180242791,False,51.55216284987278,44.39701627801597,178.44490594887526,198.1167056321653,0.5631022535660809,False,49.61832061068703,41.885142308275626,2026-06-30,False
3120176,0.13050699807881536,1.2369567168434288,7,27,169,8,21,232,121,593,2884,162,231,3991,False,,0.9285714285714286,33976977.0,0.3404255319148936,,149.57868829113707,479.40238484113473,0.8800010277907894,False,43.269720101781175,37.22944334065321,116.33897978199549,186.74865244233075,0.5582489294207849,True,41.157760814249365,43.81043256997455,2026-06-30,False
3110927,0.06023645139003461,1.0194195689535186,0,5,39,5,3,52,7,103,617,57,193,977,False,,0.45454545454545453,,0.0,,45.357047845355446,101.03788777150342,0.6349547529400716,True,5.661577608142494,18.963104325699746,27.21422870721327,189.32342077572972,1.8673216335168468,True,48.70229007633587,49.09160305343511,2026-06-30,False
3110968,0.04374977140110653,0.9315096818390394,2,4,56,2,9,73,56,363,2759,103,245,3526,False,,0.5,174998723.65239665,0.0,,42.666770704816756,389.6899915021224,0.6123985588270522,False,23.829516539440206,46.018561120987144,96.0002340858377,263.0139061102479,0.6689944701403873,True,43.969465648854964,45.778625954198475,2026-06-30,False
3001496,0.23789166635731343,1.567189317990621,0,139,464,21,341,965,73,762,4296,172,577,5880,False,,0.9921875,174998723.65239665,0.9169139465875371,90832691.83495146,482.8205059172562,486.2207719594477,0.7679141333473247,False,58.38422391857506,70.20685628638154,1184.4733274660746,368.17504648372875,0.9411173602456495,False,79.97455470737914,82.30669160642367,2026-06-30,False
3130303,0.03909747451212377,0.884015641594992,18,94,95,29,9,245,118,601,3526,192,334,4771,False,,0.96,90096453.75,0.14285714285714285,,1055.0242923800172,679.8522240122824,0.746889424659915,False,69.37659033078882,71.16635295757956,101.0129641640442,377.8213690850288,0.6732418910716886,True,47.659033078880405,48.36132315521628,2026-06-30,False
3130302,0.003960949017534503,0.6122036085134702,2,24,20,4,3,53,97,485,2327,91,317,3317,False,,0.7619047619047619,75247976.125,0.0,,444.7660843066575,792.2200935366238,0.8662988346676674,False,64.38931297709924,64.75288438077311,55.595760538332186,517.8015869095046,0.9170141454176957,True,50.92875318066157,50.6501272264631,2026-06-30,False
3120196,0.1854798989178606,1.606203501960146,22,62,589,25,40,738,126,826,4484,186,469,6091,False,,0.9818181818181818,103929039.16666667,0.6728971962616822,36071155.88888889,263.2921123413029,514.2561319234972,0.8033047685748389,False,51.61577608142494,60.83423960402942,169.86587892987285,291.9928884650366,0.73951161341465,False,57.6972010178117,58.964199652865545,2026-06-30,False
3120195,0.12682978442063841,1.258967863545716,19,90,460,22,82,673,147,719,2408,128,717,4119,False,,1.0,100680079.63,0.7483443708609272,212761456.3309089,508.9640316809423,571.1027428254062,1.0325290563300056,False,70.7379134860051,73.7174526822127,463.7227844204141,569.5141399246401,1.6640774898130148,False,89.93638676844783,92.11109987698633,2026-06-30,False
3120194,0.24244635627512262,1.7243543047695924,26,174,762,35,84,1081,123,922,4853,217,456,6571,False,,0.9259259259259259,56374995.85333333,0.7540106951871658,212761456.3309089,594.9809127945068,534.6928977703323,0.8309365897579821,False,63.89312977099236,59.8393460908362,287.2321647973481,264.4468127801209,0.6668554344787357,False,59.66921119592876,70.92407697622298,2026-06-30,False
3120193,0.18502317385125094,1.460327532223799,26,112,449,24,81,692,178,980,4254,184,638,6234,False,,0.9910714285714286,148964825.16216215,0.7358490566037735,171872484.43589744,476.5487511920258,671.082328022432,0.9304229554713002,False,66.36132315521628,74.21548328627696,344.64686470137576,436.88829110031793,0.981296743459653,False,79.24936386768448,83.48779974049171,2026-06-30,False
3120191,0.36628660263697665,2.0544657228131062,17,124,1318,46,141,1646,157,1007,5574,251,600,7589,False,,1.0,105936642.9262295,0.8443271767810027,68633821.2625,297.8717047690684,490.15176491781574,0.7859187395131573,False,52.773536895674305,61.9186447767437,338.7089546164407,292.0467318278942,0.7589600657280162,False,65.05089058524173,70.17138499907318,2026-06-30,False
3120190,0.2951951691582832,1.8129745912152633,41,168,1216,40,141,1606,169,968,5776,243,788,7944,False,,1.0,80772602.97701149,0.8225255972696246,72480416.63485478,486.68120243295334,533.9291596751698,0.7219929019944812,False,59.36386768447838,62.604935689637145,408.4645806133716,434.6448118016878,0.9512129403344252,False,78.84223918575064,80.2226800128069,2026-06-30,False
3120207,0.32347504029709634,2.1583427566375626,22,118,1345,44,78,1607,113,867,5019,227,412,6638,False,,1.0,67975259.5,0.65234375,64619306.74850299,315.95150215696333,401.69708788546694,0.7737859872607546,False,49.223918575063614,52.31062428108334,208.8492980359588,190.88719747267865,0.5968898463312545,False,51.75572519083969,60.56675597795864,2026-06-30,False
3120203,0.17325165605592208,1.5364474632333616,23,162,1159,50,98,1492,92,628,3886,170,348,5124,False,,1.0,93287064.86956522,0.771689497716895,28263687.44970414,725.6385142308677,408.7350950994521,0.7267290669520319,False,59.223918575063614,64.51610373313814,438.9665086087966,226.4965176665754,0.6531741772707448,False,60.547073791348595,58.873017879109575,2026-06-30,False
3120200,0.26659713458621226,1.7338839431903577,51,300,887,40,166,1444,234,1155,4353,193,1020,6955,False,,0.9966777408637874,91900723.27333333,0.8567567567567568,118732723.52996846,947.5764851507438,666.1345498561989,0.9826137129122783,False,75.07633587786259,75.38448534281432,524.3256551167449,588.2746674054744,1.4043347830105921,False,89.40203562340966,89.60129248605563,2026-06-30,False
3120188,0.2517459280039016,1.7371010204141608,18,217,1192,78,220,1725,110,657,3759,187,703,5416,False,,1.0,100541498.7371134,0.8388888888888889,25956022.642384104,719.1480641859538,378.2163456696132,0.7192692054922264,False,57.137404580152676,64.10577224720276,729.090203322165,404.6972465840762,1.2431201091839803,False,87.41730279898219,76.58946295266502,2026-06-30,False
3120187,0.38239210643988775,1.9478552290220743,71,367,2029,101,160,2728,222,1133,5665,304,547,7871,False,,1.0,109405720.008,0.7335526315789473,28984329.385650225,848.7666507645215,581.6654046557791,0.8522204528942127,False,68.89312977099237,73.61331869357593,370.0345071452955,280.821691391625,0.6675582536403873,False,62.23918575063613,60.25617174729959,2026-06-30,False
3120223,0.13356967321676996,1.5695858030312742,0,13,160,16,13,202,28,322,2703,115,197,3365,False,,0.38461538461538464,,0.16666666666666666,,70.81779779957895,205.1496639292577,0.5699890428809643,True,12.900763358778628,24.03053435114504,70.81779779957895,125.51081923622289,0.5651673038458547,True,24.42748091603053,32.09923664122137,2026-06-30,False
3120222,0.3563365643534962,1.9295937447206677,6,189,1044,42,271,1552,74,748,4143,164,564,5693,False,,1.0,174998723.65239665,0.8319327731092437,104088490.07070707,465.131658286055,387.6463644466686,0.7785325068588302,False,53.51145038167939,66.79591481055456,666.9348116165128,292.28950474321005,0.9500901164310414,False,77.82442748091603,81.29829128962135,2026-06-30,False
3120218,0.14539600444956283,1.2632415928432774,0,82,201,15,119,417,60,602,3057,124,512,4355,False,,1.0,174998723.65239665,0.8211009174311926,51169331.56424581,419.6605771494498,476.55175653695125,0.8190952399482185,False,57.404580152671755,69.52110565024921,609.0196180583479,405.3064773204635,1.1262974425238537,False,85.25445292620864,82.52579916755134,2026-06-30,False
3120216,0.07169494842536328,1.051565992257482,5,29,242,13,31,320,14,101,819,50,110,1094,False,,0.8518518518518519,72849082.17391305,0.5,22927973.65714286,238.30077069950022,96.04722931670233,0.5583331294032742,False,23.117048346055984,35.54266443584649,254.73530660981058,104.60589331522036,0.9649715917645212,False,56.88295165394402,53.62601317762836,2026-06-30,False
3120215,0.31862582803261325,1.746364697262624,57,361,2577,83,141,3219,139,1097,6643,233,733,8845,False,,1.0,165523924.99339935,0.6485148514851485,11753594.51908397,979.3128222368115,628.1620338062924,0.7346929375338005,False,68.00254452926208,76.00360765450172,382.50168403155243,419.7290526709319,0.7952290649752164,False,70.20356234096693,57.28818900291526,2026-06-30,False
3120214,0.08913584482796641,1.1438133259014958,6,32,199,8,20,265,43,207,1088,62,191,1591,False,,0.8461538461538461,134807797.9090909,0.631578947368421,50298725.777777776,229.99105686651907,180.97358660938232,0.7740378604577361,False,27.989821882951656,46.944473491582144,143.7444105415744,166.98529005986487,1.1481911345767175,False,64.24936386768448,67.6235613298957,2026-06-30,False
3120213,0.2289253408264441,1.734577477656339,27,181,654,30,53,945,86,671,3980,165,577,5479,False,,1.0,103984596.3144654,0.6742424242424242,103325672.4269663,648.9191676299636,386.8377219486422,0.7260793400690266,False,56.78117048346056,64.49567778591097,190.01500488612191,332.64585031947325,1.009621274106333,False,73.06615776081424,77.86816473720572,2026-06-30,False
3120209,0.13414844389960032,1.552692607629028,7,54,415,40,64,580,33,316,2402,143,328,3222,False,,0.9803921568627451,85881037.58,0.6595744680851063,77912744.03225806,293.24168511269835,203.5174241490942,0.584137086192115,False,32.08651399491094,44.469692216528976,347.54570087430915,211.24593392690792,0.9762328264536776,False,72.92620865139949,76.67748512882733,2026-06-30,False
3120208,0.33133668745174427,2.032761747162743,43,196,930,40,255,1464,123,667,2768,137,704,4399,False,,0.986046511627907,113733359.3490566,0.8290598290598291,184108884.128866,513.9814931255534,328.12502543939297,0.8977884594530423,False,54.51653944020356,64.09765066750322,668.700411974572,346.32686343228283,1.530733719240745,False,87.95165394402036,89.77807829061557,2026-06-30,False
3120186,0.25668759947867087,1.7254969277329466,52,253,1078,37,253,1673,166,837,4934,213,644,6794,False,,1.0,89495972.60569106,0.8392070484581498,93671851.77165355,824.9436900287693,485.07765302120646,0.7300864568631498,False,63.72773536895674,67.07516818292724,824.9436900287693,373.22581666147784,0.9091981196423043,False,78.12977099236642,81.21401850260351,2026-06-30,False
3120185,0.32118245599064543,1.9247646065768411,40,231,1338,61,113,1783,192,930,6011,294,528,7955,False,,1.0,100672887.28634362,0.8685258964143426,140354101.77522936,622.3354478957963,483.1759669843411,0.6928421320022451,False,60.877862595419856,66.76975495834641,304.43249182781375,274.31925867498074,0.6377225713071941,False,59.4910941475827,69.16032219469862,2026-06-30,False
3110966,0.09354485266976358,1.2042407941456552,2,70,230,6,33,341,106,661,3494,144,378,4783,False,,0.7166666666666667,49124763.97674418,0.5223880597014925,8502915.82857143,487.65245634436366,548.8935462188393,0.8187837296142548,False,61.32315521628499,55.57461047788351,229.89330084805715,313.890711756008,0.759211624079058,False,62.30279898218829,49.572224188194056,2026-06-30,False
3110982,0.019865177353307718,0.7478021114792495,0,3,86,1,11,101,16,138,1096,70,91,1411,False,,0.0,,0.5625,8056037.333333333,42.93984662529404,184.5408001416553,0.5874232578311314,True,8.81679389312977,21.171755725190838,157.44610429274482,121.68994791949733,0.6262769181253062,False,39.478371501272264,33.197773958175354,2026-06-30,False
3110976,0.055724401625039326,1.013297515614952,2,18,131,8,10,169,69,428,2401,118,438,3454,False,,0.5789473684210527,55681901.45454545,0.52,24470821.153846152,170.25397848869883,422.38335079727744,0.7354367781095247,False,39.94910941475827,42.89588343964586,94.58554360483268,432.2521206757185,1.2139314640558787,False,67.32824427480917,61.73241999898893,2026-06-30,False
3110974,0.03515081795010233,0.8446609975542967,0,1,42,1,9,53,36,234,2010,78,145,2503,False,,0.0,,0.3125,,11.743868398140245,277.03421926375614,0.5584132866484448,True,12.735368956743002,23.914758269720103,105.69481558326221,171.66650338993435,0.5606756990481344,True,37.8880407124682,41.521628498727736,2026-06-30,False
3110962,0.010043981014324514,0.6803245866181328,0,13,13,0,11,37,136,589,1905,88,469,3187,False,,0.46153846153846156,,0.5625,53076436.11111111,216.50796266987408,865.7632130096845,1.0925763553696055,True,64.36386768447836,60.054707379134854,183.19904533604728,689.3768198667946,1.4070719880979399,False,82.02290076335878,80.46238815024518,2026-06-30,False
3110961,0.06303130462794762,1.0960658159084595,2,43,121,2,8,176,69,552,2853,127,288,3889,False,,0.8125,120246139.03846154,0.0,,380.42558335089774,503.61939218265115,0.8410073126151163,False,58.11704834605598,67.21161420753599,70.77685271644609,262.75794374747016,0.712224556155969,True,40.13994910941476,43.097964376590326,2026-06-30,False
3110959,0.03595989912755016,0.8452168853768239,0,13,29,2,8,52,88,547,2377,125,510,3647,False,,0.4166666666666667,,0.0,,151.2333091586132,647.1711692746536,0.8883125268521107,True,47.65903307888041,48.36132315521629,93.06665178991581,603.3954229068983,1.3379492057831093,True,69.10941475826972,63.3765903307888,2026-06-30,False
3110957,0.09481525822317949,1.1574362441707602,1,23,273,6,30,333,97,457,3394,130,349,4427,False,,0.8636363636363636,53358321.315789476,0.603448275862069,9173207.971428571,158.82304311161712,394.83816262157535,0.613381246796831,False,36.106870229007626,39.52138450277109,207.16049101515276,301.5284874287304,0.7574707735146334,False,61.20865139949109,49.20367187368349,2026-06-30,False
3110955,0.19091274179022635,1.4391344721255788,4,39,302,25,62,432,140,884,4696,256,492,6468,False,,0.696969696969697,61174779.26086956,0.5113636363636364,32972537.71111111,161.88433916027185,614.2580954887044,0.8095083798901777,False,46.03053435114504,48.43141970790198,257.35459045991934,341.87215269280836,0.7305422787690119,False,62.671755725190835,61.65168596127597,2026-06-30,False
3110953,0.09294660901392712,1.1615262839309646,1,5,95,2,10,113,87,484,3476,134,412,4593,False,,0.0,,0.0,,34.97809451018775,416.6931103461509,0.6259108155422879,True,24.94910941475827,32.46437659033079,69.9561890203755,354.70570550126894,0.8609261292097784,True,49.14758269720102,49.40330788804071,2026-06-30,False
3110952,0.02162903598546622,0.7728787990151802,0,9,28,3,0,40,69,392,2058,127,257,2903,False,,0.9166666666666666,6767770.7272727275,0.0,,125.6473701785702,507.19466040405734,0.8009777556184418,False,39.17302798982189,28.060388999268014,0.0,332.52302990776207,0.8503220834077231,True,36.157760814249365,40.31043256997455,2026-06-30,False
3110951,0.029000236148820285,0.8665567359287244,2,14,75,6,10,107,114,599,3221,131,498,4563,False,,0.9230769230769231,33418698.25,0.6521739130434783,1671949.0,177.21466013882366,691.241525412675,0.7781369756217896,False,47.30279898218829,39.86995015511171,126.58190009915977,574.6882798923408,1.0460676888414668,False,70.40712468193385,49.78167601907555,2026-06-30,False
3110950,0.04616392881455119,0.9335845188572621,0,1,27,0,5,33,75,469,3183,146,271,4144,False,,0.0,,0.0,,10.39890957375988,502.3647998941449,0.6719784881508643,True,26.806615776081422,33.764631043257,51.9945478687994,290.27902083435663,0.6296646049959493,True,34.28753180661578,39.00127226463104,2026-06-30,False
3110949,0.0621261809620729,1.00466567843646,2,22,121,3,12,160,99,499,2354,108,382,3442,False,,0.7777777777777778,102291290.71428572,0.2571428571428571,,196.2075209485783,496.682638523676,0.8589669328808427,False,47.34096692111959,57.52223848861932,107.02228415376999,380.22598780770386,1.0634895329198495,True,65.6234096692112,60.93638676844784,2026-06-30,False
3110990,0.010107359629928052,0.698457910313331,0,2,34,1,2,39,14,106,790,55,125,1090,False,,0.0,,0.0,,33.27379562691987,151.76290286761585,0.5867401199577768,True,6.157760814249364,19.310432569974555,33.27379562691987,178.9656873438866,1.096822310413273,True,44.22391857506361,45.95674300254453,2026-06-30,False
3110988,0.07918537632425438,1.0402196255706957,0,4,33,0,4,41,15,136,1063,74,163,1451,False,,0.0,,0.0,,30.963256939856944,130.74162095854163,0.5635678026828416,True,5.012722646310433,18.508905852417303,30.963256939856944,156.69767806060506,1.0754672842082222,True,40.82697201017812,43.57888040712468,2026-06-30,False
3110985,0.04326545636910097,0.8844689940385166,0,6,63,2,7,78,51,260,1404,86,295,2096,False,,0.0,,0.0,,64.3325003016638,293.96168972846726,0.7376716081741982,True,20.267175572519086,29.18702290076336,75.05458368527444,333.53345565345325,1.3444594218647052,True,62.25190839694656,58.57633587786259,2026-06-30,False
3110973,0.0661364000000673,1.0433111734374332,0,6,153,2,17,178,62,504,2563,131,317,3577,False,,0.0,,0.0,,51.663388911629106,483.0773529813295,0.8350195974121751,True,32.162849872773535,37.51399491094148,146.37960191628247,303.8403192362727,0.8509138743313078,True,61.157760814249365,57.81043256997455,2026-06-30,False
3110971,0.13322194949100513,1.3820508612860172,3,11,160,5,10,189,113,861,4913,193,382,6462,False,,0.9166666666666666,115528050.54545455,0.27906976744186046,,60.03647505420752,622.9872026553551,0.7892954354236902,False,35.19083969465649,50.66098504653351,54.578613685643205,276.4008262652098,0.5687670453323656,True,33.20610687022901,38.2442748091603,2026-06-30,False
3110970,0.050014071558371606,0.9449693595902011,1,4,46,1,3,55,57,406,2327,98,183,3071,False,,0.5,71516930.0,0.0,,39.99437216857494,429.6435602695811,0.7842949850236998,False,27.964376590330794,38.47917320227265,29.995779126431206,193.65707273234813,0.5754652066876607,True,25.190839694656486,32.63358778625954,2026-06-30,False
3001495,2.462734200143081,6.886626409392057,116,577,1615,106,532,2946,297,1783,5510,481,1048,9119,False,,1.0,126588340.4108818,0.7268602540834845,212761456.3309089,229.6303365342599,258.90761223352047,1.156314175949616,False,49.93638676844783,61.80478580640663,211.7215581217093,152.17901156518758,1.1015115576090793,False,66.62849872773538,75.7955782484876,2026-06-30,False
3130313,0.14364450788370237,1.456210720450274,8,89,258,45,43,443,110,623,2097,175,234,3239,False,,0.972972972972973,50243816.48611111,0.7058823529411765,24301364.833333332,459.6050823886572,427.8226984947361,1.136732674875296,False,71.32315521628499,62.93990728153648,222.05638812036247,160.69102961118497,0.695466971215933,False,51.87022900763358,50.81247156362165,2026-06-30,False
3130311,0.07937539022948582,1.0995220005019535,14,132,196,47,34,423,142,649,2384,218,287,3680,False,,0.8666666666666667,83621103.25,0.9347826086956522,66498613.46511628,1020.2867776155778,590.2564930067053,1.0430749590472175,False,78.02798982188295,76.26342849175641,262.8011396888609,261.0225169382503,0.7497629400738381,False,61.61577608142493,67.56812934971268,2026-06-30,False
3130314,0.12081268283630944,1.3575527187641305,7,35,116,39,20,217,96,433,1477,169,553,2728,False,,1.0,41827957.40625,0.4444444444444444,,204.90281762941837,318.95630572209996,0.9397549789111723,False,41.11959287531807,38.41841820906968,117.08732435966765,407.35066296609995,1.9332497931183894,True,73.99491094147584,66.79643765903307,2026-06-30,False
3120230,0.10234118034539065,1.3021846037707603,12,88,272,23,44,439,36,375,1420,138,163,2132,False,,0.958904109589041,57403939.071428575,0.5930232558139535,21802768.80392157,577.6507691517476,287.97760234156164,1.0400958685278578,False,58.893129770992374,56.56765659311932,288.8253845758738,125.17426448446545,0.7367100129104427,False,49.720101781170484,48.11532952496503,2026-06-30,False
3120229,0.14669396615195598,1.3297599122033352,109,263,726,35,54,1187,182,781,2237,150,302,3652,False,,0.9917355371900827,163539911.81666666,0.5913978494623656,2401956.5090909093,1337.102531131124,587.3240671738466,1.2631140728722763,False,90.52162849872774,91.72130433267105,274.53816228547794,227.1086661798997,0.7945229294387517,False,62.3791348600509,44.46009638879059,2026-06-30,False
3120239,0.15165001460818833,1.4141349952247488,21,102,423,23,50,619,37,211,1033,81,119,1481,False,,0.979381443298969,43100787.08421053,0.024793388429752067,,505.8268912015151,149.20782012502684,0.8460498804266937,False,39.30025445292621,38.01246122207118,247.95435843211524,84.15038196624737,0.7749277433852072,True,44.36386768447837,46.054707379134854,2026-06-30,False
3120238,0.045609911489656485,1.0491364029487344,14,37,208,20,12,291,40,278,1100,91,98,1607,False,,0.8928571428571429,79419705.72,0.4090909090909091,,386.98916695475475,264.9798436300988,1.0230829736290117,False,50.97964376590331,56.41634424343825,125.51000009343397,93.41016070413555,0.5922893917701202,True,30.38167938931298,36.26717557251908,2026-06-30,False
3120233,0.11500254083930425,1.2447263899476462,14,80,563,25,44,726,148,481,1798,134,167,2728,False,,0.8596491228070176,117950305.02040817,0.44871794871794873,,484.84101876898904,386.4303061978393,1.0427252364430526,False,63.587786259541986,70.72149604377984,266.662560322944,134.16603146577788,0.5914130382587341,True,46.62849872773536,47.63994910941475,2026-06-30,False
3120232,0.06091167176469778,1.1392776354781382,9,29,157,16,21,232,176,717,2087,166,225,3371,False,,0.5789473684210527,124732763.36363636,0.5,212761456.3309089,261.46932544236023,629.3461555567933,1.2561393872248814,False,74.50381679389314,78.9106626233051,189.33985635481258,197.49356345924474,0.6431031396039867,False,52.099236641221374,65.62509478792781,2026-06-30,False
3120228,0.22814977569296954,1.9672652828068276,19,124,571,47,56,817,130,806,2639,211,290,4076,False,,0.9910714285714286,94412340.5945946,0.6774193548387096,21772488.523809522,445.80298398973036,409.7058017767825,1.1687039700031345,False,71.27226463104326,73.17825647460698,201.33037986632985,147.41275746311032,0.6844576452454575,False,48.12977099236642,46.902760224457815,2026-06-30,False
3120227,0.526867253790624,2.4177381968160274,3,312,489,68,504,1376,136,826,2053,199,674,3888,False,,1.0,100224198.61377245,0.7566037735849057,212761456.3309089,540.8523329237916,341.64162235918576,1.2549843002671233,False,74.17302798982189,75.93938443305797,873.684537799971,278.7729460896988,1.6569662596932548,False,87.26463104325698,90.24087086935273,2026-06-30,False
3120225,0.23804723601867955,1.7389636973647233,106,334,1341,105,186,2072,127,569,2106,208,286,3296,False,,1.0,119084495.67687075,0.8861209964412812,48872885.67068273,1159.5320427873867,327.2063705885749,1.0211930690349673,False,66.06870229007633,72.54946146606713,645.7274250253112,164.46576799355432,0.8334434695648336,False,64.59287531806616,67.46666835178539,2026-06-30,False
3111035,0.09504138410012188,1.2171917063399738,3,13,80,8,10,114,22,110,578,62,73,845,False,,0.6875,8802384.181818182,0.2,,89.62959144836978,90.37195983758691,0.7780742078576615,False,10.483460559796438,8.160340200076684,68.94583957566905,59.97411880130768,0.834159470622987,True,24.491094147582697,32.14376590330789,2026-06-30,False
3111015,0.22658388635963508,1.654595551124316,7,51,299,12,35,404,115,724,2493,237,301,3870,False,,0.6326530612244898,48233903.161290325,0.5211267605633803,11799258.72972973,184.39252073306244,437.5691687965884,1.1060373209273393,False,55.83969465648855,51.37089128237302,126.54388677759187,181.9175687952667,0.7476527944338924,False,47.608142493638674,41.57073285812985,2026-06-30,False
3111014,0.07271407602795014,1.0460347167547208,16,46,81,5,7,155,183,656,2174,145,203,3361,False,,0.8260869565217391,174998723.65239665,0.0,,374.8551224842596,627.1302371638417,1.1534130326540781,False,74.8854961832061,81.75774687162325,57.04317081282212,194.06621668332295,0.5827980430446754,True,30.407124681933837,36.284987277353686,2026-06-30,False
3111022,0.08053506901499925,1.408858049467017,0,6,50,3,3,62,71,397,1342,130,142,2082,False,,0.0,,0.4375,,45.96465949936078,281.78850250398784,1.1263495521459845,True,32.646310432569976,37.85241730279898,22.98232974968039,100.79084976213167,0.6588205312429051,True,12.442748091603054,23.709923664122137,2026-06-30,False
3111021,0.32427836566539975,1.9001029920240706,12,132,387,19,31,581,49,423,1614,169,173,2428,False,,1.0,73891378.66393442,0.4666666666666667,,352.67868011908115,222.61951156100355,1.0303821147396883,False,46.88295165394402,52.31578305273798,82.82605366432966,91.04769621762082,0.6869985056653403,True,24.274809160305345,31.99236641221374,2026-06-30,False
3111013,0.19152273240334974,1.4220310724403948,30,156,275,15,31,507,188,827,2399,177,337,3928,False,,1.0,45131299.93491124,0.5,42068820.28125,645.9019341478615,581.5625382789686,1.2437961060705596,False,85.69974554707379,71.31402279619365,128.35230742681864,236.98497629989413,0.8239001775490364,False,54.656488549618324,58.52444264698448,2026-06-30,False
3111012,0.12075434013939165,1.278555133674885,4,45,176,10,16,251,70,560,2023,185,219,3057,False,,0.717948717948718,18770613.5,0.16129032258064516,,263.5364932057669,437.9944088843638,1.0830060424956685,False,60.67430025445293,44.93776360277458,93.70186425093934,171.28709918870655,0.6898829317736771,True,38.765903307888046,42.136132315521635,2026-06-30,False
3111011,0.0258393335215067,0.8293192274458165,0,17,104,28,5,154,4,105,274,47,23,453,False,,0.6666666666666666,16469687.125,0.0,,224.15808803460934,126.6098705119678,1.3483073187826584,False,49.36386768447838,36.472515598312945,65.92884942194392,27.733590683573897,0.5186607489233278,True,12.366412213740457,23.656488549618317,2026-06-30,False
3111010,0.20017770583016034,1.5385923748844628,23,87,237,24,20,391,89,513,1850,157,155,2764,False,,0.967391304347826,85440598.96629213,0.20930232558139536,,347.75280919340673,333.4216445980519,1.097052320075837,False,60.089058524173026,64.02581128655582,79.94317452721994,100.74143257835877,0.5426151842168768,True,21.717557251908396,30.202290076335878,2026-06-30,False
3111032,0.07791262564040176,1.2630992702221784,3,27,131,13,11,185,31,179,839,68,67,1184,False,,1.0,127836602.64516129,0.4827586206896552,,211.08158686308704,141.7149104745457,0.897078574252705,False,27.697201017811707,46.28301788141796,85.99620205533176,53.044128501645595,0.5538421494129292,True,18.486005089058523,27.940203562340965,2026-06-30,False
3111020,0.028997120136225584,0.8640024444172983,4,23,81,8,10,126,22,193,775,88,88,1166,False,,0.5,55744128.11111111,0.6538461538461539,3095770.529411765,291.1498540749073,223.37899764874314,0.9798364385220627,False,41.15776081424937,43.78760151974625,126.58689307604665,101.85156369476371,0.7305204475875062,False,35.34351145038168,26.42919973712148,2026-06-30,False
3111019,0.18279813102422873,1.3876510315081365,2,34,152,18,20,226,48,345,1447,126,163,2129,False,,0.7931034482758621,40823179.95652174,0.5185185185185185,3641634.8928571427,146.04928248526792,248.62158580680384,0.959329451753891,False,30.712468193384222,30.85945832897626,85.9113426383929,117.46469126524354,0.7377336951886878,False,30.534351145038165,23.460138516758505,2026-06-30,False
3111004,0.24556095116183016,1.8214734892448912,9,87,447,35,33,611,153,735,2741,230,261,4120,False,,0.9024390243902439,85979135.6081081,0.4342105263157895,,294.3555285568302,403.51946066736394,1.055090854169679,False,59.08396946564885,63.459235246958755,111.65209703879766,143.29058399208432,0.6102035619855575,True,35.63613231552163,39.94529262086514,2026-06-30,False
3111030,0.050911408567817305,0.9790473876873563,3,15,123,10,12,163,33,170,820,74,71,1168,False,,0.7857142857142857,67621238.36363636,0.6551724137931034,24189732.736842107,148.64523459623777,173.63817332842615,0.8646117652058516,False,22.82442748091603,33.69399421381017,118.9161876769902,72.51947239010738,0.5932508188585206,False,27.16284987277354,33.31863067253088,2026-06-30,False
3111029,0.04308873866785578,1.030023738530276,0,3,72,7,9,91,29,200,992,98,114,1433,False,,0.0,,0.0,,32.22731388276853,194.17028221638535,0.8293232236071009,True,11.246819338422393,22.872773536895675,96.68194164830558,110.67706086333965,0.767585906184917,True,33.269720101781175,38.28880407124682,2026-06-30,False
3111018,0.027101118152840237,0.9445034711492184,0,3,20,3,2,28,10,78,333,71,49,541,False,,0.0,,0.0,,38.909941540056465,82.58307394582046,0.860747726258325,True,8.091603053435115,20.66412213740458,25.93996102670431,51.87911055570772,0.8752869827738062,True,17.264631043256998,27.085241730279897,2026-06-30,False
3111078,0.20732794838853477,1.477469783662305,18,68,310,28,36,460,57,397,1402,222,221,2299,False,,0.9130434782608695,27368555.15873016,0.5194805194805194,73999851.75,264.2542344344503,268.7026187540222,1.0214041451834777,False,45.12722646310433,36.70321377531458,139.89930058294428,149.58004721571513,0.9226464861262115,False,54.32569974554708,63.35911564969753,2026-06-30,False
3111080,0.08354928294874274,1.1286304339156314,3,34,101,9,25,172,47,285,1075,154,193,1754,False,,0.8666666666666667,47318778.07692308,0.6551724137931034,4594989.7894736845,254.5876641887285,252.5184430932195,0.9619968181028552,False,40.13994910941476,39.7874620934853,187.19681190347683,171.00371760347846,1.0540318861835565,False,66.93384223918575,49.83382201776115,2026-06-30,False
3111077,0.24720288597036597,1.7923304545204646,12,83,287,61,46,489,195,602,2043,290,277,3407,False,,0.8620689655172413,51173336.346666664,0.6533333333333333,30325366.244897958,279.27050482368435,335.8755627243215,1.045019676221396,False,53.715012722646314,50.888180138729126,154.77642436011422,154.54739347946355,0.7814213641725081,False,49.2620865139949,51.56955327502821,2026-06-30,False
3111050,0.019564582190471413,0.7885960812676484,0,10,28,1,2,41,27,230,954,98,109,1418,False,,0.38461538461538464,,0.0,,143.7513125949565,291.6575487292313,0.9604936861586788,True,34.00763358778626,38.80534351145038,28.7502625189913,138.22031657167918,0.742431313012444,True,22.27735368956743,30.5941475826972,2026-06-30,False
3111051,0.1596469425657861,1.3851463965218762,11,33,227,14,30,315,119,602,2020,229,591,3561,False,,0.9,28229524.888888888,0.4,,157.40749469620707,434.6111006833871,1.0002040175920184,False,46.78117048346056,37.997960890933804,143.09772245109733,426.6697018336907,1.5862514591116763,True,77.25190839694656,69.07633587786259,2026-06-30,False
3111052,0.1292951678633152,1.3236075125731765,8,38,156,18,18,238,50,293,935,162,142,1582,False,,0.868421052631579,69356763.42424242,0.4186046511627907,,211.94101577221036,221.36471515667776,1.094003919690435,False,42.12468193384224,47.79777963679459,100.39311273420492,107.28255819879946,0.8631693312562131,True,37.894402035623415,41.52608142493639,2026-06-30,False
3111053,0.139845232912942,1.499120548402023,1,25,103,7,25,161,28,316,1201,94,130,1769,False,,0.7727272727272727,172004403.94117647,0.6721311475409836,38150135.02439024,131.68621416722291,210.79025321668627,1.0559276288475588,False,31.78117048346056,50.83129422426714,131.68621416722291,86.71750923471271,0.7094934003164983,False,33.38422391857506,42.54114217346611,2026-06-30,False
3111054,0.015537970487008303,0.7814878418718043,1,6,24,0,4,35,33,225,766,128,119,1271,False,,1.0,161264849.33333334,0.0,,91.54998171921405,287.91234865674227,1.0462815992731263,False,32.6208651399491,51.14510788106939,61.03332114614269,152.2736421784548,0.9000121600730578,True,38.57506361323155,42.00254452926208,2026-06-30,False
3111056,0.031984880179916096,0.8635868902037385,1,4,61,5,7,78,115,520,1383,174,547,2739,False,,0.5,174998723.65239665,0.0,,48.78948400268423,602.1397567502686,1.1219139320898124,False,48.2442748091603,63.108891909791204,85.38159700469741,633.4047056584557,1.9047951469890576,True,69.79643765903309,63.85750636132316,2026-06-30,False
3111057,0.11616094136856199,1.1925779908743788,4,54,123,32,20,233,118,503,1241,193,289,2344,False,,0.8928571428571429,30663451.8,0.5,3205883.777777778,324.9861222212413,421.77535041646087,1.2662170128412087,False,73.11704834605598,57.07234480114329,120.3652304523116,242.33215958321512,1.1797790916076434,False,66.73027989821884,48.598613147296234,2026-06-30,False
3111059,0.2823003360004211,1.7787181983020535,15,108,363,29,54,569,241,828,2629,319,668,4685,False,,0.9157894736842105,58707548.137931034,0.696969696969697,2013403.391304348,325.00719469589444,465.5037547771201,1.0453576855160045,False,62.78625954198473,59.612482136010314,162.50359734794722,375.55133839506794,1.364680517088092,False,77.39185750636133,54.77032674451915,2026-06-30,False
3111058,0.03969435408113032,0.9191877204096961,1,8,39,3,4,55,36,282,1075,146,142,1681,False,,0.625,4154299.570277778,0.0,,89.19179007369674,306.7926101909937,0.99266675941171,False,30.81424936386768,21.72979190630555,44.59589503684837,154.4842221529117,0.8132255768468822,True,30.928753180661577,36.6501272264631,2026-06-30,False
3111060,0.21922075350989018,1.6269661841390557,22,92,236,35,21,406,103,547,1475,278,226,2629,False,,0.9534883720930233,44684913.17073171,0.5714285714285714,10413889.607142856,341.72699838543565,336.2085858529733,1.2284035958011323,False,67.18829516539441,58.21902122764823,78.00290180537118,138.9088489995831,0.8261682232773454,False,36.37404580152672,32.514812193519035,2026-06-30,False
3111048,0.06926465953301962,1.011606324419396,4,21,65,5,7,102,62,274,941,121,415,1813,False,,0.65,81846203.15384616,0.0,,176.07898334867537,270.8563532926312,0.8958875910515184,False,33.00254452926208,44.425982083725465,58.692994449558455,410.2386372862845,2.175162278372607,True,63.11704834605598,59.18193384223918,2026-06-30,False
3111049,0.11042447961687124,1.2409932399554813,5,20,117,10,24,176,82,349,1043,120,432,2026,False,,0.85,70647960.35294117,0.5135135135135135,11928421.894736841,124.6692527709261,281.2263506064867,1.0188999435113784,False,33.05343511450382,41.76754156645404,149.6031033251113,348.1082620687743,2.029091465643416,False,78.05343511450381,63.18045093776856,2026-06-30,False
3111061,0.17533132077024952,1.470158862409087,11,67,169,22,29,298,90,422,1450,220,207,2389,False,,0.847457627118644,42626152.0,0.48148148148148145,,297.3399337960389,287.0438092033717,1.04454846575009,False,50.21628498727735,45.37970999337725,128.69937432962877,140.8011102016539,0.8328310357873939,True,46.577608142493645,47.60432569974555,2026-06-30,False
3111062,0.10681102823448871,1.1542119918028406,2,35,123,5,10,175,36,337,1075,152,141,1741,False,,0.7714285714285715,55047981.40740741,0.15,,223.19858745943841,291.97409348833503,1.1427782559520965,False,51.19592875318066,50.54034647425842,63.77102498841098,122.16126760194435,0.7802605500190359,True,28.307888040712463,34.81552162849872,2026-06-30,False
3111063,0.15052189480319556,1.2995683815731078,10,36,106,23,14,189,158,618,1551,223,334,2884,False,,0.8181818181818182,13711865.472222222,0.4,,179.5315171708935,475.54250223595034,1.265064041614246,False,64.63104325699746,46.70291749451009,69.81781223312525,257.00840735729355,1.109208757390246,True,56.106870229007626,54.27480916030534,2026-06-30,False
3111064,0.0511284645464722,0.9475507388677852,0,24,93,6,15,138,48,385,1451,170,177,2231,False,,0.625,27178134.866666667,0.46153846153846156,,237.32190642498213,406.3106957839862,1.0207219201964122,False,53.21882951653944,42.32167381226253,148.32619151561383,186.79738481497546,0.7638179736977523,True,51.65394402035624,51.157760814249365,2026-06-30,False
3111066,0.10656207794336474,1.1693023676880476,12,29,95,11,17,164,76,350,926,185,139,1676,False,,0.9310344827586207,40022648.88888889,0.2857142857142857,,185.23004025592041,299.3237760152854,1.231403741641313,False,53.72773536895674,46.741834849593914,108.58312704657403,118.87429961749903,0.7987493424859947,True,37.67175572519084,41.37022900763358,2026-06-30,False
3111067,0.20396560292595065,1.5235030276766268,11,30,183,15,21,260,194,644,2290,275,284,3687,False,,0.8,48083983.928571425,0.16,,118.12623305821131,422.71002308548947,1.0331518970034295,False,43.70229007633588,42.600735473526434,82.68836314074791,186.41249465260714,0.7406128393785394,True,39.414758269720096,42.59033078880407,2026-06-30,False
3111068,0.019646467025241338,0.765915241269019,4,7,17,5,2,35,159,410,1298,142,133,2142,False,,0.3333333333333333,,0.0,,100.50761078035808,535.307274106055,1.1306467523394277,True,51.57760814249364,51.104325699745544,28.71646022295945,173.64845721001296,0.6008937434959896,True,23.21882951653944,31.253180661577606,2026-06-30,False
3111069,0.11049066094753178,1.2972374447075146,2,19,83,14,3,121,74,407,1043,171,145,1840,False,,0.6818181818181818,4154299.570277778,0.0,,118.38695091555235,313.7436416598084,1.303751469486192,False,51.094147582697204,35.92572065948621,18.69267646035037,111.77599027192193,0.7594607196197456,True,17.46819338422392,27.227735368956743,2026-06-30,False
3111070,0.059079523298243244,1.0404526888943586,1,13,25,6,4,49,62,266,914,145,117,1504,False,,0.6363636363636364,31092835.285714287,0.0,,119.17910536201774,255.65794854417265,1.045494677485307,False,32.72264631043257,28.93324967757677,36.67049395754392,112.4510525551436,0.7508088425374461,True,20.877862595419845,29.614503816793892,2026-06-30,False
3111071,0.03550036752741184,0.8508616701097813,0,3,21,4,3,31,114,401,1121,182,134,1952,False,,0.6,54515903.0,0.0,,35.087568472009025,471.28694838052996,1.212167634538377,False,47.786259541984734,47.97092962459479,35.087568472009025,157.48740918451625,0.6633343787964643,True,24.478371501272264,32.13486005089058,2026-06-30,False
3111072,0.15325427589064713,1.3570941066938722,3,37,111,24,9,184,95,478,1489,248,195,2505,False,,0.5909090909090909,102143903.07692307,0.35714285714285715,,182.0379907771602,352.22317865965454,1.1274503763186907,False,51.94656488549617,60.700494963226305,44.27951127012005,143.6893720473486,0.7493364657806986,True,26.37404580152672,33.461832061068705,2026-06-30,False
3111073,0.179873790010373,1.4232766444921654,7,56,222,22,34,341,168,505,1794,239,210,2916,False,,0.8703703703703703,51667854.404255316,0.6153846153846154,43548700.2,243.61194026284167,354.81506842275724,1.0243829556165653,False,51.32315521628498,49.48785248701592,147.90724944529674,147.54686013619607,0.6936119685246485,False,44.033078880407125,51.78342011694724,2026-06-30,False
3111074,0.04943573753393313,1.0124829989817503,4,12,44,6,6,72,51,268,1102,166,160,1747,False,,0.7,61133456.428571425,0.0,,120.6809573459936,264.69580256609385,0.9091850500978238,False,26.972010178117053,35.04479068632577,60.3404786729968,158.02734481557843,0.8801375713047092,True,38.829516539440206,42.18066157760814,2026-06-30,False
3111075,0.08778199431329561,1.1677786742279976,4,13,70,16,13,116,70,377,1282,185,198,2112,False,,0.5833333333333334,48275655.71428572,0.44,,94.35195117324217,322.835147036085,1.0553315903448182,False,36.36132315521628,37.78169333193907,94.35195117324217,169.55267669269185,0.9002476771512509,True,48.422391857506355,48.89567430025445,2026-06-30,False
3111076,0.060068150273128576,1.0450477681640657,6,35,89,6,12,148,98,314,1136,150,150,1848,False,,0.8214285714285714,41706165.73913044,0.3888888888888889,,317.984811347781,300.4647343074408,1.0052080966642098,False,49.97455470737914,44.525567290599184,109.02336389066777,143.53410874559273,0.7817514298165277,True,40.712468193384225,43.49872773536896,2026-06-30,False
3120242,0.2057104013832462,1.7704615216379616,10,135,444,33,35,657,41,378,1543,141,192,2295,False,,1.0,70234222.49193548,0.7127659574468085,55962152.2238806,527.9409803814301,213.50365166382673,0.9748115122147469,False,47.93893129770992,52.05040259332845,136.8735875062967,108.44629925781676,0.8046474653979191,False,40.85241730279898,52.239076217919546,2026-06-30,False
3120246,0.24267391957309728,1.896851981035553,116,205,635,63,59,1078,216,780,2633,353,317,4299,False,,0.9574468085106383,94580415.53333333,0.4528301886792453,,700.4382225072154,411.2076260026218,1.0729659313779247,False,71.62849872773536,73.47328244274809,201.5895372093937,167.11899672157836,0.7089966146253239,True,52.03562340966921,51.424936386768444,2026-06-30,False
3120247,0.09455168758181685,1.3589751551615037,8,55,233,24,34,354,66,387,1416,218,201,2288,False,,0.9655172413793104,75756204.42857143,0.5352112676056338,48455358.10526316,380.4867374437934,284.77341806444434,1.000727032064478,False,50.68702290076335,55.343929729164486,235.20998314707228,147.90557372339356,0.8443024625374842,False,56.32315521628499,61.47918878384982,2026-06-30,False
3120248,0.14309864965390492,1.5957495042586813,23,127,419,43,61,673,50,311,1262,187,239,2049,False,,1.0,78137541.26605505,0.8867924528301887,47045070.595744684,657.6949151515298,194.89274423712112,0.8994859583421493,False,46.921119592875314,53.11875631775244,315.90070727750646,149.77288061952396,1.1166037366096198,False,69.8854961832061,70.67481421566148,2026-06-30,False
3120249,0.0924066823771174,1.147053798130878,2,85,385,41,42,555,5,124,658,77,94,958,False,,1.0,174998723.65239665,0.5362318840579711,31820124.37837838,596.8821025891564,108.10303771458477,0.7729209749039039,False,38.155216284987276,56.046550942870084,294.92998010287727,81.94907697718523,0.9425380796786184,False,54.21119592875318,55.33194311039212,2026-06-30,False
3120243,0.21526979320844242,1.812256892228227,20,194,576,54,347,1191,153,722,2294,310,705,4184,False,,1.0,81758344.79444444,0.8056179775280898,37753213.882845186,731.3309127796531,398.39826411821684,1.0208145592917064,False,67.64631043256998,68.63095611558437,1308.1021996625752,389.0176955724971,1.6111075392545235,False,90.25445292620864,82.25096473046526,2026-06-30,False
3120244,0.08060530758907966,1.176792247045918,13,90,262,39,33,437,57,300,1103,169,149,1778,False,,1.0,124489953.16,0.5208333333333334,26204330.12,689.0991006519032,254.93029950960758,0.998312950335057,False,55.29262086513995,65.41716337272125,252.66967023903118,126.61538208977177,0.8067155184148983,False,51.73027989821883,51.8072224188194,2026-06-30,False
3120245,0.16542013099133673,1.7581394450614076,25,160,590,55,77,907,72,468,1772,205,228,2745,False,,1.0,67576018.26923077,0.8,48479479.616071425,742.7346704493208,266.19048978999155,1.0086204360940618,False,57.430025445292614,57.872250688417154,357.44106015373563,129.6825463079446,0.7985428329719162,False,55.00000000000001,60.6523178807947,2026-06-30,False
3130318,0.0565641083937348,0.9754416160506074,52,100,193,27,112,484,122,544,1636,193,582,3077,False,,0.9629629629629629,174998723.65239665,0.768,15442388.583333334,938.402258577704,557.6961153272923,1.0455666762449802,False,77.04834605597965,83.27174178256475,1051.0105296070285,596.6528292655959,1.8055813448851956,False,92.20101781170483,74.57382505097483,2026-06-30,False
3130319,0.03165055542221553,0.9032334383886982,5,23,43,26,24,121,56,304,1296,133,258,2047,False,,0.9473684210526315,38950626.777777776,0.5555555555555556,2707774.6,281.6882246675097,336.5685846864943,0.8804120422380967,False,46.78117048346056,41.69659102792011,293.93553878348837,285.64044358261685,1.2053838221165887,False,80.2671755725191,57.37907588089581,2026-06-30,False
3130320,0.037200773051280875,0.8993054811464557,6,43,62,51,26,188,56,297,1075,168,152,1748,False,,0.975,84025560.92307693,0.5833333333333334,42752063.666666664,493.1148944598534,330.25485358031784,1.0051745309694742,False,58.027989821882954,62.40041479312628,298.16249432456254,169.0193190040684,0.8365040725523312,False,61.208651399491096,63.40896988692853,2026-06-30,False
3130321,0.03848742408026993,0.9199112984502491,2,2,78,4,9,95,33,313,1084,123,135,1688,False,,0.0,,0.0,,22.60208183013365,340.25019643448564,1.0953808534078582,True,34.68193384223919,39.277353689567434,101.70936823560143,146.7532796123181,0.770847652314258,True,39.465648854961835,42.62595419847328,2026-06-30,False
3130323,0.03661341364733415,0.8496862102632982,7,46,78,44,13,188,46,348,1317,169,164,2044,False,,0.8958333333333334,48594010.79069767,0.4444444444444444,,531.0955666439758,409.5629607689677,1.007204331956947,False,63.829516539440206,57.192077102722294,150.0922253559062,193.01242978767442,0.7725914058889489,True,52.91348600508906,52.03944020356234,2026-06-30,False
3130324,0.029463692240471174,0.8874917056914072,1,24,43,39,19,126,93,366,1208,196,169,2032,False,,0.9310344827586207,50643654.18518519,0.7142857142857143,24763805.4,302.0247275620136,412.3982203471579,1.0647132751363022,False,61.00508905852416,55.854247272473756,239.10290931992742,190.42431485975325,0.8003357009312292,False,59.26208651399491,56.28478506310769,2026-06-30,False
3130325,0.027547079224892516,0.7964067833557242,1,11,39,28,7,86,40,248,878,138,172,1476,False,,0.5,24025718.75,0.6363636363636364,8826287.57142857,141.84931411922236,311.3986535310912,0.9942176934994117,False,37.328244274809165,29.782739028896096,90.26774534859604,215.97003390059552,1.1149102251156064,False,59.134860050890595,47.454004684630036,2026-06-30,False
