area_code,area_name,area_type_name,minimum_period_ratio,area_km2,study_cafe_inside_count,study_room_store_count,study_cafe_percentile,study_room_percentile,cafe_supply_percentile,starbucks_percentile,study_public_percentile,access_percentile,study_stay_current_score,study_public_inside_count,study_public_nearby_only_count,total_stores_2025q4,coffee_stores,bakery_stores,study_room_stores,cafe_stores,recommendation_eligible,exclusion_reason,analysis_universe,recommendation_universe,disclosed_market_sales,coffee_sales_observed,coffee_sales_amount,coffee_lunch_sales,coffee_afternoon_sales,coffee_store_share,coffee_sales_share,coffee_time_share,coffee_supply_score,coffee_full_score,bakery_sales_observed,bakery_sales_amount,bakery_lunch_sales,bakery_afternoon_sales,bakery_store_share,bakery_sales_share,bakery_time_share,bakery_supply_score,bakery_full_score,full_score,supply_only_score,score_status,score_status_reason,full_rank_within_complete,supply_rank_within_supply_only,study_v1_score,study_v1_status,study_legacy_proxy_score,score_basis
3130094,청량리청과물시장,전통시장,1.0,0.0282753973136889,0.0,0.0,37.02290076335878,27.417302798982192,94.91094147582696,40.90330788804072,0.0,95.61068702290076,43.10750636132316,0,0,272,9.0,1.0,0.0,10.0,True,,accessible_official_786,named_subarea_candidate,197642358342.0,True,144282938.0,39460876.0,61501294.0,0.03308823529411765,0.0007300203216070365,0.6997512762042591,76.52682255845943,66.87458801148792,False,,,,0.003676470588235294,,,37.84514925373134,,,64.922320567041,insufficient,partial_or_unusable_sales,,,,incomplete_stay_evidence,43.10750636132316,2025q4_official_stores_sales__2026_09_poi_diagnostic_only
3130090,청량리종합시장,전통시장,1.0,0.0243305360505593,0.0,0.0,37.02290076335878,27.417302798982192,48.09160305343512,40.90330788804072,0.0,95.61068702290076,36.08460559796438,0,0,182,2.0,1.0,0.0,3.0,True,,accessible_official_786,named_subarea_candidate,193137391924.0,False,,,,0.01098901098901099,,,32.582530949105916,,False,,,,0.005494505494505495,,,46.184701492537314,,,36.66318211213533,supply_only,no_cafe_sales_rows,,66.0,,incomplete_stay_evidence,36.08460559796438,2025q4_official_stores_sales__2026_09_poi_diagnostic_only
3130093,동서시장,전통시장,1.0,0.0045758472473069,0.0,0.0,37.02290076335878,27.417302798982192,3.816793893129771,40.90330788804072,0.0,95.61068702290076,29.443384223918574,0,0,67,0.0,0.0,0.0,0.0,True,,accessible_official_786,named_subarea_candidate,131180614292.0,False,,,,0.0,,,0.0,,False,,,,0.0,,,0.0,,,0.0,supply_only,no_cafe_sales_rows,,185.0,,incomplete_stay_evidence,29.443384223918574,2025q4_official_stores_sales__2026_09_poi_diagnostic_only
3130088,경동시장,전통시장,1.0,0.0213064841161416,0.0,0.0,37.02290076335878,27.417302798982192,73.15521628498728,99.61832061068702,0.0,95.61068702290076,45.71564885496184,0,0,391,3.0,6.0,0.0,9.0,True,,accessible_official_786,named_subarea_candidate,117716714111.0,False,,,,0.0076726342710997444,,,48.940852819807425,,False,,,,0.015345268542199489,,,87.21082089552237,,,60.4218432425219,supply_only,no_cafe_sales_rows,,15.0,,incomplete_stay_evidence,45.71564885496184,2025q4_official_stores_sales__2026_09_poi_diagnostic_only
3130092,청량리농수산물시장,전통시장,1.0,0.0324519232349238,0.0,0.0,37.02290076335878,27.417302798982192,3.816793893129771,40.90330788804072,0.0,95.61068702290076,29.443384223918574,0,0,253,0.0,0.0,0.0,0.0,True,,accessible_official_786,named_subarea_candidate,122534317651.0,False,,,,0.0,,,0.0,,False,,,,0.0,,,0.0,,,0.0,supply_only,no_cafe_sales_rows,,185.0,,incomplete_stay_evidence,29.443384223918574,2025q4_official_stores_sales__2026_09_poi_diagnostic_only
3130087,경동광성상가(경동시장),전통시장,1.0,0.0209598230898152,0.0,0.0,37.02290076335878,27.417302798982192,25.572519083969464,40.90330788804072,0.0,95.61068702290076,32.70674300254453,0,0,157,1.0,0.0,0.0,1.0,True,,accessible_official_786,named_subarea_candidate,111542581791.0,False,,,,0.006369426751592357,,,13.418156808803301,,False,,,,0.0,,,0.0,,,9.39270976616231,supply_only,no_cafe_sales_rows,,159.0,,incomplete_stay_evidence,32.70674300254453,2025q4_official_stores_sales__2026_09_poi_diagnostic_only
3130086,서울약령시장,전통시장,1.0,0.1651877462166154,0.0,0.0,37.02290076335878,27.417302798982192,39.31297709923664,40.90330788804072,0.0,95.61068702290076,34.76781170483461,0,0,580,11.0,2.0,0.0,13.0,True,,accessible_official_786,named_subarea_candidate,53895400155.0,True,9000000.0,3139434.0,4421860.0,0.01896551724137931,0.00016699013225834726,0.8401437777777778,30.178817056396145,29.019931005547843,False,,,,0.0034482758620689655,,,8.180970149253731,,,23.57946298425342,insufficient,partial_or_unusable_sales,,,,incomplete_stay_evidence,34.76781170483461,2025q4_official_stores_sales__2026_09_poi_diagnostic_only
3120063,청량리역(청량리),발달상권,1.0,0.3166915961977297,1.0,2.0,74.93638676844783,59.54198473282442,45.5470737913486,83.20610687022901,0.0,95.61068702290076,56.12595419847328,0,0,1010,24.0,10.0,2.0,34.0,True,,accessible_official_786,named_subarea_candidate,56550521770.0,True,486974224.0,162231900.0,111706601.0,0.023762376237623763,0.008611312659158158,0.5625318292000605,36.740027510316374,40.35346386725623,True,275956167.0,54430565.0,62178874.0,0.009900990099009901,0.004879816460798678,0.4225650771558948,45.037313432835816,42.940593087195595,41.129602633238036,39.229213287072206,complete,both_cafe_industries_sales_observed,176.0,,,incomplete_stay_evidence,56.12595419847328,2025q4_official_stores_sales__2026_09_poi_diagnostic_only
3130089,청량리수산시장,전통시장,1.0,0.030304937375497,0.0,0.0,37.02290076335878,27.417302798982192,3.816793893129771,40.90330788804072,0.0,95.61068702290076,29.443384223918574,0,0,114,0.0,0.0,0.0,0.0,True,,accessible_official_786,named_subarea_candidate,52123144493.0,False,,,,0.0,,,0.0,,False,,,,0.0,,,0.0,,,0.0,supply_only,no_cafe_sales_rows,,185.0,,incomplete_stay_evidence,29.443384223918574,2025q4_official_stores_sales__2026_09_poi_diagnostic_only
3120069,상봉역,발달상권,1.0,0.2056699497566519,2.0,3.0,81.80661577608143,73.91857506361323,32.69720101781171,90.45801526717555,1.140684410646388,95.61068702290076,59.36935825617508,0,1,774,12.0,3.0,3.0,15.0,True,,accessible_official_786,named_subarea_candidate,41398042749.0,True,1411291285.0,363632010.0,432543816.0,0.015503875968992248,0.03409077316907913,0.5641470577068007,24.587345254470424,36.742090510717475,True,1665536868.0,366856980.0,540871555.0,0.003875968992248062,0.0402322611747202,0.545006569617407,13.022388059701495,34.74067164179104,36.14166485003955,21.117858096039743,complete,both_cafe_industries_sales_observed,196.0,,,incomplete_stay_evidence,59.36935825617508,2025q4_official_stores_sales__2026_09_poi_diagnostic_only
3130067,왕십리도선동상점가,전통시장,1.0,0.0866292233445056,1.0,1.0,83.7150127226463,69.72010178117048,80.91603053435115,92.87531806615776,9.61977186311787,95.61068702290076,68.48247854565156,0,2,483,15.0,0.0,1.0,15.0,True,,accessible_official_786,named_subarea_candidate,22840139519.0,True,248038874.0,86294681.0,50742103.0,0.031055900621118012,0.010859779284345623,0.5524810760106902,66.4786795048143,59.41100709897358,False,,,,0.0,,,0.0,,,46.53507565337,insufficient,partial_or_unusable_sales,,,,incomplete_stay_evidence,68.48247854565156,2025q4_official_stores_sales__2026_09_poi_diagnostic_only
3130072,성동용답상가시장,전통시장,1.0,0.1179751034526193,0.0,1.0,37.02290076335878,63.99491094147582,54.70737913486005,40.90330788804072,3.422053231939163,95.61068702290076,43.24802387794,0,1,302,11.0,2.0,1.0,13.0,True,,accessible_official_786,named_subarea_candidate,20464260273.0,True,319969630.0,133618495.0,66708154.0,0.03642384105960265,0.015635533644094597,0.6260801970487011,51.189821182943604,52.149019885189176,True,490422114.0,97359721.0,101406325.0,0.006622516556291391,0.023964810232943033,0.40529584683450876,21.35261194029851,31.72314414768264,46.021257163937214,42.23865841015007,complete,both_cafe_industries_sales_observed,159.0,,,incomplete_stay_evidence,43.24802387794,2025q4_official_stores_sales__2026_09_poi_diagnostic_only
3130091,청량종합도매시장,전통시장,1.0,0.0456436571204841,0.0,0.0,37.02290076335878,27.417302798982192,23.02798982188295,40.90330788804072,0.0,95.61068702290076,32.32506361323155,0,0,139,2.0,1.0,0.0,3.0,True,,accessible_official_786,named_subarea_candidate,23015524687.0,False,,,,0.014388489208633094,,,14.662998624484182,,False,,,,0.007194244604316547,,,30.17723880597015,,,19.317270678929972,supply_only,no_cafe_sales_rows,,119.0,,incomplete_stay_evidence,32.32506361323155,2025q4_official_stores_sales__2026_09_poi_diagnostic_only
3130095,청량리전통시장,전통시장,1.0,0.0308655026619541,0.0,0.0,37.02290076335878,27.417302798982192,56.74300254452926,40.90330788804072,0.0,95.61068702290076,37.3823155216285,0,0,183,3.0,1.0,0.0,4.0,True,,accessible_official_786,named_subarea_candidate,17633759039.0,True,49647563.0,7573043.0,10664176.0,0.01639344262295082,0.0028154838052508336,0.3673336191748223,40.74965612104539,33.36601611533286,False,,,,0.00546448087431694,,,36.99160447761194,,,39.622240628015355,insufficient,partial_or_unusable_sales,,,,incomplete_stay_evidence,37.3823155216285,2025q4_official_stores_sales__2026_09_poi_diagnostic_only
3110249,중화역 1번,골목상권,1.0,0.1701860947449378,0.0,1.0,37.02290076335878,58.14249363867684,28.88040712468193,40.90330788804072,1.634980988593156,95.61068702290076,38.13870103232423,0,1,268,9.0,3.0,1.0,12.0,True,,accessible_official_786,named_subarea_candidate,11487893276.0,True,29414921.0,12431348.0,8849467.0,0.033582089552238806,0.002560514821412239,0.7234700715327436,32.420907840440165,31.910283774448203,False,,,,0.011194029850746268,,,30.830223880597014,,,31.943702652487218,insufficient,partial_or_unusable_sales,,,,incomplete_stay_evidence,38.13870103232423,2025q4_official_stores_sales__2026_09_poi_diagnostic_only
3130106,중랑동부시장,전통시장,1.0,0.0504293862988218,1.0,2.0,90.20356234096693,89.18575063613231,57.50636132315522,40.90330788804072,8.326996197718632,95.61068702290076,64.38168422682108,0,1,253,5.0,1.0,2.0,6.0,True,,accessible_official_786,named_subarea_candidate,12444430863.0,True,411625872.0,94086067.0,101197205.0,0.019762845849802372,0.03307711509924116,0.4744193338751069,42.97799174690508,45.87654653281865,False,,,,0.003952569169960474,,,21.310634328358205,,,36.477784521341015,insufficient,partial_or_unusable_sales,,,,incomplete_stay_evidence,64.38168422682108,2025q4_official_stores_sales__2026_09_poi_diagnostic_only
3130159,공릉동 도깨비시장,전통시장,1.0,0.0576753461820069,0.0,0.0,37.02290076335878,27.417302798982192,88.54961832061069,40.90330788804072,12.661596958174906,95.61068702290076,44.68562727967569,0,2,229,13.0,6.0,0.0,19.0,True,,accessible_official_786,named_subarea_candidate,12683789466.0,True,19212435.0,9795505.0,6078610.0,0.056768558951965066,0.0015147235809535157,0.8262417023141523,83.72764786795048,67.7312114310626,True,179893202.0,45224263.0,47857738.0,0.026200873362445413,0.014182922420954666,0.5174292300383869,93.87126865671641,80.874361743912,71.67415652491742,86.77073410458026,complete,both_cafe_industries_sales_observed,52.0,,,incomplete_stay_evidence,44.68562727967569,2025q4_official_stores_sales__2026_09_poi_diagnostic_only
3120086,태릉입구역,발달상권,1.0,0.072424068844499,1.0,0.0,86.1323155216285,27.417302798982192,84.0966921119593,95.0381679389313,14.068441064638783,95.61068702290076,64.44536760224074,0,3,321,14.0,3.0,0.0,17.0,True,,accessible_official_786,named_subarea_candidate,10922973575.0,True,463281430.0,152182148.0,135641565.0,0.04361370716510903,0.04241348995481754,0.6212718541297889,75.18569463548832,72.40944476446427,True,139582280.0,53356298.0,41834495.0,0.009345794392523364,0.012778780342329996,0.6819690364708185,54.463619402985074,54.506112529457965,67.03844509396238,68.96907206573734,complete,both_cafe_industries_sales_observed,68.0,,,incomplete_stay_evidence,64.44536760224074,2025q4_official_stores_sales__2026_09_poi_diagnostic_only
3110262,상봉역 3번,골목상권,1.0,0.1218817002563496,1.0,0.0,80.02544529262087,27.417302798982192,26.08142493638677,40.90330788804072,0.0,95.61068702290076,45.68384223918576,0,0,320,6.0,3.0,0.0,9.0,True,,accessible_official_786,named_subarea_candidate,11567486355.0,True,70333107.0,10386814.0,20374700.0,0.01875,0.006080241189962484,0.437368905087614,18.686382393397526,19.558361366386713,False,,,,0.009375,,,36.76772388059701,,,24.11078483955737,insufficient,partial_or_unusable_sales,,,,incomplete_stay_evidence,45.68384223918576,2025q4_official_stores_sales__2026_09_poi_diagnostic_only
3110429,공릉동 국수거리,골목상권,1.0,0.1604306807970157,0.0,1.0,37.02290076335878,58.9058524173028,51.65394402035624,93.89312977099236,32.45127256534101,95.61068702290076,53.13147588711401,1,3,438,14.0,8.0,1.0,22.0,True,,accessible_official_786,named_subarea_candidate,13075247714.0,True,82359578.0,29726885.0,19349745.0,0.0319634703196347,0.0062988923652907555,0.5958824849733931,46.52682255845942,42.14674399757833,False,,,,0.0182648401826484,,,72.64925373134328,,,54.363551910324574,insufficient,partial_or_unusable_sales,,,,incomplete_stay_evidence,53.13147588711401,2025q4_official_stores_sales__2026_09_poi_diagnostic_only
3110241,먹골역 5번,골목상권,1.0,0.0990002730364318,1.0,5.0,82.44274809160305,92.36641221374046,34.605597964376585,40.90330788804072,0.0,95.61068702290076,57.43002544529262,0,0,308,6.0,3.0,5.0,9.0,True,,accessible_official_786,named_subarea_candidate,10170042170.0,True,131492965.0,45015817.0,31204275.0,0.01948051948051948,0.012929441471529315,0.5796514817351636,27.716643741403026,31.174328214610533,True,12638903.0,2746905.0,2555736.0,0.00974025974025974,0.0012427581703921293,0.4195491491627082,43.684701492537314,33.86876472898664,31.982659168923362,32.50706106674331,complete,both_cafe_industries_sales_observed,204.0,,,incomplete_stay_evidence,57.43002544529262,2025q4_official_stores_sales__2026_09_poi_diagnostic_only
3110187,제기동역 6번,골목상권,1.0,0.159859909703987,0.0,0.0,37.02290076335878,27.417302798982192,22.900763358778622,40.90330788804072,0.0,95.61068702290076,32.3059796437659,0,0,329,7.0,0.0,0.0,7.0,True,,accessible_official_786,named_subarea_candidate,9877956024.0,True,76581924.0,31018225.0,16596173.0,0.02127659574468085,0.007752810785341881,0.6217446038571713,17.70288858321871,22.80332354824316,False,,,,0.0,,,0.0,,,12.392022008253095,insufficient,partial_or_unusable_sales,,,,incomplete_stay_evidence,32.3059796437659,2025q4_official_stores_sales__2026_09_poi_diagnostic_only
3110237,메가박스 상봉,골목상권,1.0,0.1243144554495554,0.0,1.0,37.02290076335878,63.10432569974554,56.234096692111954,88.80407124681933,3.0418250950570345,95.61068702290076,48.05747443376968,0,1,285,12.0,0.0,1.0,12.0,True,,accessible_official_786,named_subarea_candidate,10032174456.0,True,161800456.0,48123174.0,52762415.0,0.042105263157894736,0.01612815414142156,0.6235185703061307,54.93122420907841,52.749671154005156,False,,,,0.0,,,0.0,,,38.45185694635488,insufficient,partial_or_unusable_sales,,,,incomplete_stay_evidence,48.05747443376968,2025q4_official_stores_sales__2026_09_poi_diagnostic_only
3110204,간데메공원,골목상권,1.0,0.1224606929465254,0.0,2.0,37.02290076335878,76.7175572519084,43.89312977099237,40.90330788804072,3.269961977186312,95.61068702290076,43.503865168974166,0,1,222,9.0,2.0,2.0,11.0,True,,accessible_official_786,named_subarea_candidate,9804576213.0,True,315279622.0,125255559.0,90854963.0,0.04054054054054054,0.032156374243077136,0.6854566769304233,45.73590096286107,51.71592550758447,False,,,,0.009009009009009009,,,25.0839552238806,,,39.54031724116693,insufficient,partial_or_unusable_sales,,,,incomplete_stay_evidence,43.503865168974166,2025q4_official_stores_sales__2026_09_poi_diagnostic_only
3110244,중화역 4번,골목상권,1.0,0.0630174620019212,1.0,0.0,88.04071246819338,27.417302798982192,36.25954198473282,96.31043256997457,7.0342205323193925,95.61068702290076,56.56269652376668,0,1,171,4.0,2.0,0.0,6.0,True,,accessible_official_786,named_subarea_candidate,12547398591.0,True,28090037.0,7827157.0,9129533.0,0.023391812865497075,0.0022387140088263734,0.6036549542458772,30.426409903713893,27.304174960418898,False,,,,0.011695906432748537,,,47.83582089552239,,,35.649233201256436,insufficient,partial_or_unusable_sales,,,,incomplete_stay_evidence,56.56269652376668,2025q4_official_stores_sales__2026_09_poi_diagnostic_only
3110255,상봉역 4번,골목상권,1.0,0.1910985933563762,1.0,2.0,76.84478371501272,67.30279898218829,32.06106870229007,40.90330788804072,18.73873873873874,95.61068702290076,55.35716250601747,1,0,315,11.0,0.0,2.0,11.0,True,,accessible_official_786,named_subarea_candidate,9450502481.0,True,24719426.0,5839491.0,9287579.0,0.03492063492063492,0.002615673193007228,0.61195069820796,35.309491059147184,30.94096068129374,False,,,,0.0,,,0.0,,,24.71664374140303,insufficient,partial_or_unusable_sales,,,,incomplete_stay_evidence,55.35716250601747,2025q4_official_stores_sales__2026_09_poi_diagnostic_only
3130097,답십리 건축자재시장,전통시장,1.0,0.0519033314137548,0.0,0.0,37.02290076335878,27.417302798982192,18.956743002544528,40.90330788804072,13.49809885931559,95.61068702290076,34.413996362193906,0,2,61,2.0,3.0,0.0,5.0,True,,accessible_official_786,named_subarea_candidate,7880313729.0,False,,,,0.03278688524590164,,,22.22489683631362,,False,,,,0.04918032786885246,,,87.35074626865672,,,41.762651666016545,supply_only,no_cafe_sales_rows,,50.0,,incomplete_stay_evidence,34.413996362193906,2025q4_official_stores_sales__2026_09_poi_diagnostic_only
3110122,마장역 2번,골목상권,1.0,0.0802735686412854,0.0,0.0,37.02290076335878,27.417302798982192,26.7175572519084,40.90330788804072,10.11406844106464,95.61068702290076,34.9013124159483,0,2,196,4.0,0.0,0.0,4.0,True,,accessible_official_786,named_subarea_candidate,6888099302.0,True,142792398.0,46805305.0,41376919.0,0.02040816326530612,0.020730304796642434,0.6175554527769749,20.192572214580466,28.4186058159788,False,,,,0.0,,,0.0,,,14.134800550206325,insufficient,partial_or_unusable_sales,,,,incomplete_stay_evidence,34.9013124159483,2025q4_official_stores_sales__2026_09_poi_diagnostic_only
3110218,답십리사거리,골목상권,1.0,0.082097654773404,1.0,2.0,84.35114503816794,82.95165394402035,35.11450381679389,93.38422391857506,0.0,95.61068702290076,61.9147582697201,0,0,203,5.0,7.0,2.0,12.0,True,,accessible_official_786,named_subarea_candidate,6581983040.0,True,52957053.0,14636993.0,15446318.0,0.024630541871921183,0.00804575956488639,0.568069960388468,30.416093535075653,29.258851167548485,True,125507242.0,29481127.0,27736244.0,0.034482758620689655,0.019068302248314514,0.4558889996164524,92.80317164179105,77.69248330714848,43.78894080942848,49.13221696709027,complete,both_cafe_industries_sales_observed,163.0,,,incomplete_stay_evidence,61.9147582697201,2025q4_official_stores_sales__2026_09_poi_diagnostic_only
3110256,면목2동체육관,골목상권,1.0,0.2216910333220373,0.0,0.0,37.02290076335878,27.417302798982192,17.68447837150127,40.90330788804072,3.802281368821293,95.61068702290076,32.28399316943856,0,2,291,8.0,1.0,0.0,9.0,True,,accessible_official_786,named_subarea_candidate,8312511698.0,True,11863580.0,1526464.0,7471647.0,0.027491408934707903,0.0014271955855237341,0.7584650670371001,17.8404401650619,20.422957891996383,False,,,,0.003436426116838488,,,2.173507462686567,,,13.1403603543493,insufficient,partial_or_unusable_sales,,,,incomplete_stay_evidence,32.28399316943856,2025q4_official_stores_sales__2026_09_poi_diagnostic_only
3110252,장안제일시장,골목상권,1.0,0.1214508709386858,0.0,2.0,37.02290076335878,76.84478371501272,48.346055979643765,40.90330788804072,3.346007604562738,95.61068702290076,44.206097195212806,0,1,216,10.0,2.0,2.0,12.0,True,,accessible_official_786,named_subarea_candidate,4930400620.0,False,,,,0.046296296296296294,,,52.13892709766162,,False,,,,0.009259259259259259,,,25.956156716417908,,,44.2840959832885,supply_only,no_cafe_sales_rows,,44.0,,incomplete_stay_evidence,44.206097195212806,2025q4_official_stores_sales__2026_09_poi_diagnostic_only
3110195,동대문구청,골목상권,1.0,0.1152955773631362,1.0,1.0,80.1526717557252,64.12213740458014,41.348600508905854,40.90330788804072,0.0,95.61068702290076,53.51781170483461,0,0,229,8.0,3.0,1.0,11.0,True,,accessible_official_786,named_subarea_candidate,6176321769.0,True,88569192.0,40810723.0,16793478.0,0.034934497816593885,0.014340119461480083,0.6503864345968066,41.43741403026135,41.6689568355893,True,67088822.0,13566035.0,13959371.0,0.013100436681222707,0.010862261473605554,0.41028304238223173,44.001865671641795,38.79472702278083,40.806687891746755,42.20674952267548,complete,both_cafe_industries_sales_observed,179.0,,,incomplete_stay_evidence,53.51781170483461,2025q4_official_stores_sales__2026_09_poi_diagnostic_only
3110240,태릉시장 특화거리,골목상권,1.0,0.0455012034941063,0.0,0.0,37.02290076335878,27.417302798982192,52.035623409669206,40.90330788804072,9.239543726235745,95.61068702290076,38.52411739664664,0,1,136,4.0,1.0,0.0,5.0,True,,accessible_official_786,named_subarea_candidate,5412666355.0,True,50551306.0,5822865.0,16138471.0,0.029411764705882353,0.009339446159156432,0.4344365702441001,44.965612104539204,37.544681577996116,False,,,,0.007352941176470588,,,30.65764925373134,,,40.67322324929684,insufficient,partial_or_unusable_sales,,,,incomplete_stay_evidence,38.52411739664664,2025q4_official_stores_sales__2026_09_poi_diagnostic_only
3130068,마장축산물시장,전통시장,1.0,0.2181374413035573,0.0,0.0,37.02290076335878,27.417302798982192,9.033078880407125,40.90330788804072,0.9505703422053232,95.61068702290076,30.415941040451244,0,1,1233,3.0,0.0,0.0,3.0,True,,accessible_official_786,named_subarea_candidate,4419580362.0,True,76249923.0,28370924.0,11738951.0,0.0024330900243309003,0.017252751789650567,0.5260316787467444,1.3136176066024758,10.016973954030574,False,,,,0.0,,,0.0,,,0.9195323246217331,insufficient,partial_or_unusable_sales,,,,incomplete_stay_evidence,30.415941040451244,2025q4_official_stores_sales__2026_09_poi_diagnostic_only
3130100,답십리시장,전통시장,1.0,0.0221723589394752,0.0,0.0,37.02290076335878,27.417302798982192,53.56234096692112,40.90330788804072,0.0,95.61068702290076,36.90521628498728,0,0,111,2.0,2.0,0.0,4.0,True,,accessible_official_786,named_subarea_candidate,4547393523.0,True,31022640.0,9766362.0,7740434.0,0.018018018018018018,0.006822070674792576,0.5643232168506613,39.44979367262724,33.67312680779883,True,230317147.0,44049349.0,43744477.0,0.018018018018018018,0.050648167095082526,0.3811866686591077,85.53171641791045,74.08272780832678,45.79600710795721,53.2743704962122,complete,both_cafe_industries_sales_observed,160.0,,,incomplete_stay_evidence,36.90521628498728,2025q4_official_stores_sales__2026_09_poi_diagnostic_only
3110260,면목역 3번,골목상권,1.0,0.0658904349752958,1.0,2.0,87.02290076335878,86.64122137404581,14.75826972010178,40.90330788804072,6.844106463878326,95.61068702290076,56.33701467699959,0,1,168,2.0,1.0,2.0,3.0,True,,accessible_official_786,named_subarea_candidate,3853956979.0,True,70847610.0,21044424.0,18497288.0,0.011904761904761904,0.01838308273445831,0.558123442696232,7.599724896836314,15.100458197780451,False,,,,0.005952380952380952,,,18.125,,,10.75730742778542,insufficient,partial_or_unusable_sales,,,,incomplete_stay_evidence,56.33701467699959,2025q4_official_stores_sales__2026_09_poi_diagnostic_only
3110189,제기동역 1번,골목상권,1.0,0.0884322982105113,0.0,0.0,37.02290076335878,27.417302798982192,8.396946564885496,40.90330788804072,0.0,95.61068702290076,30.13040712468193,0,0,82,1.0,1.0,0.0,2.0,True,,accessible_official_786,named_subarea_candidate,3528704128.0,False,,,,0.012195121951219513,,,3.3940852819807423,,False,,,,0.012195121951219513,,,22.546641791044777,,,9.139852234699951,supply_only,no_cafe_sales_rows,,160.0,,incomplete_stay_evidence,30.13040712468193,2025q4_official_stores_sales__2026_09_poi_diagnostic_only
3130099,전농로터리시장,전통시장,1.0,0.0217924858442396,0.0,3.0,37.02290076335878,98.9821882951654,82.56997455470739,40.90330788804072,0.0,95.61068702290076,51.9910941475827,0,0,103,4.0,1.0,3.0,5.0,True,,accessible_official_786,named_subarea_candidate,3949208969.0,True,125365794.0,36979863.0,43809273.0,0.038834951456310676,0.03174453288850514,0.6444272669784231,71.71595598349381,65.90467142391512,False,,,,0.009708737864077669,,,57.46735074626865,,,67.44137441232627,insufficient,partial_or_unusable_sales,,,,incomplete_stay_evidence,51.9910941475827,2025q4_official_stores_sales__2026_09_poi_diagnostic_only
3110233,중랑역 1번,골목상권,1.0,0.1242350532725703,0.0,0.0,37.02290076335878,27.417302798982192,7.888040712468193,40.90330788804072,0.0,95.61068702290076,30.05407124681934,0,0,147,1.0,1.0,0.0,2.0,True,,accessible_official_786,named_subarea_candidate,3450803973.0,False,,,,0.006802721088435374,,,1.1829436038514443,,False,,,,0.006802721088435374,,,10.620335820895523,,,4.014161268964668,supply_only,no_cafe_sales_rows,,176.0,,incomplete_stay_evidence,30.05407124681934,2025q4_official_stores_sales__2026_09_poi_diagnostic_only
3110265,망우역 1번,골목상권,1.0,0.1647188495382376,0.0,0.0,37.02290076335878,27.417302798982192,21.75572519083969,40.90330788804072,0.0,95.61068702290076,32.13422391857506,0,0,146,7.0,1.0,0.0,8.0,True,,accessible_official_786,named_subarea_candidate,3029577461.0,True,2897292.0,942769.0,936638.0,0.04794520547945205,0.0009563353428975091,0.6486771095215809,32.30398899587345,27.502807200241072,False,,,,0.00684931506849315,,,9.085820895522387,,,25.338538565768133,insufficient,partial_or_unusable_sales,,,,incomplete_stay_evidence,32.13422391857506,2025q4_official_stores_sales__2026_09_poi_diagnostic_only
3110212,답십리초등학교,골목상권,1.0,0.0809199521336077,2.0,2.0,92.74809160305344,83.07888040712467,71.7557251908397,40.90330788804072,5.399239543726235,95.61068702290076,65.78086572045008,0,1,230,11.0,2.0,2.0,13.0,True,,accessible_official_786,named_subarea_candidate,3096880880.0,True,379662047.0,96681885.0,101549597.0,0.04782608695652174,0.12259497917788817,0.5221261476262335,69.09215955983493,66.51632490599275,False,,,,0.008695652173913044,,,35.41044776119403,,,58.98764602024265,insufficient,partial_or_unusable_sales,,,,incomplete_stay_evidence,65.78086572045008,2025q4_official_stores_sales__2026_09_poi_diagnostic_only
3110216,전농중학교,골목상권,1.0,0.0650193474167504,0.0,1.0,37.02290076335878,75.57251908396947,54.07124681933843,40.90330788804072,0.0,95.61068702290076,44.204834605597966,0,0,146,6.0,0.0,1.0,6.0,True,,accessible_official_786,named_subarea_candidate,3029532720.0,True,17096226.0,8182913.0,1951026.0,0.0410958904109589,0.005643189092210894,0.5927588346106328,53.053645116918844,42.542568968827794,False,,,,0.0,,,0.0,,,37.13755158184319,insufficient,partial_or_unusable_sales,,,,incomplete_stay_evidence,44.204834605597966,2025q4_official_stores_sales__2026_09_poi_diagnostic_only
3110199,홍릉시장,골목상권,1.0,0.0698235332546062,0.0,0.0,37.02290076335878,27.417302798982192,21.882951653944023,40.90330788804072,0.0,95.61068702290076,32.153307888040715,0,0,154,3.0,1.0,0.0,4.0,True,,accessible_official_786,named_subarea_candidate,2797428295.0,False,,,,0.01948051948051948,,,16.361760660247594,,False,,,,0.006493506493506494,,,16.627798507462686,,,16.44157201441212,supply_only,no_cafe_sales_rows,,132.0,,incomplete_stay_evidence,32.153307888040715,2025q4_official_stores_sales__2026_09_poi_diagnostic_only
3110211,전곡마을마당공원,골목상권,1.0,0.1263069266231812,0.0,1.0,37.02290076335878,62.72264631043257,19.59287531806616,40.90330788804072,0.0,95.61068702290076,37.10559796437659,0,0,174,5.0,0.0,1.0,5.0,True,,accessible_official_786,named_subarea_candidate,2717089904.0,True,1787209.0,601165.0,700736.0,0.028735632183908046,0.0006577658683170316,0.7284548141823368,19.903713892709767,20.325644931056793,False,,,,0.0,,,0.0,,,13.932599724896836,insufficient,partial_or_unusable_sales,,,,incomplete_stay_evidence,37.10559796437659,2025q4_official_stores_sales__2026_09_poi_diagnostic_only
3110236,신묵초등학교,골목상권,1.0,0.1805116211631253,0.0,2.0,37.02290076335878,68.70229007633588,23.40966921119593,40.90330788804072,1.4068441064638786,95.61068702290076,38.85643243452433,0,1,299,8.0,2.0,2.0,10.0,True,,accessible_official_786,named_subarea_candidate,2510101656.0,False,,,,0.026755852842809364,,,21.38239339752407,,False,,,,0.006688963210702341,,,12.509328358208954,,,18.720473885729533,supply_only,no_cafe_sales_rows,,122.0,,incomplete_stay_evidence,38.85643243452433,2025q4_official_stores_sales__2026_09_poi_diagnostic_only
3130109,묵1동도깨비시장,전통시장,1.0,0.0289776024907963,0.0,0.0,37.02290076335878,27.417302798982192,40.83969465648856,40.90330788804072,0.0,95.61068702290076,34.99681933842239,0,0,93,2.0,1.0,0.0,3.0,True,,accessible_official_786,named_subarea_candidate,2440207531.0,True,31420438.0,13978350.0,8085275.0,0.021505376344086023,0.01287613352587428,0.7022061563877626,32.57565337001376,33.54520773158787,False,,,,0.010752688172043012,,,49.47761194029851,,,37.64624094109918,insufficient,partial_or_unusable_sales,,,,incomplete_stay_evidence,34.99681933842239,2025q4_official_stores_sales__2026_09_poi_diagnostic_only
3110192,동의보감타워,골목상권,1.0,0.0332060218425174,0.0,0.0,37.02290076335878,27.417302798982192,14.50381679389313,40.90330788804072,0.0,95.61068702290076,31.04643765903308,0,0,107,1.0,0.0,0.0,1.0,True,,accessible_official_786,named_subarea_candidate,2444998382.0,True,96081037.0,36999490.0,24351664.0,0.009345794392523364,0.03929697365337561,0.6385355103942103,6.4580467675378275,19.773787233053923,False,,,,0.0,,,0.0,,,4.520632737276479,insufficient,partial_or_unusable_sales,,,,incomplete_stay_evidence,31.04643765903308,2025q4_official_stores_sales__2026_09_poi_diagnostic_only
3110123,마장역 3번,골목상권,1.0,0.1694240348071145,0.0,1.0,37.02290076335878,58.269720101781175,8.524173027989821,40.90330788804072,29.984927893673134,95.61068702290076,40.77433926830206,1,3,142,2.0,1.0,1.0,3.0,True,,accessible_official_786,named_subarea_candidate,1973347333.0,False,,,,0.014084507042253521,,,4.133425034387895,,False,,,,0.007042253521126761,,,9.421641791044776,,,5.719890061384959,supply_only,no_cafe_sales_rows,,169.0,,incomplete_stay_evidence,40.77433926830206,2025q4_official_stores_sales__2026_09_poi_diagnostic_only
3110263,면목역 1번,골목상권,1.0,0.1519865431379663,0.0,0.0,37.02290076335878,27.417302798982192,10.432569974554708,40.90330788804072,1.9391634980988592,95.61068702290076,30.823583335752083,0,1,163,3.0,2.0,0.0,5.0,True,,accessible_official_786,named_subarea_candidate,1897530431.0,True,90911568.0,24679793.0,34929827.0,0.018404907975460124,0.047910466422448644,0.6556879538146344,7.49656121045392,20.96510402466499,False,,,,0.012269938650306749,,,25.28917910447761,,,12.834346578661027,insufficient,partial_or_unusable_sales,,,,incomplete_stay_evidence,30.823583335752083,2025q4_official_stores_sales__2026_09_poi_diagnostic_only
3130105,장미제일시장(중화동제일시장),전통시장,1.0,0.0268460980631689,0.0,0.0,37.02290076335878,27.417302798982192,87.91348600508906,40.90330788804072,13.19391634980989,95.61068702290076,44.696671310674446,0,1,74,6.0,1.0,0.0,7.0,True,,accessible_official_786,named_subarea_candidate,2103114965.0,True,9830581.0,2776264.0,5008513.0,0.08108108108108109,0.004674295587069821,0.7918938870449265,88.87551581843191,70.81623911562463,False,,,,0.013513513513513514,,,57.32742537313433,,,79.41108868484262,insufficient,partial_or_unusable_sales,,,,incomplete_stay_evidence,44.696671310674446,2025q4_official_stores_sales__2026_09_poi_diagnostic_only
3110234,중랑역 4번,골목상권,1.0,0.0583766765967101,0.0,0.0,37.02290076335878,27.417302798982192,27.86259541984733,40.90330788804072,7.566539923954373,95.61068702290076,34.56356243771708,0,1,88,3.0,1.0,0.0,4.0,True,,accessible_official_786,named_subarea_candidate,1692687771.0,True,10110462.0,3183378.0,3875749.0,0.03409090909090909,0.005973022416311886,0.6982002405033518,32.211141678129295,30.235330222877288,False,,,,0.011363636363636364,,,30.30783582089552,,,31.64014992095916,insufficient,partial_or_unusable_sales,,,,incomplete_stay_evidence,34.56356243771708,2025q4_official_stores_sales__2026_09_poi_diagnostic_only
3110206,텃골근린공원,골목상권,1.0,0.1005464312689159,0.0,2.0,37.02290076335878,80.27989821882952,53.05343511450382,40.90330788804072,0.0,95.61068702290076,44.75826972010179,0,0,169,9.0,4.0,2.0,13.0,True,,accessible_official_786,named_subarea_candidate,1285874789.0,True,45977372.0,14532632.0,14777891.0,0.05325443786982249,0.035755714625804055,0.6374988766213084,57.81980742778542,53.17697001812838,False,,,,0.023668639053254437,,,70.18190298507463,,,61.52843609497218,insufficient,partial_or_unusable_sales,,,,incomplete_stay_evidence,44.75826972010179,2025q4_official_stores_sales__2026_09_poi_diagnostic_only
3110251,장안중학교,골목상권,1.0,0.0904868492452987,0.0,0.0,37.02290076335878,27.417302798982192,30.66157760814249,40.90330788804072,4.790874524714829,95.61068702290076,34.42827668611345,0,1,164,5.0,1.0,0.0,6.0,True,,accessible_official_786,named_subarea_candidate,1386255152.0,True,6942803.0,2231140.0,2544015.0,0.03048780487804878,0.005008315381178833,0.6877848903389596,31.856946354883082,29.33257481801577,False,,,,0.006097560975609756,,,11.473880597014926,,,25.742026627522634,insufficient,partial_or_unusable_sales,,,,incomplete_stay_evidence,34.42827668611345,2025q4_official_stores_sales__2026_09_poi_diagnostic_only
3110246,월드순복음교회,골목상권,1.0,0.087285940276567,1.0,1.0,83.58778625954199,69.46564885496184,31.806615776081426,40.90330788804072,5.057034220532319,95.61068702290076,54.9299819077197,0,1,178,5.0,0.0,1.0,5.0,True,,accessible_official_786,named_subarea_candidate,1158922451.0,True,124463884.0,42646261.0,32736990.0,0.028089887640449437,0.10739621438225119,0.6056636558119944,30.557083906464925,38.00488670273211,False,,,,0.0,,,0.0,,,21.389958734525447,insufficient,partial_or_unusable_sales,,,,incomplete_stay_evidence,54.9299819077197,2025q4_official_stores_sales__2026_09_poi_diagnostic_only
3110245,KB국민은행 중화동지점,골목상권,1.0,0.0623260539079282,0.0,0.0,37.02290076335878,27.417302798982192,9.541984732824428,40.90330788804072,12.129277566539926,95.61068702290076,32.72801836318076,0,2,52,1.0,0.0,0.0,1.0,True,,accessible_official_786,named_subarea_candidate,1261643017.0,False,,,,0.019230769230769232,,,7.35213204951857,,False,,,,0.0,,,0.0,,,5.146492434662998,supply_only,no_cafe_sales_rows,,173.0,,incomplete_stay_evidence,32.72801836318076,2025q4_official_stores_sales__2026_09_poi_diagnostic_only
3110250,화랑대역 7번,골목상권,1.0,0.0393363979829653,0.0,2.0,37.02290076335878,92.87531806615776,12.849872773536896,40.90330788804072,17.338403041825096,95.61068702290076,44.084728954421,0,3,79,1.0,0.0,2.0,1.0,True,,accessible_official_786,named_subarea_candidate,826128480.0,False,,,,0.012658227848101266,,,6.788170563961486,,False,,,,0.0,,,0.0,,,4.7517193947730405,supply_only,no_cafe_sales_rows,,175.0,,incomplete_stay_evidence,44.084728954421,2025q4_official_stores_sales__2026_09_poi_diagnostic_only
3110239,중랑역 2번,골목상권,1.0,0.0103604971954484,0.0,0.0,37.02290076335878,27.417302798982192,83.84223918575063,40.90330788804072,0.0,95.61068702290076,41.4472010178117,0,0,29,2.0,0.0,0.0,2.0,True,,accessible_official_786,named_subarea_candidate,910803974.0,False,,,,0.06896551724137931,,,66.70563961485557,,False,,,,0.0,,,0.0,,,46.6939477303989,supply_only,no_cafe_sales_rows,,31.0,,incomplete_stay_evidence,41.4472010178117,2025q4_official_stores_sales__2026_09_poi_diagnostic_only
3110133,서울교통공사,골목상권,1.0,0.0801261612688167,0.0,0.0,37.02290076335878,27.417302798982192,18.447837150127228,40.90330788804072,0.0,95.61068702290076,31.63804071246819,0,0,73,3.0,1.0,0.0,4.0,True,,accessible_official_786,named_subarea_candidate,719793453.0,True,29111771.0,24629010.0,4311106.0,0.0410958904109589,0.040444617658949446,0.9941035878579836,26.320495185694636,33.39704906416409,False,,,,0.0136986301369863,,,26.991604477611936,,,26.521827973269822,insufficient,partial_or_unusable_sales,,,,incomplete_stay_evidence,31.63804071246819,2025q4_official_stores_sales__2026_09_poi_diagnostic_only
3110257,상봉역 7번,골목상권,1.0,0.1142403749816361,0.0,0.0,37.02290076335878,27.417302798982192,22.7735368956743,40.90330788804072,3.574144486692016,95.61068702290076,33.00172457163866,0,1,133,5.0,3.0,0.0,8.0,True,,accessible_official_786,named_subarea_candidate,391011456.0,False,,,,0.03759398496240601,,,27.627235213204955,,False,,,,0.022556390977443608,,,54.9160447761194,,,35.813878082079285,supply_only,no_cafe_sales_rows,,67.0,,incomplete_stay_evidence,33.00172457163866,2025q4_official_stores_sales__2026_09_poi_diagnostic_only
3130107,중랑동부시장(중랑교종합상가),전통시장,1.0,0.0078805293906763,0.0,0.0,37.02290076335878,27.417302798982192,3.816793893129771,40.90330788804072,18.59315589353612,95.61068702290076,33.1620154026258,0,1,42,0.0,0.0,0.0,0.0,True,,accessible_official_786,named_subarea_candidate,613440479.0,False,,,,0.0,,,0.0,,False,,,,0.0,,,0.0,,,0.0,supply_only,no_cafe_sales_rows,,185.0,,incomplete_stay_evidence,33.1620154026258,2025q4_official_stores_sales__2026_09_poi_diagnostic_only
3110434,태릉입구역 4번,골목상권,1.0,0.0380609456748704,0.0,1.0,37.02290076335878,83.84223918575063,89.56743002544529,40.90330788804072,15.55133079847909,95.61068702290076,53.87998626147699,0,2,96,9.0,2.0,1.0,11.0,True,,accessible_official_786,named_subarea_candidate,579727048.0,True,10986315.0,5575299.0,2555751.0,0.09375,0.018950840810173824,0.740107124181311,91.11760660247593,74.14384970866807,False,,,,0.020833333333333332,,,78.48880597014926,,,87.32896641277793,insufficient,partial_or_unusable_sales,,,,incomplete_stay_evidence,53.87998626147699,2025q4_official_stores_sales__2026_09_poi_diagnostic_only
3110130,답십리역 6번,골목상권,1.0,0.0430325570349778,0.0,0.0,37.02290076335878,27.417302798982192,24.681933842239182,40.90330788804072,14.714828897338403,95.61068702290076,35.516120995752665,0,2,49,2.0,0.0,0.0,2.0,True,,accessible_official_786,named_subarea_candidate,452613166.0,False,,,,0.04081632653061224,,,30.484869325997245,,False,,,,0.0,,,0.0,,,21.33940852819807,supply_only,no_cafe_sales_rows,,115.0,,incomplete_stay_evidence,35.516120995752665,2025q4_official_stores_sales__2026_09_poi_diagnostic_only
3110202,전농1동주민센터(전농시장),골목상권,1.0,0.0297984669198958,0.0,0.0,37.02290076335878,27.417302798982192,3.816793893129771,40.90330788804072,0.0,95.61068702290076,29.443384223918574,0,0,51,0.0,1.0,0.0,1.0,True,,accessible_official_786,named_subarea_candidate,281696168.0,False,,,,0.0,,,0.0,,False,,,,0.0196078431372549,,,60.19123134328359,,,18.057369402985078,supply_only,no_cafe_sales_rows,,125.0,,incomplete_stay_evidence,29.443384223918574,2025q4_official_stores_sales__2026_09_poi_diagnostic_only
3110238,배꽃어린이공원,골목상권,1.0,0.029151456515923,0.0,0.0,37.02290076335878,27.417302798982192,16.666666666666664,40.90330788804072,12.547528517110267,95.61068702290076,33.88037084337116,0,1,27,1.0,0.0,0.0,1.0,True,,accessible_official_786,named_subarea_candidate,187764909.0,False,,,,0.037037037037037035,,,23.070839064649242,,False,,,,0.0,,,0.0,,,16.149587345254467,supply_only,no_cafe_sales_rows,,136.0,,incomplete_stay_evidence,33.88037084337116,2025q4_official_stores_sales__2026_09_poi_diagnostic_only
3110201,전농119안전센터,골목상권,1.0,0.0241304875105393,0.0,0.0,37.02290076335878,27.417302798982192,48.98218829516539,40.90330788804072,0.0,95.61068702290076,36.21819338422392,0,0,39,2.0,0.0,0.0,2.0,True,,accessible_official_786,named_subarea_candidate,239544964.0,False,,,,0.05128205128205128,,,54.511691884456674,,False,,,,0.0,,,0.0,,,38.15818431911967,supply_only,no_cafe_sales_rows,,61.0,,incomplete_stay_evidence,36.21819338422392,2025q4_official_stores_sales__2026_09_poi_diagnostic_only
3130108,태능엔터피아(태릉시장),전통시장,1.0,0.0044393713977066,0.0,0.0,37.02290076335878,27.417302798982192,88.42239185750637,40.90330788804072,19.42965779467681,95.61068702290076,46.02015547751043,0,1,38,1.0,0.0,0.0,1.0,True,,accessible_official_786,named_subarea_candidate,202825404.0,False,,,,0.02631578947368421,,,25.051581843191194,,False,,,,0.0,,,0.0,,,17.536107290233833,supply_only,no_cafe_sales_rows,,127.0,,incomplete_stay_evidence,46.02015547751043,2025q4_official_stores_sales__2026_09_poi_diagnostic_only
3110198,동대문중앙새마을금고본점,골목상권,1.0,0.0161275408825244,0.0,0.0,37.02290076335878,27.417302798982192,3.816793893129771,40.90330788804072,0.0,95.61068702290076,29.443384223918574,0,0,36,0.0,0.0,0.0,0.0,True,,accessible_official_786,named_subarea_candidate,207707033.0,False,,,,0.0,,,0.0,,False,,,,0.0,,,0.0,,,0.0,supply_only,no_cafe_sales_rows,,185.0,,incomplete_stay_evidence,29.443384223918574,2025q4_official_stores_sales__2026_09_poi_diagnostic_only
3110209,답십리 장령당공원,골목상권,1.0,0.0279511850314422,0.0,0.0,37.02290076335878,27.417302798982192,17.43002544529262,40.90330788804072,17.186311787072245,95.61068702290076,34.92263131415746,0,2,50,1.0,0.0,0.0,1.0,True,,accessible_official_786,named_subarea_candidate,28908166.0,False,,,,0.02,,,13.56946354883081,,False,,,,0.0,,,0.0,,,9.498624484181567,supply_only,no_cafe_sales_rows,,158.0,,incomplete_stay_evidence,34.92263131415746,2025q4_official_stores_sales__2026_09_poi_diagnostic_only
3110119,마장지하차도,골목상권,1.0,0.0225066080388566,0.0,0.0,37.02290076335878,27.417302798982192,23.53689567430025,40.90330788804072,14.448669201520913,95.61068702290076,35.29113333139833,0,1,81,1.0,0.0,0.0,1.0,True,,accessible_official_786,named_subarea_candidate,,False,,,,0.012345679012345678,,,14.178129298486933,,False,,,,0.0,,,0.0,,,9.924690508940852,supply_only,no_cafe_sales_rows,,157.0,,incomplete_stay_evidence,35.29113333139833,2025q4_official_stores_sales__2026_09_poi_diagnostic_only
3110235,세화어린이공원,골목상권,1.0,0.0326056392163437,0.0,0.0,37.02290076335878,27.417302798982192,14.885496183206106,40.90330788804072,11.711026615969583,95.61068702290076,33.44589489062394,0,1,24,1.0,0.0,0.0,1.0,True,,accessible_official_786,named_subarea_candidate,,False,,,,0.041666666666666664,,,24.17812929848693,,False,,,,0.0,,,0.0,,,16.92469050894085,supply_only,no_cafe_sales_rows,,129.0,,incomplete_stay_evidence,33.44589489062394,2025q4_official_stores_sales__2026_09_poi_diagnostic_only
3001493,동대문패션타운 관광특구,관광특구,0.997005988023952,0.6056013616241605,0.0,2.0,37.02290076335878,55.34351145038168,68.95674300254453,89.31297709923665,4.182509505703423,90.0763358778626,48.527341595797175,0,6,12590,77.0,10.0,2.0,87.0,False,broad_tourism_zone;prefer_named_subarea,accessible_official_786,broad_zone_reference_only,151636997858.0,True,2291665708.0,614292367.0,525683837.0,0.006115965051628276,0.015112840140412325,0.4974443698400011,45.825309491059144,49.11080159158044,True,384283019.0,117499774.0,74933938.0,0.0007942811755361397,0.0025342299335143832,0.500760383585932,13.88992537313433,23.867684603299296,41.5378664950961,36.244694255681694,complete,both_cafe_industries_sales_observed,173.0,,,incomplete_stay_evidence,48.527341595797175,2025q4_official_stores_sales__2026_09_poi_diagnostic_only
3130111,"동원전통종합시장(동원시장, 동원전통시장 상점가)",전통시장,0.997005988023952,0.0907801376975038,0.0,0.0,37.02290076335878,27.417302798982192,16.030534351145036,40.90330788804072,4.752851711026616,90.0763358778626,31.67258052032237,0,1,428,3.0,3.0,0.0,6.0,True,,accessible_official_786,named_subarea_candidate,35156536267.0,True,147041950.0,42923045.0,36405130.0,0.007009345794392523,0.004182492520971762,0.5394934914832128,6.9532324621733155,14.551539921732946,True,403587258.0,104662543.0,99708206.0,0.007009345794392523,0.011479721862669129,0.5063855336086949,41.12873134328358,46.09274351924587,24.01390100098682,17.205882126506395,complete,both_cafe_industries_sales_observed,219.0,,,incomplete_stay_evidence,31.67258052032237,2025q4_official_stores_sales__2026_09_poi_diagnostic_only
3130066,행당시장상점가,전통시장,0.997005988023952,0.0809461304154074,0.0,0.0,37.02290076335878,27.417302798982192,44.40203562340967,40.90330788804072,10.0,90.0763358778626,36.97773536895674,0,2,308,6.0,4.0,0.0,10.0,True,,accessible_official_786,named_subarea_candidate,21862581145.0,True,400364724.0,137793967.0,94809599.0,0.01948051948051948,0.018312783899789613,0.5809791723808314,34.15405777166438,39.921451965252,False,,,,0.012987012987012988,,,64.9393656716418,,,43.3896501416576,insufficient,partial_or_unusable_sales,,,,incomplete_stay_evidence,36.97773536895674,2025q4_official_stores_sales__2026_09_poi_diagnostic_only
3120065,회기역,발달상권,0.997005988023952,0.1271055173477748,1.0,1.0,79.51653944020356,62.59541984732825,59.92366412213741,40.90330788804072,0.0,90.0763358778626,55.33078880407125,0,0,348,13.0,4.0,1.0,17.0,True,,accessible_official_786,named_subarea_candidate,9886625320.0,True,438265876.0,123379313.0,111951729.0,0.03735632183908046,0.04432916812508477,0.5369595373197615,56.40302613480055,56.77536220891577,True,505817038.0,65930077.0,104313304.0,0.011494252873563218,0.05116174848628733,0.3365710686084086,46.632462686567166,50.20851335428122,54.805307552525406,53.47185710033053,complete,both_cafe_industries_sales_observed,122.0,,,incomplete_stay_evidence,55.33078880407125,2025q4_official_stores_sales__2026_09_poi_diagnostic_only
3110219,삼육보건대학교,골목상권,0.997005988023952,0.1793076543769617,1.0,2.0,77.09923664122137,68.95674300254453,52.926208651399484,40.90330788804072,0.0,90.0763358778626,54.51017811704835,0,0,254,16.0,1.0,2.0,17.0,True,,accessible_official_786,named_subarea_candidate,9765645677.0,True,128114935.0,50695828.0,33319012.0,0.06299212598425197,0.01311894156693967,0.655777095777319,61.12448418156809,56.65012948844888,False,,,,0.003937007874015748,,,3.75,,,43.912138927097665,insufficient,partial_or_unusable_sales,,,,incomplete_stay_evidence,54.51017811704835,2025q4_official_stores_sales__2026_09_poi_diagnostic_only
3110264,면목역 2번,골목상권,0.997005988023952,0.216780647979813,0.0,0.0,37.02290076335878,27.417302798982192,21.246819338422394,40.90330788804072,1.064638783269962,90.0763358778626,31.717380682862643,0,1,322,9.0,4.0,0.0,13.0,True,,accessible_official_786,named_subarea_candidate,9663424109.0,False,,,,0.027950310559006212,,,20.536451169188446,,False,,,,0.012422360248447204,,,34.76679104477612,,,24.805553131864748,supply_only,no_cafe_sales_rows,,104.0,,incomplete_stay_evidence,31.717380682862643,2025q4_official_stores_sales__2026_09_poi_diagnostic_only
3110243,중랑노인종합복지관,골목상권,0.997005988023952,0.1282032958632375,0.0,0.0,37.02290076335878,27.417302798982192,24.80916030534351,40.90330788804072,2.927756653992396,90.0763358778626,32.624355402045296,0,1,278,6.0,3.0,0.0,9.0,True,,accessible_official_786,named_subarea_candidate,6609335598.0,True,11124470.0,3257836.0,2654475.0,0.02158273381294964,0.0016831449750208311,0.5314690048155103,19.308803301237965,16.068248749018586,True,236352215.0,46325301.0,58836951.0,0.01079136690647482,0.035760359191250736,0.4449387199523389,38.08768656716418,42.023222702278076,23.854740934996432,24.942468281015827,complete,both_cafe_industries_sales_observed,221.0,,,incomplete_stay_evidence,32.624355402045296,2025q4_official_stores_sales__2026_09_poi_diagnostic_only
3130065,무학봉상점가,전통시장,0.997005988023952,0.0692855578450274,0.0,2.0,37.02290076335878,85.75063613231552,74.17302798982189,40.90330788804072,11.178707224334602,90.0763358778626,50.429125668785495,0,2,198,10.0,5.0,2.0,15.0,True,,accessible_official_786,named_subarea_candidate,4753690243.0,True,11876057.0,3744851.0,3754366.0,0.050505050505050504,0.002498281628149409,0.6314568042238261,71.66437414030261,55.88610014957794,True,296124994.0,91964819.0,73197150.0,0.025252525252525252,0.06229370843757772,0.5577441024785635,87.90111940298507,82.25446779261586,63.79661044248931,76.53539771910735,complete,both_cafe_industries_sales_observed,83.0,,,incomplete_stay_evidence,50.429125668785495,2025q4_official_stores_sales__2026_09_poi_diagnostic_only
3110227,답십리공원,골목상권,0.997005988023952,0.0554153254727985,0.0,0.0,37.02290076335878,27.417302798982192,29.77099236641221,40.90330788804072,7.680608365019012,90.0763358778626,34.31920055341092,0,1,119,3.0,1.0,0.0,4.0,True,,accessible_official_786,named_subarea_candidate,2565373777.0,True,79940747.0,25730708.0,18108800.0,0.025210084033613446,0.031161442327318215,0.5484000293367286,27.66162310866575,30.72518287253895,False,,,,0.008403361344537815,,,27.201492537313435,,,27.523583937260057,insufficient,partial_or_unusable_sales,,,,incomplete_stay_evidence,34.31920055341092,2025q4_official_stores_sales__2026_09_poi_diagnostic_only
3110224,외대앞역 2번,골목상권,0.997005988023952,0.0457347555159795,0.0,0.0,37.02290076335878,27.417302798982192,38.80407124681934,40.90330788804072,0.0,90.0763358778626,34.1380407124682,0,0,87,3.0,2.0,0.0,5.0,True,,accessible_official_786,named_subarea_candidate,3044602490.0,True,12000000.0,4235235.0,3014199.0,0.034482758620689655,0.003941401230345838,0.6041195,39.44979367262724,32.625113891753124,True,31156317.0,6990862.0,7342741.0,0.022988505747126436,0.01023329551307041,0.46005447306239694,72.2714552238806,59.07686076197957,40.560637952821054,49.29629213800324,complete,both_cafe_industries_sales_observed,180.0,,,incomplete_stay_evidence,34.1380407124682,2025q4_official_stores_sales__2026_09_poi_diagnostic_only
3110125,사근동살곶이상점가,골목상권,0.997005988023952,0.1288246237584656,2.0,2.0,87.78625954198473,75.69974554707379,54.58015267175572,40.90330788804072,42.49135066625561,90.0763358778626,67.47409710526131,1,1,112,12.0,2.0,2.0,14.0,True,,accessible_official_786,named_subarea_candidate,2326095104.0,True,281274237.0,129266499.0,79212096.0,0.10714285714285714,0.1209212110529424,0.7411933535882278,68.02269601100413,70.29109833537304,True,14605564.0,3866416.0,3460903.0,0.017857142857142856,0.0062790055208335974,0.501679976206328,37.46735074626866,33.85872446975648,59.36138617568807,58.85609243158349,complete,both_cafe_industries_sales_observed,104.0,,,incomplete_stay_evidence,67.47409710526131,2025q4_official_stores_sales__2026_09_poi_diagnostic_only
3130101,답십리현대시장,전통시장,0.997005988023952,0.0183295141235589,0.0,0.0,37.02290076335878,27.417302798982192,30.15267175572519,40.90330788804072,0.0,90.0763358778626,32.84033078880407,0,0,93,1.0,0.0,0.0,1.0,True,,accessible_official_786,named_subarea_candidate,2253536405.0,False,,,,0.010752688172043012,,,16.98762035763411,,False,,,,0.0,,,0.0,,,11.891334250343876,supply_only,no_cafe_sales_rows,,147.0,,incomplete_stay_evidence,32.84033078880407,2025q4_official_stores_sales__2026_09_poi_diagnostic_only
3110258,면동초등학교,골목상권,0.997005988023952,0.1113461098410158,0.0,0.0,37.02290076335878,27.417302798982192,23.66412213740458,40.90330788804072,46.84684684684685,90.0763358778626,41.23641771542535,1,0,167,5.0,1.0,0.0,6.0,True,,accessible_official_786,named_subarea_candidate,2593202610.0,True,19987758.0,6580063.0,5411587.0,0.029940119760479042,0.007707750224730801,0.5999497292292613,23.583218707015128,22.745560596152515,False,,,,0.005988023952095809,,,9.888059701492537,,,19.47467100535835,insufficient,partial_or_unusable_sales,,,,incomplete_stay_evidence,41.23641771542535,2025q4_official_stores_sales__2026_09_poi_diagnostic_only
3110055,황학동벼룩시장,골목상권,0.997005988023952,0.0275546367472384,0.0,0.0,37.02290076335878,27.417302798982192,17.938931297709924,40.90330788804072,17.26235741444867,90.0763358778626,34.460741202991514,0,2,93,1.0,0.0,0.0,1.0,True,,accessible_official_786,named_subarea_candidate,1897328637.0,False,,,,0.010752688172043012,,,9.20907840440165,,False,,,,0.0,,,0.0,,,6.446354883081154,supply_only,no_cafe_sales_rows,,168.0,,incomplete_stay_evidence,34.460741202991514,2025q4_official_stores_sales__2026_09_poi_diagnostic_only
3130096,동부시장,전통시장,0.997005988023952,0.0066119141768,0.0,0.0,37.02290076335878,27.417302798982192,3.816793893129771,40.90330788804072,18.97338403041825,90.0763358778626,32.68462591549841,0,1,25,0.0,0.0,0.0,0.0,True,,accessible_official_786,named_subarea_candidate,803564090.0,False,,,,0.0,,,0.0,,False,,,,0.0,,,0.0,,,0.0,supply_only,no_cafe_sales_rows,,185.0,,incomplete_stay_evidence,32.68462591549841,2025q4_official_stores_sales__2026_09_poi_diagnostic_only
3110222,회기역 2번,골목상권,0.997005988023952,0.0103257161537975,0.0,0.0,37.02290076335878,27.417302798982192,3.816793893129771,40.90330788804072,0.0,90.0763358778626,28.88994910941476,0,0,26,0.0,0.0,0.0,0.0,True,,accessible_official_786,named_subarea_candidate,33000000.0,False,,,,0.0,,,0.0,,False,,,,0.0,,,0.0,,,0.0,supply_only,no_cafe_sales_rows,,185.0,,incomplete_stay_evidence,28.88994910941476,2025q4_official_stores_sales__2026_09_poi_diagnostic_only
3130103,이경시장,전통시장,0.997005988023952,0.0116132411115624,0.0,0.0,37.02290076335878,27.417302798982192,50.63613231552163,40.90330788804072,0.0,90.0763358778626,35.912849872773535,0,0,22,1.0,0.0,0.0,1.0,True,,accessible_official_786,named_subarea_candidate,30000000.0,False,,,,0.045454545454545456,,,36.02819807427785,,False,,,,0.0,,,0.0,,,25.219738651994497,supply_only,no_cafe_sales_rows,,101.0,,incomplete_stay_evidence,35.912849872773535,2025q4_official_stores_sales__2026_09_poi_diagnostic_only
3001494,종로·청계 관광특구,관광특구,0.994011976047904,0.6526362010529243,10.0,11.0,87.40458015267176,77.60814249363868,80.40712468193384,84.86005089058524,2.4680574110231905,87.91348600508906,67.69462929390947,1,3,4244,112.0,14.0,11.0,126.0,False,broad_tourism_zone;prefer_named_subarea,accessible_official_786,broad_zone_reference_only,263865637195.0,True,7576428476.0,2907459168.0,1762457198.0,0.02639019792648445,0.028713206299010904,0.6163743749172826,63.08115543328748,66.54053955342542,True,99530236.0,16080927.0,18494631.0,0.003298774740810556,0.0003772004458710397,0.34738748132778463,22.658582089552244,20.23600746268657,52.64917992620376,50.95438343016691,complete,both_cafe_industries_sales_observed,127.0,,,incomplete_stay_evidence,67.69462929390947,2025q4_official_stores_sales__2026_09_poi_diagnostic_only
3120066,장한평역(장한평),발달상권,0.994011976047904,0.4497304430328177,0.0,0.0,37.02290076335878,27.417302798982192,39.44020356234097,81.93384223918575,4.324324324324325,87.91348600508906,38.98509387249845,1,0,1609,30.0,4.0,0.0,34.0,True,,accessible_official_786,named_subarea_candidate,89176982087.0,True,793155435.0,259266634.0,153489688.0,0.018645121193287758,0.008894172200469926,0.5203977729787604,30.17193947730399,35.74032782785348,True,275115134.0,62248641.0,57973889.0,0.002486016159105034,0.0030850464723240012,0.4369898822069163,4.477611940298507,14.647486252945797,29.41247535538117,22.463641216202344,complete,both_cafe_industries_sales_observed,209.0,,,incomplete_stay_evidence,38.98509387249845,2025q4_official_stores_sales__2026_09_poi_diagnostic_only
3120062,신설동역,발달상권,0.994011976047904,0.2716938298011346,0.0,4.0,37.02290076335878,74.17302798982189,50.12722646310432,83.7150127226463,2.4334600760456278,87.91348600508906,47.40145028492922,0,2,830,23.0,4.0,4.0,27.0,True,,accessible_official_786,named_subarea_candidate,37041687680.0,True,816767541.0,336339739.0,173956812.0,0.027710843373493974,0.02204995485238107,0.6247757475465103,42.75103163686383,49.29628846473165,True,516632463.0,92781392.0,114733564.0,0.004819277108433735,0.013947325172199066,0.4016684410325179,15.130597014925375,26.676944226237232,42.51048519318332,34.46490125028229,complete,both_cafe_industries_sales_observed,166.0,,,incomplete_stay_evidence,47.40145028492922,2025q4_official_stores_sales__2026_09_poi_diagnostic_only
3110226,장안1동주민센터,골목상권,0.994011976047904,0.2856420191430507,0.0,0.0,37.02290076335878,27.417302798982192,36.1323155216285,40.90330788804072,0.0,87.91348600508906,33.520992366412216,0,0,665,18.0,5.0,0.0,23.0,True,,accessible_official_786,named_subarea_candidate,35837277148.0,True,177225697.0,32479197.0,30067479.0,0.02706766917293233,0.004945289126405927,0.3529210326649188,32.88858321870701,32.4177608611426,True,273572480.0,57593333.0,61140087.0,0.007518796992481203,0.007633740668137436,0.4340108332534033,24.74347014925373,29.853323841319714,31.64842975519573,30.445049297871027,complete,both_cafe_industries_sales_observed,206.0,,,incomplete_stay_evidence,33.520992366412216,2025q4_official_stores_sales__2026_09_poi_diagnostic_only
3110228,장안근린공원,골목상권,0.994011976047904,0.1778013246829036,0.0,0.0,37.02290076335878,27.417302798982192,19.46564885496183,40.90330788804072,1.5209125475285172,87.91348600508906,31.32517487591792,0,1,293,7.0,2.0,0.0,9.0,True,,accessible_official_786,named_subarea_candidate,8436115764.0,True,18344941.0,7757059.0,4378482.0,0.023890784982935155,0.002174571984690465,0.6615197617697435,16.492434662998626,18.453472272047375,False,,,,0.006825938566552901,,,13.022388059701491,,,15.451420682009484,insufficient,partial_or_unusable_sales,,,,incomplete_stay_evidence,31.32517487591792,2025q4_official_stores_sales__2026_09_poi_diagnostic_only
3110247,먹골역 1번,골목상권,0.994011976047904,0.148325610470121,2.0,3.0,85.6234096692112,80.40712468193384,20.35623409669211,40.90330788804072,0.0,87.91348600508906,53.68320610687023,0,0,231,6.0,2.0,3.0,8.0,True,,accessible_official_786,named_subarea_candidate,7167778123.0,True,78255566.0,26839913.0,22196134.0,0.025974025974025976,0.010917688111591118,0.6266141759168926,18.803301237964234,24.337571671343962,True,385804040.0,67261884.0,72118995.0,0.008658008658008658,0.05382477434144204,0.36127376737682687,19.33768656716418,30.04953849175177,26.051161717466304,18.963616836724217,complete,both_cafe_industries_sales_observed,216.0,,,incomplete_stay_evidence,53.68320610687023,2025q4_official_stores_sales__2026_09_poi_diagnostic_only
3110194,홍파초등학교,골목상권,0.994011976047904,0.0878787070532103,0.0,0.0,37.02290076335878,27.417302798982192,11.704834605597965,40.90330788804072,0.0,87.91348600508906,29.856870229007637,0,0,132,2.0,0.0,0.0,2.0,True,,accessible_official_786,named_subarea_candidate,5627745120.0,False,,,,0.015151515151515152,,,7.162998624484182,,False,,,,0.0,,,0.0,,,5.0140990371389265,supply_only,no_cafe_sales_rows,,174.0,,incomplete_stay_evidence,29.856870229007637,2025q4_official_stores_sales__2026_09_poi_diagnostic_only
3110035,동묘앞역 2번,골목상권,0.994011976047904,0.0957061763834788,0.0,0.0,37.02290076335878,27.417302798982192,28.37150127226463,40.90330788804072,11.863117870722434,87.91348600508906,34.72949380315212,0,3,118,5.0,0.0,0.0,5.0,True,,accessible_official_786,named_subarea_candidate,1282850121.0,True,65747172.0,20002592.0,14510942.0,0.0423728813559322,0.05125086003714069,0.5249432477491199,36.829436038514444,37.00529474509225,False,,,,0.0,,,0.0,,,25.78060522696011,insufficient,partial_or_unusable_sales,,,,incomplete_stay_evidence,34.72949380315212,2025q4_official_stores_sales__2026_09_poi_diagnostic_only
3110037,신설동역 12번,골목상권,0.994011976047904,0.0551897450961715,0.0,0.0,37.02290076335878,27.417302798982192,42.87531806615776,40.90330788804072,62.7027027027027,87.91348600508906,47.07298328863214,1,0,98,4.0,0.0,0.0,4.0,True,,accessible_official_786,named_subarea_candidate,838021586.0,True,4136381.0,2874658.0,762330.0,0.04081632653061224,0.004935888369825356,0.8792681331821223,45.32668500687758,40.29196812875867,False,,,,0.0,,,0.0,,,31.728679504814306,insufficient,partial_or_unusable_sales,,,,incomplete_stay_evidence,47.07298328863214,2025q4_official_stores_sales__2026_09_poi_diagnostic_only
3110181,신설동역 9번,골목상권,0.994011976047904,0.1416400257823609,0.0,1.0,37.02290076335878,60.68702290076335,11.068702290076336,40.90330788804072,2.2433460076045626,87.91348600508906,35.20057759846747,0,1,171,3.0,0.0,1.0,3.0,True,,accessible_official_786,named_subarea_candidate,734584593.0,False,,,,0.017543859649122806,,,7.582530949105914,,False,,,,0.0,,,0.0,,,5.3077716643741395,supply_only,no_cafe_sales_rows,,171.0,,incomplete_stay_evidence,35.20057759846747,2025q4_official_stores_sales__2026_09_poi_diagnostic_only
3110200,동대문경찰서,골목상권,0.994011976047904,0.0353300631972771,0.0,0.0,37.02290076335878,27.417302798982192,13.8676844783715,40.90330788804072,0.0,87.91348600508906,30.181297709923665,0,0,33,1.0,0.0,0.0,1.0,True,,accessible_official_786,named_subarea_candidate,654063608.0,False,,,,0.030303030303030304,,,17.15612104539202,,False,,,,0.0,,,0.0,,,12.009284731774413,supply_only,no_cafe_sales_rows,,145.0,,incomplete_stay_evidence,30.181297709923665,2025q4_official_stores_sales__2026_09_poi_diagnostic_only
3110184,용두사거리,골목상권,0.994011976047904,0.0243606419787138,0.0,0.0,37.02290076335878,27.417302798982192,47.83715012722647,40.90330788804072,0.0,87.91348600508906,35.27671755725191,0,0,42,2.0,0.0,0.0,2.0,True,,accessible_official_786,named_subarea_candidate,498808013.0,False,,,,0.047619047619047616,,,52.40715268225584,,False,,,,0.0,,,0.0,,,36.685006877579085,supply_only,no_cafe_sales_rows,,65.0,,incomplete_stay_evidence,35.27671755725191,2025q4_official_stores_sales__2026_09_poi_diagnostic_only
3110183,한국의류시험연구원,골목상권,0.994011976047904,0.0434081178254476,0.0,0.0,37.02290076335878,27.417302798982192,82.82442748091603,40.90330788804072,9.58174904942966,87.91348600508906,42.44115897019128,0,1,86,8.0,1.0,0.0,9.0,True,,accessible_official_786,named_subarea_candidate,418466450.0,True,17833631.0,3081963.0,5081562.0,0.09302325581395349,0.04261663270735324,0.4577601162657229,86.74690508940853,67.91001687108076,False,,,,0.011627906976744186,,,38.89925373134328,,,72.39260968198896,insufficient,partial_or_unusable_sales,,,,incomplete_stay_evidence,42.44115897019128,2025q4_official_stores_sales__2026_09_poi_diagnostic_only
3110217,자동차부품상가,골목상권,0.994011976047904,0.0566057280156147,0.0,0.0,37.02290076335878,27.417302798982192,9.923664122137405,40.90330788804072,0.0,87.91348600508906,29.589694656488547,0,0,421,1.0,0.0,0.0,1.0,True,,accessible_official_786,named_subarea_candidate,305330318.0,False,,,,0.0023752969121140144,,,1.891334250343879,,False,,,,0.0,,,0.0,,,1.3239339752407153,supply_only,no_cafe_sales_rows,,183.0,,incomplete_stay_evidence,29.589694656488547,2025q4_official_stores_sales__2026_09_poi_diagnostic_only
3110036,동묘앞역 3번,골목상권,0.994011976047904,0.0184168413733316,0.0,0.0,37.02290076335878,27.417302798982192,62.59541984732825,40.90330788804072,18.212927756653997,87.91348600508906,41.13304356659797,0,2,47,2.0,0.0,0.0,2.0,True,,accessible_official_786,named_subarea_candidate,171421877.0,False,,,,0.0425531914893617,,,57.2455295735901,,False,,,,0.0,,,0.0,,,40.07187070151306,supply_only,no_cafe_sales_rows,,55.0,,incomplete_stay_evidence,41.13304356659797,2025q4_official_stores_sales__2026_09_poi_diagnostic_only
3110185,용두초등학교,골목상권,0.994011976047904,0.0288250296487112,0.0,0.0,37.02290076335878,27.417302798982192,3.816793893129771,40.90330788804072,0.0,87.91348600508906,28.673664122137403,0,0,31,0.0,0.0,0.0,0.0,True,,accessible_official_786,named_subarea_candidate,254684604.0,False,,,,0.0,,,0.0,,False,,,,0.0,,,0.0,,,0.0,supply_only,no_cafe_sales_rows,,185.0,,incomplete_stay_evidence,28.673664122137403,2025q4_official_stores_sales__2026_09_poi_diagnostic_only
3130021,신설종합시장,전통시장,0.994011976047904,0.009792121275826,0.0,0.0,37.02290076335878,27.417302798982192,3.816793893129771,40.90330788804072,18.098859315589355,87.91348600508906,32.29343598525528,0,1,9,0.0,0.0,0.0,0.0,True,,accessible_official_786,named_subarea_candidate,,False,,,,0.0,,,0.0,,False,,,,0.0,,,0.0,,,0.0,supply_only,no_cafe_sales_rows,,185.0,,incomplete_stay_evidence,32.29343598525528,2025q4_official_stores_sales__2026_09_poi_diagnostic_only
3120037,동대문역사문화공원역,발달상권,0.9910179640718564,0.3703586806534191,0.0,2.0,37.02290076335878,57.50636132315522,60.30534351145038,89.05852417302799,8.23896139485493,85.36895674300254,47.86916632477252,1,3,2144,38.0,7.0,2.0,45.0,True,,accessible_official_786,named_subarea_candidate,91892947787.0,True,2349284761.0,782315813.0,642420426.0,0.017723880597014924,0.02556545216555074,0.6064553189344082,45.21320495185695,52.573312020696285,True,819460002.0,248565519.0,189532055.0,0.0032649253731343282,0.00891755049472826,0.5346173979581251,19.197761194029848,33.63580125687352,46.89205879154945,37.40857182450882,complete,both_cafe_industries_sales_observed,150.0,,,incomplete_stay_evidence,47.86916632477252,2025q4_official_stores_sales__2026_09_poi_diagnostic_only
3120068,사가정역,발달상권,0.9910179640718564,0.0356845193240033,1.0,1.0,93.51145038167938,85.24173027989822,93.38422391857506,98.6005089058524,0.0,85.36895674300254,73.2442748091603,0,0,217,10.0,1.0,1.0,11.0,True,,accessible_official_786,named_subarea_candidate,20763605710.0,True,596079419.0,158905914.0,161001885.0,0.04608294930875576,0.02870789531092478,0.5366865367314418,82.61348005502063,74.76808482142552,True,947381084.0,187495950.0,224866644.0,0.004608294930875576,0.045627002228410166,0.43526580904374484,31.823694029850746,43.95421739984289,65.52392459495073,67.37654424746967,complete,both_cafe_industries_sales_observed,74.0,,,incomplete_stay_evidence,73.2442748091603,2025q4_official_stores_sales__2026_09_poi_diagnostic_only
3130327,"평화시장(남평화시장, 제일평화시장, 신평화패션타운)",전통시장,0.9910179640718564,0.0361856336225233,0.0,0.0,37.02290076335878,27.417302798982192,72.64631043256998,40.90330788804072,0.0,85.36895674300254,38.74363867684478,0,0,2576,5.0,0.0,0.0,5.0,True,,accessible_official_786,named_subarea_candidate,20285980909.0,False,,,,0.0019409937888198758,,,47.6203576341128,,False,,,,0.0,,,0.0,,,33.334250343878956,supply_only,no_cafe_sales_rows,,76.0,,incomplete_stay_evidence,38.74363867684478,2025q4_official_stores_sales__2026_09_poi_diagnostic_only
3130112,사가정시장,전통시장,0.9910179640718564,0.0590683087295724,0.0,0.0,37.02290076335878,27.417302798982192,59.4147582697201,40.90330788804072,0.0,85.36895674300254,36.7589058524173,0,0,292,6.0,4.0,0.0,10.0,True,,accessible_official_786,named_subarea_candidate,16001250901.0,True,45674225.0,7729393.0,13197014.0,0.02054794520547945,0.0028544159005184765,0.45816665745286317,46.079779917469054,37.08396318018164,True,72307516.0,17694456.0,17976003.0,0.0136986301369863,0.004518866459089216,0.4933160613621411,75.74160447761194,61.80201787117046,44.49937958747829,54.97832728551192,complete,both_cafe_industries_sales_observed,161.0,,,incomplete_stay_evidence,36.7589058524173,2025q4_official_stores_sales__2026_09_poi_diagnostic_only
3130110,면목골목시장(면목시장),전통시장,0.9910179640718564,0.0600069250299442,1.0,0.0,88.67684478371501,27.417302798982192,16.28498727735369,40.90330788804072,0.0,85.36895674300254,45.78562340966921,0,0,250,2.0,4.0,0.0,6.0,True,,accessible_official_786,named_subarea_candidate,13610812648.0,True,143385376.0,39167952.0,40411262.0,0.008,0.010534666790896525,0.555002303721685,7.372764786795048,16.223280109822603,True,31675685.0,10713713.0,8249908.0,0.016,0.0023272442152566467,0.5986806915146429,78.30690298507463,63.99246366849961,30.554035177425703,28.65300624627892,complete,both_cafe_industries_sales_observed,208.0,,,incomplete_stay_evidence,45.78562340966921,2025q4_official_stores_sales__2026_09_poi_diagnostic_only
3110220,외대앞역 1번,골목상권,0.9910179640718564,0.0985497248085467,2.0,5.0,90.83969465648856,92.6208651399491,47.32824427480916,91.34860050890585,0.0,85.36895674300254,65.91603053435114,0,0,333,8.0,3.0,5.0,11.0,True,,accessible_official_786,named_subarea_candidate,13487506131.0,True,1539104250.0,406623233.0,318047395.0,0.024024024024024024,0.1141133308894286,0.470839209234852,38.232462173314985,47.013667386198776,False,,,,0.009009009009009009,,,42.30410447761194,,,39.45395486460407,insufficient,partial_or_unusable_sales,,,,incomplete_stay_evidence,65.91603053435114,2025q4_official_stores_sales__2026_09_poi_diagnostic_only
3110259,사가정역 1번,골목상권,0.9910179640718564,0.0862321141327754,0.0,0.0,37.02290076335878,27.417302798982192,61.19592875318066,40.90330788804072,0.0,85.36895674300254,37.02608142493639,0,0,220,9.0,3.0,0.0,12.0,True,,accessible_official_786,named_subarea_candidate,6925825838.0,True,15240294.0,9811813.0,4036447.0,0.04090909090909091,0.002200502056575105,0.9086609484042761,59.03713892709766,50.46211249983771,False,,,,0.013636363636363636,,,55.139925373134325,,,57.86797486090865,insufficient,partial_or_unusable_sales,,,,incomplete_stay_evidence,37.02608142493639,2025q4_official_stores_sales__2026_09_poi_diagnostic_only
3110254,오거리공원,골목상권,0.9910179640718564,0.1654879295624417,0.0,0.0,37.02290076335878,27.417302798982192,14.631043256997456,40.90330788804072,0.0,85.36895674300254,30.041348600508904,0,0,312,5.0,3.0,0.0,8.0,True,,accessible_official_786,named_subarea_candidate,5594576179.0,True,141160539.0,41203435.0,44122647.0,0.016025641025641024,0.02523167698205008,0.6044612935347321,9.484181568088033,20.894689641129084,False,,,,0.009615384615384616,,,29.412313432835823,,,15.46262112751237,insufficient,partial_or_unusable_sales,,,,incomplete_stay_evidence,30.041348600508904,2025q4_official_stores_sales__2026_09_poi_diagnostic_only
3130054,황학동주방가구거리상점가,전통시장,0.9910179640718564,0.0728288823367212,1.0,1.0,85.87786259541986,72.90076335877863,20.610687022900763,40.90330788804072,14.03041825095057,85.36895674300254,55.22338644917231,0,3,199,3.0,1.0,1.0,4.0,True,,accessible_official_786,named_subarea_candidate,3706649567.0,False,,,,0.01507537688442211,,,13.349381017881706,,False,,,,0.005025125628140704,,,13.129664179104479,,,13.283465966248539,supply_only,no_cafe_sales_rows,,141.0,,incomplete_stay_evidence,55.22338644917231,2025q4_official_stores_sales__2026_09_poi_diagnostic_only
3110188,용두동신동아아파트,골목상권,0.9910179640718564,0.1524014500740438,0.0,0.0,37.02290076335878,27.417302798982192,15.903307888040713,40.90330788804072,0.0,85.36895674300254,30.232188295165397,0,0,196,5.0,0.0,0.0,5.0,True,,accessible_official_786,named_subarea_candidate,5942085408.0,True,31152176.0,12569482.0,6916291.0,0.025510204081632654,0.005242633496660773,0.6255027899174683,15.361072902338378,18.40975550257576,False,,,,0.0,,,0.0,,,10.752751031636864,insufficient,partial_or_unusable_sales,,,,incomplete_stay_evidence,30.232188295165397,2025q4_official_stores_sales__2026_09_poi_diagnostic_only
3110210,서울시립대,골목상권,0.9910179640718564,0.1108858612695521,1.0,2.0,80.78880407124683,79.00763358778626,53.43511450381679,40.90330788804072,0.0,85.36895674300254,56.73027989821883,0,0,138,10.0,2.0,2.0,12.0,True,,accessible_official_786,named_subarea_candidate,3044826123.0,True,320283960.0,128048478.0,67406427.0,0.07246376811594203,0.1051895730861739,0.6102550530473021,63.79298486932599,64.39296819640698,False,,,,0.014492753623188406,,,37.821828358208954,,,56.00163791599088,insufficient,partial_or_unusable_sales,,,,incomplete_stay_evidence,56.73027989821883,2025q4_official_stores_sales__2026_09_poi_diagnostic_only
3110261,사가정역 4번,골목상권,0.9910179640718564,0.1094184543333116,0.0,1.0,37.02290076335878,64.3765903307888,37.15012722646311,40.90330788804072,0.0,85.36895674300254,38.96310432569975,0,0,148,7.0,2.0,1.0,9.0,True,,accessible_official_786,named_subarea_candidate,1563860762.0,True,123708387.0,30964461.0,33413060.0,0.0472972972972973,0.07910447656592588,0.5203973842129233,45.04470426409904,45.387601976424214,False,,,,0.013513513513513514,,,36.59048507462687,,,42.50843850725738,insufficient,partial_or_unusable_sales,,,,incomplete_stay_evidence,38.96310432569975,2025q4_official_stores_sales__2026_09_poi_diagnostic_only
3110190,고대앞사거리,골목상권,0.9910179640718564,0.1013390382282828,0.0,0.0,37.02290076335878,27.417302798982192,52.41730279898219,40.90330788804072,0.0,85.36895674300254,35.70928753180661,0,0,84,9.0,1.0,0.0,10.0,True,,accessible_official_786,named_subarea_candidate,1590018015.0,False,,,,0.10714285714285714,,,66.59215955983494,,False,,,,0.011904761904761904,,,20.732276119402982,,,52.83419452770535,supply_only,no_cafe_sales_rows,,21.0,,incomplete_stay_evidence,35.70928753180661,2025q4_official_stores_sales__2026_09_poi_diagnostic_only
3110266,면목동우체국,골목상권,0.9910179640718564,0.1139593166580966,0.0,0.0,37.02290076335878,27.417302798982192,17.048346055979643,40.90330788804072,3.612167300380228,85.36895674300254,31.12637748043228,0,1,163,4.0,2.0,0.0,6.0,True,,accessible_official_786,named_subarea_candidate,1468005954.0,True,74587546.0,23369511.0,20399319.0,0.024539877300613498,0.05080874896778518,0.5868115033574104,15.323246217331498,23.75364443360249,False,,,,0.012269938650306749,,,32.92910447761194,,,20.605003695415633,insufficient,partial_or_unusable_sales,,,,incomplete_stay_evidence,31.12637748043228,2025q4_official_stores_sales__2026_09_poi_diagnostic_only
3130050,청평화시장,전통시장,0.9910179640718564,0.014428724535415,0.0,0.0,37.02290076335878,27.417302798982192,41.221374045801525,40.90330788804072,16.99619771863118,85.36895674300254,37.42913776255576,0,1,2483,1.0,0.0,0.0,1.0,True,,accessible_official_786,named_subarea_candidate,931972995.0,False,,,,0.0004027386226339106,,,15.158184319119668,,False,,,,0.0,,,0.0,,,10.610729023383767,supply_only,no_cafe_sales_rows,,155.0,,incomplete_stay_evidence,37.42913776255576,2025q4_official_stores_sales__2026_09_poi_diagnostic_only
3110106,금북초등학교,골목상권,0.9910179640718564,0.0213500891145584,0.0,0.0,37.02290076335878,27.417302798982192,24.93638676844784,40.90330788804072,18.85931558935361,85.36895674300254,35.35901324509719,0,3,34,1.0,2.0,0.0,3.0,True,,accessible_official_786,named_subarea_candidate,944811397.0,False,,,,0.029411764705882353,,,24.04401650618982,,False,,,,0.058823529411764705,,,95.76958955223881,,,45.561688420004515,supply_only,no_cafe_sales_rows,,38.0,,incomplete_stay_evidence,35.35901324509719,2025q4_official_stores_sales__2026_09_poi_diagnostic_only
3110117,성동구보건소,골목상권,0.9910179640718564,0.0496976196374309,0.0,0.0,37.02290076335878,27.417302798982192,10.814249363867685,40.90330788804072,8.44106463878327,85.36895674300254,31.157042444296096,0,1,88,1.0,0.0,0.0,1.0,True,,accessible_official_786,named_subarea_candidate,622628275.0,False,,,,0.011363636363636364,,,4.53920220082531,,False,,,,0.0,,,0.0,,,3.1774415405777168,supply_only,no_cafe_sales_rows,,178.0,,incomplete_stay_evidence,31.157042444296096,2025q4_official_stores_sales__2026_09_poi_diagnostic_only
3110207,시립대앞사거리,골목상권,0.9910179640718564,0.0293050178236987,0.0,1.0,37.02290076335878,87.65903307888041,60.05089058524173,40.90330788804072,0.0,85.36895674300254,45.890585241730285,0,0,69,3.0,0.0,1.0,3.0,True,,accessible_official_786,named_subarea_candidate,719527046.0,True,124728758.0,47800835.0,28498599.0,0.043478260869565216,0.17334825520929759,0.6117228714808497,59.54951856946356,58.91350055451123,False,,,,0.0,,,0.0,,,41.68466299862449,insufficient,partial_or_unusable_sales,,,,incomplete_stay_evidence,45.890585241730285,2025q4_official_stores_sales__2026_09_poi_diagnostic_only
3110215,회기역 1번,골목상권,0.9910179640718564,0.0514387853945348,1.0,2.0,89.94910941475827,88.93129770992367,46.18320610687023,40.90330788804072,0.0,85.36895674300254,59.87913486005089,0,0,64,4.0,0.0,2.0,4.0,True,,accessible_official_786,named_subarea_candidate,633724749.0,True,53966073.0,13896220.0,13130428.0,0.0625,0.08515695983967324,0.5008081280992968,56.49243466299862,50.91882249559431,False,,,,0.0,,,0.0,,,39.54470426409903,insufficient,partial_or_unusable_sales,,,,incomplete_stay_evidence,59.87913486005089,2025q4_official_stores_sales__2026_09_poi_diagnostic_only
3110108,성동구립금호도서관,골목상권,0.9910179640718564,0.0117689041751077,0.0,0.0,37.02290076335878,27.417302798982192,3.816793893129771,40.90330788804072,97.68403384372968,85.36895674300254,47.956017964674686,1,2,24,0.0,0.0,0.0,0.0,True,,accessible_official_786,named_subarea_candidate,431465024.0,False,,,,0.0,,,0.0,,False,,,,0.0,,,0.0,,,0.0,supply_only,no_cafe_sales_rows,,185.0,,incomplete_stay_evidence,47.956017964674686,2025q4_official_stores_sales__2026_09_poi_diagnostic_only
3110116,청계천박물관,골목상권,0.9910179640718564,0.0980083077263874,0.0,0.0,37.02290076335878,27.417302798982192,8.142493638676845,40.90330788804072,0.0,85.36895674300254,29.06806615776081,0,0,224,1.0,0.0,0.0,1.0,True,,accessible_official_786,named_subarea_candidate,231440886.0,False,,,,0.004464285714285714,,,0.9284731774415405,,False,,,,0.0,,,0.0,,,0.6499312242090782,supply_only,no_cafe_sales_rows,,184.0,,incomplete_stay_evidence,29.06806615776081,2025q4_official_stores_sales__2026_09_poi_diagnostic_only
3130038,"평화시장(통일상가, 동화상가)",전통시장,0.9910179640718564,0.1335097899513563,0.0,0.0,37.02290076335878,27.417302798982192,84.47837150127226,88.04071246819338,6.692015209125476,85.36895674300254,46.57059133699049,0,2,2127,26.0,5.0,0.0,31.0,True,,accessible_official_786,named_subarea_candidate,,False,,,,0.012223789374706159,,,58.363136176066035,,False,,,,0.0023507287259050304,,,38.843283582089555,,,52.507180397873086,supply_only,no_cafe_sales_rows,,23.0,,incomplete_stay_evidence,46.57059133699049,2025q4_official_stores_sales__2026_09_poi_diagnostic_only
3130019,동대문상가D동,전통시장,0.9910179640718564,0.0084879798893274,0.0,0.0,37.02290076335878,27.417302798982192,3.816793893129771,40.90330788804072,18.326996197718632,85.36895674300254,32.084610435472484,0,1,56,0.0,0.0,0.0,0.0,True,,accessible_official_786,named_subarea_candidate,,False,,,,0.0,,,0.0,,False,,,,0.0,,,0.0,,,0.0,supply_only,no_cafe_sales_rows,,185.0,,incomplete_stay_evidence,32.084610435472484,2025q4_official_stores_sales__2026_09_poi_diagnostic_only
3120067,장안동사거리,발달상권,0.9880239520958084,0.2194195724861226,4.0,9.0,89.18575063613231,89.82188295165395,51.27226463104325,84.7328244274809,0.0,82.44274809160305,64.63740458015268,0,0,987,19.0,4.0,9.0,23.0,True,,accessible_official_786,named_subarea_candidate,64603647526.0,True,994807796.0,318528819.0,257005417.0,0.019250253292806486,0.015398632029246268,0.5785381239613848,38.603851444291614,44.39981970698028,True,545568673.0,124397716.0,142348793.0,0.004052684903748734,0.008444858671183135,0.4889329651814521,19.598880597014926,31.087637470542028,40.406165036048804,32.90236019010861,complete,both_cafe_industries_sales_observed,183.0,,,incomplete_stay_evidence,64.63740458015268,2025q4_official_stores_sales__2026_09_poi_diagnostic_only
3120039,신당역,발달상권,0.9880239520958084,0.1988254682002035,0.0,1.0,37.02290076335878,57.12468193384224,78.2442748091603,91.0941475826972,10.228136882129276,82.44274809160305,50.81153068431389,0,5,2716,32.0,3.0,1.0,35.0,True,,accessible_official_786,named_subarea_candidate,45337378868.0,True,576091435.0,172942895.0,91848112.0,0.011782032400589101,0.012706765353094033,0.4596336465234898,54.085281980742785,51.933294008477226,True,290969952.0,58679844.0,58075450.0,0.0011045655375552283,0.006417882093430245,0.40126237502352136,12.201492537313433,19.988413197172036,42.349829765085666,41.520145147713976,complete,both_cafe_industries_sales_observed,168.0,,,incomplete_stay_evidence,50.81153068431389,2025q4_official_stores_sales__2026_09_poi_diagnostic_only
3130052,서울중앙시장(신중앙시장),전통시장,0.9880239520958084,0.0699493456019377,0.0,0.0,37.02290076335878,27.417302798982192,58.396946564885496,40.90330788804072,11.026615969581751,82.44274809160305,38.51893642546851,0,2,473,7.0,0.0,0.0,7.0,True,,accessible_official_786,named_subarea_candidate,34958851031.0,True,32863251.0,9090406.0,7287924.0,0.014799154334038054,0.0009400552372518848,0.4983782645241032,42.79917469050895,33.81980479701746,False,,,,0.0,,,0.0,,,29.95942228335626,insufficient,partial_or_unusable_sales,,,,incomplete_stay_evidence,38.51893642546851,2025q4_official_stores_sales__2026_09_poi_diagnostic_only
3120049,왕십리역(왕십리),발달상권,0.9880239520958084,0.1935775786423285,3.0,1.0,87.65903307888041,57.25190839694656,74.30025445292621,95.92875318066156,22.466687219538933,82.44274809160305,68.36102192227928,1,2,643,28.0,8.0,1.0,36.0,True,,accessible_official_786,named_subarea_candidate,22495016285.0,True,551960710.0,144573504.0,141198246.0,0.04354587869362364,0.024537022023320577,0.5177392970597491,68.38376891334251,63.85212060396966,True,78575090.0,21845342.0,18681975.0,0.012441679626749611,0.0034929999162701206,0.5157781811003971,59.15111940298508,50.71499410840534,59.91098265530036,65.61397406023528,complete,both_cafe_industries_sales_observed,101.0,,,incomplete_stay_evidence,68.36102192227928,2025q4_official_stores_sales__2026_09_poi_diagnostic_only
3130053,백학시장,전통시장,0.9880239520958084,0.0421803698751961,0.0,0.0,37.02290076335878,27.417302798982192,25.44529262086514,40.90330788804072,18.403041825095052,82.44274809160305,35.05147350496812,0,5,218,2.0,3.0,0.0,5.0,True,,accessible_official_786,named_subarea_candidate,15831246718.0,False,,,,0.009174311926605505,,,14.099037138927098,,True,254261774.0,56762963.0,52946111.0,0.013761467889908258,0.016060754944265156,0.4314808013571084,77.11753731343283,68.02832875098193,,33.004587191278816,insufficient,partial_or_unusable_sales,,,,incomplete_stay_evidence,35.05147350496812,2025q4_official_stores_sales__2026_09_poi_diagnostic_only
3120016,동대문역,발달상권,0.9880239520958084,0.0587433646189142,0.0,0.0,37.02290076335878,27.417302798982192,66.41221374045801,40.90330788804072,12.471482889733842,82.44274809160305,40.01019988583481,0,2,282,7.0,1.0,0.0,8.0,True,,accessible_official_786,named_subarea_candidate,8510085172.0,True,126724898.0,37108297.0,38579935.0,0.024822695035460994,0.014891143324505378,0.5972640988040093,52.49656121045392,49.06654466053185,False,,,,0.0035460992907801418,,,16.436567164179106,,,41.67856299657147,insufficient,partial_or_unusable_sales,,,,incomplete_stay_evidence,40.01019988583481,2025q4_official_stores_sales__2026_09_poi_diagnostic_only
3110158,중곡3동주민센터,골목상권,0.9880239520958084,0.1666707615233718,0.0,2.0,37.02290076335878,70.22900763358778,17.557251908396946,40.90330788804072,24.77408967903265,82.44274809160305,41.56423269407625,1,1,267,6.0,2.0,2.0,8.0,True,,accessible_official_786,named_subarea_candidate,5083865081.0,True,86153338.0,26765711.0,19577402.0,0.02247191011235955,0.016946424939950133,0.537914305769557,14.621733149931224,19.98764738279587,False,,,,0.00749063670411985,,,15.307835820895523,,,14.827563951220512,insufficient,partial_or_unusable_sales,,,,incomplete_stay_evidence,41.56423269407625,2025q4_official_stores_sales__2026_09_poi_diagnostic_only
3110056,신당역 3번,골목상권,0.9880239520958084,0.1295093803868188,0.0,0.0,37.02290076335878,27.417302798982192,54.32569974554708,40.90330788804072,77.44356523824204,82.44274809160305,51.19163925629981,3,3,268,12.0,1.0,0.0,13.0,True,,accessible_official_786,named_subarea_candidate,5090267089.0,True,115887838.0,28658323.0,37153787.0,0.04477611940298507,0.02276655349783749,0.567894881255788,55.037826685006884,50.84401469540149,False,,,,0.0037313432835820895,,,5.0559701492537314,,,40.04326972428094,insufficient,partial_or_unusable_sales,,,,incomplete_stay_evidence,51.19163925629981,2025q4_official_stores_sales__2026_09_poi_diagnostic_only
3130055,"황학시장(서울중앙시장, 신중앙시장)",전통시장,0.9880239520958084,0.0396792500789066,0.0,0.0,37.02290076335878,27.417302798982192,45.41984732824427,40.90330788804072,85.8017332922276,82.44274809160305,51.5273950045015,1,2,178,3.0,3.0,0.0,6.0,True,,accessible_official_786,named_subarea_candidate,3968171079.0,True,58040428.0,18598324.0,13974439.0,0.016853932584269662,0.014626493375539265,0.5612081806150706,33.42503438789546,32.319257802276944,False,,,,0.016853932584269662,,,82.48134328358209,,,48.141927056601446,insufficient,partial_or_unusable_sales,,,,incomplete_stay_evidence,51.5273950045015,2025q4_official_stores_sales__2026_09_poi_diagnostic_only
3110112,행당역 2번,골목상권,0.9880239520958084,0.0685392407341243,1.0,2.0,86.64122137404581,86.1323155216285,32.82442748091603,40.90330788804072,6.463878326996198,82.44274809160305,57.46325912595904,0,1,111,4.0,1.0,2.0,5.0,True,,accessible_official_786,named_subarea_candidate,4099614476.0,True,73950618.0,34017761.0,20212674.0,0.036036036036036036,0.018038432255745602,0.733333087223152,36.3273727647868,39.731495758997056,False,,,,0.009009009009009009,,,22.416044776119406,,,32.15397436818658,insufficient,partial_or_unusable_sales,,,,incomplete_stay_evidence,57.46325912595904,2025q4_official_stores_sales__2026_09_poi_diagnostic_only
3110161,중곡역 3번,골목상권,0.9880239520958084,0.141791898842042,0.0,1.0,37.02290076335878,60.55979643765903,26.208651399491096,40.90330788804072,37.22673243585791,82.44274809160305,43.9020894897161,1,2,276,7.0,5.0,1.0,12.0,True,,accessible_official_786,named_subarea_candidate,4027061420.0,True,102689349.0,34881040.0,59969933.0,0.025362318840579712,0.025499821902393534,0.9236690457546868,22.434662998624482,33.09042902700534,True,644096853.0,196387071.0,187844353.0,0.018115942028985508,0.15994214784039723,0.5965429301670567,60.9794776119403,67.71852906520031,43.47885903846383,33.998107382619224,complete,both_cafe_industries_sales_observed,164.0,,,incomplete_stay_evidence,43.9020894897161,2025q4_official_stores_sales__2026_09_poi_diagnostic_only
3130051,동화동 골목형상점가,전통시장,0.9880239520958084,0.0601605655295025,1.0,1.0,88.54961832061069,76.97201017811705,65.39440203562341,40.90330788804072,17.452471482889734,82.44274809160305,63.74494722278661,0,5,231,7.0,3.0,1.0,10.0,True,,accessible_official_786,named_subarea_candidate,2511552904.0,True,67853125.0,18242988.0,18235787.0,0.030303030303030304,0.027016402836641182,0.5376137797632755,55.512379642365886,49.020116320942755,False,,,,0.012987012987012988,,,65.42444029850746,,,58.48599783920835,insufficient,partial_or_unusable_sales,,,,incomplete_stay_evidence,63.74494722278661,2025q4_official_stores_sales__2026_09_poi_diagnostic_only
3110053,청구역 1번,골목상권,0.9880239520958084,0.0854851663367102,0.0,0.0,37.02290076335878,27.417302798982192,42.23918575063613,40.90330788804072,66.79169663960539,82.44274809160305,47.24828843733583,1,3,170,6.0,3.0,0.0,9.0,True,,accessible_official_786,named_subarea_candidate,4017512649.0,False,,,,0.03529411764705882,,,42.35213204951857,,True,102843487.0,22968435.0,23624070.0,0.01764705882352941,0.025598796067412208,0.4530428358579479,60.21455223880597,54.12387077769049,,47.71085810630479,insufficient,partial_or_unusable_sales,,,,incomplete_stay_evidence,47.24828843733583,2025q4_official_stores_sales__2026_09_poi_diagnostic_only
3130020,동묘시장(동묘벼룩시장),전통시장,0.9880239520958084,0.0311898393773041,0.0,0.0,37.02290076335878,27.417302798982192,37.40458015267176,40.90330788804072,12.091254752851713,82.44274809160305,35.58300922029045,0,1,142,2.0,0.0,0.0,2.0,True,,accessible_official_786,named_subarea_candidate,4148520475.0,False,,,,0.014084507042253521,,,26.664374140302616,,False,,,,0.0,,,0.0,,,18.66506189821183,supply_only,no_cafe_sales_rows,,123.0,,incomplete_stay_evidence,35.58300922029045,2025q4_official_stores_sales__2026_09_poi_diagnostic_only
3110114,왕십리파출소,골목상권,0.9880239520958084,0.027037049861497,1.0,1.0,95.92875318066156,88.54961832061069,44.14758269720102,40.90330788804072,0.0,82.44274809160305,61.01781170483461,0,0,50,2.0,0.0,1.0,2.0,True,,accessible_official_786,named_subarea_candidate,7349146179.0,False,,,,0.04,,,45.6980742778542,,False,,,,0.0,,,0.0,,,31.988651994497936,supply_only,no_cafe_sales_rows,,80.0,,incomplete_stay_evidence,61.01781170483461,2025q4_official_stores_sales__2026_09_poi_diagnostic_only
3110253,중곡초등학교,골목상권,0.9880239520958084,0.0864370227763887,0.0,0.0,37.02290076335878,27.417302798982192,32.31552162849873,40.90330788804072,5.133079847908745,82.44274809160305,33.428015460675894,0,1,174,5.0,1.0,0.0,6.0,True,,accessible_official_786,named_subarea_candidate,2668205750.0,False,,,,0.028735632183908046,,,31.348005502063273,,False,,,,0.005747126436781609,,,11.044776119402984,,,25.257036687265185,supply_only,no_cafe_sales_rows,,100.0,,incomplete_stay_evidence,33.428015460675894,2025q4_official_stores_sales__2026_09_poi_diagnostic_only
3130098,회기시장,전통시장,0.9880239520958084,0.0321870102270408,2.0,1.0,98.72773536895674,86.76844783715013,94.65648854961832,98.72773536895674,0.0,82.44274809160305,74.94910941475827,0,0,141,10.0,4.0,1.0,14.0,True,,accessible_official_786,named_subarea_candidate,2683331287.0,True,112483216.0,37854299.0,31802947.0,0.07092198581560284,0.04191924289965617,0.6192679092674591,91.45804676753784,79.23183492306883,False,,,,0.028368794326241134,,,95.69029850746269,,,92.7277222895153,insufficient,partial_or_unusable_sales,,,,incomplete_stay_evidence,74.94910941475827,2025q4_official_stores_sales__2026_09_poi_diagnostic_only
3110248,먹골파출소,골목상권,0.9880239520958084,0.0376145896753708,0.0,1.0,37.02290076335878,84.22391857506362,29.262086513994912,40.90330788804072,0.0,82.44274809160305,40.46437659033079,0,0,44,2.0,1.0,1.0,3.0,True,,accessible_official_786,named_subarea_candidate,2243941184.0,False,,,,0.045454545454545456,,,39.06808803301237,,False,,,,0.022727272727272728,,,55.23320895522388,,,43.91762430967582,supply_only,no_cafe_sales_rows,,46.0,,incomplete_stay_evidence,40.46437659033079,2025q4_official_stores_sales__2026_09_poi_diagnostic_only
3130049,신당 미래유산 먹거리 골목형상점가,전통시장,0.9880239520958084,0.0101885456738884,0.0,0.0,37.02290076335878,27.417302798982192,3.816793893129771,40.90330788804072,98.97509676977356,82.44274809160305,47.92160968474352,1,3,51,0.0,1.0,0.0,1.0,True,,accessible_official_786,named_subarea_candidate,2374089645.0,False,,,,0.0,,,0.0,,False,,,,0.0196078431372549,,,75.28917910447761,,,22.586753731343283,supply_only,no_cafe_sales_rows,,111.0,,incomplete_stay_evidence,47.92160968474352,2025q4_official_stores_sales__2026_09_poi_diagnostic_only
3110051,한양공고앞 교차로,골목상권,0.9880239520958084,0.0448588178291834,0.0,0.0,37.02290076335878,27.417302798982192,39.69465648854962,40.90330788804072,16.806083650190114,82.44274809160305,36.8694864501398,0,3,70,3.0,1.0,0.0,4.0,True,,accessible_official_786,named_subarea_candidate,2128904259.0,False,,,,0.04285714285714286,,,44.36038514442916,,False,,,,0.014285714285714285,,,43.843283582089555,,,44.205254675727275,supply_only,no_cafe_sales_rows,,45.0,,incomplete_stay_evidence,36.8694864501398,2025q4_official_stores_sales__2026_09_poi_diagnostic_only
3110182,용두희망어린이공원,골목상권,0.9880239520958084,0.059073173023431,0.0,0.0,37.02290076335878,27.417302798982192,27.353689567430024,40.90330788804072,7.4524714828897345,82.44274809160305,33.14761897851179,0,1,101,3.0,2.0,0.0,5.0,True,,accessible_official_786,named_subarea_candidate,783906498.0,False,,,,0.0297029702970297,,,28.90990371389271,,False,,,,0.019801980198019802,,,61.12406716417911,,,38.57415274897863,supply_only,no_cafe_sales_rows,,59.0,,incomplete_stay_evidence,33.14761897851179,2025q4_official_stores_sales__2026_09_poi_diagnostic_only
3110309,대광초등학교,골목상권,0.9880239520958084,0.0726227201352281,0.0,0.0,37.02290076335878,27.417302798982192,48.72773536895674,40.90330788804072,6.083650190114069,82.44274809160305,36.07996159018566,0,1,91,6.0,2.0,0.0,8.0,True,,accessible_official_786,named_subarea_candidate,817385661.0,True,68104222.0,24236014.0,22288665.0,0.06593406593406594,0.08331957024629039,0.6831394241608104,59.02682255845943,57.81492581576015,False,,,,0.02197802197802198,,,55.98880597014925,,,58.11541758196637,insufficient,partial_or_unusable_sales,,,,incomplete_stay_evidence,36.07996159018566,2025q4_official_stores_sales__2026_09_poi_diagnostic_only
3110213,청량초등학교,골목상권,0.9880239520958084,0.0354284410966298,1.0,0.0,93.63867684478372,27.417302798982192,85.24173027989822,40.90330788804072,0.0,82.44274809160305,57.32506361323156,0,0,40,7.0,0.0,0.0,7.0,True,,accessible_official_786,named_subarea_candidate,87765439.0,True,32198450.0,9740508.0,10599591.0,0.175,0.3668693550316543,0.631710501592468,90.72214580467676,77.83113544628415,False,,,,0.0,,,0.0,,,63.505502063273724,insufficient,partial_or_unusable_sales,,,,incomplete_stay_evidence,57.32506361323156,2025q4_official_stores_sales__2026_09_poi_diagnostic_only
3130035,방산종합시장(방산시장),전통시장,0.9850299401197604,0.0996520631933882,0.0,1.0,37.02290076335878,66.53944020356234,91.73027989821882,40.90330788804072,11.520912547528518,79.26208651399492,49.16805019398407,0,3,432,25.0,0.0,1.0,25.0,True,,accessible_official_786,named_subarea_candidate,42517691500.0,True,421270581.0,147516472.0,131187746.0,0.05787037037037037,0.00990812450389034,0.6615800641440946,86.30674002751032,77.7416926839368,False,,,,0.0,,,0.0,,,60.414718019257215,insufficient,partial_or_unusable_sales,,,,incomplete_stay_evidence,49.16805019398407,2025q4_official_stores_sales__2026_09_poi_diagnostic_only
3110137,성수초등학교,골목상권,0.9850299401197604,0.3307299607080388,0.0,0.0,37.02290076335878,27.417302798982192,67.68447837150127,82.56997455470739,6.806083650190115,79.26208651399492,42.916560241488405,0,5,640,41.0,6.0,0.0,47.0,True,,accessible_official_786,named_subarea_candidate,28715220165.0,True,1704441587.0,802609811.0,320418513.0,0.0640625,0.05935673058420376,0.6588834328882167,72.11829436038514,74.19140019037192,False,,,,0.009375,,,29.370335820895527,,,59.29390679853825,insufficient,partial_or_unusable_sales,,,,incomplete_stay_evidence,42.916560241488405,2025q4_official_stores_sales__2026_09_poi_diagnostic_only
3130018,동대문문구완구거리(동대문문구완구시장),전통시장,0.9850299401197604,0.038556638992328,0.0,0.0,37.02290076335878,27.417302798982192,60.94147582697202,40.90330788804072,10.418250950570345,79.26208651399492,38.46087665321839,0,1,152,4.0,1.0,0.0,5.0,True,,accessible_official_786,named_subarea_candidate,32726127811.0,True,2491377.0,1676239.0,268273.0,0.02631578947368421,7.612807156374275e-05,0.7804968898725484,50.264786795048146,42.07032343412933,False,,,,0.006578947368421052,,,32.29011194029851,,,44.872384338623256,insufficient,partial_or_unusable_sales,,,,incomplete_stay_evidence,38.46087665321839,2025q4_official_stores_sales__2026_09_poi_diagnostic_only
3120017,동묘앞역(동묘),발달상권,0.9850299401197604,0.0711442824066116,0.0,0.0,37.02290076335878,27.417302798982192,57.3791348600509,40.90330788804072,10.874524714828896,79.26208651399492,38.01778026103194,0,2,488,7.0,2.0,0.0,9.0,True,,accessible_official_786,named_subarea_candidate,24453331651.0,True,477153908.0,137789600.0,136917343.0,0.014344262295081968,0.019512838365339357,0.5757197801259547,40.09628610729024,44.448895555778776,True,253961921.0,47422448.0,70789649.0,0.004098360655737705,0.01038557545550708,0.4654717389698749,31.315298507462686,35.99965632364493,41.91412378613862,37.46198982734197,complete,both_cafe_industries_sales_observed,170.0,,,incomplete_stay_evidence,38.01778026103194,2025q4_official_stores_sales__2026_09_poi_diagnostic_only
3130046,team204(팀204),전통시장,0.9850299401197604,0.0042183685905987,0.0,0.0,37.02290076335878,27.417302798982192,89.69465648854961,40.90330788804072,0.0,79.26208651399492,40.69020356234097,0,0,119,1.0,0.0,0.0,1.0,True,,accessible_official_786,named_subarea_candidate,25361044620.0,True,57000000.0,6312221.0,10349731.0,0.008403361344537815,0.0022475414894798603,0.29231494736842106,16.38583218707015,16.488413380427495,False,,,,0.0,,,0.0,,,11.470082530949105,insufficient,partial_or_unusable_sales,,,,incomplete_stay_evidence,40.69020356234097,2025q4_official_stores_sales__2026_09_poi_diagnostic_only
3110136,경수초등학교,골목상권,0.9850299401197604,0.2604293531536957,0.0,1.0,37.02290076335878,55.597964376590326,82.95165394402035,40.90330788804072,2.775665399239544,79.26208651399492,44.4609854971507,0,2,529,48.0,14.0,1.0,62.0,True,,accessible_official_786,named_subarea_candidate,12550808002.0,True,338780582.0,111892506.0,106254056.0,0.09073724007561437,0.026992730822271726,0.6439169586171855,86.74002751031637,79.27149665414147,False,,,,0.026465028355387523,,,83.08768656716417,,,85.6443252273707,insufficient,partial_or_unusable_sales,,,,incomplete_stay_evidence,44.4609854971507,2025q4_official_stores_sales__2026_09_poi_diagnostic_only
3110052,장충초등학교,골목상권,0.9850299401197604,0.0688411659575551,0.0,0.0,37.02290076335878,27.417302798982192,22.646310432569976,40.90330788804072,76.77628198540746,79.26208651399492,45.98820805102551,1,4,165,3.0,1.0,0.0,4.0,True,,accessible_official_786,named_subarea_candidate,9239633133.0,False,,,,0.01818181818181818,,,16.007565337001374,,False,,,,0.006060606060606061,,,16.62313432835821,,,16.192236034408424,supply_only,no_cafe_sales_rows,,135.0,,incomplete_stay_evidence,45.98820805102551,2025q4_official_stores_sales__2026_09_poi_diagnostic_only
3130015,창신골목시장,전통시장,0.9850299401197604,0.024569814065431,0.0,1.0,37.02290076335878,89.69465648854961,67.17557251908397,40.90330788804072,0.0,79.26208651399492,46.65394402035624,0,0,138,3.0,1.0,1.0,4.0,True,,accessible_official_786,named_subarea_candidate,5731184346.0,True,48607483.0,12759612.0,14717194.0,0.021739130434782608,0.008481228323064659,0.5652793418659428,51.37207702888583,43.58695665246052,False,,,,0.007246376811594203,,,49.56623134328358,,,50.83032332320516,insufficient,partial_or_unusable_sales,,,,incomplete_stay_evidence,46.65394402035624,2025q4_official_stores_sales__2026_09_poi_diagnostic_only
3110054,청구역 3번,골목상권,0.9850299401197604,0.0691030147736126,2.0,2.0,94.0203562340967,85.87786259541986,59.28753180661578,40.90330788804072,17.224334600760457,79.26208651399492,65.44232239089001,0,5,209,7.0,0.0,2.0,7.0,True,,accessible_official_786,named_subarea_candidate,5037163535.0,True,238679024.0,76810871.0,79156091.0,0.03349282296650718,0.047383616263711396,0.65345902369703,53.693259972489685,56.548123510797424,False,,,,0.0,,,0.0,,,37.58528198074278,insufficient,partial_or_unusable_sales,,,,incomplete_stay_evidence,65.44232239089001,2025q4_official_stores_sales__2026_09_poi_diagnostic_only
3110049,장충단 고개,골목상권,0.9850299401197604,0.0706392592506431,1.0,2.0,86.38676844783714,85.49618320610686,76.84478371501272,40.90330788804072,16.007604562737644,79.26208651399492,65.48523592527017,0,4,152,11.0,3.0,2.0,14.0,True,,accessible_official_786,named_subarea_candidate,2715979218.0,True,47050012.0,16704388.0,11574331.0,0.07236842105263158,0.017323406485653014,0.60103531960842,80.44016506189821,66.02281996459055,False,,,,0.019736842105263157,,,69.39365671641792,,,77.12621255825412,insufficient,partial_or_unusable_sales,,,,incomplete_stay_evidence,65.48523592527017,2025q4_official_stores_sales__2026_09_poi_diagnostic_only
3110048,장충동주민센터,골목상권,0.9850299401197604,0.1355043246488274,0.0,0.0,37.02290076335878,27.417302798982192,14.376590330788805,87.65903307888041,13.11787072243346,79.26208651399492,36.69164030224751,0,5,123,4.0,1.0,0.0,5.0,True,,accessible_official_786,named_subarea_candidate,8570987251.0,True,10556433.0,5919088.0,3442925.0,0.032520325203252036,0.0012316472642948282,0.8868538264771822,18.86176066024759,21.68472774284892,False,,,,0.008130081300813009,,,12.611940298507463,,,16.98681455172555,insufficient,partial_or_unusable_sales,,,,incomplete_stay_evidence,36.69164030224751,2025q4_official_stores_sales__2026_09_poi_diagnostic_only
3130104,전곡시장,전통시장,0.9850299401197604,0.0264276808055001,0.0,0.0,37.02290076335878,27.417302798982192,18.70229007633588,40.90330788804072,13.346007604562738,79.26208651399492,32.710550121421456,0,1,71,1.0,1.0,0.0,2.0,True,,accessible_official_786,named_subarea_candidate,4206029043.0,False,,,,0.014084507042253521,,,11.286107290233838,,False,,,,0.014084507042253521,,,59.88805970149254,,,25.866693013611446,supply_only,no_cafe_sales_rows,,97.0,,incomplete_stay_evidence,32.710550121421456,2025q4_official_stores_sales__2026_09_poi_diagnostic_only
3130063,신금호역 골목형상점가,전통시장,0.9850299401197604,0.0150121890060124,0.0,1.0,37.02290076335878,95.80152671755724,70.73791348600508,40.90330788804072,19.657794676806084,79.26208651399492,52.03588463510677,0,4,110,2.0,0.0,1.0,2.0,True,,accessible_official_786,named_subarea_candidate,2995324228.0,True,52328506.0,16786222.0,11672503.0,0.01818181818181818,0.01747006401204858,0.5438474585916899,43.187757909215954,38.75681553396731,False,,,,0.0,,,0.0,,,30.231430536451164,insufficient,partial_or_unusable_sales,,,,incomplete_stay_evidence,52.03588463510677,2025q4_official_stores_sales__2026_09_poi_diagnostic_only
3110267,망우역 2번,골목상권,0.9850299401197604,0.1255853213860271,0.0,3.0,37.02290076335878,82.31552162849873,46.69211195928753,40.90330788804072,0.0,79.26208651399492,42.474554707379134,0,0,213,10.0,1.0,3.0,11.0,True,,accessible_official_786,named_subarea_candidate,2474884517.0,True,81478342.0,29051914.0,21272456.0,0.046948356807511735,0.032922078359747566,0.617641065892087,51.21733149931224,49.42687124474956,False,,,,0.004694835680751174,,,6.9402985074626855,,,37.93422160175737,insufficient,partial_or_unusable_sales,,,,incomplete_stay_evidence,42.474554707379134,2025q4_official_stores_sales__2026_09_poi_diagnostic_only
3110029,동대문역 1번,골목상권,0.9850299401197604,0.1531144593227146,0.0,0.0,37.02290076335878,27.417302798982192,28.49872773536896,40.90330788804072,12.167300380228138,79.26208651399492,33.944274325409495,0,5,134,8.0,2.0,0.0,10.0,True,,accessible_official_786,named_subarea_candidate,2391985674.0,True,508259.0,190597.0,241423.0,0.05970149253731343,0.00021248413212695522,0.8499997048748767,44.21251719394773,38.202711365122575,False,,,,0.014925373134328358,,,29.846082089552237,,,39.90258666262908,insufficient,partial_or_unusable_sales,,,,incomplete_stay_evidence,33.944274325409495,2025q4_official_stores_sales__2026_09_poi_diagnostic_only
3130128,돌곶이시장(석관황금시장),전통시장,0.9850299401197604,0.0481382816014447,0.0,0.0,37.02290076335878,27.417302798982192,3.816793893129771,40.90330788804072,8.631178707224334,79.26208651399492,29.534759914472858,0,1,97,0.0,2.0,0.0,2.0,True,,accessible_official_786,named_subarea_candidate,2396418689.0,False,,,,0.0,,,0.0,,False,,,,0.020618556701030927,,,69.57089552238806,,,20.871268656716417,supply_only,no_cafe_sales_rows,,116.0,,incomplete_stay_evidence,29.534759914472858,2025q4_official_stores_sales__2026_09_poi_diagnostic_only
3110225,촬영소사거리,골목상권,0.9850299401197604,0.0547640913030407,1.0,0.0,89.31297709923665,27.417302798982192,30.407124681933844,40.90330788804072,0.0,79.26208651399492,47.48409669211196,0,0,132,3.0,1.0,0.0,4.0,True,,accessible_official_786,named_subarea_candidate,2210088520.0,True,150570318.0,86286456.0,19144523.0,0.022727272727272728,0.0681286367660966,0.7002109074379453,26.502751031636866,37.74869671072007,False,,,,0.007575757575757576,,,26.217350746268657,,,26.4171309460264,insufficient,partial_or_unusable_sales,,,,incomplete_stay_evidence,47.48409669211196,2025q4_official_stores_sales__2026_09_poi_diagnostic_only
3110334,석관중앙교회,골목상권,0.9850299401197604,0.0842111560775704,0.0,0.0,37.02290076335878,27.417302798982192,12.08651399491094,40.90330788804072,0.0,79.26208651399492,29.048982188295167,0,0,132,2.0,0.0,0.0,2.0,True,,accessible_official_786,named_subarea_candidate,1969141964.0,False,,,,0.015151515151515152,,,7.431224209078404,,False,,,,0.0,,,0.0,,,5.201856946354883,supply_only,no_cafe_sales_rows,,172.0,,incomplete_stay_evidence,29.048982188295167,2025q4_official_stores_sales__2026_09_poi_diagnostic_only
3110104,신금호역 4번,골목상권,0.9850299401197604,0.0667876536686037,0.0,0.0,37.02290076335878,27.417302798982192,9.287531806615776,40.90330788804072,17.680608365019012,79.26208651399492,32.16525653305469,0,6,86,1.0,1.0,0.0,2.0,True,,accessible_official_786,named_subarea_candidate,1345074859.0,False,,,,0.011627906976744186,,,3.562585969738652,,False,,,,0.011627906976744186,,,27.621268656716417,,,10.78019077583198,supply_only,no_cafe_sales_rows,,153.0,,incomplete_stay_evidence,32.16525653305469,2025q4_official_stores_sales__2026_09_poi_diagnostic_only
3110030,동대문역 3번,골목상권,0.9850299401197604,0.0091540688494183,0.0,0.0,37.02290076335878,27.417302798982192,3.816793893129771,40.90330788804072,18.25095057034221,79.26208651399492,31.458714287096434,0,1,39,0.0,0.0,0.0,0.0,True,,accessible_official_786,named_subarea_candidate,1701758318.0,False,,,,0.0,,,0.0,,False,,,,0.0,,,0.0,,,0.0,supply_only,no_cafe_sales_rows,,185.0,,incomplete_stay_evidence,31.458714287096434,2025q4_official_stores_sales__2026_09_poi_diagnostic_only
3110242,면목5동주민센터,골목상권,0.9850299401197604,0.1049296200184363,0.0,1.0,37.02290076335878,65.39440203562341,14.122137404580156,40.90330788804072,0.0,79.26208651399492,35.05089058524173,0,0,125,3.0,0.0,1.0,3.0,True,,accessible_official_786,named_subarea_candidate,890028316.0,False,,,,0.024,,,12.881705639614855,,False,,,,0.0,,,0.0,,,9.017193947730398,supply_only,no_cafe_sales_rows,,163.0,,incomplete_stay_evidence,35.05089058524173,2025q4_official_stores_sales__2026_09_poi_diagnostic_only
3110033,창신역 4번,골목상권,0.9850299401197604,0.0778103394612388,0.0,1.0,37.02290076335878,70.99236641221374,8.778625954198473,40.90330788804072,66.55842153941015,79.26208651399492,48.40074283205506,1,2,83,1.0,0.0,1.0,1.0,True,,accessible_official_786,named_subarea_candidate,871380118.0,False,,,,0.012048192771084338,,,3.493810178817056,,False,,,,0.0,,,0.0,,,2.4456671251719393,supply_only,no_cafe_sales_rows,,181.0,,incomplete_stay_evidence,48.40074283205506,2025q4_official_stores_sales__2026_09_poi_diagnostic_only
3110203,떡전교사거리,골목상권,0.9850299401197604,0.0461444204305949,0.0,0.0,37.02290076335878,27.417302798982192,51.39949109414759,40.90330788804072,0.0,79.26208651399492,34.94592875318067,0,0,87,4.0,1.0,0.0,5.0,True,,accessible_official_786,named_subarea_candidate,739119748.0,True,45546752.0,22138515.0,14548654.0,0.04597701149425287,0.06162296721640294,0.805483758754082,53.95460797799174,54.11715752696878,False,,,,0.011494252873563218,,,36.809701492537314,,,48.811136032355414,insufficient,partial_or_unusable_sales,,,,incomplete_stay_evidence,34.94592875318067,2025q4_official_stores_sales__2026_09_poi_diagnostic_only
3110336,석관고등학교,골목상권,0.9850299401197604,0.0625065033659377,0.0,0.0,37.02290076335878,27.417302798982192,25.699745547073796,40.90330788804072,7.186311787072244,79.26208651399492,32.52822927853404,0,1,61,3.0,0.0,0.0,3.0,True,,accessible_official_786,named_subarea_candidate,288759716.0,False,,,,0.04918032786885246,,,35.36451169188446,,False,,,,0.0,,,0.0,,,24.75515818431912,supply_only,no_cafe_sales_rows,,105.0,,incomplete_stay_evidence,32.52822927853404,2025q4_official_stores_sales__2026_09_poi_diagnostic_only
3110034,창신1동주민센터,골목상권,0.9850299401197604,0.0295812148359314,0.0,0.0,37.02290076335878,27.417302798982192,16.412213740458014,40.90330788804072,12.395437262357415,79.26208651399492,32.1769246025987,0,1,76,1.0,0.0,0.0,1.0,True,,accessible_official_786,named_subarea_candidate,351804375.0,False,,,,0.013157894736842105,,,9.36382393397524,,False,,,,0.0,,,0.0,,,6.554676753782668,supply_only,no_cafe_sales_rows,,167.0,,incomplete_stay_evidence,32.1769246025987,2025q4_official_stores_sales__2026_09_poi_diagnostic_only
3110032,수족관거리,골목상권,0.9850299401197604,0.0093157695304199,0.0,0.0,37.02290076335878,27.417302798982192,87.1501272264631,40.90330788804072,18.174904942965775,79.26208651399492,43.94350516162115,0,1,20,2.0,0.0,0.0,2.0,True,,accessible_official_786,named_subarea_candidate,70943028.0,False,,,,0.1,,,70.74965612104539,,False,,,,0.0,,,0.0,,,49.52475928473177,supply_only,no_cafe_sales_rows,,28.0,,incomplete_stay_evidence,43.94350516162115,2025q4_official_stores_sales__2026_09_poi_diagnostic_only
3130017,동대문상가C동,전통시장,0.9850299401197604,0.0068910471175774,0.0,0.0,37.02290076335878,27.417302798982192,3.816793893129771,40.90330788804072,18.897338403041825,79.26208651399492,31.58799185363636,0,1,164,0.0,0.0,0.0,0.0,True,,accessible_official_786,named_subarea_candidate,,False,,,,0.0,,,0.0,,False,,,,0.0,,,0.0,,,0.0,supply_only,no_cafe_sales_rows,,185.0,,incomplete_stay_evidence,31.58799185363636,2025q4_official_stores_sales__2026_09_poi_diagnostic_only
3120053,건대입구역(건대),발달상권,0.9820359281437124,0.2748718649144815,3.0,5.0,83.20610687022901,79.13486005089058,95.0381679389313,97.07379134860052,6.425855513307986,76.78117048346056,69.7584535454097,0,4,1545,88.0,14.0,5.0,102.0,True,,accessible_official_786,named_subarea_candidate,78003493953.0,True,7650408649.0,1725718976.0,2137649602.0,0.056957928802589,0.09807776884468349,0.5049885248293224,88.02613480055021,83.642561623177,True,861604596.0,142455397.0,165969541.0,0.009061488673139158,0.01104571798436553,0.35796575300533795,62.15485074626865,60.41629025923015,76.67468021399294,80.26474958426573,complete,both_cafe_industries_sales_observed,36.0,,,incomplete_stay_evidence,69.7584535454097,2025q4_official_stores_sales__2026_09_poi_diagnostic_only
3130010,종로신진시장,전통시장,0.9820359281437124,0.0450834910565771,0.0,0.0,37.02290076335878,27.417302798982192,90.71246819338424,40.90330788804072,9.353612167300382,76.78117048346056,42.4655061484728,0,1,272,11.0,2.0,0.0,13.0,True,,accessible_official_786,named_subarea_candidate,17816313870.0,True,175215120.0,69309083.0,53876657.0,0.04044117647058824,0.009834532624340211,0.7030542797904655,77.60660247592848,69.92151691447134,False,,,,0.007352941176470588,,,51.87966417910448,,,69.88852098688128,insufficient,partial_or_unusable_sales,,,,incomplete_stay_evidence,42.4655061484728,2025q4_official_stores_sales__2026_09_poi_diagnostic_only
3130048,동평화시장,전통시장,0.9820359281437124,0.0086260833999182,0.0,0.0,37.02290076335878,27.417302798982192,98.47328244274809,40.90330788804072,0.0,76.78117048346056,41.7589058524173,0,0,748,4.0,0.0,0.0,4.0,True,,accessible_official_786,named_subarea_candidate,13873478040.0,True,383955302.0,81369704.0,35519288.0,0.0053475935828877,0.027675489945129864,0.3044338530842843,56.812242090784046,54.38692515157665,False,,,,0.0,,,0.0,,,39.76856946354883,insufficient,partial_or_unusable_sales,,,,incomplete_stay_evidence,41.7589058524173,2025q4_official_stores_sales__2026_09_poi_diagnostic_only
3110140,건대입구역 6번,골목상권,0.9820359281437124,0.1796089177476753,0.0,2.0,37.02290076335878,68.8295165394402,46.31043256997455,40.90330788804072,21.62504710033227,76.78117048346056,44.47131985263643,1,1,392,14.0,3.0,2.0,17.0,True,,accessible_official_786,named_subarea_candidate,8638409787.0,True,83144777.0,25596296.0,26442295.0,0.03571428571428571,0.009625009585111964,0.6258792539668487,45.19601100412655,42.75787337601327,False,,,,0.007653061224489796,,,23.71268656716418,,,38.75101367303783,insufficient,partial_or_unusable_sales,,,,incomplete_stay_evidence,44.47131985263643,2025q4_official_stores_sales__2026_09_poi_diagnostic_only
3110115,상왕십리역 3번,골목상권,0.9820359281437124,0.0808166434626446,2.0,2.0,92.87531806615776,83.20610687022901,63.74045801526718,40.90330788804072,5.437262357414449,76.78117048346056,62.76048046130478,0,1,179,9.0,5.0,2.0,14.0,True,,accessible_official_786,named_subarea_candidate,5214618484.0,True,82656274.0,32060302.0,18823354.0,0.05027932960893855,0.01585087657967961,0.6156054893062323,65.04126547455294,57.139765116836834,True,5367819.0,1191445.0,1658762.0,0.027932960893854747,0.0010293790459398064,0.5309804596615497,85.18656716417911,65.55164964650432,59.66333047573707,71.0848559814408,complete,both_cafe_industries_sales_observed,102.0,,,incomplete_stay_evidence,62.76048046130478,2025q4_official_stores_sales__2026_09_poi_diagnostic_only
3110141,건대입구역 1번,골목상권,0.9820359281437124,0.0674066913657297,0.0,0.0,37.02290076335878,27.417302798982192,61.06870229007634,40.90330788804072,14.486692015209128,76.78117048346056,39.045557232558366,0,3,143,7.0,3.0,0.0,10.0,True,,accessible_official_786,named_subarea_candidate,2939342857.0,True,52007439.0,26582731.0,11914397.0,0.04895104895104895,0.017693559931651077,0.7402234899511203,62.847317744154054,57.422854164574005,False,,,,0.02097902097902098,,,71.15671641791046,,,65.34013734628098,insufficient,partial_or_unusable_sales,,,,incomplete_stay_evidence,39.045557232558366,2025q4_official_stores_sales__2026_09_poi_diagnostic_only
3130047,테크노상가(엘리시움),전통시장,0.9820359281437124,0.0101673269254052,0.0,0.0,37.02290076335878,27.417302798982192,57.12468193384224,40.90330788804072,0.0,76.78117048346056,35.55661577608143,0,0,849,1.0,0.0,0.0,1.0,True,,accessible_official_786,named_subarea_candidate,3173664470.0,False,,,,0.001177856301531213,,,15.206327372764786,,False,,,,0.0,,,0.0,,,10.64442916093535,supply_only,no_cafe_sales_rows,,154.0,,incomplete_stay_evidence,35.55661577608143,2025q4_official_stores_sales__2026_09_poi_diagnostic_only
3130078,화양제일골목시장,전통시장,0.9820359281437124,0.0186014209039275,0.0,0.0,37.02290076335878,27.417302798982192,62.08651399491095,40.90330788804072,19.04942965779468,76.78117048346056,40.11077651680067,0,3,94,2.0,1.0,0.0,3.0,True,,accessible_official_786,named_subarea_candidate,2888332616.0,True,18625187.0,3245062.0,5078289.0,0.02127659574468085,0.006448421797692292,0.4468868419951971,44.70426409903714,34.57999430797478,False,,,,0.010638297872340425,,,63.04570895522389,,,50.20669755589316,insufficient,partial_or_unusable_sales,,,,incomplete_stay_evidence,40.11077651680067,2025q4_official_stores_sales__2026_09_poi_diagnostic_only
3110057,황학코아루아파트,골목상권,0.9820359281437124,0.0302074367686059,1.0,0.0,94.65648854961832,27.417302798982192,57.88804071246819,40.90330788804072,17.984790874524716,76.78117048346056,56.558154103658126,0,3,101,3.0,0.0,0.0,3.0,True,,accessible_official_786,named_subarea_candidate,2980264644.0,True,376085646.0,102197673.0,89548331.0,0.0297029702970297,0.12619203021354233,0.5098466427511568,48.758596973865195,52.146219073956004,False,,,,0.0,,,0.0,,,34.13101788170563,insufficient,partial_or_unusable_sales,,,,incomplete_stay_evidence,56.558154103658126,2025q4_official_stores_sales__2026_09_poi_diagnostic_only
3130012,"동대문종합시장(동대문종합시장 신관, 동대문종합시장D동상가)",전통시장,0.9820359281437124,0.039325351701663,0.0,0.0,37.02290076335878,27.417302798982192,95.5470737913486,40.90330788804072,10.304182509505704,76.78117048346056,43.38081105660852,0,1,319,13.0,1.0,0.0,14.0,True,,accessible_official_786,named_subarea_candidate,1450154677.0,False,,,,0.04075235109717868,,,80.88033012379643,,False,,,,0.003134796238244514,,,25.78358208955224,,,64.35130571352316,supply_only,no_cafe_sales_rows,,10.0,,incomplete_stay_evidence,43.38081105660852,2025q4_official_stores_sales__2026_09_poi_diagnostic_only
3130079,한아름시장,전통시장,0.9820359281437124,0.0110311529122781,0.0,0.0,37.02290076335878,27.417302798982192,53.81679389312977,40.90330788804072,19.23954372623574,76.78117048346056,38.908341315221705,0,2,39,1.0,0.0,0.0,1.0,True,,accessible_official_786,named_subarea_candidate,844768846.0,False,,,,0.02564102564102564,,,24.69050894085282,,False,,,,0.0,,,0.0,,,17.28335625859697,supply_only,no_cafe_sales_rows,,128.0,,incomplete_stay_evidence,38.908341315221705,2025q4_official_stores_sales__2026_09_poi_diagnostic_only
3130077,조양시장,전통시장,0.9820359281437124,0.0053244142195222,0.0,0.0,37.02290076335878,27.417302798982192,3.816793893129771,40.90330788804072,19.315589353612168,76.78117048346056,31.42355044069699,0,1,22,0.0,0.0,0.0,0.0,True,,accessible_official_786,named_subarea_candidate,,False,,,,0.0,,,0.0,,False,,,,0.0,,,0.0,,,0.0,supply_only,no_cafe_sales_rows,,185.0,,incomplete_stay_evidence,31.42355044069699,2025q4_official_stores_sales__2026_09_poi_diagnostic_only
3120052,성수역,발달상권,0.9790419161676648,0.2987112480533986,1.0,5.0,75.06361323155217,77.2264631043257,83.20610687022901,86.76844783715013,4.296577946768061,75.12722646310432,63.63285248502791,0,3,1526,56.0,10.0,5.0,66.0,True,,accessible_official_786,named_subarea_candidate,66398572669.0,True,3517833204.0,1163808652.0,1027084471.0,0.03669724770642202,0.052980554590180175,0.6227961918458258,71.27235213204952,73.29750193207698,True,649378598.0,157319128.0,147480422.0,0.00655307994757536,0.009780008393210238,0.46937110483582645,40.31716417910447,46.675962293794186,65.31104004059215,61.985795746166005,complete,both_cafe_industries_sales_observed,76.0,,,incomplete_stay_evidence,63.63285248502791,2025q4_official_stores_sales__2026_09_poi_diagnostic_only
3110131,성수동카페거리,골목상권,0.9790419161676648,0.1317646576062157,0.0,0.0,37.02290076335878,27.417302798982192,93.89312977099236,40.90330788804072,9.391634980988592,75.12722646310432,42.784815545816045,0,3,569,40.0,13.0,0.0,53.0,True,,accessible_official_786,named_subarea_candidate,53211732926.0,True,1518480285.0,424310482.0,514967037.0,0.070298769771529,0.02853656893887869,0.6185641843878138,90.91471801925724,84.38779391998776,True,127679334.0,42170617.0,26213968.0,0.022847100175746926,0.0023994582957401504,0.5355963479571408,90.96082089552239,74.79099567949724,81.5087544478406,90.92854888213678,complete,both_cafe_industries_sales_observed,18.0,,,incomplete_stay_evidence,42.784815545816045,2025q4_official_stores_sales__2026_09_poi_diagnostic_only
3120051,뚝섬역,발달상권,0.9790419161676648,0.2179968678909574,1.0,1.0,76.20865139949109,56.48854961832062,92.74809160305344,90.20356234096693,22.47867639502621,75.12722646310432,66.2769057624658,1,5,864,60.0,22.0,1.0,82.0,True,,accessible_official_786,named_subarea_candidate,30149459332.0,True,3488504569.0,1271645678.0,1117813742.0,0.06944444444444445,0.11570703575759897,0.6849523550100874,89.96561210453919,89.20846697292905,True,427783687.0,85348496.0,89819721.0,0.02546296296296296,0.014188768106563006,0.40947848719626373,93.00373134328358,80.43155930871956,86.5753946736662,90.8770478761625,complete,both_cafe_industries_sales_observed,5.0,,,incomplete_stay_evidence,66.2769057624658,2025q4_official_stores_sales__2026_09_poi_diagnostic_only
3110335,석계역 7번,골목상권,0.9790419161676648,0.1406534298754752,1.0,2.0,78.7531806615776,73.66412213740458,17.302798982188293,40.90330788804072,31.711711711711715,75.12722646310432,55.216388143869054,1,0,258,5.0,2.0,2.0,7.0,True,,accessible_official_786,named_subarea_candidate,15989711469.0,True,507591690.0,141424236.0,133267416.0,0.01937984496124031,0.03174489364514749,0.5411665663793669,12.950481430536453,26.017845694867816,True,135716187.0,24629870.0,30969633.0,0.007751937984496124,0.00848771957287155,0.40967480909259557,19.486940298507463,22.75270031421838,25.038302080672985,14.911419090927755,complete,both_cafe_industries_sales_observed,218.0,,,incomplete_stay_evidence,55.216388143869054,2025q4_official_stores_sales__2026_09_poi_diagnostic_only
3110421,석계역 1번,골목상권,0.9790419161676648,0.0697402351552099,2.0,3.0,93.76590330788804,90.5852417302799,31.93384223918575,40.90330788804072,11.064638783269965,75.12722646310432,60.32361477955476,0,2,178,4.0,2.0,3.0,6.0,True,,accessible_official_786,named_subarea_candidate,8575588334.0,True,276287447.0,69177538.0,61180684.0,0.02247191011235955,0.032217899954991004,0.4718210089363922,27.2283356258597,33.55625818698405,False,,,,0.011235955056179775,,,44.05783582089552,,,32.277185684370444,insufficient,partial_or_unusable_sales,,,,incomplete_stay_evidence,60.32361477955476,2025q4_official_stores_sales__2026_09_poi_diagnostic_only
3110205,경희대삼거리,골목상권,0.9790419161676648,0.0887479958423762,2.0,0.0,92.23918575063614,27.417302798982192,92.36641221374046,40.90330788804072,0.0,75.12722646310432,57.24236641221374,0,0,249,24.0,7.0,0.0,31.0,True,,accessible_official_786,named_subarea_candidate,5086835873.0,True,155970282.0,32349758.0,40354163.0,0.0963855421686747,0.030661551875078553,0.46613957523010696,93.30811554332875,77.88932717938626,True,11400304.0,2289033.0,2961900.0,0.028112449799196786,0.0022411385554054813,0.4605958753380612,90.28917910447761,68.26821484681854,75.00299347961594,92.4024346116734,complete,both_cafe_industries_sales_observed,42.0,,,incomplete_stay_evidence,57.24236641221374,2025q4_official_stores_sales__2026_09_poi_diagnostic_only
3110333,돌곶이역 5번,골목상권,0.9790419161676648,0.0673215730799951,2.0,1.0,94.27480916030534,74.55470737913485,52.79898218829516,40.90330788804072,6.577946768060837,75.12722646310432,60.30413897193277,0,1,153,6.0,1.0,1.0,7.0,True,,accessible_official_786,named_subarea_candidate,3727937150.0,True,39247273.0,13534191.0,9850650.0,0.0392156862745098,0.010527879473504536,0.5958335245355773,51.165749656121044,43.798513581937485,False,,,,0.006535947712418301,,,18.423507462686565,,,41.3430769980907,insufficient,partial_or_unusable_sales,,,,incomplete_stay_evidence,60.30413897193277,2025q4_official_stores_sales__2026_09_poi_diagnostic_only
3110423,석계역 2번,골목상권,0.9790419161676648,0.0581203162103828,0.0,1.0,37.02290076335878,78.49872773536896,40.71246819338422,40.90330788804072,16.958174904942968,75.12722646310432,43.98323803442371,0,4,140,4.0,1.0,1.0,5.0,True,,accessible_official_786,named_subarea_candidate,1716989971.0,True,21177327.0,9665071.0,5773314.0,0.02857142857142857,0.012333984098734145,0.7290053650302515,36.674690508940856,35.91083278497196,False,,,,0.007142857142857143,,,23.43283582089552,,,32.70213410252725,insufficient,partial_or_unusable_sales,,,,incomplete_stay_evidence,43.98323803442371,2025q4_official_stores_sales__2026_09_poi_diagnostic_only
3110110,상왕십리역 6번,골목상권,0.9790419161676648,0.0519023206987068,0.0,0.0,37.02290076335878,27.417302798982192,10.30534351145038,40.90330788804072,13.536121673003803,75.12722646310432,31.07554494528778,0,2,112,1.0,2.0,0.0,3.0,True,,accessible_official_786,named_subarea_candidate,1340667742.0,False,,,,0.008928571428571428,,,3.3631361760660248,,False,,,,0.017857142857142856,,,64.38899253731344,,,21.670893084440248,supply_only,no_cafe_sales_rows,,113.0,,incomplete_stay_evidence,31.07554494528778,2025q4_official_stores_sales__2026_09_poi_diagnostic_only
3110132,성수2가3동주민센터,골목상권,0.9790419161676648,0.0763918799902144,0.0,1.0,37.02290076335878,71.37404580152672,89.18575063613231,40.90330788804072,57.65765765765767,75.12722646310432,58.32542466130253,1,0,146,18.0,4.0,1.0,22.0,True,,accessible_official_786,named_subarea_candidate,1271505811.0,True,334163699.0,87028950.0,88254255.0,0.1232876712328767,0.26280941550490483,0.524542927686469,92.5515818431912,83.14259015163474,True,1110700.0,1110700.0,0.0,0.0273972602739726,0.0008735312024460736,1.0,81.99160447761194,65.53557050274941,77.86048425696913,89.38358863351743,complete,both_cafe_industries_sales_observed,29.0,,,incomplete_stay_evidence,58.32542466130253,2025q4_official_stores_sales__2026_09_poi_diagnostic_only
3130127,석관시장,전통시장,0.9790419161676648,0.0078727163766235,0.0,0.0,37.02290076335878,27.417302798982192,68.8295165394402,40.90330788804072,0.0,75.12722646310432,37.146946564885496,0,0,13,1.0,0.0,0.0,1.0,True,,accessible_official_786,named_subarea_candidate,487967883.0,False,,,,0.07692307692307693,,,45.560522696011006,,False,,,,0.0,,,0.0,,,31.892365887207703,supply_only,no_cafe_sales_rows,,82.0,,incomplete_stay_evidence,37.146946564885496,2025q4_official_stores_sales__2026_09_poi_diagnostic_only
3110208,시조사삼거리,골목상권,0.9790419161676648,0.0421905349934292,0.0,0.0,37.02290076335878,27.417302798982192,25.31806615776081,40.90330788804072,0.0,75.12722646310432,30.620229007633583,0,0,37,2.0,0.0,0.0,2.0,True,,accessible_official_786,named_subarea_candidate,256621655.0,False,,,,0.05405405405405406,,,36.73314993122421,,False,,,,0.0,,,0.0,,,25.713204951856948,supply_only,no_cafe_sales_rows,,98.0,,incomplete_stay_evidence,30.620229007633583,2025q4_official_stores_sales__2026_09_poi_diagnostic_only
3130071,성수역 골목형상점가,전통시장,0.9790419161676648,0.0106508423574354,0.0,0.0,37.02290076335878,27.417302798982192,54.96183206106871,40.90330788804072,17.90874524714829,75.12722646310432,38.64854294255943,0,1,62,1.0,0.0,0.0,1.0,True,,accessible_official_786,named_subarea_candidate,93000000.0,False,,,,0.016129032258064516,,,19.731774415405773,,False,,,,0.0,,,0.0,,,13.812242090784041,supply_only,no_cafe_sales_rows,,140.0,,incomplete_stay_evidence,38.64854294255943,2025q4_official_stores_sales__2026_09_poi_diagnostic_only
3130085,용두시장,전통시장,0.9790419161676648,0.0055228006390463,0.0,0.0,37.02290076335878,27.417302798982192,3.816793893129771,40.90330788804072,0.0,75.12722646310432,27.39503816793893,0,0,7,0.0,0.0,0.0,0.0,True,,accessible_official_786,named_subarea_candidate,,False,,,,0.0,,,0.0,,False,,,,0.0,,,0.0,,,0.0,supply_only,no_cafe_sales_rows,,185.0,,incomplete_stay_evidence,27.39503816793893,2025q4_official_stores_sales__2026_09_poi_diagnostic_only
3130036,중부시장(신중부시장),전통시장,0.9760479041916168,0.0921733713359783,0.0,1.0,37.02290076335878,68.44783715012723,69.72010178117048,40.90330788804072,9.049429657794676,73.91857506361323,45.12413529542663,0,2,650,12.0,0.0,1.0,12.0,True,,accessible_official_786,named_subarea_candidate,80360890435.0,True,388611808.0,182247585.0,100043814.0,0.018461538461538463,0.0048358325286891775,0.7264097312246364,51.17606602475929,53.45260538275623,False,,,,0.0,,,0.0,,,35.8232462173315,insufficient,partial_or_unusable_sales,,,,incomplete_stay_evidence,45.12413529542663,2025q4_official_stores_sales__2026_09_poi_diagnostic_only
3130007,광장시장(광장전통시장),전통시장,0.9760479041916168,0.0663227165100925,0.0,1.0,37.02290076335878,75.06361323155217,61.45038167938931,95.67430025445292,6.768060836501902,73.91857506361323,49.89686916475586,0,1,580,7.0,3.0,1.0,10.0,True,,accessible_official_786,named_subarea_candidate,28158435863.0,True,353473744.0,121476918.0,123779578.0,0.01206896551724138,0.012553031912701592,0.6938464317734445,43.37689133425034,48.23759442577851,False,,,,0.005172413793103448,,,48.40485074626865,,,44.88527915785583,insufficient,partial_or_unusable_sales,,,,incomplete_stay_evidence,49.89686916475586,2025q4_official_stores_sales__2026_09_poi_diagnostic_only
3120011,종로4가,발달상권,0.9760479041916168,0.1159012569743261,0.0,0.0,37.02290076335878,27.417302798982192,40.96692111959288,89.69465648854961,0.0,73.91857506361323,37.72582697201018,0,0,663,8.0,0.0,0.0,8.0,True,,accessible_official_786,named_subarea_candidate,23331062688.0,True,517010898.0,193187653.0,132030274.0,0.012066365007541479,0.022159766355859874,0.6290349550813531,28.308115543328746,38.49114039349455,False,,,,0.0,,,0.0,,,19.81568088033012,insufficient,partial_or_unusable_sales,,,,incomplete_stay_evidence,37.72582697201018,2025q4_official_stores_sales__2026_09_poi_diagnostic_only
3130014,동문시장,전통시장,0.9760479041916168,0.0081708192072541,0.0,0.0,37.02290076335878,27.417302798982192,3.816793893129771,40.90330788804072,0.0,73.91857506361323,27.27417302798982,0,0,143,0.0,0.0,0.0,0.0,True,,accessible_official_786,named_subarea_candidate,5106210785.0,False,,,,0.0,,,0.0,,False,,,,0.0,,,0.0,,,0.0,supply_only,no_cafe_sales_rows,,185.0,,incomplete_stay_evidence,27.27417302798982,2025q4_official_stores_sales__2026_09_poi_diagnostic_only
3130016,동대문상가B동,전통시장,0.9760479041916168,0.004837369084511,0.0,0.0,37.02290076335878,27.417302798982192,97.83715012722644,40.90330788804072,0.0,73.91857506361323,41.37722646310433,0,0,87,2.0,0.0,0.0,2.0,True,,accessible_official_786,named_subarea_candidate,1718235070.0,False,,,,0.022988505747126436,,,45.61898211829436,,False,,,,0.0,,,0.0,,,31.93328748280605,supply_only,no_cafe_sales_rows,,81.0,,incomplete_stay_evidence,41.37722646310433,2025q4_official_stores_sales__2026_09_poi_diagnostic_only
3120036,장충동족발거리(남소영길),발달상권,0.9730538922155688,0.0881355433632804,0.0,1.0,37.02290076335878,69.21119592875317,46.56488549618321,92.6208651399491,14.600760456273765,73.15521628498728,47.97104267649648,0,4,119,7.0,4.0,1.0,11.0,True,,accessible_official_786,named_subarea_candidate,8719224238.0,True,1705667584.0,158762270.0,75421117.0,0.058823529411764705,0.1956214839121104,0.13729720210242327,55.70151306740027,59.459265803911435,True,717932194.0,209560987.0,224810121.0,0.03361344537815126,0.08233899879201616,0.6050308255155361,76.86567164179104,79.10202278083267,65.3520928969878,62.050760639717495,complete,both_cafe_industries_sales_observed,75.0,,,incomplete_stay_evidence,47.97104267649648,2025q4_official_stores_sales__2026_09_poi_diagnostic_only
3110045,동대문역사문화공원역 5번,골목상권,0.9730538922155688,0.044786511600874,0.0,0.0,37.02290076335878,27.417302798982192,70.99236641221374,40.90330788804072,14.52471482889734,73.15521628498728,40.17911599376929,0,2,117,6.0,2.0,0.0,8.0,True,,accessible_official_786,named_subarea_candidate,5919833618.0,True,3442287.0,1086332.0,371052.0,0.05128205128205128,0.000581483741288487,0.4233766678955009,69.7111416781293,49.384684420592144,False,,,,0.017094017094017096,,,68.01305970149255,,,69.20171708513827,insufficient,partial_or_unusable_sales,,,,incomplete_stay_evidence,40.17911599376929,2025q4_official_stores_sales__2026_09_poi_diagnostic_only
3130013,동대문상가A동,전통시장,0.9730538922155688,0.0044826289851538,0.0,0.0,37.02290076335878,27.417302798982192,3.816793893129771,40.90330788804072,0.0,73.15521628498728,27.197837150127228,0,0,80,0.0,0.0,0.0,0.0,True,,accessible_official_786,named_subarea_candidate,7174561186.0,False,,,,0.0,,,0.0,,False,,,,0.0,,,0.0,,,0.0,supply_only,no_cafe_sales_rows,,185.0,,incomplete_stay_evidence,27.197837150127228,2025q4_official_stores_sales__2026_09_poi_diagnostic_only
3110331,돌곶이역 8번,골목상권,0.9730538922155688,0.1058503330281174,0.0,0.0,37.02290076335878,27.417302798982192,67.30279898218829,40.90330788804072,0.0,73.15521628498728,36.720737913486005,0,0,170,13.0,1.0,0.0,14.0,True,,accessible_official_786,named_subarea_candidate,5854626791.0,True,209307301.0,74373982.0,45825945.0,0.07647058823529412,0.03575075038459441,0.5742748887674969,74.54607977991746,67.82731297460592,False,,,,0.0058823529411764705,,,9.673507462686569,,,55.084308084748194,insufficient,partial_or_unusable_sales,,,,incomplete_stay_evidence,36.720737913486005,2025q4_official_stores_sales__2026_09_poi_diagnostic_only
3110332,돌곶이역 3번,골목상권,0.9730538922155688,0.034401595839042,0.0,0.0,37.02290076335878,27.417302798982192,32.56997455470738,40.90330788804072,0.0,73.15521628498728,31.510814249363868,0,0,47,2.0,0.0,0.0,2.0,True,,accessible_official_786,named_subarea_candidate,1099371947.0,False,,,,0.0425531914893617,,,39.54264099037139,,False,,,,0.0,,,0.0,,,27.67984869325997,supply_only,no_cafe_sales_rows,,93.0,,incomplete_stay_evidence,31.510814249363868,2025q4_official_stores_sales__2026_09_poi_diagnostic_only
3110221,의릉,골목상권,0.9730538922155688,0.0470940757816898,0.0,0.0,37.02290076335878,27.417302798982192,36.76844783715013,40.90330788804072,0.0,73.15521628498728,32.14058524173028,0,0,43,3.0,0.0,0.0,3.0,True,,accessible_official_786,named_subarea_candidate,846967195.0,True,62269397.0,20368429.0,16248485.0,0.06976744186046512,0.07352043546385524,0.5880402856639193,51.92572214580468,49.525476937731426,False,,,,0.0,,,0.0,,,36.34800550206327,insufficient,partial_or_unusable_sales,,,,incomplete_stay_evidence,32.14058524173028,2025q4_official_stores_sales__2026_09_poi_diagnostic_only
3110433,공릉역 2번,골목상권,0.9730538922155688,0.0952362582563559,1.0,2.0,82.69720101781171,81.29770992366412,91.85750636132316,40.90330788804072,11.901140684410649,73.15521628498728,64.56852330227653,0,3,213,24.0,3.0,2.0,27.0,True,,accessible_official_786,named_subarea_candidate,747110047.0,True,176637709.0,41634597.0,19082446.0,0.11267605633802817,0.23642796628058196,0.3437377179750446,93.76203576341128,81.09730978351854,False,,,,0.014084507042253521,,,52.490671641791046,,,81.3806265269252,insufficient,partial_or_unusable_sales,,,,incomplete_stay_evidence,64.56852330227653,2025q4_official_stores_sales__2026_09_poi_diagnostic_only
3120009,종로3가역,발달상권,0.9700598802395208,0.4012185177336677,4.0,6.0,82.31552162849873,74.80916030534351,93.63867684478372,82.1882951653944,16.576576576576578,72.01017811704835,68.6969947046283,2,0,4123,119.0,19.0,6.0,138.0,True,,accessible_official_786,named_subarea_candidate,331319763982.0,True,6998791178.0,1889549010.0,1995270600.0,0.028862478777589132,0.021123977313892543,0.5550700844185125,73.01925722145805,70.86221328899977,True,812776308.0,155295456.0,208202077.0,0.004608294930875576,0.002453147672905371,0.4472294891253154,49.28638059701493,50.388624312647295,64.72013659609402,65.89939423412511,complete,both_cafe_industries_sales_observed,80.0,,,incomplete_stay_evidence,68.6969947046283,2025q4_official_stores_sales__2026_09_poi_diagnostic_only
3120031,을지로3가역,발달상권,0.9700598802395208,0.2545827169630655,2.0,4.0,79.38931297709924,75.95419847328245,93.51145038167938,84.0966921119593,5.2091254752851714,72.01017811704835,65.88915333933184,0,3,1192,73.0,11.0,4.0,84.0,True,,accessible_official_786,named_subarea_candidate,98965540383.0,True,5684019169.0,2263485740.0,1024076818.0,0.061241610738255035,0.05743432660502487,0.5783869582864878,88.43191196698763,84.40670996159079,True,483080537.0,139124326.0,86468398.0,0.009228187919463088,0.004881300451959964,0.4669878140836794,55.20522388059702,54.07128829536528,75.30608346172313,78.46390554107045,complete,both_cafe_industries_sales_observed,41.0,,,incomplete_stay_evidence,65.88915333933184,2025q4_official_stores_sales__2026_09_poi_diagnostic_only
3120033,을지로4가역,발달상권,0.9700598802395208,0.0854633490698267,0.0,0.0,37.02290076335878,27.417302798982192,75.95419847328245,93.00254452926208,5.171102661596958,72.01017811704835,44.14808821679777,0,1,239,13.0,1.0,0.0,14.0,True,,accessible_official_786,named_subarea_candidate,40581497998.0,True,94252708.0,24117228.0,27907471.0,0.05439330543933055,0.002322553691947131,0.5519703370220408,74.56671251719395,60.39528296471832,False,,,,0.0041841004184100415,,,8.94589552238806,,,54.880467418752175,insufficient,partial_or_unusable_sales,,,,incomplete_stay_evidence,44.14808821679777,2025q4_official_stores_sales__2026_09_poi_diagnostic_only
3110232,동대부고,골목상권,0.9700598802395208,0.1044546095658428,0.0,1.0,37.02290076335878,65.64885496183206,50.76335877862596,40.90330788804072,4.106463878326997,72.01017811704835,40.68134366625064,0,1,245,9.0,2.0,1.0,11.0,True,,accessible_official_786,named_subarea_candidate,24159792233.0,True,103462022.0,28627259.0,30537957.0,0.036734693877551024,0.004282405287355105,0.57185443369742,48.78954607977991,43.48405334377439,True,278049805.0,67183861.0,50674155.0,0.00816326530612245,0.011508782953034263,0.4238737588756806,28.628731343283583,33.724322466614296,40.55613408062636,42.741301658831006,complete,both_cafe_industries_sales_observed,181.0,,,incomplete_stay_evidence,40.68134366625064,2025q4_official_stores_sales__2026_09_poi_diagnostic_only
3130033,대림상가(청계상가),전통시장,0.9700598802395208,0.010996772890784,0.0,0.0,37.02290076335878,27.417302798982192,99.74554707379136,40.90330788804072,17.75665399239544,72.01017811704835,45.02397710891166,0,1,202,8.0,0.0,0.0,8.0,True,,accessible_official_786,named_subarea_candidate,20059670847.0,True,78000000.0,37022974.0,29681962.0,0.039603960396039604,0.003888398797513928,0.8551914871794872,81.55777166437414,70.33077796933412,False,,,,0.0,,,0.0,,,57.0904401650619,insufficient,partial_or_unusable_sales,,,,incomplete_stay_evidence,45.02397710891166,2025q4_official_stores_sales__2026_09_poi_diagnostic_only
3120035,퇴계로5가,발달상권,0.9700598802395208,0.0489142758214046,0.0,0.0,37.02290076335878,27.417302798982192,86.1323155216285,40.90330788804072,16.4638783269962,72.01017811704835,42.72343724300739,0,3,169,10.0,0.0,0.0,10.0,True,,accessible_official_786,named_subarea_candidate,2641773283.0,True,140388322.0,75877043.0,27867420.0,0.05917159763313609,0.05314169951805058,0.7389821426884781,83.15680880330123,77.28490277433272,False,,,,0.0,,,0.0,,,58.209766162310856,insufficient,partial_or_unusable_sales,,,,incomplete_stay_evidence,42.72343724300739,2025q4_official_stores_sales__2026_09_poi_diagnostic_only
3130005,세운상가가동,전통시장,0.9700598802395208,0.0170969405191279,0.0,0.0,37.02290076335878,27.417302798982192,32.95165394402035,40.90330788804072,0.0,72.01017811704835,31.45356234096692,0,0,267,1.0,0.0,0.0,1.0,True,,accessible_official_786,named_subarea_candidate,1967005166.0,False,,,,0.003745318352059925,,,15.495185694635486,,False,,,,0.0,,,0.0,,,10.84662998624484,supply_only,no_cafe_sales_rows,,152.0,,incomplete_stay_evidence,31.45356234096692,2025q4_official_stores_sales__2026_09_poi_diagnostic_only
3110418,광운대학교 남단,골목상권,0.9700598802395208,0.0881990979511676,0.0,0.0,37.02290076335878,27.417302798982192,16.539440203562343,40.90330788804072,4.980988593155893,72.01017811704835,29.9879279985294,0,1,76,3.0,0.0,0.0,3.0,True,,accessible_official_786,named_subarea_candidate,674916165.0,True,71406193.0,27398954.0,19294588.0,0.039473684210526314,0.10580009296413874,0.6539144580918913,24.01650618982118,32.91078433784253,False,,,,0.0,,,0.0,,,16.811554332874824,insufficient,partial_or_unusable_sales,,,,incomplete_stay_evidence,29.9879279985294,2025q4_official_stores_sales__2026_09_poi_diagnostic_only
3110044,관성묘,골목상권,0.9700598802395208,0.0295525606367088,0.0,0.0,37.02290076335878,27.417302798982192,3.816793893129771,40.90330788804072,16.84410646387833,72.01017811704835,30.452154626109003,0,2,33,0.0,0.0,0.0,0.0,True,,accessible_official_786,named_subarea_candidate,357915226.0,False,,,,0.0,,,0.0,,False,,,,0.0,,,0.0,,,0.0,supply_only,no_cafe_sales_rows,,185.0,,incomplete_stay_evidence,30.452154626109003,2025q4_official_stores_sales__2026_09_poi_diagnostic_only
3110111,대현산장미원,골목상권,0.9700598802395208,0.0194703855450163,0.0,0.0,37.02290076335878,27.417302798982192,27.735368956743,40.90330788804072,15.399239543726235,72.01017811704835,33.750967501620565,0,1,14,1.0,0.0,0.0,1.0,True,,accessible_official_786,named_subarea_candidate,,False,,,,0.07142857142857142,,,44.573590096286104,,False,,,,0.0,,,0.0,,,31.20151306740027,supply_only,no_cafe_sales_rows,,84.0,,incomplete_stay_evidence,33.750967501620565,2025q4_official_stores_sales__2026_09_poi_diagnostic_only
3110231,장안교,골목상권,0.9700598802395208,0.0082497529832747,0.0,0.0,37.02290076335878,27.417302798982192,3.816793893129771,40.90330788804072,18.44106463878327,72.01017811704835,30.77154626108999,0,1,11,0.0,0.0,0.0,0.0,True,,accessible_official_786,named_subarea_candidate,,False,,,,0.0,,,0.0,,False,,,,0.0,,,0.0,,,0.0,supply_only,no_cafe_sales_rows,,185.0,,incomplete_stay_evidence,30.77154626108999,2025q4_official_stores_sales__2026_09_poi_diagnostic_only
3120064,경희대학교(경희대),발달상권,0.9670658682634732,0.0485297167267939,0.0,6.0,37.02290076335878,98.47328244274809,99.49109414758269,99.49109414758269,0.0,70.86513994910942,57.83715012722647,0,0,330,31.0,9.0,6.0,40.0,True,,accessible_official_786,named_subarea_candidate,18715302406.0,True,2471344647.0,1005998405.0,512158242.0,0.09393939393939393,0.13204941033748424,0.6143038968048878,97.40715268225586,92.43672073748968,True,603853161.0,218053391.0,170279076.0,0.02727272727272727,0.03226520992823545,0.6430908904358621,95.59701492537314,90.76659465828752,91.93568291372902,96.86411135519104,complete,both_cafe_industries_sales_observed,3.0,,,incomplete_stay_evidence,57.83715012722647,2025q4_official_stores_sales__2026_09_poi_diagnostic_only
3130069,"한양대앞상점가(한양시장, 왕십리맛골목)",전통시장,0.9670658682634732,0.0232255264300394,1.0,1.0,96.69211195928752,90.71246819338424,97.9643765903308,40.90330788804072,17.60456273764259,70.86513994910942,72.00691763658705,0,2,190,10.0,2.0,1.0,12.0,True,,accessible_official_786,named_subarea_candidate,11371710316.0,True,329294556.0,94614739.0,84830893.0,0.05263157894736842,0.028957346507207667,0.5449395646856671,87.90577716643742,77.20495807512516,False,,,,0.010526315789473684,,,73.69402985074628,,,83.64225297173007,insufficient,partial_or_unusable_sales,,,,incomplete_stay_evidence,72.00691763658705,2025q4_official_stores_sales__2026_09_poi_diagnostic_only
3120015,종로6가,발달상권,0.9670658682634732,0.053899167436495,0.0,0.0,37.02290076335878,27.417302798982192,86.00508905852418,40.90330788804072,7.832699619771863,70.86513994910942,40.863613715302975,0,1,179,11.0,1.0,0.0,12.0,True,,accessible_official_786,named_subarea_candidate,6907685394.0,True,325393832.0,130128488.0,85124547.0,0.061452513966480445,0.047106058461005816,0.661515412498661,83.7414030261348,78.64590710587508,False,,,,0.00558659217877095,,,22.57929104477612,,,65.3927694317272,insufficient,partial_or_unusable_sales,,,,incomplete_stay_evidence,40.863613715302975,2025q4_official_stores_sales__2026_09_poi_diagnostic_only
3110118,왕십리역 9번,골목상권,0.9670658682634732,0.0635269927882922,0.0,1.0,37.02290076335878,76.20865139949109,25.19083969465649,40.90330788804072,6.920152091254754,70.86513994910942,38.87766909509573,0,1,158,3.0,1.0,1.0,4.0,True,,accessible_official_786,named_subarea_candidate,6582155314.0,True,209391408.0,62339205.0,53080893.0,0.0189873417721519,0.031811982247613065,0.5512169725703359,18.1808803301238,27.525150756670364,False,,,,0.006329113924050633,,,18.978544776119403,,,18.42017966392248,insufficient,partial_or_unusable_sales,,,,incomplete_stay_evidence,38.87766909509573,2025q4_official_stores_sales__2026_09_poi_diagnostic_only
3110330,돌곶이역 1번,골목상권,0.9670658682634732,0.0724206543103963,0.0,0.0,37.02290076335878,27.417302798982192,21.119592875318062,40.90330788804072,0.0,70.86513994910942,29.56424936386768,0,0,112,3.0,1.0,0.0,4.0,True,,accessible_official_786,named_subarea_candidate,1131789676.0,True,14038072.0,3701219.0,4886009.0,0.026785714285714284,0.012403428214342538,0.6117099271181968,19.869325997248964,20.541886369957034,False,,,,0.008928571428571428,,,20.457089552238806,,,20.045655063745915,insufficient,partial_or_unusable_sales,,,,incomplete_stay_evidence,29.56424936386768,2025q4_official_stores_sales__2026_09_poi_diagnostic_only
3130102,이문제일시장,전통시장,0.9670658682634732,0.0072857337906479,0.0,0.0,37.02290076335878,27.417302798982192,3.816793893129771,40.90330788804072,0.0,70.86513994910942,26.96882951653944,0,0,25,0.0,0.0,0.0,0.0,True,,accessible_official_786,named_subarea_candidate,358154210.0,False,,,,0.0,,,0.0,,False,,,,0.0,,,0.0,,,0.0,supply_only,no_cafe_sales_rows,,185.0,,incomplete_stay_evidence,26.96882951653944,2025q4_official_stores_sales__2026_09_poi_diagnostic_only
3110196,홍릉근린공원,골목상권,0.9670658682634732,0.0372856784161125,0.0,0.0,37.02290076335878,27.417302798982192,3.816793893129771,40.90330788804072,0.0,70.86513994910942,26.96882951653944,0,0,28,0.0,0.0,0.0,0.0,True,,accessible_official_786,named_subarea_candidate,,False,,,,0.0,,,0.0,,False,,,,0.0,,,0.0,,,0.0,supply_only,no_cafe_sales_rows,,185.0,,incomplete_stay_evidence,26.96882951653944,2025q4_official_stores_sales__2026_09_poi_diagnostic_only
3130070,뚝섬역상점가,전통시장,0.9640718562874252,0.0561236815485681,3.0,3.0,97.83715012722644,93.38422391857506,95.80152671755724,40.90330788804072,17.14828897338403,70.0381679389313,72.2528130109618,0,4,350,19.0,5.0,3.0,24.0,True,,accessible_official_786,named_subarea_candidate,45405568682.0,True,582068861.0,237356590.0,148967319.0,0.054285714285714284,0.012819327626453622,0.663708256676524,87.1251719394773,79.5556034674205,True,154934628.0,36538914.0,38411154.0,0.014285714285714285,0.0034122384653981945,0.4837528509120634,81.31529850746269,67.64439316575019,75.98224037691939,85.38220990987291,complete,both_cafe_industries_sales_observed,40.0,,,incomplete_stay_evidence,72.2528130109618,2025q4_official_stores_sales__2026_09_poi_diagnostic_only
3120038,약수역,발달상권,0.9640718562874252,0.1367339337511763,1.0,0.0,79.00763358778626,27.417302798982192,76.33587786259542,87.53180661577609,43.64916247045525,70.0381679389313,63.75209712513431,1,4,542,21.0,7.0,0.0,28.0,True,,accessible_official_786,named_subarea_candidate,36979180987.0,True,369643317.0,112211221.0,91254906.0,0.03874538745387454,0.00999598441971843,0.5504390790866104,67.70976616231087,61.145321162102455,True,1507228165.0,372955316.0,352740183.0,0.012915129151291513,0.04075883036808914,0.481476869827469,68.38152985074626,71.7157551060487,64.31645134528632,67.91129526884149,complete,both_cafe_industries_sales_observed,82.0,,,incomplete_stay_evidence,63.75209712513431,2025q4_official_stores_sales__2026_09_poi_diagnostic_only
3110028,이화달팽이길,골목상권,0.9640718562874252,0.1590039666466332,0.0,1.0,37.02290076335878,59.28753180661578,58.52417302798983,40.90330788804072,5.589353612167301,70.0381679389313,40.99064425932914,0,2,171,16.0,5.0,1.0,21.0,True,,accessible_official_786,named_subarea_candidate,4635101757.0,True,97718159.0,39980841.0,25162988.0,0.0935672514619883,0.021082203611263672,0.6666501873003973,71.19669876203577,64.27407760833809,True,14253921.0,4329231.0,3934956.0,0.029239766081871343,0.0030752120983047492,0.5797834153844406,63.162313432835816,52.60177729772191,60.772387515153234,68.78638316327577,complete,both_cafe_industries_sales_observed,96.0,,,incomplete_stay_evidence,40.99064425932914,2025q4_official_stores_sales__2026_09_poi_diagnostic_only
3110124,뚝섬역교차로,골목상권,0.9640718562874252,0.0795354395863287,0.0,0.0,37.02290076335878,27.417302798982192,68.19338422391857,40.90330788804072,65.68560956393657,70.0381679389313,49.67974277792727,1,2,203,10.0,5.0,0.0,15.0,True,,accessible_official_786,named_subarea_candidate,1980689883.0,True,503237827.0,149451246.0,113891528.0,0.04926108374384237,0.2540719934600686,0.523296858604391,67.37964236588721,66.53127374951399,False,,,,0.024630541871921183,,,84.25373134328358,,,72.44186905910611,insufficient,partial_or_unusable_sales,,,,incomplete_stay_evidence,49.67974277792727,2025q4_official_stores_sales__2026_09_poi_diagnostic_only
3110129,성원어린이공원,골목상권,0.9640718562874252,0.0706389164911968,0.0,0.0,37.02290076335878,27.417302798982192,82.69720101781171,40.90330788804072,10.988593155893536,70.0381679389313,40.91591201540263,0,2,214,13.0,3.0,0.0,16.0,True,,accessible_official_786,named_subarea_candidate,1875451199.0,True,24000000.0,10604879.0,5367359.0,0.06074766355140187,0.012796920555862462,0.6655099166666667,81.31361760660248,66.22857355661378,False,,,,0.014018691588785047,,,63.54011194029851,,,75.98156590671128,insufficient,partial_or_unusable_sales,,,,incomplete_stay_evidence,40.91591201540263,2025q4_official_stores_sales__2026_09_poi_diagnostic_only
3110126,서울숲역 1번,골목상권,0.9640718562874252,0.0185164297625411,0.0,0.0,37.02290076335878,27.417302798982192,98.09160305343512,40.90330788804072,96.2045695886,70.0381679389313,60.26826760728744,1,3,55,8.0,1.0,0.0,9.0,True,,accessible_official_786,named_subarea_candidate,282344411.0,True,129000000.0,38047908.0,35232874.0,0.14545454545454545,0.4568888030866671,0.5680680775193798,98.2634112792297,85.35649420445233,False,,,,0.01818181818181818,,,74.1464552238806,,,91.02832446262497,insufficient,partial_or_unusable_sales,,,,incomplete_stay_evidence,60.26826760728744,2025q4_official_stores_sales__2026_09_poi_diagnostic_only
3110105,금동어린이공원,골목상권,0.9610778443113772,0.0689572793789091,0.0,0.0,37.02290076335878,27.417302798982192,43.00254452926209,40.90330788804072,14.25855513307985,69.59287531806616,35.57117667547093,0,3,113,5.0,2.0,0.0,7.0,True,,accessible_official_786,named_subarea_candidate,1355215861.0,True,54185334.0,16202148.0,12468518.0,0.04424778761061947,0.0399828068423116,0.5291222528959589,47.1251719394773,43.42147530050544,False,,,,0.017699115044247787,,,54.73414179104478,,,49.40786289494754,insufficient,partial_or_unusable_sales,,,,incomplete_stay_evidence,35.57117667547093,2025q4_official_stores_sales__2026_09_poi_diagnostic_only
3130083,"중곡제일시장(중곡제일골목시장, 광성시장)",전통시장,0.9580838323353292,0.041718669353915,0.0,0.0,37.02290076335878,27.417302798982192,66.66666666666666,40.90330788804072,14.942965779467682,69.27480916030534,39.2258705095831,0,2,225,5.0,3.0,0.0,8.0,True,,accessible_official_786,named_subarea_candidate,20940690533.0,True,24347058.0,6352530.0,7272568.0,0.022222222222222223,0.0011626673896752342,0.5596198932947053,51.18294360385145,40.1951742832524,True,100528161.0,23127933.0,20585120.0,0.013333333333333334,0.004800613467907363,0.4348339068890358,76.39458955223881,61.30516005498822,46.52817001477314,58.74643738836765,complete,both_cafe_industries_sales_observed,154.0,,,incomplete_stay_evidence,39.2258705095831,2025q4_official_stores_sales__2026_09_poi_diagnostic_only
3110165,국립정신건강센터,골목상권,0.9580838323353292,0.0956135630542434,2.0,4.0,91.34860050890585,90.20356234096693,28.62595419847328,40.90330788804072,16.615969581749052,69.27480916030534,59.5700132547722,0,6,162,5.0,0.0,4.0,5.0,True,,accessible_official_786,named_subarea_candidate,4136021046.0,True,85960221.0,27852748.0,18670108.0,0.030864197530864196,0.020783313248159907,0.5412137784057116,30.77372764786795,31.866870158276566,False,,,,0.0,,,0.0,,,21.541609353507564,insufficient,partial_or_unusable_sales,,,,incomplete_stay_evidence,59.5700132547722,2025q4_official_stores_sales__2026_09_poi_diagnostic_only
3110191,고려대역 6번,골목상권,0.9580838323353292,0.079112448117574,1.0,0.0,84.60559796437659,27.417302798982192,87.27735368956743,40.90330788804072,0.0,69.27480916030534,53.60368956743002,0,0,144,17.0,1.0,0.0,18.0,True,,accessible_official_786,named_subarea_candidate,3278269107.0,True,242135833.0,84308810.0,66417349.0,0.11805555555555555,0.07386087752313374,0.622485970508958,91.1416781292985,82.7196416552382,False,,,,0.006944444444444444,,,15.23320895522388,,,68.3691373770761,insufficient,partial_or_unusable_sales,,,,incomplete_stay_evidence,53.60368956743002,2025q4_official_stores_sales__2026_09_poi_diagnostic_only
3110168,대원고등학교,골목상권,0.9580838323353292,0.0584688645314084,0.0,4.0,37.02290076335878,96.31043256997457,40.20356234096692,40.90330788804072,90.31617168499298,69.27480916030534,60.66501550748205,2,3,116,4.0,1.0,4.0,5.0,True,,accessible_official_786,named_subarea_candidate,723024773.0,True,8516480.0,2305034.0,3085759.0,0.034482758620689655,0.011778960165725884,0.6329836974900428,40.43328748280605,35.142620661709884,False,,,,0.008620689655172414,,,25.90951492537313,,,36.07615571557617,insufficient,partial_or_unusable_sales,,,,incomplete_stay_evidence,60.66501550748205,2025q4_official_stores_sales__2026_09_poi_diagnostic_only
3120014,종로5가역,발달상권,0.9550898203592816,0.1359236266809117,0.0,2.0,37.02290076335878,74.04580152671755,87.53180661577609,40.90330788804072,35.54859041551057,68.63867684478372,53.407428006766246,1,1,636,30.0,2.0,2.0,32.0,True,,accessible_official_786,named_subarea_candidate,65849328770.0,True,1584564350.0,733986395.0,329745035.0,0.04716981132075472,0.024063485226016527,0.6713084451256272,79.52544704264099,77.64535888116514,False,,,,0.0031446540880503146,,,12.266791044776118,,,59.34785024328153,insufficient,partial_or_unusable_sales,,,,incomplete_stay_evidence,53.407428006766246,2025q4_official_stores_sales__2026_09_poi_diagnostic_only
3120084,공릉역,발달상권,0.9550898203592816,0.0809779350242889,3.0,3.0,96.0559796437659,88.67684478371501,63.61323155216285,98.34605597964376,69.86983180899531,68.63867684478372,82.33274498775327,1,4,249,9.0,4.0,3.0,13.0,True,,accessible_official_786,named_subarea_candidate,16961715462.0,True,1943288760.0,515476452.0,546995724.0,0.03614457831325301,0.11456911680623498,0.5467392174902509,57.92297111416782,62.38080407201881,True,115176818.0,22673184.0,29932826.0,0.01606425702811245,0.006790399134924481,0.4567413036189279,69.55223880597015,58.324725058915945,61.16398036808795,61.411751421708516,complete,both_cafe_industries_sales_observed,92.0,,,incomplete_stay_evidence,82.33274498775327,2025q4_official_stores_sales__2026_09_poi_diagnostic_only
3120048,금호역,발달상권,0.9550898203592816,0.0609852935694319,1.0,3.0,88.42239185750637,91.98473282442748,70.48346055979644,40.90330788804072,12.243346007604565,68.63867684478372,64.29981423968886,0,2,284,8.0,3.0,3.0,11.0,True,,accessible_official_786,named_subarea_candidate,15267589889.0,True,36784636.0,7847036.0,6003461.0,0.028169014084507043,0.002409328274301015,0.37652940211233843,57.18363136176066,43.96987329948184,True,70684990.0,15936418.0,19122235.0,0.01056338028169014,0.004629741204335542,0.49598440913693276,60.615671641791046,51.246759622937944,46.15293919651867,58.21324344576978,complete,both_cafe_industries_sales_observed,158.0,,,incomplete_stay_evidence,64.29981423968886,2025q4_official_stores_sales__2026_09_poi_diagnostic_only
3110438,경춘선숲길 우측,골목상권,0.9550898203592816,0.0999946038950072,3.0,3.0,94.40203562340967,86.38676844783714,58.269720101781175,40.90330788804072,11.44486692015209,68.63867684478372,63.26225582677852,0,3,290,10.0,4.0,3.0,14.0,True,,accessible_official_786,named_subarea_candidate,14143324153.0,True,176739642.0,63019221.0,47170521.0,0.034482758620689655,0.012496329723342374,0.623457990256651,54.02338376891334,51.882339825522,False,,,,0.013793103448275862,,,61.32929104477613,,,56.21515595167217,insufficient,partial_or_unusable_sales,,,,incomplete_stay_evidence,63.26225582677852,2025q4_official_stores_sales__2026_09_poi_diagnostic_only
3110214,경희대후문,골목상권,0.9550898203592816,0.0798010251186227,0.0,1.0,37.02290076335878,70.61068702290076,83.46055979643766,40.90330788804072,0.0,68.63867684478372,45.17175572519084,0,0,81,15.0,3.0,1.0,18.0,True,,accessible_official_786,named_subarea_candidate,3304368925.0,True,819824945.0,289821827.0,215664817.0,0.18518518518518517,0.2481033333770381,0.6165787551146056,89.79367262723521,85.73023551864735,True,264826584.0,59263872.0,75045120.0,0.037037037037037035,0.0801443755255022,0.5071582692770753,72.1268656716418,69.63354281225452,80.90122770672949,84.49363054055718,complete,both_cafe_industries_sales_observed,20.0,,,incomplete_stay_evidence,45.17175572519084,2025q4_official_stores_sales__2026_09_poi_diagnostic_only
3110223,군자초등학교,골목상권,0.9550898203592816,0.043548025769003,0.0,0.0,37.02290076335878,27.417302798982192,11.959287531806616,40.90330788804072,9.543726235741444,68.63867684478372,29.876302499056685,0,1,51,1.0,0.0,0.0,1.0,True,,accessible_official_786,named_subarea_candidate,196724827.0,False,,,,0.0196078431372549,,,9.50825309491059,,False,,,,0.0,,,0.0,,,6.655777166437412,supply_only,no_cafe_sales_rows,,166.0,,incomplete_stay_evidence,29.876302499056685,2025q4_official_stores_sales__2026_09_poi_diagnostic_only
3120032,충무로역,발달상권,0.9520958083832336,0.2363385050017294,3.0,6.0,84.7328244274809,83.33333333333334,92.49363867684478,84.35114503816794,45.90655294077348,67.8117048346056,76.19148870520304,2,2,1152,64.0,5.0,6.0,69.0,True,,accessible_official_786,named_subarea_candidate,44982900121.0,True,3150885547.0,1449703234.0,651168353.0,0.05555555555555555,0.07004629622644157,0.6667559185068679,85.83906464924347,85.17375856793291,True,417295140.0,105744099.0,84918173.0,0.004340277777777778,0.009276750473569139,0.45690029363869417,24.067164179104477,32.373330714846816,69.33363021200708,67.30749450820176,complete,both_cafe_industries_sales_observed,58.0,,,incomplete_stay_evidence,76.19148870520304,2025q4_official_stores_sales__2026_09_poi_diagnostic_only
3130042,약수시장,전통시장,0.9520958083832336,0.0281513219342963,0.0,0.0,37.02290076335878,27.417302798982192,81.93384223918575,99.23664122137404,17.11026615969582,67.8117048346056,47.63642982226996,0,2,152,5.0,1.0,0.0,6.0,True,,accessible_official_786,named_subarea_candidate,12059056176.0,True,95150313.0,30320231.0,22997452.0,0.03289473684210526,0.007890361535040252,0.5603521556466136,68.1636863823934,57.15447117805789,False,,,,0.006578947368421052,,,42.96175373134328,,,60.60310658707836,insufficient,partial_or_unusable_sales,,,,incomplete_stay_evidence,47.63642982226996,2025q4_official_stores_sales__2026_09_poi_diagnostic_only
3110142,화양사거리,골목상권,0.9520958083832336,0.1168029272855529,0.0,2.0,37.02290076335878,78.11704834605598,76.7175572519084,40.90330788804072,50.77176035350941,67.8117048346056,55.35791441166881,1,2,264,18.0,1.0,2.0,19.0,True,,accessible_official_786,named_subarea_candidate,4835591981.0,True,116720557.0,28753470.0,38468731.0,0.06818181818181818,0.02413780100939414,0.5759242649947258,79.29160935350757,68.20385332341158,False,,,,0.003787878787878788,,,5.704291044776119,,,57.21541386088813,insufficient,partial_or_unusable_sales,,,,incomplete_stay_evidence,55.35791441166881,2025q4_official_stores_sales__2026_09_poi_diagnostic_only
3120034,중구청(퇴계로4가),발달상권,0.9520958083832336,0.0951414358719149,0.0,1.0,37.02290076335878,67.55725190839695,72.13740458015268,40.90330788804072,63.869078203678974,67.8117048346056,55.70638561529051,1,3,203,13.0,1.0,1.0,14.0,True,,accessible_official_786,named_subarea_candidate,3192161840.0,True,83635145.0,55292280.0,18008688.0,0.06403940886699508,0.02620015813483943,0.8764373876556321,74.7283356258597,69.09580115767457,False,,,,0.0049261083743842365,,,8.96455223880597,,,54.999200609743575,insufficient,partial_or_unusable_sales,,,,incomplete_stay_evidence,55.70638561529051,2025q4_official_stores_sales__2026_09_poi_diagnostic_only
3110050,약수역 7번,골목상권,0.9520958083832336,0.0345269828630637,0.0,1.0,37.02290076335878,86.00508905852418,32.44274809160305,40.90330788804072,89.67320933100402,67.8117048346056,57.68018893999216,1,2,44,2.0,1.0,1.0,3.0,True,,accessible_official_786,named_subarea_candidate,1323377238.0,False,,,,0.045454545454545456,,,40.94566712517194,,False,,,,0.022727272727272728,,,58.62873134328358,,,46.25058639060543,supply_only,no_cafe_sales_rows,,36.0,,incomplete_stay_evidence,57.68018893999216,2025q4_official_stores_sales__2026_09_poi_diagnostic_only
3110047,다산성곽길,골목상권,0.9520958083832336,0.0853217773594521,0.0,0.0,37.02290076335878,27.417302798982192,61.32315521628499,40.90330788804072,12.775665399239545,67.8117048346056,37.84457328341025,0,3,51,9.0,0.0,0.0,9.0,True,,accessible_official_786,named_subarea_candidate,314123882.0,False,,,,0.17647058823529413,,,75.30261348005502,,False,,,,0.0,,,0.0,,,52.71182943603851,supply_only,no_cafe_sales_rows,,22.0,,incomplete_stay_evidence,37.84457328341025,2025q4_official_stores_sales__2026_09_poi_diagnostic_only
3110046,버티고개,골목상권,0.9520958083832336,0.0579696088157988,0.0,0.0,37.02290076335878,27.417302798982192,9.79643765903308,40.90330788804072,15.475285171102662,67.8117048346056,30.65548960419509,0,3,27,1.0,0.0,0.0,1.0,True,,accessible_official_786,named_subarea_candidate,,False,,,,0.037037037037037035,,,18.242778541953232,,False,,,,0.0,,,0.0,,,12.769944979367262,supply_only,no_cafe_sales_rows,,143.0,,incomplete_stay_evidence,30.65548960419509,2025q4_official_stores_sales__2026_09_poi_diagnostic_only
3110229,장평중학교,골목상권,0.9491017964071856,0.2054908375517188,1.0,1.0,76.59033078880407,56.74300254452926,25.82697201017812,40.90330788804072,0.0,67.1119592875318,46.164122137404576,0,0,330,10.0,3.0,1.0,13.0,True,,accessible_official_786,named_subarea_candidate,26539402642.0,True,42465529.0,9043391.0,5854966.0,0.030303030303030304,0.001600093625799854,0.35083413184373613,25.560522696011002,21.92900274761505,False,,,,0.00909090909090909,,,22.92910447761194,,,24.771097230491282,insufficient,partial_or_unusable_sales,,,,incomplete_stay_evidence,46.164122137404576,2025q4_official_stores_sales__2026_09_poi_diagnostic_only
3130032,인현시장,전통시장,0.9491017964071856,0.0197076655676576,0.0,1.0,37.02290076335878,92.74809160305344,97.70992366412212,40.90330788804072,19.011406844106464,67.1119592875318,54.27938060546252,0,3,135,8.0,0.0,1.0,8.0,True,,accessible_official_786,named_subarea_candidate,7797339361.0,True,29646500.0,11873525.0,8304963.0,0.05925925925925926,0.0038021302687276997,0.6806364326311706,90.22352132049518,71.82529254481358,False,,,,0.0,,,0.0,,,63.15646492434662,insufficient,partial_or_unusable_sales,,,,incomplete_stay_evidence,54.27938060546252,2025q4_official_stores_sales__2026_09_poi_diagnostic_only
3130031,청계천공구상가,전통시장,0.9491017964071856,0.0293194521156211,0.0,0.0,37.02290076335878,27.417302798982192,40.0763358778626,40.90330788804072,12.509505703422054,67.1119592875318,34.534343888776014,0,1,89,2.0,0.0,0.0,2.0,True,,accessible_official_786,named_subarea_candidate,3676872226.0,False,,,,0.02247191011235955,,,32.59284731774416,,False,,,,0.0,,,0.0,,,22.81499312242091,supply_only,no_cafe_sales_rows,,110.0,,incomplete_stay_evidence,34.534343888776014,2025q4_official_stores_sales__2026_09_poi_diagnostic_only
3110026,종로5가역 4번,골목상권,0.9491017964071856,0.0164727950307938,0.0,0.0,37.02290076335878,27.417302798982192,34.73282442748092,40.90330788804072,18.47908745247149,67.1119592875318,34.92673352102865,0,2,31,1.0,0.0,0.0,1.0,True,,accessible_official_786,named_subarea_candidate,3369516.0,False,,,,0.03225806451612903,,,28.97524071526822,,False,,,,0.0,,,0.0,,,20.282668500687752,supply_only,no_cafe_sales_rows,,117.0,,incomplete_stay_evidence,34.92673352102865,2025q4_official_stores_sales__2026_09_poi_diagnostic_only
3120055,군자역,발달상권,0.9461077844311376,0.2884717492795102,6.0,7.0,91.22137404580153,82.69720101781171,56.61577608142494,87.02290076335878,14.087623745418425,66.34860050890585,66.4180336549361,1,4,1117,28.0,14.0,7.0,42.0,True,,accessible_official_786,named_subarea_candidate,63057779018.0,True,1021803169.0,237143851.0,254304166.0,0.025067144136078783,0.01620423657338651,0.48096153144735454,45.08940852819808,47.31365402736409,True,847431733.0,151345071.0,160799594.0,0.012533572068039392,0.013438972101413506,0.3683419594106703,63.59141791044776,61.98109780047132,51.71388715929625,50.64001134287298,complete,both_cafe_industries_sales_observed,130.0,,,incomplete_stay_evidence,66.4180336549361,2025q4_official_stores_sales__2026_09_poi_diagnostic_only
3110147,능동우편취급국,골목상권,0.9461077844311376,0.1569084864495397,0.0,0.0,37.02290076335878,27.417302798982192,36.895674300254456,40.90330788804072,25.94594594594595,66.34860050890585,36.66819682277698,1,0,202,10.0,1.0,0.0,11.0,True,,accessible_official_786,named_subarea_candidate,11462243737.0,True,51522869.0,22058993.0,13639158.0,0.04950495049504951,0.004495007276252967,0.6928603102439812,45.63617606602476,42.52361435401664,False,,,,0.0049504950495049506,,,6.119402985074626,,,33.781144141739716,insufficient,partial_or_unusable_sales,,,,incomplete_stay_evidence,36.66819682277698,2025q4_official_stores_sales__2026_09_poi_diagnostic_only
3110156,군자역 5번,골목상권,0.9461077844311376,0.1535782110607594,0.0,1.0,37.02290076335878,59.92366412213741,33.078880407124686,40.90330788804072,30.691946699551263,66.34860050890585,41.92083208800186,1,1,171,9.0,2.0,1.0,11.0,True,,accessible_official_786,named_subarea_candidate,2531004185.0,True,16792739.0,5834384.0,7422611.0,0.05263157894736842,0.006634812814424485,0.7894480465634581,44.09559834938102,40.39747026036403,False,,,,0.011695906432748537,,,23.94589552238806,,,38.05068750128313,insufficient,partial_or_unusable_sales,,,,incomplete_stay_evidence,41.92083208800186,2025q4_official_stores_sales__2026_09_poi_diagnostic_only
3110150,중곡1동 마을마당,골목상권,0.9461077844311376,0.1593880026837776,1.0,1.0,77.86259541984732,59.16030534351145,55.08905852417303,40.90330788804072,5.551330798479087,66.34860050890585,52.331640205497344,0,2,251,15.0,2.0,1.0,17.0,True,,accessible_official_786,named_subarea_candidate,2422219832.0,True,48436905.0,15391198.0,17605609.0,0.05976095617529881,0.019996907118048895,0.6812327707561001,61.71939477303989,55.69061061832613,False,,,,0.00796812749003984,,,17.21082089552239,,,48.366822609784634,insufficient,partial_or_unusable_sales,,,,incomplete_stay_evidence,52.331640205497344,2025q4_official_stores_sales__2026_09_poi_diagnostic_only
3110162,군자역 4번,골목상권,0.9461077844311376,0.0708905446313285,0.0,1.0,37.02290076335878,73.53689567430025,42.36641221374045,40.90330788804072,15.931558935361217,66.34860050890585,42.40386903898064,0,4,150,5.0,3.0,1.0,8.0,True,,accessible_official_786,named_subarea_candidate,1593802989.0,True,42846506.0,9207610.0,16620885.0,0.03333333333333333,0.026883188383831046,0.6028144978729421,40.925034387895465,39.316823624432935,True,50489903.0,12096085.0,15585690.0,0.02,0.03167888587765724,0.5482635805420343,69.44496268656717,62.42726335428122,46.24995554338742,49.48101287749697,complete,both_cafe_industries_sales_observed,157.0,,,incomplete_stay_evidence,42.40386903898064,2025q4_official_stores_sales__2026_09_poi_diagnostic_only
3110329,우리은행체육관,골목상권,0.9461077844311376,0.0885422229480156,0.0,0.0,37.02290076335878,27.417302798982192,3.816793893129771,92.49363867684478,0.0,66.34860050890585,31.676208651399488,0,0,89,0.0,0.0,0.0,0.0,True,,accessible_official_786,named_subarea_candidate,869458998.0,False,,,,0.0,,,0.0,,False,,,,0.0,,,0.0,,,0.0,supply_only,no_cafe_sales_rows,,185.0,,incomplete_stay_evidence,31.676208651399488,2025q4_official_stores_sales__2026_09_poi_diagnostic_only
3110121,한양대역 4번,골목상권,0.9461077844311376,0.0292445831859834,2.0,2.0,99.23664122137404,96.18320610687024,60.17811704834606,98.9821882951654,0.0,66.34860050890585,69.75826972010178,0,0,51,3.0,1.0,2.0,4.0,True,,accessible_official_786,named_subarea_candidate,848022544.0,True,14223139.0,5895678.0,2782961.0,0.058823529411764705,0.016772123690145673,0.6101774720756086,66.16231086657496,53.61510791956819,False,,,,0.0196078431372549,,,61.282649253731336,,,64.69841238272187,insufficient,partial_or_unusable_sales,,,,incomplete_stay_evidence,69.75826972010178,2025q4_official_stores_sales__2026_09_poi_diagnostic_only
3110153,중곡1동주민센터,골목상권,0.9461077844311376,0.0500298256656206,0.0,0.0,37.02290076335878,27.417302798982192,58.01526717557252,40.90330788804072,74.70934813140137,66.34860050890585,49.58881619116577,1,1,90,5.0,2.0,0.0,7.0,True,,accessible_official_786,named_subarea_candidate,242697293.0,False,,,,0.05555555555555555,,,61.96698762035764,,False,,,,0.022222222222222223,,,69.33768656716418,,,64.1781973043996,supply_only,no_cafe_sales_rows,,11.0,,incomplete_stay_evidence,49.58881619116577,2025q4_official_stores_sales__2026_09_poi_diagnostic_only
3120006,종각역,발달상권,0.94311377245509,0.2701237119002433,9.0,7.0,94.78371501272264,83.7150127226463,96.0559796437659,92.36641221374046,9.142945226595415,65.45801526717557,73.0117951521893,1,1,1696,95.0,17.0,7.0,112.0,True,,accessible_official_786,named_subarea_candidate,113936049560.0,True,6520338710.0,2682462637.0,1200693613.0,0.05601415094339623,0.05722805674920576,0.5955451737567786,88.2668500687758,84.72834994133729,True,1345401186.0,435311429.0,465331112.0,0.010023584905660377,0.011808388926908482,0.6694230318598813,67.72388059701493,71.68303220738413,80.81475462115134,82.10395922724753,complete,both_cafe_industries_sales_observed,21.0,,,incomplete_stay_evidence,73.0117951521893,2025q4_official_stores_sales__2026_09_poi_diagnostic_only
3120008,인사동,발달상권,0.94311377245509,0.1821820285401519,0.0,0.0,37.02290076335878,27.417302798982192,97.32824427480917,85.49618320610686,7.300380228136882,65.45801526717557,46.37419818303195,0,3,1215,73.0,13.0,0.0,86.0,True,,accessible_official_786,named_subarea_candidate,38313641982.0,True,3570347318.0,1229272611.0,1229296198.0,0.060082304526748974,0.09318736442955156,0.6886077431753097,90.78404401650619,89.67247711061046,True,1733916085.0,639161669.0,546138677.0,0.010699588477366255,0.04525584087815523,0.6835972953097093,71.29664179104478,77.40764925373134,85.99302875354672,84.93782334886775,complete,both_cafe_industries_sales_observed,6.0,,,incomplete_stay_evidence,46.37419818303195,2025q4_official_stores_sales__2026_09_poi_diagnostic_only
3130004,낙원시장(낙원지하시장(대일상가)),전통시장,0.94311377245509,0.0086823172379084,0.0,0.0,37.02290076335878,27.417302798982192,65.01272264631042,40.90330788804072,19.50570342205323,65.45801526717557,39.5086470457338,0,2,230,1.0,0.0,0.0,1.0,True,,accessible_official_786,named_subarea_candidate,3141052362.0,False,,,,0.004347826086956522,,,15.543328748280604,,False,,,,0.0,,,0.0,,,10.880330123796423,supply_only,no_cafe_sales_rows,,151.0,,incomplete_stay_evidence,39.5086470457338,2025q4_official_stores_sales__2026_09_poi_diagnostic_only
3110019,창덕궁,골목상권,0.94311377245509,0.0409680943626428,0.0,0.0,37.02290076335878,27.417302798982192,99.10941475826972,40.90330788804072,15.019011406844108,65.45801526717557,43.725812459485866,0,2,213,20.0,3.0,0.0,23.0,True,,accessible_official_786,named_subarea_candidate,3248674610.0,True,810627610.0,389042606.0,251179378.0,0.09389671361502347,0.24952563962692464,0.7897855638053088,97.09078404401652,94.06233174188955,False,,,,0.014084507042253521,,,78.92723880597015,,,91.6417204726026,insufficient,partial_or_unusable_sales,,,,incomplete_stay_evidence,43.725812459485866,2025q4_official_stores_sales__2026_09_poi_diagnostic_only
3110120,서울숲카페거리,골목상권,0.94311377245509,0.0348254902205212,0.0,0.0,37.02290076335878,27.417302798982192,100.0,40.90330788804072,17.6425855513308,65.45801526717557,44.38411507464275,0,3,178,35.0,13.0,0.0,48.0,True,,accessible_official_786,named_subarea_candidate,1519953488.0,True,33000000.0,8538650.0,14708950.0,0.19662921348314608,0.02171119067822423,0.7044727272727273,99.90371389270976,82.18866033095743,False,,,,0.07303370786516854,,,99.9347014925373,,,99.91301017265802,insufficient,partial_or_unusable_sales,,,,incomplete_stay_evidence,44.38411507464275,2025q4_official_stores_sales__2026_09_poi_diagnostic_only
3130011,충신시장,전통시장,0.94311377245509,0.017920418431998,0.0,0.0,37.02290076335878,27.417302798982192,3.816793893129771,40.90330788804072,18.28897338403042,65.45801526717557,30.08591172515214,0,2,42,0.0,0.0,0.0,0.0,True,,accessible_official_786,named_subarea_candidate,,False,,,,0.0,,,0.0,,False,,,,0.0,,,0.0,,,0.0,supply_only,no_cafe_sales_rows,,185.0,,incomplete_stay_evidence,30.08591172515214,2025q4_official_stores_sales__2026_09_poi_diagnostic_only
3001492,명동 남대문 북창동 다동 무교동 관광특구,관광특구,0.937125748502994,0.9828817971994296,0.0,4.0,37.02290076335878,55.85241730279898,89.05852417302799,93.51145038167938,0.6844106463878328,64.75826972010178,48.80736558983736,0,4,8453,230.0,61.0,4.0,291.0,False,broad_tourism_zone;prefer_named_subarea,accessible_official_786,broad_zone_reference_only,537829815743.0,True,23547174262.0,10005725788.0,5417181347.0,0.02720927481367562,0.043781831301914896,0.654979105492467,69.01650618982119,73.06994976258173,True,5338252701.0,1923289337.0,1328888103.0,0.007216372885366142,0.00992554251315599,0.6092213355487609,62.322761194029844,68.0996170463472,71.57884994771136,67.00838269108378,complete,both_cafe_industries_sales_observed,53.0,,,incomplete_stay_evidence,48.80736558983736,2025q4_official_stores_sales__2026_09_poi_diagnostic_only
3120026,을지로입구역,발달상권,0.937125748502994,0.2001561183848667,0.0,0.0,37.02290076335878,27.417302798982192,88.16793893129771,90.96692111959288,4.220532319391635,64.75826972010178,44.86128203639741,0,2,758,45.0,8.0,0.0,53.0,True,,accessible_official_786,named_subarea_candidate,46787479927.0,True,4967628879.0,2487856517.0,786378018.0,0.059366754617414245,0.10617432028292025,0.6591141598442262,84.41540577716644,84.74940302066827,True,1809735389.0,611518814.0,489380156.0,0.010554089709762533,0.03867990735606263,0.6083204078847795,54.785447761194035,65.12612922230952,78.86242088116063,75.5264183723747,complete,both_cafe_industries_sales_observed,26.0,,,incomplete_stay_evidence,44.86128203639741,2025q4_official_stores_sales__2026_09_poi_diagnostic_only
3110435,서울과학기술대,골목상권,0.937125748502994,0.0178045027821793,1.0,1.0,98.09160305343512,93.76590330788804,79.77099236641222,40.90330788804072,15.893536121673003,64.75826972010178,69.20288025232442,0,1,67,3.0,0.0,1.0,3.0,True,,accessible_official_786,named_subarea_candidate,1958948908.0,True,210103419.0,83841037.0,42323053.0,0.04477611940298507,0.10725313873270247,0.6004856589220949,70.05845942228336,67.36009695575731,False,,,,0.0,,,0.0,,,49.04092159559835,insufficient,partial_or_unusable_sales,,,,incomplete_stay_evidence,69.20288025232442,2025q4_official_stores_sales__2026_09_poi_diagnostic_only
3110109,금호삼성래미안아파트,골목상권,0.937125748502994,0.0297659252116047,1.0,0.0,95.0381679389313,27.417302798982192,96.69211195928752,40.90330788804072,18.02281368821293,64.75826972010178,61.29858309387669,0,3,169,11.0,1.0,0.0,12.0,True,,accessible_official_786,named_subarea_candidate,1150700716.0,True,28432951.0,8632031.0,15522494.0,0.0650887573964497,0.02470924942050701,0.8495257843619538,91.27235213204952,77.24002552869894,False,,,,0.005917159763313609,,,39.51492537313433,,,75.74512410437497,insufficient,partial_or_unusable_sales,,,,incomplete_stay_evidence,61.29858309387669,2025q4_official_stores_sales__2026_09_poi_diagnostic_only
3110155,광진구청,골목상권,0.937125748502994,0.0972394220594485,1.0,0.0,82.56997455470739,27.417302798982192,60.43256997455471,40.90330788804072,11.749049429657797,64.75826972010178,50.86444092918856,0,3,145,10.0,1.0,0.0,11.0,True,,accessible_official_786,named_subarea_candidate,1389492369.0,True,113093661.0,62411614.0,29869449.0,0.06896551724137931,0.08139207060301602,0.8159702514184238,68.94085281980743,68.00310765444145,False,,,,0.006896551724137931,,,12.40205223880597,,,51.97921264550699,insufficient,partial_or_unusable_sales,,,,incomplete_stay_evidence,50.86444092918856,2025q4_official_stores_sales__2026_09_poi_diagnostic_only
3120030,중부경찰서(영화인의거리),발달상권,0.9311377245508982,0.1378510247876365,0.0,0.0,37.02290076335878,27.417302798982192,91.0941475826972,87.40458015267176,2.3193916349809887,64.18575063613231,44.50649919213615,0,1,431,34.0,5.0,0.0,39.0,True,,accessible_official_786,named_subarea_candidate,12205555550.0,True,1781757628.0,766257709.0,342034841.0,0.07888631090487239,0.1459792322193806,0.6220220598937714,90.3920220082531,87.37665087522575,True,117592159.0,44646710.0,24066697.0,0.01160092807424594,0.009634314351221808,0.5843366393162319,52.593283582089555,50.43371956009427,76.2937714806863,79.05240048040403,complete,both_cafe_industries_sales_observed,38.0,,,incomplete_stay_evidence,44.50649919213615,2025q4_official_stores_sales__2026_09_poi_diagnostic_only
3120029,을지로2가,발달상권,0.9311377245508982,0.0568336642298498,0.0,0.0,37.02290076335878,27.417302798982192,81.55216284987277,40.90330788804072,0.0,64.18575063613231,37.96119592875318,0,0,143,10.0,2.0,0.0,12.0,True,,accessible_official_786,named_subarea_candidate,7766141658.0,True,297871781.0,132734794.0,75120932.0,0.06993006993006994,0.038355182549774706,0.6978026763804122,82.8198074277854,78.19318959090532,True,68260291.0,19797681.0,22081892.0,0.013986013986013986,0.008789472817519909,0.6135276071413174,56.287313432835816,51.67085624509033,70.23648958716082,74.86005922930053,complete,both_cafe_industries_sales_observed,56.0,,,incomplete_stay_evidence,37.96119592875318,2025q4_official_stores_sales__2026_09_poi_diagnostic_only
3110043,충무초등학교,골목상권,0.9311377245508982,0.1099750700946959,0.0,0.0,37.02290076335878,27.417302798982192,47.58269720101781,40.90330788804072,58.29000102764362,64.18575063613231,44.52377628695366,1,3,195,9.0,3.0,0.0,12.0,True,,accessible_official_786,named_subarea_candidate,2017301516.0,True,157795750.0,72829911.0,36118625.0,0.046153846153846156,0.07822120230836133,0.6904402431624426,51.48211829436038,55.45206303456692,True,254618.0,13202.0,73557.0,0.015384615384615385,0.00012621712618591022,0.3407418171535398,49.83675373134328,35.24756971720345,49.39071503935787,50.98850892545525,complete,both_cafe_industries_sales_observed,144.0,,,incomplete_stay_evidence,44.52377628695366,2025q4_official_stores_sales__2026_09_poi_diagnostic_only
3130009,마전교지하쇼핑센터(구 한일상가),전통시장,0.9311377245508982,0.0044655641036424,0.0,0.0,37.02290076335878,27.417302798982192,88.04071246819338,40.90330788804072,19.391634980988595,64.18575063613231,42.81280536769899,0,1,22,1.0,0.0,0.0,1.0,True,,accessible_official_786,named_subarea_candidate,561238525.0,False,,,,0.045454545454545456,,,36.02819807427785,,False,,,,0.0,,,0.0,,,25.219738651994497,supply_only,no_cafe_sales_rows,,101.0,,incomplete_stay_evidence,42.81280536769899,2025q4_official_stores_sales__2026_09_poi_diagnostic_only
3110025,충신시장옆,골목상권,0.9281437125748504,0.0391542408380709,1.0,0.0,93.12977099236642,27.417302798982192,59.796437659033074,40.90330788804072,15.323193916349812,63.80407124681934,54.55636906316819,0,2,70,4.0,0.0,0.0,4.0,True,,accessible_official_786,named_subarea_candidate,412513532.0,False,,,,0.05714285714285714,,,65.43672627235213,,False,,,,0.0,,,0.0,,,45.80570839064649,supply_only,no_cafe_sales_rows,,37.0,,incomplete_stay_evidence,54.55636906316819,2025q4_official_stores_sales__2026_09_poi_diagnostic_only
3110031,창신역 1번,골목상권,0.9281437125748504,0.0328527179857973,0.0,2.0,37.02290076335878,94.91094147582696,34.987277353689564,40.90330788804072,16.425855513307987,63.80407124681934,44.34751206958272,0,2,46,2.0,0.0,2.0,2.0,True,,accessible_official_786,named_subarea_candidate,64663104.0,False,,,,0.043478260869565216,,,41.39958734525447,,False,,,,0.0,,,0.0,,,28.979711141678123,supply_only,no_cafe_sales_rows,,88.0,,incomplete_stay_evidence,44.34751206958272,2025q4_official_stores_sales__2026_09_poi_diagnostic_only
3120023,서울시청,발달상권,0.9251497005988024,0.088749515728105,0.0,0.0,37.02290076335878,27.417302798982192,85.87786259541986,98.85496183206108,4.904942965779468,63.61323155216285,45.32895296974622,0,1,601,18.0,4.0,0.0,22.0,True,,accessible_official_786,named_subarea_candidate,50042269747.0,True,1847504429.0,921329995.0,345555664.0,0.029950083194675542,0.03691887754773067,0.6857280768120962,68.87207702888583,72.00218268326032,True,1505580504.0,735250739.0,346619246.0,0.0066555740432612314,0.03008617537957016,0.7185733224664551,50.764925373134325,62.04860565593087,69.01610957506148,63.43993153216037,complete,both_cafe_industries_sales_observed,61.0,,,incomplete_stay_evidence,45.32895296974622,2025q4_official_stores_sales__2026_09_poi_diagnostic_only
3120028,명동(명동거리),발달상권,0.9221556886227544,0.2213490778651317,0.0,3.0,37.02290076335878,72.64631043256998,92.6208651399491,90.0763358778626,3.840304182509506,62.913486005089055,51.96398958968256,0,2,1712,60.0,20.0,3.0,80.0,True,,accessible_official_786,named_subarea_candidate,127213318942.0,True,10024115942.0,3164310457.0,2776184287.0,0.035046728971962614,0.07879769213921906,0.5926203146863004,76.44429160935351,77.29781485680081,True,1158452500.0,300892388.0,330224796.0,0.011682242990654205,0.009106377458229589,0.5447933203994122,76.41324626865672,75.16690396700707,76.65854158986268,76.43497800714447,complete,both_cafe_industries_sales_observed,37.0,,,incomplete_stay_evidence,51.96398958968256,2025q4_official_stores_sales__2026_09_poi_diagnostic_only
3120022,북창동(시청역_6번),발달상권,0.9221556886227544,0.1084361264665277,0.0,0.0,37.02290076335878,27.417302798982192,90.0763358778626,97.20101781170484,0.0,62.913486005089055,44.74236641221373,0,0,394,26.0,4.0,0.0,30.0,True,,accessible_official_786,named_subarea_candidate,74436258443.0,True,2397124533.0,1343712828.0,410673408.0,0.06598984771573604,0.03220372145431802,0.7318711280320453,87.19738651994498,85.70411691269473,True,386393265.0,159126080.0,82512152.0,0.01015228426395939,0.005190928091796593,0.6253686435243637,51.184701492537314,53.36218578161822,76.00153757337176,76.39358101172269,complete,both_cafe_industries_sales_observed,39.0,,,incomplete_stay_evidence,44.74236641221373,2025q4_official_stores_sales__2026_09_poi_diagnostic_only
3120025,롯데백화점(시청광장 지하쇼핑센터),발달상권,0.9221556886227544,0.0752043033130028,0.0,0.0,37.02290076335878,27.417302798982192,89.94910941475827,94.65648854961832,5.893536121673005,62.913486005089055,45.64753674087404,0,1,1084,18.0,15.0,0.0,33.0,True,,accessible_official_786,named_subarea_candidate,39552987207.0,True,314625793.0,162460256.0,81065584.0,0.016605166051660517,0.007954539346254945,0.7740174054960586,63.68638239339752,62.56536583732561,True,253770388.0,32162535.0,13538643.0,0.013837638376383764,0.006415960106170901,0.18008869498201657,85.07462686567163,69.12460722702278,64.53313825423476,70.10285573507976,complete,both_cafe_industries_sales_observed,81.0,,,incomplete_stay_evidence,45.64753674087404,2025q4_official_stores_sales__2026_09_poi_diagnostic_only
3120054,어린이대공원역,발달상권,0.9221556886227544,0.1450910444302478,5.0,7.0,95.29262086513997,91.73027989821882,75.82697201017811,94.91094147582696,8.517110266159696,62.913486005089055,71.20723884712507,0,3,625,22.0,2.0,7.0,24.0,True,,accessible_official_786,named_subarea_candidate,20342280154.0,True,659072856.0,161129645.0,183219376.0,0.0352,0.032399163270318214,0.5224748946419969,65.90784044016506,63.37368999713691,True,365966982.0,73844388.0,83370771.0,0.0032,0.01799046022517973,0.42958836925895133,10.279850746268657,22.88668499607227,51.22758849681751,49.219443531996134,complete,both_cafe_industries_sales_observed,135.0,,,incomplete_stay_evidence,71.20723884712507,2025q4_official_stores_sales__2026_09_poi_diagnostic_only
3110167,용마초등학교,골목상권,0.9221556886227544,0.1542352283240312,0.0,1.0,37.02290076335878,59.796437659033074,37.913486005089055,40.90330788804072,42.74689137807009,62.913486005089055,44.69441644355295,1,7,264,10.0,2.0,1.0,12.0,True,,accessible_official_786,named_subarea_candidate,6318874113.0,True,29732544.0,0.0,0.0,0.03787878787878788,0.004705354699000948,0.0,40.58115543328748,31.938626985119413,True,453727181.0,94885994.0,104251503.0,0.007575757575757576,0.07180506730883182,0.43889258862805486,16.87966417910448,31.22365966221524,31.72413678824816,33.470708057032574,complete,both_cafe_industries_sales_observed,205.0,,,incomplete_stay_evidence,44.69441644355295,2025q4_official_stores_sales__2026_09_poi_diagnostic_only
3110186,종암초등학교,골목상권,0.9221556886227544,0.0228729815450159,0.0,0.0,37.02290076335878,27.417302798982192,70.35623409669212,40.90330788804072,0.0,62.913486005089055,36.15458015267176,0,0,67,3.0,0.0,0.0,3.0,True,,accessible_official_786,named_subarea_candidate,2672267535.0,False,,,,0.04477611940298507,,,66.48211829436039,,False,,,,0.0,,,0.0,,,46.53748280605227,supply_only,no_cafe_sales_rows,,35.0,,incomplete_stay_evidence,36.15458015267176,2025q4_official_stores_sales__2026_09_poi_diagnostic_only
3110148,어린이대공원역 3번,골목상권,0.9221556886227544,0.0457219271775131,0.0,0.0,37.02290076335878,27.417302798982192,84.98727735368958,40.90330788804072,9.163498098859316,62.913486005089055,40.18193626099324,0,1,95,9.0,0.0,0.0,9.0,True,,accessible_official_786,named_subarea_candidate,1836555986.0,True,159737165.0,67788507.0,32832804.0,0.09473684210526316,0.08697647456307929,0.6299179718132596,88.44910591471802,80.09899907820623,False,,,,0.0,,,0.0,,,61.914374140302606,insufficient,partial_or_unusable_sales,,,,incomplete_stay_evidence,40.18193626099324,2025q4_official_stores_sales__2026_09_poi_diagnostic_only
3110144,어린이대공원역 4번,골목상권,0.9221556886227544,0.0427967201515514,1.0,1.0,92.49363867684478,82.1882951653944,72.90076335877863,40.90330788804072,83.25934299318331,62.913486005089055,78.04499836962904,1,2,89,6.0,3.0,1.0,9.0,True,,accessible_official_786,named_subarea_candidate,764382640.0,True,15815228.0,1188913.0,2997133.0,0.06741573033707865,0.020690197778432017,0.2646845179848182,76.10729023383769,58.0479546291608,False,,,,0.033707865168539325,,,89.05783582089552,,,79.99245390995503,insufficient,partial_or_unusable_sales,,,,incomplete_stay_evidence,78.04499836962904,2025q4_official_stores_sales__2026_09_poi_diagnostic_only
3110193,고려대역 4번,골목상권,0.9221556886227544,0.0677286891250741,0.0,1.0,37.02290076335878,74.42748091603053,33.587786259541986,40.90330788804072,0.0,62.913486005089055,37.69083969465649,0,0,73,4.0,1.0,1.0,5.0,True,,accessible_official_786,named_subarea_candidate,498311028.0,False,,,,0.0547945205479452,,,45.416093535075646,,False,,,,0.0136986301369863,,,31.478544776119403,,,41.234828907388774,supply_only,no_cafe_sales_rows,,51.0,,incomplete_stay_evidence,37.69083969465649,2025q4_official_stores_sales__2026_09_poi_diagnostic_only
3110149,세종대학교,골목상권,0.9221556886227544,0.0459213861440778,0.0,0.0,37.02290076335878,27.417302798982192,38.54961832061068,97.9643765903308,14.334600760456276,62.913486005089055,39.9566148085798,0,2,44,3.0,0.0,0.0,3.0,True,,accessible_official_786,named_subarea_candidate,380764874.0,False,,,,0.06818181818181818,,,52.558459422283356,,False,,,,0.0,,,0.0,,,36.79092159559835,supply_only,no_cafe_sales_rows,,64.0,,incomplete_stay_evidence,39.9566148085798,2025q4_official_stores_sales__2026_09_poi_diagnostic_only
3120083,등나무근린공원,발달상권,0.9191616766467066,0.1257233662584766,1.0,2.0,79.77099236641222,76.46310432569975,19.84732824427481,40.90330788804072,9.847908745247148,61.895674300254456,50.6273425632988,0,3,573,5.0,2.0,2.0,7.0,True,,accessible_official_786,named_subarea_candidate,55914102954.0,True,1112509454.0,345761548.0,355861752.0,0.008726003490401396,0.01989675940818099,0.6306672698171966,10.020632737276479,26.903638147092046,True,856370702.0,212909662.0,225589622.0,0.0034904013961605585,0.015315826540301076,0.51204377143673,14.552238805970148,31.699725058915945,28.342464220639215,11.380114557884578,complete,both_cafe_industries_sales_observed,212.0,,,incomplete_stay_evidence,50.6273425632988,2025q4_official_stores_sales__2026_09_poi_diagnostic_only
3110327,상월곡역 2번,골목상권,0.9191616766467066,0.1172604622754066,0.0,0.0,37.02290076335878,27.417302798982192,27.60814249363868,40.90330788804072,3.460076045627377,61.895674300254456,30.332600450855757,0,1,145,6.0,0.0,0.0,6.0,True,,accessible_official_786,named_subarea_candidate,4732921601.0,True,95521329.0,34941093.0,25070135.0,0.041379310344827586,0.020182318037936162,0.6282495085469341,35.94910591471802,38.371552481087505,False,,,,0.0,,,0.0,,,25.164374140302613,insufficient,partial_or_unusable_sales,,,,incomplete_stay_evidence,30.332600450855757,2025q4_official_stores_sales__2026_09_poi_diagnostic_only
3130125,장위전통시장,전통시장,0.9191616766467066,0.0588437102782146,0.0,0.0,37.02290076335878,27.417302798982192,3.816793893129771,40.90330788804072,0.0,61.895674300254456,26.071882951653944,0,0,92,0.0,2.0,0.0,2.0,True,,accessible_official_786,named_subarea_candidate,2023943755.0,False,,,,0.0,,,0.0,,False,,,,0.021739130434782608,,,62.803171641791046,,,18.840951492537314,supply_only,no_cafe_sales_rows,,121.0,,incomplete_stay_evidence,26.071882951653944,2025q4_official_stores_sales__2026_09_poi_diagnostic_only
3110432,대진고등학교,골목상권,0.9191616766467066,0.0690463585837646,0.0,0.0,37.02290076335878,27.417302798982192,69.97455470737913,40.90330788804072,66.2076525194396,61.895674300254456,49.23707757767927,1,1,109,9.0,1.0,0.0,10.0,True,,accessible_official_786,named_subarea_candidate,1918019199.0,True,7169056.0,3546990.0,1537464.0,0.08256880733944955,0.0037377394364653594,0.7092222462762182,76.97386519944979,61.051526802058966,False,,,,0.009174311926605505,,,22.60727611940299,,,60.66388847543575,insufficient,partial_or_unusable_sales,,,,incomplete_stay_evidence,49.23707757767927,2025q4_official_stores_sales__2026_09_poi_diagnostic_only
3110197,세종대왕기념관교차로,골목상권,0.9191616766467066,0.0247519417035206,0.0,0.0,37.02290076335878,27.417302798982192,20.10178117048346,40.90330788804072,0.0,61.895674300254456,28.514631043257,0,0,25,1.0,0.0,0.0,1.0,True,,accessible_official_786,named_subarea_candidate,124851222.0,True,9318054.0,7430176.0,1830915.0,0.04,0.07463326229998773,0.9938868137059519,26.832874828060522,33.06023542981623,False,,,,0.0,,,0.0,,,18.783012379642365,insufficient,partial_or_unusable_sales,,,,incomplete_stay_evidence,28.514631043257,2025q4_official_stores_sales__2026_09_poi_diagnostic_only
3110427,노원 을지대학교병원,골목상권,0.9191616766467066,0.0306160853470997,0.0,0.0,37.02290076335878,27.417302798982192,15.776081424936386,40.90330788804072,16.73003802281369,61.895674300254456,31.211783685987672,0,2,38,1.0,1.0,0.0,2.0,True,,accessible_official_786,named_subarea_candidate,,False,,,,0.02631578947368421,,,15.753094910591473,,False,,,,0.02631578947368421,,,63.25559701492537,,,30.003845541891643,supply_only,no_cafe_sales_rows,,85.0,,incomplete_stay_evidence,31.211783685987672,2025q4_official_stores_sales__2026_09_poi_diagnostic_only
3110420,광운대역 1번,골목상권,0.9161676646706588,0.050392855330217,2.0,0.0,96.43765903307887,27.417302798982192,77.48091603053436,97.45547073791349,16.34980988593156,61.32315521628499,63.81385510695731,0,3,147,8.0,0.0,0.0,8.0,True,,accessible_official_786,named_subarea_candidate,3529685804.0,True,414984843.0,153403180.0,101427273.0,0.05442176870748299,0.1175699101970267,0.6140717120119011,75.68775790921595,73.79675592144866,False,,,,0.0,,,0.0,,,52.98143053645116,insufficient,partial_or_unusable_sales,,,,incomplete_stay_evidence,63.81385510695731,2025q4_official_stores_sales__2026_09_poi_diagnostic_only
3110305,보문역 5번,골목상권,0.9161676646706588,0.1473129338836373,1.0,2.0,78.49872773536896,72.7735368956743,65.13994910941476,40.90330788804072,2.091254752851712,61.32315521628499,54.87753848237696,0,1,168,17.0,0.0,2.0,17.0,True,,accessible_official_786,named_subarea_candidate,3406179568.0,True,63855108.0,22452627.0,18218697.0,0.10119047619047619,0.018746841358541082,0.6369314104049436,75.67400275103162,64.84306372403312,False,,,,0.0,,,0.0,,,52.97180192572213,insufficient,partial_or_unusable_sales,,,,incomplete_stay_evidence,54.87753848237696,2025q4_official_stores_sales__2026_09_poi_diagnostic_only
3130126,새석관시장,전통시장,0.9161676646706588,0.0073211567894353,0.0,0.0,37.02290076335878,27.417302798982192,3.816793893129771,40.90330788804072,18.783269961977187,61.32315521628499,29.77128503565244,0,1,22,0.0,0.0,0.0,0.0,True,,accessible_official_786,named_subarea_candidate,18128468.0,False,,,,0.0,,,0.0,,False,,,,0.0,,,0.0,,,0.0,supply_only,no_cafe_sales_rows,,185.0,,incomplete_stay_evidence,29.77128503565244,2025q4_official_stores_sales__2026_09_poi_diagnostic_only
3110313,안암역 3번,골목상권,0.9131736526946108,0.082226772520556,3.0,4.0,95.80152671755724,91.85750636132316,80.1526717557252,93.25699745547074,0.0,61.00508905852418,69.96819338422392,0,0,253,14.0,1.0,4.0,15.0,True,,accessible_official_786,named_subarea_candidate,11899040677.0,True,698055927.0,251552162.0,133816728.0,0.05533596837944664,0.058664891225163426,0.5520601933088378,77.73039889958736,73.5735246345795,False,,,,0.003952569169960474,,,9.305037313432836,,,57.202790423741,insufficient,partial_or_unusable_sales,,,,incomplete_stay_evidence,69.96819338422392,2025q4_official_stores_sales__2026_09_poi_diagnostic_only
3110230,장안현대홈타운1차아파트,골목상권,0.9131736526946108,0.079734772144026,0.0,0.0,37.02290076335878,27.417302798982192,26.97201017811705,40.90330788804072,0.0,61.00508905852418,29.456106870229007,0,0,164,4.0,0.0,0.0,4.0,True,,accessible_official_786,named_subarea_candidate,4857347678.0,True,22951661.0,12184499.0,5305941.0,0.024390243902439025,0.004725142716045043,0.7620555218204034,25.103163686382395,27.266054620209353,False,,,,0.0,,,0.0,,,17.572214580467676,insufficient,partial_or_unusable_sales,,,,incomplete_stay_evidence,29.456106870229007,2025q4_official_stores_sales__2026_09_poi_diagnostic_only
3130076,능동로골목시장,전통시장,0.9101796407185628,0.0289676954423432,0.0,1.0,37.02290076335878,87.78625954198473,72.51908396946564,40.90330788804072,12.623574144486692,60.75063613231551,47.84278098665815,0,1,131,4.0,2.0,1.0,6.0,True,,accessible_official_786,named_subarea_candidate,2644908034.0,True,17692780.0,1621357.0,4818964.0,0.030534351145038167,0.006689374364840392,0.36400842603593103,60.33700137551581,45.24986022764,False,,,,0.015267175572519083,,,78.07369402985074,,,65.65800917181629,insufficient,partial_or_unusable_sales,,,,incomplete_stay_evidence,47.84278098665815,2025q4_official_stores_sales__2026_09_poi_diagnostic_only
3110145,장안초등학교,골목상권,0.9101796407185628,0.0149446169156735,0.0,2.0,37.02290076335878,98.85496183206108,70.86513994910942,40.90330788804072,18.74524714828897,60.75063613231551,50.47932932787663,0,2,31,2.0,4.0,2.0,6.0,True,,accessible_official_786,named_subarea_candidate,378273133.0,True,21720355.0,7560285.0,8599364.0,0.06451612903225806,0.05741976657908718,0.7439864127450956,65.57427785419532,59.90460254562673,False,,,,0.12903225806451613,,,99.75746268656717,,,75.82923330390688,insufficient,partial_or_unusable_sales,,,,incomplete_stay_evidence,50.47932932787663,2025q4_official_stores_sales__2026_09_poi_diagnostic_only
3120010,원남동사거리,발달상권,0.907185628742515,0.0990457868654798,0.0,1.0,37.02290076335878,66.66666666666666,75.69974554707379,40.90330788804072,0.0,60.30534351145038,42.58269720101781,0,0,271,15.0,1.0,1.0,16.0,True,,accessible_official_786,named_subarea_candidate,11191178057.0,True,740947651.0,361815305.0,92015405.0,0.055350553505535055,0.06620819070397532,0.6125003694761696,74.91746905089408,73.5984131344336,False,,,,0.0036900369003690036,,,6.501865671641791,,,54.39278803711839,insufficient,partial_or_unusable_sales,,,,incomplete_stay_evidence,42.58269720101781,2025q4_official_stores_sales__2026_09_poi_diagnostic_only
3120013,이화사거리,발달상권,0.907185628742515,0.1341823352353747,0.0,0.0,37.02290076335878,27.417302798982192,75.57251908396947,87.78625954198473,6.615969581749049,60.30534351145038,42.6876977331437,0,2,193,20.0,5.0,0.0,25.0,True,,accessible_official_786,named_subarea_candidate,8010040206.0,True,1084770710.0,482068535.0,241968792.0,0.10362694300518134,0.1354263751619426,0.667456560474425,82.33837689133424,82.1233268144953,True,222225790.0,56598375.0,60513531.0,0.025906735751295335,0.02774340506225419,0.5269951160934111,68.51679104477611,64.86964846818539,76.94722331060233,78.19190113736678,complete,both_cafe_industries_sales_observed,33.0,,,incomplete_stay_evidence,42.6876977331437,2025q4_official_stores_sales__2026_09_poi_diagnostic_only
3130064,금남시장,전통시장,0.907185628742515,0.0112655286290822,0.0,0.0,37.02290076335878,27.417302798982192,52.29007633587786,40.90330788804072,19.16349809885932,60.30534351145038,37.01654185895761,0,2,111,1.0,0.0,0.0,1.0,True,,accessible_official_786,named_subarea_candidate,4627800493.0,False,,,,0.009009009009009009,,,16.55433287482806,,False,,,,0.0,,,0.0,,,11.588033012379642,supply_only,no_cafe_sales_rows,,148.0,,incomplete_stay_evidence,37.01654185895761,2025q4_official_stores_sales__2026_09_poi_diagnostic_only
3110302,보문역 8번,골목상권,0.907185628742515,0.0674811155752816,0.0,0.0,37.02290076335878,27.417302798982192,52.54452926208651,40.90330788804072,6.539923954372624,60.30534351145038,34.52999496899157,0,1,136,6.0,2.0,0.0,8.0,True,,accessible_official_786,named_subarea_candidate,2543085856.0,True,91168857.0,32196252.0,25070736.0,0.04411764705882353,0.03584969684955851,0.62814199809481,53.51444291609353,51.94908172531912,True,164915956.0,29271244.0,27576135.0,0.014705882352941176,0.06484875672243132,0.3447051478754427,51.68843283582089,49.50427140612725,51.21563862956155,52.966639892011735,complete,both_cafe_industries_sales_observed,136.0,,,incomplete_stay_evidence,34.52999496899157,2025q4_official_stores_sales__2026_09_poi_diagnostic_only
3130074,영동교골목시장,전통시장,0.907185628742515,0.0142502443567265,0.0,0.0,37.02290076335878,27.417302798982192,3.816793893129771,40.90330788804072,18.8212927756654,60.30534351145038,29.677108427906617,0,2,44,0.0,0.0,0.0,0.0,True,,accessible_official_786,named_subarea_candidate,1268937774.0,False,,,,0.0,,,0.0,,False,,,,0.0,,,0.0,,,0.0,supply_only,no_cafe_sales_rows,,185.0,,incomplete_stay_evidence,29.677108427906617,2025q4_official_stores_sales__2026_09_poi_diagnostic_only
3120056,구의역,발달상권,0.9041916167664672,0.1586119681481813,3.0,1.0,89.69465648854961,59.4147582697201,70.61068702290076,94.27480916030534,11.93916349809886,59.47837150127226,64.17536450623554,0,5,735,21.0,3.0,1.0,24.0,True,,accessible_official_786,named_subarea_candidate,36942875600.0,True,637288308.0,215860369.0,161763733.0,0.02857142857142857,0.01725064163657038,0.5925482976223063,57.41746905089409,57.35171666150763,True,340457107.0,59614010.0,81273709.0,0.004081632653061225,0.009215771687247866,0.41381929207311274,20.755597014925375,27.58812843676355,48.4226401940844,46.418907440103474,complete,both_cafe_industries_sales_observed,147.0,,,incomplete_stay_evidence,64.17536450623554,2025q4_official_stores_sales__2026_09_poi_diagnostic_only
3120059,구삼강변맛길,발달상권,0.9041916167664672,0.108877415642917,2.0,11.0,89.44020356234097,98.21882951653944,59.16030534351145,40.90330788804072,68.06049395403008,59.47837150127226,74.08919802744724,2,1,373,11.0,2.0,11.0,13.0,True,,accessible_official_786,named_subarea_candidate,22790930822.0,True,533753864.0,168798741.0,153700958.0,0.029490616621983913,0.023419572819060527,0.6042105186520954,51.052269601100406,53.865053698415586,False,,,,0.005361930294906166,,,21.97761194029851,,,42.32987230285983,insufficient,partial_or_unusable_sales,,,,incomplete_stay_evidence,74.08919802744724,2025q4_official_stores_sales__2026_09_poi_diagnostic_only
3110159,구의역 4번,골목상권,0.9041916167664672,0.2107335010857079,1.0,4.0,76.33587786259542,79.51653944020356,35.49618320610687,40.90330788804072,20.68817867296955,59.47837150127226,54.3284754292504,1,3,418,13.0,3.0,4.0,16.0,True,,accessible_official_786,named_subarea_candidate,9735352556.0,True,137918392.0,53367973.0,48987082.0,0.03110047846889952,0.014166758851994471,0.7421421720172028,35.23383768913343,40.64349264170785,False,,,,0.007177033492822967,,,18.073694029850746,,,30.085794591348623,insufficient,partial_or_unusable_sales,,,,incomplete_stay_evidence,54.3284754292504,2025q4_official_stores_sales__2026_09_poi_diagnostic_only
3110166,구의1동주민센터,골목상권,0.9041916167664672,0.1315184451548985,1.0,1.0,79.13486005089058,62.08651399491095,72.264631043257,40.90330788804072,40.897817970061325,59.47837150127226,62.11086130393593,1,1,327,18.0,5.0,1.0,23.0,True,,accessible_official_786,named_subarea_candidate,8675998319.0,True,163480184.0,49558474.0,43466158.0,0.05504587155963303,0.018842809552185667,0.5690269592551963,71.97730398899587,63.47899605111479,True,78095884.0,14420753.0,18014148.0,0.01529051987767584,0.00900137149968943,0.4153215168164304,61.315298507462686,50.65097211311861,59.630588869715936,68.77870234453592,complete,both_cafe_industries_sales_observed,103.0,,,incomplete_stay_evidence,62.11086130393593,2025q4_official_stores_sales__2026_09_poi_diagnostic_only
3110170,동대부여고,골목상권,0.9041916167664672,0.1206341565886115,0.0,0.0,37.02290076335878,27.417302798982192,26.590330788804074,40.90330788804072,49.1402048436269,59.47837150127226,39.07422417483225,1,2,219,6.0,4.0,0.0,10.0,True,,accessible_official_786,named_subarea_candidate,1822271575.0,True,93384217.0,31371628.0,22321997.0,0.0273972602739726,0.051246048218691005,0.5749753729797831,24.026822558459422,30.432064414865955,False,,,,0.0182648401826484,,,58.94589552238806,,,34.502544447638016,insufficient,partial_or_unusable_sales,,,,incomplete_stay_evidence,39.07422417483225,2025q4_official_stores_sales__2026_09_poi_diagnostic_only
3110173,구남초등학교,골목상권,0.9041916167664672,0.0492291862831634,1.0,0.0,90.96692111959288,27.417302798982192,47.45547073791349,40.90330788804072,13.992395437262358,59.47837150127226,51.35763939279599,0,2,85,4.0,0.0,0.0,4.0,True,,accessible_official_786,named_subarea_candidate,1328860624.0,True,112088514.0,46954719.0,31202157.0,0.047058823529411764,0.08434933805367989,0.697278188557304,51.85006877579093,54.63252951414158,False,,,,0.0,,,0.0,,,36.29504814305365,insufficient,partial_or_unusable_sales,,,,incomplete_stay_evidence,51.35763939279599,2025q4_official_stores_sales__2026_09_poi_diagnostic_only
3110175,푸른동산공원,골목상권,0.9041916167664672,0.0960408407817767,0.0,1.0,37.02290076335878,67.04834605597965,67.8117048346056,40.90330788804072,14.106463878326998,59.47837150127226,44.19533857719212,0,4,150,12.0,2.0,1.0,14.0,True,,accessible_official_786,named_subarea_candidate,1151174760.0,True,12091855.0,2750946.0,1754586.0,0.08,0.010503926441194732,0.37260883462462957,75.36107290233838,55.90312360987829,False,,,,0.013333333333333334,,,38.92257462686567,,,64.42952341969657,insufficient,partial_or_unusable_sales,,,,incomplete_stay_evidence,44.19533857719212,2025q4_official_stores_sales__2026_09_poi_diagnostic_only
3130082,면곡골목시장,전통시장,0.9041916167664672,0.0077867781361269,0.0,0.0,37.02290076335878,27.417302798982192,3.816793893129771,40.90330788804072,18.631178707224333,59.47837150127226,29.556388413200597,0,1,35,0.0,0.0,0.0,0.0,True,,accessible_official_786,named_subarea_candidate,428281558.0,False,,,,0.0,,,0.0,,False,,,,0.0,,,0.0,,,0.0,supply_only,no_cafe_sales_rows,,185.0,,incomplete_stay_evidence,29.556388413200597,2025q4_official_stores_sales__2026_09_poi_diagnostic_only
3120003,광화문역,발달상권,0.9011976047904192,0.3942269485656003,1.0,3.0,74.42748091603053,62.34096692111959,91.98473282442748,88.42239185750637,0.2281368821292775,58.71501272264631,60.23646707108234,0,1,1840,102.0,18.0,3.0,120.0,True,,accessible_official_786,named_subarea_candidate,73758015706.0,True,7864619596.0,3592386612.0,1691096699.0,0.05543478260869565,0.10662732071519429,0.6718040518688553,85.42640990371389,86.30333044973831,True,719414039.0,234366857.0,181101301.0,0.009782608695652175,0.009753706524150401,0.5775091052956224,57.3320895522388,61.18509426551453,78.76785959447116,76.99811379827136,complete,both_cafe_industries_sales_observed,28.0,,,incomplete_stay_evidence,60.23646707108234,2025q4_official_stores_sales__2026_09_poi_diagnostic_only
3120004,종로구청,발달상권,0.9011976047904192,0.1239745268476526,0.0,0.0,37.02290076335878,27.417302798982192,81.80661577608143,88.93129770992367,3.1178707224334605,58.71501272264631,42.87866320301086,0,1,489,22.0,2.0,0.0,24.0,True,,accessible_official_786,named_subarea_candidate,23911883734.0,True,1758291458.0,776832804.0,427722868.0,0.044989775051124746,0.07353211806980761,0.6850716737088306,74.38101788170565,76.8811188758626,False,,,,0.00408997955010225,,,16.091417910447763,,,56.89413789032828,insufficient,partial_or_unusable_sales,,,,incomplete_stay_evidence,42.87866320301086,2025q4_official_stores_sales__2026_09_poi_diagnostic_only
3110304,보문역 4번,골목상권,0.9011976047904192,0.0932179393642146,1.0,1.0,83.07888040712467,68.06615776081425,61.959287531806616,40.90330788804072,4.600760456273764,58.71501272264631,55.30946506835399,0,1,138,10.0,5.0,1.0,15.0,True,,accessible_official_786,named_subarea_candidate,2731053002.0,True,123842859.0,39693218.0,48156420.0,0.07246376811594203,0.045346193907371116,0.7093637752662024,70.67744154057772,67.3486005339434,True,646793.0,646793.0,0.0,0.036231884057971016,0.00023682916425508464,1.0,85.44776119402985,67.52724862529458,67.40219496134875,75.10853743661335,complete,both_cafe_industries_sales_observed,65.0,,,incomplete_stay_evidence,55.30946506835399,2025q4_official_stores_sales__2026_09_poi_diagnostic_only
3110164,아차산역 5번,골목상권,0.9011976047904192,0.0849842193221789,0.0,1.0,37.02290076335878,69.8473282442748,17.17557251908397,40.90330788804072,12.813688212927756,58.71501272264631,36.6848750471657,0,3,76,3.0,1.0,1.0,4.0,True,,accessible_official_786,named_subarea_candidate,1651577458.0,False,,,,0.039473684210526314,,,24.46354883081155,,False,,,,0.013157894736842105,,,24.673507462686565,,,24.526536420374054,supply_only,no_cafe_sales_rows,,107.0,,incomplete_stay_evidence,36.6848750471657,2025q4_official_stores_sales__2026_09_poi_diagnostic_only
3110127,성수1가1동주민센터,골목상권,0.8952095808383234,0.0387448903202353,0.0,0.0,37.02290076335878,27.417302798982192,86.38676844783714,40.90330788804072,86.78861370876581,58.396946564885496,55.46522910307631,1,2,134,8.0,1.0,0.0,9.0,True,,accessible_official_786,named_subarea_candidate,478703733.0,True,184219542.0,107161712.0,15165096.0,0.05970149253731343,0.3848299674738488,0.6640273158425288,83.55226960110042,79.0455057600152,False,,,,0.007462686567164179,,,34.16044776119403,,,68.7347230491285,insufficient,partial_or_unusable_sales,,,,incomplete_stay_evidence,55.46522910307631,2025q4_official_stores_sales__2026_09_poi_diagnostic_only
3120071,성북구청,발달상권,0.8922155688622755,0.0500016598739593,3.0,3.0,98.34605597964376,94.78371501272264,90.33078880407125,40.90330788804072,13.91634980988593,58.14249363867684,69.95884248106117,0,2,238,12.0,1.0,3.0,13.0,True,,accessible_official_786,named_subarea_candidate,7156035989.0,True,183371944.0,68723657.0,54932917.0,0.05042016806722689,0.025624793430591004,0.6743483834146405,82.34525447042641,74.99659616208537,False,,,,0.004201680672268907,,,21.986940298507463,,,64.23776021885072,insufficient,partial_or_unusable_sales,,,,incomplete_stay_evidence,69.95884248106117,2025q4_official_stores_sales__2026_09_poi_diagnostic_only
3110300,삼선동주민센터,골목상권,0.8922155688622755,0.1555438898187097,0.0,1.0,37.02290076335878,59.66921119592875,73.79134860050891,40.90330788804072,1.8250950570342208,58.14249363867684,41.39555336255188,0,1,244,22.0,4.0,1.0,26.0,True,,accessible_official_786,named_subarea_candidate,3660808016.0,True,872027057.0,322895402.0,213692682.0,0.09016393442622951,0.23820617011017822,0.6153342143373425,80.25447042640991,79.07989283549637,False,,,,0.01639344262295082,,,48.54477611940298,,,70.74156213430783,insufficient,partial_or_unusable_sales,,,,incomplete_stay_evidence,41.39555336255188,2025q4_official_stores_sales__2026_09_poi_diagnostic_only
3110297,경동고등학교,골목상권,0.8922155688622755,0.1671365327862268,0.0,0.0,37.02290076335878,27.417302798982192,53.18066157760815,40.90330788804072,5.32319391634981,58.14249363867684,34.1657838214379,0,2,224,15.0,3.0,0.0,18.0,True,,accessible_official_786,named_subarea_candidate,2730780596.0,True,22218255.0,8949921.0,9073099.0,0.06696428571428571,0.008136228532070616,0.8111807160373306,62.29023383768914,54.156690760401275,False,,,,0.013392857142857142,,,35.39179104477612,,,54.22070099981523,insufficient,partial_or_unusable_sales,,,,incomplete_stay_evidence,34.1657838214379,2025q4_official_stores_sales__2026_09_poi_diagnostic_only
3120057,아차산역,발달상권,0.8802395209580839,0.2011027079340528,1.0,2.0,76.7175572519084,66.2849872773537,41.85750636132315,84.98727735368958,25.893878669544076,57.50636132315522,58.66478082296734,1,5,525,14.0,7.0,2.0,21.0,True,,accessible_official_786,named_subarea_candidate,30789336442.0,True,1290652436.0,404832707.0,327533399.0,0.02666666666666667,0.04191881297706078,0.5674386733191739,36.354883081155435,45.42954085924298,True,541734635.0,117159029.0,120541982.0,0.013333333333333334,0.017594878539214476,0.4387775778818351,54.444962686567166,56.07200019638648,48.62227866038603,41.78190696277895,complete,both_cafe_industries_sales_observed,146.0,,,incomplete_stay_evidence,58.66478082296734,2025q4_official_stores_sales__2026_09_poi_diagnostic_only
3120074,안암역,발달상권,0.8802395209580839,0.027596368287638,0.0,0.0,37.02290076335878,27.417302798982192,96.43765903307887,99.36386768447836,0.0,57.50636132315522,45.37213740458015,0,0,125,10.0,3.0,0.0,13.0,True,,accessible_official_786,named_subarea_candidate,10531495607.0,True,980145119.0,310799623.0,212592269.0,0.08,0.09306798916086753,0.5339942849830179,93.95804676753782,85.70915732744041,True,180636549.0,38769932.0,44942921.0,0.024,0.01715203193741407,0.46343253047864635,93.67070895522389,79.68133837391989,83.90081164138425,93.87184542384364,complete,both_cafe_industries_sales_observed,12.0,,,incomplete_stay_evidence,45.37213740458015,2025q4_official_stores_sales__2026_09_poi_diagnostic_only
3110312,안암역 2번,골목상권,0.8802395209580839,0.0850533300343751,1.0,4.0,83.84223918575063,91.6030534351145,73.2824427480916,40.90330788804072,0.0,57.50636132315522,59.726463104325695,0,0,152,12.0,2.0,4.0,14.0,True,,accessible_official_786,named_subarea_candidate,6880395137.0,True,1262131394.0,435962704.0,290721501.0,0.07894736842105263,0.18343879513732642,0.5757595512278336,78.6382393397524,77.21010583886991,False,,,,0.013157894736842105,,,42.257462686567166,,,67.72400634379683,insufficient,partial_or_unusable_sales,,,,incomplete_stay_evidence,59.726463104325695,2025q4_official_stores_sales__2026_09_poi_diagnostic_only
3110174,아차산역 1번,골목상권,0.8802395209580839,0.1033789055819646,1.0,1.0,81.67938931297711,65.9033078880407,39.82188295165394,40.90330788804072,16.19771863117871,57.50636132315522,53.44310606720266,0,6,221,7.0,6.0,1.0,13.0,True,,accessible_official_786,named_subarea_candidate,3904974416.0,True,91279061.0,34357889.0,37708054.0,0.03167420814479638,0.023375072734407386,0.7895123176168519,38.33562585969739,43.10187799249855,True,30086659.0,12990697.0,8365847.0,0.027149321266968326,0.007704700670182317,0.7098343488387993,84.01119402985076,70.35388845247448,51.277481130491324,52.03829631074339,complete,both_cafe_industries_sales_observed,134.0,,,incomplete_stay_evidence,53.44310606720266,2025q4_official_stores_sales__2026_09_poi_diagnostic_only
3110172,광진초등학교,골목상권,0.8802395209580839,0.0954251727814094,0.0,1.0,37.02290076335878,67.43002544529261,43.63867684478372,97.70992366412212,8.745247148288973,57.50636132315522,45.03785350090461,0,2,141,7.0,2.0,1.0,9.0,True,,accessible_official_786,named_subarea_candidate,1986681239.0,False,,,,0.04964539007092199,,,50.27510316368638,,False,,,,0.014184397163120567,,,41.52985074626866,,,47.65152743846106,supply_only,no_cafe_sales_rows,,29.0,,incomplete_stay_evidence,45.03785350090461,2025q4_official_stores_sales__2026_09_poi_diagnostic_only
3110152,중곡어린이공원,골목상권,0.8802395209580839,0.0507666361216236,0.0,0.0,37.02290076335878,27.417302798982192,33.71501272264631,40.90330788804072,13.688212927756652,57.50636132315522,32.85532706392283,0,2,93,3.0,0.0,0.0,3.0,True,,accessible_official_786,named_subarea_candidate,1371796494.0,True,887620.0,36478.0,121592.0,0.03225806451612903,0.0006470493282949008,0.17808296343029675,34.697386519944985,24.46549296833307,False,,,,0.0,,,0.0,,,24.288170563961486,insufficient,partial_or_unusable_sales,,,,incomplete_stay_evidence,32.85532706392283,2025q4_official_stores_sales__2026_09_poi_diagnostic_only
3110177,동의초등학교,골목상권,0.8802395209580839,0.0290566815998045,0.0,0.0,37.02290076335878,27.417302798982192,80.6615776081425,40.90330788804072,18.136882129277566,57.50636132315522,40.78704563705144,0,3,42,5.0,0.0,0.0,5.0,True,,accessible_official_786,named_subarea_candidate,191312526.0,False,,,,0.11904761904761904,,,86.83287482806053,,False,,,,0.0,,,0.0,,,60.783012379642365,supply_only,no_cafe_sales_rows,,13.0,,incomplete_stay_evidence,40.78704563705144,2025q4_official_stores_sales__2026_09_poi_diagnostic_only
3120082,상계백병원,발달상권,0.874251497005988,0.0388523839079087,0.0,0.0,37.02290076335878,27.417302798982192,60.55979643765903,98.47328244274809,10.380228136882131,56.80661577608143,41.90747056376319,0,1,156,4.0,0.0,0.0,4.0,True,,accessible_official_786,named_subarea_candidate,9663727267.0,True,53366555.0,19150229.0,13397744.0,0.02564102564102564,0.005522357318820223,0.6098945866001656,49.72489683631362,43.49977751219548,False,,,,0.0,,,0.0,,,34.80742778541953,insufficient,partial_or_unusable_sales,,,,incomplete_stay_evidence,41.90747056376319,2025q4_official_stores_sales__2026_09_poi_diagnostic_only
3110096,한남힐사이드아파트,골목상권,0.874251497005988,0.0500307248361786,0.0,0.0,37.02290076335878,27.417302798982192,82.1882951653944,40.90330788804072,8.365019011406845,56.80661577608143,38.9917060923577,0,1,90,9.0,0.0,0.0,9.0,True,,accessible_official_786,named_subarea_candidate,410710672.0,True,286153440.0,110799602.0,65571009.0,0.1,0.6967275493635091,0.6163497842276507,87.02200825309491,81.55363230473722,False,,,,0.0,,,0.0,,,60.915405777166434,insufficient,partial_or_unusable_sales,,,,incomplete_stay_evidence,38.9917060923577,2025q4_official_stores_sales__2026_09_poi_diagnostic_only
3130156,시영2단지 무지개종합상가(중계 무지개2단지아파트상가),전통시장,0.874251497005988,0.0157522024570448,1.0,1.0,98.9821882951654,95.5470737913486,36.51399491094148,40.90330788804072,94.52985304696332,56.80661577608143,78.18077976969802,1,1,46,1.0,0.0,1.0,1.0,True,,accessible_official_786,named_subarea_candidate,,False,,,,0.021739130434782608,,,22.403713892709764,,False,,,,0.0,,,0.0,,,15.682599724896834,supply_only,no_cafe_sales_rows,,137.0,,incomplete_stay_evidence,78.18077976969802,2025q4_official_stores_sales__2026_09_poi_diagnostic_only
3130155,시영B상가(중계 그린아파트 B 상가),전통시장,0.874251497005988,0.0085098907989308,1.0,1.0,99.87277353689568,98.34605597964376,96.18320610687024,40.90330788804072,19.543726235741445,56.80661577608143,72.82095898760632,0,2,73,3.0,1.0,1.0,4.0,True,,accessible_official_786,named_subarea_candidate,,False,,,,0.0410958904109589,,,68.25309491059147,,False,,,,0.0136986301369863,,,68.88992537313433,,,68.44414404935432,supply_only,no_cafe_sales_rows,,6.0,,incomplete_stay_evidence,72.82095898760632,2025q4_official_stores_sales__2026_09_poi_diagnostic_only
3120021,시청역_8번,발달상권,0.8712574850299402,0.1325897309466503,0.0,3.0,37.02290076335878,81.80661577608143,84.7328244274809,88.16793893129771,0.0,56.42493638676845,50.5470737913486,0,0,356,26.0,4.0,3.0,30.0,True,,accessible_official_786,named_subarea_candidate,32354008745.0,True,12261207348.0,5134110965.0,3137383588.0,0.07303370786516854,0.37897026747558293,0.6746068570766984,85.59834938101788,87.405605619867,True,552426706.0,168310767.0,142362745.0,0.011235955056179775,0.01707444386116055,0.562379603711628,45.39179104477611,53.1887274155538,77.14054215857304,73.53638188014534,complete,both_cafe_industries_sales_observed,32.0,,,incomplete_stay_evidence,50.5470737913486,2025q4_official_stores_sales__2026_09_poi_diagnostic_only
3120020,시청역_1번,발달상권,0.8712574850299402,0.0583828117231853,0.0,1.0,37.02290076335878,78.2442748091603,90.20356234096693,40.90330788804072,0.0,56.42493638676845,46.10687022900764,0,0,216,14.0,3.0,1.0,17.0,True,,accessible_official_786,named_subarea_candidate,18509572447.0,True,1641683166.0,812829253.0,360112057.0,0.06481481481481481,0.08869373783218214,0.7144748355176835,86.97386519944979,86.44715521735951,True,898361193.0,258073518.0,269760449.0,0.013888888888888888,0.04853495106774359,0.587552057137891,71.1054104477612,75.135629418696,83.05369747776045,82.2133287739432,complete,both_cafe_industries_sales_observed,14.0,,,incomplete_stay_evidence,46.10687022900764,2025q4_official_stores_sales__2026_09_poi_diagnostic_only
3110317,종암중학교,골목상권,0.8652694610778443,0.0913401250897188,0.0,4.0,37.02290076335878,91.0941475826972,45.80152671755725,40.90330788804072,0.0,56.234096692111954,41.354961832061065,0,0,95,7.0,0.0,4.0,7.0,True,,accessible_official_786,named_subarea_candidate,2854203117.0,True,350467702.0,162821183.0,93322097.0,0.07368421052631578,0.12279003547875392,0.7308612991675906,58.920220082530946,64.41005072940604,False,,,,0.0,,,0.0,,,41.24415405777166,insufficient,partial_or_unusable_sales,,,,incomplete_stay_evidence,41.354961832061065,2025q4_official_stores_sales__2026_09_poi_diagnostic_only
3001491,이태원 관광특구,관광특구,0.8622754491017964,0.3722855835534407,1.0,5.0,74.55470737913485,72.39185750636132,91.22137404580153,82.31552162849873,0.0,55.78880407124682,60.71882951653943,0,0,1680,92.0,27.0,5.0,119.0,False,broad_tourism_zone;prefer_named_subarea,accessible_official_786,broad_zone_reference_only,96748250708.0,True,3771413614.0,1189515880.0,1179323408.0,0.05476190476190476,0.038981724076672594,0.6281038174138595,84.41540577716644,82.23882179861164,True,1177232576.0,237624950.0,288181693.0,0.01607142857142857,0.012167998567261496,0.4466463583488196,80.8955223880597,76.692655145326,80.57497180262594,83.35944076043441,complete,both_cafe_industries_sales_observed,23.0,,,incomplete_stay_evidence,60.71882951653943,2025q4_official_stores_sales__2026_09_poi_diagnostic_only
3120046,이태원(이태원역),발달상권,0.8622754491017964,0.2832161178472999,1.0,5.0,75.19083969465649,78.7531806615776,90.45801526717555,83.46055979643766,0.0,55.78880407124682,61.863867684478365,0,0,1389,68.0,21.0,5.0,89.0,True,,accessible_official_786,named_subarea_candidate,90790560761.0,True,1648922022.0,354415941.0,500427393.0,0.04895608351331893,0.018161822200224928,0.5184255668822646,81.76066024759285,74.37506028558523,True,1070424690.0,207419349.0,244403672.0,0.01511879049676026,0.011790043822042476,0.4220969725576864,80.09328358208955,75.01266692851532,74.56634227846426,81.26044724794185,complete,both_cafe_industries_sales_observed,43.0,,,incomplete_stay_evidence,61.863867684478365,2025q4_official_stores_sales__2026_09_poi_diagnostic_only
3110095,한강진역 3번,골목상권,0.8622754491017964,0.1490798112423067,0.0,0.0,37.02290076335878,27.417302798982192,85.6234096692112,40.90330788804072,0.0,55.78880407124682,37.7321882951654,0,0,279,30.0,12.0,0.0,42.0,True,,accessible_official_786,named_subarea_candidate,8047802636.0,True,380015996.0,80699261.0,150512799.0,0.10752688172043011,0.04721984536500505,0.6084271778917433,89.73177441540577,81.77272395864296,True,48000000.0,8968355.0,11808282.0,0.043010752688172046,0.005964360977900105,0.43284660416666665,93.2742537313433,72.06829340141398,78.86139479147425,90.79451821018702,complete,both_cafe_industries_sales_observed,27.0,,,incomplete_stay_evidence,37.7321882951654,2025q4_official_stores_sales__2026_09_poi_diagnostic_only
3110085,경리단길남측,골목상권,0.8622754491017964,0.1816939097520648,0.0,2.0,37.02290076335878,68.57506361323156,81.67938931297711,40.90330788804072,4.7148288973384025,55.78880407124682,44.25721514333537,0,2,348,32.0,7.0,2.0,39.0,True,,accessible_official_786,named_subarea_candidate,7686829647.0,True,707808078.0,279321035.0,202105936.0,0.09195402298850575,0.09208062497862717,0.6801659743137319,85.89408528198075,83.64463764075464,True,126861007.0,61332840.0,33651216.0,0.020114942528735632,0.01650368394068822,0.7487253825755932,66.455223880597,63.426551453260004,77.57921178450624,80.06242686156563,complete,both_cafe_industries_sales_observed,30.0,,,incomplete_stay_evidence,44.25721514333537,2025q4_official_stores_sales__2026_09_poi_diagnostic_only
3110091,리움미술관,골목상권,0.8622754491017964,0.0550999931323678,0.0,0.0,37.02290076335878,27.417302798982192,74.68193384223919,40.90330788804072,0.0,55.78880407124682,36.09096692111959,0,0,94,8.0,0.0,0.0,8.0,True,,accessible_official_786,named_subarea_candidate,1209199998.0,True,175236358.0,50343567.0,68904498.0,0.0851063829787234,0.14491925098398817,0.680498421452014,80.39889958734526,76.66166885669557,False,,,,0.0,,,0.0,,,56.279229711141674,insufficient,partial_or_unusable_sales,,,,incomplete_stay_evidence,36.09096692111959,2025q4_official_stores_sales__2026_09_poi_diagnostic_only
3110097,한남초등학교,골목상권,0.8622754491017964,0.0078085639358808,0.0,0.0,37.02290076335878,27.417302798982192,3.816793893129771,40.90330788804072,0.0,55.78880407124682,25.46119592875318,0,0,11,0.0,0.0,0.0,0.0,True,,accessible_official_786,named_subarea_candidate,,False,,,,0.0,,,0.0,,False,,,,0.0,,,0.0,,,0.0,supply_only,no_cafe_sales_rows,,185.0,,incomplete_stay_evidence,25.46119592875318,2025q4_official_stores_sales__2026_09_poi_diagnostic_only
3120075,월곡역,발달상권,0.8562874251497006,0.0944439190927174,1.0,2.0,82.82442748091603,81.42493638676844,75.31806615776081,91.85750636132316,4.524714828897339,55.08905852417303,63.95837808028328,0,1,305,14.0,5.0,2.0,19.0,True,,accessible_official_786,named_subarea_candidate,15167713581.0,True,532706699.0,201735421.0,139952650.0,0.04590163934426229,0.035121094300415906,0.6414187612834957,70.3576341127923,69.52177954711158,True,420373368.0,93260622.0,98021461.0,0.01639344262295082,0.02771501226965317,0.4550290231516284,74.73880597014926,70.14611154752554,69.70907914723577,71.67198566999937,complete,both_cafe_industries_sales_observed,57.0,,,incomplete_stay_evidence,63.95837808028328,2025q4_official_stores_sales__2026_09_poi_diagnostic_only
3110323,상월곡역 1번,골목상권,0.8562874251497006,0.083580684516813,1.0,0.0,84.0966921119593,27.417302798982192,55.97964376590331,40.90330788804072,9.88593155893536,55.08905852417303,49.314972571329065,0,2,175,8.0,6.0,0.0,14.0,True,,accessible_official_786,named_subarea_candidate,2307122578.0,True,211671612.0,71268699.0,58374168.0,0.045714285714285714,0.09174701596630988,0.6124716761735627,56.62998624484182,58.151695786193045,True,1780497.0,1274879.0,9029.0,0.03428571428571429,0.0007717392291932224,0.7210952896859697,90.27985074626866,70.79457973291437,61.94456097020944,66.72494559526987,complete,both_cafe_industries_sales_observed,89.0,,,incomplete_stay_evidence,49.314972571329065,2025q4_official_stores_sales__2026_09_poi_diagnostic_only
3110042,남산골공원옆,골목상권,0.8562874251497006,0.0725524734106466,1.0,1.0,86.00508905852418,73.02798982188295,30.53435114503817,40.90330788804072,10.76045627376426,55.08905852417303,53.08720575856965,0,2,61,4.0,2.0,1.0,6.0,True,,accessible_official_786,named_subarea_candidate,601157930.0,False,,,,0.06557377049180328,,,46.88445667125171,,False,,,,0.03278688524590164,,,60.57369402985075,,,50.99122787883142,supply_only,no_cafe_sales_rows,,25.0,,incomplete_stay_evidence,53.08720575856965,2025q4_official_stores_sales__2026_09_poi_diagnostic_only
3130034,필동 골목형상점가,전통시장,0.8562874251497006,0.0022100880133227,0.0,0.0,37.02290076335878,27.417302798982192,3.816793893129771,40.90330788804072,19.96197718631179,55.08905852417303,29.38361681130816,0,1,10,0.0,0.0,0.0,0.0,True,,accessible_official_786,named_subarea_candidate,,False,,,,0.0,,,0.0,,False,,,,0.0,,,0.0,,,0.0,supply_only,no_cafe_sales_rows,,185.0,,incomplete_stay_evidence,29.38361681130816,2025q4_official_stores_sales__2026_09_poi_diagnostic_only
3110324,월곡역 4번,골목상권,0.8562874251497006,0.0265672156115569,0.0,0.0,37.02290076335878,27.417302798982192,3.816793893129771,40.90330788804072,17.300380228136884,55.08905852417303,28.85129741967318,0,2,13,0.0,0.0,0.0,0.0,True,,accessible_official_786,named_subarea_candidate,,False,,,,0.0,,,0.0,,False,,,,0.0,,,0.0,,,0.0,supply_only,no_cafe_sales_rows,,185.0,,incomplete_stay_evidence,28.85129741967318,2025q4_official_stores_sales__2026_09_poi_diagnostic_only
3130024,남대문시장(자유상가),전통시장,0.8532934131736527,0.0780099796691923,0.0,0.0,37.02290076335878,27.417302798982192,98.34605597964376,40.90330788804072,5.741444866920153,54.64376590330788,40.67437039832042,0,1,2406,35.0,4.0,0.0,39.0,True,,accessible_official_786,named_subarea_candidate,142248817266.0,True,2908972304.0,1362279628.0,833358084.0,0.014546965918536992,0.020449887457133158,0.7547812363083949,68.22558459422284,71.57889779022325,True,156060364.0,64541100.0,44531218.0,0.0016625103906899418,0.0010970942816921488,0.6989110828935399,50.7089552238806,48.752847604084835,64.73108273438172,62.97059578312016,complete,both_cafe_industries_sales_observed,79.0,,,incomplete_stay_evidence,40.67437039832042,2025q4_official_stores_sales__2026_09_poi_diagnostic_only
3120043,서울역,발달상권,0.8532934131736527,0.4351296111240818,1.0,5.0,74.30025445292621,69.59287531806616,47.07379134860051,82.06106870229007,0.988593155893536,54.64376590330788,53.65827842761637,0,2,877,35.0,18.0,5.0,53.0,True,,accessible_official_786,named_subarea_candidate,60183523736.0,True,4994832439.0,2513064549.0,868110422.0,0.039908779931584946,0.08299335314612427,0.6769346143825666,47.68225584594223,59.255298913322,True,800577228.0,313032489.0,165575083.0,0.020524515393386546,0.013302265774795742,0.5978281110938619,69.26305970149254,71.01703652788687,62.783820197691455,54.15649700260732,complete,both_cafe_industries_sales_observed,86.0,,,incomplete_stay_evidence,53.65827842761637,2025q4_official_stores_sales__2026_09_poi_diagnostic_only
3110328,상월곡역 3번,골목상권,0.8502994011976048,0.0882300934697988,0.0,0.0,37.02290076335878,27.417302798982192,24.04580152671756,40.90330788804072,53.33333333333333,54.4529262086514,39.02862595419848,1,0,69,4.0,0.0,0.0,4.0,True,,accessible_official_786,named_subarea_candidate,1223462923.0,True,37917398.0,19431937.0,6591921.0,0.057971014492753624,0.03099186521077762,0.6863302698144003,37.764786795048146,39.468013449032455,False,,,,0.0,,,0.0,,,26.4353507565337,insufficient,partial_or_unusable_sales,,,,incomplete_stay_evidence,39.02862595419848,2025q4_official_stores_sales__2026_09_poi_diagnostic_only
3120012,대학로(혜화역),발달상권,0.8473053892215568,0.2566946381480262,14.0,7.0,97.9643765903308,84.60559796437659,95.41984732824427,96.0559796437659,12.259103209673553,53.88040712468194,73.83858908977186,1,2,985,84.0,18.0,7.0,102.0,True,,accessible_official_786,named_subarea_candidate,60009095769.0,True,7464812908.0,1852810855.0,2337666912.0,0.08527918781725888,0.12439469071047451,0.5613640714972357,94.12654745529574,89.29215996982475,True,615626302.0,144066672.0,142333566.0,0.018274111675126905,0.01025888315947639,0.4652176768106961,81.99626865671641,75.686861743912,85.21057050205093,90.48746381572194,complete,both_cafe_industries_sales_observed,8.0,,,incomplete_stay_evidence,73.83858908977186,2025q4_official_stores_sales__2026_09_poi_diagnostic_only
3110139,자양4동주민센터,골목상권,0.8473053892215568,0.1557416682020164,0.0,2.0,37.02290076335878,70.86513994910942,73.53689567430025,40.90330788804072,27.387387387387392,53.88040712468194,47.72302455126883,1,0,299,22.0,1.0,2.0,23.0,True,,accessible_official_786,named_subarea_candidate,3643847815.0,False,,,,0.07357859531772576,,,78.00550206327372,,False,,,,0.0033444816053511705,,,3.5634328358208958,,,55.672881295037875,supply_only,no_cafe_sales_rows,,18.0,,incomplete_stay_evidence,47.72302455126883,2025q4_official_stores_sales__2026_09_poi_diagnostic_only
3110146,신자초등학교,골목상권,0.8473053892215568,0.1068033262394303,0.0,2.0,37.02290076335878,79.38931297709924,66.92111959287533,40.90330788804072,13.231939163498096,53.88040712468194,45.1781944484757,0,4,197,13.0,1.0,2.0,14.0,True,,accessible_official_786,named_subarea_candidate,2445406114.0,True,21818590.0,8024482.0,7561451.0,0.06598984771573604,0.008922276702870794,0.7143418983536516,72.08734525447043,60.12656641732453,False,,,,0.005076142131979695,,,8.442164179104477,,,52.993790931860644,insufficient,partial_or_unusable_sales,,,,incomplete_stay_evidence,45.1781944484757,2025q4_official_stores_sales__2026_09_poi_diagnostic_only
3110024,혜회동주민센터,골목상권,0.8473053892215568,0.0528100522585577,1.0,0.0,89.82188295165395,27.417302798982192,90.83969465648856,40.90330788804072,78.28691809680404,53.88040712468194,69.82086962444987,1,2,92,13.0,0.0,0.0,13.0,True,,accessible_official_786,named_subarea_candidate,2307730573.0,True,131536342.0,44370038.0,42284496.0,0.14130434782608695,0.05699813641113468,0.6587877744083837,93.92022008253096,83.08454153914275,False,,,,0.0,,,0.0,,,65.74415405777167,insufficient,partial_or_unusable_sales,,,,incomplete_stay_evidence,69.82086962444987,2025q4_official_stores_sales__2026_09_poi_diagnostic_only
3110021,성균관대학교,골목상권,0.8473053892215568,0.0775971131907636,1.0,0.0,84.98727735368958,27.417302798982192,79.13486005089058,94.529262086514,13.574144486692015,53.88040712468194,59.03480345204578,0,3,149,13.0,2.0,0.0,15.0,True,,accessible_official_786,named_subarea_candidate,1708012213.0,True,271354806.0,88753106.0,108712244.0,0.087248322147651,0.15887170122945718,0.7277016866250012,84.12654745529574,81.45433085904482,False,,,,0.013422818791946308,,,44.55223880597015,,,72.25425486049805,insufficient,partial_or_unusable_sales,,,,incomplete_stay_evidence,59.03480345204578,2025q4_official_stores_sales__2026_09_poi_diagnostic_only
3110143,뚝섬유원지역 1번,골목상권,0.8473053892215568,0.008055172250296,0.0,1.0,37.02290076335878,98.6005089058524,91.34860050890585,40.90330788804072,19.58174904942966,53.88040712468194,52.99395795237957,0,2,27,2.0,0.0,1.0,2.0,True,,accessible_official_786,named_subarea_candidate,1381328920.0,False,,,,0.07407407407407407,,,67.9573590096286,,False,,,,0.0,,,0.0,,,47.57015130674002,supply_only,no_cafe_sales_rows,,30.0,,incomplete_stay_evidence,52.99395795237957,2025q4_official_stores_sales__2026_09_poi_diagnostic_only
3110023,서울대병원,골목상권,0.8473053892215568,0.0159569111051518,0.0,0.0,37.02290076335878,27.417302798982192,83.58778625954199,40.90330788804072,18.517110266159698,53.88040712468194,40.93942714229047,0,2,34,3.0,0.0,0.0,3.0,True,,accessible_official_786,named_subarea_candidate,950658160.0,True,504342274.0,203841879.0,97432927.0,0.08823529411764706,0.5305190606053389,0.5973617948195237,81.58872077028886,78.60835391823846,False,,,,0.0,,,0.0,,,57.1121045392022,insufficient,partial_or_unusable_sales,,,,incomplete_stay_evidence,40.93942714229047,2025q4_official_stores_sales__2026_09_poi_diagnostic_only
3110027,혜화역 1번,골목상권,0.8473053892215568,0.1175846614271553,2.0,2.0,88.80407124681933,77.98982188295165,45.67430025445292,40.90330788804072,12.433460076045629,53.88040712468194,57.15590321113788,0,4,77,9.0,2.0,2.0,11.0,True,,accessible_official_786,named_subarea_candidate,347218185.0,True,145630444.0,50498902.0,55897654.0,0.11688311688311688,0.4194205554066818,0.7305928147826014,62.39339752407153,64.75488646357138,False,,,,0.025974025974025976,,,45.17723880597015,,,57.228549908641114,insufficient,partial_or_unusable_sales,,,,incomplete_stay_evidence,57.15590321113788,2025q4_official_stores_sales__2026_09_poi_diagnostic_only
3120060,강변역(테크노마트),발달상권,0.8413173652694611,0.1270103610671587,0.0,0.0,37.02290076335878,27.417302798982192,55.21628498727736,40.90330788804072,6.996197718631179,53.11704834605598,34.30318356408247,0,2,1058,12.0,4.0,0.0,16.0,True,,accessible_official_786,named_subarea_candidate,63715850211.0,True,1119603460.0,349504065.0,320884233.0,0.011342155009451797,0.01757182014039436,0.5987729780685029,37.30398899587346,44.65002528270506,True,620862313.0,142289465.0,180402892.0,0.003780718336483932,0.009744236496004779,0.5197486628569127,33.498134328358205,42.98816771406127,44.15146801211192,36.16223259561888,complete,both_cafe_industries_sales_observed,162.0,,,incomplete_stay_evidence,34.30318356408247,2025q4_official_stores_sales__2026_09_poi_diagnostic_only
3110169,성동초등학교,골목상권,0.8413173652694611,0.0754421216233291,0.0,1.0,37.02290076335878,72.01017811704835,29.134860050890588,40.90330788804072,13.840304182509508,53.11704834605598,38.44872241411005,0,3,119,4.0,3.0,1.0,7.0,True,,accessible_official_786,named_subarea_candidate,1722912494.0,True,114188502.0,31742766.0,24999784.0,0.03361344537815126,0.06627643736850167,0.49691999637581724,32.64786795048143,35.98656767462661,True,6528905.0,1496427.0,1984504.0,0.025210084033613446,0.0037894582706531816,0.5331569382614696,70.49440298507463,56.45134524744698,42.12600094647272,44.001828460859386,complete,both_cafe_industries_sales_observed,169.0,,,incomplete_stay_evidence,38.44872241411005,2025q4_official_stores_sales__2026_09_poi_diagnostic_only
3110320,KB국민은행 종암동지점,골목상권,0.8413173652694611,0.0528668231776476,0.0,0.0,37.02290076335878,27.417302798982192,10.178117048346056,40.90330788804072,8.022813688212928,53.11704834605598,27.75278156715913,0,1,39,1.0,0.0,0.0,1.0,True,,accessible_official_786,named_subarea_candidate,1102174141.0,False,,,,0.02564102564102564,,,11.458046767537828,,False,,,,0.0,,,0.0,,,8.020632737276479,supply_only,no_cafe_sales_rows,,165.0,,incomplete_stay_evidence,27.75278156715913,2025q4_official_stores_sales__2026_09_poi_diagnostic_only
3110417,월계역 3번,골목상권,0.8413173652694611,0.0298188925068326,0.0,0.0,37.02290076335878,27.417302798982192,71.11959287531806,40.90330788804072,12.31939163498099,53.11704834605598,37.75331853055854,0,1,65,4.0,2.0,0.0,6.0,True,,accessible_official_786,named_subarea_candidate,569099619.0,True,8119799.0,2472210.0,2732649.0,0.06153846153846154,0.014267799044159965,0.641008355009773,73.50756533700138,58.74488838369033,False,,,,0.03076923076923077,,,87.8964552238806,,,77.82423230306514,insufficient,partial_or_unusable_sales,,,,incomplete_stay_evidence,37.75331853055854,2025q4_official_stores_sales__2026_09_poi_diagnostic_only
3120007,북촌(안국역),발달상권,0.8353293413173652,0.1975265453737354,0.0,2.0,37.02290076335878,66.79389312977099,97.5826972010178,85.1145038167939,1.2167300380228137,52.67175572519084,49.785330740429,0,1,554,80.0,21.0,2.0,101.0,True,,accessible_official_786,named_subarea_candidate,38668713930.0,True,7293913408.0,2529614113.0,2594569484.0,0.1444043321299639,0.18862570452184677,0.7025287126907444,98.52819807427784,96.44385688348976,True,2967554965.0,854027744.0,1117582643.0,0.03790613718411552,0.07674304789065427,0.6643888353387247,97.17350746268657,96.47540259230165,96.45332059613332,98.12179089080044,complete,both_cafe_industries_sales_observed,1.0,,,incomplete_stay_evidence,49.785330740429,2025q4_official_stores_sales__2026_09_poi_diagnostic_only
3120027,명동역(명동재미로),발달상권,0.8353293413173652,0.1570379254146197,0.0,0.0,37.02290076335878,27.417302798982192,82.06106870229007,86.25954198473282,1.7870722433460078,52.67175572519084,41.779170173860045,0,1,826,28.0,2.0,0.0,30.0,True,,accessible_official_786,named_subarea_candidate,36039712669.0,True,831400563.0,429472254.0,222404465.0,0.03389830508474576,0.0230690119712064,0.784070576820141,68.78266850068775,70.673799396085,True,440406634.0,114286063.0,90783034.0,0.002421307506053269,0.012220037325070605,0.46563580375131225,8.106343283582088,22.845492930086408,56.32530745628542,50.57977093555605,complete,both_cafe_industries_sales_observed,115.0,,,incomplete_stay_evidence,41.779170173860045,2025q4_official_stores_sales__2026_09_poi_diagnostic_only
3110103,옥수터널,골목상권,0.8353293413173652,0.0190425348133075,0.0,0.0,37.02290076335878,27.417302798982192,3.816793893129771,40.90330788804072,15.513307984790874,52.67175572519084,28.25215269110576,0,1,37,0.0,0.0,0.0,0.0,True,,accessible_official_786,named_subarea_candidate,3000000.0,False,,,,0.0,,,0.0,,False,,,,0.0,,,0.0,,,0.0,supply_only,no_cafe_sales_rows,,185.0,,incomplete_stay_evidence,28.25215269110576,2025q4_official_stores_sales__2026_09_poi_diagnostic_only
3110180,광진정보도서관,골목상권,0.8323353293413174,0.0746411767564544,0.0,3.0,37.02290076335878,89.56743002544529,81.04325699745547,40.90330788804072,68.98674339738979,52.29007633587786,59.81516038431256,1,2,203,13.0,0.0,3.0,13.0,True,,accessible_official_786,named_subarea_candidate,11186922747.0,True,265739940.0,97188372.0,79283264.0,0.06403940886699508,0.02375451641259108,0.6640764500812335,80.9869325997249,74.60434015214722,False,,,,0.0,,,0.0,,,56.690852819807425,insufficient,partial_or_unusable_sales,,,,incomplete_stay_evidence,59.81516038431256,2025q4_official_stores_sales__2026_09_poi_diagnostic_only
3110179,광나루역 1번,골목상권,0.8323353293413174,0.0420528916767528,1.0,0.0,92.6208651399491,27.417302798982192,87.02290076335878,40.90330788804072,84.05610934128045,52.29007633587786,71.08285036698382,1,2,103,9.0,1.0,0.0,10.0,True,,accessible_official_786,named_subarea_candidate,3545614347.0,True,1447620307.0,610108962.0,319430910.0,0.08737864077669903,0.4082847612078438,0.6421158003277444,89.27097661623108,87.09758229008008,True,26985110.0,6485666.0,10162328.0,0.009708737864077669,0.007610841834175374,0.6169325972730888,36.730410447761194,36.40207678711704,71.88893063919116,73.50880676569011,complete,both_cafe_industries_sales_observed,51.0,,,incomplete_stay_evidence,71.08285036698382,2025q4_official_stores_sales__2026_09_poi_diagnostic_only
3110178,장로회신학대학교,골목상권,0.8323353293413174,0.0458974061392767,0.0,0.0,37.02290076335878,27.417302798982192,81.1704834605598,40.90330788804072,16.768060836501903,52.29007633587786,40.06798875763117,0,3,54,8.0,1.0,0.0,9.0,True,,accessible_official_786,named_subarea_candidate,401521642.0,True,41246677.0,19640347.0,13581563.0,0.14814814814814814,0.10272591234322558,0.8054445210216571,88.03301237964236,78.36747031502932,False,,,,0.018518518518518517,,,47.5,,,75.87310866574964,insufficient,partial_or_unusable_sales,,,,incomplete_stay_evidence,40.06798875763117,2025q4_official_stores_sales__2026_09_poi_diagnostic_only
3120018,중림동,발달상권,0.8293413173652695,0.1445748253754032,2.0,2.0,86.25954198473282,73.15521628498728,76.08142493638677,40.90330788804072,8.593155893536123,51.972010178117046,59.269521763948966,0,3,390,22.0,5.0,2.0,27.0,True,,accessible_official_786,named_subarea_candidate,20052485881.0,True,787695481.0,388531905.0,142462852.0,0.05641025641025641,0.03928168735160921,0.6741117218622205,75.81155433287483,75.18207213634075,True,14092807.0,8609302.0,3034164.0,0.01282051282051282,0.0007027960066214596,0.8261992092845662,52.99440298507463,45.977661036920665,66.42074880651472,68.96640892853478,complete,both_cafe_industries_sales_observed,70.0,,,incomplete_stay_evidence,59.269521763948966,2025q4_official_stores_sales__2026_09_poi_diagnostic_only
3130081,자양골목전통시장(자양골목시장),전통시장,0.8293413173652695,0.0436544619176779,0.0,0.0,37.02290076335878,27.417302798982192,40.5852417302799,40.90330788804072,16.920152091254753,51.972010178117046,33.97881413326368,0,3,158,3.0,2.0,0.0,5.0,True,,accessible_official_786,named_subarea_candidate,8995839383.0,False,,,,0.0189873417721519,,,31.14511691884457,,False,,,,0.012658227848101266,,,62.08022388059702,,,40.4256490073703,supply_only,no_cafe_sales_rows,,54.0,,incomplete_stay_evidence,33.97881413326368,2025q4_official_stores_sales__2026_09_poi_diagnostic_only
3110093,우사단길,골목상권,0.8233532934131736,0.2345916093765286,0.0,1.0,37.02290076335878,56.10687022900763,27.480916030534356,40.90330788804072,0.7984790874524715,51.39949109414759,33.035013883648254,0,1,308,12.0,2.0,1.0,14.0,True,,accessible_official_786,named_subarea_candidate,7431681882.0,True,237832108.0,81007376.0,73262914.0,0.03896103896103896,0.03200246078563243,0.6486520735038853,34.439477303988994,42.11580599555434,False,,,,0.006493506493506494,,,9.958022388059701,,,27.095040829210205,insufficient,partial_or_unusable_sales,,,,incomplete_stay_evidence,33.035013883648254,2025q4_official_stores_sales__2026_09_poi_diagnostic_only
3110041,남산케이블카,골목상권,0.8233532934131736,0.1304626481130644,0.0,0.0,37.02290076335878,27.417302798982192,64.8854961832061,40.90330788804072,2.737642585551331,51.39949109414759,34.730098491664975,0,1,179,15.0,1.0,0.0,16.0,True,,accessible_official_786,named_subarea_candidate,6770476218.0,True,225616705.0,82889535.0,76983361.0,0.08379888268156424,0.033323609408770244,0.7086039839115637,74.01994497936727,71.1882784254478,False,,,,0.00558659217877095,,,7.905783582089551,,,54.18569656018395,insufficient,partial_or_unusable_sales,,,,incomplete_stay_evidence,34.730098491664975,2025q4_official_stores_sales__2026_09_poi_diagnostic_only
3110082,용산구청,골목상권,0.8233532934131736,0.071086160561412,0.0,0.0,37.02290076335878,27.417302798982192,89.82188295165395,40.90330788804072,0.0,51.39949109414759,37.92302798982188,0,0,178,17.0,5.0,0.0,22.0,True,,accessible_official_786,named_subarea_candidate,5739180187.0,True,1087046138.0,418855059.0,394531497.0,0.09550561797752809,0.18940791238133678,0.7482539402573177,91.47180192572215,90.1829439113438,True,36037734.0,14737423.0,12148645.0,0.028089887640449437,0.006279247701898299,0.7460532340906895,87.91977611940298,73.22147486252945,85.09450319669949,90.40619418382639,complete,both_cafe_industries_sales_observed,10.0,,,incomplete_stay_evidence,37.92302798982188,2025q4_official_stores_sales__2026_09_poi_diagnostic_only
3130061,이태원시장,전통시장,0.8233532934131736,0.0105649838933268,0.0,0.0,37.02290076335878,27.417302798982192,55.597964376590326,40.90330788804072,0.0,51.39949109414759,32.78944020356234,0,0,151,1.0,2.0,0.0,3.0,True,,accessible_official_786,named_subarea_candidate,4193233887.0,False,,,,0.006622516556291391,,,15.92847317744154,,False,,,,0.013245033112582781,,,81.13805970149254,,,35.491349134656836,supply_only,no_cafe_sales_rows,,68.0,,incomplete_stay_evidence,32.78944020356234,2025q4_official_stores_sales__2026_09_poi_diagnostic_only
3110102,옥수역 6번,골목상권,0.8233532934131736,0.034656027872479,1.0,0.0,93.89312977099236,27.417302798982192,80.78880407124683,40.90330788804072,11.14068441064639,51.39949109414759,55.857271742180174,0,1,147,6.0,1.0,0.0,7.0,True,,accessible_official_786,named_subarea_candidate,2829592232.0,True,146609021.0,49952537.0,34202276.0,0.04081632653061224,0.05181277335369784,0.5740084233970841,71.61279229711143,65.31035053445589,True,35310293.0,9118449.0,10973484.0,0.006802721088435374,0.012478933395658262,0.5690106564677897,36.93563432835821,37.82862824037706,57.06583384623224,61.20964490648546,complete,both_cafe_industries_sales_observed,111.0,,,incomplete_stay_evidence,55.857271742180174,2025q4_official_stores_sales__2026_09_poi_diagnostic_only
3110087,이태원엔틱가구거리,골목상권,0.8233532934131736,0.0525027079197418,0.0,0.0,37.02290076335878,27.417302798982192,64.50381679389314,40.90330788804072,0.0,51.39949109414759,34.12531806615776,0,0,121,6.0,1.0,0.0,7.0,True,,accessible_official_786,named_subarea_candidate,667259003.0,True,429884837.0,169449346.0,147016543.0,0.049586776859504134,0.6442548321824592,0.7361643439403284,65.19944979367263,70.15561088140292,False,,,,0.008264462809917356,,,28.736007462686565,,,54.260417094376805,insufficient,partial_or_unusable_sales,,,,incomplete_stay_evidence,34.12531806615776,2025q4_official_stores_sales__2026_09_poi_diagnostic_only
3110086,이태원역 북측,골목상권,0.8233532934131736,0.1336569525568923,0.0,1.0,37.02290076335878,61.45038167938931,18.3206106870229,40.90330788804072,0.0,51.39949109414759,32.30279898218829,0,0,42,5.0,1.0,1.0,6.0,True,,accessible_official_786,named_subarea_candidate,,False,,,,0.11904761904761904,,,41.32393397524071,,False,,,,0.023809523809523808,,,32.355410447761194,,,38.63337691699686,supply_only,no_cafe_sales_rows,,58.0,,incomplete_stay_evidence,32.30279898218829,2025q4_official_stores_sales__2026_09_poi_diagnostic_only
3130022,숭례문수입상가(남대문시장),전통시장,0.8203592814371258,0.0076788681959725,0.0,0.0,37.02290076335878,27.417302798982192,69.8473282442748,40.90330788804072,18.669201520912548,50.82697201017812,38.60343317950057,0,1,167,1.0,0.0,0.0,1.0,True,,accessible_official_786,named_subarea_candidate,4334325862.0,False,,,,0.005988023952095809,,,15.735900962861072,,False,,,,0.0,,,0.0,,,11.01513067400275,supply_only,no_cafe_sales_rows,,150.0,,incomplete_stay_evidence,38.60343317950057,2025q4_official_stores_sales__2026_09_poi_diagnostic_only
3110326,장위동성당,골목상권,0.8203592814371258,0.0454746270805046,0.0,0.0,37.02290076335878,27.417302798982192,23.15521628498728,40.90330788804072,9.277566539923956,50.82697201017812,29.721289389409723,0,1,27,2.0,0.0,0.0,2.0,True,,accessible_official_786,named_subarea_candidate,,False,,,,0.07407407407407407,,,41.13480055020632,,False,,,,0.0,,,0.0,,,28.794360385144422,supply_only,no_cafe_sales_rows,,90.0,,incomplete_stay_evidence,29.721289389409723,2025q4_official_stores_sales__2026_09_poi_diagnostic_only
3130115,우림골목시장,전통시장,0.8143712574850299,0.0782492085160699,0.0,2.0,37.02290076335878,83.58778625954199,37.02290076335878,40.90330788804072,5.70342205323194,50.63613231552163,39.49310171344537,0,1,323,5.0,5.0,2.0,10.0,True,,accessible_official_786,named_subarea_candidate,20467325059.0,True,91297747.0,23124412.0,21049412.0,0.015479876160990712,0.0044606584757324735,0.483843527924079,27.310866574965615,26.427790407741703,True,32114947.0,8151593.0,10057977.0,0.015479876160990712,0.0015690837423759118,0.5670123011568414,77.09888059701493,62.4231637863315,37.22640242131864,42.24727078158041,complete,both_cafe_industries_sales_observed,194.0,,,incomplete_stay_evidence,39.49310171344537,2025q4_official_stores_sales__2026_09_poi_diagnostic_only
3110318,KT월곡지사,골목상권,0.811377245508982,0.0768109609564762,0.0,0.0,37.02290076335878,27.417302798982192,19.083969465648856,40.90330788804072,10.49429657794677,50.50890585241731,29.322141758337445,0,2,72,3.0,3.0,0.0,6.0,True,,accessible_official_786,named_subarea_candidate,2901365804.0,False,,,,0.041666666666666664,,,27.128610729023382,,False,,,,0.041666666666666664,,,73.73134328358208,,,41.10943049539099,supply_only,no_cafe_sales_rows,,52.0,,incomplete_stay_evidence,29.322141758337445,2025q4_official_stores_sales__2026_09_poi_diagnostic_only
3120050,서울숲역,발달상권,0.8053892215568862,0.0588680204784052,0.0,1.0,37.02290076335878,77.735368956743,87.65903307888041,40.90330788804072,16.88212927756654,50.31806615776081,48.41459379444461,0,4,224,13.0,6.0,1.0,19.0,True,,accessible_official_786,named_subarea_candidate,2138892329.0,True,159656026.0,110259080.0,37513881.0,0.05803571428571429,0.0746442557371012,0.925570833135982,83.9477303988996,80.02232831847462,False,,,,0.026785714285714284,,,93.58208955223881,,,86.83803814490136,insufficient,partial_or_unusable_sales,,,,incomplete_stay_evidence,48.41459379444461,2025q4_official_stores_sales__2026_09_poi_diagnostic_only
3110271,신내역 1번,골목상권,0.8053892215568862,0.1125087528143553,0.0,0.0,37.02290076335878,27.417302798982192,10.05089058524173,40.90330788804072,0.0,50.31806615776081,25.84923664122137,0,0,36,2.0,0.0,0.0,2.0,True,,accessible_official_786,named_subarea_candidate,669478713.0,False,,,,0.05555555555555555,,,26.91884456671252,,False,,,,0.0,,,0.0,,,18.84319119669876,supply_only,no_cafe_sales_rows,,120.0,,incomplete_stay_evidence,25.84923664122137,2025q4_official_stores_sales__2026_09_poi_diagnostic_only
3120081,노원역,발달상권,0.8023952095808383,0.2674887709227367,4.0,11.0,86.89567430025446,89.94910941475827,86.76844783715013,95.5470737913486,40.86493337443908,50.06361323155216,75.31039125504049,2,3,2306,57.0,25.0,11.0,82.0,True,,accessible_official_786,named_subarea_candidate,137954343394.0,True,5122501669.0,1392546620.0,1183231058.0,0.024718126626192542,0.03713186220146796,0.502835888485486,65.98349381017881,66.26263841426874,True,1551344840.0,327416984.0,370994626.0,0.010841283607979185,0.011245349742772014,0.45019752668272,75.50373134328358,73.24734878240376,68.35805152470924,68.83956507011024,complete,both_cafe_industries_sales_observed,64.0,,,incomplete_stay_evidence,75.31039125504049,2025q4_official_stores_sales__2026_09_poi_diagnostic_only
3110268,망우3동주민센터,골목상권,0.8023952095808383,0.0711820170847589,0.0,0.0,37.02290076335878,27.417302798982192,21.37404580152672,40.90330788804072,6.197718631178708,50.06361323155216,28.761808357278998,0,1,87,3.0,1.0,0.0,4.0,True,,accessible_official_786,named_subarea_candidate,1425785843.0,True,27000000.0,9448700.0,6937832.0,0.034482758620689655,0.018936925298114353,0.6069085925925926,25.055020632737275,26.189880563134672,False,,,,0.011494252873563218,,,24.80410447761194,,,24.979745786199672,insufficient,partial_or_unusable_sales,,,,incomplete_stay_evidence,28.761808357278998,2025q4_official_stores_sales__2026_09_poi_diagnostic_only
3130025,삼익패션타운(남대문시장),전통시장,0.7994011976047904,0.0178153965290276,0.0,0.0,37.02290076335878,27.417302798982192,63.8676844783715,40.90330788804072,15.855513307984792,49.87277353689568,37.04832912470129,0,1,586,2.0,0.0,0.0,2.0,True,,accessible_official_786,named_subarea_candidate,13020326427.0,True,40755717.0,14457118.0,11187571.0,0.0034129692832764505,0.0031301609240368703,0.6292292440837196,38.15680880330124,34.72163898893779,False,,,,0.0,,,0.0,,,26.709766162310867,insufficient,partial_or_unusable_sales,,,,incomplete_stay_evidence,37.04832912470129,2025q4_official_stores_sales__2026_09_poi_diagnostic_only
3120019,경찰청앞교차로,발달상권,0.7964071856287425,0.0907595904161892,0.0,0.0,37.02290076335878,27.417302798982192,57.63358778625955,40.90330788804072,0.0,49.74554707379134,32.929389312977094,0,0,108,9.0,1.0,0.0,10.0,True,,accessible_official_786,named_subarea_candidate,3521340442.0,True,1742764295.0,629535665.0,406550262.0,0.08333333333333333,0.49491502560035633,0.5945072032818988,67.90921595598348,71.14613820346564,False,,,,0.009259259259259259,,,17.588619402985074,,,52.81303699008396,insufficient,partial_or_unusable_sales,,,,incomplete_stay_evidence,32.929389312977094,2025q4_official_stores_sales__2026_09_poi_diagnostic_only
3130084,신성시장(신성골목시장),전통시장,0.7904191616766467,0.0161683260257604,0.0,0.0,37.02290076335878,27.417302798982192,3.816793893129771,40.90330788804072,19.73384030418251,49.61832061068702,28.790915643533705,0,5,100,0.0,0.0,0.0,0.0,True,,accessible_official_786,named_subarea_candidate,3569814821.0,False,,,,0.0,,,0.0,,False,,,,0.0,,,0.0,,,0.0,supply_only,no_cafe_sales_rows,,185.0,,incomplete_stay_evidence,28.790915643533705,2025q4_official_stores_sales__2026_09_poi_diagnostic_only
3110319,종암동주민센터,골목상권,0.7784431137724551,0.0983010849334345,0.0,2.0,37.02290076335878,80.6615776081425,35.36895674300254,40.90330788804072,51.17117117117117,49.36386768447837,47.77240217316554,1,0,232,6.0,3.0,2.0,9.0,True,,accessible_official_786,named_subarea_candidate,7669937330.0,True,21000000.0,7343701.0,9586565.0,0.02586206896551724,0.002737962397405925,0.8062031428571429,31.62998624484182,31.60358351594963,True,599813474.0,124485296.0,134332503.0,0.01293103448275862,0.07820317796521031,0.43149714072611844,48.95522388059702,54.76207776904948,38.551131791879584,36.827557535568374,complete,both_cafe_industries_sales_observed,192.0,,,incomplete_stay_evidence,47.77240217316554,2025q4_official_stores_sales__2026_09_poi_diagnostic_only
3110291,한성대입구역 3번,골목상권,0.7784431137724551,0.1755499776195828,0.0,0.0,37.02290076335878,27.417302798982192,44.27480916030535,40.90330788804072,25.919912307745008,49.36386768447837,36.07138704170168,1,2,233,13.0,3.0,0.0,16.0,True,,accessible_official_786,named_subarea_candidate,5239394556.0,True,56415114.0,19887273.0,18170771.0,0.055793991416309016,0.010767487234836146,0.6746072337990844,53.08115543328748,48.689049240459696,True,6000000.0,1104222.0,1194781.0,0.012875536480686695,0.0011451704840836957,0.38316716666666667,32.87313432835821,25.083562450903376,41.607403203592796,47.018749101808694,complete,both_cafe_industries_sales_observed,172.0,,,incomplete_stay_evidence,36.07138704170168,2025q4_official_stores_sales__2026_09_poi_diagnostic_only
3110176,해오름공원,골목상권,0.7784431137724551,0.135213606968565,0.0,0.0,37.02290076335878,27.417302798982192,28.117048346055977,40.90330788804072,49.005240982427296,49.36386768447837,38.26478865450073,1,6,206,7.0,2.0,0.0,9.0,True,,accessible_official_786,named_subarea_candidate,1848527487.0,True,109966842.0,26856644.0,24259691.0,0.03398058252427184,0.059488886572342324,0.4648340724379445,32.22145804676754,35.08773300233489,False,,,,0.009708737864077669,,,24.6035447761194,,,29.936084065573095,insufficient,partial_or_unusable_sales,,,,incomplete_stay_evidence,38.26478865450073,2025q4_official_stores_sales__2026_09_poi_diagnostic_only
3120005,삼청동,발달상권,0.7754491017964071,0.2514544612950112,0.0,2.0,37.02290076335878,62.97709923664122,85.49618320610686,40.90330788804072,0.6083650190114068,48.98218829516539,42.48808521754273,0,1,433,50.0,10.0,2.0,60.0,True,,accessible_official_786,named_subarea_candidate,17822367436.0,True,3589542048.0,1427293191.0,1136265776.0,0.11547344110854503,0.20140657860915623,0.7141743801074426,89.70426409903715,90.14474840633544,True,819861612.0,295548544.0,358273860.0,0.023094688221709007,0.04600183533103094,0.7974789823431812,69.70149253731343,74.97525530243519,85.59390047516536,83.70343263052003,complete,both_cafe_industries_sales_observed,7.0,,,incomplete_stay_evidence,42.48808521754273,2025q4_official_stores_sales__2026_09_poi_diagnostic_only
3120024,회현역,발달상권,0.7754491017964071,0.1067866043674542,0.0,0.0,37.02290076335878,27.417302798982192,83.07888040712467,40.90330788804072,48.2882882882883,48.98218829516539,46.32750498590193,1,0,244,20.0,3.0,0.0,23.0,True,,accessible_official_786,named_subarea_candidate,13613677202.0,True,1021035174.0,396421359.0,250467620.0,0.08196721311475409,0.07500068929576195,0.6335618943133491,85.8665749656121,82.77776492004173,False,,,,0.012295081967213115,,,45.42910447761194,,,73.73533381921206,insufficient,partial_or_unusable_sales,,,,incomplete_stay_evidence,46.32750498590193,2025q4_official_stores_sales__2026_09_poi_diagnostic_only
3110012,성곡미술관,골목상권,0.7754491017964071,0.1242549095683796,0.0,0.0,37.02290076335878,27.417302798982192,56.36132315521628,40.90330788804072,3.0798479087452475,48.98218829516539,33.27818332220706,0,1,128,12.0,3.0,0.0,15.0,True,,accessible_official_786,named_subarea_candidate,4356707591.0,True,458530668.0,260817475.0,106310197.0,0.09375,0.10524706063524289,0.8006611064889557,68.13961485557084,71.98297630053892,False,,,,0.0234375,,,53.40485074626865,,,63.71918562278018,insufficient,partial_or_unusable_sales,,,,incomplete_stay_evidence,33.27818332220706,2025q4_official_stores_sales__2026_09_poi_diagnostic_only
3110315,종암아이파크2차,골목상권,0.7724550898203593,0.0927307599733494,0.0,0.0,37.02290076335878,27.417302798982192,45.038167938931295,40.90330788804072,4.676806083650191,48.72773536895674,31.87365638212444,0,1,176,7.0,6.0,0.0,13.0,True,,accessible_official_786,named_subarea_candidate,3304532540.0,True,83566221.0,27574706.0,22941552.0,0.03977272727272727,0.025288363781704508,0.6045057129004314,46.20357634112792,44.880109002624614,True,21336858.0,3616909.0,4328539.0,0.03409090909090909,0.00645684608692036,0.37238135061872746,88.03171641791045,66.22746465043204,51.28431569696684,58.75201836416268,complete,both_cafe_industries_sales_observed,133.0,,,incomplete_stay_evidence,31.87365638212444,2025q4_official_stores_sales__2026_09_poi_diagnostic_only
3120070,한성대입구역,발달상권,0.7694610778443114,0.080004360486842,4.0,6.0,97.5826972010178,96.94656488549616,83.33333333333334,94.14758269720102,13.26996197718631,48.409669211195926,73.22651147940671,0,3,344,15.0,4.0,6.0,19.0,True,,accessible_official_786,named_subarea_candidate,27347282063.0,True,803274996.0,144730527.0,417179313.0,0.0436046511627907,0.02937311993745826,0.6995236286428614,74.7799174690509,74.25625022634854,False,,,,0.011627906976744186,,,63.274253731343286,,,71.32821834773861,insufficient,partial_or_unusable_sales,,,,incomplete_stay_evidence,73.22651147940671,2025q4_official_stores_sales__2026_09_poi_diagnostic_only
3110293,삼선중학교,골목상권,0.7694610778443114,0.0797702621635996,0.0,0.0,37.02290076335878,27.417302798982192,64.12213740458014,40.90330788804072,5.513307984790876,48.409669211195926,34.87174556642382,0,1,201,9.0,0.0,0.0,9.0,True,,accessible_official_786,named_subarea_candidate,3936383833.0,True,103045755.0,33395652.0,28322307.0,0.04477611940298507,0.02617777111473062,0.598937423477561,62.54814305364511,56.89368523442192,False,,,,0.0,,,0.0,,,43.78370013755158,insufficient,partial_or_unusable_sales,,,,incomplete_stay_evidence,34.87174556642382,2025q4_official_stores_sales__2026_09_poi_diagnostic_only
3110286,한성대입구역 5번,골목상권,0.7694610778443114,0.1120926744171586,0.0,0.0,37.02290076335878,27.417302798982192,77.98982188295165,89.94910941475827,3.7262357414448672,48.409669211195926,41.4990639421821,0,1,131,18.0,4.0,0.0,22.0,True,,accessible_official_786,named_subarea_candidate,3888534048.0,True,227620408.0,81235773.0,81808445.0,0.13740458015267176,0.058536303190420205,0.7162987687817518,85.82530949105914,80.7477861916798,False,,,,0.030534351145038167,,,68.51679104477611,,,80.63275395717423,insufficient,partial_or_unusable_sales,,,,incomplete_stay_evidence,41.4990639421821,2025q4_official_stores_sales__2026_09_poi_diagnostic_only
3110288,동구여중,골목상권,0.7694610778443114,0.0826974634482829,0.0,0.0,37.02290076335878,27.417302798982192,77.35368956743002,40.90330788804072,0.0,48.409669211195926,35.75381679389313,0,0,130,13.0,4.0,0.0,17.0,True,,accessible_official_786,named_subarea_candidate,2909452782.0,True,41182823.0,15080394.0,15918113.0,0.1,0.014154834632404769,0.7527047623714382,84.07152682255847,71.06646221841388,False,,,,0.03076923076923077,,,78.19496268656715,,,82.30855758176106,insufficient,partial_or_unusable_sales,,,,incomplete_stay_evidence,35.75381679389313,2025q4_official_stores_sales__2026_09_poi_diagnostic_only
3110079,후암동주민센터,골목상권,0.7664670658682635,0.2928218394247191,0.0,2.0,37.02290076335878,60.05089058524173,67.55725190839695,40.90330788804072,9.336484773747133,47.90076335877863,40.9957956824848,1,2,415,36.0,5.0,2.0,41.0,True,,accessible_official_786,named_subarea_candidate,8235281865.0,True,440836481.0,231597647.0,115157741.0,0.08674698795180723,0.053530223764842566,0.7865850557862519,76.12104539202201,76.41068805856841,False,,,,0.012048192771084338,,,31.44589552238806,,,62.71850043113182,insufficient,partial_or_unusable_sales,,,,incomplete_stay_evidence,40.9957956824848,2025q4_official_stores_sales__2026_09_poi_diagnostic_only
3110274,서일대학교,골목상권,0.7664670658682635,0.1639716463826162,1.0,1.0,77.48091603053436,58.52417302798983,50.50890585241731,40.90330788804072,1.7490494296577948,47.90076335877863,48.82945365183487,0,1,262,14.0,4.0,1.0,18.0,True,,accessible_official_786,named_subarea_candidate,6998490216.0,True,163672769.0,76868162.0,28225672.0,0.05343511450381679,0.023386868302796238,0.6420972446552792,56.354883081155435,55.31538288606861,True,503843913.0,101853857.0,92498135.0,0.015267175572519083,0.07199322960373772,0.38573849357985596,46.180037313432834,50.68128927729772,53.92515480343734,53.30242935083865,complete,both_cafe_industries_sales_observed,124.0,,,incomplete_stay_evidence,48.82945365183487,2025q4_official_stores_sales__2026_09_poi_diagnostic_only
3110040,중구회현체육센터(정화예술대남산캠퍼스),골목상권,0.7664670658682635,0.0761845144048914,0.0,0.0,37.02290076335878,27.417302798982192,38.93129770992366,40.90330788804072,5.817490494296578,47.90076335877863,31.10306552888476,0,1,67,5.0,0.0,0.0,5.0,True,,accessible_official_786,named_subarea_candidate,651118578.0,True,169242662.0,133209223.0,14293880.0,0.07462686567164178,0.25992602226133993,0.871547996568383,54.51169188445667,60.65776206377937,False,,,,0.0,,,0.0,,,38.15818431911966,insufficient,partial_or_unusable_sales,,,,incomplete_stay_evidence,31.10306552888476,2025q4_official_stores_sales__2026_09_poi_diagnostic_only
3110039,회현역 1번,골목상권,0.7664670658682635,0.0099203638991191,0.0,0.0,37.02290076335878,27.417302798982192,58.77862595419848,40.90330788804072,18.060836501901143,47.90076335877863,36.52883396704689,0,1,20,1.0,1.0,0.0,2.0,True,,accessible_official_786,named_subarea_candidate,256672859.0,False,,,,0.05,,,38.122420907840436,,False,,,,0.05,,,83.3535447761194,,,51.69175806832412,supply_only,no_cafe_sales_rows,,24.0,,incomplete_stay_evidence,36.52883396704689,2025q4_official_stores_sales__2026_09_poi_diagnostic_only
3110022,경신고등학교,골목상권,0.7604790419161677,0.0601364861364292,0.0,1.0,37.02290076335878,77.09923664122137,49.10941475826972,40.90330788804072,12.281368821292777,47.58269720101781,41.3430422120957,0,2,101,5.0,2.0,1.0,7.0,True,,accessible_official_786,named_subarea_candidate,1137363402.0,True,51292196.0,19226730.0,15615411.0,0.04950495049504951,0.04509745601960208,0.6792873715135924,53.95116918844566,52.352703677813594,False,,,,0.019801980198019802,,,60.275186567164184,,,55.84837440206121,insufficient,partial_or_unusable_sales,,,,incomplete_stay_evidence,41.3430422120957,2025q4_official_stores_sales__2026_09_poi_diagnostic_only
3120002,서촌(경복궁역),발달상권,0.7574850299401198,0.1765049327736606,1.0,3.0,77.2264631043257,77.86259541984732,98.21882951653944,85.6234096692112,4.942965779467681,47.45547073791349,63.87663386836173,0,2,628,77.0,21.0,3.0,98.0,True,,accessible_official_786,named_subarea_candidate,28505388439.0,True,5154910547.0,1673472699.0,1868112335.0,0.12261146496815287,0.18083986324309284,0.6870313270636857,98.17744154057772,95.70689660945258,True,878260491.0,228662868.0,258765472.0,0.03343949044585987,0.030810332329953345,0.554992903580357,96.68843283582089,91.3332187745483,94.3947932589813,97.73073892915066,complete,both_cafe_industries_sales_observed,2.0,,,incomplete_stay_evidence,63.87663386836173,2025q4_official_stores_sales__2026_09_poi_diagnostic_only
3130075,노룬산시장(노룬산골목시장),전통시장,0.7544910179640718,0.0108072674356225,0.0,0.0,37.02290076335878,27.417302798982192,3.816793893129771,40.90330788804072,19.277566539923956,47.20101781170484,28.457930610783773,0,2,38,0.0,0.0,0.0,0.0,True,,accessible_official_786,named_subarea_candidate,706290428.0,False,,,,0.0,,,0.0,,False,,,,0.0,,,0.0,,,0.0,supply_only,no_cafe_sales_rows,,185.0,,incomplete_stay_evidence,28.457930610783773,2025q4_official_stores_sales__2026_09_poi_diagnostic_only
3110099,유엔빌리지길,골목상권,0.7544910179640718,0.2629885257731711,0.0,0.0,37.02290076335878,27.417302798982192,7.760814249363868,83.96946564885496,0.570342205323194,47.20101781170484,29.61470457338016,0,1,137,2.0,0.0,0.0,2.0,True,,accessible_official_786,named_subarea_candidate,364710989.0,False,,,,0.014598540145985401,,,4.0784044016506185,,False,,,,0.0,,,0.0,,,2.8548830811554327,supply_only,no_cafe_sales_rows,,180.0,,incomplete_stay_evidence,29.61470457338016,2025q4_official_stores_sales__2026_09_poi_diagnostic_only
3110101,옥정중학교,골목상권,0.7544910179640718,0.0238002575800851,0.0,0.0,37.02290076335878,27.417302798982192,49.4910941475827,40.90330788804072,14.182509505703422,47.20101781170484,34.290064242107604,0,1,59,2.0,0.0,0.0,2.0,True,,accessible_official_786,named_subarea_candidate,,False,,,,0.03389830508474576,,,46.25171939477304,,False,,,,0.0,,,0.0,,,32.376203576341126,supply_only,no_cafe_sales_rows,,79.0,,incomplete_stay_evidence,34.290064242107604,2025q4_official_stores_sales__2026_09_poi_diagnostic_only
3110018,중앙고등학교,골목상권,0.7485029940119761,0.1667471197601167,0.0,1.0,37.02290076335878,58.396946564885496,62.34096692111959,40.90330788804072,1.673003802281369,46.81933842239186,38.32442264340793,0,1,183,18.0,0.0,1.0,18.0,True,,accessible_official_786,named_subarea_candidate,2457016832.0,True,255664404.0,106083336.0,112923204.0,0.09836065573770492,0.1040548036424685,0.8566172551733091,73.91334250343878,74.67515694068335,False,,,,0.0,,,0.0,,,51.73933975240715,insufficient,partial_or_unusable_sales,,,,incomplete_stay_evidence,38.32442264340793,2025q4_official_stores_sales__2026_09_poi_diagnostic_only
3110270,혜원여고,골목상권,0.7485029940119761,0.0356163680036124,0.0,0.0,37.02290076335878,27.417302798982192,31.170483460559797,40.90330788804072,10.836501901140686,46.81933842239186,30.834603179210323,0,1,55,2.0,0.0,0.0,2.0,True,,accessible_official_786,named_subarea_candidate,1567745103.0,True,45975901.0,15372322.0,15389444.0,0.03636363636363636,0.029326132744424842,0.6690845710669161,35.47111416781293,37.86177196913323,False,,,,0.0,,,0.0,,,24.829779917469047,insufficient,partial_or_unusable_sales,,,,incomplete_stay_evidence,30.834603179210323,2025q4_official_stores_sales__2026_09_poi_diagnostic_only
3110321,동덕여대,골목상권,0.7485029940119761,0.0087428609804823,0.0,0.0,37.02290076335878,27.417302798982192,64.63104325699746,40.90330788804072,19.46768060836502,46.81933842239186,37.57992289012084,0,2,3,1.0,0.0,0.0,1.0,True,,accessible_official_786,named_subarea_candidate,,False,,,,0.3333333333333333,,,50.08596973865199,,False,,,,0.0,,,0.0,,,35.06017881705639,supply_only,no_cafe_sales_rows,,69.0,,incomplete_stay_evidence,37.57992289012084,2025q4_official_stores_sales__2026_09_poi_diagnostic_only
3110316,숭곡초등학교,골목상권,0.7455089820359282,0.1804815197005127,0.0,0.0,37.02290076335878,27.417302798982192,35.24173027989822,40.90330788804072,7.414448669201521,46.56488549618321,30.735434263102388,0,3,350,11.0,1.0,0.0,12.0,True,,accessible_official_786,named_subarea_candidate,8570598676.0,True,357125553.0,164781957.0,100817479.0,0.03142857142857143,0.04166868225904083,0.7437144549552858,35.15130674002751,46.29940701806893,False,,,,0.002857142857142857,,,2.1921641791044775,,,25.263563971750596,insufficient,partial_or_unusable_sales,,,,incomplete_stay_evidence,30.735434263102388,2025q4_official_stores_sales__2026_09_poi_diagnostic_only
3120209,"강남구청(청담역_8번, 강남세무서)",발달상권,0.7395209580838323,0.1340463186494407,2.0,2.0,86.76844783715013,74.68193384223919,73.91857506361323,40.90330788804072,35.31531531531532,46.0559796437659,64.07960250326663,1,0,542,19.0,7.0,2.0,26.0,True,,accessible_official_786,named_subarea_candidate,56406018651.0,True,404670018.0,162332378.0,102311115.0,0.03505535055350553,0.007174234730229906,0.6539735617378998,63.97524071526823,61.38646879875034,True,443609403.0,130851419.0,119642040.0,0.012915129151291513,0.007864575689072064,0.564671211444091,68.74533582089552,66.34541928515318,62.87415394467119,65.40626924695641,complete,both_cafe_industries_sales_observed,85.0,,,incomplete_stay_evidence,64.07960250326663,2025q4_official_stores_sales__2026_09_poi_diagnostic_only
3120061,올림픽대교북단,발달상권,0.7395209580838323,0.0471514721990557,3.0,4.0,99.10941475826972,97.70992366412212,21.62849872773537,97.83715012722644,17.52851711026616,46.0559796437659,65.52860418541201,0,4,205,2.0,1.0,4.0,3.0,True,,accessible_official_786,named_subarea_candidate,33258910812.0,True,155250667.0,54446420.0,51138738.0,0.00975609756097561,0.004667942010415587,0.6800947141824518,11.56121045392022,22.03887314983556,True,1062115199.0,407356153.0,327751180.0,0.004878048780487805,0.031934755921615536,0.6921163859552301,25.02798507462687,43.40774744697565,28.449535438977584,15.601242840132214,complete,both_cafe_industries_sales_observed,211.0,,,incomplete_stay_evidence,65.52860418541201,2025q4_official_stores_sales__2026_09_poi_diagnostic_only
3120214,영동대교남단교차로,발달상권,0.7395209580838323,0.0890678956395079,1.0,0.0,83.33333333333334,27.417302798982192,71.2468193384224,40.90330788804072,4.866920152091255,46.0559796437659,49.46893110420961,0,1,214,12.0,3.0,0.0,15.0,True,,accessible_official_786,named_subarea_candidate,7677972183.0,True,167082447.0,72438745.0,39979684.0,0.056074766355140186,0.02176127277068568,0.6728320719411058,71.86382393397525,66.88227238219797,False,,,,0.014018691588785047,,,54.80876865671641,,,66.7473073507976,insufficient,partial_or_unusable_sales,,,,incomplete_stay_evidence,49.46893110420961,2025q4_official_stores_sales__2026_09_poi_diagnostic_only
3120216,경기고교사거리(경기고교앞사거리),발달상권,0.7395209580838323,0.0716402698938749,0.0,1.0,37.02290076335878,73.2824427480916,13.740458015267176,95.16539440203562,0.0,46.0559796437659,38.2824427480916,0,0,264,2.0,1.0,1.0,3.0,True,,accessible_official_786,named_subarea_candidate,7062844207.0,True,47883615.0,26056759.0,7569913.0,0.007575757575757576,0.00677965046327122,0.7022584238888396,5.440165061898211,14.754936209001873,False,,,,0.003787878787878788,,,11.525186567164178,,,7.265671513478001,insufficient,partial_or_unusable_sales,,,,incomplete_stay_evidence,38.2824427480916,2025q4_official_stores_sales__2026_09_poi_diagnostic_only
3110988,청담역 3번,골목상권,0.7395209580838323,0.0791250215947088,0.0,0.0,37.02290076335878,27.417302798982192,12.72264631043257,40.90330788804072,0.0,46.0559796437659,25.82379134860051,0,0,59,2.0,1.0,0.0,3.0,True,,accessible_official_786,named_subarea_candidate,382609238.0,False,,,,0.03389830508474576,,,18.445667125171937,,False,,,,0.01694915254237288,,,31.40391791044776,,,22.33314236075468,supply_only,no_cafe_sales_rows,,112.0,,incomplete_stay_evidence,25.82379134860051,2025q4_official_stores_sales__2026_09_poi_diagnostic_only
3110985,청담근린공원,골목상권,0.7395209580838323,0.0432324972585148,0.0,0.0,37.02290076335878,27.417302798982192,41.475826972010175,40.90330788804072,9.657794676806084,46.0559796437659,32.068327383198366,0,1,57,3.0,0.0,0.0,3.0,True,,accessible_official_786,named_subarea_candidate,321344462.0,True,30052431.0,19400809.0,7469193.0,0.05263157894736842,0.0935209239734774,0.8941041075845079,49.63892709766162,51.165157562501236,False,,,,0.0,,,0.0,,,34.74724896836313,insufficient,partial_or_unusable_sales,,,,incomplete_stay_evidence,32.068327383198366,2025q4_official_stores_sales__2026_09_poi_diagnostic_only
3110990,청담역 12번,골목상권,0.7395209580838323,0.0100996541818893,0.0,0.0,37.02290076335878,27.417302798982192,85.36895674300254,40.90330788804072,0.0,46.0559796437659,36.720737913486005,0,0,29,2.0,0.0,0.0,2.0,True,,accessible_official_786,named_subarea_candidate,38474933.0,True,38474933.0,16899602.0,10320093.0,0.06896551724137931,1.0,0.7074656894139361,66.70563961485557,63.306876195376546,False,,,,0.0,,,0.0,,,46.6939477303989,insufficient,partial_or_unusable_sales,,,,incomplete_stay_evidence,36.720737913486005,2025q4_official_stores_sales__2026_09_poi_diagnostic_only
3120072,성신여대,발달상권,0.7365269461077845,0.197137426561376,4.0,10.0,90.71246819338424,92.49363867684478,97.07379134860052,95.80152671755724,1.254752851711027,45.16539440203562,69.99649764413356,0,1,1177,76.0,14.0,10.0,90.0,True,,accessible_official_786,named_subarea_candidate,56684231141.0,True,6906177414.0,1393685550.0,1699548143.0,0.06457094307561598,0.12183595463826845,0.44789374896878376,91.3961485557084,85.67345401383442,True,564266099.0,101670465.0,134066663.0,0.0118946474086661,0.00995455151533075,0.41777652142805766,73.0223880597015,67.29988216810683,80.16138246011613,85.88402040690632,complete,both_cafe_industries_sales_observed,24.0,,,incomplete_stay_evidence,69.99649764413356,2025q4_official_stores_sales__2026_09_poi_diagnostic_only
3130120,돈암시장(돈암제일시장),전통시장,0.7365269461077845,0.0203162831648891,1.0,0.0,97.32824427480917,27.417302798982192,74.80916030534351,40.90330788804072,15.05703422053232,45.16539440203562,56.1507198212057,0,1,177,3.0,2.0,0.0,5.0,True,,accessible_official_786,named_subarea_candidate,17294721998.0,False,,,,0.01694915254237288,,,53.76891334250344,,False,,,,0.011299435028248588,,,76.93097014925374,,,60.71753038452852,supply_only,no_cafe_sales_rows,,14.0,,incomplete_stay_evidence,56.1507198212057,2025q4_official_stores_sales__2026_09_poi_diagnostic_only
3120058,구의사거리,발달상권,0.7365269461077845,0.0925856406376635,0.0,3.0,37.02290076335878,87.27735368956743,51.01781170483461,40.90330788804072,8.97338403041825,45.16539440203562,42.252692073259226,0,2,198,8.0,0.0,3.0,8.0,True,,accessible_official_786,named_subarea_candidate,13340548195.0,True,18855831.0,6702749.0,5476088.0,0.04040404040404041,0.0014134225014131813,0.645892350223122,50.557083906464925,41.84803126308977,False,,,,0.0,,,0.0,,,35.38995873452544,insufficient,partial_or_unusable_sales,,,,incomplete_stay_evidence,42.252692073259226,2025q4_official_stores_sales__2026_09_poi_diagnostic_only
3110074,서울역 12번,골목상권,0.7365269461077845,0.1058430359479592,0.0,1.0,37.02290076335878,65.01272264631042,45.29262086513995,40.90330788804072,4.030418250950571,45.16539440203562,37.06562563492294,0,1,265,8.0,4.0,1.0,12.0,True,,accessible_official_786,named_subarea_candidate,9186270339.0,True,1046570357.0,417489350.0,170904580.0,0.03018867924528302,0.11392766796300573,0.5622115379673418,40.990371389270976,49.819588834884115,False,,,,0.01509433962264151,,,60.74626865671642,,,46.91714056950461,insufficient,partial_or_unusable_sales,,,,incomplete_stay_evidence,37.06562563492294,2025q4_official_stores_sales__2026_09_poi_diagnostic_only
3110066,서울역 15번,골목상권,0.7365269461077845,0.1336377162063377,0.0,1.0,37.02290076335878,61.57760814249363,53.30788804071247,87.91348600508906,39.30428527386703,45.16539440203562,49.50843975197442,1,1,219,12.0,4.0,1.0,16.0,True,,accessible_official_786,named_subarea_candidate,4378847556.0,True,300654983.0,137802796.0,59694517.0,0.0547945205479452,0.06866075586212986,0.6568902036125575,58.648555708390646,61.35336803213772,False,,,,0.0182648401826484,,,55.79291044776119,,,57.79186213020181,insufficient,partial_or_unusable_sales,,,,incomplete_stay_evidence,49.50843975197442,2025q4_official_stores_sales__2026_09_poi_diagnostic_only
3110285,홍대부중,골목상권,0.7365269461077845,0.0900031822053643,0.0,0.0,37.02290076335878,27.417302798982192,58.14249363867684,40.90330788804072,0.0,45.16539440203562,32.547709923664115,0,0,95,9.0,4.0,0.0,13.0,True,,accessible_official_786,named_subarea_candidate,1343858957.0,True,120492354.0,47885140.0,36446994.0,0.09473684210526316,0.08966145842342292,0.6998961444474726,69.49449793672628,67.39289470573323,True,346050979.0,133419443.0,106776180.0,0.042105263157894736,0.257505430311315,0.6941047347824437,77.5652985074627,77.22334053417126,70.34202845426464,71.9157381079472,complete,both_cafe_industries_sales_observed,55.0,,,incomplete_stay_evidence,32.547709923664115,2025q4_official_stores_sales__2026_09_poi_diagnostic_only
3110269,용마문화복지센터,골목상권,0.7365269461077845,0.0500271978814398,1.0,3.0,90.45801526717555,94.65648854961832,10.559796437659031,40.90330788804072,0.0,45.16539440203562,51.52671755725192,0,0,74,1.0,0.0,3.0,1.0,True,,accessible_official_786,named_subarea_candidate,1644468727.0,False,,,,0.013513513513513514,,,5.347317744154058,,False,,,,0.0,,,0.0,,,3.74312242090784,supply_only,no_cafe_sales_rows,,177.0,,incomplete_stay_evidence,51.52671755725192,2025q4_official_stores_sales__2026_09_poi_diagnostic_only
3110171,중곡4동주민센터,골목상권,0.7335329341317365,0.0478417862548132,0.0,0.0,37.02290076335878,27.417302798982192,3.816793893129771,40.90330788804072,83.60497379508787,44.65648854961832,41.06895913560791,1,3,29,0.0,0.0,0.0,0.0,True,,accessible_official_786,named_subarea_candidate,25567237.0,False,,,,0.0,,,0.0,,False,,,,0.0,,,0.0,,,0.0,supply_only,no_cafe_sales_rows,,185.0,,incomplete_stay_evidence,41.06895913560791,2025q4_official_stores_sales__2026_09_poi_diagnostic_only
3120243,천호역,발달상권,0.7245508982035929,0.2151027499788514,4.0,2.0,89.56743002544529,64.63104325699746,69.59287531806616,90.33078880407125,0.0,44.02035623409669,60.43893129770992,0,0,1711,28.0,24.0,2.0,52.0,True,,accessible_official_786,named_subarea_candidate,88898156104.0,True,1488865190.0,390362820.0,358444467.0,0.01636469900642899,0.016747987306488216,0.5029382727391188,50.26822558459423,51.73015731309077,True,419745355.0,97415282.0,113599504.0,0.014026884862653419,0.00472164298333645,0.5027209556613199,84.61753731343285,74.59411822466615,58.58934558656338,60.57301910324581,complete,both_cafe_industries_sales_observed,107.0,,,incomplete_stay_evidence,60.43893129770992,2025q4_official_stores_sales__2026_09_poi_diagnostic_only
3130318,로데오거리상점가,전통시장,0.7245508982035929,0.0565202028004,0.0,0.0,37.02290076335878,27.417302798982192,84.35114503816794,40.90330788804072,0.0,44.02035623409669,36.36450381679389,0,0,433,11.0,3.0,0.0,14.0,True,,accessible_official_786,named_subarea_candidate,40804072227.0,True,583899171.0,100234876.0,119442771.0,0.025404157043879907,0.014309825934815269,0.3762253106538492,64.77303988995874,59.4687980670347,True,480602079.0,96612580.0,107450799.0,0.006928406466512702,0.011778287135811564,0.4245994512229316,59.1884328358209,57.41874509033779,58.85378217402562,63.09765777371738,complete,both_cafe_industries_sales_observed,106.0,,,incomplete_stay_evidence,36.36450381679389,2025q4_official_stores_sales__2026_09_poi_diagnostic_only
3111059,강동역 4번(강풀만화거리),골목상권,0.7245508982035929,0.282081034729625,1.0,0.0,75.31806615776081,27.417302798982192,57.76081424936387,83.58778625954199,0.0,44.02035623409669,48.13295165394401,0,0,529,28.0,9.0,0.0,37.0,True,,accessible_official_786,named_subarea_candidate,14894133021.0,True,321877181.0,129432093.0,86134021.0,0.052930056710775046,0.02161100485313035,0.6697154278855201,60.58459422283356,60.90946434147778,True,17664106.0,7621264.0,4710948.0,0.017013232514177693,0.001185977456700197,0.6981509282156708,56.240671641791046,48.41452278083268,57.16098187328424,59.281417448520806,complete,both_cafe_industries_sales_observed,110.0,,,incomplete_stay_evidence,48.13295165394401,2025q4_official_stores_sales__2026_09_poi_diagnostic_only
3110314,종암경찰서,골목상권,0.7245508982035929,0.0840304550674432,3.0,5.0,95.5470737913486,94.27480916030534,33.969465648854964,40.90330788804072,9.809885931558936,44.02035623409669,58.35510695730415,0,2,259,5.0,3.0,5.0,8.0,True,,accessible_official_786,named_subarea_candidate,11124542002.0,True,332088611.0,99717799.0,81186279.0,0.019305019305019305,0.029851890616287503,0.5447464080603475,27.028885832187072,34.659291120782314,True,239855239.0,69092605.0,48716767.0,0.011583011583011582,0.02156090911040456,0.4911686419323949,51.92164179104478,52.233307148468185,39.93149592908807,34.49671261984438,complete,both_cafe_industries_sales_observed,185.0,,,incomplete_stay_evidence,58.35510695730415,2025q4_official_stores_sales__2026_09_poi_diagnostic_only
3130314,풍납시장,전통시장,0.7245508982035929,0.1207190686913481,0.0,1.0,37.02290076335878,63.61323155216285,20.99236641221374,40.90330788804072,0.0,44.02035623409669,32.29007633587786,0,0,201,5.0,3.0,1.0,8.0,True,,accessible_official_786,named_subarea_candidate,8901517304.0,True,7602678.0,4565758.0,2657528.0,0.024875621890547265,0.00085408787517423,0.9500975840355201,18.48005502063274,21.17230279660884,True,247980454.0,43308984.0,63015170.0,0.014925373134328358,0.02785822298953091,0.42876021994862545,46.45988805970149,47.028500589159464,28.929162134374025,26.874004932353365,complete,both_cafe_industries_sales_observed,210.0,,,incomplete_stay_evidence,32.29007633587786,2025q4_official_stores_sales__2026_09_poi_diagnostic_only
3111051,천호역 6번,골목상권,0.7245508982035929,0.1595231048398986,0.0,1.0,37.02290076335878,59.03307888040712,66.2849872773537,40.90330788804072,0.0,44.02035623409669,38.396946564885496,0,0,316,19.0,2.0,1.0,21.0,True,,accessible_official_786,named_subarea_candidate,7899901734.0,True,101381680.0,32887915.0,26873688.0,0.060126582278481014,0.012833283680437233,0.5894714212666431,70.26822558459422,60.18348567871421,False,,,,0.006329113924050633,,,13.40018656716418,,,53.207813879365204,insufficient,partial_or_unusable_sales,,,,incomplete_stay_evidence,38.396946564885496,2025q4_official_stores_sales__2026_09_poi_diagnostic_only
3111049,천호지구대(천호동자전거거리),골목상권,0.7245508982035929,0.110338842403215,0.0,0.0,37.02290076335878,27.417302798982192,23.918575063613236,40.90330788804072,0.0,44.02035623409669,27.299618320610687,0,0,196,5.0,4.0,0.0,9.0,True,,accessible_official_786,named_subarea_candidate,4243378321.0,True,82581938.0,25895825.0,25074917.0,0.025510204081632654,0.01946136586297557,0.6172141661291601,20.993810178817057,26.8385384614859,False,,,,0.02040816326530612,,,64.19309701492537,,,33.95359622964955,insufficient,partial_or_unusable_sales,,,,incomplete_stay_evidence,27.299618320610687,2025q4_official_stores_sales__2026_09_poi_diagnostic_only
3111056,천호태영아파트,골목상권,0.7245508982035929,0.031960042383596,0.0,0.0,37.02290076335878,27.417302798982192,15.394402035623408,40.90330788804072,0.0,44.02035623409669,26.020992366412216,0,0,82,1.0,3.0,0.0,4.0,True,,accessible_official_786,named_subarea_candidate,1535736018.0,True,24881671.0,7807516.0,5370985.0,0.012195121951219513,0.016201789049919906,0.5296469437281764,8.31155433287483,11.874695087160417,False,,,,0.036585365853658534,,,94.55223880597015,,,34.183759674803426,insufficient,partial_or_unusable_sales,,,,incomplete_stay_evidence,26.020992366412216,2025q4_official_stores_sales__2026_09_poi_diagnostic_only
3111048,천호역 1번(천호문구완구거리),골목상권,0.7245508982035929,0.0692109717933286,0.0,0.0,37.02290076335878,27.417302798982192,32.1882951653944,40.90330788804072,0.0,44.02035623409669,28.540076335877863,0,0,98,4.0,2.0,0.0,6.0,True,,accessible_official_786,named_subarea_candidate,1350745881.0,True,112933109.0,48337678.0,44529894.0,0.04081632653061224,0.08360796104474666,0.82232369959814,38.26341127922971,46.54255977822284,False,,,,0.02040816326530612,,,57.03824626865672,,,43.89586177605781,insufficient,partial_or_unusable_sales,,,,incomplete_stay_evidence,28.540076335877863,2025q4_official_stores_sales__2026_09_poi_diagnostic_only
3120227,잠실역,발달상권,0.7155688622754491,0.5264609141199128,3.0,10.0,77.35368956743002,79.64376590330788,78.88040712468194,88.29516539440203,0.1140684410646387,43.12977099236641,60.150040151317256,0,1,2251,87.0,28.0,10.0,115.0,True,,accessible_official_786,named_subarea_candidate,321989991430.0,True,8388800842.0,3209785989.0,2172449445.0,0.03864948911594847,0.02605298632030216,0.641597712876064,69.36038514442916,71.53736647144318,True,7530520276.0,1900359919.0,2290470670.0,0.012438916037316748,0.02338743587201567,0.5565127554806945,68.90858208955224,73.89390219952867,72.24432718986883,69.22484422796607,complete,both_cafe_industries_sales_observed,49.0,,,incomplete_stay_evidence,60.150040151317256,2025q4_official_stores_sales__2026_09_poi_diagnostic_only
3120190,강남을지병원,발달상권,0.7155688622754491,0.294971646748385,0.0,1.0,37.02290076335878,55.470737913486005,83.7150127226463,83.33333333333334,2.0532319391634983,43.12977099236641,45.04168964483016,0,2,1239,56.0,6.0,1.0,62.0,True,,accessible_official_786,named_subarea_candidate,64944580265.0,True,830517497.0,272793525.0,139041777.0,0.04519774011299435,0.012788095536396643,0.4958779357299922,75.72902338376892,67.97059952810173,True,199301846.0,52957836.0,30515993.0,0.004842615012106538,0.0030687987386594593,0.4188311883473473,23.32089552238806,25.56804791830322,55.249834045162174,60.00658502535466,complete,both_cafe_industries_sales_observed,120.0,,,incomplete_stay_evidence,45.04168964483016,2025q4_official_stores_sales__2026_09_poi_diagnostic_only
3110296,성신여대입구역 4번,골목상권,0.7155688622754491,0.0594152883932045,0.0,1.0,37.02290076335878,77.48091603053436,79.51653944020356,40.90330788804072,15.209125475285171,43.12977099236641,46.10162153271607,0,3,145,10.0,2.0,1.0,12.0,True,,accessible_official_786,named_subarea_candidate,3508484340.0,True,1530286003.0,547089070.0,351363857.0,0.06896551724137931,0.4361672604757871,0.587114385963576,81.36863823933975,79.9672867079253,False,,,,0.013793103448275862,,,54.29570895522389,,,73.24675945410499,insufficient,partial_or_unusable_sales,,,,incomplete_stay_evidence,46.10162153271607,2025q4_official_stores_sales__2026_09_poi_diagnostic_only
3110301,성신여대입구역 7번,골목상권,0.7155688622754491,0.1072925400289165,0.0,0.0,37.02290076335878,27.417302798982192,18.19338422391857,40.90330788804072,7.870722433460076,43.12977099236641,27.92592565717548,0,2,125,4.0,3.0,0.0,7.0,True,,accessible_official_786,named_subarea_candidate,1909027181.0,True,13878191.0,6001933.0,4864584.0,0.032,0.007269771294052623,0.782992322270244,21.207015130674005,24.198089925798676,False,,,,0.024,,,58.01772388059702,,,32.25022775565091,insufficient,partial_or_unusable_sales,,,,incomplete_stay_evidence,27.92592565717548,2025q4_official_stores_sales__2026_09_poi_diagnostic_only
3110303,성신여대입구역 1번,골목상권,0.7155688622754491,0.109216544305315,0.0,3.0,37.02290076335878,84.86005089058524,66.15776081424937,40.90330788804072,0.0,43.12977099236641,42.162849872773535,0,0,139,13.0,3.0,3.0,16.0,True,,accessible_official_786,named_subarea_candidate,1606370727.0,True,36209089.0,10042071.0,9576398.0,0.09352517985611511,0.022540929308157143,0.5418106210846675,75.61898211829435,60.99496160103754,True,2815195.0,950239.0,1864956.0,0.02158273381294964,0.0017525188629760183,1.0,55.57369402985074,47.73382266300078,57.01661991962651,69.60539569176126,complete,both_cafe_industries_sales_observed,112.0,,,incomplete_stay_evidence,42.162849872773535,2025q4_official_stores_sales__2026_09_poi_diagnostic_only
3120001,서대문역,발달상권,0.7125748502994012,0.1481814110194253,4.0,4.0,93.38422391857506,84.47837150127226,78.49872773536896,40.90330788804072,6.007604562737644,42.43002544529262,61.99668630694957,0,2,381,24.0,0.0,4.0,24.0,True,,accessible_official_786,named_subarea_candidate,22935188663.0,True,655097530.0,271845833.0,121492505.0,0.06299212598425197,0.028562988498840237,0.6004271425050252,79.27441540577718,74.32942312383538,True,294056778.0,84308197.0,56554870.0,0.0,0.012821205978322063,0.47903356609586467,0.0,15.986842105263158,56.82664881826371,55.492090784044024,complete,both_cafe_industries_sales_observed,113.0,,,incomplete_stay_evidence,61.99668630694957,2025q4_official_stores_sales__2026_09_poi_diagnostic_only
3110539,미근동,골목상권,0.7125748502994012,0.0480160736232092,0.0,0.0,37.02290076335878,27.417302798982192,91.6030534351145,40.90330788804072,8.669201520912548,42.43002544529262,39.02709730163798,0,1,100,12.0,2.0,0.0,14.0,True,,accessible_official_786,named_subarea_candidate,3997996886.0,True,151505778.0,88111132.0,23750214.0,0.12,0.03789542171244203,0.7383305605677957,93.81361760660246,84.45828046173052,False,,,,0.02,,,69.20242537313433,,,86.43025993656202,insufficient,partial_or_unusable_sales,,,,incomplete_stay_evidence,39.02709730163798,2025q4_official_stores_sales__2026_09_poi_diagnostic_only
3110038,경향신문사,골목상권,0.7125748502994012,0.0368657623837425,0.0,0.0,37.02290076335878,27.417302798982192,71.62849872773536,40.90330788804072,0.0,42.43002544529262,34.2970737913486,0,0,60,5.0,1.0,0.0,6.0,True,,accessible_official_786,named_subarea_candidate,3974488497.0,True,563452080.0,355503412.0,79184336.0,0.08333333333333333,0.1417671935458617,0.7714724347099757,78.10178817056396,79.66519111333417,False,,,,0.016666666666666666,,,50.844216417910445,,,69.9245166447679,insufficient,partial_or_unusable_sales,,,,incomplete_stay_evidence,34.2970737913486,2025q4_official_stores_sales__2026_09_poi_diagnostic_only
3110537,충정로현대아파트,골목상권,0.7125748502994012,0.0527467187604055,0.0,0.0,37.02290076335878,27.417302798982192,90.96692111959288,40.90330788804072,65.58558558558558,42.43002544529262,50.314954267244346,1,0,150,13.0,0.0,0.0,13.0,True,,accessible_official_786,named_subarea_candidate,2012940535.0,True,57310752.0,32118613.0,9253879.0,0.08666666666666667,0.028471159978901216,0.7218975594666774,91.3617606602476,78.65067409158215,False,,,,0.0,,,0.0,,,63.95323246217331,insufficient,partial_or_unusable_sales,,,,incomplete_stay_evidence,50.314954267244346,2025q4_official_stores_sales__2026_09_poi_diagnostic_only
3110536,돈의문센트레빌아파트입구,골목상권,0.7125748502994012,0.021569789630713,0.0,0.0,37.02290076335878,27.417302798982192,24.55470737913486,40.90330788804072,17.870722433460077,42.43002544529262,30.81014957575054,0,2,43,1.0,0.0,0.0,1.0,True,,accessible_official_786,named_subarea_candidate,614672363.0,False,,,,0.023255813953488372,,,19.82806052269601,,False,,,,0.0,,,0.0,,,13.879642365887205,supply_only,no_cafe_sales_rows,,139.0,,incomplete_stay_evidence,30.81014957575054,2025q4_official_stores_sales__2026_09_poi_diagnostic_only
3110534,경기대학교,골목상권,0.7125748502994012,0.0717331029030941,0.0,0.0,37.02290076335878,27.417302798982192,13.61323155216285,40.90330788804072,10.79847908745247,42.43002544529262,27.75447953250321,0,2,35,2.0,1.0,0.0,3.0,True,,accessible_official_786,named_subarea_candidate,94133244.0,False,,,,0.05714285714285714,,,30.12035763411279,,False,,,,0.02857142857142857,,,40.88619402985074,,,33.35010855283417,supply_only,no_cafe_sales_rows,,74.0,,incomplete_stay_evidence,27.75447953250321,2025q4_official_stores_sales__2026_09_poi_diagnostic_only
3111011,잠실나루역,골목상권,0.7065868263473054,0.0258193896573705,0.0,2.0,37.02290076335878,97.20101781170484,46.0559796437659,40.90330788804072,13.61216730038023,41.921119592875314,43.600296055495896,0,1,117,2.0,1.0,2.0,3.0,True,,accessible_official_786,named_subarea_candidate,8236250611.0,False,,,,0.017094017094017096,,,33.968363136176066,,False,,,,0.008547008547008548,,,50.42910447761194,,,38.906585538606826,supply_only,no_cafe_sales_rows,,57.0,,incomplete_stay_evidence,43.600296055495896,2025q4_official_stores_sales__2026_09_poi_diagnostic_only
3110107,금호사거리,골목상권,0.7065868263473054,0.0221737996311966,0.0,0.0,37.02290076335878,27.417302798982192,88.67684478371501,40.90330788804072,17.718631178707223,41.921119592875314,40.34716135024526,0,2,51,5.0,0.0,0.0,5.0,True,,accessible_official_786,named_subarea_candidate,1699397506.0,True,3864470.0,1101076.0,1441591.0,0.09803921568627451,0.0022740235797427373,0.6579600824951416,90.94222833562586,69.06805461884271,False,,,,0.0,,,0.0,,,63.659559834938094,insufficient,partial_or_unusable_sales,,,,incomplete_stay_evidence,40.34716135024526,2025q4_official_stores_sales__2026_09_poi_diagnostic_only
3120073,미아사거리,발달상권,0.7005988023952096,0.0904345567263946,2.0,0.0,92.1119592875318,27.417302798982192,63.358778625954194,98.21882951653944,9.315589353612166,41.66666666666667,57.101667489043045,0,2,470,10.0,2.0,0.0,12.0,True,,accessible_official_786,named_subarea_candidate,12525044749.0,True,399540860.0,154734881.0,87232548.0,0.02127659574468085,0.031899355891075704,0.6056137262156366,48.54883081155434,52.15363015229072,True,379170564.0,75850683.0,85087552.0,0.00425531914893617,0.03027299076358773,0.42444812514507324,25.326492537313435,34.01143951296151,46.71097296049195,41.58212932928206,complete,both_cafe_industries_sales_observed,153.0,,,incomplete_stay_evidence,57.101667489043045,2025q4_official_stores_sales__2026_09_poi_diagnostic_only
3130154,상계주공1단지(가)상가,전통시장,0.7005988023952096,0.0067532905086906,0.0,1.0,37.02290076335878,99.23664122137404,75.19083969465649,40.90330788804072,0.0,41.66666666666667,45.52798982188296,0,0,54,1.0,0.0,1.0,1.0,True,,accessible_official_786,named_subarea_candidate,621333196.0,False,,,,0.018518518518518517,,,20.646492434662996,,False,,,,0.0,,,0.0,,,14.452544704264096,supply_only,no_cafe_sales_rows,,138.0,,incomplete_stay_evidence,45.52798982188296,2025q4_official_stores_sales__2026_09_poi_diagnostic_only
3110422,노원역 9번,골목상권,0.6976047904191617,0.0352968479019191,0.0,0.0,37.02290076335878,27.417302798982192,31.29770992366413,40.90330788804072,17.566539923954373,41.475826972010175,31.66534360820054,0,3,100,2.0,2.0,0.0,4.0,True,,accessible_official_786,named_subarea_candidate,1448036915.0,False,,,,0.02,,,25.90784044016506,,False,,,,0.02,,,79.75279850746269,,,42.061327860354346,supply_only,no_cafe_sales_rows,,49.0,,incomplete_stay_evidence,31.66534360820054,2025q4_official_stores_sales__2026_09_poi_diagnostic_only
3110138,송정체육공원,골목상권,0.6946107784431138,0.1019957666475365,0.0,2.0,37.02290076335878,79.89821882951654,52.16284987277354,40.90330788804072,11.29277566539924,41.348600508905854,41.39977650712565,0,3,176,9.0,4.0,2.0,13.0,True,,accessible_official_786,named_subarea_candidate,2178300994.0,True,74681322.0,30467296.0,20203404.0,0.05113636363636364,0.0342842069143361,0.6784922741458701,56.56121045392022,54.643344088732725,False,,,,0.022727272727272728,,,68.69402985074628,,,60.20105627296803,insufficient,partial_or_unusable_sales,,,,incomplete_stay_evidence,41.39977650712565,2025q4_official_stores_sales__2026_09_poi_diagnostic_only
3130002,세종마을음식문화거리(금천교시장),전통시장,0.6916167664670658,0.0495198489582525,0.0,0.0,37.02290076335878,27.417302798982192,73.66412213740458,40.90330788804072,8.479087452471484,41.03053435114504,36.15828568387852,0,1,238,7.0,4.0,0.0,11.0,True,,accessible_official_786,named_subarea_candidate,18785899584.0,True,355688628.0,131791756.0,118259458.0,0.029411764705882353,0.01893380864778714,0.7030059279826062,59.89683631361761,60.94738303503158,True,1505125855.0,318365143.0,381991734.0,0.01680672268907563,0.08011997766036819,0.4653144949131181,83.11100746268657,82.28954732914374,67.35003232326522,66.8610876583383,complete,both_cafe_industries_sales_observed,66.0,,,incomplete_stay_evidence,36.15828568387852,2025q4_official_stores_sales__2026_09_poi_diagnostic_only
3110008,배화여자대학교(박노수미술관),골목상권,0.6916167664670658,0.1491530845267322,0.0,0.0,37.02290076335878,27.417302798982192,94.40203562340967,40.90330788804072,5.96958174904943,41.03053435114504,38.76707156609488,0,2,315,46.0,9.0,0.0,55.0,True,,accessible_official_786,named_subarea_candidate,5088808259.0,True,2059375263.0,700799773.0,829582811.0,0.14603174603174604,0.40468714052210863,0.7431295361733206,96.4786795048143,94.9830885694157,True,61547017.0,21944226.0,23674620.0,0.02857142857142857,0.012094583617126613,0.741203200798505,85.2705223880597,73.73541830322074,88.6087874895572,93.11623236978791,complete,both_cafe_industries_sales_observed,4.0,,,incomplete_stay_evidence,38.76707156609488,2025q4_official_stores_sales__2026_09_poi_diagnostic_only
3110015,청와대사랑채,골목상권,0.6916167664670658,0.0693471471155256,0.0,0.0,37.02290076335878,27.417302798982192,22.264631043257,40.90330788804072,11.102661596958177,41.03053435114504,28.97307684865372,0,2,22,3.0,0.0,0.0,3.0,True,,accessible_official_786,named_subarea_candidate,881178205.0,True,256026172.0,116905538.0,93677496.0,0.13636363636363635,0.29054982357399545,0.8225058881870874,44.64924346629986,54.81721260226683,False,,,,0.0,,,0.0,,,31.2544704264099,insufficient,partial_or_unusable_sales,,,,incomplete_stay_evidence,28.97307684865372,2025q4_official_stores_sales__2026_09_poi_diagnostic_only
3110013,체부동홍종문가옥,골목상권,0.6916167664670658,0.0170516277786817,0.0,0.0,37.02290076335878,27.417302798982192,81.42493638676844,40.90330788804072,16.273764258555133,41.03053435114504,38.88134318249983,0,1,37,3.0,1.0,0.0,4.0,True,,accessible_official_786,named_subarea_candidate,44280497.0,True,44280497.0,11705267.0,16748877.0,0.08108108108108109,1.0,0.6425886321917299,80.64993122420908,71.9196935360323,False,,,,0.02702702702702703,,,79.76212686567165,,,80.38358991664785,insufficient,partial_or_unusable_sales,,,,incomplete_stay_evidence,38.88134318249983,2025q4_official_stores_sales__2026_09_poi_diagnostic_only
3130059,후암시장,전통시장,0.6856287425149701,0.033265147764549,0.0,0.0,37.02290076335878,27.417302798982192,34.478371501272264,40.90330788804072,11.482889733840306,40.521628498727736,30.830292959490706,0,1,115,2.0,2.0,0.0,4.0,True,,accessible_official_786,named_subarea_candidate,6396737502.0,True,63929171.0,27527706.0,11861245.0,0.017391304347826087,0.009994027577341098,0.6161342370605745,26.37551581843191,28.42379003465097,True,312380686.0,58274523.0,88435551.0,0.017391304347826087,0.048834376258574196,0.4696515520168875,78.03171641791045,73.17483307148467,41.84910294570108,41.87237599827547,complete,both_cafe_industries_sales_observed,171.0,,,incomplete_stay_evidence,30.830292959490706,2025q4_official_stores_sales__2026_09_poi_diagnostic_only
3110067,배문고등학교,골목상권,0.6856287425149701,0.2047835179977709,0.0,1.0,37.02290076335878,56.87022900763359,19.21119592875318,40.90330788804072,4.144486692015209,40.521628498727736,31.49047494654553,0,2,180,8.0,1.0,1.0,9.0,True,,accessible_official_786,named_subarea_candidate,3731523530.0,True,194455114.0,57338324.0,39206448.0,0.044444444444444446,0.052111453254054654,0.49648872695628876,28.469738651994497,34.507306872590874,False,,,,0.005555555555555556,,,5.746268656716417,,,21.65269765341107,insufficient,partial_or_unusable_sales,,,,incomplete_stay_evidence,31.49047494654553,2025q4_official_stores_sales__2026_09_poi_diagnostic_only
3110075,숙대입구역 1번,골목상권,0.6856287425149701,0.1288085942556467,0.0,0.0,37.02290076335878,27.417302798982192,58.9058524173028,40.90330788804072,6.88212927756654,40.521628498727736,33.57426300564053,0,2,154,13.0,3.0,0.0,16.0,True,,accessible_official_786,named_subarea_candidate,2795860824.0,True,498400788.0,180870296.0,132667488.0,0.08441558441558442,0.17826380473651215,0.6290876570604459,70.51581843191197,71.48655725405223,False,,,,0.01948051948051948,,,49.65485074626866,,,64.25752812621897,insufficient,partial_or_unusable_sales,,,,incomplete_stay_evidence,33.57426300564053,2025q4_official_stores_sales__2026_09_poi_diagnostic_only
3110092,NH농협은행 보광동지점,골목상권,0.6856287425149701,0.1050736326129043,0.0,1.0,37.02290076335878,65.13994910941476,3.816793893129771,40.90330788804072,4.068441064638783,40.521628498727736,30.406563530993918,0,1,89,0.0,0.0,1.0,0.0,True,,accessible_official_786,named_subarea_candidate,146426975.0,False,,,,0.0,,,0.0,,False,,,,0.0,,,0.0,,,0.0,supply_only,no_cafe_sales_rows,,185.0,,incomplete_stay_evidence,30.406563530993918,2025q4_official_stores_sales__2026_09_poi_diagnostic_only
3120078,미아사거리역,발달상권,0.6826347305389222,0.0941069382615871,1.0,0.0,82.95165394402035,27.417302798982192,44.529262086514,91.98473282442748,8.859315589353612,40.13994910941476,50.66181222728548,0,2,513,7.0,6.0,0.0,13.0,True,,accessible_official_786,named_subarea_candidate,36572927975.0,True,1112496290.0,227071152.0,256372743.0,0.01364522417153996,0.030418573288976597,0.4345577592892467,31.2585969738652,39.13161400689192,True,513561120.0,70242198.0,81192423.0,0.011695906432748537,0.01404211115804162,0.29487166201366644,70.51305970149254,64.62229968578161,46.77881971055882,43.0349357921534,complete,both_cafe_industries_sales_observed,152.0,,,incomplete_stay_evidence,50.66181222728548,2025q4_official_stores_sales__2026_09_poi_diagnostic_only
3110424,상계초등학교,골목상권,0.6826347305389222,0.075853369542824,2.0,3.0,93.25699745547074,89.05852417302799,39.18575063613232,40.90330788804072,13.76425855513308,40.13994910941476,58.07091786878743,0,3,200,5.0,4.0,3.0,9.0,True,,accessible_official_786,named_subarea_candidate,6777615631.0,True,68711005.0,20535963.0,19544861.0,0.025,0.010137931795028936,0.5833246653865709,33.483493810178814,32.647586253314934,True,13564746.0,3467030.0,4035683.0,0.02,0.002001403847387934,0.5531038325376678,78.17630597014926,62.19051944226238,41.510466209999166,46.89133745816994,complete,both_cafe_industries_sales_observed,174.0,,,incomplete_stay_evidence,58.07091786878743,2025q4_official_stores_sales__2026_09_poi_diagnostic_only
3120079,창동역,발달상권,0.6796407185628742,0.0960234584028343,4.0,4.0,96.5648854961832,90.0763358778626,35.87786259541985,91.47582697201018,11.825095057034222,39.82188295165394,63.35738542362058,0,3,499,6.0,2.0,4.0,8.0,True,,accessible_official_786,named_subarea_candidate,41327211151.0,True,575224757.0,181287973.0,151631435.0,0.012024048096192385,0.013918789605673191,0.5787640464855722,24.814305364511693,33.560798653320134,True,602523664.0,102233046.0,126413779.0,0.004008016032064128,0.014579344872764797,0.37948190031586876,22.621268656716417,32.611203849175176,33.27592021207665,24.15639435217311,complete,both_cafe_industries_sales_observed,201.0,,,incomplete_stay_evidence,63.35738542362058,2025q4_official_stores_sales__2026_09_poi_diagnostic_only
3130153,창동역상점가,전통시장,0.6796407185628742,0.0336021646911002,0.0,2.0,37.02290076335878,94.40203562340967,86.51399491094148,40.90330788804072,11.368821292775667,39.82188295165394,48.5905581516849,0,1,233,7.0,0.0,2.0,7.0,True,,accessible_official_786,named_subarea_candidate,11918508546.0,True,188757743.0,63485465.0,40871771.0,0.030042918454935622,0.015837362726341245,0.5528633386975813,69.41540577716644,61.34401305544224,True,119751233.0,18357730.0,37996583.0,0.0,0.01004750154248033,0.4705948455662248,0.0,11.480263157894736,46.38488808617798,48.59078404401651,complete,both_cafe_industries_sales_observed,155.0,,,incomplete_stay_evidence,48.5905581516849,2025q4_official_stores_sales__2026_09_poi_diagnostic_only
3110409,창동역 2번,골목상권,0.6796407185628742,0.0775833600105044,1.0,1.0,85.1145038167939,71.11959287531806,60.68702290076335,40.90330788804072,62.7164046175453,39.82188295165394,65.9211435189289,1,1,235,8.0,5.0,1.0,13.0,True,,accessible_official_786,named_subarea_candidate,4511864152.0,True,432149705.0,109409702.0,106257755.0,0.03404255319148936,0.09578074393229205,0.4990572815501517,55.20632737276478,56.604836513145976,True,45643511.0,14629451.0,8991396.0,0.02127659574468085,0.0101163309581844,0.5175072312031386,82.65391791044776,68.38405832678711,60.13860305723831,63.44060453406968,complete,both_cafe_industries_sales_observed,99.0,,,incomplete_stay_evidence,65.9211435189289,2025q4_official_stores_sales__2026_09_poi_diagnostic_only
3120193,도산공원교차로,발달상권,0.6676646706586826,0.1848828842036462,0.0,1.0,37.02290076335878,57.63358778625955,38.04071246819338,40.90330788804072,1.3688212927756656,39.50381679389313,33.77249199392409,0,1,558,12.0,5.0,1.0,17.0,True,,accessible_official_786,named_subarea_candidate,48791640274.0,True,335275510.0,163691670.0,73463263.0,0.021505376344086023,0.006871576936483134,0.7073434412194317,30.60866574965612,38.7139696511875,True,129144809.0,57888714.0,36492606.0,0.008960573476702509,0.0026468634437120664,0.7308177597753852,38.348880597014926,40.2981637863315,39.189227891730695,32.93073020386376,complete,both_cafe_industries_sales_observed,188.0,,,incomplete_stay_evidence,33.77249199392409,2025q4_official_stores_sales__2026_09_poi_diagnostic_only
3110325,장곡초등학교,골목상권,0.6676646706586826,0.104605748965104,1.0,1.0,81.42493638676844,65.52162849872774,14.249363867684478,40.90330788804072,49.72972972972973,39.50381679389313,54.37978818513169,1,0,157,3.0,3.0,1.0,6.0,True,,accessible_official_786,named_subarea_candidate,2967804020.0,False,,,,0.01910828025477707,,,10.563961485557083,,False,,,,0.01910828025477707,,,55.214552238805965,,,23.959138711531747,supply_only,no_cafe_sales_rows,,108.0,,incomplete_stay_evidence,54.37978818513169,2025q4_official_stores_sales__2026_09_poi_diagnostic_only
3001495,잠실 관광특구,관광특구,0.6646706586826348,2.4608282285006786,3.0,5.0,74.04580152671755,54.96183206106871,24.42748091603053,81.80661577608143,0.0380228136882129,38.8676844783715,46.19717199276308,0,2,3030,112.0,32.0,5.0,144.0,False,broad_tourism_zone;prefer_named_subarea,accessible_official_786,broad_zone_reference_only,380932087468.0,True,9940176446.0,2927713366.0,2890117569.0,0.036963696369636964,0.026094353227292828,0.5852844732289574,28.4525447042641,41.20776489954224,True,7455360972.0,1876396891.0,2270376811.0,0.010561056105610561,0.019571365125880303,0.556213671956862,21.865671641791042,40.63491751767478,41.035910684982,26.47648278552218,complete,both_cafe_industries_sales_observed,177.0,,,incomplete_stay_evidence,46.19717199276308,2025q4_official_stores_sales__2026_09_poi_diagnostic_only
3120246,길동역,발달상권,0.6646706586826348,0.2424850293233832,3.0,5.0,84.47837150127226,80.91603053435115,24.17302798982188,93.63867684478372,0.0,38.8676844783715,54.35750636132315,0,0,1011,11.0,6.0,5.0,17.0,True,,accessible_official_786,named_subarea_candidate,56550450275.0,True,1531303229.0,551453550.0,271886228.0,0.010880316518298714,0.02707853291270721,0.5376725931268835,13.686382393397523,28.005579448850693,True,948682045.0,223846514.0,207202235.0,0.005934718100890208,0.016775853072550976,0.4543658766093755,30.307835820895523,41.77469560094266,32.13631429447828,18.672818421646923,complete,both_cafe_industries_sales_observed,203.0,,,incomplete_stay_evidence,54.35750636132315,2025q4_official_stores_sales__2026_09_poi_diagnostic_only
3111068,강동성심병원,골목상권,0.6646706586826348,0.0196311859562933,0.0,0.0,37.02290076335878,27.417302798982192,3.816793893129771,40.90330788804072,0.0,38.8676844783715,23.769083969465647,0,0,27,0.0,0.0,0.0,0.0,True,,accessible_official_786,named_subarea_candidate,4803113208.0,True,498332182.0,160295288.0,111548322.0,0.0,0.10375191264906784,0.5455068322278251,0.0,19.052781917536013,False,,,,0.0,,,0.0,,,0.0,insufficient,partial_or_unusable_sales,,,,incomplete_stay_evidence,23.769083969465647,2025q4_official_stores_sales__2026_09_poi_diagnostic_only
3130319,성내전통시장,전통시장,0.6646706586826348,0.0316259852956876,0.0,0.0,37.02290076335878,27.417302798982192,15.521628498727736,40.90330788804072,0.0,38.8676844783715,25.524809160305345,0,0,119,1.0,2.0,0.0,3.0,True,,accessible_official_786,named_subarea_candidate,5728407632.0,False,,,,0.008403361344537815,,,6.908528198074277,,False,,,,0.01680672268907563,,,78.26026119402985,,,28.314048096860947,supply_only,no_cafe_sales_rows,,91.0,,incomplete_stay_evidence,25.524809160305345,2025q4_official_stores_sales__2026_09_poi_diagnostic_only
3110308,길음역 8번,골목상권,0.6646706586826348,0.084904448353221,0.0,1.0,37.02290076335878,69.97455470737913,61.704834605597966,40.90330788804072,12.851711026615972,38.8676844783715,41.40622006791861,0,3,169,9.0,4.0,1.0,13.0,True,,accessible_official_786,named_subarea_candidate,4008440877.0,True,55324024.0,19548873.0,18346129.0,0.05325443786982249,0.013801881005017004,0.6849646728517073,64.88308115543329,57.50981105619525,True,259484038.0,47573325.0,64752470.0,0.023668639053254437,0.06473440571093149,0.43288132813780245,74.91138059701493,68.98401904948939,60.95207345418349,67.89157098790777,complete,both_cafe_industries_sales_observed,95.0,,,incomplete_stay_evidence,41.40622006791861,2025q4_official_stores_sales__2026_09_poi_diagnostic_only
3111067,강동구립성내도서관,골목상권,0.6646706586826348,0.2038069724034054,0.0,0.0,37.02290076335878,27.417302798982192,25.95419847328244,40.90330788804072,0.0,38.8676844783715,27.089694656488547,0,0,297,10.0,7.0,0.0,17.0,True,,accessible_official_786,named_subarea_candidate,3948348369.0,True,31809679.0,14556825.0,10616905.0,0.03367003367003367,0.008056451971095056,0.7913858546010477,27.647867950481434,30.615951678600787,True,235662438.0,104346164.0,48810111.0,0.02356902356902357,0.0596863336199704,0.649896845249475,64.50559701492537,65.28549685781618,41.0168152323654,38.70518666981461,complete,both_cafe_industries_sales_observed,178.0,,,incomplete_stay_evidence,27.089694656488547,2025q4_official_stores_sales__2026_09_poi_diagnostic_only
3111063,강동구립 천호도서관,골목상권,0.6646706586826348,0.1504049067224535,0.0,0.0,37.02290076335878,27.417302798982192,16.157760814249365,40.90330788804072,0.0,38.8676844783715,25.62022900763359,0,0,199,5.0,0.0,0.0,5.0,True,,accessible_official_786,named_subarea_candidate,1995422878.0,True,32093912.0,10731397.0,11721449.0,0.02512562814070352,0.01608376467657198,0.699598291414272,15.275103163686383,21.89835959659736,False,,,,0.0,,,0.0,,,10.692572214580467,insufficient,partial_or_unusable_sales,,,,incomplete_stay_evidence,25.62022900763359,2025q4_official_stores_sales__2026_09_poi_diagnostic_only
3110310,길음역 10번,골목상권,0.6646706586826348,0.0219241396078357,0.0,0.0,37.02290076335878,27.417302798982192,3.816793893129771,40.90330788804072,17.79467680608365,38.8676844783715,27.32801933068238,0,2,12,0.0,0.0,0.0,0.0,True,,accessible_official_786,named_subarea_candidate,,False,,,,0.0,,,0.0,,False,,,,0.0,,,0.0,,,0.0,supply_only,no_cafe_sales_rows,,185.0,,incomplete_stay_evidence,27.32801933068238,2025q4_official_stores_sales__2026_09_poi_diagnostic_only
3110272,신내1동주민센터,골목상권,0.655688622754491,0.1462391737222117,3.0,8.0,91.0941475826972,93.51145038167938,63.10432569974554,86.89567430025446,2.167300380228137,38.23155216284987,63.76679340937896,0,1,389,16.0,3.0,8.0,19.0,True,,accessible_official_786,named_subarea_candidate,14253532989.0,True,951975854.0,262404736.0,248569668.0,0.04113110539845758,0.06678876421268161,0.5367514331933886,60.30261348005502,61.67323033022629,True,136857236.0,27713921.0,28583800.0,0.007712082262210797,0.009601636036877173,0.41136093819693975,29.179104477611936,30.16221523959151,52.21992580303585,50.9655607793221,complete,both_cafe_industries_sales_observed,128.0,,,incomplete_stay_evidence,63.76679340937896,2025q4_official_stores_sales__2026_09_poi_diagnostic_only
3110084,경리단길북측,골목상권,0.655688622754491,0.2255559565911681,1.0,3.0,76.08142493638677,72.13740458015268,54.4529262086514,84.47837150127226,15.219744459288188,38.23155216284987,57.127918357506495,1,2,384,21.0,5.0,3.0,26.0,True,,accessible_official_786,named_subarea_candidate,8701207265.0,True,264034386.0,78015545.0,79875013.0,0.0546875,0.03034456920271971,0.597992406943541,59.24346629986245,57.97579153658031,True,7509686.0,2717958.0,3863044.0,0.013020833333333334,0.0008630625350354759,0.8763351756651343,40.78358208955224,37.13403377847604,51.72326420914902,53.70550103676938,complete,both_cafe_industries_sales_observed,129.0,,,incomplete_stay_evidence,57.127918357506495,2025q4_official_stores_sales__2026_09_poi_diagnostic_only
3110299,정릉역 1번,골목상권,0.6526946107784432,0.1408039180360215,0.0,0.0,37.02290076335878,27.417302798982192,26.463104325699742,40.90330788804072,14.220532319391635,37.849872773536894,29.908355827746007,0,6,259,7.0,2.0,0.0,9.0,True,,accessible_official_786,named_subarea_candidate,9101052487.0,True,66097596.0,17960699.0,23599084.0,0.02702702702702703,0.007262632107046325,0.6287639114741783,23.696698762035766,26.767669262585493,False,,,,0.007722007722007722,,,19.300373134328357,,,22.37780107372354,insufficient,partial_or_unusable_sales,,,,incomplete_stay_evidence,29.908355827746007,2025q4_official_stores_sales__2026_09_poi_diagnostic_only
3130121,길음시장,전통시장,0.6526946107784432,0.0079401345271212,0.0,0.0,37.02290076335878,27.417302798982192,3.816793893129771,40.90330788804072,18.55513307984791,37.849872773536894,27.37832941495177,0,1,70,0.0,0.0,0.0,0.0,True,,accessible_official_786,named_subarea_candidate,1685236841.0,False,,,,0.0,,,0.0,,False,,,,0.0,,,0.0,,,0.0,supply_only,no_cafe_sales_rows,,185.0,,incomplete_stay_evidence,27.37832941495177,2025q4_official_stores_sales__2026_09_poi_diagnostic_only
3110306,미아초등학교,골목상권,0.6526946107784432,0.0326005221212482,0.0,2.0,37.02290076335878,95.0381679389313,76.20865139949109,40.90330788804072,16.50190114068441,37.849872773536894,47.96959142406564,0,2,100,5.0,0.0,2.0,5.0,True,,accessible_official_786,named_subarea_candidate,729020129.0,True,51440201.0,19048652.0,21844789.0,0.05,0.07056074167740847,0.7949704745516061,73.34938101788171,68.30706050287984,False,,,,0.0,,,0.0,,,51.34456671251719,insufficient,partial_or_unusable_sales,,,,incomplete_stay_evidence,47.96959142406564,2025q4_official_stores_sales__2026_09_poi_diagnostic_only
3110307,길음역 7번,골목상권,0.6526946107784432,0.0551707464218871,0.0,2.0,37.02290076335878,88.29516539440203,53.68956743002544,96.94656488549616,63.42342342342343,37.849872773536894,58.56890860325976,1,0,175,5.0,4.0,2.0,9.0,True,,accessible_official_786,named_subarea_candidate,581308682.0,False,,,,0.02857142857142857,,,45.43672627235213,,False,,,,0.022857142857142857,,,86.78171641791045,,,57.840223316019625,supply_only,no_cafe_sales_rows,,17.0,,incomplete_stay_evidence,58.56890860325976,2025q4_official_stores_sales__2026_09_poi_diagnostic_only
3110068,남영역 1번,골목상권,0.6497005988023952,0.1452040835662006,1.0,1.0,78.62595419847328,60.30534351145038,65.64885496183206,40.90330788804072,36.39194327407256,37.21374045801527,57.57100951995446,1,2,256,17.0,3.0,1.0,20.0,True,,accessible_official_786,named_subarea_candidate,10864204047.0,True,621847723.0,252549191.0,144404331.0,0.06640625,0.0572382219912111,0.6383452207317964,71.31361760660248,71.32266198184975,False,,,,0.01171875,,,35.96082089552239,,,60.70777859327845,insufficient,partial_or_unusable_sales,,,,incomplete_stay_evidence,57.57100951995446,2025q4_official_stores_sales__2026_09_poi_diagnostic_only
3110591,충정로역 6번,골목상권,0.6497005988023952,0.0509998997427732,0.0,0.0,37.02290076335878,27.417302798982192,46.43765903307888,40.90330788804072,13.650190114068444,37.21374045801527,32.72685736123608,0,2,80,4.0,1.0,0.0,5.0,True,,accessible_official_786,named_subarea_candidate,6821039942.0,True,15349958.0,4583228.0,3831896.0,0.05,0.0022503838315744026,0.5482180472415625,52.33837689133425,40.08979477276656,False,,,,0.0125,,,36.08675373134328,,,47.462889943336954,insufficient,partial_or_unusable_sales,,,,incomplete_stay_evidence,32.72685736123608,2025q4_official_stores_sales__2026_09_poi_diagnostic_only
3120097,충정로역,발달상권,0.6497005988023952,0.0595049224153323,0.0,0.0,37.02290076335878,27.417302798982192,49.36386768447837,40.90330788804072,12.357414448669203,37.21374045801527,32.907233525866154,0,2,117,5.0,0.0,0.0,5.0,True,,accessible_official_786,named_subarea_candidate,2706762028.0,True,402977728.0,238724730.0,70995955.0,0.042735042735042736,0.14887815176635838,0.7685801558740238,50.92847317744154,59.85293668868995,False,,,,0.0,,,0.0,,,35.64993122420908,insufficient,partial_or_unusable_sales,,,,incomplete_stay_evidence,32.907233525866154,2025q4_official_stores_sales__2026_09_poi_diagnostic_only
3130181,아현가구거리상점가,전통시장,0.6497005988023952,0.0457819674925887,0.0,0.0,37.02290076335878,27.417302798982192,62.97709923664122,40.90330788804072,9.087452471482887,37.21374045801527,34.29522586325332,0,1,114,5.0,0.0,0.0,5.0,True,,accessible_official_786,named_subarea_candidate,3213241098.0,True,5238753.0,2717704.0,1112228.0,0.043859649122807015,0.0016303641215284867,0.7310770330267528,61.51306740027509,50.07961414492182,False,,,,0.0,,,0.0,,,43.05914718019256,insufficient,partial_or_unusable_sales,,,,incomplete_stay_evidence,34.29522586325332,2025q4_official_stores_sales__2026_09_poi_diagnostic_only
3110538,충정로역 3번,골목상권,0.6497005988023952,0.0166445547127617,0.0,0.0,37.02290076335878,27.417302798982192,93.76590330788804,40.90330788804072,16.38783269961977,37.21374045801527,40.37362251956772,0,1,82,5.0,1.0,0.0,6.0,True,,accessible_official_786,named_subarea_candidate,1718643705.0,True,63373424.0,7932413.0,5226646.0,0.06097560975609756,0.03687409078195181,0.20764317547368122,87.08734525447042,70.4384889210503,True,259127155.0,88001418.0,47934897.0,0.012195121951219513,0.15077421471718014,0.5245930902147249,65.65764925373135,65.40114395129615,68.92728543012404,80.65843645424869,complete,both_cafe_industries_sales_observed,62.0,,,incomplete_stay_evidence,40.37362251956772,2025q4_official_stores_sales__2026_09_poi_diagnostic_only
3110533,충정로역 7번,골목상권,0.6497005988023952,0.0391987549230294,0.0,0.0,37.02290076335878,27.417302798982192,12.97709923664122,40.90330788804072,15.285171102661597,37.21374045801527,28.03476958948906,0,2,19,1.0,1.0,0.0,2.0,True,,accessible_official_786,named_subarea_candidate,46481579.0,False,,,,0.05263157894736842,,,27.555020632737275,,False,,,,0.05263157894736842,,,59.50093283582089,,,37.13879429366236,supply_only,no_cafe_sales_rows,,63.0,,incomplete_stay_evidence,28.03476958948906,2025q4_official_stores_sales__2026_09_poi_diagnostic_only
3110069,숙대입구,골목상권,0.6467065868263473,0.1734127662783234,8.0,4.0,96.94656488549616,82.06106870229007,88.29516539440203,40.90330788804072,23.180556982838358,36.704834605597966,67.03433022608421,1,1,439,39.0,8.0,4.0,47.0,True,,accessible_official_786,named_subarea_candidate,17092573591.0,True,2153838249.0,738092535.0,601884866.0,0.0888382687927107,0.12601017848676058,0.6221346480508156,90.04126547455297,87.32205523109418,True,549504983.0,122827259.0,167750022.0,0.018223234624145785,0.03214875630486323,0.5287982638730685,70.1492537313433,70.65053024351926,82.3205977348217,84.07366195159007,complete,both_cafe_industries_sales_observed,16.0,,,incomplete_stay_evidence,67.03433022608421,2025q4_official_stores_sales__2026_09_poi_diagnostic_only
3130182,영천시장,전통시장,0.6467065868263473,0.0417719588773036,0.0,0.0,37.02290076335878,27.417302798982192,12.213740458015266,40.90330788804072,84.81485287568937,36.704834605597966,41.775311542058986,1,2,156,1.0,4.0,0.0,5.0,True,,accessible_official_786,named_subarea_candidate,10704606462.0,False,,,,0.00641025641025641,,,4.078404401650619,,True,105884293.0,19191614.0,34484841.0,0.02564102564102564,0.009891469936412503,0.5069350087647089,92.09888059701493,76.27842694422624,,30.48454726025991,insufficient,partial_or_unusable_sales,,,,incomplete_stay_evidence,41.775311542058986,2025q4_official_stores_sales__2026_09_poi_diagnostic_only
3110311,종암아이파크2차후문,골목상권,0.6437125748502994,0.0262502299079008,0.0,1.0,37.02290076335878,88.80407124681933,3.816793893129771,40.90330788804072,0.0,36.45038167938932,32.735368956743,0,0,8,0.0,0.0,1.0,0.0,True,,accessible_official_786,named_subarea_candidate,,False,,,,0.0,,,0.0,,False,,,,0.0,,,0.0,,,0.0,supply_only,no_cafe_sales_rows,,185.0,,incomplete_stay_evidence,32.735368956743,2025q4_official_stores_sales__2026_09_poi_diagnostic_only
3110414,장석교회,골목상권,0.6437125748502994,0.0684303467632884,0.0,0.0,37.02290076335878,27.417302798982192,3.816793893129771,40.90330788804072,0.0,36.45038167938932,23.52735368956743,0,0,28,0.0,0.0,0.0,0.0,True,,accessible_official_786,named_subarea_candidate,,False,,,,0.0,,,0.0,,False,,,,0.0,,,0.0,,,0.0,supply_only,no_cafe_sales_rows,,185.0,,incomplete_stay_evidence,23.52735368956743,2025q4_official_stores_sales__2026_09_poi_diagnostic_only
3120045,남영동 먹자골목,발달상권,0.6407185628742516,0.0668198450222151,0.0,1.0,37.02290076335878,74.93638676844783,96.31043256997457,40.90330788804072,6.653992395437263,36.06870229007634,45.82189262667016,0,1,295,24.0,5.0,1.0,29.0,True,,accessible_official_786,named_subarea_candidate,29966610996.0,True,1398150016.0,373418559.0,325577675.0,0.08135593220338982,0.046656928145349094,0.4999436584063952,94.1334250343879,84.72655698755887,False,,,,0.01694915254237288,,,82.4580223880597,,,90.63080424048944,insufficient,partial_or_unusable_sales,,,,incomplete_stay_evidence,45.82189262667016,2025q4_official_stores_sales__2026_09_poi_diagnostic_only
3120042,"숙대입구역(남영역, 남영동)",발달상권,0.6407185628742516,0.0870890949458693,0.0,0.0,37.02290076335878,27.417302798982192,68.57506361323156,92.74809160305344,5.095057034220533,36.06870229007634,39.40641598699678,0,1,243,11.0,4.0,0.0,15.0,True,,accessible_official_786,named_subarea_candidate,13761330912.0,True,768716360.0,246292688.0,134886942.0,0.04526748971193416,0.055860611514666265,0.49586511987334314,65.67400275103164,64.0411511557271,True,95578975.0,17198785.0,13463127.0,0.01646090534979424,0.006945474650032164,0.32080184998845196,68.19962686567163,54.12131775333856,61.06520113501054,66.43168998542363,complete,both_cafe_industries_sales_observed,94.0,,,incomplete_stay_evidence,39.40641598699678,2025q4_official_stores_sales__2026_09_poi_diagnostic_only
3110154,광진정말공원,골목상권,0.6407185628742516,0.1020234555142221,0.0,2.0,37.02290076335878,79.77099236641222,56.99745547073791,40.90330788804072,16.311787072243348,36.06870229007634,42.58169583684053,0,6,243,10.0,2.0,2.0,12.0,True,,accessible_official_786,named_subarea_candidate,6428460380.0,True,99559167.0,38377211.0,28072131.0,0.0411522633744856,0.015487249063515268,0.6674356968052977,54.98624484181568,52.204082268555624,False,,,,0.00823045267489712,,,28.84794776119403,,,47.14475571762918,insufficient,partial_or_unusable_sales,,,,incomplete_stay_evidence,42.58169583684053,2025q4_official_stores_sales__2026_09_poi_diagnostic_only
3110163,성자초등학교,골목상권,0.6407185628742516,0.0664317492980598,0.0,2.0,37.02290076335878,86.51399491094148,66.79389312977099,40.90330788804072,11.55893536121673,36.06870229007634,44.11204152516956,0,2,173,8.0,2.0,2.0,10.0,True,,accessible_official_786,named_subarea_candidate,3349086913.0,True,140380656.0,40042365.0,35838969.0,0.046242774566473986,0.041916098222202214,0.5405398162550259,65.23383768913344,59.343442964609,False,,,,0.011560693641618497,,,45.7929104477612,,,59.40155951672176,insufficient,partial_or_unusable_sales,,,,incomplete_stay_evidence,44.11204152516956,2025q4_official_stores_sales__2026_09_poi_diagnostic_only
3110426,상계2동주민센터,골목상권,0.6377245508982036,0.12991753151372,2.0,1.0,87.53180661577609,62.46819338422392,41.0941475826972,40.90330788804072,41.732607131846684,35.68702290076336,57.79944763502074,1,1,216,9.0,3.0,1.0,12.0,True,,accessible_official_786,named_subarea_candidate,1747909502.0,True,37374108.0,17348936.0,11518906.0,0.041666666666666664,0.021382175654537976,0.7724021667620803,44.74209078404401,44.57251869041053,False,,,,0.013888888888888888,,,43.81996268656716,,,44.46545235480095,insufficient,partial_or_unusable_sales,,,,incomplete_stay_evidence,57.79944763502074,2025q4_official_stores_sales__2026_09_poi_diagnostic_only
3130114,유영시장,전통시장,0.6377245508982036,0.0057799636891919,0.0,0.0,37.02290076335878,27.417302798982192,95.92875318066156,40.90330788804072,0.0,35.68702290076336,37.26781170483461,0,0,6,2.0,0.0,0.0,2.0,True,,accessible_official_786,named_subarea_candidate,,False,,,,0.3333333333333333,,,72.79573590096285,,False,,,,0.0,,,0.0,,,50.957015130673994,supply_only,no_cafe_sales_rows,,26.0,,incomplete_stay_evidence,37.26781170483461,2025q4_official_stores_sales__2026_09_poi_diagnostic_only
3120178,신사역,발달상권,0.6347305389221557,0.3527995446368653,0.0,4.0,37.02290076335878,69.08396946564885,77.09923664122137,89.56743002544529,0.3041825095057034,35.30534351145038,45.58246500062887,0,1,1850,55.0,5.0,4.0,60.0,True,,accessible_official_786,named_subarea_candidate,143606939759.0,True,3244307762.0,1174068476.0,673777095.0,0.02972972972972973,0.02259158065372447,0.5695654378550292,63.04676753782668,64.0322405054901,True,188903965.0,70843813.0,48582385.0,0.002702702702702703,0.0013154236509531998,0.6322058830263303,10.429104477611942,20.75432050274941,51.04886450466788,47.261468619762255,complete,both_cafe_industries_sales_observed,137.0,,,incomplete_stay_evidence,45.58246500062887,2025q4_official_stores_sales__2026_09_poi_diagnostic_only
3120185,논현역,발달상권,0.6347305389221557,0.3209396527694187,1.0,2.0,74.80916030534351,58.77862595419848,76.97201017811705,82.95165394402035,0.0,35.30534351145038,54.63104325699745,0,0,1491,50.0,6.0,2.0,56.0,True,,accessible_official_786,named_subarea_candidate,107953208328.0,True,3618350589.0,1354307631.0,742796660.0,0.0335345405767941,0.033517767975975034,0.5795746540910992,65.36451169188446,67.07326548685265,True,542578304.0,133446211.0,119594141.0,0.004024144869215292,0.005026050752947105,0.4663665136157011,20.382462686567166,30.15588177533386,55.99805037339701,51.86989699028927,complete,both_cafe_industries_sales_observed,117.0,,,incomplete_stay_evidence,54.63104325699745,2025q4_official_stores_sales__2026_09_poi_diagnostic_only
3120174,논현역 5번,발달상권,0.6347305389221557,0.0702251339213652,0.0,0.0,37.02290076335878,27.417302798982192,13.994910941475828,40.90330788804072,6.311787072243346,35.30534351145038,26.201924844474117,0,1,82,2.0,0.0,0.0,2.0,True,,accessible_official_786,named_subarea_candidate,4534013074.0,False,,,,0.024390243902439025,,,13.033012379642365,,False,,,,0.0,,,0.0,,,9.123108665749655,supply_only,no_cafe_sales_rows,,161.0,,incomplete_stay_evidence,26.201924844474117,2025q4_official_stores_sales__2026_09_poi_diagnostic_only
3110950,논현역 7번,골목상권,0.6347305389221557,0.0461290122490573,0.0,0.0,37.02290076335878,27.417302798982192,3.816793893129771,40.90330788804072,9.011406844106466,35.30534351145038,25.215131241594836,0,1,33,0.0,0.0,0.0,0.0,True,,accessible_official_786,named_subarea_candidate,,False,,,,0.0,,,0.0,,False,,,,0.0,,,0.0,,,0.0,supply_only,no_cafe_sales_rows,,185.0,,incomplete_stay_evidence,25.215131241594836,2025q4_official_stores_sales__2026_09_poi_diagnostic_only
3110160,광진경찰서,골목상권,0.6317365269461078,0.0478112010114906,0.0,1.0,37.02290076335878,81.04325699745547,36.00508905852418,40.90330788804072,8.707224334600761,34.9236641221374,37.98826420534255,0,1,61,3.0,1.0,1.0,4.0,True,,accessible_official_786,named_subarea_candidate,31740694.0,False,,,,0.04918032786885246,,,44.9312242090784,,False,,,,0.01639344262295082,,,43.694029850746276,,,44.56006590157876,supply_only,no_cafe_sales_rows,,42.0,,incomplete_stay_evidence,37.98826420534255,2025q4_official_stores_sales__2026_09_poi_diagnostic_only
3110953,학동근린공원,골목상권,0.6317365269461078,0.0928762500037293,0.0,0.0,37.02290076335878,27.417302798982192,22.010178117048344,40.90330788804072,4.638783269961977,34.9236641221374,27.03144622142242,0,1,86,4.0,0.0,0.0,4.0,True,,accessible_official_786,named_subarea_candidate,35910754.0,True,35910754.0,16876886.0,12960544.0,0.046511627906976744,1.0,0.8308772909641496,31.71251719394773,39.85023992945442,False,,,,0.0,,,0.0,,,22.19876203576341,insufficient,partial_or_unusable_sales,,,,incomplete_stay_evidence,27.03144622142242,2025q4_official_stores_sales__2026_09_poi_diagnostic_only
3110279,신내역 2번,골목상권,0.6287425149700598,0.4808446174550623,0.0,0.0,37.02290076335878,27.417302798982192,7.633587786259542,40.90330788804072,0.0,34.73282442748092,23.928117048346056,0,0,82,2.0,1.0,0.0,3.0,True,,accessible_official_786,named_subarea_candidate,,False,,,,0.024390243902439025,,,8.562585969738652,,False,,,,0.012195121951219513,,,17.08955223880597,,,11.120675850458849,supply_only,no_cafe_sales_rows,,149.0,,incomplete_stay_evidence,23.928117048346056,2025q4_official_stores_sales__2026_09_poi_diagnostic_only
3110378,송중동주민센터,골목상권,0.625748502994012,0.0531135709612743,0.0,0.0,37.02290076335878,27.417302798982192,44.910941475826974,40.90330788804072,0.0,34.478371501272264,29.494274809160306,0,0,88,4.0,2.0,0.0,6.0,True,,accessible_official_786,named_subarea_candidate,2149905867.0,True,15098808.0,5117910.0,4741743.0,0.045454545454545456,0.0070230088822767975,0.653008701084218,49.171251719394775,41.64178380417246,True,114383361.0,19038261.0,23627077.0,0.022727272727272728,0.05320389267071106,0.37300301046408313,67.48134328358209,58.94746661429694,46.833488647209805,54.664279188650966,complete,both_cafe_industries_sales_observed,151.0,,,incomplete_stay_evidence,29.494274809160306,2025q4_official_stores_sales__2026_09_poi_diagnostic_only
3130143,방천골목시장,전통시장,0.625748502994012,0.0202269668520313,0.0,0.0,37.02290076335878,27.417302798982192,26.33587786259542,40.90330788804072,0.0,34.478371501272264,26.70801526717557,0,0,69,1.0,1.0,0.0,2.0,True,,accessible_official_786,named_subarea_candidate,2140594520.0,False,,,,0.014492753623188406,,,17.03576341127923,,False,,,,0.014492753623188406,,,68.26026119402985,,,32.40311274610441,supply_only,no_cafe_sales_rows,,78.0,,incomplete_stay_evidence,26.70801526717557,2025q4_official_stores_sales__2026_09_poi_diagnostic_only
3110377,미아사거리역 3번,골목상권,0.625748502994012,0.0356080764777396,0.0,1.0,37.02290076335878,85.36895674300254,50.0,40.90330788804072,0.0,34.478371501272264,38.95038167938932,0,0,77,3.0,0.0,1.0,3.0,True,,accessible_official_786,named_subarea_candidate,1317409833.0,True,22362024.0,7072547.0,6804656.0,0.03896103896103896,0.016974234926634253,0.6205700789874834,49.281292984869324,43.026313931932116,False,,,,0.0,,,0.0,,,34.49690508940852,insufficient,partial_or_unusable_sales,,,,incomplete_stay_evidence,38.95038167938932,2025q4_official_stores_sales__2026_09_poi_diagnostic_only
3120080,마들역,발달상권,0.6227544910179641,0.0389460931460183,3.0,0.0,99.36386768447836,27.417302798982192,13.104325699745548,40.90330788804072,0.0,34.096692111959285,43.38740458015267,0,0,294,1.0,4.0,0.0,5.0,True,,accessible_official_786,named_subarea_candidate,27097428840.0,True,385393410.0,109308103.0,97340342.0,0.003401360544217687,0.014222508426006074,0.5362012936339519,4.22283356258597,17.044607438171827,True,1041835049.0,246781904.0,252378798.0,0.013605442176870748,0.038447745546326156,0.47911682610324624,82.56996268656715,80.66081598586015,36.12947000247833,27.726972299780325,complete,both_cafe_industries_sales_observed,197.0,,,incomplete_stay_evidence,43.38740458015267,2025q4_official_stores_sales__2026_09_poi_diagnostic_only
3110532,아현역 2번,골목상권,0.6227544910179641,0.0611065879016848,0.0,0.0,37.02290076335878,27.417302798982192,38.67684478371501,40.90330788804072,68.52361867570993,34.096692111959285,42.22571610155419,1,1,125,4.0,2.0,0.0,6.0,True,,accessible_official_786,named_subarea_candidate,5411470150.0,True,6253923.0,3933428.0,524965.0,0.032,0.0011556791087538384,0.712895409809171,37.74759284731775,32.99318583266539,True,142075574.0,36609803.0,38085634.0,0.016,0.026254524198012993,0.5257443971333172,55.508395522388064,54.61245581304006,39.47896682677779,43.07583364983884,complete,both_cafe_industries_sales_observed,187.0,,,incomplete_stay_evidence,42.22571610155419,2025q4_official_stores_sales__2026_09_poi_diagnostic_only
3110020,서울국제고등학교,골목상권,0.6227544910179641,0.1335911076583044,0.0,1.0,37.02290076335878,61.704834605597966,23.791348600508904,40.90330788804072,40.06302880827596,34.096692111959285,39.44390347157885,1,1,128,6.0,1.0,1.0,7.0,True,,accessible_official_786,named_subarea_candidate,2462344012.0,True,67398039.0,27303840.0,15960910.0,0.046875,0.027371495888284518,0.6419289142819126,33.10866574965612,36.356642279106026,False,,,,0.0078125,,,12.462686567164177,,,26.914871994908538,insufficient,partial_or_unusable_sales,,,,incomplete_stay_evidence,39.44390347157885,2025q4_official_stores_sales__2026_09_poi_diagnostic_only
3110405,방학역 1번,골목상권,0.6197604790419161,0.1854837012687618,0.0,0.0,37.02290076335878,27.417302798982192,11.19592875318066,40.90330788804072,8.935361216730039,33.651399491094146,26.141397943091555,0,4,366,4.0,5.0,0.0,9.0,True,,accessible_official_786,named_subarea_candidate,15964828779.0,True,13370544.0,6843140.0,4714443.0,0.01092896174863388,0.0008374999935851175,0.8644063397869226,4.6148555708390635,11.779902128598769,True,50019419.0,7597273.0,13165486.0,0.01366120218579235,0.003133100873953319,0.41509396580556046,46.71641791044776,38.09622937941869,19.67480030384474,17.24532427272167,complete,both_cafe_industries_sales_observed,223.0,,,incomplete_stay_evidence,26.141397943091555,2025q4_official_stores_sales__2026_09_poi_diagnostic_only
3110410,방학역 2번,골목상권,0.6197604790419161,0.1308513556234982,2.0,0.0,87.27735368956743,27.417302798982192,49.61832061068702,88.54961832061069,9.46768060836502,33.651399491094146,51.8521875211641,0,3,252,11.0,3.0,0.0,14.0,True,,accessible_official_786,named_subarea_candidate,8295603136.0,True,519193063.0,153492680.0,134921642.0,0.04365079365079365,0.06258653584172617,0.555504960589198,51.54057771664374,54.92716247417918,True,68901185.0,29458351.0,16030744.0,0.011904761904761904,0.008305747499056831,0.6602077308249488,39.52891791044776,40.10445306362922,50.48034965101419,47.93707977478494,complete,both_cafe_industries_sales_observed,139.0,,,incomplete_stay_evidence,51.8521875211641,2025q4_official_stores_sales__2026_09_poi_diagnostic_only
3110403,방학1동주민센터,골목상권,0.6197604790419161,0.1529379397414316,0.0,0.0,37.02290076335878,27.417302798982192,19.338422391857502,40.90330788804072,31.4506902339602,33.651399491094146,31.865837792339114,1,1,304,6.0,4.0,0.0,10.0,True,,accessible_official_786,named_subarea_candidate,5959398775.0,True,128184161.0,39220812.0,30725905.0,0.019736842105263157,0.02150957937866811,0.5456736343579922,14.766162310866575,22.270938555510227,True,19428870.0,3888794.0,3934611.0,0.013157894736842105,0.0032602063955688215,0.402669069276803,44.68283582089552,35.258248232521595,26.167131458613635,23.741164363875257,complete,both_cafe_industries_sales_observed,214.0,,,incomplete_stay_evidence,31.865837792339114,2025q4_official_stores_sales__2026_09_poi_diagnostic_only
3130151,신도봉시장,전통시장,0.6197604790419161,0.0084789937625145,0.0,0.0,37.02290076335878,27.417302798982192,89.31297709923665,40.90330788804072,18.365019011406844,33.651399491094146,39.74488675393531,0,1,29,2.0,0.0,0.0,2.0,True,,accessible_official_786,named_subarea_candidate,584249801.0,False,,,,0.06896551724137931,,,66.70563961485557,,False,,,,0.0,,,0.0,,,46.6939477303989,supply_only,no_cafe_sales_rows,,31.0,,incomplete_stay_evidence,39.74488675393531,2025q4_official_stores_sales__2026_09_poi_diagnostic_only
3120200,학동사거리,발달상권,0.6137724550898204,0.2663947080420891,0.0,2.0,37.02290076335878,61.832061068702295,76.59033078880407,83.84223918575063,0.532319391634981,33.20610687022901,43.68152749155855,0,1,1417,41.0,13.0,2.0,54.0,True,,accessible_official_786,named_subarea_candidate,107326234448.0,True,2005927155.0,762247380.0,597331319.0,0.02893436838390967,0.018689998445551352,0.6777806938856661,62.15955983493811,65.40761836235036,True,95276974.0,33667707.0,28692131.0,0.009174311926605505,0.0008877323842584087,0.6545111098931417,58.38152985074627,51.49207089552239,61.23295412230197,61.026150839680554,complete,both_cafe_industries_sales_observed,91.0,,,incomplete_stay_evidence,43.68152749155855,2025q4_official_stores_sales__2026_09_poi_diagnostic_only
3120196,서울세관,발달상권,0.6137724550898204,0.1853392010859372,0.0,2.0,37.02290076335878,68.19338422391857,45.16539440203562,40.90330788804072,20.790257938546915,33.20610687022901,39.67968008643712,1,1,517,14.0,1.0,2.0,15.0,True,,accessible_official_786,named_subarea_candidate,13127861828.0,True,363552624.0,165044180.0,62937584.0,0.027079303675048357,0.027693209203694554,0.6270942607747483,38.92709766162311,45.50152673372733,False,,,,0.0019342359767891683,,,1.4179104477611941,,,27.674341497464532,insufficient,partial_or_unusable_sales,,,,incomplete_stay_evidence,39.67968008643712,2025q4_official_stores_sales__2026_09_poi_diagnostic_only
3130140,숭인시장,전통시장,0.6137724550898204,0.0324254440040522,0.0,2.0,37.02290076335878,95.16539440203562,15.139949109414758,40.90330788804072,16.539923954372625,33.20610687022901,38.37159802242668,0,2,126,1.0,1.0,2.0,2.0,True,,accessible_official_786,named_subarea_candidate,4340788591.0,False,,,,0.007936507936507936,,,6.519944979367263,,False,,,,0.007936507936507936,,,40.881529850746276,,,16.828420440780967,supply_only,no_cafe_sales_rows,,130.0,,incomplete_stay_evidence,38.37159802242668,2025q4_official_stores_sales__2026_09_poi_diagnostic_only
3120203,강남구청역,발달상권,0.6107784431137725,0.1731200559890376,0.0,6.0,37.02290076335878,87.91348600508906,93.12977099236642,85.75063613231552,1.596958174904943,32.50636132315521,50.408450159154015,0,1,1243,48.0,8.0,6.0,56.0,True,,accessible_official_786,named_subarea_candidate,56893621393.0,True,2993699968.0,1252913983.0,648218656.0,0.038616251005631534,0.05261925493054191,0.6350444798481556,78.34250343878955,78.47912150799719,True,706059532.0,222778849.0,152881319.0,0.006436041834271922,0.012410170326877298,0.5320516910746841,51.33395522388061,56.756137077769054,71.96222617892874,70.23993897431686,complete,both_cafe_industries_sales_observed,50.0,,,incomplete_stay_evidence,50.408450159154015,2025q4_official_stores_sales__2026_09_poi_diagnostic_only
3110397,도봉산입구,골목상권,0.6107784431137725,0.5416129648006449,2.0,1.0,75.44529262086515,54.834605597964384,10.941475826972011,40.90330788804072,2.6184359264207173,32.50636132315521,40.36465410640374,1,2,363,11.0,1.0,1.0,12.0,True,,accessible_official_786,named_subarea_candidate,22736015333.0,True,101943627.0,36225629.0,24805034.0,0.030303030303030304,0.004483794785801133,0.5986707045453661,15.099724896836312,20.55701557482963,True,158419008.0,37154524.0,39418513.0,0.0027548209366391185,0.006967756032872834,0.4833576347100974,1.0354477611940296,12.698497643362135,18.19946019538938,10.880441756143627,complete,both_cafe_industries_sales_observed,224.0,,,incomplete_stay_evidence,40.36465410640374,2025q4_official_stores_sales__2026_09_poi_diagnostic_only
3110966,논현2동주민센터,골목상권,0.6107784431137725,0.0934738399676504,0.0,2.0,37.02290076335878,81.55216284987277,77.86259541984732,40.90330788804072,4.562737642585552,32.50636132315521,43.27259841910235,0,1,331,15.0,6.0,2.0,21.0,True,,accessible_official_786,named_subarea_candidate,3768648517.0,True,226923947.0,116224733.0,45790403.0,0.045317220543806644,0.06021361397232153,0.7139622686009424,72.15955983493811,71.15433967382577,True,4418886.0,4418886.0,0.0,0.01812688821752266,0.001172538638205936,1.0,79.96268656716417,64.67453849175176,69.21039931920356,74.50049785460592,complete,both_cafe_industries_sales_observed,60.0,,,incomplete_stay_evidence,43.27259841910235,2025q4_official_stores_sales__2026_09_poi_diagnostic_only
3110371,삼양입구사거리,골목상권,0.6107784431137725,0.0627617396713755,0.0,0.0,37.02290076335878,27.417302798982192,46.81933842239186,40.90330788804072,7.148288973384031,32.50636132315521,31.01299112801014,0,1,132,5.0,1.0,0.0,6.0,True,,accessible_official_786,named_subarea_candidate,3952631587.0,True,9383128.0,4110751.0,3204484.0,0.03787878787878788,0.0023738938966284184,0.7796158168150322,46.66093535075653,40.72032985730304,False,,,,0.007575757575757576,,,22.215485074626866,,,39.32730026791763,insufficient,partial_or_unusable_sales,,,,incomplete_stay_evidence,31.01299112801014,2025q4_official_stores_sales__2026_09_poi_diagnostic_only
3110973,강남구청역 4번,골목상권,0.6107784431137725,0.0660861270109799,0.0,1.0,37.02290076335878,75.31806615776081,24.30025445292621,40.90330788804072,11.596958174904945,32.50636132315521,35.709976876711266,0,2,187,3.0,1.0,1.0,4.0,True,,accessible_official_786,named_subarea_candidate,1890569568.0,False,,,,0.016042780748663103,,,16.327372764786794,,False,,,,0.0053475935828877,,,16.69776119402985,,,16.43848929355971,supply_only,no_cafe_sales_rows,,133.0,,incomplete_stay_evidence,35.709976876711266,2025q4_official_stores_sales__2026_09_poi_diagnostic_only
3110374,송중초등학교,골목상권,0.6107784431137725,0.2042196088643951,0.0,0.0,37.02290076335878,27.417302798982192,9.16030534351145,40.90330788804072,15.135135135135137,32.50636132315521,26.9615053985283,1,0,273,3.0,0.0,0.0,3.0,True,,accessible_official_786,named_subarea_candidate,1453760166.0,True,28846328.0,11268003.0,9358042.0,0.01098901098901099,0.01984256321960606,0.7150319097806833,3.2565337001375516,13.908684370026737,False,,,,0.0,,,0.0,,,2.279573590096286,insufficient,partial_or_unusable_sales,,,,incomplete_stay_evidence,26.9615053985283,2025q4_official_stores_sales__2026_09_poi_diagnostic_only
3110968,강남구청역 2번,골목상권,0.6107784431137725,0.0437165440454674,1.0,1.0,92.36641221374046,81.93384223918575,40.458015267175576,40.90330788804072,9.429657794676803,32.50636132315521,55.29560077013129,0,1,57,3.0,2.0,1.0,5.0,True,,accessible_official_786,named_subarea_candidate,809120268.0,True,11145438.0,4829526.0,2216583.0,0.05263157894736842,0.01377476061445046,0.632196688905362,49.013067400275105,41.734805401752425,False,,,,0.03508771929824561,,,77.5,,,57.55914718019257,insufficient,partial_or_unusable_sales,,,,incomplete_stay_evidence,55.29560077013129,2025q4_official_stores_sales__2026_09_poi_diagnostic_only
3110368,송천초등학교,골목상권,0.6107784431137725,0.1049959996771701,0.0,0.0,37.02290076335878,27.417302798982192,8.015267175572518,40.90330788804072,8.060836501901141,32.50636132315521,25.374889946690654,0,2,100,1.0,0.0,0.0,1.0,True,,accessible_official_786,named_subarea_candidate,412978731.0,False,,,,0.01,,,2.0426409903713894,,False,,,,0.0,,,0.0,,,1.4298486932599725,supply_only,no_cafe_sales_rows,,182.0,,incomplete_stay_evidence,25.374889946690654,2025q4_official_stores_sales__2026_09_poi_diagnostic_only
3110276,신내IC북측,골목상권,0.6077844311377245,0.1188224675886594,0.0,0.0,37.02290076335878,27.417302798982192,12.595419847328245,40.90330788804072,0.0,31.93384223918575,24.392493638676843,0,0,24,3.0,0.0,0.0,3.0,True,,accessible_official_786,named_subarea_candidate,,False,,,,0.125,,,37.61348005502064,,False,,,,0.0,,,0.0,,,26.329436038514444,supply_only,no_cafe_sales_rows,,96.0,,incomplete_stay_evidence,24.392493638676843,2025q4_official_stores_sales__2026_09_poi_diagnostic_only
3110275,하나은행 망우동지점,골목상권,0.6047904191616766,0.0354499701543451,0.0,0.0,37.02290076335878,27.417302798982192,80.02544529262087,40.90330788804072,10.950570342205324,31.806615776081426,36.68438887760137,0,1,95,6.0,1.0,0.0,7.0,True,,accessible_official_786,named_subarea_candidate,2614383937.0,True,34101602.0,15331376.0,10168897.0,0.06315789473684211,0.013043838556907413,0.7477734623728234,80.24071526822559,67.88024932163769,False,,,,0.010526315789473684,,,42.64925373134329,,,68.9632768071609,insufficient,partial_or_unusable_sales,,,,incomplete_stay_evidence,36.68438887760137,2025q4_official_stores_sales__2026_09_poi_diagnostic_only
3120208,청담사거리(청담동명품거리),발달상권,0.6017964071856288,0.3310845580004111,0.0,1.0,37.02290076335878,55.21628498727736,62.72264631043257,86.00508905852418,6.828691809680404,31.48854961832061,41.91281215328468,1,1,1455,36.0,9.0,1.0,45.0,True,,accessible_official_786,named_subarea_candidate,136685680076.0,True,1448069158.0,335644068.0,215839873.0,0.024742268041237112,0.010594154100084546,0.38084088591575405,50.11691884456672,50.12319937599551,True,1045544378.0,386327734.0,307651619.0,0.006185567010309278,0.007649260532768731,0.6637493038100387,33.367537313432834,45.75859190887667,48.81381713585986,45.092104385226556,complete,both_cafe_industries_sales_observed,145.0,,,incomplete_stay_evidence,41.91281215328468,2025q4_official_stores_sales__2026_09_poi_diagnostic_only
3120213,삼성중앙역,발달상권,0.6017964071856288,0.2287508783412215,1.0,3.0,75.82697201017811,71.50127226463104,79.00763358778626,40.90330788804072,0.0,31.48854961832061,52.56361323155217,0,0,797,38.0,6.0,3.0,44.0,True,,accessible_official_786,named_subarea_candidate,37026385655.0,True,1566577300.0,658044173.0,305364845.0,0.04767879548306148,0.042309754848795275,0.6149770062415688,74.40852819807428,73.787708437112,True,205321655.0,66543779.0,39677794.0,0.0075282308657465494,0.005545279437024218,0.5173422793616193,35.2705223880597,37.68278672427337,62.956231923260404,62.6671264550699,complete,both_cafe_industries_sales_observed,84.0,,,incomplete_stay_evidence,52.56361323155217,2025q4_official_stores_sales__2026_09_poi_diagnostic_only
3110072,열정도,골목상권,0.6017964071856288,0.0180768909789205,0.0,0.0,37.02290076335878,27.417302798982192,97.20101781170484,40.90330788804072,15.741444866920151,31.48854961832061,40.18709304463084,0,1,66,7.0,0.0,0.0,7.0,True,,accessible_official_786,named_subarea_candidate,2437373146.0,True,16873420.0,11102185.0,3079255.0,0.10606060606060606,0.0069227889983489626,0.8404603216182611,95.97661623108665,77.1511425391079,False,,,,0.0,,,0.0,,,67.18363136176065,insufficient,partial_or_unusable_sales,,,,incomplete_stay_evidence,40.18709304463084,2025q4_official_stores_sales__2026_09_poi_diagnostic_only
3110982,강남구보훈회관,골목상권,0.6017964071856288,0.0198500533215776,0.0,0.0,37.02290076335878,27.417302798982192,58.65139949109415,40.90330788804072,0.0,31.48854961832061,31.25636132315521,0,0,102,2.0,1.0,0.0,3.0,True,,accessible_official_786,named_subarea_candidate,937597023.0,False,,,,0.0196078431372549,,,44.19876203576341,,False,,,,0.00980392156862745,,,62.06623134328358,,,49.55900282801946,supply_only,no_cafe_sales_rows,,27.0,,incomplete_stay_evidence,31.25636132315521,2025q4_official_stores_sales__2026_09_poi_diagnostic_only
3110128,성원중학교,골목상권,0.5958083832335329,0.2471513793541441,0.0,1.0,37.02290076335878,55.72519083969466,52.67175572519084,40.90330788804072,3.155893536121673,31.043256997455472,35.19224740951441,0,2,515,22.0,12.0,1.0,34.0,True,,accessible_official_786,named_subarea_candidate,14296257285.0,True,90283831.0,23925710.0,27015316.0,0.04271844660194175,0.006315207484040464,0.5642319940986997,53.0261348005502,46.16290439515911,True,104161260.0,17919342.0,23326631.0,0.02330097087378641,0.007285911125094864,0.3959818938442181,75.53171641791045,60.40509622937941,50.43556194542519,59.77780928575828,complete,both_cafe_industries_sales_observed,140.0,,,incomplete_stay_evidence,35.19224740951441,2025q4_official_stores_sales__2026_09_poi_diagnostic_only
3110135,성동세무서,골목상권,0.5958083832335329,0.1366573738102531,0.0,1.0,37.02290076335878,61.06870229007634,43.51145038167939,40.90330788804072,9.201520912547528,31.043256997455472,35.82885380083011,0,3,161,10.0,0.0,1.0,10.0,True,,accessible_official_786,named_subarea_candidate,1396934045.0,True,8381402.0,6039179.0,2239704.0,0.062111801242236024,0.00599985520433071,0.9877682755224007,54.56671251719395,47.5238969736602,False,,,,0.0,,,0.0,,,38.19669876203576,insufficient,partial_or_unusable_sales,,,,incomplete_stay_evidence,35.82885380083011,2025q4_official_stores_sales__2026_09_poi_diagnostic_only
3110535,영천시장입구,골목상권,0.5958083832335329,0.0346455006334822,0.0,0.0,37.02290076335878,27.417302798982192,51.14503816793893,40.90330788804072,16.121673003802282,31.043256997455472,33.310212463355874,0,2,57,3.0,0.0,0.0,3.0,True,,accessible_official_786,named_subarea_candidate,850356776.0,False,,,,0.05263157894736842,,,56.25515818431912,,False,,,,0.0,,,0.0,,,39.378610729023386,supply_only,no_cafe_sales_rows,,56.0,,incomplete_stay_evidence,33.310212463355874,2025q4_official_stores_sales__2026_09_poi_diagnostic_only
3110273,장스여성병원,골목상권,0.592814371257485,0.0691761601215344,0.0,0.0,37.02290076335878,27.417302798982192,22.391857506361323,95.29262086513997,6.34980988593156,30.72519083969465,32.449987422478934,0,1,121,3.0,1.0,0.0,4.0,True,,accessible_official_786,named_subarea_candidate,5615410720.0,True,63252329.0,19025799.0,18635855.0,0.024793388429752067,0.011264061019565102,0.595419245353005,19.319119669876205,22.92400473264906,True,37145635.0,15232782.0,12425942.0,0.008264462809917356,0.006614945344549971,0.7446022661882076,20.732276119402986,26.387593283582085,23.963081297928966,19.74306660473424,complete,both_cafe_industries_sales_observed,220.0,,,incomplete_stay_evidence,32.449987422478934,2025q4_official_stores_sales__2026_09_poi_diagnostic_only
3110413,누원고등학교,골목상권,0.592814371257485,0.0742963504537961,1.0,5.0,85.49618320610686,96.0559796437659,19.97455470737913,40.90330788804072,13.954372623574145,30.72519083969465,53.007159511992185,0,3,80,3.0,0.0,5.0,3.0,True,,accessible_official_786,named_subarea_candidate,1106873516.0,False,,,,0.0375,,,25.58803301237964,,False,,,,0.0,,,0.0,,,17.911623108665747,supply_only,no_cafe_sales_rows,,126.0,,incomplete_stay_evidence,53.007159511992185,2025q4_official_stores_sales__2026_09_poi_diagnostic_only
3110113,응봉산,골목상권,0.5898203592814372,0.0890471285413787,0.0,0.0,37.02290076335878,27.417302798982192,11.577608142493638,40.90330788804072,0.0,30.53435114503817,24.09987277353689,0,0,61,2.0,0.0,0.0,2.0,True,,accessible_official_786,named_subarea_candidate,240318856.0,False,,,,0.03278688524590164,,,17.039202200825308,,False,,,,0.0,,,0.0,,,11.927441540577714,supply_only,no_cafe_sales_rows,,146.0,,incomplete_stay_evidence,24.09987277353689,2025q4_official_stores_sales__2026_09_poi_diagnostic_only
3130123,꿈의숲 장곡 골목형상점가,전통시장,0.5868263473053892,0.0127519972195152,0.0,0.0,37.02290076335878,27.417302798982192,94.78371501272264,40.90330788804072,17.37642585551331,30.216284987277355,40.02426735939783,0,1,50,4.0,0.0,0.0,4.0,True,,accessible_official_786,named_subarea_candidate,1645087252.0,False,,,,0.08,,,87.11829436038515,,False,,,,0.0,,,0.0,,,60.9828060522696,supply_only,no_cafe_sales_rows,,12.0,,incomplete_stay_evidence,40.02426735939783,2025q4_official_stores_sales__2026_09_poi_diagnostic_only
3110322,장위1동주민센터,골목상권,0.5868263473053892,0.0841980808836018,0.0,0.0,37.02290076335878,27.417302798982192,8.651399491094146,40.90330788804072,5.247148288973385,30.216284987277355,24.678564517845565,0,1,74,1.0,1.0,0.0,2.0,True,,accessible_official_786,named_subarea_candidate,666968077.0,False,,,,0.013513513513513514,,,4.006189821182943,,False,,,,0.013513513513513514,,,25.79757462686567,,,10.54360526288776,supply_only,no_cafe_sales_rows,,156.0,,incomplete_stay_evidence,24.678564517845565,2025q4_official_stores_sales__2026_09_poi_diagnostic_only
3130116,동성타워프라자,전통시장,0.5868263473053892,0.0041044615651282,0.0,0.0,37.02290076335878,27.417302798982192,98.9821882951654,40.90330788804072,0.0,30.216284987277355,37.17875318066158,0,0,51,2.0,2.0,0.0,4.0,True,,accessible_official_786,named_subarea_candidate,216882037.0,False,,,,0.0392156862745098,,,55.36795048143053,,False,,,,0.0392156862745098,,,96.02611940298507,,,67.5654011578969,supply_only,no_cafe_sales_rows,,7.0,,incomplete_stay_evidence,37.17875318066158,2025q4_official_stores_sales__2026_09_poi_diagnostic_only
3130124,번동시장,전통시장,0.5868263473053892,0.0074200050261158,0.0,0.0,37.02290076335878,27.417302798982192,3.816793893129771,40.90330788804072,0.0,30.216284987277355,22.903944020356235,0,0,3,0.0,0.0,0.0,0.0,True,,accessible_official_786,named_subarea_candidate,,False,,,,0.0,,,0.0,,False,,,,0.0,,,0.0,,,0.0,supply_only,no_cafe_sales_rows,,185.0,,incomplete_stay_evidence,22.903944020356235,2025q4_official_stores_sales__2026_09_poi_diagnostic_only
3120195,성수대교남단,발달상권,0.5838323353293413,0.1267335963608988,0.0,8.0,37.02290076335878,95.41984732824427,82.31552162849873,96.18320610687024,2.9657794676806084,29.898218829516537,50.968473959693874,0,1,656,23.0,10.0,8.0,33.0,True,,accessible_official_786,named_subarea_candidate,77781716934.0,True,223013731.0,109150462.0,40071109.0,0.0350609756097561,0.0028671741868237944,0.6691138268970532,69.92434662998625,63.58815044029489,False,,,,0.01524390243902439,,,81.00746268656717,,,73.24928144696051,insufficient,partial_or_unusable_sales,,,,incomplete_stay_evidence,50.968473959693874,2025q4_official_stores_sales__2026_09_poi_diagnostic_only
3120188,압구정역,발달상권,0.5808383233532934,0.2515553125665566,2.0,13.0,79.64376590330788,93.00254452926208,77.60814249363868,93.12977099236642,3.003802281368822,29.325699745547077,62.33104035449259,0,2,1612,40.0,24.0,13.0,64.0,True,,accessible_official_786,named_subarea_candidate,158670697269.0,True,2181203625.0,765412889.0,536245227.0,0.02481389578163772,0.013746732462529795,0.5967613940674613,60.22696011004126,61.132344506239015,True,1705227485.0,500569670.0,418147173.0,0.01488833746898263,0.010746959043792869,0.5387649748092115,83.22761194029852,81.21985467399843,67.15859755656683,67.12715565911844,complete,both_cafe_industries_sales_observed,67.0,,,incomplete_stay_evidence,62.33104035449259,2025q4_official_stores_sales__2026_09_poi_diagnostic_only
3120041,신용산역(용산역),발달상권,0.5808383233532934,1.030655016703545,3.0,6.0,74.68193384223919,58.01526717557252,59.66921119592875,85.87786259541986,0.7967663480971466,29.325699745547077,51.73696141211308,1,1,1863,105.0,34.0,6.0,139.0,True,,accessible_official_786,named_subarea_candidate,47098717361.0,True,3075361470.0,1282015112.0,708603817.0,0.05636070853462158,0.06529607688523907,0.6472796607548055,65.0343878954608,69.8730779848454,True,243365844.0,59252763.0,59147150.0,0.01825013419216318,0.005167143770278521,0.48650998453176525,58.45149253731344,53.547623723487824,64.97544170643812,63.05951928801659,complete,both_cafe_industries_sales_observed,78.0,,,incomplete_stay_evidence,51.73696141211308,2025q4_official_stores_sales__2026_09_poi_diagnostic_only
3120044,삼각지역,발달상권,0.5808383233532934,0.1343187267681394,0.0,1.0,37.02290076335878,61.32315521628499,92.87531806615776,40.90330788804072,0.0,29.325699745547077,41.25954198473283,0,0,430,37.0,13.0,1.0,50.0,True,,accessible_official_786,named_subarea_candidate,11711271425.0,True,407789622.0,182219325.0,110167198.0,0.08604651162790698,0.03482026905545826,0.7170033449257324,92.65474552957359,86.21023443900751,False,,,,0.030232558139534883,,,93.85261194029852,,,93.01410545279106,insufficient,partial_or_unusable_sales,,,,incomplete_stay_evidence,41.25954198473283,2025q4_official_stores_sales__2026_09_poi_diagnostic_only
3110407,도봉역 2번,골목상권,0.5808383233532934,0.4539944351490694,0.0,1.0,37.02290076335878,55.08905852417303,15.012722646310433,40.90330788804072,5.580789915390676,29.325699745547077,29.761196151017064,1,3,296,14.0,2.0,1.0,16.0,True,,accessible_official_786,named_subarea_candidate,7278049320.0,True,113041724.0,38198502.0,29767420.0,0.0472972972972973,0.015531871114058347,0.6012463327257819,27.252407152682256,31.273232448506988,True,94780531.0,17100309.0,18714857.0,0.006756756756756757,0.013022793173377395,0.37787471353162183,7.73320895522388,13.998772584446188,26.090894489288747,21.39664769344474,complete,both_cafe_industries_sales_observed,215.0,,,incomplete_stay_evidence,29.761196151017064,2025q4_official_stores_sales__2026_09_poi_diagnostic_only
3110959,신구중학교,골목상권,0.5808383233532934,0.0359326418466982,0.0,0.0,37.02290076335878,27.417302798982192,30.916030534351147,40.90330788804072,0.0,29.325699745547077,26.87977099236641,0,0,45,2.0,0.0,0.0,2.0,True,,accessible_official_786,named_subarea_candidate,4389896780.0,False,,,,0.044444444444444446,,,39.288170563961486,,False,,,,0.0,,,0.0,,,27.50171939477304,supply_only,no_cafe_sales_rows,,94.0,,incomplete_stay_evidence,26.87977099236641,2025q4_official_stores_sales__2026_09_poi_diagnostic_only
3110076,삼각지역 14번,골목상권,0.5808383233532934,0.008982122958183,0.0,0.0,37.02290076335878,27.417302798982192,87.78625954198473,40.90330788804072,0.0,29.325699745547077,35.41030534351145,0,0,27,2.0,0.0,0.0,2.0,True,,accessible_official_786,named_subarea_candidate,1777455589.0,True,234013811.0,94035543.0,56415644.0,0.07407407407407407,0.13165662897471134,0.6429158448259278,67.9573590096286,67.81446327892084,False,,,,0.0,,,0.0,,,47.57015130674002,insufficient,partial_or_unusable_sales,,,,incomplete_stay_evidence,35.41030534351145,2025q4_official_stores_sales__2026_09_poi_diagnostic_only
3110411,도봉역 3번,골목상권,0.5808383233532934,0.0902518096543224,0.0,0.0,37.02290076335878,27.417302798982192,11.450381679389311,40.90330788804072,15.817490494296578,29.325699745547077,27.12342176298145,0,5,125,2.0,0.0,0.0,2.0,True,,accessible_official_786,named_subarea_candidate,753553208.0,True,6722972.0,4017773.0,1148672.0,0.016,0.008921695148566071,0.7684763524227083,7.2008253094910595,13.793558342575185,False,,,,0.0,,,0.0,,,5.0405777166437415,insufficient,partial_or_unusable_sales,,,,incomplete_stay_evidence,27.12342176298145,2025q4_official_stores_sales__2026_09_poi_diagnostic_only
3110073,삼각지역 3번,골목상권,0.5808383233532934,0.0413904828657152,0.0,1.0,37.02290076335878,82.56997455470739,83.96946564885496,40.90330788804072,9.923954372623577,29.325699745547077,45.09547789742548,0,1,113,8.0,2.0,1.0,10.0,True,,accessible_official_786,named_subarea_candidate,167895752.0,False,,,,0.07079646017699115,,,84.43603851444291,,False,,,,0.017699115044247787,,,70.49906716417911,,,80.25494710936377,supply_only,no_cafe_sales_rows,,2.0,,incomplete_stay_evidence,45.09547789742548,2025q4_official_stores_sales__2026_09_poi_diagnostic_only
3130146,쌍문시장(쌍문역골목시장),전통시장,0.5778443113772455,0.1089117449194538,1.0,1.0,80.91603053435115,64.50381679389314,37.53180661577608,40.90330788804072,7.756653992395437,28.37150127226463,48.05896438626535,0,2,338,7.0,3.0,1.0,10.0,True,,accessible_official_786,named_subarea_candidate,17064645348.0,True,194233179.0,63828149.0,52902412.0,0.020710059171597635,0.011382198401372836,0.6009815707130036,30.123796423658877,34.56494860436052,True,385011758.0,101183063.0,107660370.0,0.008875739644970414,0.02256195485745175,0.5424339092521948,38.96921641791045,46.686346229379424,38.201367891866184,32.77742242193435,complete,both_cafe_industries_sales_observed,193.0,,,incomplete_stay_evidence,48.05896438626535,2025q4_official_stores_sales__2026_09_poi_diagnostic_only
3110396,쌍문역1번(쌍리단길),골목상권,0.5778443113772455,0.0529308428063338,0.0,0.0,37.02290076335878,27.417302798982192,31.424936386768447,40.90330788804072,7.984790874524716,28.37150127226463,28.45764519780571,0,1,174,3.0,5.0,0.0,8.0,True,,accessible_official_786,named_subarea_candidate,14160875184.0,True,834288328.0,212254123.0,228085147.0,0.017241379310344827,0.058915025883614906,0.5278022659811201,24.360385144429163,36.00882697814959,True,138075989.0,45168145.0,51437351.0,0.028735632183908046,0.009750526518022589,0.6996545648497944,93.16231343283583,80.80572466614296,49.447896284547596,45.00096363095116,complete,both_cafe_industries_sales_observed,143.0,,,incomplete_stay_evidence,28.45764519780571,2025q4_official_stores_sales__2026_09_poi_diagnostic_only
3130147,쌍문역동측상점가,전통시장,0.5778443113772455,0.0338310624102905,0.0,0.0,37.02290076335878,27.417302798982192,75.06361323155217,40.90330788804072,11.330798479087452,28.37150127226463,35.672648245435816,0,1,158,5.0,3.0,0.0,8.0,True,,accessible_official_786,named_subarea_candidate,11063776307.0,True,52954717.0,11586146.0,14907965.0,0.03164556962025317,0.004786314864888925,0.500316355198348,62.5171939477304,49.7088564290844,True,2647196445.0,719669026.0,639810919.0,0.0189873417721519,0.2392669890953174,0.5135546126800574,85.76492537313433,86.44992144540456,60.731175933980445,69.49151337535157,complete,both_cafe_industries_sales_observed,97.0,,,incomplete_stay_evidence,35.672648245435816,2025q4_official_stores_sales__2026_09_poi_diagnostic_only
3130113,신아타운,전통시장,0.5778443113772455,0.0058122944742325,0.0,1.0,37.02290076335878,99.49109414758269,80.53435114503816,40.90330788804072,0.0,28.37150127226463,45.0381679389313,0,0,183,1.0,1.0,1.0,2.0,True,,accessible_official_786,named_subarea_candidate,9039683104.0,True,40849918.0,12589142.0,11420544.0,0.00546448087431694,0.0045189546502934575,0.5877535910843199,15.687757909215954,17.790695315388078,False,,,,0.00546448087431694,,,53.54477611940299,,,27.044863372272065,insufficient,partial_or_unusable_sales,,,,incomplete_stay_evidence,45.0381679389313,2025q4_official_stores_sales__2026_09_poi_diagnostic_only
3110376,수송초등학교,골목상권,0.5778443113772455,0.2087700586595968,1.0,1.0,76.46310432569975,56.61577608142494,35.75063613231552,40.90330788804072,1.102661596958175,28.37150127226463,43.94190636519317,0,1,315,13.0,1.0,1.0,14.0,True,,accessible_official_786,named_subarea_candidate,9812017663.0,True,77899546.0,29714830.0,29380578.0,0.04126984126984127,0.007939197489803785,0.7586104288720759,40.99724896836314,42.04638525649304,False,,,,0.0031746031746031746,,,1.9029850746268657,,,29.268969800242253,insufficient,partial_or_unusable_sales,,,,incomplete_stay_evidence,43.94190636519317,2025q4_official_stores_sales__2026_09_poi_diagnostic_only
3130145,쌍문역둘리상점가,전통시장,0.5778443113772455,0.0323957816533591,0.0,0.0,37.02290076335878,27.417302798982192,15.267175572519085,40.90330788804072,11.78707224334601,28.37150127226463,26.794437349432563,0,1,96,1.0,3.0,0.0,4.0,True,,accessible_official_786,named_subarea_candidate,3057224019.0,False,,,,0.010416666666666666,,,7.235213204951857,,False,,,,0.03125,,,93.30690298507463,,,33.05672013898869,supply_only,no_cafe_sales_rows,,77.0,,incomplete_stay_evidence,26.794437349432563,2025q4_official_stores_sales__2026_09_poi_diagnostic_only
3110388,도봉우체국,골목상권,0.5778443113772455,0.055328790059395,0.0,0.0,37.02290076335878,27.417302798982192,17.8117048346056,40.90330788804072,13.041825095057034,28.37150127226463,27.427067309087747,0,2,57,2.0,0.0,0.0,2.0,True,,accessible_official_786,named_subarea_candidate,1447417278.0,True,47961362.0,15747411.0,11551468.0,0.03508771929824561,0.03313582249499719,0.5691848158940941,23.033012379642365,26.80440523802983,False,,,,0.0,,,0.0,,,16.123108665749655,insufficient,partial_or_unusable_sales,,,,incomplete_stay_evidence,27.427067309087747,2025q4_official_stores_sales__2026_09_poi_diagnostic_only
3110002,독립문역 1번,골목상권,0.5748502994011976,0.0315075957912267,0.0,3.0,37.02290076335878,97.83715012722644,36.38676844783715,40.90330788804072,90.8882266296715,27.798982188295163,56.28833234883506,1,2,62,2.0,1.0,3.0,3.0,True,,accessible_official_786,named_subarea_candidate,5982335495.0,True,60587754.0,19176062.0,21066791.0,0.03225806451612903,0.010127776025038863,0.6642077044149879,36.485557083906464,36.81249303871465,True,355391162.0,77059773.0,75835819.0,0.016129032258064516,0.05940675883140185,0.43021776664215416,55.10727611940299,56.07509328358209,42.591273112174875,42.072072794555424,complete,both_cafe_industries_sales_observed,165.0,,,incomplete_stay_evidence,56.28833234883506,2025q4_official_stores_sales__2026_09_poi_diagnostic_only
3110004,대신고등학교,골목상권,0.5748502994011976,0.0187667266281941,1.0,0.0,97.70992366412212,27.417302798982192,77.735368956743,40.90330788804072,19.353612167300383,27.798982188295163,55.826829303689074,0,4,36,3.0,0.0,0.0,3.0,True,,accessible_official_786,named_subarea_candidate,714981695.0,True,10877658.0,5801531.0,4522617.0,0.08333333333333333,0.015213897189353918,0.9491149657398679,80.96286107290234,67.52842401282994,False,,,,0.0,,,0.0,,,56.67400275103164,insufficient,partial_or_unusable_sales,,,,incomplete_stay_evidence,55.826829303689074,2025q4_official_stores_sales__2026_09_poi_diagnostic_only
3110370,도봉세무서,골목상권,0.5718562874251497,0.1089015558836357,0.0,0.0,37.02290076335878,27.417302798982192,43.765903307888046,40.90330788804072,3.8783269961977194,27.480916030534356,29.398438936135214,0,1,150,8.0,2.0,0.0,10.0,True,,accessible_official_786,named_subarea_candidate,3640154754.0,True,14428837.0,7882760.0,3873396.0,0.05333333333333334,0.003963797688585852,0.8147680925358017,51.56808803301238,45.110329283317306,False,,,,0.013333333333333334,,,36.25466417910448,,,46.97406087684001,insufficient,partial_or_unusable_sales,,,,incomplete_stay_evidence,29.398438936135214,2025q4_official_stores_sales__2026_09_poi_diagnostic_only
3110365,미아역 5번,골목상권,0.5718562874251497,0.1151412697531049,0.0,0.0,37.02290076335878,27.417302798982192,16.921119592875318,40.90330788804072,47.46206282327956,27.480916030534356,34.08846854429967,1,1,126,4.0,2.0,0.0,6.0,True,,accessible_official_786,named_subarea_candidate,1717499736.0,False,,,,0.031746031746031744,,,20.16850068775791,,False,,,,0.015873015873015872,,,38.213619402985074,,,25.582036302326056,supply_only,no_cafe_sales_rows,,99.0,,incomplete_stay_evidence,34.08846854429967,2025q4_official_stores_sales__2026_09_poi_diagnostic_only
3130141,강북북부골목시장,전통시장,0.5718562874251497,0.0302707772904155,0.0,0.0,37.02290076335878,27.417302798982192,3.816793893129771,40.90330788804072,0.0,27.480916030534356,22.63040712468193,0,0,68,0.0,1.0,0.0,1.0,True,,accessible_official_786,named_subarea_candidate,1749939860.0,False,,,,0.0,,,0.0,,False,,,,0.014705882352941176,,,54.72014925373135,,,16.416044776119403,supply_only,no_cafe_sales_rows,,134.0,,incomplete_stay_evidence,22.63040712468193,2025q4_official_stores_sales__2026_09_poi_diagnostic_only
3120077,미아역,발달상권,0.5688622754491018,0.0932776138789567,2.0,3.0,91.73027989821882,87.1501272264631,80.27989821882952,92.1119592875318,8.897338403041825,27.16284987277354,66.34053638289843,0,2,448,16.0,5.0,3.0,21.0,True,,accessible_official_786,named_subarea_candidate,27148951380.0,True,615496240.0,189439548.0,149440106.0,0.03571428571428571,0.02267108704807736,0.5505795681221384,68.88927097661623,65.05281755248382,True,1003895652.0,220610129.0,246080509.0,0.011160714285714286,0.03697732696738875,0.46487962874452216,66.78171641791045,69.04983307148467,66.25192220818407,68.2570046090045,complete,both_cafe_industries_sales_observed,72.0,,,incomplete_stay_evidence,66.34053638289843,2025q4_official_stores_sales__2026_09_poi_diagnostic_only
3110364,미아역 8번,골목상권,0.5688622754491018,0.1270538970449591,2.0,0.0,87.91348600508906,27.417302798982192,9.4147582697201,40.90330788804072,6.958174904942965,27.16284987277354,40.09710571890208,0,2,159,2.0,0.0,0.0,2.0,True,,accessible_official_786,named_subarea_candidate,3328058984.0,False,,,,0.012578616352201259,,,4.325997248968363,,False,,,,0.0,,,0.0,,,3.0281980742778543,supply_only,no_cafe_sales_rows,,179.0,,incomplete_stay_evidence,40.09710571890208,2025q4_official_stores_sales__2026_09_poi_diagnostic_only
3110373,수유역 2번,골목상권,0.5658682634730539,0.0846679400399407,0.0,0.0,37.02290076335878,27.417302798982192,33.460559796437664,40.90330788804072,0.0,26.97201017811705,27.026081424936383,0,0,159,5.0,1.0,0.0,6.0,True,,accessible_official_786,named_subarea_candidate,1459914317.0,True,31320274.0,14045770.0,6455673.0,0.031446540880503145,0.02145350150710249,0.6545741905067625,34.037138927097665,34.579822385580385,False,,,,0.006289308176100629,,,12.453358208955223,,,27.56200471165493,insufficient,partial_or_unusable_sales,,,,incomplete_stay_evidence,27.026081424936383,2025q4_official_stores_sales__2026_09_poi_diagnostic_only
3120191,학동역,발달상권,0.5598802395209581,0.3660091242139766,0.0,3.0,37.02290076335878,63.48600508905853,57.25190839694656,85.36895674300254,6.031925461583257,26.52671755725191,41.613509774250495,1,1,1255,36.0,4.0,3.0,40.0,True,,accessible_official_786,named_subarea_candidate,50715627203.0,True,2132206222.0,936933971.0,402656072.0,0.028685258964143426,0.042042390868309576,0.628264765939699,47.61348005502063,56.109366490576036,False,,,,0.0031872509960159364,,,6.333955223880597,,,35.229622605678614,insufficient,partial_or_unusable_sales,,,,incomplete_stay_evidence,41.613509774250495,2025q4_official_stores_sales__2026_09_poi_diagnostic_only
3111077,길동주민센터(강동도서관),골목상권,0.5598802395209581,0.2470102341690204,2.0,2.0,79.89821882951654,63.231552162849866,50.38167938931297,40.90330788804072,0.0,26.52671755725191,47.75445292620865,0,0,555,21.0,4.0,2.0,25.0,True,,accessible_official_786,named_subarea_candidate,18918945538.0,True,26722252.0,7477394.0,5725978.0,0.03783783783783784,0.0014124599040853795,0.49409653048702634,49.09215955983493,37.624745174249085,True,4394473.0,1812098.0,1507718.0,0.007207207207207207,0.000232278960324369,0.7554525878302131,21.632462686567166,22.905881775333857,33.209086154574514,40.8542504978546,complete,both_cafe_industries_sales_observed,202.0,,,incomplete_stay_evidence,47.75445292620865,2025q4_official_stores_sales__2026_09_poi_diagnostic_only
3111078,굽은다리역 4번,골목상권,0.5598802395209581,0.2071663133693092,2.0,3.0,81.55216284987277,73.79134860050891,42.74809160305343,40.90330788804072,0.0,26.52671755725191,48.689567430025456,0,0,512,15.0,3.0,3.0,18.0,True,,accessible_official_786,named_subarea_candidate,9217028357.0,True,78062290.0,22149480.0,17041128.0,0.029296875,0.008469355520721004,0.5020427661038384,38.52132049518569,34.64361287122014,True,175612471.0,36560997.0,36586788.0,0.005859375,0.01905304662175946,0.4165295584275447,15.792910447761194,23.555037313432834,31.31704020388395,31.70279748095834,complete,both_cafe_industries_sales_observed,207.0,,,incomplete_stay_evidence,48.689567430025456,2025q4_official_stores_sales__2026_09_poi_diagnostic_only
3130324,길동복조리시장,전통시장,0.5598802395209581,0.0294407285777592,0.0,0.0,37.02290076335878,27.417302798982192,39.94910941475827,40.90330788804072,0.0,26.52671755725191,27.954834605597963,0,0,135,2.0,1.0,0.0,3.0,True,,accessible_official_786,named_subarea_candidate,7415216657.0,True,17817384.0,7130088.0,4286994.0,0.014814814814814815,0.0024028136768168874,0.6407832934397103,28.988995873452545,26.668228557020356,False,,,,0.007407407407407408,,,43.15764925373134,,,33.23959188753618,insufficient,partial_or_unusable_sales,,,,incomplete_stay_evidence,27.954834605597963,2025q4_official_stores_sales__2026_09_poi_diagnostic_only
3111072,굽은다리역 1번(십자성마을),골목상권,0.5598802395209581,0.1531349588172852,0.0,0.0,37.02290076335878,27.417302798982192,28.24427480916031,40.90330788804072,0.0,26.52671755725191,26.19910941475827,0,0,206,8.0,1.0,0.0,9.0,True,,accessible_official_786,named_subarea_candidate,6909873411.0,True,124046148.0,38231166.0,32198159.0,0.038834951456310676,0.017952014548128746,0.5677671264729639,34.79023383768913,36.17976577282054,False,,,,0.0048543689320388345,,,6.166044776119403,,,26.202977119218207,insufficient,partial_or_unusable_sales,,,,incomplete_stay_evidence,26.19910941475827,2025q4_official_stores_sales__2026_09_poi_diagnostic_only
3111071,천동초등학교,골목상권,0.5598802395209581,0.0354727303106187,0.0,0.0,37.02290076335878,27.417302798982192,63.99491094147582,40.90330788804072,0.0,26.52671755725191,31.5617048346056,0,0,51,4.0,1.0,0.0,5.0,True,,accessible_official_786,named_subarea_candidate,369860608.0,True,9132304.0,2370806.0,2709873.0,0.0784313725490196,0.024691204747059735,0.5563414227121655,72.54470426409904,57.09825771412913,False,,,,0.0196078431372549,,,55.097947761194035,,,67.31067731322753,insufficient,partial_or_unusable_sales,,,,incomplete_stay_evidence,31.5617048346056,2025q4_official_stores_sales__2026_09_poi_diagnostic_only
3110369,성신여대운정그린캠퍼스,골목상권,0.5538922155688623,0.1338309015963115,0.0,0.0,37.02290076335878,27.417302798982192,47.96437659033079,40.90330788804072,2.5095057034220534,25.89058524173028,29.595412591066086,0,1,262,11.0,0.0,0.0,11.0,True,,accessible_official_786,named_subarea_candidate,7330389525.0,True,108262253.0,46205261.0,25531411.0,0.04198473282442748,0.014768963181393828,0.6626194265511914,49.60797799174691,48.39808832000524,False,,,,0.0,,,0.0,,,34.72558459422283,insufficient,partial_or_unusable_sales,,,,incomplete_stay_evidence,29.595412591066086,2025q4_official_stores_sales__2026_09_poi_diagnostic_only
3110425,계상초등학교,골목상권,0.5538922155688623,0.1041976174025963,0.0,1.0,37.02290076335878,65.77608142493638,50.89058524173028,40.90330788804072,13.460076045627376,25.89058524173028,37.978274751110206,0,4,228,9.0,3.0,1.0,12.0,True,,accessible_official_786,named_subarea_candidate,4720293263.0,True,110487660.0,38230134.0,35645494.0,0.039473684210526314,0.02340694822206431,0.6686323884495337,50.034387895460796,50.15603873993731,False,,,,0.013157894736842105,,,48.07835820895522,,,49.44757898950912,insufficient,partial_or_unusable_sales,,,,incomplete_stay_evidence,37.978274751110206,2025q4_official_stores_sales__2026_09_poi_diagnostic_only
3110442,화랑대철도공원,골목상권,0.5538922155688623,0.0200344885908788,0.0,1.0,37.02290076335878,92.1119592875318,91.47582697201018,40.90330788804072,0.0,25.89058524173028,45.32442748091603,0,0,45,5.0,1.0,1.0,6.0,True,,accessible_official_786,named_subarea_candidate,735797786.0,True,42773357.0,16672336.0,13644751.0,0.1111111111111111,0.05813194577891812,0.7087843724774747,93.26685006877578,80.31113682658318,True,192056838.0,42604475.0,40247753.0,0.022222222222222223,0.26101850488579753,0.431394314635129,75.76492537313433,68.85781618224667,76.87514063328221,88.01627266008335,complete,both_cafe_industries_sales_observed,34.0,,,incomplete_stay_evidence,45.32442748091603,2025q4_official_stores_sales__2026_09_poi_diagnostic_only
3110017,정독도서관,골목상권,0.5538922155688623,0.0837923696433066,0.0,0.0,37.02290076335878,27.417302798982192,34.096692111959285,40.90330788804072,5.285171102661597,25.89058524173028,28.070392999158276,0,1,57,5.0,0.0,0.0,5.0,True,,accessible_official_786,named_subarea_candidate,88954652.0,True,86158558.0,17808907.0,47836924.0,0.08771929824561403,0.968567197587373,0.7619188682336118,53.01925722145805,56.85729525621288,False,,,,0.0,,,0.0,,,37.11348005502063,insufficient,partial_or_unusable_sales,,,,incomplete_stay_evidence,28.070392999158276,2025q4_official_stores_sales__2026_09_poi_diagnostic_only
3110007,사직공원(한국사회과학도서관),골목상권,0.5508982035928144,0.0801920442395288,0.0,0.0,37.02290076335878,27.417302798982192,44.783715012722645,40.90330788804072,10.152091254752852,25.572519083969464,30.615023848914948,0,2,50,6.0,3.0,0.0,9.0,True,,accessible_official_786,named_subarea_candidate,39000000.0,False,,,,0.12,,,61.98418156808803,,False,,,,0.06,,,73.06902985074626,,,65.3096360528855,supply_only,no_cafe_sales_rows,,9.0,,incomplete_stay_evidence,30.615023848914948,2025q4_official_stores_sales__2026_09_poi_diagnostic_only
3120076,수유역,발달상권,0.5479041916167665,0.2971135276979249,2.0,5.0,78.2442748091603,77.35368956743002,82.44274809160305,91.22137404580153,0.0,25.06361323155216,59.07124681933842,0,0,1575,54.0,6.0,5.0,60.0,True,,accessible_official_786,named_subarea_candidate,114713553571.0,True,2472665393.0,674011555.0,570849049.0,0.03428571428571429,0.021555128544331826,0.5034488724289756,69.38789546079781,66.79122379225544,True,442484061.0,90802744.0,96780145.0,0.0038095238095238095,0.003857295386862303,0.42393140348619246,21.44589552238806,28.20291633935585,55.21473155638556,55.00529547927488,complete,both_cafe_industries_sales_observed,121.0,,,incomplete_stay_evidence,59.07124681933842,2025q4_official_stores_sales__2026_09_poi_diagnostic_only
3130139,강북종합전통시장(강북종합골목시장),전통시장,0.5479041916167665,0.0748439337503617,0.0,1.0,37.02290076335878,72.264631043257,39.56743002544529,40.90330788804072,0.0,25.06361323155216,34.478371501272264,0,0,311,5.0,4.0,1.0,9.0,True,,accessible_official_786,named_subarea_candidate,14773722144.0,True,47451566.0,2462251.0,9218592.0,0.01607717041800643,0.0032118897010169735,0.24616348805010987,29.250343878954606,25.043521887647756,True,476820677.0,77310142.0,91282703.0,0.012861736334405145,0.03227491842288705,0.3535770429687134,69.79477611940298,65.43529065200313,37.16105251695437,41.41367355108912,complete,both_cafe_industries_sales_observed,195.0,,,incomplete_stay_evidence,34.478371501272264,2025q4_official_stores_sales__2026_09_poi_diagnostic_only
3110406,도봉산역 1번,골목상권,0.5479041916167665,0.247343739920625,0.0,0.0,37.02290076335878,27.417302798982192,9.669211195928751,40.90330788804072,0.6463878326996197,25.06361323155216,23.395817006743485,0,1,132,4.0,1.0,0.0,5.0,True,,accessible_official_786,named_subarea_candidate,6953836290.0,True,369560572.0,124250627.0,121764955.0,0.030303030303030304,0.053144847906679726,0.6656975896227372,14.20563961485557,30.693922891849468,False,,,,0.007575757575757576,,,9.603544776119405,,,12.82501116323472,insufficient,partial_or_unusable_sales,,,,incomplete_stay_evidence,23.395817006743485,2025q4_official_stores_sales__2026_09_poi_diagnostic_only
3110367,강북구청,골목상권,0.5479041916167665,0.0638899378908022,0.0,3.0,37.02290076335878,91.47582697201018,77.2264631043257,40.90330788804072,0.0,25.06361323155216,43.00890585241731,0,0,154,10.0,0.0,3.0,10.0,True,,accessible_official_786,named_subarea_candidate,3417201153.0,True,56425410.0,18258680.0,12533426.0,0.06493506493506493,0.016512171064458257,0.5457134649088061,78.97524071526823,63.958227368049904,False,,,,0.0,,,0.0,,,55.282668500687755,insufficient,partial_or_unusable_sales,,,,incomplete_stay_evidence,43.00890585241731,2025q4_official_stores_sales__2026_09_poi_diagnostic_only
3130135,수유중앙골목시장(수유중앙시장),전통시장,0.5479041916167665,0.030735001585916,0.0,1.0,37.02290076335878,87.53180661577609,38.295165394402034,40.90330788804072,0.0,25.06361323155216,36.577608142493645,0,0,103,2.0,2.0,1.0,4.0,True,,accessible_official_786,named_subarea_candidate,2199576588.0,False,,,,0.019417475728155338,,,29.920907840440165,,False,,,,0.019417475728155338,,,81.4179104477612,,,45.370008622636476,supply_only,no_cafe_sales_rows,,40.0,,incomplete_stay_evidence,36.577608142493645,2025q4_official_stores_sales__2026_09_poi_diagnostic_only
3110359,수유시장옆,골목상권,0.5479041916167665,0.1353102846939356,0.0,0.0,37.02290076335878,27.417302798982192,18.06615776081425,40.90330788804072,0.0,25.06361323155216,24.526081424936383,0,0,126,5.0,2.0,0.0,7.0,True,,accessible_official_786,named_subarea_candidate,1645418053.0,True,1185607.0,413867.0,421170.0,0.03968253968253968,0.0007205506210645667,0.7043117997785101,25.23383768913342,23.68790396808639,False,,,,0.015873015873015872,,,34.21175373134328,,,27.927212501796376,insufficient,partial_or_unusable_sales,,,,incomplete_stay_evidence,24.526081424936383,2025q4_official_stores_sales__2026_09_poi_diagnostic_only
3110358,인수동 우편취급국,골목상권,0.5479041916167665,0.1113707692073261,0.0,0.0,37.02290076335878,27.417302798982192,42.49363867684479,40.90330788804072,0.0,25.06361323155216,28.19020356234097,0,0,112,8.0,0.0,0.0,8.0,True,,accessible_official_786,named_subarea_candidate,624317067.0,True,6672939.0,2420788.0,1689427.0,0.07142857142857142,0.010688381517527856,0.6159527308731579,56.10729023383769,45.104189105067405,False,,,,0.0,,,0.0,,,39.27510316368638,insufficient,partial_or_unusable_sales,,,,incomplete_stay_evidence,28.19020356234097,2025q4_official_stores_sales__2026_09_poi_diagnostic_only
3110957,언북중학교,골목상권,0.5449101796407185,0.0947434026566621,0.0,1.0,37.02290076335878,67.8117048346056,74.93638676844783,40.90330788804072,8.8212927756654,24.42748091603053,40.816421405005855,0,2,243,14.0,2.0,1.0,16.0,True,,accessible_official_786,named_subarea_candidate,4873795121.0,True,274904975.0,160142025.0,50934412.0,0.05761316872427984,0.05640470478857455,0.7678159953271125,74.99312242090784,74.07995966383568,False,,,,0.00823045267489712,,,30.909514925373138,,,61.768040172247424,insufficient,partial_or_unusable_sales,,,,incomplete_stay_evidence,40.816421405005855,2025q4_official_stores_sales__2026_09_poi_diagnostic_only
3110283,성북초등학교앞,골목상권,0.5449101796407185,0.0422099568093369,0.0,0.0,37.02290076335878,27.417302798982192,86.89567430025446,40.90330788804072,9.771863117870724,24.42748091603053,36.7412682978744,0,1,57,9.0,3.0,0.0,12.0,True,,accessible_official_786,named_subarea_candidate,1852345434.0,True,2607943.0,1624927.0,983016.0,0.15789473684210525,0.001407913962553056,1.0,91.92572214580468,72.28436913842691,True,61064681.0,16829093.0,20710419.0,0.05263157894736842,0.03296614113067207,0.6147499894415235,91.39458955223881,79.04200216025137,74.31165904497425,91.76638236773492,complete,both_cafe_industries_sales_observed,45.0,,,incomplete_stay_evidence,36.7412682978744,2025q4_official_stores_sales__2026_09_poi_diagnostic_only
3110100,옥수동우편취급국,골목상권,0.5449101796407185,0.026040162923484,0.0,0.0,37.02290076335878,27.417302798982192,3.816793893129771,40.90330788804072,0.0,24.42748091603053,22.325063613231556,0,0,34,0.0,0.0,0.0,0.0,True,,accessible_official_786,named_subarea_candidate,,False,,,,0.0,,,0.0,,False,,,,0.0,,,0.0,,,0.0,supply_only,no_cafe_sales_rows,,185.0,,incomplete_stay_evidence,22.325063613231556,2025q4_official_stores_sales__2026_09_poi_diagnostic_only
3120245,둔촌역,발달상권,0.5419161676646707,0.1652914811329073,3.0,13.0,89.05852417302799,97.32824427480917,64.75826972010178,86.1323155216285,0.0,23.85496183206107,62.029262086514,0,0,856,19.0,10.0,13.0,29.0,True,,accessible_official_786,named_subarea_candidate,52806059526.0,True,934220911.0,335130792.0,219474812.0,0.02219626168224299,0.01769154751151276,0.5936557375988772,49.88308115543328,52.88233962052709,True,1853628463.0,417018183.0,416445167.0,0.011682242990654205,0.03510257117532758,0.44963883897805684,69.62220149253733,71.7289620974077,58.53632636359127,55.80481725656449,complete,both_cafe_industries_sales_observed,108.0,,,incomplete_stay_evidence,62.029262086514,2025q4_official_stores_sales__2026_09_poi_diagnostic_only
3130323,둔촌역전통시장,전통시장,0.5419161676646707,0.0365849434530917,0.0,0.0,37.02290076335878,27.417302798982192,47.70992366412214,40.90330788804072,0.0,23.85496183206107,28.85178117048346,0,0,170,3.0,2.0,0.0,5.0,True,,accessible_official_786,named_subarea_candidate,14312819445.0,True,4830571.0,1488061.0,1211143.0,0.01764705882352941,0.00033749961134928576,0.5587753497464378,35.41953232462173,27.08803427651489,False,,,,0.011764705882352941,,,68.88992537313433,,,45.46065023917551,insufficient,partial_or_unusable_sales,,,,incomplete_stay_evidence,28.85178117048346,2025q4_official_stores_sales__2026_09_poi_diagnostic_only
3110064,효창공원앞역 2번,골목상권,0.5419161676646707,0.1314517379660423,1.0,1.0,79.26208651399492,62.21374045801527,53.9440203562341,40.90330788804072,11.673003802281372,23.85496183206107,50.012717808802336,0,4,168,12.0,7.0,1.0,19.0,True,,accessible_official_786,named_subarea_candidate,12433679024.0,True,152118126.0,48921916.0,44836625.0,0.07142857142857142,0.012234361664506163,0.6163535106920789,63.79642365887207,57.89120247278521,True,436416482.0,199218935.0,93889036.0,0.041666666666666664,0.03509954544890623,0.6716244300782389,85.61567164179104,82.46386488609582,65.26300119677839,70.34219805374777,complete,both_cafe_industries_sales_observed,77.0,,,incomplete_stay_evidence,50.012717808802336,2025q4_official_stores_sales__2026_09_poi_diagnostic_only
3111073,둔촌동역 1번(한산중학교),골목상권,0.5419161676646707,0.1797337334675332,0.0,1.0,37.02290076335878,57.76081424936387,55.34351145038168,40.90330788804072,0.0,23.85496183206107,34.54834605597964,0,0,360,17.0,3.0,1.0,20.0,True,,accessible_official_786,named_subarea_candidate,7598906957.0,True,127211650.0,64330358.0,26907705.0,0.04722222222222222,0.016740782683595634,0.717214681202547,57.13204951856946,55.71255388803588,False,,,,0.008333333333333333,,,24.832089552238806,,,47.44206152867026,insufficient,partial_or_unusable_sales,,,,incomplete_stay_evidence,34.54834605597964,2025q4_official_stores_sales__2026_09_poi_diagnostic_only
3111062,둔촌동역 3번(성내3동주민센터),골목상권,0.5419161676646707,0.1067280273226065,1.0,0.0,81.1704834605598,27.417302798982192,84.86005089058524,40.90330788804072,0.0,23.85496183206107,47.66857506361323,0,0,186,21.0,4.0,0.0,25.0,True,,accessible_official_786,named_subarea_candidate,4531129525.0,True,219332162.0,85085677.0,52051070.0,0.11290322580645161,0.04840562618875919,0.6252468664399524,89.2503438789546,80.45492278183553,False,,,,0.021505376344086023,,,66.35727611940298,,,82.3824235510891,insufficient,partial_or_unusable_sales,,,,incomplete_stay_evidence,47.66857506361323,2025q4_official_stores_sales__2026_09_poi_diagnostic_only
3111064,둔촌동역 4번,골목상권,0.5419161676646707,0.0510887265410409,0.0,0.0,37.02290076335878,27.417302798982192,33.33333333333333,40.90330788804072,0.0,23.85496183206107,26.69529262086514,0,0,139,3.0,4.0,0.0,7.0,True,,accessible_official_786,named_subarea_candidate,1208886302.0,False,,,,0.02158273381294964,,,27.713204951856945,,True,87826538.0,30699978.0,24514059.0,0.02877697841726619,0.07265078432495962,0.6286714500803846,90.55970149253731,80.33258051846033,,46.56715391406105,insufficient,partial_or_unusable_sales,,,,incomplete_stay_evidence,26.69529262086514,2025q4_official_stores_sales__2026_09_poi_diagnostic_only
3110955,논현초등학교,골목상권,0.5389221556886228,0.190768141499033,0.0,3.0,37.02290076335878,76.08142493638677,79.38931297709924,40.90330788804072,1.2927756653992395,23.40966921119593,41.11733375903405,0,1,407,32.0,1.0,3.0,33.0,True,,accessible_official_786,named_subarea_candidate,6404206911.0,True,80106255.0,15255244.0,16762768.0,0.07862407862407862,0.012508380212139588,0.39969428105208515,82.96423658872078,65.86182601945676,False,,,,0.002457002457002457,,,1.623134328358209,,,58.561905910612005,insufficient,partial_or_unusable_sales,,,,incomplete_stay_evidence,41.11733375903405,2025q4_official_stores_sales__2026_09_poi_diagnostic_only
3120194,언주역(차병원),발달상권,0.5359281437125748,0.2422625098307379,0.0,0.0,37.02290076335878,27.417302798982192,78.7531806615776,40.90330788804072,0.0,22.83715012722646,33.40648854961832,0,0,931,40.0,4.0,0.0,44.0,True,,accessible_official_786,named_subarea_candidate,61837008433.0,True,1959236893.0,800858085.0,361327292.0,0.04296455424274973,0.031683888704331815,0.5931826728826304,71.67812929848692,70.96157575484249,True,279467762.0,70309471.0,47446204.0,0.004296455424274973,0.004519425649492755,0.42135691844127626,16.96828358208955,23.292272191673213,56.660784685891706,55.265175583567704,complete,both_cafe_industries_sales_observed,114.0,,,incomplete_stay_evidence,33.40648854961832,2025q4_official_stores_sales__2026_09_poi_diagnostic_only
3110584,아현역 4번,골목상권,0.5359281437125748,0.0141660062643117,0.0,0.0,37.02290076335878,27.417302798982192,73.40966921119593,99.87277353689568,17.072243346007607,22.83715012722646,41.91635706614809,0,1,71,2.0,0.0,0.0,2.0,True,,accessible_official_786,named_subarea_candidate,13652638589.0,False,,,,0.028169014084507043,,,48.86863823933975,,False,,,,0.0,,,0.0,,,34.20804676753782,supply_only,no_cafe_sales_rows,,71.0,,incomplete_stay_evidence,41.91635706614809,2025q4_official_stores_sales__2026_09_poi_diagnostic_only
3130001,통인시장,전통시장,0.5359281437125748,0.0382516342247539,0.0,2.0,37.02290076335878,93.12977099236642,99.23664122137404,40.90330788804072,82.64241427739526,22.83715012722646,62.86436071807447,1,1,184,24.0,4.0,2.0,28.0,True,,accessible_official_786,named_subarea_candidate,9673033113.0,True,1317826713.0,409119107.0,583155252.0,0.13043478260869565,0.13623717582739553,0.7529626992771393,98.88927097661623,95.47072614662191,False,,,,0.021739130434782608,,,91.54384328358208,,,96.68564266870598,insufficient,partial_or_unusable_sales,,,,incomplete_stay_evidence,62.86436071807447,2025q4_official_stores_sales__2026_09_poi_diagnostic_only
3110394,방학중학교,골목상권,0.5359281437125748,0.1576969787828606,0.0,0.0,37.02290076335878,27.417302798982192,18.829516539440203,40.90330788804072,30.890624464768955,22.83715012722646,30.5960638242515,1,2,233,6.0,1.0,0.0,7.0,True,,accessible_official_786,named_subarea_candidate,6381612730.0,True,29437699.0,4406331.0,7129785.0,0.02575107296137339,0.004612893361832065,0.3918823954277133,17.63411279229711,16.039805432501666,False,,,,0.004291845493562232,,,5.018656716417911,,,13.84947596953335,insufficient,partial_or_unusable_sales,,,,incomplete_stay_evidence,30.5960638242515,2025q4_official_stores_sales__2026_09_poi_diagnostic_only
3130198,아현시장,전통시장,0.5359281437125748,0.0276503594079518,0.0,1.0,37.02290076335878,88.16793893129771,42.62086513994911,40.90330788804072,13.079847908745249,22.83715012722646,39.71520622297042,0,1,169,2.0,1.0,1.0,3.0,True,,accessible_official_786,named_subarea_candidate,6874891189.0,True,47719589.0,18601169.0,15574810.0,0.011834319526627219,0.006941140985089706,0.716183431504408,29.18844566712517,31.679229403649316,False,,,,0.005917159763313609,,,42.42537313432837,,,33.15952390728613,insufficient,partial_or_unusable_sales,,,,incomplete_stay_evidence,39.71520622297042,2025q4_official_stores_sales__2026_09_poi_diagnostic_only
3110961,언주역 3번,골목상권,0.5359281437125748,0.0629835052893028,0.0,1.0,37.02290076335878,76.33587786259542,63.48600508905853,40.90330788804072,7.072243346007605,22.83715012722646,39.868647142483965,0,1,126,7.0,1.0,1.0,8.0,True,,accessible_official_786,named_subarea_candidate,3734879599.0,True,246746524.0,128989160.0,78004905.0,0.05555555555555555,0.06606545605005994,0.8388935399957245,66.88445667125173,68.9365811701246,False,,,,0.007936507936507936,,,22.691231343283583,,,53.62648907286128,insufficient,partial_or_unusable_sales,,,,incomplete_stay_evidence,39.868647142483965,2025q4_official_stores_sales__2026_09_poi_diagnostic_only
3110402,도봉구 정병원,골목상권,0.5359281437125748,0.1182961325348254,0.0,1.0,37.02290076335878,63.8676844783715,27.2264631043257,89.44020356234097,10.26615969581749,22.83715012722646,38.05195967453245,0,3,144,6.0,4.0,1.0,10.0,True,,accessible_official_786,named_subarea_candidate,2971576591.0,False,,,,0.041666666666666664,,,35.80123796423659,,False,,,,0.027777777777777776,,,65.4757462686567,,,44.70359045556262,supply_only,no_cafe_sales_rows,,41.0,,incomplete_stay_evidence,38.05195967453245,2025q4_official_stores_sales__2026_09_poi_diagnostic_only
3110589,애오개역 3번,골목상권,0.5359281437125748,0.0311905001382272,1.0,1.0,94.529262086514,87.02290076335878,37.27735368956743,40.90330788804072,12.0532319391635,22.83715012722646,55.78850898325255,0,1,41,2.0,0.0,1.0,2.0,True,,accessible_official_786,named_subarea_candidate,391071338.0,False,,,,0.04878048780487805,,,45.5433287482806,,False,,,,0.0,,,0.0,,,31.88033012379642,supply_only,no_cafe_sales_rows,,83.0,,incomplete_stay_evidence,55.78850898325255,2025q4_official_stores_sales__2026_09_poi_diagnostic_only
3120040,용산전자상가(용산역),발달상권,0.5329341317365269,0.3647530050172379,0.0,0.0,37.02290076335878,27.417302798982192,48.21882951653944,82.44274809160305,3.3079847908745244,21.692111959287534,33.527373039599844,0,3,2580,30.0,0.0,0.0,30.0,True,,accessible_official_786,named_subarea_candidate,668985024792.0,True,728242179.0,358791936.0,135950300.0,0.011627906976744186,0.0010885776990694584,0.679364983609388,32.88858321870701,40.418009246636885,False,,,,0.0,,,0.0,,,23.022008253094906,insufficient,partial_or_unusable_sales,,,,incomplete_stay_evidence,33.527373039599844,2025q4_official_stores_sales__2026_09_poi_diagnostic_only
3110431,상계역,골목상권,0.5329341317365269,0.0556646281750619,1.0,1.0,88.93129770992367,78.88040712468194,68.32061068702289,40.90330788804072,12.927756653992397,21.692111959287534,57.60463530026413,0,2,350,7.0,2.0,1.0,9.0,True,,accessible_official_786,named_subarea_candidate,18731943495.0,True,334991514.0,94368015.0,84608584.0,0.02,0.017883436072152214,0.5342720383060211,51.38927097661623,50.15649365779927,True,881091708.0,170835125.0,218748398.0,0.005714285714285714,0.047036854890961224,0.4421600151978731,41.59514925373134,50.7613413197172,50.33794795637465,48.45103445975076,complete,both_cafe_industries_sales_observed,141.0,,,incomplete_stay_evidence,57.60463530026413,2025q4_official_stores_sales__2026_09_poi_diagnostic_only
3110430,중계초등학교,골목상권,0.5329341317365269,0.0111765121587222,0.0,0.0,37.02290076335878,27.417302798982192,92.23918575063614,40.90330788804072,19.20152091254753,21.692111959287534,39.15518967869272,0,2,87,3.0,0.0,0.0,3.0,True,,accessible_official_786,named_subarea_candidate,14137130673.0,False,,,,0.034482758620689655,,,64.93122420907841,,False,,,,0.0,,,0.0,,,45.45185694635488,supply_only,no_cafe_sales_rows,,39.0,,incomplete_stay_evidence,39.15518967869272,2025q4_official_stores_sales__2026_09_poi_diagnostic_only
3130157,상계중앙시장,전통시장,0.5329341317365269,0.0524224874815248,0.0,0.0,37.02290076335878,27.417302798982192,55.85241730279898,40.90330788804072,16.045627376425855,21.692111959287534,33.0659957042928,0,3,203,5.0,2.0,0.0,7.0,True,,accessible_official_786,named_subarea_candidate,10173724677.0,False,,,,0.024630541871921183,,,44.09559834938102,,False,,,,0.009852216748768473,,,52.49067164179105,,,46.614120337104026,supply_only,no_cafe_sales_rows,,34.0,,incomplete_stay_evidence,33.0659957042928,2025q4_official_stores_sales__2026_09_poi_diagnostic_only
3110428,상계5동주민센터,골목상권,0.5329341317365269,0.2175580492738075,2.0,6.0,81.04325699745547,84.98727735368958,20.865139949109416,40.90330788804072,17.64806631726784,21.692111959287534,49.979994942842886,1,2,417,9.0,8.0,6.0,17.0,True,,accessible_official_786,named_subarea_candidate,7533622802.0,True,168682027.0,38900985.0,65557206.0,0.02158273381294964,0.022390559155048072,0.6192609423646539,16.53713892709766,26.691720050756736,True,66408175.0,17009811.0,16664523.0,0.019184652278177457,0.008814905755882839,0.5070811537886714,63.40485074626865,54.51497446975647,35.038696376456656,30.597452472848957,complete,both_cafe_industries_sales_observed,198.0,,,incomplete_stay_evidence,49.979994942842886,2025q4_official_stores_sales__2026_09_poi_diagnostic_only
3110586,서울서부지방법원,골목상권,0.5329341317365269,0.1320411124587204,0.0,2.0,37.02290076335878,75.44529262086515,71.88295165394402,40.90330788804072,11.634980988593156,21.692111959287534,41.79264505268046,0,4,338,18.0,3.0,2.0,21.0,True,,accessible_official_786,named_subarea_candidate,5215858191.0,True,320268095.0,168526656.0,43054422.0,0.05325443786982249,0.06140276120862044,0.6606373888101467,70.96286107290234,70.05539867750953,False,,,,0.008875739644970414,,,34.11847014925373,,,59.90954379580776,insufficient,partial_or_unusable_sales,,,,incomplete_stay_evidence,41.79264505268046,2025q4_official_stores_sales__2026_09_poi_diagnostic_only
3110436,상계제일중학교,골목상권,0.5329341317365269,0.04151348905998,2.0,3.0,97.07379134860052,96.5648854961832,12.340966921119591,40.90330788804072,14.980988593155894,21.692111959287534,54.713754970539576,0,2,65,1.0,0.0,3.0,1.0,True,,accessible_official_786,named_subarea_candidate,3110730499.0,False,,,,0.015384615384615385,,,7.682255845942228,,False,,,,0.0,,,0.0,,,5.377579092159559,supply_only,no_cafe_sales_rows,,170.0,,incomplete_stay_evidence,54.713754970539576,2025q4_official_stores_sales__2026_09_poi_diagnostic_only
3110366,광산사거리,골목상권,0.5329341317365269,0.0575190424437074,0.0,1.0,37.02290076335878,78.62595419847328,51.52671755725192,40.90330788804072,7.604562737642586,21.692111959287534,38.41022552462776,0,1,107,5.0,0.0,1.0,5.0,True,,accessible_official_786,named_subarea_candidate,2059159493.0,False,,,,0.04672897196261682,,,54.42916093535075,,False,,,,0.0,,,0.0,,,38.100412654745526,supply_only,no_cafe_sales_rows,,62.0,,incomplete_stay_evidence,38.41022552462776,2025q4_official_stores_sales__2026_09_poi_diagnostic_only
3110375,서울북부고용노동지청,골목상권,0.5329341317365269,0.058218196007634,0.0,1.0,37.02290076335878,78.37150127226464,16.793893129770993,40.90330788804072,0.0,21.692111959287534,31.6412213740458,0,0,62,2.0,1.0,1.0,3.0,True,,accessible_official_786,named_subarea_candidate,689159227.0,True,42145662.0,23803571.0,9428741.0,0.03225806451612903,0.061155187870683476,0.7885108555181788,20.392022008253093,30.227669255752325,False,,,,0.016129032258064516,,,38.49347014925373,,,25.822456450553283,insufficient,partial_or_unusable_sales,,,,incomplete_stay_evidence,31.6412213740458,2025q4_official_stores_sales__2026_09_poi_diagnostic_only
3130158,상계역전종합상가,전통시장,0.5329341317365269,0.0119313443774572,0.0,0.0,37.02290076335878,27.417302798982192,79.26208651399492,40.90330788804072,17.490494296577946,21.692111959287534,36.86641947000261,0,1,29,2.0,0.0,0.0,2.0,True,,accessible_official_786,named_subarea_candidate,,False,,,,0.06896551724137931,,,66.70563961485557,,False,,,,0.0,,,0.0,,,46.6939477303989,supply_only,no_cafe_sales_rows,,31.0,,incomplete_stay_evidence,36.86641947000261,2025q4_official_stores_sales__2026_09_poi_diagnostic_only
3110585,마포경찰서,골목상권,0.5269461077844312,0.0182021822061654,0.0,0.0,37.02290076335878,27.417302798982192,63.231552162849866,99.74554707379136,15.70342205323194,20.928753180661577,39.91231290937412,0,1,35,2.0,1.0,0.0,3.0,True,,accessible_official_786,named_subarea_candidate,277011782.0,False,,,,0.05714285714285714,,,63.648555708390646,,False,,,,0.02857142857142857,,,80.48041044776119,,,68.6981121302018,supply_only,no_cafe_sales_rows,,5.0,,incomplete_stay_evidence,39.91231290937412,2025q4_official_stores_sales__2026_09_poi_diagnostic_only
3130142,강북북부시장,전통시장,0.5269461077844312,0.0042054829987037,0.0,0.0,37.02290076335878,27.417302798982192,3.816793893129771,40.90330788804072,0.0,20.928753180661577,21.97519083969465,0,0,22,0.0,0.0,0.0,0.0,True,,accessible_official_786,named_subarea_candidate,6998988.0,False,,,,0.0,,,0.0,,False,,,,0.0,,,0.0,,,0.0,supply_only,no_cafe_sales_rows,,185.0,,incomplete_stay_evidence,21.97519083969465,2025q4_official_stores_sales__2026_09_poi_diagnostic_only
3130152,오!도봉거리 상점가,전통시장,0.5239520958083832,0.024415596242598,0.0,0.0,37.02290076335878,27.417302798982192,67.43002544529261,40.90330788804072,17.414448669201523,20.737913486005088,34.980981336893734,0,2,55,3.0,0.0,0.0,3.0,True,,accessible_official_786,named_subarea_candidate,371272236.0,True,4294481.0,2550209.0,1393115.0,0.05454545454545454,0.011566932788370418,0.918230631361508,68.76203576341128,57.80138330562485,False,,,,0.0,,,0.0,,,48.13342503438789,insufficient,partial_or_unusable_sales,,,,incomplete_stay_evidence,34.980981336893734,2025q4_official_stores_sales__2026_09_poi_diagnostic_only
3110530,아현역 1번,골목상권,0.5179640718562875,0.0174596517724165,0.0,1.0,37.02290076335878,93.89312977099236,31.679389312977097,40.90330788804072,16.08365019011407,20.610687022900763,39.31087762072002,0,1,72,1.0,3.0,1.0,4.0,True,,accessible_official_786,named_subarea_candidate,1500429878.0,False,,,,0.013888888888888888,,,18.43191196698762,,False,,,,0.041666666666666664,,,98.22761194029852,,,42.37062195898089,supply_only,no_cafe_sales_rows,,48.0,,incomplete_stay_evidence,39.31087762072002,2025q4_official_stores_sales__2026_09_poi_diagnostic_only
3120229,방이동먹자골목,발달상권,0.5149700598802395,0.1465806054379109,2.0,4.0,85.75063613231552,84.7328244274809,62.849872773536894,40.90330788804072,0.0,20.41984732824428,53.99491094147582,0,0,909,16.0,2.0,4.0,18.0,True,,accessible_official_786,named_subarea_candidate,69993861647.0,True,2058435537.0,478005158.0,496185866.0,0.0176017601760176,0.02940880083715493,0.47326768630306637,46.5474552957359,51.034237087541705,False,,,,0.0022002200220022,,,9.067164179104477,,,35.30336796074647,insufficient,partial_or_unusable_sales,,,,incomplete_stay_evidence,53.99491094147582,2025q4_official_stores_sales__2026_09_poi_diagnostic_only
3110927,잠원역,골목상권,0.5149700598802395,0.0601910384784654,0.0,0.0,37.02290076335878,27.417302798982192,26.84478371501272,40.90330788804072,7.376425855513308,20.41984732824428,26.85378389883803,0,1,100,3.0,1.0,0.0,4.0,True,,accessible_official_786,named_subarea_candidate,3659848163.0,True,142187700.0,58178499.0,30143976.0,0.03,0.03885071010253274,0.6211681812139869,25.914718019257222,34.0879181127349,False,,,,0.01,,,27.39738805970149,,,26.359519031390498,insufficient,partial_or_unusable_sales,,,,incomplete_stay_evidence,26.85378389883803,2025q4_official_stores_sales__2026_09_poi_diagnostic_only
3110063,효창공원앞역 5번,골목상권,0.5119760479041916,0.1102469535873046,0.0,0.0,37.02290076335878,27.417302798982192,36.6412213740458,40.90330788804072,10.684410646387832,20.165394402035624,28.95940121324703,0,3,235,7.0,3.0,0.0,10.0,True,,accessible_official_786,named_subarea_candidate,5549014117.0,True,31425275.0,12877349.0,13652635.0,0.029787234042553193,0.00566321770631747,0.8442244021730916,34.84181568088033,35.50226153796745,True,247115639.0,74470833.0,59391797.0,0.01276595744680851,0.044533251094628634,0.5417003575398965,45.04664179104478,50.085280832678706,39.87716732638083,37.903263513929666,complete,both_cafe_industries_sales_observed,186.0,,,incomplete_stay_evidence,28.95940121324703,2025q4_official_stores_sales__2026_09_poi_diagnostic_only
3130122,밤나무골시장,전통시장,0.5119760479041916,0.0067456631266148,0.0,0.0,37.02290076335878,27.417302798982192,75.44529262086515,40.90330788804072,0.0,20.165394402035624,32.64312977099237,0,0,19,1.0,0.0,0.0,1.0,True,,accessible_official_786,named_subarea_candidate,13731959.0,False,,,,0.05263157894736842,,,38.82049518569463,,False,,,,0.0,,,0.0,,,27.174346629986243,supply_only,no_cafe_sales_rows,,95.0,,incomplete_stay_evidence,32.64312977099237,2025q4_official_stores_sales__2026_09_poi_diagnostic_only
3110372,강북중학교,골목상권,0.5089820359281437,0.0824209800533865,0.0,1.0,37.02290076335878,70.35623409669212,43.38422391857507,40.90330788804072,5.361216730038024,19.97455470737913,35.3279685368473,0,1,130,6.0,1.0,1.0,7.0,True,,accessible_official_786,named_subarea_candidate,1694989429.0,True,45352374.0,13309177.0,12881557.0,0.046153846153846156,0.0267567297022948,0.5774942233453976,48.531636863823934,43.99919498500462,False,,,,0.007692307692307693,,,16.138059701492537,,,38.81356371512451,insufficient,partial_or_unusable_sales,,,,incomplete_stay_evidence,35.3279685368473,2025q4_official_stores_sales__2026_09_poi_diagnostic_only
3120207,선정릉역,발달상권,0.5059880239520959,0.3232290356255783,0.0,4.0,37.02290076335878,70.48346055979644,68.70229007633588,82.82442748091603,0.0,19.65648854961832,42.23282442748092,0,0,1205,41.0,7.0,4.0,48.0,True,,accessible_official_786,named_subarea_candidate,37832040020.0,True,993535899.0,491897663.0,196289755.0,0.03402489626556016,0.026261758511430124,0.692664873702767,59.98624484181568,63.84591038579358,False,,,,0.005809128630705394,,,26.69776119402985,,,49.99969974747993,insufficient,partial_or_unusable_sales,,,,incomplete_stay_evidence,42.23282442748092,2025q4_official_stores_sales__2026_09_poi_diagnostic_only
3110976,언북초등학교,골목상권,0.5059880239520959,0.0556820212110945,0.0,0.0,37.02290076335878,27.417302798982192,68.06615776081425,40.90330788804072,12.889733840304183,19.65648854961832,34.06331572480384,0,2,149,7.0,1.0,0.0,8.0,True,,accessible_official_786,named_subarea_candidate,1123682267.0,True,42436684.0,11697298.0,19289402.0,0.04697986577181208,0.03776573257963499,0.7301866470056897,66.37551581843191,61.0241626128924,False,,,,0.006711409395973154,,,23.367537313432834,,,53.47312226693219,insufficient,partial_or_unusable_sales,,,,incomplete_stay_evidence,34.06331572480384,2025q4_official_stores_sales__2026_09_poi_diagnostic_only
3110970,학동초등학교,골목상권,0.5059880239520959,0.0499760766574499,0.0,0.0,37.02290076335878,27.417302798982192,10.687022900763358,40.90330788804072,0.0,19.65648854961832,22.87849872773537,0,0,57,1.0,1.0,0.0,2.0,True,,accessible_official_786,named_subarea_candidate,721985964.0,False,,,,0.017543859649122806,,,7.314305364511691,,False,,,,0.017543859649122806,,,43.656716417910445,,,18.217028680531314,supply_only,no_cafe_sales_rows,,124.0,,incomplete_stay_evidence,22.87849872773537,2025q4_official_stores_sales__2026_09_poi_diagnostic_only
3110974,언주중학교,골목상권,0.5059880239520959,0.0351240892680903,0.0,0.0,37.02290076335878,27.417302798982192,31.55216284987277,40.90330788804072,0.0,19.65648854961832,26.00826972010178,0,0,70,2.0,0.0,0.0,2.0,True,,accessible_official_786,named_subarea_candidate,339506908.0,False,,,,0.02857142857142857,,,30.684319119669876,,False,,,,0.0,,,0.0,,,21.47902338376891,supply_only,no_cafe_sales_rows,,114.0,,incomplete_stay_evidence,26.00826972010178,2025q4_official_stores_sales__2026_09_poi_diagnostic_only
3110065,남정초등학교,골목상권,0.4940119760479042,0.0180516132820201,0.0,0.0,37.02290076335878,27.417302798982192,30.788804071246812,40.90330788804072,15.779467680608366,19.083969465648856,28.99240753103261,0,1,70,1.0,0.0,0.0,1.0,True,,accessible_official_786,named_subarea_candidate,37779000000.0,False,,,,0.014285714285714285,,,18.74484181568088,,False,,,,0.0,,,0.0,,,13.121389270976614,supply_only,no_cafe_sales_rows,,142.0,,incomplete_stay_evidence,28.99240753103261,2025q4_official_stores_sales__2026_09_poi_diagnostic_only
3130056,용산용문시장,전통시장,0.4940119760479042,0.0402161403668229,0.0,0.0,37.02290076335878,27.417302798982192,44.65648854961832,40.90330788804072,10.076045627376429,19.083969465648856,29.93187579214195,0,1,279,3.0,3.0,0.0,6.0,True,,accessible_official_786,named_subarea_candidate,24525659189.0,True,137181537.0,56999116.0,32239337.0,0.010752688172043012,0.0055933883751237675,0.6505135818677991,29.951856946354884,33.833637169949654,True,45647162.0,10279364.0,12397001.0,0.010752688172043012,0.001861200208656296,0.4967749145061855,72.63992537313433,58.1834740769835,41.138588242059804,42.75827747438872,complete,both_cafe_industries_sales_observed,175.0,,,incomplete_stay_evidence,29.93187579214195,2025q4_official_stores_sales__2026_09_poi_diagnostic_only
3110060,효창공원앞역 6번,골목상권,0.4940119760479042,0.0946484901613076,0.0,1.0,37.02290076335878,67.93893129770993,65.2671755725191,40.90330788804072,64.6278217380879,19.083969465648856,50.012078342528525,1,3,163,11.0,2.0,1.0,13.0,True,,accessible_official_786,named_subarea_candidate,3756059049.0,True,73319339.0,21177620.0,21859619.0,0.06748466257668712,0.019520283904887033,0.5869834560292476,71.23796423658872,60.56215370381379,False,,,,0.012269938650306749,,,37.65858208955224,,,61.16414959247777,insufficient,partial_or_unusable_sales,,,,incomplete_stay_evidence,50.012078342528525,2025q4_official_stores_sales__2026_09_poi_diagnostic_only
3110277,러스크서울병원,골목상권,0.4940119760479042,0.1180817161098885,0.0,0.0,37.02290076335878,27.417302798982192,21.501272264631044,40.90330788804072,7.490494296577947,19.083969465648856,25.941483083234164,0,2,162,5.0,5.0,0.0,10.0,True,,accessible_official_786,named_subarea_candidate,2477274307.0,True,75345281.0,24458023.0,19421983.0,0.030864197530864196,0.030414589449015747,0.5823855909436452,22.905777166437417,27.984068855055618,False,,,,0.030864197530864196,,,75.01865671641791,,,38.53964103143156,insufficient,partial_or_unusable_sales,,,,incomplete_stay_evidence,25.941483083234164,2025q4_official_stores_sales__2026_09_poi_diagnostic_only
3110061,효창동주민센터,골목상권,0.4940119760479042,0.1001741771520505,0.0,1.0,37.02290076335878,66.41221374045801,46.94656488549619,40.90330788804072,13.87832699619772,19.083969465648856,36.88508015750927,0,4,111,8.0,0.0,1.0,8.0,True,,accessible_official_786,named_subarea_candidate,1073798087.0,True,197860602.0,62057098.0,61702975.0,0.07207207207207207,0.18426239010425802,0.6254912385235742,59.24346629986245,60.95013331502045,False,,,,0.0,,,0.0,,,41.47042640990371,insufficient,partial_or_unusable_sales,,,,incomplete_stay_evidence,36.88508015750927,2025q4_official_stores_sales__2026_09_poi_diagnostic_only
3110062,한강로동땡땡거리(은행나무길),골목상권,0.4880239520958084,0.1325853606103121,0.0,2.0,37.02290076335878,75.19083969465649,94.529262086514,40.90330788804072,2.661596958174905,18.638676844783717,43.05140336110063,0,1,333,41.0,3.0,2.0,44.0,True,,accessible_official_786,named_subarea_candidate,14476685186.0,True,530262410.0,247162430.0,139297253.0,0.12312312312312312,0.036628717360850126,0.7288083705575132,95.99037138927096,89.41814819901724,False,,,,0.009009009009009009,,,34.421641791044784,,,77.51975250980311,insufficient,partial_or_unusable_sales,,,,incomplete_stay_evidence,43.05140336110063,2025q4_official_stores_sales__2026_09_poi_diagnostic_only
3130132,삼양골목시장(삼양시장),전통시장,0.4880239520958084,0.047528365125527,1.0,2.0,91.47582697201018,90.33078880407125,49.74554707379134,40.90330788804072,8.783269961977187,18.638676844783717,56.16505093896033,0,1,120,4.0,2.0,2.0,6.0,True,,accessible_official_786,named_subarea_candidate,4568203158.0,True,116495787.0,48199759.0,36187081.0,0.03333333333333333,0.025501446185901,0.7243767536417433,46.0213204951857,48.7805974713195,False,,,,0.016666666666666666,,,66.12406716417911,,,52.05214449588372,insufficient,partial_or_unusable_sales,,,,incomplete_stay_evidence,56.16505093896033,2025q4_official_stores_sales__2026_09_poi_diagnostic_only
3120186,가로수길,발달상권,0.4850299401197604,0.2564935155481949,1.0,11.0,75.57251908396947,90.45801526717555,95.16539440203562,88.67684478371501,10.09009009009009,18.3206106870229,63.233030740664326,1,0,1502,83.0,18.0,11.0,101.0,True,,accessible_official_786,named_subarea_candidate,90653880543.0,True,2396941353.0,758172738.0,747961620.0,0.05525965379494008,0.026440581899448364,0.6283567831623955,87.24896836313617,82.87241496298816,True,777087130.0,192185672.0,249835162.0,0.011984021304926764,0.008572022789817618,0.5688175970691987,72.9757462686567,71.64223291437548,79.50336034840436,82.96700173479232,complete,both_cafe_industries_sales_observed,25.0,,,incomplete_stay_evidence,63.233030740664326,2025q4_official_stores_sales__2026_09_poi_diagnostic_only
3110278,망우본동주민센터,골목상권,0.4850299401197604,0.1374168462948286,1.0,1.0,78.88040712468194,60.94147582697202,51.78117048346056,40.90330788804072,2.357414448669201,18.3206106870229,46.96639383120967,0,1,257,12.0,5.0,1.0,17.0,True,,accessible_official_786,named_subarea_candidate,7633318578.0,True,153426752.0,47324317.0,39387639.0,0.04669260700389105,0.020099613350632515,0.5651684264293101,54.55983493810179,51.12290780490771,True,264820279.0,53759284.0,60316709.0,0.019455252918287938,0.0346926800308373,0.4307675886105384,63.41417910447761,59.982030636292215,53.78064465432306,57.216138188014526,complete,both_cafe_industries_sales_observed,125.0,,,incomplete_stay_evidence,46.96639383120967,2025q4_official_stores_sales__2026_09_poi_diagnostic_only
3110389,한일병원,골목상권,0.4850299401197604,0.0528496890281012,0.0,0.0,37.02290076335878,27.417302798982192,55.470737913486005,40.90330788804072,13.384030418250951,18.3206106870229,32.13927427703442,0,2,65,5.0,1.0,0.0,6.0,True,,accessible_official_786,named_subarea_candidate,7200500520.0,False,,,,0.07692307692307693,,,65.7668500687758,,False,,,,0.015384615384615385,,,40.4990671641791,,,58.18651519739679,supply_only,no_cafe_sales_rows,,16.0,,incomplete_stay_evidence,32.13927427703442,2025q4_official_stores_sales__2026_09_poi_diagnostic_only
3110077,삼광초등학교,골목상권,0.4820359281437126,0.0457625762122178,0.0,2.0,37.02290076335878,90.96692111959288,70.22900763358778,40.90330788804072,9.125475285171104,18.06615776081425,43.00830116390445,0,1,75,6.0,1.0,2.0,7.0,True,,accessible_official_786,named_subarea_candidate,1189309290.0,True,104283483.0,35402504.0,21460457.0,0.08,0.08768407333301836,0.5452729364630063,76.79160935350757,67.89779271735097,False,,,,0.013333333333333334,,,40.86287313432836,,,66.0129884877538,insufficient,partial_or_unusable_sales,,,,incomplete_stay_evidence,43.00830116390445,2025q4_official_stores_sales__2026_09_poi_diagnostic_only
3130137,"수유전통시장(수유시장, 수유골목시장)",전통시장,0.4790419161676646,0.036994570784425,0.0,0.0,37.02290076335878,27.417302798982192,29.64376590330789,40.90330788804072,10.64638783269962,17.748091603053435,27.660448050000483,0,1,270,2.0,2.0,0.0,4.0,True,,accessible_official_786,named_subarea_candidate,52327673533.0,True,6375936.0,1494440.0,4061601.0,0.007407407407407408,0.0001218463495415876,0.8714078999538264,19.339752407152684,21.25556140929898,False,,,,0.007407407407407408,,,61.105410447761194,,,31.869449819335237,insufficient,partial_or_unusable_sales,,,,incomplete_stay_evidence,27.660448050000483,2025q4_official_stores_sales__2026_09_poi_diagnostic_only
3130303,영동전통시장,전통시장,0.4790419161676646,0.0390679007263592,0.0,0.0,37.02290076335878,27.417302798982192,69.08396946564885,40.90330788804072,0.0,17.748091603053435,31.4472010178117,0,0,229,5.0,1.0,0.0,6.0,True,,accessible_official_786,named_subarea_candidate,30973148535.0,True,35263030.0,12971896.0,7778525.0,0.021834061135371178,0.0011385032412882527,0.5884469088447589,52.606602475928476,42.747572552822064,False,,,,0.004366812227074236,,,28.376865671641788,,,45.33768143464247,insufficient,partial_or_unusable_sales,,,,incomplete_stay_evidence,31.4472010178117,2025q4_official_stores_sales__2026_09_poi_diagnostic_only
3120176,논현역 4번,발달상권,0.4790419161676646,0.13040841609032,0.0,0.0,37.02290076335878,27.417302798982192,70.10178117048346,40.90330788804072,0.0,17.748091603053435,31.59987277353689,0,0,257,17.0,2.0,0.0,19.0,True,,accessible_official_786,named_subarea_candidate,1629441478.0,True,49974902.0,10449411.0,17154401.0,0.06614785992217899,0.03066995818796752,0.55235349936254,74.12654745529574,62.00994437121571,False,,,,0.007782101167315175,,,22.098880597014926,,,58.51824739781149,insufficient,partial_or_unusable_sales,,,,incomplete_stay_evidence,31.59987277353689,2025q4_official_stores_sales__2026_09_poi_diagnostic_only
3110412,창동중학교,골목상권,0.4790419161676646,0.0211295248063595,0.0,0.0,37.02290076335878,27.417302798982192,3.816793893129771,40.90330788804072,14.828897338403042,17.748091603053435,24.62290414961445,0,1,17,0.0,0.0,0.0,0.0,True,,accessible_official_786,named_subarea_candidate,498055721.0,False,,,,0.0,,,0.0,,False,,,,0.0,,,0.0,,,0.0,supply_only,no_cafe_sales_rows,,185.0,,incomplete_stay_evidence,24.62290414961445,2025q4_official_stores_sales__2026_09_poi_diagnostic_only
3120225,잠실새내역(신천),발달상권,0.4760479041916167,0.2378645015826352,8.0,14.0,95.16539440203562,94.14758269720102,84.22391857506362,94.40203562340967,10.810810810810812,17.36641221374046,68.64435045732755,1,0,1917,46.0,22.0,14.0,68.0,True,,accessible_official_786,named_subarea_candidate,153024598233.0,True,4948747113.0,1446659729.0,1356968178.0,0.023995826812728223,0.0323395530531953,0.5665328704380697,63.52819807427787,65.43265469769743,True,1638865670.0,434234707.0,413516082.0,0.011476264997391758,0.01070981847967091,0.5172789963926696,75.84888059701493,75.3310585231736,68.40217584534028,67.22440283109898,complete,both_cafe_industries_sales_observed,63.0,,,incomplete_stay_evidence,68.64435045732755,2025q4_official_stores_sales__2026_09_poi_diagnostic_only
3130311,새마을시장,전통시장,0.4760479041916167,0.0793144184612367,5.0,5.0,98.85496183206108,95.29262086513997,68.44783715012723,40.90330788804072,5.627376425855514,17.36641221374046,61.170004547257626,0,1,410,10.0,12.0,5.0,22.0,True,,accessible_official_786,named_subarea_candidate,33406442352.0,True,197635731.0,55482140.0,51686806.0,0.024390243902439025,0.0059160963300890915,0.5422549123973944,53.356258596973866,48.50653452011717,True,256581147.0,79099852.0,70890263.0,0.02926829268292683,0.007680588800699959,0.5845718469720614,96.455223880597,83.37391987431263,58.96675012637581,66.2859481820608,complete,both_cafe_industries_sales_observed,105.0,,,incomplete_stay_evidence,61.170004547257626,2025q4_official_stores_sales__2026_09_poi_diagnostic_only
3120248,명일역,발달상권,0.4730538922155688,0.1429870972968356,7.0,12.0,97.20101781170484,97.5826972010178,66.03053435114504,87.1501272264631,0.0,17.111959287531807,64.12849872773538,0,0,667,17.0,12.0,12.0,29.0,True,,accessible_official_786,named_subarea_candidate,45084769340.0,True,459129303.0,107942498.0,141915820.0,0.025487256371814093,0.010183689740931033,0.5442003295529146,52.66162310866575,51.06127328485887,True,940091140.0,209657502.0,234995917.0,0.017991004497751123,0.020851634682001904,0.4729896922547318,84.49626865671642,80.56186174391202,59.91144982257481,62.21201677308095,complete,both_cafe_industries_sales_observed,100.0,,,incomplete_stay_evidence,64.12849872773538,2025q4_official_stores_sales__2026_09_poi_diagnostic_only
3120095,홍제역,발달상권,0.4730538922155688,0.1005396022257897,5.0,4.0,97.45547073791349,89.44020356234097,34.223918575063614,90.83969465648856,11.40684410646388,17.111959287531807,60.86279375767954,0,3,425,6.0,7.0,4.0,13.0,True,,accessible_official_786,named_subarea_candidate,34768238815.0,True,180298967.0,56574746.0,42340284.0,0.01411764705882353,0.005185737706168019,0.548616731675451,24.70426409903714,28.23232913162108,True,139237020.0,24881502.0,32367066.0,0.01647058823529412,0.004004718810776495,0.4111591012217871,79.66417910447761,63.98860958366064,38.95921326723294,41.19223860066928,complete,both_cafe_industries_sales_observed,189.0,,,incomplete_stay_evidence,60.86279375767954,2025q4_official_stores_sales__2026_09_poi_diagnostic_only
3120107,공덕역(공덕오거리),발달상권,0.4700598802395209,0.1920756922518944,0.0,2.0,37.02290076335878,67.17557251908397,66.53944020356234,97.5826972010178,10.456273764258556,16.603053435114504,44.673951953869526,0,5,836,23.0,5.0,2.0,28.0,True,,accessible_official_786,named_subarea_candidate,38997707684.0,True,1457012606.0,607564399.0,323732258.0,0.02751196172248804,0.03736149359870667,0.6391822920164906,54.36726272352132,60.11480869533726,True,1487067783.0,352937756.0,318414541.0,0.005980861244019139,0.038132184461963,0.4514604543752664,31.651119402985074,44.655783582089555,55.477101161362945,47.552419727360444,complete,both_cafe_industries_sales_observed,119.0,,,incomplete_stay_evidence,44.673951953869526,2025q4_official_stores_sales__2026_09_poi_diagnostic_only
3130195,도화동 상점가,전통시장,0.4700598802395209,0.101804146504786,1.0,1.0,82.06106870229007,66.15776081424937,86.25954198473282,40.90330788804072,8.212927756653993,16.603053435114504,54.87413771418067,0,2,552,21.0,5.0,1.0,26.0,True,,accessible_official_786,named_subarea_candidate,35577151506.0,True,1628222938.0,657758253.0,278298142.0,0.03804347826086957,0.04576597251540512,0.5748944896635525,74.00275103163686,72.50609859844982,True,140235297.0,33775427.0,29562940.0,0.009057971014492754,0.0039417235799878375,0.4516578090892481,58.208955223880594,50.450216025137465,65.88933382645611,69.26461228930998,complete,both_cafe_industries_sales_observed,73.0,,,incomplete_stay_evidence,54.87413771418067,2025q4_official_stores_sales__2026_09_poi_diagnostic_only
3120106,마포역,발달상권,0.4700598802395209,0.1366223999600533,0.0,1.0,37.02290076335878,61.19592875318066,79.64376590330788,95.41984732824427,6.50190114068441,16.603053435114504,44.73549473195367,0,2,776,23.0,2.0,1.0,25.0,True,,accessible_official_786,named_subarea_candidate,25264410446.0,True,518306523.0,242261254.0,91327520.0,0.029639175257731958,0.020515282717870075,0.6436129186049236,64.51169188445668,64.03890960476299,True,220162904.0,38825687.0,32949713.0,0.002577319587628866,0.008714349557872125,0.326010416359697,11.819029850746267,18.010163000785546,50.230285623569756,48.70389327434356,complete,both_cafe_industries_sales_observed,142.0,,,incomplete_stay_evidence,44.73549473195367,2025q4_official_stores_sales__2026_09_poi_diagnostic_only
3130197,마포시장,전통시장,0.4700598802395209,0.0096939933720299,0.0,0.0,37.02290076335878,27.417302798982192,60.81424936386769,40.90330788804072,19.771863117870723,16.603053435114504,34.04661180932479,0,3,86,1.0,0.0,0.0,1.0,True,,accessible_official_786,named_subarea_candidate,8871285360.0,False,,,,0.011627906976744186,,,17.420907840440165,,False,,,,0.0,,,0.0,,,12.194635488308116,supply_only,no_cafe_sales_rows,,144.0,,incomplete_stay_evidence,34.04661180932479,2025q4_official_stores_sales__2026_09_poi_diagnostic_only
3130196,공덕시장,전통시장,0.4700598802395209,0.007420166239188,0.0,0.0,37.02290076335878,27.417302798982192,3.816793893129771,40.90330788804072,19.923954372623573,16.603053435114504,25.527411739664664,0,3,95,0.0,1.0,0.0,1.0,True,,accessible_official_786,named_subarea_candidate,5598255928.0,True,71401852.0,27157711.0,12228372.0,0.0,0.01275430293261148,0.5516115044186809,0.0,8.82583209140586,False,,,,0.010526315789473684,,,62.71921641791045,,,18.815764925373134,insufficient,partial_or_unusable_sales,,,,incomplete_stay_evidence,25.527411739664664,2025q4_official_stores_sales__2026_09_poi_diagnostic_only
3110581,염리초등학교,골목상권,0.4700598802395209,0.0137378761633384,0.0,1.0,37.02290076335878,96.69211195928752,43.25699745547074,40.90330788804072,18.93536121673004,16.603053435114504,41.63694501688291,0,2,22,1.0,0.0,1.0,1.0,True,,accessible_official_786,named_subarea_candidate,,False,,,,0.045454545454545456,,,36.02819807427785,,False,,,,0.0,,,0.0,,,25.219738651994497,supply_only,no_cafe_sales_rows,,101.0,,incomplete_stay_evidence,41.63694501688291,2025q4_official_stores_sales__2026_09_poi_diagnostic_only
3120167,고속터미널(고속터미널역),발달상권,0.467065868263473,0.3205734440746637,7.0,7.0,91.98473282442748,81.67938931297711,51.908396946564885,94.0203562340967,0.3802281368821293,16.0941475826972,58.72108379531536,0,1,2268,28.0,23.0,7.0,51.0,True,,accessible_official_786,named_subarea_candidate,68151783169.0,True,778641787.0,260435426.0,234212141.0,0.012345679012345678,0.011425112459187692,0.6352697418228852,35.99381017881705,43.28506106456587,True,127687185.0,38300339.0,27897794.0,0.010141093474426807,0.001873570713232353,0.5184399123529898,70.76492537313433,60.127553024351926,48.337808652501685,46.425144737112234,complete,both_cafe_industries_sales_observed,148.0,,,incomplete_stay_evidence,58.72108379531536,2025q4_official_stores_sales__2026_09_poi_diagnostic_only
3120170,삼호가든사거리,발달상권,0.467065868263473,0.1007822578750222,2.0,6.0,90.33078880407125,94.529262086514,41.6030534351145,40.90330788804072,50.45045045045045,16.0941475826972,63.30891960662954,1,0,495,7.0,1.0,6.0,8.0,True,,accessible_official_786,named_subarea_candidate,44123763106.0,True,1178950301.0,390081829.0,324290545.0,0.014141414141414142,0.026719169400120476,0.605939345699357,29.580467675378266,40.6485529067936,True,261000000.0,57783262.0,65735943.0,0.00202020202020202,0.005915179976218051,0.47325365900383143,4.878731343283582,16.507217203456403,33.40615219579244,22.16994677574986,complete,both_cafe_industries_sales_observed,200.0,,,incomplete_stay_evidence,63.30891960662954,2025q4_official_stores_sales__2026_09_poi_diagnostic_only
3110415,수락산역 4번,골목상권,0.4640718562874251,0.1973573798900098,3.0,2.0,87.1501272264631,66.92111959287533,20.48346055979644,40.90330788804072,21.669920871441786,15.712468193384224,49.25128697327055,1,2,417,8.0,4.0,2.0,12.0,True,,accessible_official_786,named_subarea_candidate,17813963607.0,True,377976695.0,108097404.0,110685994.0,0.019184652278177457,0.021218000852515156,0.5788277449222101,14.993122420907838,26.672359067710502,True,14526366.0,6780883.0,4909463.0,0.009592326139088728,0.0008154482809368636,0.8047674139561126,32.01492537313433,31.423605655930874,28.09773304417661,20.099663306575785,complete,both_cafe_industries_sales_observed,213.0,,,incomplete_stay_evidence,49.25128697327055,2025q4_official_stores_sales__2026_09_poi_diagnostic_only
3110419,수락산디자인거리,골목상권,0.4640718562874251,0.1258982764127252,2.0,1.0,88.16793893129771,62.849872773536894,71.37404580152672,40.90330788804072,7.110266159695818,15.712468193384224,53.66760030573051,0,2,314,17.0,5.0,1.0,22.0,True,,accessible_official_786,named_subarea_candidate,12074178203.0,True,277463747.0,89909609.0,70556851.0,0.054140127388535034,0.022979928102358157,0.5783330677791214,70.84594222833562,65.06014266962131,True,184054246.0,35443154.0,42992880.0,0.01592356687898089,0.01524362510686393,0.42615715586371206,62.92910447761194,56.78063629222309,62.576290756401846,68.47089090311852,complete,both_cafe_industries_sales_observed,88.0,,,incomplete_stay_evidence,53.66760030573051,2025q4_official_stores_sales__2026_09_poi_diagnostic_only
3110098,서울독일학교,골목상권,0.4640718562874251,0.0413831828399607,0.0,0.0,37.02290076335878,27.417302798982192,74.42748091603053,40.90330788804072,0.0,15.712468193384224,32.045165394402034,0,0,83,6.0,0.0,0.0,6.0,True,,accessible_official_786,named_subarea_candidate,3879311830.0,True,189126401.0,88116121.0,70267969.0,0.07228915662650602,0.04875256470424034,0.8374509807332504,78.24621733149932,75.59433424829393,False,,,,0.0,,,0.0,,,54.77235213204953,insufficient,partial_or_unusable_sales,,,,incomplete_stay_evidence,32.045165394402034,2025q4_official_stores_sales__2026_09_poi_diagnostic_only
3130302,강남시장(강남구 강남시장),전통시장,0.4640718562874251,0.0039579556025951,0.0,0.0,37.02290076335878,27.417302798982192,3.816793893129771,40.90330788804072,0.0,15.712468193384224,21.45356234096692,0,0,45,0.0,2.0,0.0,2.0,True,,accessible_official_786,named_subarea_candidate,1632037636.0,False,,,,0.0,,,0.0,,False,,,,0.044444444444444446,,,96.61380597014926,,,28.984141791044777,supply_only,no_cafe_sales_rows,,87.0,,incomplete_stay_evidence,21.45356234096692,2025q4_official_stores_sales__2026_09_poi_diagnostic_only
3110949,한남IC,골목상권,0.4610778443113772,0.062079246366503,0.0,1.0,37.02290076335878,76.59033078880407,78.37150127226464,40.90330788804072,7.224334600760456,15.267175572519085,41.41306030437602,0,1,145,10.0,1.0,1.0,11.0,True,,accessible_official_786,named_subarea_candidate,1754241479.0,True,195776338.0,79851724.0,57846103.0,0.06896551724137931,0.11160170383817494,0.7033425408130782,80.65337001375515,77.38609721131763,False,,,,0.006896551724137931,,,20.769589552238806,,,62.68823587530024,insufficient,partial_or_unusable_sales,,,,incomplete_stay_evidence,41.41306030437602,2025q4_official_stores_sales__2026_09_poi_diagnostic_only
3110090,한국폴리텍대학서울정수캠퍼스,골목상권,0.4610778443113772,0.0969865483885944,0.0,0.0,37.02290076335878,27.417302798982192,8.269720101781171,40.90330788804072,4.4106463878327,15.267175572519085,22.95910128774466,0,1,99,1.0,0.0,0.0,1.0,True,,accessible_official_786,named_subarea_candidate,1828371982.0,True,36815906.0,16034722.0,8335984.0,0.010101010101010102,0.02013589486299621,0.6619613272589299,2.2696011004126544,12.820265728063326,False,,,,0.0,,,0.0,,,1.588720770288858,insufficient,partial_or_unusable_sales,,,,incomplete_stay_evidence,22.95910128774466,2025q4_official_stores_sales__2026_09_poi_diagnostic_only
3110088,오산고등학교,골목상권,0.4610778443113772,0.096487905700601,0.0,0.0,37.02290076335878,27.417302798982192,35.6234096692112,40.90330788804072,8.55513307984791,15.267175572519085,27.891052061262204,0,2,105,6.0,0.0,0.0,6.0,True,,accessible_official_786,named_subarea_candidate,1459736141.0,False,,,,0.05714285714285714,,,47.912654745529565,,False,,,,0.0,,,0.0,,,33.53885832187069,supply_only,no_cafe_sales_rows,,73.0,,incomplete_stay_evidence,27.891052061262204,2025q4_official_stores_sales__2026_09_poi_diagnostic_only
3120247,굽은다리역,발달상권,0.4580838323353293,0.0944780118085977,2.0,5.0,91.6030534351145,93.25699745547074,15.648854961832065,91.73027989821882,0.0,14.69465648854962,54.459287531806616,0,0,450,3.0,2.0,5.0,5.0,True,,accessible_official_786,named_subarea_candidate,23095339218.0,True,154035399.0,45795128.0,34163462.0,0.006666666666666667,0.006669544774642158,0.5190923029322629,6.588720770288859,14.5547523285713,True,603728986.0,180595347.0,163444977.0,0.0044444444444444444,0.026140728235308486,0.5698588803552991,24.319029850746272,39.5891103692066,22.06505974076189,11.907813494426083,complete,both_cafe_industries_sales_observed,222.0,,,incomplete_stay_evidence,54.459287531806616,2025q4_official_stores_sales__2026_09_poi_diagnostic_only
3130325,명일전통시장,전통시장,0.4580838323353293,0.02752560012558,1.0,1.0,95.67430025445292,88.42239185750637,43.12977099236641,40.90330788804072,0.0,14.69465648854962,53.99491094147583,0,0,103,2.0,1.0,1.0,3.0,True,,accessible_official_786,named_subarea_candidate,3680810022.0,False,,,,0.019417475728155338,,,33.22902338376891,,False,,,,0.009708737864077669,,,50.06996268656716,,,38.281305174608384,supply_only,no_cafe_sales_rows,,60.0,,incomplete_stay_evidence,53.99491094147583,2025q4_official_stores_sales__2026_09_poi_diagnostic_only
3111080,굽은다리역 3번,골목상권,0.4580838323353293,0.0834841254861266,1.0,2.0,84.22391857506362,82.44274809160305,87.40458015267176,40.90330788804072,0.0,14.69465648854962,56.30407124681934,0,0,169,18.0,3.0,2.0,21.0,True,,accessible_official_786,named_subarea_candidate,2836589641.0,True,836779028.0,262969599.0,175177041.0,0.10650887573964497,0.2949947415393526,0.5236109239582902,90.7496561210454,84.09030821667415,False,,,,0.01775147928994083,,,61.501865671641795,,,81.97531898622432,insufficient,partial_or_unusable_sales,,,,incomplete_stay_evidence,56.30407124681934,2025q4_official_stores_sales__2026_09_poi_diagnostic_only
3111075,굽은다리역 2번,골목상권,0.4580838323353293,0.0877136202088711,1.0,1.0,83.46055979643766,69.3384223918575,11.83206106870229,40.90330788804072,0.0,14.69465648854962,42.77353689567431,0,0,134,2.0,0.0,1.0,2.0,True,,accessible_official_786,named_subarea_candidate,1809705939.0,True,218282660.0,58884862.0,55310047.0,0.014925373134328358,0.1206177508157031,0.5231515366360296,7.132049518569464,21.548843008751234,False,,,,0.0,,,0.0,,,4.992434662998624,insufficient,partial_or_unusable_sales,,,,incomplete_stay_evidence,42.77353689567431,2025q4_official_stores_sales__2026_09_poi_diagnostic_only
3111070,천호초등학교,골목상권,0.4580838323353293,0.0590335471842071,0.0,0.0,37.02290076335878,27.417302798982192,3.816793893129771,40.90330788804072,0.0,14.69465648854962,21.35178117048346,0,0,57,0.0,0.0,0.0,0.0,True,,accessible_official_786,named_subarea_candidate,468631943.0,False,,,,0.0,,,0.0,,False,,,,0.0,,,0.0,,,0.0,supply_only,no_cafe_sales_rows,,185.0,,incomplete_stay_evidence,21.35178117048346,2025q4_official_stores_sales__2026_09_poi_diagnostic_only
3111069,천호1동주민센터,골목상권,0.4580838323353293,0.1104047005374646,0.0,0.0,37.02290076335878,27.417302798982192,29.898218829516537,40.90330788804072,0.0,14.69465648854962,25.263994910941477,0,0,109,6.0,0.0,0.0,6.0,True,,accessible_official_786,named_subarea_candidate,523485136.0,True,41345095.0,10318003.0,11781397.0,0.05504587155963303,0.07898045647660949,0.5345108047278644,43.277166437414024,41.08259077345261,False,,,,0.0,,,0.0,,,30.294016506189816,insufficient,partial_or_unusable_sales,,,,incomplete_stay_evidence,25.263994910941477,2025q4_official_stores_sales__2026_09_poi_diagnostic_only
3120242,강동구청역,발달상권,0.4491017964071856,0.2055509010035976,2.0,5.0,81.93384223918575,82.82442748091603,81.29770992366412,90.5852417302799,1.1787072243346006,14.122137404580156,59.90495264079567,0,1,634,36.0,7.0,5.0,43.0,True,,accessible_official_786,named_subarea_candidate,18992724977.0,True,1135232751.0,445380083.0,308874735.0,0.056782334384858045,0.05977197860626927,0.6644054422633549,79.21595598349381,78.8056152887934,True,121833764.0,32690876.0,36731422.0,0.011041009463722398,0.006414759553857567,0.5698116492567693,49.375,47.194078947368425,69.32215438636591,70.26366918844568,complete,both_cafe_industries_sales_observed,59.0,,,incomplete_stay_evidence,59.90495264079567,2025q4_official_stores_sales__2026_09_poi_diagnostic_only
3111053,성내천어린이공원(하니사랑길),골목상권,0.4491017964071856,0.1397367307431585,0.0,1.0,37.02290076335878,60.81424936386769,37.659033078880405,87.27735368956743,2.281368821292776,14.122137404580156,36.474085469093154,0,1,197,9.0,4.0,1.0,13.0,True,,accessible_official_786,named_subarea_candidate,8384687785.0,True,282984546.0,87562034.0,85953072.0,0.04568527918781726,0.03375015901084026,0.6131610663997178,44.51169188445667,48.78257577465867,True,277114139.0,69425423.0,71857541.0,0.02030456852791878,0.033050024772031505,0.5098367211064607,56.212686567164184,57.638354281225446,51.4393093266287,48.02199028926892,complete,both_cafe_industries_sales_observed,131.0,,,incomplete_stay_evidence,36.474085469093154,2025q4_official_stores_sales__2026_09_poi_diagnostic_only
3111050,강동구청(강동구청역 2번),골목상권,0.4491017964071856,0.0195494057557165,0.0,0.0,37.02290076335878,27.417302798982192,94.27480916030534,40.90330788804072,0.0,14.122137404580156,34.86323155216285,0,0,46,6.0,0.0,0.0,6.0,True,,accessible_official_786,named_subarea_candidate,230144615.0,True,64411672.0,28410654.0,13366182.0,0.13043478260869565,0.2798747735201191,0.6485910814425062,95.75997248968363,83.49921869608207,False,,,,0.0,,,0.0,,,67.03198074277854,insufficient,partial_or_unusable_sales,,,,incomplete_stay_evidence,34.86323155216285,2025q4_official_stores_sales__2026_09_poi_diagnostic_only
3110576,대흥역 3번,골목상권,0.4431137724550898,0.0759837439411874,1.0,2.0,85.24173027989822,83.96946564885496,93.00254452926208,40.90330788804072,13.726235741444867,13.8676844783715,60.34066699561722,0,3,254,21.0,3.0,2.0,24.0,True,,accessible_official_786,named_subarea_candidate,11816946798.0,True,415750288.0,129569735.0,58584195.0,0.08267716535433071,0.03518254715933604,0.4525647616628951,92.31086657496562,80.46383114296276,True,157375556.0,87561732.0,48995792.0,0.011811023622047244,0.013317784931267996,0.8677174999146627,56.34328358208955,57.104772191673206,73.45611345757588,81.5205916771028,complete,both_cafe_industries_sales_observed,47.0,,,incomplete_stay_evidence,60.34066699561722,2025q4_official_stores_sales__2026_09_poi_diagnostic_only
3110081,해방촌 남동측,골목상권,0.4401197604790419,0.1049317763014622,0.0,1.0,37.02290076335878,65.2671755725191,95.67430025445292,40.90330788804072,57.10786832459836,13.740458015267176,52.1340418583039,1,2,263,35.0,11.0,1.0,46.0,True,,accessible_official_786,named_subarea_candidate,7806605226.0,True,484044502.0,83337257.0,133206937.0,0.13307984790874525,0.06200448056318814,0.44736422602730025,96.9050894085282,84.97514231771339,True,10493440.0,2583774.0,3165586.0,0.04182509505703422,0.0013441745414577212,0.5479004025372042,97.50932835820896,75.16442458758837,82.03192699867589,97.08636109343242,complete,both_cafe_industries_sales_observed,17.0,,,incomplete_stay_evidence,52.1340418583039,2025q4_official_stores_sales__2026_09_poi_diagnostic_only
3120233,몽촌토성역,발달상권,0.437125748502994,0.1149135772327244,1.0,0.0,80.40712468193384,27.417302798982192,67.04834605597965,96.5648854961832,0.0,13.486005089058525,49.29707379134861,0,0,523,14.0,3.0,0.0,17.0,True,,accessible_official_786,named_subarea_candidate,22521392110.0,True,300747326.0,101388416.0,79366395.0,0.02676864244741874,0.013353851508427024,0.6010188466314078,54.243466299862455,53.05783326534336,True,48596693.0,12720557.0,14372932.0,0.0057361376673040155,0.0021578014699376413,0.5575171339333728,30.988805970149258,30.771111547525535,46.37181674999801,47.26706820094849,complete,both_cafe_industries_sales_observed,156.0,,,incomplete_stay_evidence,49.29707379134861,2025q4_official_stores_sales__2026_09_poi_diagnostic_only
3120177,신논현역 1번,발달상권,0.437125748502994,0.1404288146842193,0.0,4.0,37.02290076335878,85.6234096692112,71.50127226463104,40.90330788804072,0.0,13.486005089058525,40.1145038167939,0,0,328,19.0,3.0,4.0,22.0,True,,accessible_official_786,named_subarea_candidate,3352317374.0,True,716340129.0,220465700.0,169101421.0,0.057926829268292686,0.21368505695666273,0.5438298166317024,72.76478679504815,71.37889273368224,False,,,,0.009146341463414634,,,33.18097014925373,,,60.88964180130982,insufficient,partial_or_unusable_sales,,,,incomplete_stay_evidence,40.1145038167939,2025q4_official_stores_sales__2026_09_poi_diagnostic_only
3110952,논현목련공원,골목상권,0.437125748502994,0.021612666271559,0.0,0.0,37.02290076335878,27.417302798982192,54.19847328244275,40.90330788804072,14.67680608365019,13.486005089058525,31.723529155661332,0,1,38,2.0,0.0,0.0,2.0,True,,accessible_official_786,named_subarea_candidate,74445478.0,False,,,,0.05263157894736842,,,58.22214580467676,,False,,,,0.0,,,0.0,,,40.755502063273724,supply_only,no_cafe_sales_rows,,53.0,,incomplete_stay_evidence,31.723529155661332,2025q4_official_stores_sales__2026_09_poi_diagnostic_only
3110360,수유초등학교,골목상권,0.4311377245508982,0.1064457859054139,0.0,0.0,37.02290076335878,27.417302798982192,25.06361323155216,40.90330788804072,3.992395437262358,13.231552162849871,25.190972726129317,0,1,191,5.0,0.0,0.0,5.0,True,,accessible_official_786,named_subarea_candidate,2897754984.0,True,21165138.0,6864634.0,5639914.0,0.02617801047120419,0.007303977774816589,0.5908087157286667,22.1595598349381,21.57110569469015,False,,,,0.0,,,0.0,,,15.511691884456669,insufficient,partial_or_unusable_sales,,,,incomplete_stay_evidence,25.190972726129317,2025q4_official_stores_sales__2026_09_poi_diagnostic_only
3120244,암사역,발달상권,0.4281437125748503,0.0805427279126898,5.0,6.0,98.6005089058524,96.81933842239184,72.01017811704835,93.76590330788804,0.0,12.786259541984732,65.55979643765903,0,0,399,11.0,3.0,6.0,14.0,True,,accessible_official_786,named_subarea_candidate,33261114370.0,True,176237154.0,48961342.0,45376742.0,0.02756892230576441,0.005298594389818696,0.5352905551345887,57.81292984869326,50.91674090898841,True,556072138.0,130791201.0,139375061.0,0.007518796992481203,0.016718385674460493,0.48584750707290425,46.69309701492537,52.2904310683425,51.32884795679463,54.47697999856289,complete,both_cafe_industries_sales_observed,132.0,,,incomplete_stay_evidence,65.55979643765903,2025q4_official_stores_sales__2026_09_poi_diagnostic_only
3130320,암사종합시장,전통시장,0.4281437125748503,0.0371718823855718,0.0,0.0,37.02290076335878,27.417302798982192,3.816793893129771,40.90330788804072,0.0,12.786259541984732,21.160941475826974,0,0,218,0.0,1.0,0.0,1.0,True,,accessible_official_786,named_subarea_candidate,18018722843.0,False,,,,0.0,,,0.0,,False,,,,0.0045871559633027525,,,30.270522388059703,,,9.08115671641791,supply_only,no_cafe_sales_rows,,162.0,,incomplete_stay_evidence,21.160941475826974,2025q4_official_stores_sales__2026_09_poi_diagnostic_only
3111060,암사역 2번(서울강동초등학교),골목상권,0.4281437125748503,0.2190504596698758,0.0,1.0,37.02290076335878,56.36132315521628,40.33078880407125,40.90330788804072,0.0,12.786259541984732,30.979643765903308,0,0,446,15.0,3.0,1.0,18.0,True,,accessible_official_786,named_subarea_candidate,14129947115.0,True,210224004.0,51759618.0,43086009.0,0.033632286995515695,0.014877904516488348,0.45116459203203074,39.84869325997249,39.513012256645425,False,,,,0.006726457399103139,,,15.914179104477613,,,32.66833901332403,insufficient,partial_or_unusable_sales,,,,incomplete_stay_evidence,30.979643765903308,2025q4_official_stores_sales__2026_09_poi_diagnostic_only
3111052,암사역 3번(천호동자전거거리),골목상권,0.4281437125748503,0.1291948555298473,0.0,0.0,37.02290076335878,27.417302798982192,72.7735368956743,40.90330788804072,0.0,12.786259541984732,31.50445292620865,0,0,291,18.0,5.0,0.0,23.0,True,,accessible_official_786,named_subarea_candidate,5592637072.0,True,20403665.0,9201736.0,7718207.0,0.061855670103092786,0.003648308434343547,0.82925998834033,74.79023383768913,61.925046448429086,False,,,,0.01718213058419244,,,63.95522388059702,,,71.5397308505615,insufficient,partial_or_unusable_sales,,,,incomplete_stay_evidence,31.50445292620865,2025q4_official_stores_sales__2026_09_poi_diagnostic_only
3111061,암사역 1번,골목상권,0.4281437125748503,0.1751950857327215,0.0,0.0,37.02290076335878,27.417302798982192,64.3765903307888,40.90330788804072,0.0,12.786259541984732,30.244910941475823,0,0,324,20.0,7.0,0.0,27.0,True,,accessible_official_786,named_subarea_candidate,5236224390.0,True,134158032.0,38067769.0,43610104.0,0.06172839506172839,0.02562113882212752,0.6088183598280571,69.44291609353509,62.90691160824654,True,8234577.0,1218617.0,2936678.0,0.021604938271604937,0.0015726172880837904,0.5046154769091357,68.76865671641791,53.92753338570306,60.213098141483485,69.24063828039993,complete,both_cafe_industries_sales_observed,98.0,,,incomplete_stay_evidence,30.244910941475823,2025q4_official_stores_sales__2026_09_poi_diagnostic_only
3111054,암사역 4번(삼성광나루아파트),골목상권,0.4281437125748503,0.0155259060792445,0.0,0.0,37.02290076335878,27.417302798982192,37.786259541984734,40.90330788804072,0.0,12.786259541984732,26.25636132315521,0,0,41,1.0,0.0,0.0,1.0,True,,accessible_official_786,named_subarea_candidate,587797112.0,False,,,,0.024390243902439025,,,23.583218707015128,,False,,,,0.0,,,0.0,,,16.50825309491059,supply_only,no_cafe_sales_rows,,131.0,,incomplete_stay_evidence,26.25636132315521,2025q4_official_stores_sales__2026_09_poi_diagnostic_only
3111057,천호공원(해공체육문화센터),골목상권,0.4251497005988024,0.1160707125765865,0.0,0.0,37.02290076335878,27.417302798982192,27.989821882951656,40.90330788804072,0.0,12.340966921119591,24.742366412213737,0,0,222,6.0,1.0,0.0,7.0,True,,accessible_official_786,named_subarea_candidate,20396357285.0,True,183312457.0,53903076.0,55953870.0,0.02702702702702703,0.00898750960470832,0.5992879469178682,27.630674002751036,32.28784537370913,False,,,,0.0045045045045045045,,,7.164179104477611,,,21.490725533269007,insufficient,partial_or_unusable_sales,,,,incomplete_stay_evidence,24.742366412213737,2025q4_official_stores_sales__2026_09_poi_diagnostic_only
3120228,석촌역(석촌호수),발달상권,0.4161676646706587,0.2279735884416076,1.0,3.0,75.95419847328245,71.62849872773536,85.75063613231552,89.82188295165395,0.8365019011406845,12.08651399491094,56.75126984587699,0,1,849,46.0,12.0,3.0,58.0,True,,accessible_official_786,named_subarea_candidate,35990043359.0,True,2289350874.0,653678132.0,635768037.0,0.05418138987043581,0.06361067285092625,0.5632365853762965,80.818431911967,78.19018996877928,True,470745222.0,99709138.0,91354117.0,0.014134275618374558,0.01307987371130191,0.4058740186214784,72.1455223880597,65.99528672427337,74.5317189954275,78.2165590547948,complete,both_cafe_industries_sales_observed,44.0,,,incomplete_stay_evidence,56.75126984587699,2025q4_official_stores_sales__2026_09_poi_diagnostic_only
3110151,자양한강도서관,골목상권,0.4161676646706587,0.1074913577474804,0.0,1.0,37.02290076335878,64.75826972010178,38.42239185750636,40.90330788804072,13.155893536121674,12.08651399491094,34.514130361168355,0,4,239,7.0,0.0,1.0,7.0,True,,accessible_official_786,named_subarea_candidate,5802777895.0,True,142332047.0,42491594.0,37254670.0,0.029288702928870293,0.024528260356585646,0.5602832649487575,35.52269601100413,37.86484398862688,False,,,,0.0,,,0.0,,,24.86588720770289,insufficient,partial_or_unusable_sales,,,,incomplete_stay_evidence,34.514130361168355,2025q4_official_stores_sales__2026_09_poi_diagnostic_only
3111058,성내중학교,골목상권,0.4161676646706587,0.0396635189317969,1.0,2.0,93.00254452926208,92.23918575063614,27.09923664122137,40.90330788804072,0.0,12.08651399491094,51.10050890585242,0,0,69,2.0,2.0,2.0,4.0,True,,accessible_official_786,named_subarea_candidate,187613778.0,True,30000000.0,7074232.0,8369487.0,0.028985507246376812,0.1599029683203757,0.5147906333333333,28.321870701513067,30.35422156259417,False,,,,0.028985507246376812,,,82.01492537313433,,,44.42978710299944,insufficient,partial_or_unusable_sales,,,,incomplete_stay_evidence,51.10050890585242,2025q4_official_stores_sales__2026_09_poi_diagnostic_only
3110587,공덕동주민센터,골목상권,0.4071856287425149,0.0765719626138079,0.0,1.0,37.02290076335878,71.2468193384224,65.77608142493638,40.90330788804072,10.532319391634982,11.83206106870229,39.04030611751275,0,2,148,9.0,2.0,1.0,11.0,True,,accessible_official_786,named_subarea_candidate,600037093.0,True,20997084.0,10014123.0,5059677.0,0.060810810810810814,0.03499297667586027,0.7178996854991865,70.00687757909216,61.643140187133014,False,,,,0.013513513513513514,,,45.44309701492537,,,62.63774340984212,insufficient,partial_or_unusable_sales,,,,incomplete_stay_evidence,39.04030611751275,2025q4_official_stores_sales__2026_09_poi_diagnostic_only
3111010,석촌역 7번,골목상권,0.4011976047904191,0.200023309440052,0.0,1.0,37.02290076335878,56.99745547073791,50.25445292620865,40.90330788804072,4.258555133079848,11.641221374045802,33.30082044137424,0,2,393,17.0,10.0,1.0,27.0,True,,accessible_official_786,named_subarea_candidate,10437001308.0,True,172262170.0,69874607.0,61280716.0,0.043256997455470736,0.016504948587863107,0.7613704332181581,51.69876203576341,53.47837833313175,True,23173808.0,6406756.0,6003377.0,0.02544529262086514,0.002220351163723357,0.5355241141205623,77.77985074626866,62.143263943440694,56.07784401622443,59.52308864891498,complete,both_cafe_industries_sales_observed,116.0,,,incomplete_stay_evidence,33.30082044137424,2025q4_official_stores_sales__2026_09_poi_diagnostic_only
3110580,양원초등학교,골목상권,0.4011976047904191,0.0393306556872001,0.0,1.0,37.02290076335878,83.46055979643766,59.54198473282442,40.90330788804072,15.247148288973383,11.641221374045802,40.86113449240028,0,2,83,4.0,0.0,1.0,4.0,True,,accessible_official_786,named_subarea_candidate,211699007.0,True,7161368.0,3320917.0,3428540.0,0.04819277108433735,0.033828066090078546,0.9424815202905367,61.767537826685,55.79621835647383,False,,,,0.0,,,0.0,,,43.2372764786795,insufficient,partial_or_unusable_sales,,,,incomplete_stay_evidence,40.86113449240028,2025q4_official_stores_sales__2026_09_poi_diagnostic_only
3110572,서강대역 1번,골목상권,0.3982035928143712,0.1481149863403561,1.0,2.0,78.37150127226464,72.51908396946564,84.60559796437659,40.90330788804072,6.045627376425856,11.450381679389311,53.5246471037839,0,2,294,29.0,7.0,2.0,36.0,True,,accessible_official_786,named_subarea_candidate,5776186476.0,True,663976312.0,234176756.0,192805819.0,0.09863945578231292,0.11495063650711682,0.6430689879791976,88.44566712517194,84.69266743471425,True,552349125.0,121224330.0,105383357.0,0.023809523809523808,0.09562522389036528,0.4102616927292136,75.28451492537314,72.1070551846033,80.91698375968096,84.49732146523229,complete,both_cafe_industries_sales_observed,19.0,,,incomplete_stay_evidence,53.5246471037839,2025q4_official_stores_sales__2026_09_poi_diagnostic_only
3110157,자양동우체국,골목상권,0.3922155688622754,0.1150692315441545,1.0,0.0,80.27989821882952,27.417302798982192,41.73027989821883,40.90330788804072,12.69961977186312,11.259541984732824,42.21231581187899,0,4,221,8.0,2.0,0.0,10.0,True,,accessible_official_786,named_subarea_candidate,2774920673.0,True,73846441.0,25526090.0,19530386.0,0.03619909502262444,0.02661209083147005,0.6101374066219386,42.283356258596974,41.90436030997963,True,273032592.0,58440575.0,65990178.0,0.00904977375565611,0.09839293593384822,0.45573589617462223,27.462686567164177,37.052827965435974,40.44890060661653,37.837155351167134,complete,both_cafe_industries_sales_observed,182.0,,,incomplete_stay_evidence,42.21231581187899,2025q4_official_stores_sales__2026_09_poi_diagnostic_only
3111074,명일역 1번,골목상권,0.3922155688622754,0.0493972398587117,1.0,0.0,90.5852417302799,27.417302798982192,34.86005089058524,40.90330788804072,0.0,11.259541984732824,41.73346055979644,0,0,80,3.0,0.0,0.0,3.0,True,,accessible_official_786,named_subarea_candidate,1053389724.0,True,20843578.0,6030980.0,5176285.0,0.0375,0.019787147648309505,0.5376843169632393,38.373452544704264,33.191098847860296,False,,,,0.0,,,0.0,,,26.861416781292984,insufficient,partial_or_unusable_sales,,,,incomplete_stay_evidence,41.73346055979644,2025q4_official_stores_sales__2026_09_poi_diagnostic_only
3120096,"이화여대(이대역, 이대)",발달상권,0.3892215568862275,0.1513048895278378,0.0,3.0,37.02290076335878,80.1526717557252,86.64122137404581,86.64122137404581,8.288973384030419,10.623409669211195,47.51021197960507,0,3,559,32.0,9.0,3.0,41.0,True,,accessible_official_786,named_subarea_candidate,23134533106.0,True,975189079.0,261719504.0,239283965.0,0.057245080500894455,0.04215296131250136,0.5137500816905682,83.08115543328748,76.48569603628683,True,303586948.0,57381014.0,57778985.0,0.016100178890876567,0.013122674514717738,0.37933119245956515,76.47388059701493,67.0185585231736,73.64555478235285,81.09897298240571,complete,both_cafe_industries_sales_observed,46.0,,,incomplete_stay_evidence,47.51021197960507,2025q4_official_stores_sales__2026_09_poi_diagnostic_only
3130148,방학동도깨비시장,전통시장,0.3892215568862275,0.0425135865228783,0.0,0.0,37.02290076335878,27.417302798982192,65.9033078880407,40.90330788804072,17.03422053231939,10.623409669211195,33.66447769425013,0,3,174,5.0,4.0,0.0,9.0,True,,accessible_official_786,named_subarea_candidate,17470159902.0,True,201473108.0,65009473.0,52050097.0,0.028735632183908046,0.01153241350566775,0.5810183362039563,54.59422283356258,51.325046892584716,True,88691930.0,20465763.0,25277374.0,0.022988505747126436,0.0050767669270071454,0.5157530905010185,90.46175373134328,73.15875392772976,57.875159003128225,65.35448210289678,complete,both_cafe_industries_sales_observed,109.0,,,incomplete_stay_evidence,33.66447769425013,2025q4_official_stores_sales__2026_09_poi_diagnostic_only
3130179,"이화여대 3,5,7길 상점가",전통시장,0.3892215568862275,0.0555963509411456,6.0,8.0,99.74554707379136,99.10941475826972,99.36386768447836,96.81933842239184,12.965779467680612,10.623409669211195,73.03208719124603,0,2,445,35.0,5.0,8.0,40.0,True,,accessible_official_786,named_subarea_candidate,12753104311.0,True,1937588795.0,614157160.0,534383446.0,0.07865168539325842,0.15193075722973282,0.5927679851183285,95.44016506189821,90.11770322340823,True,116221104.0,22536517.0,46290239.0,0.011235955056179775,0.00911316187539964,0.5922053192680049,75.22388059701493,66.1435585231736,82.92545981333782,89.37527972243322,complete,both_cafe_industries_sales_observed,15.0,,,incomplete_stay_evidence,73.03208719124603,2025q4_official_stores_sales__2026_09_poi_diagnostic_only
3110582,이대역 5번,골목상권,0.3892215568862275,0.0535592443522617,0.0,3.0,37.02290076335878,93.63867684478372,54.834605597964384,40.90330788804072,7.908745247148289,10.623409669211195,40.112283400574704,0,1,160,5.0,2.0,3.0,7.0,True,,accessible_official_786,named_subarea_candidate,2875051565.0,True,24509221.0,12064198.0,9471470.0,0.03125,0.008524793537050874,0.8786761521306613,48.24621733149931,44.88561591744444,False,,,,0.0125,,,55.611007462686565,,,50.455654370855484,insufficient,partial_or_unusable_sales,,,,incomplete_stay_evidence,40.112283400574704,2025q4_official_stores_sales__2026_09_poi_diagnostic_only
3110520,경의중앙 신촌역,골목상권,0.3892215568862275,0.0605405853800853,0.0,4.0,37.02290076335878,95.67430025445292,48.60050890585242,40.90330788804072,77.11506182989073,10.623409669211195,53.32377572475678,1,3,90,5.0,0.0,4.0,5.0,True,,accessible_official_786,named_subarea_candidate,1885789613.0,True,27395820.0,6490315.0,7511659.0,0.05555555555555555,0.01452750604369778,0.5110989194701966,55.976616231086666,44.85794830165137,False,,,,0.0,,,0.0,,,39.18363136176066,insufficient,partial_or_unusable_sales,,,,incomplete_stay_evidence,53.32377572475678,2025q4_official_stores_sales__2026_09_poi_diagnostic_only
3110401,도봉구민회관,골목상권,0.3892215568862275,0.044733125221307,2.0,2.0,96.81933842239184,91.34860050890585,3.816793893129771,40.90330788804072,14.562737642585551,10.623409669211195,51.3858299712652,0,2,53,0.0,0.0,2.0,0.0,True,,accessible_official_786,named_subarea_candidate,1450273516.0,False,,,,0.0,,,0.0,,False,,,,0.0,,,0.0,,,0.0,supply_only,no_cafe_sales_rows,,185.0,,incomplete_stay_evidence,51.3858299712652,2025q4_official_stores_sales__2026_09_poi_diagnostic_only
3130178,이대 앞 스타트업 상점가,전통시장,0.3892215568862275,0.0075204086883309,1.0,3.0,100.0,100.0,99.61832061068702,40.90330788804072,19.619771863117872,10.623409669211195,69.0193742199518,0,2,111,5.0,1.0,3.0,6.0,True,,accessible_official_786,named_subarea_candidate,942826628.0,True,124199310.0,39206837.0,32469506.0,0.04504504504504504,0.13173080427677528,0.5771074171023978,80.73246217331499,72.52611149946256,False,,,,0.009009009009009009,,,60.433768656716424,,,74.6428541183354,insufficient,partial_or_unusable_sales,,,,incomplete_stay_evidence,69.0193742199518,2025q4_official_stores_sales__2026_09_poi_diagnostic_only
3110575,대흥동주민센터,골목상권,0.3892215568862275,0.07147845908019,0.0,1.0,37.02290076335878,73.40966921119593,31.043256997455472,40.90330788804072,73.24358579111431,10.623409669211195,46.5761980742534,1,3,90,4.0,0.0,1.0,4.0,True,,accessible_official_786,named_subarea_candidate,545652197.0,True,20213321.0,5541156.0,8884290.0,0.044444444444444446,0.03704433173939919,0.7136603628864351,39.37757909215956,40.13420104260409,False,,,,0.0,,,0.0,,,27.56430536451169,insufficient,partial_or_unusable_sales,,,,incomplete_stay_evidence,46.5761980742534,2025q4_official_stores_sales__2026_09_poi_diagnostic_only
3110439,당고개역 5번,골목상권,0.3862275449101796,0.0989501536163387,0.0,0.0,37.02290076335878,27.417302798982192,20.229007633587788,40.90330788804072,4.334600760456274,9.923664122137405,24.203434147002195,0,1,106,4.0,0.0,0.0,4.0,True,,accessible_official_786,named_subarea_candidate,1617595185.0,True,318076822.0,89662304.0,84197610.0,0.03773584905660377,0.19663561374906047,0.5465972431024855,25.887207702888585,36.65574484557392,False,,,,0.0,,,0.0,,,18.12104539202201,insufficient,partial_or_unusable_sales,,,,incomplete_stay_evidence,24.203434147002195,2025q4_official_stores_sales__2026_09_poi_diagnostic_only
3110437,당고개역 2번,골목상권,0.3862275449101796,0.0836363416152704,1.0,1.0,83.96946564885496,70.10178117048346,34.35114503816794,40.90330788804072,0.0,9.923664122137405,45.94147582697202,0,0,123,5.0,0.0,1.0,5.0,True,,accessible_official_786,named_subarea_candidate,785198159.0,True,15506950.0,2428225.0,2844663.0,0.04065040650406504,0.01974909113356696,0.34003385578724377,39.52544704264099,32.31803647679355,False,,,,0.0,,,0.0,,,27.667812929848694,insufficient,partial_or_unusable_sales,,,,incomplete_stay_evidence,45.94147582697202,2025q4_official_stores_sales__2026_09_poi_diagnostic_only
3110440,상계3동4동주민센터,골목상권,0.3862275449101796,0.0545902629718061,0.0,0.0,37.02290076335878,27.417302798982192,3.816793893129771,40.90330788804072,7.718631178707224,9.923664122137405,22.418408169583685,0,1,37,0.0,0.0,0.0,0.0,True,,accessible_official_786,named_subarea_candidate,644332.0,False,,,,0.0,,,0.0,,False,,,,0.0,,,0.0,,,0.0,supply_only,no_cafe_sales_rows,,185.0,,incomplete_stay_evidence,22.418408169583685,2025q4_official_stores_sales__2026_09_poi_diagnostic_only
3130177,인왕시장(홍제골목형상점가),전통시장,0.3832335329341317,0.022759028004566,0.0,1.0,37.02290076335878,91.22137404580153,3.816793893129771,40.90330788804072,14.372623574144487,9.223918575063614,33.24984278098666,0,1,195,0.0,0.0,1.0,0.0,True,,accessible_official_786,named_subarea_candidate,53821756958.0,False,,,,0.0,,,0.0,,False,,,,0.0,,,0.0,,,0.0,supply_only,no_cafe_sales_rows,,185.0,,incomplete_stay_evidence,33.24984278098666,2025q4_official_stores_sales__2026_09_poi_diagnostic_only
3130176,유진상가,전통시장,0.3832335329341317,0.0185173318823154,0.0,0.0,37.02290076335878,27.417302798982192,29.51653944020356,40.90330788804072,15.665399239543726,9.223918575063614,27.79274905910468,0,1,68,1.0,1.0,0.0,2.0,True,,accessible_official_786,named_subarea_candidate,6782004820.0,False,,,,0.014705882352941176,,,19.057771664374137,,False,,,,0.014705882352941176,,,70.42444029850746,,,34.46777225461413,supply_only,no_cafe_sales_rows,,70.0,,incomplete_stay_evidence,27.79274905910468,2025q4_official_stores_sales__2026_09_poi_diagnostic_only
3110416,노원초등학교,골목상권,0.3832335329341317,0.0926161049160197,0.0,1.0,37.02290076335878,68.32061068702289,22.137404580152676,40.90330788804072,0.0,9.223918575063614,29.6882951653944,0,0,169,4.0,1.0,1.0,5.0,True,,accessible_official_786,named_subarea_candidate,7379209823.0,True,15362237.0,4996385.0,3697932.0,0.023668639053254437,0.002081826830850911,0.5659538386238931,18.27372764786795,16.681773287933794,False,,,,0.005917159763313609,,,10.652985074626866,,,15.987504875895624,insufficient,partial_or_unusable_sales,,,,incomplete_stay_evidence,29.6882951653944,2025q4_official_stores_sales__2026_09_poi_diagnostic_only
3110529,홍제3동주민센터,골목상권,0.3832335329341317,0.1134140965881941,1.0,3.0,80.53435114503816,84.0966921119593,29.00763358778626,40.90330788804072,49.055595519473854,9.223918575063614,55.94979594867849,1,1,186,6.0,4.0,3.0,10.0,True,,accessible_official_786,named_subarea_candidate,3673840447.0,True,20125443.0,8736696.0,4733502.0,0.03225806451612903,0.005478039476764463,0.6693118755199575,31.836313617606603,30.285643079269477,True,103327903.0,27191441.0,24462463.0,0.021505376344086023,0.02812531041852292,0.49990276101896697,63.810634328358205,58.22007560879811,38.66597283812807,41.42860983083208,complete,both_cafe_industries_sales_observed,191.0,,,incomplete_stay_evidence,55.94979594867849,2025q4_official_stores_sales__2026_09_poi_diagnostic_only
3110527,홍제역 2번,골목상권,0.3832335329341317,0.1059939136041925,1.0,1.0,81.29770992366412,64.8854961832061,18.575063613231556,40.90330788804072,13.307984790874526,9.223918575063614,44.58271655105022,0,4,130,4.0,0.0,1.0,4.0,True,,accessible_official_786,named_subarea_candidate,1810924567.0,True,7600525.0,5028209.0,1722574.0,0.03076923076923077,0.004197041190175648,0.8881995651616171,20.77716643741403,23.270991170869404,False,,,,0.0,,,0.0,,,14.544016506189822,insufficient,partial_or_unusable_sales,,,,incomplete_stay_evidence,44.58271655105022,2025q4_official_stores_sales__2026_09_poi_diagnostic_only
3110521,홍제역 4번,골목상권,0.3832335329341317,0.0304051675329361,0.0,0.0,37.02290076335878,27.417302798982192,78.62595419847328,40.90330788804072,0.0,9.223918575063614,32.026081424936386,0,0,75,5.0,3.0,0.0,8.0,True,,accessible_official_786,named_subarea_candidate,1737313630.0,True,35176113.0,16488849.0,9927089.0,0.06666666666666667,0.02024741669700709,0.7509623931444614,80.30261348005502,68.98728894920293,False,,,,0.04,,,95.9141791044776,,,84.98608316738179,insufficient,partial_or_unusable_sales,,,,incomplete_stay_evidence,32.026081424936386,2025q4_official_stores_sales__2026_09_poi_diagnostic_only
3110522,홍제역 3번,골목상권,0.3832335329341317,0.0373919510902827,0.0,0.0,37.02290076335878,27.417302798982192,29.38931297709924,40.90330788804072,15.627376425855514,9.223918575063614,27.766060526901384,0,2,42,2.0,0.0,0.0,2.0,True,,accessible_official_786,named_subarea_candidate,87509144.0,True,5035435.0,2207970.0,1968447.0,0.047619047619047616,0.05754181528732586,0.8294054039025427,40.33700137551581,41.2168994725481,False,,,,0.0,,,0.0,,,28.235900962861066,insufficient,partial_or_unusable_sales,,,,incomplete_stay_evidence,27.766060526901384,2025q4_official_stores_sales__2026_09_poi_diagnostic_only
3130080,자양종합시장(기능상실),전통시장,0.3832335329341317,0.0061554842672193,0.0,0.0,37.02290076335878,27.417302798982192,3.816793893129771,40.90330788804072,99.84790874524715,9.223918575063614,40.77428912818429,1,2,7,0.0,0.0,0.0,0.0,True,,accessible_official_786,named_subarea_candidate,,False,,,,0.0,,,0.0,,False,,,,0.0,,,0.0,,,0.0,supply_only,no_cafe_sales_rows,,185.0,,incomplete_stay_evidence,40.77428912818429,2025q4_official_stores_sales__2026_09_poi_diagnostic_only
3110134,성수119안전센터,골목상권,0.3772455089820359,0.2226564474090304,0.0,1.0,37.02290076335878,56.234096692111954,47.20101781170484,40.90330788804072,0.9125475285171104,8.651399491094146,31.76011764819706,0,1,303,18.0,5.0,1.0,23.0,True,,accessible_official_786,named_subarea_candidate,5320822386.0,True,130646179.0,33320727.0,64176960.0,0.0594059405940594,0.02455375682972478,0.7462727784790399,56.38927097661623,56.693304388052624,False,,,,0.0165016501650165,,,46.38059701492537,,,53.38666878810897,insufficient,partial_or_unusable_sales,,,,incomplete_stay_evidence,31.76011764819706,2025q4_official_stores_sales__2026_09_poi_diagnostic_only
3110578,대흥역 2번,골목상권,0.374251497005988,0.1118669050006477,1.0,3.0,80.6615776081425,84.35114503816794,78.11704834605598,40.90330788804072,49.89038468125921,8.460559796437659,63.48316599477602,1,1,273,18.0,10.0,3.0,28.0,True,,accessible_official_786,named_subarea_candidate,9230330387.0,True,266100508.0,97037111.0,78974864.0,0.06593406593406594,0.028828925601057143,0.6614492257940372,79.68019257221458,74.09848949503605,True,384589869.0,103059800.0,90092730.0,0.03663003663003663,0.04166588332977295,0.502229896232654,93.64738805970148,85.02685585231735,77.37699940222043,83.87035121846066,complete,both_cafe_industries_sales_observed,31.0,,,incomplete_stay_evidence,63.48316599477602,2025q4_official_stores_sales__2026_09_poi_diagnostic_only
3110399,창2동주민센터,골목상권,0.374251497005988,0.1610824924970104,1.0,1.0,77.735368956743,58.65139949109415,22.519083969465647,40.90330788804072,29.259068954886448,8.460559796437659,46.284383765532,1,2,234,7.0,5.0,1.0,12.0,True,,accessible_official_786,named_subarea_candidate,4940804122.0,True,57039117.0,18944458.0,14643849.0,0.029914529914529916,0.011544500771852295,0.5888644278977881,22.730398899587342,25.02516397884179,True,103981591.0,26515492.0,23443463.0,0.021367521367521368,0.021045479325318618,0.4804596132790467,58.86194029850746,53.966516103692065,33.70756961629687,33.569861319263374,complete,both_cafe_industries_sales_observed,199.0,,,incomplete_stay_evidence,46.284383765532,2025q4_official_stores_sales__2026_09_poi_diagnostic_only
3110280,북정마을,골목상권,0.3712574850299401,0.1509642061475971,0.0,0.0,37.02290076335878,27.417302798982192,13.358778625954198,40.90330788804072,2.0152091254752853,8.269720101781171,22.543627066825334,0,1,22,4.0,1.0,0.0,5.0,True,,accessible_official_786,named_subarea_candidate,48658361.0,True,48658361.0,21272794.0,19468508.0,0.18181818181818182,1.0,0.8372929371788745,38.87207702888583,45.77559301609688,False,,,,0.045454545454545456,,,36.71641791044776,,,38.22537929335441,insufficient,partial_or_unusable_sales,,,,incomplete_stay_evidence,22.543627066825334,2025q4_official_stores_sales__2026_09_poi_diagnostic_only
3111014,송파나루역 2번,골목상권,0.3622754491017964,0.072657857043091,0.0,0.0,37.02290076335878,27.417302798982192,20.737913486005088,40.90330788804072,0.0,8.078880407124682,23.228371501272264,0,0,139,3.0,3.0,0.0,6.0,True,,accessible_official_786,named_subarea_candidate,7713213364.0,True,45251868.0,13761982.0,5886520.0,0.02158273381294964,0.0058667984229769585,0.43420311400183526,16.447730398899587,16.613957727317143,False,,,,0.02158273381294964,,,69.5195895522388,,,32.36928814490135,insufficient,partial_or_unusable_sales,,,,incomplete_stay_evidence,23.228371501272264,2025q4_official_stores_sales__2026_09_poi_diagnostic_only
3111066,암사동성당(효정하나플러스아파트),골목상권,0.3622754491017964,0.1064792120559996,0.0,0.0,37.02290076335878,27.417302798982192,39.05852417302799,40.90330788804072,0.0,8.078880407124682,25.976463104325692,0,0,187,7.0,0.0,0.0,7.0,True,,accessible_official_786,named_subarea_candidate,1896491107.0,True,76979537.0,27078766.0,18814285.0,0.0374331550802139,0.0405905077623968,0.5961720840176007,41.07290233837689,41.90175195479725,False,,,,0.0,,,0.0,,,28.75103163686382,insufficient,partial_or_unusable_sales,,,,incomplete_stay_evidence,25.976463104325692,2025q4_official_stores_sales__2026_09_poi_diagnostic_only
3130313,방이시장,전통시장,0.3592814371257485,0.1435333303719193,0.0,1.0,37.02290076335878,60.43256997455471,41.98473282442748,40.90330788804072,0.0,7.697201017811704,31.32951653944021,0,0,418,10.0,3.0,1.0,13.0,True,,accessible_official_786,named_subarea_candidate,18309890927.0,True,687917330.0,198687569.0,167711727.0,0.023923444976076555,0.03757080436703139,0.532621115970432,34.422283356258596,41.89318901008643,True,414769811.0,84230570.0,89321338.0,0.007177033492822967,0.02265277344652966,0.4184294599010727,28.26026119402985,35.933498625294575,40.10528189464887,32.573676707589975,complete,both_cafe_industries_sales_observed,184.0,,,incomplete_stay_evidence,31.32951653944021,2025q4_official_stores_sales__2026_09_poi_diagnostic_only
3110577,용강동주민센터,골목상권,0.3592814371257485,0.0260208773423419,0.0,0.0,37.02290076335878,27.417302798982192,76.46310432569975,40.90330788804072,75.67567567567568,7.697201017811704,46.6841173234303,1,0,123,4.0,2.0,0.0,6.0,True,,accessible_official_786,named_subarea_candidate,7546101669.0,True,110388197.0,41811007.0,23365148.0,0.032520325203252036,0.014628506458305976,0.5904268460875396,64.54951856946354,56.68496106121762,False,,,,0.016260162601626018,,,81.88432835820896,,,69.74996150608716,insufficient,partial_or_unusable_sales,,,,incomplete_stay_evidence,46.6841173234303,2025q4_official_stores_sales__2026_09_poi_diagnostic_only
3111019,한성백제역 3번,골목상권,0.3592814371257485,0.1826565738512957,0.0,0.0,37.02290076335878,27.417302798982192,30.27989821882952,40.90330788804072,0.0,7.697201017811704,24.62150127226463,0,0,315,10.0,6.0,0.0,16.0,True,,accessible_official_786,named_subarea_candidate,2649754822.0,True,213336658.0,86239923.0,62733592.0,0.031746031746031744,0.08051184820147862,0.6983024689549604,32.238651994497936,43.20915773743022,False,,,,0.01904761904761905,,,58.66604477611939,,,40.166869828984375,insufficient,partial_or_unusable_sales,,,,incomplete_stay_evidence,24.62150127226463,2025q4_official_stores_sales__2026_09_poi_diagnostic_only
3110962,도산공원북측,골목상권,0.3592814371257485,0.0100363624216496,0.0,0.0,37.02290076335878,27.417302798982192,99.87277353689568,40.90330788804072,0.0,7.697201017811704,35.06043256997455,0,0,43,8.0,1.0,0.0,9.0,True,,accessible_official_786,named_subarea_candidate,1321891435.0,False,,,,0.18604651162790697,,,98.64855570839065,,False,,,,0.023255813953488372,,,78.19496268656717,,,92.5124778018436,supply_only,no_cafe_sales_rows,,1.0,,incomplete_stay_evidence,35.06043256997455,2025q4_official_stores_sales__2026_09_poi_diagnostic_only
3111004,삼전역 1번,골목상권,0.3562874251497006,0.2453723283299328,1.0,5.0,75.69974554707379,80.78880407124683,45.92875318066158,84.22391857506362,0.7224334600760456,7.315521628498728,51.01598796427984,0,1,627,19.0,5.0,5.0,24.0,True,,accessible_official_786,named_subarea_candidate,26171167989.0,True,198937835.0,58883759.0,52239319.0,0.030303030303030304,0.007601412175551948,0.5585819208296904,41.65405777166437,41.0930863418044,True,1085356622.0,318416835.0,274353491.0,0.007974481658692184,0.04147146288832757,0.5461525861496979,29.645522388059703,45.751865671641795,42.49072014075561,38.05149715658297,complete,both_cafe_industries_sales_observed,167.0,,,incomplete_stay_evidence,51.01598796427984,2025q4_official_stores_sales__2026_09_poi_diagnostic_only
3110381,번동주공2단지,골목상권,0.3562874251497006,0.0504454968279538,0.0,0.0,37.02290076335878,27.417302798982192,33.842239185750635,40.90330788804072,8.250950570342205,7.315521628498728,26.76787459243994,0,1,50,3.0,0.0,0.0,3.0,True,,accessible_official_786,named_subarea_candidate,931732321.0,False,,,,0.06,,,47.64099037138928,,False,,,,0.0,,,0.0,,,33.34869325997249,supply_only,no_cafe_sales_rows,,75.0,,incomplete_stay_evidence,26.76787459243994,2025q4_official_stores_sales__2026_09_poi_diagnostic_only
3130194,용강동 상점가,전통시장,0.3473053892215569,0.0541575342795334,0.0,1.0,37.02290076335878,79.26208651399492,69.3384223918575,40.90330788804072,7.79467680608365,7.124681933842239,39.75868090829053,0,1,167,7.0,0.0,1.0,7.0,True,,accessible_official_786,named_subarea_candidate,12676678911.0,True,152029223.0,80842287.0,9538414.0,0.041916167664670656,0.011992827464303675,0.5944955793137218,64.58046767537827,57.675080477583464,False,,,,0.0,,,0.0,,,45.20632737276479,insufficient,partial_or_unusable_sales,,,,incomplete_stay_evidence,39.75868090829053,2025q4_official_stores_sales__2026_09_poi_diagnostic_only
3120094,"신촌역(신촌역, 신촌로터리)",발달상권,0.344311377245509,0.3435744377341374,5.0,20.0,86.51399491094148,94.0203562340967,94.14758269720102,96.69211195928752,48.22080635768849,6.806615776081425,74.17342335805169,3,3,2031,105.0,14.0,20.0,119.0,True,,accessible_official_786,named_subarea_candidate,96431102614.0,True,4863026857.0,1036383366.0,1262177190.0,0.051698670605613,0.05043006587268846,0.4726604692078508,85.36451169188446,79.96524263538717,True,558821007.0,124958980.0,119096805.0,0.006893156080748399,0.005795028697710541,0.43673337605935775,48.80597014925373,49.65760015710919,70.87294989190377,74.39694922909523,complete,both_cafe_industries_sales_observed,54.0,,,incomplete_stay_evidence,74.17342335805169,2025q4_official_stores_sales__2026_09_poi_diagnostic_only
3110569,홍대땡땡거리,골목상권,0.344311377245509,0.0848707688424441,0.0,3.0,37.02290076335878,88.04071246819338,96.5648854961832,40.90330788804072,9.73384030418251,6.806615776081425,45.51547035091284,0,2,387,31.0,4.0,3.0,35.0,True,,accessible_official_786,named_subarea_candidate,7961849251.0,True,1013336508.0,280494690.0,387886359.0,0.08010335917312661,0.1272740133672747,0.6595844951043647,94.1678129298487,89.93974922973163,True,308381087.0,75388072.0,66589186.0,0.0103359173126615,0.03873234436852314,0.46039547814422227,59.132462686567166,59.12298703849174,80.69472057235967,83.65720785686423,complete,both_cafe_industries_sales_observed,22.0,,,incomplete_stay_evidence,45.51547035091284,2025q4_official_stores_sales__2026_09_poi_diagnostic_only
3130175,신촌 상인회(신촌상점가),전통시장,0.344311377245509,0.0061427347636718,0.0,0.0,37.02290076335878,27.417302798982192,95.29262086513997,100.0,20.0,6.806615776081425,44.1940203562341,0,4,42,2.0,0.0,0.0,2.0,True,,accessible_official_786,named_subarea_candidate,3149655888.0,True,238382414.0,43597087.0,65384432.0,0.047619047619047616,0.07568522482351887,0.4571709681570722,59.917469050894084,57.55665953284394,False,,,,0.0,,,0.0,,,41.942228335625856,insufficient,partial_or_unusable_sales,,,,incomplete_stay_evidence,44.1940203562341,2025q4_official_stores_sales__2026_09_poi_diagnostic_only
3110573,신촌역 6번,골목상권,0.344311377245509,0.0093596843977279,1.0,2.0,99.61832061068702,99.74554707379136,61.832061068702295,40.90330788804072,19.809885931558934,6.806615776081425,62.85510695730415,0,3,33,1.0,1.0,2.0,2.0,True,,accessible_official_786,named_subarea_candidate,217254182.0,False,,,,0.030303030303030304,,,27.79573590096286,,False,,,,0.030303030303030304,,,81.0027985074627,,,43.75785468291281,supply_only,no_cafe_sales_rows,,47.0,,incomplete_stay_evidence,62.85510695730415,2025q4_official_stores_sales__2026_09_poi_diagnostic_only
3001496,강남 마이스 관광특구,관광특구,0.3413173652694611,0.2377100963824016,0.0,1.0,37.02290076335878,55.97964376590331,59.03307888040712,96.43765903307887,0.7604562737642586,6.361323155216285,38.79076809953656,0,1,1017,24.0,20.0,1.0,44.0,False,broad_tourism_zone;prefer_named_subarea,accessible_official_786,broad_zone_reference_only,111343238220.0,True,7689464020.0,2865041617.0,2228761689.0,0.02359882005899705,0.06906089802064677,0.6624393186249671,47.01513067400275,58.473979449944,True,2588780799.0,879744685.0,677496823.0,0.01966568338249754,0.023250453645733745,0.6015347103167386,86.18470149253731,86.31613315003926,66.82662555997257,58.76600191956312,complete,both_cafe_industries_sales_observed,69.0,,,incomplete_stay_evidence,38.79076809953656,2025q4_official_stores_sales__2026_09_poi_diagnostic_only
3120218,코엑스,발달상권,0.3413173652694611,0.1452850502706948,0.0,1.0,37.02290076335878,60.17811704834606,56.10687022900763,94.78371501272264,2.20532319391635,6.361323155216285,39.10518677618784,0,1,387,14.0,6.0,1.0,20.0,True,,accessible_official_786,named_subarea_candidate,28032998790.0,True,1838561341.0,643862533.0,517522125.0,0.03617571059431524,0.06558561054323793,0.6316812129685696,51.71251719394773,59.61982512567896,True,886036482.0,275277406.0,255615317.0,0.015503875968992248,0.03160691043571368,0.5991770472042481,64.1884328358209,69.50427140612726,62.58515900981344,55.455291886509684,complete,both_cafe_industries_sales_observed,87.0,,,incomplete_stay_evidence,39.10518677618784,2025q4_official_stores_sales__2026_09_poi_diagnostic_only
3110583,공덕래미안3차아파트,골목상권,0.3413173652694611,0.0079664508870829,0.0,2.0,37.02290076335878,99.87277353689568,67.93893129770993,40.90330788804072,19.885931558935365,6.361323155216285,44.98227537031125,0,3,70,1.0,1.0,2.0,2.0,True,,accessible_official_786,named_subarea_candidate,1191965833.0,False,,,,0.014285714285714285,,,18.74484181568088,,False,,,,0.014285714285714285,,,70.09794776119404,,,34.150773599334826,supply_only,no_cafe_sales_rows,,72.0,,incomplete_stay_evidence,44.98227537031125,2025q4_official_stores_sales__2026_09_poi_diagnostic_only
3110579,마포역 4번,골목상권,0.3383233532934132,0.0550052663555293,0.0,0.0,37.02290076335878,27.417302798982192,30.025445292620866,40.90330788804072,0.0,6.043256997455471,24.41793893129771,0,0,82,3.0,0.0,0.0,3.0,True,,accessible_official_786,named_subarea_candidate,847142246.0,True,31148532.0,15979974.0,5569741.0,0.036585365853658534,0.03676895131493655,0.6918372589758002,35.013755158184324,37.528779132338556,False,,,,0.0,,,0.0,,,24.509628610729024,insufficient,partial_or_unusable_sales,,,,incomplete_stay_evidence,24.41793893129771,2025q4_official_stores_sales__2026_09_poi_diagnostic_only
3130062,보광시장,전통시장,0.3383233532934132,0.0104978108924284,0.0,0.0,37.02290076335878,27.417302798982192,55.72519083969466,40.90330788804072,17.9467680608365,6.043256997455471,31.86225437552608,0,1,17,1.0,1.0,0.0,2.0,True,,accessible_official_786,named_subarea_candidate,,False,,,,0.058823529411764705,,,41.396148555708386,,False,,,,0.058823529411764705,,,83.58208955223881,,,54.05193085466751,supply_only,no_cafe_sales_rows,,19.0,,incomplete_stay_evidence,31.86225437552608,2025q4_official_stores_sales__2026_09_poi_diagnostic_only
3120187,신논현역,발달상권,0.3353293413173652,0.3821027846256797,2.0,8.0,76.97201017811705,81.1704834605598,88.80407124681933,91.6030534351145,0.0,5.661577608142494,58.31424936386769,0,0,2169,87.0,11.0,8.0,98.0,True,,accessible_official_786,named_subarea_candidate,129079516303.0,True,5291518006.0,1471410023.0,1273132189.0,0.040110650069156296,0.0409942503470399,0.5186682174922188,76.34800550206327,73.89986316590031,True,115148328.0,26238917.0,26617567.0,0.005071461502996773,0.0008920728191272575,0.45902953970812327,33.72201492537314,31.302778868813828,61.12073787677436,63.56020832905623,complete,both_cafe_industries_sales_observed,93.0,,,incomplete_stay_evidence,58.31424936386769,2025q4_official_stores_sales__2026_09_poi_diagnostic_only
3120047,한남오거리,발달상권,0.3353293413173652,0.156092487095066,1.0,2.0,78.11704834605598,70.73791348600508,69.21119592875317,40.90330788804072,26.666666666666664,5.661577608142494,54.41730279898219,1,0,613,20.0,5.0,2.0,25.0,True,,accessible_official_786,named_subarea_candidate,39683180124.0,True,605379786.0,183332155.0,111233132.0,0.03262642740619902,0.01525532439961565,0.4865793239419461,59.43603851444291,56.319981058470695,True,409687397.0,119159020.0,95175464.0,0.008156606851549755,0.01032395578478916,0.5231659200880909,42.38805970149254,47.30322073841319,53.614952962453444,54.3216448705578,complete,both_cafe_industries_sales_observed,126.0,,,incomplete_stay_evidence,54.41730279898219,2025q4_official_stores_sales__2026_09_poi_diagnostic_only
3110361,삼양사거리역 1번,골목상권,0.3353293413173652,0.0747952100885668,0.0,0.0,37.02290076335878,27.417302798982192,13.486005089058525,40.90330788804072,5.931558935361217,5.661577608142494,23.085166748904303,0,1,73,2.0,2.0,0.0,4.0,True,,accessible_official_786,named_subarea_candidate,550428790.0,False,,,,0.0273972602739726,,,14.81774415405777,,False,,,,0.0273972602739726,,,57.73787313432835,,,27.693782848138945,supply_only,no_cafe_sales_rows,,92.0,,incomplete_stay_evidence,23.085166748904303,2025q4_official_stores_sales__2026_09_poi_diagnostic_only
3110574,서강대학교,골목상권,0.3353293413173652,0.0162918047834564,1.0,3.0,98.47328244274809,99.61832061068702,3.816793893129771,40.90330788804072,0.0,5.661577608142494,49.71374045801527,0,0,47,0.0,1.0,3.0,1.0,True,,accessible_official_786,named_subarea_candidate,,False,,,,0.0,,,0.0,,False,,,,0.02127659574468085,,,76.52985074626866,,,22.958955223880597,supply_only,no_cafe_sales_rows,,109.0,,incomplete_stay_evidence,49.71374045801527,2025q4_official_stores_sales__2026_09_poi_diagnostic_only
3110058,성심여자고등학교,골목상권,0.3323353293413174,0.1355194930696753,0.0,2.0,37.02290076335878,74.30025445292621,23.282442748091604,40.90330788804072,36.34535676360772,5.343511450381679,37.63802809572409,1,1,247,6.0,3.0,2.0,9.0,True,,accessible_official_786,named_subarea_candidate,12949740546.0,True,223406450.0,95252111.0,49465822.0,0.024291497975708502,0.017251808961455003,0.647778669774306,19.415405777166438,29.757997158770603,False,,,,0.012145748987854251,,,39.02985074626865,,,25.299739267897102,insufficient,partial_or_unusable_sales,,,,incomplete_stay_evidence,37.63802809572409,2025q4_official_stores_sales__2026_09_poi_diagnostic_only
3111021,방이역 4번,골목상권,0.3293413173652694,0.324026928449671,2.0,9.0,77.60814249363868,85.1145038167939,49.23664122137404,82.69720101781171,0.0,4.89821882951654,52.19465648854962,0,0,647,27.0,8.0,9.0,35.0,True,,accessible_official_786,named_subarea_candidate,30150284710.0,True,284210326.0,112020798.0,85768015.0,0.04173106646058733,0.009426455794154921,0.6959240917939061,50.40577716643741,52.216955094499234,True,429654363.0,116849367.0,91789300.0,0.012364760432766615,0.014250424735043904,0.4855965282028336,41.492537313432834,47.03819717203456,50.66332771775983,47.73180521053604,complete,both_cafe_industries_sales_observed,138.0,,,incomplete_stay_evidence,52.19465648854962,2025q4_official_stores_sales__2026_09_poi_diagnostic_only
3111032,방이역 1번,골목상권,0.3293413173652694,0.0778521031918219,1.0,6.0,84.86005089058524,97.07379134860052,13.231552162849871,40.90330788804072,0.0,4.89821882951654,46.583969465648856,0,0,206,2.0,5.0,6.0,7.0,True,,accessible_official_786,named_subarea_candidate,17792741048.0,True,25574361.0,9574162.0,4027485.0,0.009708737864077669,0.0014373480134964756,0.53184699316632,5.6121045392022015,7.748766272324799,True,1100029.0,792687.0,244007.0,0.024271844660194174,6.182459448110999e-05,0.9424242451789907,84.9160447761194,67.03991555380989,25.536111056770324,29.403286610277362,complete,both_cafe_industries_sales_observed,217.0,,,incomplete_stay_evidence,46.583969465648856,2025q4_official_stores_sales__2026_09_poi_diagnostic_only
3120238,방이역,발달상권,0.3293413173652694,0.0455745238778518,4.0,7.0,99.49109414758269,99.36386768447836,85.1145038167939,98.09160305343512,0.0,4.89821882951654,67.81806615776081,0,0,291,9.0,0.0,7.0,9.0,True,,accessible_official_786,named_subarea_candidate,14636845803.0,True,1628592950.0,505036601.0,421716425.0,0.030927835051546393,0.11126666031189589,0.569051355650287,69.11279229711141,70.37840815989055,False,,,,0.0,,,0.0,,,48.37895460797799,insufficient,partial_or_unusable_sales,,,,incomplete_stay_evidence,67.81806615776081,2025q4_official_stores_sales__2026_09_poi_diagnostic_only
3111020,방이동고분군(방산고등학교),골목상권,0.3293413173652694,0.0289746487912472,1.0,2.0,95.41984732824427,96.43765903307887,96.81933842239184,99.10941475826972,0.0,4.89821882951654,68.01526717557253,0,0,150,11.0,2.0,2.0,13.0,True,,accessible_official_786,named_subarea_candidate,7947127065.0,True,132384248.0,45367015.0,36591110.0,0.07333333333333333,0.016658126504990014,0.6190927261980594,93.33562585969739,78.82790879229984,False,,,,0.013333333333333334,,,74.81809701492537,,,87.78036720626578,insufficient,partial_or_unusable_sales,,,,incomplete_stay_evidence,68.01526717557253,2025q4_official_stores_sales__2026_09_poi_diagnostic_only
3111030,방이역 2번,골목상권,0.3293413173652694,0.0508718679465197,1.0,5.0,90.0763358778626,97.9643765903308,89.44020356234097,40.90330788804072,0.0,4.89821882951654,59.71374045801527,0,0,176,12.0,3.0,5.0,15.0,True,,accessible_official_786,named_subarea_candidate,3283488439.0,True,131968491.0,60504217.0,37342532.0,0.06818181818181818,0.040191550374452226,0.7414402351543142,87.24896836313617,79.56315018405125,True,155398172.0,39175736.0,37343946.0,0.017045454545454544,0.04732715673801098,0.4924104383930591,77.52798507462687,70.42090534171248,76.82047673134961,84.33267337658337,complete,both_cafe_industries_sales_observed,35.0,,,incomplete_stay_evidence,59.71374045801527,2025q4_official_stores_sales__2026_09_poi_diagnostic_only
3110571,신수동주민센터,골목상권,0.3293413173652694,0.075494087802896,0.0,1.0,37.02290076335878,71.88295165394402,61.57760814249363,40.90330788804072,5.855513307984792,4.89821882951654,36.87720953182597,0,1,110,8.0,0.0,1.0,8.0,True,,accessible_official_786,named_subarea_candidate,626887773.0,True,31753716.0,11985491.0,10097755.0,0.07272727272727272,0.050652951561076305,0.6954539115988818,70.57083906464925,63.18247358469809,False,,,,0.0,,,0.0,,,49.399587345254474,insufficient,partial_or_unusable_sales,,,,incomplete_stay_evidence,36.87720953182597,2025q4_official_stores_sales__2026_09_poi_diagnostic_only
3120222,삼성역,발달상권,0.3233532934131736,0.3560643567445971,0.0,2.0,37.02290076335878,57.88804071246819,74.04580152671755,97.32824427480917,1.4828897338403042,4.3893129770992365,41.3652802368444,0,2,1397,51.0,19.0,2.0,70.0,True,,accessible_official_786,named_subarea_candidate,121106253132.0,True,9616432745.0,4117640036.0,2285996396.0,0.03650680028632784,0.07940492333222918,0.6659056015682664,64.73865199449793,71.34432912342126,True,2161456353.0,804160028.0,502872951.0,0.013600572655690766,0.017847603217020648,0.6047001491313482,71.43656716417911,75.56480754124115,72.61047264876723,66.74802654540227,complete,both_cafe_industries_sales_observed,48.0,,,incomplete_stay_evidence,41.3652802368444,2025q4_official_stores_sales__2026_09_poi_diagnostic_only
3120215,포스코사거리,발달상권,0.3233532934131736,0.3183828525232976,0.0,5.0,37.02290076335878,75.82697201017811,88.93129770992367,83.07888040712467,0.4182509505703422,4.3893129770992365,44.65108021555936,0,1,2108,73.0,2.0,5.0,75.0,True,,accessible_official_786,named_subarea_candidate,101110756722.0,True,7637723748.0,3267298499.0,1760443499.0,0.03462998102466793,0.07553819193540028,0.6582775397338186,73.88583218707015,77.20135426467985,True,35961149.0,6621974.0,8325000.0,0.0009487666034155598,0.0003556609619575269,0.4156422810628214,1.828358208955224,5.029850746268656,55.54990320915649,52.268589993635665,complete,both_cafe_industries_sales_observed,118.0,,,incomplete_stay_evidence,44.65108021555936,2025q4_official_stores_sales__2026_09_poi_diagnostic_only
3120223,휘문고교사거리,발달상권,0.3203592814371258,0.1334675750184676,0.0,0.0,37.02290076335878,27.417302798982192,48.473282442748086,40.90330788804072,6.730038022813687,4.198473282442748,28.346643736878253,0,2,161,11.0,0.0,0.0,11.0,True,,accessible_official_786,named_subarea_candidate,56523524039.0,True,280892294.0,120947098.0,65694900.0,0.06832298136645963,0.004969475962011683,0.6644610834357741,59.44979367262724,57.155690146099865,False,,,,0.0,,,0.0,,,41.61485557083906,insufficient,partial_or_unusable_sales,,,,incomplete_stay_evidence,28.346643736878253,2025q4_official_stores_sales__2026_09_poi_diagnostic_only
3110295,정릉우체국,골목상권,0.3143712574850299,0.1529854758988045,0.0,3.0,37.02290076335878,80.02544529262087,8.9058524173028,40.90330788804072,12.205323193916351,4.007633587786259,31.37872367186215,0,5,152,2.0,2.0,3.0,4.0,True,,accessible_official_786,named_subarea_candidate,5743737695.0,True,174482542.0,41016046.0,37153257.0,0.013157894736842105,0.03037787435033626,0.4480064429597776,4.088720770288858,15.571915766226542,False,,,,0.013157894736842105,,,26.73507462686567,,,10.882626927261901,insufficient,partial_or_unusable_sales,,,,incomplete_stay_evidence,31.37872367186215,2025q4_official_stores_sales__2026_09_poi_diagnostic_only
3110298,솔숲어린이공원,골목상권,0.3143712574850299,0.0378729021594853,0.0,3.0,37.02290076335878,97.45547073791349,28.75318066157761,40.90330788804072,91.98575000856373,4.007633587786259,52.92641208822673,2,2,39,2.0,0.0,3.0,2.0,True,,accessible_official_786,named_subarea_candidate,47320973.0,False,,,,0.05128205128205128,,,41.189821182943604,,False,,,,0.0,,,0.0,,,28.832874828060522,supply_only,no_cafe_sales_rows,,89.0,,incomplete_stay_evidence,52.92641208822673,2025q4_official_stores_sales__2026_09_poi_diagnostic_only
3130073,뚝도시장,전통시장,0.311377245508982,0.0214394991102216,0.0,0.0,37.02290076335878,27.417302798982192,93.25699745547074,40.90330788804072,14.752851711026617,3.753180661577608,36.62423446434273,0,1,199,6.0,1.0,0.0,7.0,True,,accessible_official_786,named_subarea_candidate,11599250468.0,False,,,,0.03015075376884422,,,73.66574965612105,,False,,,,0.005025125628140704,,,49.38899253731344,,,66.38272252047877,supply_only,no_cafe_sales_rows,,8.0,,incomplete_stay_evidence,36.62423446434273,2025q4_official_stores_sales__2026_09_poi_diagnostic_only
3110525,홍은종합사회복지관,골목상권,0.311377245508982,0.0354930147017823,2.0,0.0,98.21882951653944,27.417302798982192,79.89821882951654,40.90330788804072,83.7053403213099,3.753180661577608,66.76969401846046,1,1,93,6.0,1.0,0.0,7.0,True,,accessible_official_786,named_subarea_candidate,1133500228.0,True,94434353.0,30272724.0,25640849.0,0.06451612903225806,0.08331216056888169,0.5920893321522518,80.41609353507565,71.21436532552165,False,,,,0.010752688172043012,,,42.92910447761194,,,69.16999681783653,insufficient,partial_or_unusable_sales,,,,incomplete_stay_evidence,66.76969401846046,2025q4_official_stores_sales__2026_09_poi_diagnostic_only
3111076,둔촌2동주민센터,골목상권,0.3053892215568862,0.0600213387916273,2.0,4.0,94.91094147582696,95.92875318066156,65.52162849872774,40.90330788804072,0.0,3.498727735368957,57.13104325699746,0,0,138,7.0,1.0,4.0,8.0,True,,accessible_official_786,named_subarea_candidate,1935250139.0,True,270561499.0,92277768.0,68057876.0,0.050724637681159424,0.13980699112095504,0.5926033252794775,66.16918844566712,65.34612689458,False,,,,0.007246376811594203,,,22.52332089552239,,,53.075428180623696,insufficient,partial_or_unusable_sales,,,,incomplete_stay_evidence,57.13104325699746,2025q4_official_stores_sales__2026_09_poi_diagnostic_only
3130136,수유재래시장,전통시장,0.3053892215568862,0.0109521894823413,0.0,0.0,37.02290076335878,27.417302798982192,3.816793893129771,40.90330788804072,17.832699619771866,3.498727735368957,23.798728219119766,0,1,29,0.0,1.0,0.0,1.0,True,,accessible_official_786,named_subarea_candidate,12000000.0,False,,,,0.0,,,0.0,,False,,,,0.034482758620689655,,,81.94962686567165,,,24.584888059701495,supply_only,no_cafe_sales_rows,,106.0,,incomplete_stay_evidence,23.798728219119766,2025q4_official_stores_sales__2026_09_poi_diagnostic_only
3110951,신사은행나무공원,골목상권,0.2994011976047904,0.028978293542992,0.0,0.0,37.02290076335878,27.417302798982192,90.5852417302799,40.90330788804072,12.58555133079848,3.307888040712468,35.74548176743196,0,1,96,7.0,3.0,0.0,10.0,True,,accessible_official_786,named_subarea_candidate,494231655.0,True,18000000.0,12719114.0,2915993.0,0.07291666666666667,0.03642016819015771,0.8686170555555556,89.21595598349381,76.05978816509743,False,,,,0.03125,,,95.48973880597015,,,91.09809083023671,insufficient,partial_or_unusable_sales,,,,incomplete_stay_evidence,35.74548176743196,2025q4_official_stores_sales__2026_09_poi_diagnostic_only
3130058,이촌종합시장,전통시장,0.2964071856287425,0.0074801999242283,0.0,1.0,37.02290076335878,98.72773536895674,97.45547073791349,40.90330788804072,18.707224334600763,3.11704834605598,48.677831635368,0,1,107,3.0,1.0,1.0,4.0,True,,accessible_official_786,named_subarea_candidate,4631137937.0,True,22510503.0,11328284.0,6984841.0,0.028037383177570093,0.00486068506406485,0.8135369076381812,60.55020632737277,52.43415088718379,False,,,,0.009345794392523364,,,61.315298507462686,,,60.779733981399744,insufficient,partial_or_unusable_sales,,,,incomplete_stay_evidence,48.677831635368,2025q4_official_stores_sales__2026_09_poi_diagnostic_only
3110071,한강미주맨션아파트,골목상권,0.2964071856287425,0.0277624447436743,0.0,0.0,37.02290076335878,27.417302798982192,62.46819338422392,40.90330788804072,13.00380228136882,3.11704834605598,31.592490736171985,0,1,61,3.0,2.0,0.0,5.0,True,,accessible_official_786,named_subarea_candidate,1049809959.0,False,,,,0.04918032786885246,,,63.79642365887207,,False,,,,0.03278688524590164,,,90.16324626865674,,,71.70647044180747,supply_only,no_cafe_sales_rows,,4.0,,incomplete_stay_evidence,31.592490736171985,2025q4_official_stores_sales__2026_09_poi_diagnostic_only
3120249,고덕역,발달상권,0.2934131736526946,0.0923344585743433,2.0,4.0,91.85750636132316,90.83969465648856,73.02798982188295,92.23918575063614,0.0,2.735368956743003,61.63486005089059,0,0,572,13.0,5.0,4.0,18.0,True,,accessible_official_786,named_subarea_candidate,74885657119.0,True,1687057557.0,562195254.0,435732116.0,0.022727272727272728,0.022528446993782997,0.59151945697369,55.47111416781293,58.32103674807014,True,2322527279.0,650686779.0,604775079.0,0.008741258741258742,0.031014313933431827,0.5405584982151678,63.61007462686568,69.82310487038492,61.77165718476457,57.91280230552875,complete,both_cafe_industries_sales_observed,90.0,,,incomplete_stay_evidence,61.63486005089059,2025q4_official_stores_sales__2026_09_poi_diagnostic_only
3111013,송파나루역 1번(송리단길),골목상권,0.2934131736526946,0.1913747685030363,0.0,1.0,37.02290076335878,57.3791348600509,96.94656488549616,85.24173027989822,0.0,2.735368956743003,43.05343511450381,0,0,577,73.0,23.0,1.0,96.0,True,,accessible_official_786,named_subarea_candidate,14532293944.0,True,1107174624.0,291235789.0,326118197.0,0.1265164644714038,0.07618718890950614,0.5575940530226603,97.56533700137553,88.84908910513575,True,124518336.0,20467033.0,23862994.0,0.03986135181975736,0.008568388203529996,0.3560120414715468,97.78917910447763,76.57742537313433,85.16758998553532,97.63248963230615,complete,both_cafe_industries_sales_observed,9.0,,,incomplete_stay_evidence,43.05343511450381,2025q4_official_stores_sales__2026_09_poi_diagnostic_only
3111015,석촌역 3번,골목상권,0.2934131736526946,0.2264086744851089,0.0,2.0,37.02290076335878,64.24936386768448,72.39185750636132,40.90330788804072,0.8745247148288974,2.735368956743003,36.14182606255866,0,1,418,31.0,10.0,2.0,41.0,True,,accessible_official_786,named_subarea_candidate,5674868983.0,True,254280328.0,99688452.0,84882182.0,0.07416267942583732,0.044808140727431486,0.7258549469859108,77.53094910591471,74.81918051919743,False,,,,0.023923444976076555,,,73.07835820895522,,,76.19517183682686,insufficient,partial_or_unusable_sales,,,,incomplete_stay_evidence,36.14182606255866,2025q4_official_stores_sales__2026_09_poi_diagnostic_only
3111012,석촌역 6번,골목상권,0.2934131736526946,0.1206611099897302,0.0,1.0,37.02290076335878,63.74045801526718,62.21374045801527,40.90330788804072,41.08108108108108,2.735368956743003,42.58008390069459,1,0,262,13.0,6.0,1.0,19.0,True,,accessible_official_786,named_subarea_candidate,3883029030.0,True,103614955.0,14228717.0,17786999.0,0.04961832061068702,0.026684053660036632,0.3089874043761347,63.90646492434663,55.08472415543807,True,2457934.0,232368.0,562846.0,0.022900763358778626,0.0006329939799600211,0.3235294356968088,76.05410447761193,54.027346818538874,54.767510954368305,67.55075679032622,complete,both_cafe_industries_sales_observed,123.0,,,incomplete_stay_evidence,42.58008390069459,2025q4_official_stores_sales__2026_09_poi_diagnostic_only
3130138,수유프라자,전통시장,0.2874251497005988,0.0020636943758129,0.0,0.0,37.02290076335878,27.417302798982192,98.6005089058524,40.90330788804072,0.0,2.417302798982188,34.341603053435115,0,0,33,1.0,0.0,0.0,1.0,True,,accessible_official_786,named_subarea_candidate,138924525.0,False,,,,0.030303030303030304,,,27.79573590096286,,False,,,,0.0,,,0.0,,,19.457015130674,supply_only,no_cafe_sales_rows,,118.0,,incomplete_stay_evidence,34.341603053435115,2025q4_official_stores_sales__2026_09_poi_diagnostic_only
3130321,장신구 특화거리 상점가,전통시장,0.2844311377245509,0.0384575342871928,0.0,0.0,37.02290076335878,27.417302798982192,69.46564885496184,40.90330788804072,0.0,2.2900763358778624,29.958651399491096,0,0,89,5.0,4.0,0.0,9.0,True,,accessible_official_786,named_subarea_candidate,232546830.0,False,,,,0.056179775280898875,,,70.92847317744155,,False,,,,0.0449438202247191,,,97.40671641791045,,,78.87194614958221,supply_only,no_cafe_sales_rows,,3.0,,incomplete_stay_evidence,29.958651399491096,2025q4_official_stores_sales__2026_09_poi_diagnostic_only
3110398,쌍문2동우체국,골목상권,0.281437125748503,0.1022404117320179,0.0,3.0,37.02290076335878,86.25954198473282,33.20610687022901,40.90330788804072,11.254752851711029,2.035623409669211,35.571561257365104,0,3,228,6.0,0.0,3.0,6.0,True,,accessible_official_786,named_subarea_candidate,9518540481.0,True,186905505.0,75806437.0,47806379.0,0.02631578947368421,0.019635941599773925,0.6613653032852083,30.416093535075653,37.5408680577621,False,,,,0.0,,,0.0,,,21.291265474552954,insufficient,partial_or_unusable_sales,,,,incomplete_stay_evidence,35.571561257365104,2025q4_official_stores_sales__2026_09_poi_diagnostic_only
3110408,가인초등학교,골목상권,0.281437125748503,0.0531568296463927,2.0,0.0,96.18320610687024,27.417302798982192,64.24936386768448,40.90330788804072,15.969581749049432,2.035623409669211,50.09277131164195,0,3,97,6.0,0.0,0.0,6.0,True,,accessible_official_786,named_subarea_candidate,5059570122.0,True,88302349.0,28142140.0,21166753.0,0.061855670103092786,0.01745253981480445,0.5584097541957802,69.42572214580468,59.01959020151682,False,,,,0.0,,,0.0,,,48.59800550206327,insufficient,partial_or_unusable_sales,,,,incomplete_stay_evidence,50.09277131164195,2025q4_official_stores_sales__2026_09_poi_diagnostic_only
3110400,도봉구보건소,골목상권,0.281437125748503,0.1232053255883899,2.0,1.0,88.29516539440203,63.358778625954194,38.16793893129771,40.90330788804072,50.32233754667215,2.035623409669211,56.075917891013816,1,3,232,8.0,4.0,1.0,12.0,True,,accessible_official_786,named_subarea_candidate,4699756983.0,False,,,,0.034482758620689655,,,39.00275103163686,,False,,,,0.017241379310344827,,,56.865671641791046,,,44.36162721468312,supply_only,no_cafe_sales_rows,,43.0,,incomplete_stay_evidence,56.075917891013816,2025q4_official_stores_sales__2026_09_poi_diagnostic_only
3111018,풍납초등학교(풍납백제문화공원),골목상권,0.278443113772455,0.0270801370482058,0.0,0.0,37.02290076335878,27.417302798982192,44.02035623409669,40.90330788804072,0.0,1.7811704834605595,26.09096692111959,0,0,45,2.0,1.0,0.0,3.0,True,,accessible_official_786,named_subarea_candidate,,False,,,,0.044444444444444446,,,47.87138927097662,,False,,,,0.022222222222222223,,,66.06343283582089,,,53.329002340429895,supply_only,no_cafe_sales_rows,,20.0,,incomplete_stay_evidence,26.09096692111959,2025q4_official_stores_sales__2026_09_poi_diagnostic_only
3110514,서대문우체국,골목상권,0.2694610778443114,0.0918671971736116,0.0,0.0,37.02290076335878,27.417302798982192,11.323155216284988,40.90330788804072,14.296577946768062,1.653944020356234,24.032979711491016,0,4,55,2.0,2.0,0.0,4.0,True,,accessible_official_786,named_subarea_candidate,283777094.0,False,,,,0.03636363636363636,,,18.93053645116919,,False,,,,0.03636363636363636,,,54.95335820895522,,,29.737382978504996,supply_only,no_cafe_sales_rows,,86.0,,incomplete_stay_evidence,24.032979711491016,2025q4_official_stores_sales__2026_09_poi_diagnostic_only
3120232,송파나루역,발달상권,0.2664670658682634,0.0608645685379562,0.0,0.0,37.02290076335878,27.417302798982192,92.1119592875318,40.90330788804072,0.0,1.4631043256997456,33.27290076335878,0,0,225,16.0,2.0,0.0,18.0,True,,accessible_official_786,named_subarea_candidate,13287413636.0,True,278855970.0,83698567.0,75508478.0,0.07111111111111111,0.020986474692447816,0.5709293044721259,89.8968363136176,78.0136771234568,True,13495530.0,6583124.0,2821273.0,0.008888888888888889,0.0010156626691771033,0.696852735683593,44.160447761194035,39.36626080125687,66.41945222679682,76.17591974789052,complete,both_cafe_industries_sales_observed,71.0,,,incomplete_stay_evidence,33.27290076335878,2025q4_official_stores_sales__2026_09_poi_diagnostic_only
3110971,선정릉역 4번,골목상권,0.2664670658682634,0.1331207011191988,0.0,1.0,37.02290076335878,61.959287531806616,48.854961832061065,40.90330788804072,2.6235741444866925,1.4631043256997456,32.49036368385917,0,1,172,11.0,1.0,1.0,12.0,True,,accessible_official_786,named_subarea_candidate,3064765492.0,True,189344961.0,82689406.0,43879079.0,0.06395348837209303,0.06178122322711143,0.6684544670824379,58.56258596973865,60.25757073520056,False,,,,0.005813953488372093,,,8.208955223880597,,,43.45649674598123,insufficient,partial_or_unusable_sales,,,,incomplete_stay_evidence,32.49036368385917,2025q4_official_stores_sales__2026_09_poi_diagnostic_only
3120103,홍대입구역(홍대),발달상권,0.2604790419161676,0.4615829428010732,1.0,15.0,74.17302798982189,87.40458015267176,98.85496183206108,86.51399491094148,3.034974137635735,0.9541984732824428,59.544653860606026,1,1,2981,224.0,30.0,15.0,254.0,True,,accessible_official_786,named_subarea_candidate,159600840855.0,True,10784288686.0,2615318447.0,3224996956.0,0.07514256960751425,0.06757037511975081,0.54155777659975,94.88308115543327,88.64798790666717,True,1462909645.0,369809991.0,484364712.0,0.010063737001006373,0.009166052241097386,0.5838875325755337,68.75932835820896,70.73021406127258,83.27265575304878,87.04595531626597,complete,both_cafe_industries_sales_observed,13.0,,,incomplete_stay_evidence,59.544653860606026,2025q4_official_stores_sales__2026_09_poi_diagnostic_only
3120230,송파사거리(송파역),발달상권,0.2604790419161676,0.1022620742735971,4.0,1.0,96.31043256997457,66.03053435114504,56.87022900763359,90.71246819338424,8.17490494296578,0.9541984732824428,58.12989193006898,0,2,441,10.0,6.0,1.0,16.0,True,,accessible_official_786,named_subarea_candidate,21214231894.0,True,226262943.0,66861757.0,56764540.0,0.022675736961451247,0.010665620331226497,0.5463833156276059,43.7757909215956,43.04136462375577,True,120412396.0,22895861.0,31682115.0,0.013605442176870748,0.005676019598619364,0.4532587824263542,72.86847014925374,60.38292910447761,48.24383396797232,52.503594689893035,complete,both_cafe_industries_sales_observed,149.0,,,incomplete_stay_evidence,58.12989193006898,2025q4_official_stores_sales__2026_09_poi_diagnostic_only
3120239,오금역,발달상권,0.2604790419161676,0.1515323325741472,2.0,2.0,85.36895674300254,71.7557251908397,74.55470737913485,40.90330788804072,0.0,0.9541984732824428,51.74300254452927,0,0,519,22.0,3.0,2.0,25.0,True,,accessible_official_786,named_subarea_candidate,17765939030.0,True,556114281.0,228000006.0,125555562.0,0.04238921001926782,0.031302273415490835,0.6357606342427304,68.08115543328749,67.58713667215369,False,,,,0.005780346820809248,,,23.964552238805968,,,54.84617447494303,insufficient,partial_or_unusable_sales,,,,incomplete_stay_evidence,51.74300254452927,2025q4_official_stores_sales__2026_09_poi_diagnostic_only
3111029,오금역 4번,골목상권,0.2604790419161676,0.043055293256851,0.0,0.0,37.02290076335878,27.417302798982192,42.11195928753181,40.90330788804072,0.0,0.9541984732824428,25.72201017811705,0,0,88,3.0,2.0,0.0,5.0,True,,accessible_official_786,named_subarea_candidate,2876135647.0,True,10882936.0,4229905.0,4197325.0,0.03409090909090909,0.00378387438414166,0.7743526195504595,41.42022008253095,37.36544069463207,False,,,,0.022727272727272728,,,73.78731343283582,,,51.13034808762241,insufficient,partial_or_unusable_sales,,,,incomplete_stay_evidence,25.72201017811705,2025q4_official_stores_sales__2026_09_poi_diagnostic_only
3111035,오금공원(오주중학교),골목상권,0.2604790419161676,0.0949674752537834,0.0,1.0,37.02290076335878,67.68447837150127,49.87277353689568,40.90330788804072,4.486692015209125,0.9541984732824428,33.82354705444131,0,1,142,8.0,0.0,1.0,8.0,True,,accessible_official_786,named_subarea_candidate,1432355324.0,True,43892302.0,16223607.0,16661779.0,0.056338028169014086,0.030643445285228683,0.7492290105905132,57.20770288858321,54.41628124207779,False,,,,0.0,,,0.0,,,40.045392022008244,insufficient,partial_or_unusable_sales,,,,incomplete_stay_evidence,33.82354705444131,2025q4_official_stores_sales__2026_09_poi_diagnostic_only
3111022,석촌중학교(방이육교),골목상권,0.2604790419161676,0.0804726189266222,0.0,0.0,37.02290076335878,27.417302798982192,12.46819338422392,40.90330788804072,0.0,0.9541984732824428,21.275445292620866,0,0,80,2.0,0.0,0.0,2.0,True,,accessible_official_786,named_subarea_candidate,1059329592.0,False,,,,0.025,,,12.561898211829437,,False,,,,0.0,,,0.0,,,8.793328748280604,supply_only,no_cafe_sales_rows,,164.0,,incomplete_stay_evidence,21.275445292620866,2025q4_official_stores_sales__2026_09_poi_diagnostic_only
3120153,노량진역(노량진),발달상권,0.2544910179640718,0.4434975212713991,13.0,44.0,94.14758269720102,98.09160305343512,56.48854961832062,84.60559796437659,12.442366320693315,0.5089058524173028,62.43122135574172,2,1,1625,43.0,6.0,44.0,49.0,True,,accessible_official_786,named_subarea_candidate,1261630232011.0,True,1807049490.0,472858885.0,434527983.0,0.02646153846153846,0.0014323130852053367,0.5021372535845712,45.96286107290234,46.766352477807594,True,742984115.0,125493888.0,133781287.0,0.0036923076923076922,0.0005889079828213263,0.3489646275950328,10.447761194029852,19.97790652003142,38.72981869047474,35.30833110924059,complete,both_cafe_industries_sales_observed,190.0,,,incomplete_stay_evidence,62.43122135574172,2025q4_official_stores_sales__2026_09_poi_diagnostic_only
3120102,서교동(홍대),발달상권,0.2514970059880239,0.2462473499719262,0.0,5.0,37.02290076335878,80.53435114503816,94.0203562340967,89.18575063613231,3.231939163498099,0.2544529262086514,46.88048452481157,0,2,895,75.0,7.0,5.0,82.0,True,,accessible_official_786,named_subarea_candidate,33897449663.0,True,2653226721.0,981742029.0,764445203.0,0.08379888268156424,0.07827216346296606,0.6581372101295071,93.24277854195324,90.08301005636676,False,,,,0.00782122905027933,,,38.72201492537314,,,76.88654945697921,insufficient,partial_or_unusable_sales,,,,incomplete_stay_evidence,46.88048452481157,2025q4_official_stores_sales__2026_09_poi_diagnostic_only
3110566,경의선책거리,골목상권,0.2514970059880239,0.1566273143077063,1.0,5.0,77.98982188295165,86.89567430025446,98.72773536895674,86.38676844783714,8.136882129277566,0.2544529262086514,61.531956578527264,0,3,664,76.0,13.0,5.0,89.0,True,,accessible_official_786,named_subarea_candidate,15508234313.0,True,1835521525.0,471671873.0,536765321.0,0.1144578313253012,0.11835786640529075,0.5494009088234473,97.97111416781294,90.41460356376811,True,25578726.0,15673525.0,4952601.0,0.01957831325301205,0.0016493641689794606,0.8063781597253905,85.61567164179104,69.89807541241161,84.25964511836116,94.26448141000637,complete,both_cafe_industries_sales_observed,11.0,,,incomplete_stay_evidence,61.531956578527264,2025q4_official_stores_sales__2026_09_poi_diagnostic_only
3110832,노량진초등학교,골목상권,0.2514970059880239,0.1007824295469508,1.0,4.0,82.1882951653944,89.31297709923665,19.720101781170484,40.90330788804072,13.802281368821292,0.2544529262086514,47.88768273686858,0,4,116,4.0,1.0,4.0,5.0,True,,accessible_official_786,named_subarea_candidate,1247484148.0,True,91826619.0,34855098.0,44131620.0,0.034482758620689655,0.0736094475807319,0.860172342836667,23.892709766162305,35.84255704495743,False,,,,0.008620689655172414,,,15.237873134328357,,,21.29625877661212,insufficient,partial_or_unusable_sales,,,,incomplete_stay_evidence,47.88768273686858,2025q4_official_stores_sales__2026_09_poi_diagnostic_only
